<?xml version="1.0" encoding="UTF-8"?>
<gpx xmlns:xsi="http://www.w3.org/2001/XMLSchema-instance"
     xsi:schemaLocation="http://www.topografix.com/GPX/1/1 http://www.topografix.com/GPX/1/1/gpx.xsd"
     version="1.1" creator="json3d_batch_to_gpx"
     xmlns="http://www.topografix.com/GPX/1/1">
  <metadata>
    <name>PloverCoveReservoirCountryTrail</name>
  </metadata>
  <trk>
    <name>PloverCoveReservoirCountryTrail</name>
    <type>hike</type>
    <trkseg>
      <trkpt lat="22.5051851441" lon="114.2419408533"><ele>94.000</ele></trkpt>
      <trkpt lat="22.5051749263" lon="114.2420121209"><ele>96.000</ele></trkpt>
      <trkpt lat="22.5051677786" lon="114.2420526880"><ele>99.000</ele></trkpt>
      <trkpt lat="22.5051626717" lon="114.2420844839"><ele>101.000</ele></trkpt>
      <trkpt lat="22.5051565426" lon="114.2421228589"><ele>101.000</ele></trkpt>
      <trkpt lat="22.5051493979" lon="114.2421557510"><ele>104.000</ele></trkpt>
      <trkpt lat="22.5051402147" lon="114.2421897375"><ele>105.000</ele></trkpt>
      <trkpt lat="22.5051269560" lon="114.2422237230"><ele>108.000</ele></trkpt>
      <trkpt lat="22.5051097470" lon="114.2422411973"><ele>109.000</ele></trkpt>
      <trkpt lat="22.5050903992" lon="114.2422526467"><ele>109.000</ele></trkpt>
      <trkpt lat="22.5050798136" lon="114.2422577539"><ele>111.000</ele></trkpt>
      <trkpt lat="22.5050731484" lon="114.2422596751"><ele>111.000</ele></trkpt>
      <trkpt lat="22.5050515644" lon="114.2422629790"><ele>111.000</ele></trkpt>
      <trkpt lat="22.5050446739" lon="114.2422636658"><ele>111.000</ele></trkpt>
      <trkpt lat="22.5049792931" lon="114.2422656663"><ele>112.000</ele></trkpt>
      <trkpt lat="22.5049572583" lon="114.2422674831"><ele>112.000</ele></trkpt>
      <trkpt lat="22.5049350070" lon="114.2422685612"><ele>113.000</ele></trkpt>
      <trkpt lat="22.5049116093" lon="114.2422683947"><ele>113.000</ele></trkpt>
      <trkpt lat="22.5048875349" lon="114.2422669935"><ele>114.000</ele></trkpt>
      <trkpt lat="22.5048730862" lon="114.2422671325"><ele>114.000</ele></trkpt>
      <trkpt lat="22.5048584124" lon="114.2422658038"><ele>116.000</ele></trkpt>
      <trkpt lat="22.5048508547" lon="114.2422640217"><ele>116.000</ele></trkpt>
      <trkpt lat="22.5048056857" lon="114.2422614833"><ele>116.000</ele></trkpt>
      <trkpt lat="22.5047910212" lon="114.2422594063"><ele>116.000</ele></trkpt>
      <trkpt lat="22.5047770336" lon="114.2422583209"><ele>116.000</ele></trkpt>
      <trkpt lat="22.5047575750" lon="114.2422537439"><ele>116.000</ele></trkpt>
      <trkpt lat="22.5047282657" lon="114.2422454108"><ele>116.000</ele></trkpt>
      <trkpt lat="22.5047079051" lon="114.2422383648"><ele>116.000</ele></trkpt>
      <trkpt lat="22.5046877705" lon="114.2422305802"><ele>116.000</ele></trkpt>
      <trkpt lat="22.5046728901" lon="114.2422262775"><ele>116.000</ele></trkpt>
      <trkpt lat="22.5046454133" lon="114.2422199279"><ele>116.000</ele></trkpt>
      <trkpt lat="22.5046222697" lon="114.2422165543"><ele>116.000</ele></trkpt>
      <trkpt lat="22.5045851577" lon="114.2422096365"><ele>116.000</ele></trkpt>
      <trkpt lat="22.5045714240" lon="114.2422058397"><ele>116.000</ele></trkpt>
      <trkpt lat="22.5045645432" lon="114.2422050492"><ele>116.000</ele></trkpt>
      <trkpt lat="22.5045432514" lon="114.2422004617"><ele>116.000</ele></trkpt>
      <trkpt lat="22.5045302045" lon="114.2421954406"><ele>116.000</ele></trkpt>
      <trkpt lat="22.5045164899" lon="114.2421891850"><ele>116.000</ele></trkpt>
      <trkpt lat="22.5045023247" lon="114.2421807035"><ele>116.000</ele></trkpt>
      <trkpt lat="22.5044961680" lon="114.2421757245"><ele>116.000</ele></trkpt>
      <trkpt lat="22.5044909326" lon="114.2421702698"><ele>116.000</ele></trkpt>
      <trkpt lat="22.5044829910" lon="114.2421573984"><ele>116.000</ele></trkpt>
      <trkpt lat="22.5044786769" lon="114.2421514484"><ele>116.000</ele></trkpt>
      <trkpt lat="22.5044738929" lon="114.2421462369"><ele>116.000</ele></trkpt>
      <trkpt lat="22.5044681874" lon="114.2421420065"><ele>116.000</ele></trkpt>
      <trkpt lat="22.5044617954" lon="114.2421382617"><ele>116.000</ele></trkpt>
      <trkpt lat="22.5044546985" lon="114.2421359939"><ele>116.000</ele></trkpt>
      <trkpt lat="22.5044409270" lon="114.2421363859"><ele>116.000</ele></trkpt>
      <trkpt lat="22.5044269291" lon="114.2421382648"><ele>116.000</ele></trkpt>
      <trkpt lat="22.5044200384" lon="114.2421396902"><ele>116.000</ele></trkpt>
      <trkpt lat="22.5043988867" lon="114.2421459490"><ele>116.000</ele></trkpt>
      <trkpt lat="22.5043915353" lon="114.2421476269"><ele>116.000</ele></trkpt>
      <trkpt lat="22.5043800378" lon="114.2421519852"><ele>116.000</ele></trkpt>
      <trkpt lat="22.5043738235" lon="114.2421553936"><ele>116.000</ele></trkpt>
      <trkpt lat="22.5043680605" lon="114.2421595408"><ele>116.000</ele></trkpt>
      <trkpt lat="22.5043613856" lon="114.2421629393"><ele>116.000</ele></trkpt>
      <trkpt lat="22.5043377048" lon="114.2421706643"><ele>116.000</ele></trkpt>
      <trkpt lat="22.5043308235" lon="114.2421711082"><ele>116.000</ele></trkpt>
      <trkpt lat="22.5043239518" lon="114.2421700748"><ele>116.000</ele></trkpt>
      <trkpt lat="22.5043040430" lon="114.2421620474"><ele>114.000</ele></trkpt>
      <trkpt lat="22.5042971809" lon="114.2421597797"><ele>114.000</ele></trkpt>
      <trkpt lat="22.5042832122" lon="114.2421564784"><ele>114.000</ele></trkpt>
      <trkpt lat="22.5042763404" lon="114.2421556880"><ele>114.000</ele></trkpt>
      <trkpt lat="22.5042329758" lon="114.2421573490"><ele>114.000</ele></trkpt>
      <trkpt lat="22.5042185177" lon="114.2421584793"><ele>112.000</ele></trkpt>
      <trkpt lat="22.5042033829" lon="114.2421581320"><ele>112.000</ele></trkpt>
      <trkpt lat="22.5041886901" lon="114.2421590095"><ele>112.000</ele></trkpt>
      <trkpt lat="22.5041446197" lon="114.2421643731"><ele>112.000</ele></trkpt>
      <trkpt lat="22.5041299268" lon="114.2421655033"><ele>112.000</ele></trkpt>
      <trkpt lat="22.5041145930" lon="114.2421660656"><ele>112.000</ele></trkpt>
      <trkpt lat="22.5041019412" lon="114.2421665300"><ele>112.000</ele></trkpt>
      <trkpt lat="22.5040879345" lon="114.2421679132"><ele>112.000</ele></trkpt>
      <trkpt lat="22.5040665858" lon="114.2421702260"><ele>112.000</ele></trkpt>
      <trkpt lat="22.5040594691" lon="114.2421719040"><ele>112.000</ele></trkpt>
      <trkpt lat="22.5040238231" lon="114.2421794679"><ele>112.000</ele></trkpt>
      <trkpt lat="22.5040008849" lon="114.2421820132"><ele>113.000</ele></trkpt>
      <trkpt lat="22.5039800142" lon="114.2421857840"><ele>113.000</ele></trkpt>
      <trkpt lat="22.5039651045" lon="114.2421870696"><ele>113.000</ele></trkpt>
      <trkpt lat="22.5039426104" lon="114.2421856692"><ele>114.000</ele></trkpt>
      <trkpt lat="22.5039281615" lon="114.2421862164"><ele>114.000</ele></trkpt>
      <trkpt lat="22.5038990206" lon="114.2421858237"><ele>116.000</ele></trkpt>
      <trkpt lat="22.5038921399" lon="114.2421848680"><ele>116.000</ele></trkpt>
      <trkpt lat="22.5038708014" lon="114.2421839542"><ele>116.000</ele></trkpt>
      <trkpt lat="22.5038425737" lon="114.2421808503"><ele>116.000</ele></trkpt>
      <trkpt lat="22.5038271950" lon="114.2421809014"><ele>116.000</ele></trkpt>
      <trkpt lat="22.5037663941" lon="114.2421791526"><ele>116.000</ele></trkpt>
      <trkpt lat="22.5037145495" lon="114.2421820439"><ele>120.000</ele></trkpt>
      <trkpt lat="22.5037003179" lon="114.2421813569"><ele>120.000</ele></trkpt>
      <trkpt lat="22.5036776065" lon="114.2421811907"><ele>122.000</ele></trkpt>
      <trkpt lat="22.5036558079" lon="114.2421792951"><ele>119.000</ele></trkpt>
      <trkpt lat="22.5036486918" lon="114.2421798165"><ele>122.000</ele></trkpt>
      <trkpt lat="22.5036415849" lon="114.2421795897"><ele>119.000</ele></trkpt>
      <trkpt lat="22.5036112976" lon="114.2421782245"><ele>121.000</ele></trkpt>
      <trkpt lat="22.5036039472" lon="114.2421772589"><ele>121.000</ele></trkpt>
      <trkpt lat="22.5035885779" lon="114.2421763284"><ele>123.000</ele></trkpt>
      <trkpt lat="22.5035585160" lon="114.2421757020"><ele>123.000</ele></trkpt>
      <trkpt lat="22.5035447452" lon="114.2421742669"><ele>125.000</ele></trkpt>
      <trkpt lat="22.5035309748" lon="114.2421720931"><ele>125.000</ele></trkpt>
      <trkpt lat="22.5035087156" lon="114.2421704499"><ele>125.000</ele></trkpt>
      <trkpt lat="22.5035011396" lon="114.2421692412"><ele>127.000</ele></trkpt>
      <trkpt lat="22.5034573238" lon="114.2421701439"><ele>129.000</ele></trkpt>
      <trkpt lat="22.5034144122" lon="114.2421680731"><ele>131.000</ele></trkpt>
      <trkpt lat="22.5033917004" lon="114.2421691412"><ele>131.000</ele></trkpt>
      <trkpt lat="22.5033694495" lon="114.2421692183"><ele>134.000</ele></trkpt>
      <trkpt lat="22.5033547656" lon="114.2421702610"><ele>134.000</ele></trkpt>
      <trkpt lat="22.5033086479" lon="114.2421691897"><ele>139.000</ele></trkpt>
      <trkpt lat="22.5033013060" lon="114.2421697111"><ele>139.000</ele></trkpt>
      <trkpt lat="22.5032797418" lon="114.2421687971"><ele>139.000</ele></trkpt>
      <trkpt lat="22.5032657444" lon="114.2421693445"><ele>144.000</ele></trkpt>
      <trkpt lat="22.5032214518" lon="114.2421658055"><ele>148.000</ele></trkpt>
      <trkpt lat="22.5031994191" lon="114.2421624325"><ele>148.000</ele></trkpt>
      <trkpt lat="22.5031842674" lon="114.2421592765"><ele>152.000</ele></trkpt>
      <trkpt lat="22.5031624690" lon="114.2421568949"><ele>152.000</ele></trkpt>
      <trkpt lat="22.5031484638" lon="114.2421544780"><ele>152.000</ele></trkpt>
      <trkpt lat="22.5031340077" lon="114.2421508267"><ele>154.000</ele></trkpt>
      <trkpt lat="22.5031268923" lon="114.2421493753"><ele>154.000</ele></trkpt>
      <trkpt lat="22.5031195419" lon="114.2421486624"><ele>154.000</ele></trkpt>
      <trkpt lat="22.5031046251" lon="114.2421450206"><ele>154.000</ele></trkpt>
      <trkpt lat="22.5030970491" lon="114.2421438119"><ele>157.000</ele></trkpt>
      <trkpt lat="22.5030690397" lon="114.2421367624"><ele>157.000</ele></trkpt>
      <trkpt lat="22.5030623855" lon="114.2421338242"><ele>157.000</ele></trkpt>
      <trkpt lat="22.5030474604" lon="114.2421287051"><ele>158.000</ele></trkpt>
      <trkpt lat="22.5030194423" lon="114.2421206643"><ele>158.000</ele></trkpt>
      <trkpt lat="22.5030121018" lon="114.2421177355"><ele>158.000</ele></trkpt>
      <trkpt lat="22.5029962553" lon="114.2421133547"><ele>161.000</ele></trkpt>
      <trkpt lat="22.5029820165" lon="114.2421079833"><ele>161.000</ele></trkpt>
      <trkpt lat="22.5029751276" lon="114.2421048020"><ele>161.000</ele></trkpt>
      <trkpt lat="22.5029682383" lon="114.2421026023"><ele>161.000</ele></trkpt>
      <trkpt lat="22.5029624966" lon="114.2420986830"><ele>164.000</ele></trkpt>
      <trkpt lat="22.5029307895" lon="114.2420798138"><ele>161.000</ele></trkpt>
      <trkpt lat="22.5029064322" lon="114.2420633777"><ele>164.000</ele></trkpt>
      <trkpt lat="22.5028942451" lon="114.2420535658"><ele>164.000</ele></trkpt>
      <trkpt lat="22.5028878172" lon="114.2420493935"><ele>164.000</ele></trkpt>
      <trkpt lat="22.5028816147" lon="114.2420459696"><ele>164.000</ele></trkpt>
      <trkpt lat="22.5028623127" lon="114.2420337052"><ele>166.000</ele></trkpt>
      <trkpt lat="22.5028459353" lon="114.2420245425"><ele>164.000</ele></trkpt>
      <trkpt lat="22.5028393179" lon="114.2420197967"><ele>164.000</ele></trkpt>
      <trkpt lat="22.5028205113" lon="114.2420108953"><ele>167.000</ele></trkpt>
      <trkpt lat="22.5028035468" lon="114.2420019850"><ele>167.000</ele></trkpt>
      <trkpt lat="22.5027457426" lon="114.2419811793"><ele>167.000</ele></trkpt>
      <trkpt lat="22.5027292188" lon="114.2419767107"><ele>169.000</ele></trkpt>
      <trkpt lat="22.5027053523" lon="114.2419746974"><ele>169.000</ele></trkpt>
      <trkpt lat="22.5026911309" lon="114.2419711435"><ele>171.000</ele></trkpt>
      <trkpt lat="22.5026827427" lon="114.2419685252"><ele>171.000</ele></trkpt>
      <trkpt lat="22.5026560995" lon="114.2419550620"><ele>171.000</ele></trkpt>
      <trkpt lat="22.5026312817" lon="114.2419383828"><ele>174.000</ele></trkpt>
      <trkpt lat="22.5026257659" lon="114.2419339680"><ele>172.000</ele></trkpt>
      <trkpt lat="22.5026197894" lon="114.2419300388"><ele>172.000</ele></trkpt>
      <trkpt lat="22.5025867010" lon="114.2419104402"><ele>174.000</ele></trkpt>
      <trkpt lat="22.5025738443" lon="114.2419040781"><ele>174.000</ele></trkpt>
      <trkpt lat="22.5025671804" lon="114.2419026172"><ele>174.000</ele></trkpt>
      <trkpt lat="22.5025456164" lon="114.2419012173"><ele>174.000</ele></trkpt>
      <trkpt lat="22.5025380396" lon="114.2419019816"><ele>174.000</ele></trkpt>
      <trkpt lat="22.5025307063" lon="114.2419034845"><ele>174.000</ele></trkpt>
      <trkpt lat="22.5025194705" lon="114.2419084553"><ele>174.000</ele></trkpt>
      <trkpt lat="22.5025130576" lon="114.2419119316"><ele>174.000</ele></trkpt>
      <trkpt lat="22.5025002311" lon="114.2419201087"><ele>174.000</ele></trkpt>
      <trkpt lat="22.5024871704" lon="114.2419270612"><ele>174.000</ele></trkpt>
      <trkpt lat="22.5024800623" lon="114.2419297985"><ele>174.000</ele></trkpt>
      <trkpt lat="22.5024672276" lon="114.2419362554"><ele>174.000</ele></trkpt>
      <trkpt lat="22.5024610401" lon="114.2419402178"><ele>173.000</ele></trkpt>
      <trkpt lat="22.5024553131" lon="114.2419446760"><ele>173.000</ele></trkpt>
      <trkpt lat="22.5024502811" lon="114.2419496301"><ele>173.000</ele></trkpt>
      <trkpt lat="22.5024406682" lon="114.2419610062"><ele>173.000</ele></trkpt>
      <trkpt lat="22.5024310639" lon="114.2419733639"><ele>173.000</ele></trkpt>
      <trkpt lat="22.5024267177" lon="114.2419797859"><ele>173.000</ele></trkpt>
      <trkpt lat="22.5024194064" lon="114.2419938649"><ele>172.000</ele></trkpt>
      <trkpt lat="22.5024152950" lon="114.2420002870"><ele>172.000</ele></trkpt>
      <trkpt lat="22.5024054559" lon="114.2420126543"><ele>172.000</ele></trkpt>
      <trkpt lat="22.5023953917" lon="114.2420235345"><ele>172.000</ele></trkpt>
      <trkpt lat="22.5023708921" lon="114.2420460606"><ele>172.000</ele></trkpt>
      <trkpt lat="22.5023527987" lon="114.2420599304"><ele>172.000</ele></trkpt>
      <trkpt lat="22.5023395113" lon="114.2420688459"><ele>172.000</ele></trkpt>
      <trkpt lat="22.5023259896" lon="114.2420767895"><ele>171.000</ele></trkpt>
      <trkpt lat="22.5023193420" lon="114.2420800130"><ele>171.000</ele></trkpt>
      <trkpt lat="22.5023067415" lon="114.2420877042"><ele>172.000</ele></trkpt>
      <trkpt lat="22.5022959823" lon="114.2420976025"><ele>172.000</ele></trkpt>
      <trkpt lat="22.5022875247" lon="114.2421102037"><ele>172.000</ele></trkpt>
      <trkpt lat="22.5022733398" lon="114.2421280016"><ele>172.000</ele></trkpt>
      <trkpt lat="22.5022646476" lon="114.2421403597"><ele>172.000</ele></trkpt>
      <trkpt lat="22.5022557299" lon="114.2421519791"><ele>172.000</ele></trkpt>
      <trkpt lat="22.5022451964" lon="114.2421618774"><ele>172.000</ele></trkpt>
      <trkpt lat="22.5022403900" lon="114.2421673176"><ele>170.000</ele></trkpt>
      <trkpt lat="22.5022314723" lon="114.2421789370"><ele>170.000</ele></trkpt>
      <trkpt lat="22.5022140965" lon="114.2422046444"><ele>170.000</ele></trkpt>
      <trkpt lat="22.5022017530" lon="114.2422244064"><ele>170.000</ele></trkpt>
      <trkpt lat="22.5021942160" lon="114.2422382423"><ele>170.000</ele></trkpt>
      <trkpt lat="22.5021764022" lon="114.2422750385"><ele>170.000</ele></trkpt>
      <trkpt lat="22.5021718368" lon="114.2422873790"><ele>170.000</ele></trkpt>
      <trkpt lat="22.5021700186" lon="114.2422950268"><ele>170.000</ele></trkpt>
      <trkpt lat="22.5021609127" lon="114.2423253836"><ele>170.000</ele></trkpt>
      <trkpt lat="22.5021536252" lon="114.2423473444"><ele>170.000</ele></trkpt>
      <trkpt lat="22.5021506605" lon="114.2423542627"><ele>170.000</ele></trkpt>
      <trkpt lat="22.5021481558" lon="114.2423621628"><ele>170.000</ele></trkpt>
      <trkpt lat="22.5021395166" lon="114.2423994201"><ele>170.000</ele></trkpt>
      <trkpt lat="22.5021361149" lon="114.2424149586"><ele>170.000</ele></trkpt>
      <trkpt lat="22.5021252440" lon="114.2424773668"><ele>172.000</ele></trkpt>
      <trkpt lat="22.5021241211" lon="114.2424850148"><ele>172.000</ele></trkpt>
      <trkpt lat="22.5021240003" lon="114.2424932659"><ele>172.000</ele></trkpt>
      <trkpt lat="22.5021235203" lon="114.2424967158"><ele>172.000</ele></trkpt>
      <trkpt lat="22.5021125580" lon="114.2425617285"><ele>172.000</ele></trkpt>
      <trkpt lat="22.5021078546" lon="114.2425804347"><ele>174.000</ele></trkpt>
      <trkpt lat="22.5020975656" lon="114.2426109367"><ele>174.000</ele></trkpt>
      <trkpt lat="22.5020945921" lon="114.2426170095"><ele>176.000</ele></trkpt>
      <trkpt lat="22.5020868252" lon="114.2426409429"><ele>176.000</ele></trkpt>
      <trkpt lat="22.5020854046" lon="114.2426478327"><ele>176.000</ele></trkpt>
      <trkpt lat="22.5020835331" lon="114.2426532451"><ele>176.000</ele></trkpt>
      <trkpt lat="22.5020755474" lon="114.2426822807"><ele>176.000</ele></trkpt>
      <trkpt lat="22.5020685402" lon="114.2427034349"><ele>176.000</ele></trkpt>
      <trkpt lat="22.5020554138" lon="114.2427384451"><ele>178.000</ele></trkpt>
      <trkpt lat="22.5020504047" lon="114.2427537496"><ele>178.000</ele></trkpt>
      <trkpt lat="22.5020417355" lon="114.2427759623"><ele>178.000</ele></trkpt>
      <trkpt lat="22.5020367264" lon="114.2427912668"><ele>178.000</ele></trkpt>
      <trkpt lat="22.5020248662" lon="114.2428213891"><ele>180.000</ele></trkpt>
      <trkpt lat="22.5020212058" lon="114.2428287929"><ele>180.000</ele></trkpt>
      <trkpt lat="22.5020150500" lon="114.2428438539"><ele>180.000</ele></trkpt>
      <trkpt lat="22.5020084251" lon="114.2428574375"><ele>180.000</ele></trkpt>
      <trkpt lat="22.5020056861" lon="114.2428643559"><ele>182.000</ele></trkpt>
      <trkpt lat="22.5019976882" lon="114.2428789203"><ele>182.000</ele></trkpt>
      <trkpt lat="22.5019944977" lon="114.2428858385"><ele>182.000</ele></trkpt>
      <trkpt lat="22.5019732356" lon="114.2429189496"><ele>182.000</ele></trkpt>
      <trkpt lat="22.5019615862" lon="114.2429414233"><ele>182.000</ele></trkpt>
      <trkpt lat="22.5019547353" lon="114.2429557453"><ele>182.000</ele></trkpt>
      <trkpt lat="22.5019469723" lon="114.2429700767"><ele>182.000</ele></trkpt>
      <trkpt lat="22.5019403469" lon="114.2429851374"><ele>182.000</ele></trkpt>
      <trkpt lat="22.5019286981" lon="114.2430061339"><ele>182.000</ele></trkpt>
      <trkpt lat="22.5019104011" lon="114.2430315881"><ele>184.000</ele></trkpt>
      <trkpt lat="22.5019007880" lon="114.2430432070"><ele>184.000</ele></trkpt>
      <trkpt lat="22.5018948435" lon="114.2430491520"><ele>184.000</ele></trkpt>
      <trkpt lat="22.5018859094" lon="114.2430565728"><ele>183.000</ele></trkpt>
      <trkpt lat="22.5018797218" lon="114.2430610307"><ele>183.000</ele></trkpt>
      <trkpt lat="22.5018735427" lon="114.2430667229"><ele>184.000</ele></trkpt>
      <trkpt lat="22.5018579764" lon="114.2430835481"><ele>184.000</ele></trkpt>
      <trkpt lat="22.5018499795" lon="114.2430956538"><ele>184.000</ele></trkpt>
      <trkpt lat="22.5018385567" lon="114.2431161547"><ele>184.000</ele></trkpt>
      <trkpt lat="22.5018289669" lon="114.2431368994"><ele>184.000</ele></trkpt>
      <trkpt lat="22.5018148044" lon="114.2431657959"><ele>184.000</ele></trkpt>
      <trkpt lat="22.5018072676" lon="114.2431788833"><ele>184.000</ele></trkpt>
      <trkpt lat="22.5017937688" lon="114.2431969341"><ele>184.000</ele></trkpt>
      <trkpt lat="22.5017889625" lon="114.2432021216"><ele>184.000</ele></trkpt>
      <trkpt lat="22.5017782117" lon="114.2432135067"><ele>184.000</ele></trkpt>
      <trkpt lat="22.5017711114" lon="114.2432191984"><ele>184.000</ele></trkpt>
      <trkpt lat="22.5017459097" lon="114.2432360483"><ele>184.000</ele></trkpt>
      <trkpt lat="22.5017191016" lon="114.2432504482"><ele>184.000</ele></trkpt>
      <trkpt lat="22.5017067270" lon="114.2432576438"><ele>184.000</ele></trkpt>
      <trkpt lat="22.5016948127" lon="114.2432653256"><ele>184.000</ele></trkpt>
      <trkpt lat="22.5016817521" lon="114.2432717822"><ele>184.000</ele></trkpt>
      <trkpt lat="22.5016751039" lon="114.2432762399"><ele>184.000</ele></trkpt>
      <trkpt lat="22.5016696116" lon="114.2432806981"><ele>184.000</ele></trkpt>
      <trkpt lat="22.5016590777" lon="114.2432915780"><ele>184.000</ele></trkpt>
      <trkpt lat="22.5016535852" lon="114.2432965318"><ele>184.000</ele></trkpt>
      <trkpt lat="22.5016412189" lon="114.2433054476"><ele>184.000</ele></trkpt>
      <trkpt lat="22.5016235859" lon="114.2433193174"><ele>184.000</ele></trkpt>
      <trkpt lat="22.5016107504" lon="114.2433272514"><ele>184.000</ele></trkpt>
      <trkpt lat="22.5015981579" lon="114.2433374111"><ele>186.000</ele></trkpt>
      <trkpt lat="22.5015873983" lon="114.2433480478"><ele>184.000</ele></trkpt>
      <trkpt lat="22.5015821401" lon="114.2433539834"><ele>184.000</ele></trkpt>
      <trkpt lat="22.5015352385" lon="114.2434143039"><ele>185.000</ele></trkpt>
      <trkpt lat="22.5015224351" lon="114.2434320926"><ele>185.000</ele></trkpt>
      <trkpt lat="22.5015174028" lon="114.2434377853"><ele>186.000</ele></trkpt>
      <trkpt lat="22.5015061895" lon="114.2434536018"><ele>186.000</ele></trkpt>
      <trkpt lat="22.5015020779" lon="114.2434605195"><ele>186.000</ele></trkpt>
      <trkpt lat="22.5014785608" lon="114.2435089167"><ele>184.000</ele></trkpt>
      <trkpt lat="22.5014694309" lon="114.2435311388"><ele>187.000</ele></trkpt>
      <trkpt lat="22.5014612306" lon="114.2435545859"><ele>185.000</ele></trkpt>
      <trkpt lat="22.5014516403" lon="114.2435765648"><ele>185.000</ele></trkpt>
      <trkpt lat="22.5014409122" lon="114.2435983002"><ele>184.000</ele></trkpt>
      <trkpt lat="22.5014386337" lon="114.2436052091"><ele>184.000</ele></trkpt>
      <trkpt lat="22.5014322433" lon="114.2436195312"><ele>184.000</ele></trkpt>
      <trkpt lat="22.5014237998" lon="114.2436415010"><ele>186.000</ele></trkpt>
      <trkpt lat="22.5014203743" lon="114.2436486619"><ele>186.000</ele></trkpt>
      <trkpt lat="22.5014048577" lon="114.2436760804"><ele>186.000</ele></trkpt>
      <trkpt lat="22.5013992631" lon="114.2436877012"><ele>184.000</ele></trkpt>
      <trkpt lat="22.5013911306" lon="114.2437001566"><ele>184.000</ele></trkpt>
      <trkpt lat="22.5013814875" lon="114.2437185784"><ele>186.000</ele></trkpt>
      <trkpt lat="22.5013764432" lon="114.2437314337"><ele>186.000</ele></trkpt>
      <trkpt lat="22.5013723221" lon="114.2437393427"><ele>185.000</ele></trkpt>
      <trkpt lat="22.5013691216" lon="114.2437482337"><ele>185.000</ele></trkpt>
      <trkpt lat="22.5013599566" lon="114.2437680164"><ele>185.000</ele></trkpt>
      <trkpt lat="22.5013585832" lon="114.2437699886"><ele>185.000</ele></trkpt>
      <trkpt lat="22.5013552919" lon="114.2437801429"><ele>185.000</ele></trkpt>
      <trkpt lat="22.5013521555" lon="114.2437871000"><ele>184.000</ele></trkpt>
      <trkpt lat="22.5013504005" lon="114.2437945339"><ele>184.000</ele></trkpt>
      <trkpt lat="22.5013441364" lon="114.2438089338"><ele>184.000</ele></trkpt>
      <trkpt lat="22.5013419297" lon="114.2438168729"><ele>184.000</ele></trkpt>
      <trkpt lat="22.5013339105" lon="114.2438392024"><ele>186.000</ele></trkpt>
      <trkpt lat="22.5013326335" lon="114.2438481137"><ele>186.000</ele></trkpt>
      <trkpt lat="22.5013324426" lon="114.2438728183"><ele>186.000</ele></trkpt>
      <trkpt lat="22.5013339113" lon="114.2438807008"><ele>186.000</ele></trkpt>
      <trkpt lat="22.5013346240" lon="114.2439039092"><ele>186.000</ele></trkpt>
      <trkpt lat="22.5013328865" lon="114.2439128203"><ele>186.000</ele></trkpt>
      <trkpt lat="22.5013306798" lon="114.2439207594"><ele>186.000</ele></trkpt>
      <trkpt lat="22.5013303149" lon="114.2439296517"><ele>188.000</ele></trkpt>
      <trkpt lat="22.5013290292" lon="114.2439375718"><ele>188.000</ele></trkpt>
      <trkpt lat="22.5013233212" lon="114.2439613602"><ele>188.000</ele></trkpt>
      <trkpt lat="22.5013135559" lon="114.2439911236"><ele>190.000</ele></trkpt>
      <trkpt lat="22.5013099501" lon="114.2439975847"><ele>190.000</ele></trkpt>
      <trkpt lat="22.5013014793" lon="114.2440199237"><ele>190.000</ele></trkpt>
      <trkpt lat="22.5012911403" lon="114.2440398127"><ele>192.000</ele></trkpt>
      <trkpt lat="22.5012884730" lon="114.2440477515"><ele>192.000</ele></trkpt>
      <trkpt lat="22.5012876566" lon="114.2440566534"><ele>192.000</ele></trkpt>
      <trkpt lat="22.5012877522" lon="114.2440655459"><ele>192.000</ele></trkpt>
      <trkpt lat="22.5012883084" lon="114.2440744290"><ele>194.000</ele></trkpt>
      <trkpt lat="22.5012907849" lon="114.2440907089"><ele>194.000</ele></trkpt>
      <trkpt lat="22.5012913325" lon="114.2440986006"><ele>194.000</ele></trkpt>
      <trkpt lat="22.5012910459" lon="114.2441144127"><ele>194.000</ele></trkpt>
      <trkpt lat="22.5012897513" lon="114.2441223327"><ele>196.000</ele></trkpt>
      <trkpt lat="22.5012840520" lon="114.2441466168"><ele>196.000</ele></trkpt>
      <trkpt lat="22.5012810202" lon="114.2441624566"><ele>196.000</ele></trkpt>
      <trkpt lat="22.5012765979" lon="114.2441778293"><ele>197.000</ele></trkpt>
      <trkpt lat="22.5012753035" lon="114.2441852537"><ele>197.000</ele></trkpt>
      <trkpt lat="22.5012691522" lon="114.2442105288"><ele>197.000</ele></trkpt>
      <trkpt lat="22.5012655552" lon="114.2442174856"><ele>197.000</ele></trkpt>
      <trkpt lat="22.5012645758" lon="114.2442208973"><ele>198.000</ele></trkpt>
      <trkpt lat="22.5012611420" lon="114.2442328583"><ele>198.000</ele></trkpt>
      <trkpt lat="22.5012580053" lon="114.2442403109"><ele>198.000</ele></trkpt>
      <trkpt lat="22.5012548691" lon="114.2442467723"><ele>198.000</ele></trkpt>
      <trkpt lat="22.5012467365" lon="114.2442592276"><ele>198.000</ele></trkpt>
      <trkpt lat="22.5012303850" lon="114.2442747403"><ele>198.000</ele></trkpt>
      <trkpt lat="22.5012240077" lon="114.2442792661"><ele>198.000</ele></trkpt>
      <trkpt lat="22.5012181169" lon="114.2442862606"><ele>198.000</ele></trkpt>
      <trkpt lat="22.5012140508" lon="114.2442922356"><ele>198.000</ele></trkpt>
      <trkpt lat="22.5012118440" lon="114.2443001746"><ele>198.000</ele></trkpt>
      <trkpt lat="22.5012082472" lon="114.2443066357"><ele>198.000</ele></trkpt>
      <trkpt lat="22.5012051192" lon="114.2443150797"><ele>198.000</ele></trkpt>
      <trkpt lat="22.5011988462" lon="114.2443289937"><ele>201.000</ele></trkpt>
      <trkpt lat="22.5011947975" lon="114.2443364459"><ele>201.000</ele></trkpt>
      <trkpt lat="22.5011902884" lon="114.2443434216"><ele>201.000</ele></trkpt>
      <trkpt lat="22.5011852925" lon="114.2443484243"><ele>201.000</ele></trkpt>
      <trkpt lat="22.5011807658" lon="114.2443544087"><ele>201.000</ele></trkpt>
      <trkpt lat="22.5011766996" lon="114.2443603934"><ele>201.000</ele></trkpt>
      <trkpt lat="22.5011731028" lon="114.2443668546"><ele>202.000</ele></trkpt>
      <trkpt lat="22.5011696016" lon="114.2443822180"><ele>202.000</ele></trkpt>
      <trkpt lat="22.5011659958" lon="114.2443886888"><ele>202.000</ele></trkpt>
      <trkpt lat="22.5011614781" lon="114.2443946733"><ele>202.000</ele></trkpt>
      <trkpt lat="22.5011560216" lon="114.2443996757"><ele>202.000</ele></trkpt>
      <trkpt lat="22.5011501048" lon="114.2444042017"><ele>202.000</ele></trkpt>
      <trkpt lat="22.5011432581" lon="114.2444082413"><ele>202.000</ele></trkpt>
      <trkpt lat="22.5011378018" lon="114.2444127481"><ele>202.000</ele></trkpt>
      <trkpt lat="22.5011318762" lon="114.2444167784"><ele>204.000</ele></trkpt>
      <trkpt lat="22.5011218951" lon="114.2444250402"><ele>204.000</ele></trkpt>
      <trkpt lat="22.5010801582" lon="114.2444966100"><ele>204.000</ele></trkpt>
      <trkpt lat="22.5010556807" lon="114.2445475575"><ele>204.000</ele></trkpt>
      <trkpt lat="22.5010343360" lon="114.2445721867"><ele>204.000</ele></trkpt>
      <trkpt lat="22.5010177723" lon="114.2446005112"><ele>204.000</ele></trkpt>
      <trkpt lat="22.5010037666" lon="114.2446209426"><ele>204.000</ele></trkpt>
      <trkpt lat="22.5009933405" lon="114.2446329205"><ele>204.000</ele></trkpt>
      <trkpt lat="22.5009835708" lon="114.2446494422"><ele>204.000</ele></trkpt>
      <trkpt lat="22.5009752396" lon="114.2446617574"><ele>204.000</ele></trkpt>
      <trkpt lat="22.5009658681" lon="114.2446740731"><ele>204.000</ele></trkpt>
      <trkpt lat="22.5009471253" lon="114.2447003838"><ele>204.000</ele></trkpt>
      <trkpt lat="22.5009356699" lon="114.2447182983"><ele>204.000</ele></trkpt>
      <trkpt lat="22.5009231726" lon="114.2447401318"><ele>204.000</ele></trkpt>
      <trkpt lat="22.5009236866" lon="114.2447546915"><ele>204.000</ele></trkpt>
      <trkpt lat="22.5009236831" lon="114.2447630922"><ele>204.000</ele></trkpt>
      <trkpt lat="22.5009210100" lon="114.2447761080"><ele>204.000</ele></trkpt>
      <trkpt lat="22.5009207208" lon="114.2447766676"><ele>204.000</ele></trkpt>
      <trkpt lat="22.5009196924" lon="114.2447828064"><ele>204.000</ele></trkpt>
      <trkpt lat="22.5009166478" lon="114.2447923874"><ele>204.000</ele></trkpt>
      <trkpt lat="22.5009105622" lon="114.2448010330"><ele>204.000</ele></trkpt>
      <trkpt lat="22.5008810294" lon="114.2448370288"><ele>206.000</ele></trkpt>
      <trkpt lat="22.5008736061" lon="114.2448483425"><ele>206.000</ele></trkpt>
      <trkpt lat="22.5008605390" lon="114.2448702417"><ele>206.000</ele></trkpt>
      <trkpt lat="22.5008470805" lon="114.2448990605"><ele>206.000</ele></trkpt>
      <trkpt lat="22.5008408252" lon="114.2449139657"><ele>206.000</ele></trkpt>
      <trkpt lat="22.5008377929" lon="114.2449307968"><ele>206.000</ele></trkpt>
      <trkpt lat="22.5008355950" lon="114.2449392217"><ele>206.000</ele></trkpt>
      <trkpt lat="22.5008329100" lon="114.2449461692"><ele>206.000</ele></trkpt>
      <trkpt lat="22.5008261767" lon="114.2449595969"><ele>205.000</ele></trkpt>
      <trkpt lat="22.5008221193" lon="114.2449660675"><ele>205.000</ele></trkpt>
      <trkpt lat="22.5008180531" lon="114.2449720522"><ele>205.000</ele></trkpt>
      <trkpt lat="22.5008130660" lon="114.2449775504"><ele>205.000</ele></trkpt>
      <trkpt lat="22.5008080699" lon="114.2449830390"><ele>205.000</ele></trkpt>
      <trkpt lat="22.5008021619" lon="114.2449880606"><ele>205.000</ele></trkpt>
      <trkpt lat="22.5007894160" lon="114.2449976077"><ele>204.000</ele></trkpt>
      <trkpt lat="22.5007815493" lon="114.2450026235"><ele>204.000</ele></trkpt>
      <trkpt lat="22.5007599828" lon="114.2450221978"><ele>204.000</ele></trkpt>
      <trkpt lat="22.5007371071" lon="114.2450474170"><ele>204.000</ele></trkpt>
      <trkpt lat="22.5006468905" lon="114.2451441424"><ele>205.000</ele></trkpt>
      <trkpt lat="22.5006146891" lon="114.2451694969"><ele>205.000</ele></trkpt>
      <trkpt lat="22.5005772141" lon="114.2451924386"><ele>206.000</ele></trkpt>
      <trkpt lat="22.5005558779" lon="114.2451991485"><ele>209.000</ele></trkpt>
      <trkpt lat="22.5005392282" lon="114.2451957796"><ele>209.000</ele></trkpt>
      <trkpt lat="22.5005022854" lon="114.2451924018"><ele>210.000</ele></trkpt>
      <trkpt lat="22.5004923961" lon="114.2451991173"><ele>210.000</ele></trkpt>
      <trkpt lat="22.5004731366" lon="114.2452147867"><ele>212.000</ele></trkpt>
      <trkpt lat="22.5004554364" lon="114.2452354980"><ele>212.000</ele></trkpt>
      <trkpt lat="22.5004424251" lon="114.2452405316"><ele>212.000</ele></trkpt>
      <trkpt lat="22.5004275940" lon="114.2452438840"><ele>214.000</ele></trkpt>
      <trkpt lat="22.5004031308" lon="114.2452606725"><ele>214.000</ele></trkpt>
      <trkpt lat="22.5003115166" lon="114.2453412660"><ele>217.000</ele></trkpt>
      <trkpt lat="22.5002912171" lon="114.2453563761"><ele>218.000</ele></trkpt>
      <trkpt lat="22.5002592068" lon="114.2453781998"><ele>218.000</ele></trkpt>
      <trkpt lat="22.5002409924" lon="114.2453849112"><ele>218.000</ele></trkpt>
      <trkpt lat="22.5001631399" lon="114.2454098252"><ele>216.000</ele></trkpt>
      <trkpt lat="22.5001568237" lon="114.2454126385"><ele>216.000</ele></trkpt>
      <trkpt lat="22.5001308018" lon="114.2454253084"><ele>216.000</ele></trkpt>
      <trkpt lat="22.5001238518" lon="114.2454277423"><ele>216.000</ele></trkpt>
      <trkpt lat="22.5000977853" lon="114.2454454172"><ele>216.000</ele></trkpt>
      <trkpt lat="22.5000775065" lon="114.2454606138"><ele>216.000</ele></trkpt>
      <trkpt lat="22.5000532374" lon="114.2454668829"><ele>214.000</ele></trkpt>
      <trkpt lat="22.5000274585" lon="114.2454771708"><ele>214.000</ele></trkpt>
      <trkpt lat="22.4999979804" lon="114.2454946622"><ele>212.000</ele></trkpt>
      <trkpt lat="22.4999911338" lon="114.2454982061"><ele>212.000</ele></trkpt>
      <trkpt lat="22.4999769718" lon="114.2455038164"><ele>212.000</ele></trkpt>
      <trkpt lat="22.4999696645" lon="114.2455078654"><ele>212.000</ele></trkpt>
      <trkpt lat="22.4999560062" lon="114.2455179174"><ele>212.000</ele></trkpt>
      <trkpt lat="22.4999505674" lon="114.2455239110"><ele>212.000</ele></trkpt>
      <trkpt lat="22.4999451369" lon="114.2455313916"><ele>210.000</ele></trkpt>
      <trkpt lat="22.4999396981" lon="114.2455373852"><ele>210.000</ele></trkpt>
      <trkpt lat="22.4999342416" lon="114.2455423973"><ele>210.000</ele></trkpt>
      <trkpt lat="22.4999147795" lon="114.2455673448"><ele>210.000</ele></trkpt>
      <trkpt lat="22.4999093316" lon="114.2455733384"><ele>210.000</ele></trkpt>
      <trkpt lat="22.4999038753" lon="114.2455778548"><ele>210.000</ele></trkpt>
      <trkpt lat="22.4998906602" lon="114.2455864200"><ele>208.000</ele></trkpt>
      <trkpt lat="22.4998856643" lon="114.2455914226"><ele>208.000</ele></trkpt>
      <trkpt lat="22.4998802080" lon="114.2455959390"><ele>208.000</ele></trkpt>
      <trkpt lat="22.4998756724" lon="114.2456014277"><ele>208.000</ele></trkpt>
      <trkpt lat="22.4998630568" lon="114.2456228314"><ele>208.000</ele></trkpt>
      <trkpt lat="22.4998336030" lon="114.2456572883"><ele>208.000</ele></trkpt>
      <trkpt lat="22.4998286245" lon="114.2456637681"><ele>208.000</ele></trkpt>
      <trkpt lat="22.4998227249" lon="114.2456702669"><ele>208.000</ele></trkpt>
      <trkpt lat="22.4998172686" lon="114.2456747833"><ele>208.000</ele></trkpt>
      <trkpt lat="22.4998068338" lon="114.2456857795"><ele>209.000</ele></trkpt>
      <trkpt lat="22.4997909163" lon="114.2456998148"><ele>210.000</ele></trkpt>
      <trkpt lat="22.4997412965" lon="114.2457369927"><ele>212.000</ele></trkpt>
      <trkpt lat="22.4997358400" lon="114.2457420047"><ele>212.000</ele></trkpt>
      <trkpt lat="22.4997299403" lon="114.2457485035"><ele>212.000</ele></trkpt>
      <trkpt lat="22.4997204353" lon="114.2457604719"><ele>212.000</ele></trkpt>
      <trkpt lat="22.4997166356" lon="114.2457639619"><ele>212.000</ele></trkpt>
      <trkpt lat="22.4996953251" lon="114.2457801346"><ele>214.000</ele></trkpt>
      <trkpt lat="22.4996742526" lon="114.2457929798"><ele>214.000</ele></trkpt>
      <trkpt lat="22.4996494876" lon="114.2458058222"><ele>216.000</ele></trkpt>
      <trkpt lat="22.4996205474" lon="114.2458173825"><ele>216.000</ele></trkpt>
      <trkpt lat="22.4995950774" lon="114.2458401112"><ele>218.000</ele></trkpt>
      <trkpt lat="22.4995905418" lon="114.2458455999"><ele>218.000</ele></trkpt>
      <trkpt lat="22.4995864932" lon="114.2458525660"><ele>218.000</ele></trkpt>
      <trkpt lat="22.4995842688" lon="114.2458595136"><ele>218.000</ele></trkpt>
      <trkpt lat="22.4995756848" lon="114.2458714728"><ele>218.000</ele></trkpt>
      <trkpt lat="22.4995706886" lon="114.2458769710"><ele>220.000</ele></trkpt>
      <trkpt lat="22.4995593243" lon="114.2458864992"><ele>220.000</ele></trkpt>
      <trkpt lat="22.4995406350" lon="114.2458990851"><ele>220.000</ele></trkpt>
      <trkpt lat="22.4995356479" lon="114.2459045833"><ele>220.000</ele></trkpt>
      <trkpt lat="22.4995306696" lon="114.2459105771"><ele>220.000</ele></trkpt>
      <trkpt lat="22.4995221114" lon="114.2459255004"><ele>222.000</ele></trkpt>
      <trkpt lat="22.4995172110" lon="114.2459393954"><ele>222.000</ele></trkpt>
      <trkpt lat="22.4995149956" lon="114.2459463431"><ele>222.000</ele></trkpt>
      <trkpt lat="22.4995128580" lon="114.2459611821"><ele>222.000</ele></trkpt>
      <trkpt lat="22.4995106686" lon="114.2459705982"><ele>224.000</ele></trkpt>
      <trkpt lat="22.4995098932" lon="114.2459720994"><ele>224.000</ele></trkpt>
      <trkpt lat="22.4994993761" lon="114.2459979686"><ele>224.000</ele></trkpt>
      <trkpt lat="22.4994799464" lon="114.2460209830"><ele>225.000</ele></trkpt>
      <trkpt lat="22.4993596280" lon="114.2461287001"><ele>228.000</ele></trkpt>
      <trkpt lat="22.4992975322" lon="114.2461813112"><ele>231.000</ele></trkpt>
      <trkpt lat="22.4992496493" lon="114.2462070471"><ele>232.000</ele></trkpt>
      <trkpt lat="22.4992059302" lon="114.2462305449"><ele>233.000</ele></trkpt>
      <trkpt lat="22.4991830331" lon="114.2462361333"><ele>233.000</ele></trkpt>
      <trkpt lat="22.4991590933" lon="114.2462450808"><ele>234.000</ele></trkpt>
      <trkpt lat="22.4991320288" lon="114.2462607470"><ele>234.000</ele></trkpt>
      <trkpt lat="22.4990814729" lon="114.2463050107"><ele>236.000</ele></trkpt>
      <trkpt lat="22.4990705513" lon="114.2463140337"><ele>238.000</ele></trkpt>
      <trkpt lat="22.4990641829" lon="114.2463185690"><ele>238.000</ele></trkpt>
      <trkpt lat="22.4990591166" lon="114.2463233373"><ele>238.000</ele></trkpt>
      <trkpt lat="22.4990320850" lon="114.2463611558"><ele>240.000</ele></trkpt>
      <trkpt lat="22.4990212627" lon="114.2463743432"><ele>240.000</ele></trkpt>
      <trkpt lat="22.4990104457" lon="114.2463774418"><ele>240.000</ele></trkpt>
      <trkpt lat="22.4989938598" lon="114.2463789856"><ele>240.000</ele></trkpt>
      <trkpt lat="22.4989751118" lon="114.2463789762"><ele>240.000</ele></trkpt>
      <trkpt lat="22.4989621291" lon="114.2463867299"><ele>240.000</ele></trkpt>
      <trkpt lat="22.4989498642" lon="114.2464030196"><ele>240.000</ele></trkpt>
      <trkpt lat="22.4989383229" lon="114.2464123261"><ele>242.000</ele></trkpt>
      <trkpt lat="22.4989267837" lon="114.2464169764"><ele>242.000</ele></trkpt>
      <trkpt lat="22.4989181305" lon="114.2464177486"><ele>242.000</ele></trkpt>
      <trkpt lat="22.4989087546" lon="114.2464231755"><ele>242.000</ele></trkpt>
      <trkpt lat="22.4988943290" lon="114.2464324805"><ele>243.000</ele></trkpt>
      <trkpt lat="22.4988791826" lon="114.2464402331"><ele>243.000</ele></trkpt>
      <trkpt lat="22.4988669234" lon="114.2464433311"><ele>243.000</ele></trkpt>
      <trkpt lat="22.4988575480" lon="114.2464456549"><ele>243.000</ele></trkpt>
      <trkpt lat="22.4988438480" lon="114.2464456481"><ele>244.000</ele></trkpt>
      <trkpt lat="22.4988337499" lon="114.2464526267"><ele>244.000</ele></trkpt>
      <trkpt lat="22.4988265344" lon="114.2464634873"><ele>244.000</ele></trkpt>
      <trkpt lat="22.4988200418" lon="114.2464712442"><ele>244.000</ele></trkpt>
      <trkpt lat="22.4988113835" lon="114.2464836562"><ele>244.000</ele></trkpt>
      <trkpt lat="22.4988048890" lon="114.2464937407"><ele>244.000</ele></trkpt>
      <trkpt lat="22.4987940673" lon="114.2465077035"><ele>244.000</ele></trkpt>
      <trkpt lat="22.4987854104" lon="114.2465170114"><ele>244.000</ele></trkpt>
      <trkpt lat="22.4987767521" lon="114.2465294233"><ele>244.000</ele></trkpt>
      <trkpt lat="22.4987702576" lon="114.2465395088"><ele>244.000</ele></trkpt>
      <trkpt lat="22.4987608787" lon="114.2465519204"><ele>246.000</ele></trkpt>
      <trkpt lat="22.4987536642" lon="114.2465604524"><ele>246.000</ele></trkpt>
      <trkpt lat="22.4987486145" lon="114.2465643305"><ele>246.000</ele></trkpt>
      <trkpt lat="22.4987399613" lon="114.2465651017"><ele>246.000</ele></trkpt>
      <trkpt lat="22.4987262596" lon="114.2465689754"><ele>246.000</ele></trkpt>
      <trkpt lat="22.4987204213" lon="114.2465756121"><ele>246.000</ele></trkpt>
      <trkpt lat="22.4987182518" lon="114.2465784711"><ele>246.000</ele></trkpt>
      <trkpt lat="22.4987090910" lon="114.2465878156"><ele>246.000</ele></trkpt>
      <trkpt lat="22.4986787419" lon="114.2466247596"><ele>246.000</ele></trkpt>
      <trkpt lat="22.4986733128" lon="114.2466289164"><ele>246.000</ele></trkpt>
      <trkpt lat="22.4986678463" lon="114.2466362607"><ele>246.000</ele></trkpt>
      <trkpt lat="22.4986581711" lon="114.2466447498"><ele>246.000</ele></trkpt>
      <trkpt lat="22.4986471665" lon="114.2466576115"><ele>246.000</ele></trkpt>
      <trkpt lat="22.4986297387" lon="114.2466763981"><ele>246.000</ele></trkpt>
      <trkpt lat="22.4986024738" lon="114.2467022840"><ele>246.000</ele></trkpt>
      <trkpt lat="22.4985906486" lon="114.2467123172"><ele>246.000</ele></trkpt>
      <trkpt lat="22.4985787887" lon="114.2467193766"><ele>246.000</ele></trkpt>
      <trkpt lat="22.4985723940" lon="114.2467219293"><ele>246.000</ele></trkpt>
      <trkpt lat="22.4985650433" lon="114.2467220228"><ele>246.000</ele></trkpt>
      <trkpt lat="22.4985434612" lon="114.2467208166"><ele>246.000</ele></trkpt>
      <trkpt lat="22.4985365797" lon="114.2467213962"><ele>246.000</ele></trkpt>
      <trkpt lat="22.4985315838" lon="114.2467263987"><ele>246.000</ele></trkpt>
      <trkpt lat="22.4985197414" lon="114.2467344493"><ele>246.000</ele></trkpt>
      <trkpt lat="22.4985074209" lon="114.2467415181"><ele>246.000</ele></trkpt>
      <trkpt lat="22.4984846655" lon="114.2467595927"><ele>248.000</ele></trkpt>
      <trkpt lat="22.4984782883" lon="114.2467636226"><ele>248.000</ele></trkpt>
      <trkpt lat="22.4984605289" lon="114.2467766947"><ele>248.000</ele></trkpt>
      <trkpt lat="22.4984546294" lon="114.2467826977"><ele>248.000</ele></trkpt>
      <trkpt lat="22.4984291372" lon="114.2468022772"><ele>248.000</ele></trkpt>
      <trkpt lat="22.4984123073" lon="114.2468168172"><ele>248.000</ele></trkpt>
      <trkpt lat="22.4984064078" lon="114.2468228202"><ele>248.000</ele></trkpt>
      <trkpt lat="22.4983895867" lon="114.2468378558"><ele>247.000</ele></trkpt>
      <trkpt lat="22.4983777790" lon="114.2468493662"><ele>248.000</ele></trkpt>
      <trkpt lat="22.4983545895" lon="114.2468689176"><ele>248.000</ele></trkpt>
      <trkpt lat="22.4983486812" lon="114.2468744250"><ele>248.000</ele></trkpt>
      <trkpt lat="22.4983373166" lon="114.2468844487"><ele>248.000</ele></trkpt>
      <trkpt lat="22.4983318598" lon="114.2468899562"><ele>248.000</ele></trkpt>
      <trkpt lat="22.4983218943" lon="114.2469014384"><ele>248.000</ele></trkpt>
      <trkpt lat="22.4983178455" lon="114.2469089001"><ele>248.000</ele></trkpt>
      <trkpt lat="22.4983112158" lon="114.2469326971"><ele>248.000</ele></trkpt>
      <trkpt lat="22.4983089720" lon="114.2469425407"><ele>248.000</ele></trkpt>
      <trkpt lat="22.4983077144" lon="114.2469480601"><ele>248.000</ele></trkpt>
      <trkpt lat="22.4983036481" lon="114.2469540349"><ele>248.000</ele></trkpt>
      <trkpt lat="22.4982982004" lon="114.2469595425"><ele>248.000</ele></trkpt>
      <trkpt lat="22.4982791980" lon="114.2469713096"><ele>248.000</ele></trkpt>
      <trkpt lat="22.4982695064" lon="114.2469800406"><ele>248.000</ele></trkpt>
      <trkpt lat="22.4982600767" lon="114.2469887708"><ele>249.000</ele></trkpt>
      <trkpt lat="22.4982567995" lon="114.2469931570"><ele>249.000</ele></trkpt>
      <trkpt lat="22.4982463732" lon="114.2470051442"><ele>249.000</ele></trkpt>
      <trkpt lat="22.4982418464" lon="114.2470111284"><ele>249.000</ele></trkpt>
      <trkpt lat="22.4982387100" lon="114.2470175896"><ele>249.000</ele></trkpt>
      <trkpt lat="22.4982386169" lon="114.2470178490"><ele>249.000</ele></trkpt>
      <trkpt lat="22.4982306003" lon="114.2470329969"><ele>249.000</ele></trkpt>
      <trkpt lat="22.4982198587" lon="114.2470473621"><ele>250.000</ele></trkpt>
      <trkpt lat="22.4982106904" lon="114.2470572207"><ele>250.000</ele></trkpt>
      <trkpt lat="22.4982046668" lon="114.2470600350"><ele>250.000</ele></trkpt>
      <trkpt lat="22.4981952383" lon="114.2470659478"><ele>250.000</ele></trkpt>
      <trkpt lat="22.4981839743" lon="114.2470772135"><ele>250.000</ele></trkpt>
      <trkpt lat="22.4981742815" lon="114.2470887618"><ele>252.000</ele></trkpt>
      <trkpt lat="22.4981666840" lon="114.2470974938"><ele>252.000</ele></trkpt>
      <trkpt lat="22.4981588218" lon="114.2471127059"><ele>252.000</ele></trkpt>
      <trkpt lat="22.4981522689" lon="114.2471304552"><ele>252.000</ele></trkpt>
      <trkpt lat="22.4981484895" lon="114.2471474323"><ele>252.000</ele></trkpt>
      <trkpt lat="22.4981443716" lon="114.2471578075"><ele>252.000</ele></trkpt>
      <trkpt lat="22.4981246146" lon="114.2471749893"><ele>252.000</ele></trkpt>
      <trkpt lat="22.4981135717" lon="114.2471927392"><ele>252.000</ele></trkpt>
      <trkpt lat="22.4981043713" lon="114.2472100041"><ele>252.000</ele></trkpt>
      <trkpt lat="22.4980928674" lon="114.2472287451"><ele>252.000</ele></trkpt>
      <trkpt lat="22.4980486984" lon="114.2472938262"><ele>254.000</ele></trkpt>
      <trkpt lat="22.4980330575" lon="114.2473150238"><ele>254.000</ele></trkpt>
      <trkpt lat="22.4980229473" lon="114.2473268556"><ele>254.000</ele></trkpt>
      <trkpt lat="22.4980123661" lon="114.2473421373"><ele>255.000</ele></trkpt>
      <trkpt lat="22.4979994902" lon="114.2473593906"><ele>255.000</ele></trkpt>
      <trkpt lat="22.4979866165" lon="114.2473717070"><ele>256.000</ele></trkpt>
      <trkpt lat="22.4979696155" lon="114.2473850125"><ele>256.000</ele></trkpt>
      <trkpt lat="22.4979484792" lon="114.2473968193"><ele>258.000</ele></trkpt>
      <trkpt lat="22.4979158489" lon="114.2474253845"><ele>259.000</ele></trkpt>
      <trkpt lat="22.4979011182" lon="114.2474510335"><ele>260.000</ele></trkpt>
      <trkpt lat="22.4978900886" lon="114.2474589095"><ele>260.000</ele></trkpt>
      <trkpt lat="22.4978740100" lon="114.2474692514"><ele>260.000</ele></trkpt>
      <trkpt lat="22.4978579307" lon="114.2474810608"><ele>262.000</ele></trkpt>
      <trkpt lat="22.4978436751" lon="114.2474938721"><ele>262.000</ele></trkpt>
      <trkpt lat="22.4978353979" lon="114.2475062005"><ele>262.000</ele></trkpt>
      <trkpt lat="22.4978289426" lon="114.2475234668"><ele>264.000</ele></trkpt>
      <trkpt lat="22.4978225112" lon="114.2475274091"><ele>264.000</ele></trkpt>
      <trkpt lat="22.4978124142" lon="114.2475298530"><ele>264.000</ele></trkpt>
      <trkpt lat="22.4978000133" lon="114.2475347642"><ele>264.000</ele></trkpt>
      <trkpt lat="22.4977898952" lon="114.2475441276"><ele>264.000</ele></trkpt>
      <trkpt lat="22.4977765594" lon="114.2475599034"><ele>264.000</ele></trkpt>
      <trkpt lat="22.4977650798" lon="114.2475643195"><ele>266.000</ele></trkpt>
      <trkpt lat="22.4977430549" lon="114.2475637835"><ele>266.000</ele></trkpt>
      <trkpt lat="22.4977347801" lon="114.2475706793"><ele>266.000</ele></trkpt>
      <trkpt lat="22.4977251326" lon="114.2475775744"><ele>266.000</ele></trkpt>
      <trkpt lat="22.4977150254" lon="114.2475824868"><ele>268.000</ele></trkpt>
      <trkpt lat="22.4977085844" lon="114.2475879063"><ele>268.000</ele></trkpt>
      <trkpt lat="22.4976980252" lon="114.2475938097"><ele>268.000</ele></trkpt>
      <trkpt lat="22.4976828718" lon="114.2475947739"><ele>268.000</ele></trkpt>
      <trkpt lat="22.4976608357" lon="114.2475991651"><ele>270.000</ele></trkpt>
      <trkpt lat="22.4976498165" lon="114.2476040867"><ele>270.000</ele></trkpt>
      <trkpt lat="22.4976387872" lon="114.2476114670"><ele>270.000</ele></trkpt>
      <trkpt lat="22.4976250042" lon="114.2476173688"><ele>270.000</ele></trkpt>
      <trkpt lat="22.4976162800" lon="114.2476193274"><ele>270.000</ele></trkpt>
      <trkpt lat="22.4976034299" lon="114.2476188058"><ele>270.000</ele></trkpt>
      <trkpt lat="22.4975905913" lon="114.2476128516"><ele>270.000</ele></trkpt>
      <trkpt lat="22.4975671990" lon="114.2476004683"><ele>271.000</ele></trkpt>
      <trkpt lat="22.4975598580" lon="114.2475989679"><ele>271.000</ele></trkpt>
      <trkpt lat="22.4975488407" lon="114.2475994385"><ele>271.000</ele></trkpt>
      <trkpt lat="22.4975205116" lon="114.2476054048"><ele>272.000</ele></trkpt>
      <trkpt lat="22.4974982318" lon="114.2476093887"><ele>272.000</ele></trkpt>
      <trkpt lat="22.4974821444" lon="114.2476027215"><ele>274.000</ele></trkpt>
      <trkpt lat="22.4974672980" lon="114.2475893940"><ele>274.000</ele></trkpt>
      <trkpt lat="22.4974549277" lon="114.2475760677"><ele>274.000</ele></trkpt>
      <trkpt lat="22.4974400783" lon="114.2475694002"><ele>276.000</ele></trkpt>
      <trkpt lat="22.4974202814" lon="114.2475560702"><ele>276.000</ele></trkpt>
      <trkpt lat="22.4974017211" lon="114.2475440732"><ele>278.000</ele></trkpt>
      <trkpt lat="22.4973843983" lon="114.2475334092"><ele>278.000</ele></trkpt>
      <trkpt lat="22.4973695495" lon="114.2475254093"><ele>278.000</ele></trkpt>
      <trkpt lat="22.4973584134" lon="114.2475187437"><ele>280.000</ele></trkpt>
      <trkpt lat="22.4973485122" lon="114.2475174072"><ele>280.000</ele></trkpt>
      <trkpt lat="22.4973386130" lon="114.2475134060"><ele>280.000</ele></trkpt>
      <trkpt lat="22.4973311876" lon="114.2475107385"><ele>280.000</ele></trkpt>
      <trkpt lat="22.4973212867" lon="114.2475107334"><ele>280.000</ele></trkpt>
      <trkpt lat="22.4973150987" lon="114.2475093979"><ele>280.000</ele></trkpt>
      <trkpt lat="22.4973051975" lon="114.2475080615"><ele>280.000</ele></trkpt>
      <trkpt lat="22.4973002476" lon="114.2475067266"><ele>280.000</ele></trkpt>
      <trkpt lat="22.4972878706" lon="114.2475067203"><ele>280.000</ele></trkpt>
      <trkpt lat="22.4972816826" lon="114.2475053857"><ele>280.000</ele></trkpt>
      <trkpt lat="22.4972693059" lon="114.2475067109"><ele>282.000</ele></trkpt>
      <trkpt lat="22.4972569271" lon="114.2475107007"><ele>282.000</ele></trkpt>
      <trkpt lat="22.4972457875" lon="114.2475120275"><ele>282.000</ele></trkpt>
      <trkpt lat="22.4972334105" lon="114.2475120212"><ele>282.000</ele></trkpt>
      <trkpt lat="22.4972272231" lon="114.2475093533"><ele>282.000</ele></trkpt>
      <trkpt lat="22.4972173245" lon="114.2475040207"><ele>284.000</ele></trkpt>
      <trkpt lat="22.4972074256" lon="114.2474973557"><ele>284.000</ele></trkpt>
      <trkpt lat="22.4971975255" lon="114.2474933545"><ele>284.000</ele></trkpt>
      <trkpt lat="22.4971901010" lon="114.2474906869"><ele>284.000</ele></trkpt>
      <trkpt lat="22.4971789638" lon="114.2474866860"><ele>285.000</ele></trkpt>
      <trkpt lat="22.4971678254" lon="114.2474853480"><ele>285.000</ele></trkpt>
      <trkpt lat="22.4971542114" lon="114.2474826773"><ele>285.000</ele></trkpt>
      <trkpt lat="22.4971443129" lon="114.2474773447"><ele>285.000</ele></trkpt>
      <trkpt lat="22.4971282231" lon="114.2474760042"><ele>286.000</ele></trkpt>
      <trkpt lat="22.4971059474" lon="114.2474706653"><ele>287.000</ele></trkpt>
      <trkpt lat="22.4970948090" lon="114.2474693272"><ele>287.000</ele></trkpt>
      <trkpt lat="22.4970799568" lon="114.2474693197"><ele>288.000</ele></trkpt>
      <trkpt lat="22.4970651051" lon="114.2474679807"><ele>288.000</ele></trkpt>
      <trkpt lat="22.4970539661" lon="114.2474679751"><ele>288.000</ele></trkpt>
      <trkpt lat="22.4970465366" lon="114.2474746303"><ele>288.000</ele></trkpt>
      <trkpt lat="22.4970329165" lon="114.2474879433"><ele>290.000</ele></trkpt>
      <trkpt lat="22.4970205360" lon="114.2474959294"><ele>290.000</ele></trkpt>
      <trkpt lat="22.4970093946" lon="114.2475012513"><ele>290.000</ele></trkpt>
      <trkpt lat="22.4969957781" lon="114.2475065719"><ele>291.000</ele></trkpt>
      <trkpt lat="22.4969821621" lon="114.2475105612"><ele>291.000</ele></trkpt>
      <trkpt lat="22.4969685452" lon="114.2475145504"><ele>291.000</ele></trkpt>
      <trkpt lat="22.4969549310" lon="114.2475145435"><ele>293.000</ele></trkpt>
      <trkpt lat="22.4969314150" lon="114.2475145316"><ele>293.000</ele></trkpt>
      <trkpt lat="22.4969165627" lon="114.2475145240"><ele>293.000</ele></trkpt>
      <trkpt lat="22.4969017104" lon="114.2475145165"><ele>294.000</ele></trkpt>
      <trkpt lat="22.4968910097" lon="114.2475178658"><ele>294.000</ele></trkpt>
      <trkpt lat="22.4968749894" lon="114.2475207877"><ele>294.000</ele></trkpt>
      <trkpt lat="22.4968598183" lon="114.2475272174"><ele>295.000</ele></trkpt>
      <trkpt lat="22.4968432212" lon="114.2475419964"><ele>295.000</ele></trkpt>
      <trkpt lat="22.4968187154" lon="114.2475543757"><ele>296.000</ele></trkpt>
      <trkpt lat="22.4967922779" lon="114.2475606597"><ele>296.000</ele></trkpt>
      <trkpt lat="22.4967740440" lon="114.2475662647"><ele>296.000</ele></trkpt>
      <trkpt lat="22.4967525891" lon="114.2475695017"><ele>296.000</ele></trkpt>
      <trkpt lat="22.4967209737" lon="114.2475776353"><ele>296.000</ele></trkpt>
      <trkpt lat="22.4966889286" lon="114.2475835851"><ele>296.000</ele></trkpt>
      <trkpt lat="22.4966811650" lon="114.2475860894"><ele>294.000</ele></trkpt>
      <trkpt lat="22.4966588805" lon="114.2475966866"><ele>294.000</ele></trkpt>
      <trkpt lat="22.4966523565" lon="114.2476019341"><ele>294.000</ele></trkpt>
      <trkpt lat="22.4966417871" lon="114.2476188608"><ele>294.000</ele></trkpt>
      <trkpt lat="22.4966346196" lon="114.2476230205"><ele>292.000</ele></trkpt>
      <trkpt lat="22.4966185160" lon="114.2476244234"><ele>292.000</ele></trkpt>
      <trkpt lat="22.4965994692" lon="114.2476241484"><ele>292.000</ele></trkpt>
      <trkpt lat="22.4965944701" lon="114.2476260380"><ele>287.000</ele></trkpt>
      <trkpt lat="22.4965880615" lon="114.2476316743"><ele>287.000</ele></trkpt>
      <trkpt lat="22.4965865520" lon="114.2476368699"><ele>287.000</ele></trkpt>
      <trkpt lat="22.4965930003" lon="114.2476497975"><ele>287.000</ele></trkpt>
      <trkpt lat="22.4966013818" lon="114.2476572469"><ele>292.000</ele></trkpt>
      <trkpt lat="22.4966101389" lon="114.2476688074"><ele>289.000</ele></trkpt>
      <trkpt lat="22.4966113587" lon="114.2476713503"><ele>289.000</ele></trkpt>
      <trkpt lat="22.4966103341" lon="114.2476766521"><ele>289.000</ele></trkpt>
      <trkpt lat="22.4966035971" lon="114.2476896614"><ele>289.000</ele></trkpt>
      <trkpt lat="22.4965927540" lon="114.2477027464"><ele>287.000</ele></trkpt>
      <trkpt lat="22.4965860477" lon="114.2477077304"><ele>287.000</ele></trkpt>
      <trkpt lat="22.4965702220" lon="114.2477115873"><ele>287.000</ele></trkpt>
      <trkpt lat="22.4965658400" lon="114.2477147883"><ele>287.000</ele></trkpt>
      <trkpt lat="22.4965591399" lon="114.2477239715"><ele>284.000</ele></trkpt>
      <trkpt lat="22.4965559965" lon="114.2477380809"><ele>284.000</ele></trkpt>
      <trkpt lat="22.4965507893" lon="114.2477448081"><ele>284.000</ele></trkpt>
      <trkpt lat="22.4965351716" lon="114.2477563494"><ele>282.000</ele></trkpt>
      <trkpt lat="22.4964970183" lon="114.2477890027"><ele>279.000</ele></trkpt>
      <trkpt lat="22.4964767847" lon="114.2477973560"><ele>279.000</ele></trkpt>
      <trkpt lat="22.4964614369" lon="114.2478091898"><ele>279.000</ele></trkpt>
      <trkpt lat="22.4964509900" lon="114.2478124324"><ele>274.000</ele></trkpt>
      <trkpt lat="22.4964374608" lon="114.2478140795"><ele>274.000</ele></trkpt>
      <trkpt lat="22.4964344764" lon="114.2478220275"><ele>274.000</ele></trkpt>
      <trkpt lat="22.4964328007" lon="114.2478335778"><ele>274.000</ele></trkpt>
      <trkpt lat="22.4964300433" lon="114.2478385405"><ele>274.000</ele></trkpt>
      <trkpt lat="22.4964206176" lon="114.2478442733"><ele>274.000</ele></trkpt>
      <trkpt lat="22.4963998637" lon="114.2478509538"><ele>271.000</ele></trkpt>
      <trkpt lat="22.4963938153" lon="114.2478567632"><ele>271.000</ele></trkpt>
      <trkpt lat="22.4963887474" lon="114.2478671096"><ele>272.000</ele></trkpt>
      <trkpt lat="22.4963865530" lon="114.2478813972"><ele>272.000</ele></trkpt>
      <trkpt lat="22.4963814678" lon="114.2478880973"><ele>272.000</ele></trkpt>
      <trkpt lat="22.4963688834" lon="114.2478933621"><ele>272.000</ele></trkpt>
      <trkpt lat="22.4963450642" lon="114.2478988903"><ele>269.000</ele></trkpt>
      <trkpt lat="22.4963232092" lon="114.2479104934"><ele>266.000</ele></trkpt>
      <trkpt lat="22.4963150396" lon="114.2479181813"><ele>266.000</ele></trkpt>
      <trkpt lat="22.4963038130" lon="114.2479345498"><ele>266.000</ele></trkpt>
      <trkpt lat="22.4962960162" lon="114.2479426275"><ele>266.000</ele></trkpt>
      <trkpt lat="22.4962804727" lon="114.2479477110"><ele>266.000</ele></trkpt>
      <trkpt lat="22.4962629746" lon="114.2479556253"><ele>264.000</ele></trkpt>
      <trkpt lat="22.4962444486" lon="114.2479599317"><ele>264.000</ele></trkpt>
      <trkpt lat="22.4962371964" lon="114.2479638513"><ele>264.000</ele></trkpt>
      <trkpt lat="22.4961880056" lon="114.2480138712"><ele>262.000</ele></trkpt>
      <trkpt lat="22.4961770273" lon="114.2480223633"><ele>262.000</ele></trkpt>
      <trkpt lat="22.4961645393" lon="114.2480280275"><ele>262.000</ele></trkpt>
      <trkpt lat="22.4961456797" lon="114.2480394941"><ele>262.000</ele></trkpt>
      <trkpt lat="22.4961043099" lon="114.2480533846"><ele>262.000</ele></trkpt>
      <trkpt lat="22.4960422638" lon="114.2480594889"><ele>262.000</ele></trkpt>
      <trkpt lat="22.4959847426" lon="114.2480664469"><ele>262.000</ele></trkpt>
      <trkpt lat="22.4959635537" lon="114.2480662816"><ele>262.000</ele></trkpt>
      <trkpt lat="22.4959473540" lon="114.2480664890"><ele>262.000</ele></trkpt>
      <trkpt lat="22.4959303305" lon="114.2480671227"><ele>262.000</ele></trkpt>
      <trkpt lat="22.4959222996" lon="114.2480676064"><ele>262.000</ele></trkpt>
      <trkpt lat="22.4959205449" lon="114.2480678592"><ele>262.000</ele></trkpt>
      <trkpt lat="22.4959171346" lon="114.2480688458"><ele>262.000</ele></trkpt>
      <trkpt lat="22.4959138270" lon="114.2480703358"><ele>262.000</ele></trkpt>
      <trkpt lat="22.4959105852" lon="114.2480721631"><ele>262.000</ele></trkpt>
      <trkpt lat="22.4959025324" lon="114.2480771279"><ele>262.000</ele></trkpt>
      <trkpt lat="22.4958984019" lon="114.2480792094"><ele>262.000</ele></trkpt>
      <trkpt lat="22.4958898396" lon="114.2480824159"><ele>262.000</ele></trkpt>
      <trkpt lat="22.4958732141" lon="114.2480877486"><ele>262.000</ele></trkpt>
      <trkpt lat="22.4958637605" lon="114.2480911159"><ele>261.000</ele></trkpt>
      <trkpt lat="22.4958595859" lon="114.2480928709"><ele>261.000</ele></trkpt>
      <trkpt lat="22.4958555187" lon="114.2480948250"><ele>261.000</ele></trkpt>
      <trkpt lat="22.4958523581" lon="114.2480965591"><ele>261.000</ele></trkpt>
      <trkpt lat="22.4958492978" lon="114.2480984895"><ele>261.000</ele></trkpt>
      <trkpt lat="22.4958463520" lon="114.2481006484"><ele>261.000</ele></trkpt>
      <trkpt lat="22.4958428117" lon="114.2481036203"><ele>261.000</ele></trkpt>
      <trkpt lat="22.4958394049" lon="114.2481068402"><ele>260.000</ele></trkpt>
      <trkpt lat="22.4958354568" lon="114.2481109412"><ele>260.000</ele></trkpt>
      <trkpt lat="22.4958222848" lon="114.2481258957"><ele>258.000</ele></trkpt>
      <trkpt lat="22.4958163910" lon="114.2481332668"><ele>258.000</ele></trkpt>
      <trkpt lat="22.4958050656" lon="114.2481484973"><ele>258.000</ele></trkpt>
      <trkpt lat="22.4958010303" lon="114.2481537440"><ele>257.000</ele></trkpt>
      <trkpt lat="22.4957962904" lon="114.2481594899"><ele>257.000</ele></trkpt>
      <trkpt lat="22.4957563570" lon="114.2482371637"><ele>254.000</ele></trkpt>
      <trkpt lat="22.4957542021" lon="114.2482396981"><ele>254.000</ele></trkpt>
      <trkpt lat="22.4957513844" lon="114.2482423545"><ele>254.000</ele></trkpt>
      <trkpt lat="22.4957436732" lon="114.2482487656"><ele>254.000</ele></trkpt>
      <trkpt lat="22.4957408139" lon="114.2482514075"><ele>253.000</ele></trkpt>
      <trkpt lat="22.4957370003" lon="114.2482555795"><ele>253.000</ele></trkpt>
      <trkpt lat="22.4957252512" lon="114.2482691897"><ele>253.000</ele></trkpt>
      <trkpt lat="22.4957213844" lon="114.2482732615"><ele>253.000</ele></trkpt>
      <trkpt lat="22.4957180173" lon="114.2482764474"><ele>253.000</ele></trkpt>
      <trkpt lat="22.4957137462" lon="114.2482799379"><ele>253.000</ele></trkpt>
      <trkpt lat="22.4957084257" lon="114.2482835164"><ele>253.000</ele></trkpt>
      <trkpt lat="22.4957036555" lon="114.2482862807"><ele>253.000</ele></trkpt>
      <trkpt lat="22.4956914201" lon="114.2482927594"><ele>253.000</ele></trkpt>
      <trkpt lat="22.4956866084" lon="114.2482954848"><ele>252.000</ele></trkpt>
      <trkpt lat="22.4956748828" lon="114.2483027830"><ele>252.000</ele></trkpt>
      <trkpt lat="22.4956391115" lon="114.2483255120"><ele>252.000</ele></trkpt>
      <trkpt lat="22.4956216647" lon="114.2483357509"><ele>252.000</ele></trkpt>
      <trkpt lat="22.4956161764" lon="114.2483391203"><ele>252.000</ele></trkpt>
      <trkpt lat="22.4956070050" lon="114.2483453333"><ele>252.000</ele></trkpt>
      <trkpt lat="22.4955866992" lon="114.2483599148"><ele>250.000</ele></trkpt>
      <trkpt lat="22.4955813416" lon="114.2483635087"><ele>250.000</ele></trkpt>
      <trkpt lat="22.4955766707" lon="114.2483664364"><ele>250.000</ele></trkpt>
      <trkpt lat="22.4955694879" lon="114.2483705027"><ele>250.000</ele></trkpt>
      <trkpt lat="22.4955621184" lon="114.2483742180"><ele>250.000</ele></trkpt>
      <trkpt lat="22.4955529444" lon="114.2483783824"><ele>250.000</ele></trkpt>
      <trkpt lat="22.4955436495" lon="114.2483821959"><ele>250.000</ele></trkpt>
      <trkpt lat="22.4955374746" lon="114.2483841558"><ele>250.000</ele></trkpt>
      <trkpt lat="22.4955248368" lon="114.2483875196"><ele>250.000</ele></trkpt>
      <trkpt lat="22.4955186673" lon="114.2483893804"><ele>250.000</ele></trkpt>
      <trkpt lat="22.4955152650" lon="114.2483906197"><ele>250.000</ele></trkpt>
      <trkpt lat="22.4955127921" lon="114.2483916670"><ele>250.000</ele></trkpt>
      <trkpt lat="22.4955104012" lon="114.2483928329"><ele>248.000</ele></trkpt>
      <trkpt lat="22.4955081024" lon="114.2483941378"><ele>248.000</ele></trkpt>
      <trkpt lat="22.4955059073" lon="114.2483955993"><ele>248.000</ele></trkpt>
      <trkpt lat="22.4955045288" lon="114.2483966958"><ele>248.000</ele></trkpt>
      <trkpt lat="22.4955032523" lon="114.2483979361"><ele>248.000</ele></trkpt>
      <trkpt lat="22.4955015022" lon="114.2484000315"><ele>248.000</ele></trkpt>
      <trkpt lat="22.4954999181" lon="114.2484023611"><ele>248.000</ele></trkpt>
      <trkpt lat="22.4954984595" lon="114.2484048715"><ele>248.000</ele></trkpt>
      <trkpt lat="22.4954931087" lon="114.2484156355"><ele>248.000</ele></trkpt>
      <trkpt lat="22.4954907002" lon="114.2484198977"><ele>248.000</ele></trkpt>
      <trkpt lat="22.4954890900" lon="114.2484222321"><ele>248.000</ele></trkpt>
      <trkpt lat="22.4954873073" lon="114.2484243342"><ele>248.000</ele></trkpt>
      <trkpt lat="22.4954860046" lon="114.2484255794"><ele>248.000</ele></trkpt>
      <trkpt lat="22.4954838763" lon="114.2484272091"><ele>248.000</ele></trkpt>
      <trkpt lat="22.4954815711" lon="114.2484285986"><ele>248.000</ele></trkpt>
      <trkpt lat="22.4954782852" lon="114.2484301663"><ele>248.000</ele></trkpt>
      <trkpt lat="22.4954678045" lon="114.2484341172"><ele>248.000</ele></trkpt>
      <trkpt lat="22.4954643967" lon="114.2484355995"><ele>246.000</ele></trkpt>
      <trkpt lat="22.4954619588" lon="114.2484368946"><ele>246.000</ele></trkpt>
      <trkpt lat="22.4954556503" lon="114.2484406630"><ele>246.000</ele></trkpt>
      <trkpt lat="22.4954424252" lon="114.2484490488"><ele>246.000</ele></trkpt>
      <trkpt lat="22.4954201127" lon="114.2484638401"><ele>245.000</ele></trkpt>
      <trkpt lat="22.4954155671" lon="114.2484670516"><ele>245.000</ele></trkpt>
      <trkpt lat="22.4954020939" lon="114.2484770281"><ele>245.000</ele></trkpt>
      <trkpt lat="22.4953974961" lon="114.2484800860"><ele>245.000</ele></trkpt>
      <trkpt lat="22.4953935641" lon="114.2484823921"><ele>245.000</ele></trkpt>
      <trkpt lat="22.4953894950" lon="114.2484843754"><ele>245.000</ele></trkpt>
      <trkpt lat="22.4953860485" lon="114.2484855408"><ele>245.000</ele></trkpt>
      <trkpt lat="22.4953815581" lon="114.2484865890"><ele>245.000</ele></trkpt>
      <trkpt lat="22.4953715101" lon="114.2484884400"><ele>243.000</ele></trkpt>
      <trkpt lat="22.4953688531" lon="114.2484890956"><ele>243.000</ele></trkpt>
      <trkpt lat="22.4953662799" lon="114.2484899164"><ele>243.000</ele></trkpt>
      <trkpt lat="22.4953638151" lon="114.2484909540"><ele>243.000</ele></trkpt>
      <trkpt lat="22.4953622443" lon="114.2484917929"><ele>243.000</ele></trkpt>
      <trkpt lat="22.4953599978" lon="114.2484932737"><ele>242.000</ele></trkpt>
      <trkpt lat="22.4953570809" lon="114.2484954200"><ele>242.000</ele></trkpt>
      <trkpt lat="22.4953542308" lon="114.2484977091"><ele>242.000</ele></trkpt>
      <trkpt lat="22.4953507519" lon="114.2485007462"><ele>242.000</ele></trkpt>
      <trkpt lat="22.4953440321" lon="114.2485072928"><ele>242.000</ele></trkpt>
      <trkpt lat="22.4953375579" lon="114.2485142632"><ele>242.000</ele></trkpt>
      <trkpt lat="22.4953249984" lon="114.2485284939"><ele>241.000</ele></trkpt>
      <trkpt lat="22.4953219635" lon="114.2485320793"><ele>241.000</ele></trkpt>
      <trkpt lat="22.4953184433" lon="114.2485365041"><ele>241.000</ele></trkpt>
      <trkpt lat="22.4953048742" lon="114.2485547333"><ele>240.000</ele></trkpt>
      <trkpt lat="22.4952990256" lon="114.2485621365"><ele>240.000</ele></trkpt>
      <trkpt lat="22.4952928176" lon="114.2485691829"><ele>240.000</ele></trkpt>
      <trkpt lat="22.4952798710" lon="114.2485827545"><ele>238.000</ele></trkpt>
      <trkpt lat="22.4952741809" lon="114.2485889974"><ele>238.000</ele></trkpt>
      <trkpt lat="22.4952706201" lon="114.2485934057"><ele>236.000</ele></trkpt>
      <trkpt lat="22.4952650097" lon="114.2486010996"><ele>236.000</ele></trkpt>
      <trkpt lat="22.4952621210" lon="114.2486048406"><ele>236.000</ele></trkpt>
      <trkpt lat="22.4952596689" lon="114.2486076654"><ele>236.000</ele></trkpt>
      <trkpt lat="22.4952570318" lon="114.2486102753"><ele>236.000</ele></trkpt>
      <trkpt lat="22.4952514434" lon="114.2486151568"><ele>236.000</ele></trkpt>
      <trkpt lat="22.4952455978" lon="114.2486197524"><ele>236.000</ele></trkpt>
      <trkpt lat="22.4952388011" lon="114.2486246255"><ele>236.000</ele></trkpt>
      <trkpt lat="22.4952303137" lon="114.2486302265"><ele>236.000</ele></trkpt>
      <trkpt lat="22.4952209195" lon="114.2486359758"><ele>236.000</ele></trkpt>
      <trkpt lat="22.4952137141" lon="114.2486400683"><ele>235.000</ele></trkpt>
      <trkpt lat="22.4952084502" lon="114.2486423999"><ele>235.000</ele></trkpt>
      <trkpt lat="22.4951974249" lon="114.2486466595"><ele>235.000</ele></trkpt>
      <trkpt lat="22.4951923099" lon="114.2486490952"><ele>234.000</ele></trkpt>
      <trkpt lat="22.4951899930" lon="114.2486505012"><ele>234.000</ele></trkpt>
      <trkpt lat="22.4951878900" lon="114.2486520744"><ele>234.000</ele></trkpt>
      <trkpt lat="22.4951860416" lon="114.2486538471"><ele>234.000</ele></trkpt>
      <trkpt lat="22.4951844884" lon="114.2486558501"><ele>234.000</ele></trkpt>
      <trkpt lat="22.4951832574" lon="114.2486581022"><ele>234.000</ele></trkpt>
      <trkpt lat="22.4951823081" lon="114.2486605643"><ele>234.000</ele></trkpt>
      <trkpt lat="22.4951816035" lon="114.2486632082"><ele>234.000</ele></trkpt>
      <trkpt lat="22.4951811083" lon="114.2486660078"><ele>234.000</ele></trkpt>
      <trkpt lat="22.4951807855" lon="114.2486689377"><ele>234.000</ele></trkpt>
      <trkpt lat="22.4951806017" lon="114.2486719735"><ele>234.000</ele></trkpt>
      <trkpt lat="22.4951805134" lon="114.2486878374"><ele>232.000</ele></trkpt>
      <trkpt lat="22.4951802072" lon="114.2486940287"><ele>232.000</ele></trkpt>
      <trkpt lat="22.4951798537" lon="114.2486969906"><ele>232.000</ele></trkpt>
      <trkpt lat="22.4951793196" lon="114.2486998281"><ele>232.000</ele></trkpt>
      <trkpt lat="22.4951785707" lon="114.2487025177"><ele>232.000</ele></trkpt>
      <trkpt lat="22.4951775699" lon="114.2487050313"><ele>232.000</ele></trkpt>
      <trkpt lat="22.4951762830" lon="114.2487073464"><ele>232.000</ele></trkpt>
      <trkpt lat="22.4951747360" lon="114.2487094943"><ele>232.000</ele></trkpt>
      <trkpt lat="22.4951729778" lon="114.2487115187"><ele>232.000</ele></trkpt>
      <trkpt lat="22.4951710309" lon="114.2487134312"><ele>232.000</ele></trkpt>
      <trkpt lat="22.4951689188" lon="114.2487152445"><ele>232.000</ele></trkpt>
      <trkpt lat="22.4951666631" lon="114.2487169702"><ele>232.000</ele></trkpt>
      <trkpt lat="22.4951642856" lon="114.2487186211"><ele>232.000</ele></trkpt>
      <trkpt lat="22.4951592579" lon="114.2487217478"><ele>232.000</ele></trkpt>
      <trkpt lat="22.4951461406" lon="114.2487291190"><ele>230.000</ele></trkpt>
      <trkpt lat="22.4951411464" lon="114.2487321475"><ele>230.000</ele></trkpt>
      <trkpt lat="22.4951387923" lon="114.2487337284"><ele>230.000</ele></trkpt>
      <trkpt lat="22.4951344852" lon="114.2487370838"><ele>230.000</ele></trkpt>
      <trkpt lat="22.4951325762" lon="114.2487388836"><ele>230.000</ele></trkpt>
      <trkpt lat="22.4951308605" lon="114.2487407807"><ele>230.000</ele></trkpt>
      <trkpt lat="22.4951293606" lon="114.2487427887"><ele>230.000</ele></trkpt>
      <trkpt lat="22.4951281071" lon="114.2487449221"><ele>230.000</ele></trkpt>
      <trkpt lat="22.4951273385" lon="114.2487472774"><ele>230.000</ele></trkpt>
      <trkpt lat="22.4951270872" lon="114.2487498672"><ele>230.000</ele></trkpt>
      <trkpt lat="22.4951272674" lon="114.2487526515"><ele>230.000</ele></trkpt>
      <trkpt lat="22.4951277953" lon="114.2487555925"><ele>230.000</ele></trkpt>
      <trkpt lat="22.4951285850" lon="114.2487586542"><ele>230.000</ele></trkpt>
      <trkpt lat="22.4951326584" lon="114.2487713356"><ele>230.000</ele></trkpt>
      <trkpt lat="22.4951334797" lon="114.2487744264"><ele>230.000</ele></trkpt>
      <trkpt lat="22.4951340509" lon="114.2487774092"><ele>230.000</ele></trkpt>
      <trkpt lat="22.4951342880" lon="114.2487802470"><ele>230.000</ele></trkpt>
      <trkpt lat="22.4951341053" lon="114.2487829010"><ele>230.000</ele></trkpt>
      <trkpt lat="22.4951334197" lon="114.2487853340"><ele>230.000</ele></trkpt>
      <trkpt lat="22.4951322303" lon="114.2487875268"><ele>230.000</ele></trkpt>
      <trkpt lat="22.4951306121" lon="114.2487895124"><ele>230.000</ele></trkpt>
      <trkpt lat="22.4951286427" lon="114.2487913325"><ele>230.000</ele></trkpt>
      <trkpt lat="22.4951263960" lon="114.2487930262"><ele>230.000</ele></trkpt>
      <trkpt lat="22.4951239472" lon="114.2487946353"><ele>230.000</ele></trkpt>
      <trkpt lat="22.4951161491" lon="114.2487993582"><ele>230.000</ele></trkpt>
      <trkpt lat="22.4951136497" lon="114.2488010323"><ele>230.000</ele></trkpt>
      <trkpt lat="22.4951113263" lon="114.2488028250"><ele>230.000</ele></trkpt>
      <trkpt lat="22.4951092538" lon="114.2488047764"><ele>230.000</ele></trkpt>
      <trkpt lat="22.4951075091" lon="114.2488069261"><ele>230.000</ele></trkpt>
      <trkpt lat="22.4951061038" lon="114.2488092840"><ele>230.000</ele></trkpt>
      <trkpt lat="22.4951048701" lon="114.2488117615"><ele>230.000</ele></trkpt>
      <trkpt lat="22.4951028025" lon="114.2488170043"><ele>228.000</ele></trkpt>
      <trkpt lat="22.4951019307" lon="114.2488197424"><ele>228.000</ele></trkpt>
      <trkpt lat="22.4951004120" lon="114.2488253889"><ele>228.000</ele></trkpt>
      <trkpt lat="22.4950977464" lon="114.2488369930"><ele>228.000</ele></trkpt>
      <trkpt lat="22.4950962909" lon="114.2488427405"><ele>228.000</ele></trkpt>
      <trkpt lat="22.4950957836" lon="114.2488443651"><ele>228.000</ele></trkpt>
      <trkpt lat="22.4950945501" lon="114.2488483120"><ele>228.000</ele></trkpt>
      <trkpt lat="22.4950924129" lon="114.2488536656"><ele>228.000</ele></trkpt>
      <trkpt lat="22.4950899813" lon="114.2488589753"><ele>228.000</ele></trkpt>
      <trkpt lat="22.4950886518" lon="114.2488615820"><ele>228.000</ele></trkpt>
      <trkpt lat="22.4950857391" lon="114.2488665951"><ele>228.000</ele></trkpt>
      <trkpt lat="22.4950841450" lon="114.2488689626"><ele>228.000</ele></trkpt>
      <trkpt lat="22.4950824535" lon="114.2488712115"><ele>228.000</ele></trkpt>
      <trkpt lat="22.4950806574" lon="114.2488733213"><ele>228.000</ele></trkpt>
      <trkpt lat="22.4950787366" lon="114.2488752776"><ele>228.000</ele></trkpt>
      <trkpt lat="22.4950766724" lon="114.2488770919"><ele>228.000</ele></trkpt>
      <trkpt lat="22.4950744853" lon="114.2488787836"><ele>228.000</ele></trkpt>
      <trkpt lat="22.4950698378" lon="114.2488818697"><ele>228.000</ele></trkpt>
      <trkpt lat="22.4950528808" lon="114.2488914138"><ele>228.000</ele></trkpt>
      <trkpt lat="22.4950456051" lon="114.2488953586"><ele>228.000</ele></trkpt>
      <trkpt lat="22.4950382400" lon="114.2488991089"><ele>228.000</ele></trkpt>
      <trkpt lat="22.4950307685" lon="114.2489025627"><ele>228.000</ele></trkpt>
      <trkpt lat="22.4950257169" lon="114.2489046486"><ele>228.000</ele></trkpt>
      <trkpt lat="22.4950154720" lon="114.2489083692"><ele>228.000</ele></trkpt>
      <trkpt lat="22.4950051163" lon="114.2489117662"><ele>228.000</ele></trkpt>
      <trkpt lat="22.4949711421" lon="114.2489218973"><ele>228.000</ele></trkpt>
      <trkpt lat="22.4949581302" lon="114.2489259702"><ele>228.000</ele></trkpt>
      <trkpt lat="22.4949400008" lon="114.2489319579"><ele>230.000</ele></trkpt>
      <trkpt lat="22.4949141627" lon="114.2489407618"><ele>229.000</ele></trkpt>
      <trkpt lat="22.4949088883" lon="114.2489423421"><ele>229.000</ele></trkpt>
      <trkpt lat="22.4948928781" lon="114.2489467712"><ele>229.000</ele></trkpt>
      <trkpt lat="22.4948850305" lon="114.2489492880"><ele>229.000</ele></trkpt>
      <trkpt lat="22.4948799545" lon="114.2489512552"><ele>229.000</ele></trkpt>
      <trkpt lat="22.4948774797" lon="114.2489523550"><ele>228.000</ele></trkpt>
      <trkpt lat="22.4948726807" lon="114.2489548345"><ele>228.000</ele></trkpt>
      <trkpt lat="22.4948681136" lon="114.2489577418"><ele>228.000</ele></trkpt>
      <trkpt lat="22.4948637225" lon="114.2489609708"><ele>228.000</ele></trkpt>
      <trkpt lat="22.4948573754" lon="114.2489662561"><ele>228.000</ele></trkpt>
      <trkpt lat="22.4948532766" lon="114.2489700217"><ele>228.000</ele></trkpt>
      <trkpt lat="22.4948492600" lon="114.2489739409"><ele>228.000</ele></trkpt>
      <trkpt lat="22.4948433468" lon="114.2489800292"><ele>230.000</ele></trkpt>
      <trkpt lat="22.4948277656" lon="114.2489966469"><ele>228.000</ele></trkpt>
      <trkpt lat="22.4948197828" lon="114.2490046331"><ele>228.000</ele></trkpt>
      <trkpt lat="22.4947972642" lon="114.2490256447"><ele>228.000</ele></trkpt>
      <trkpt lat="22.4947807490" lon="114.2490407517"><ele>229.000</ele></trkpt>
      <trkpt lat="22.4947661473" lon="114.2490537704"><ele>229.000</ele></trkpt>
      <trkpt lat="22.4947596547" lon="114.2490591431"><ele>229.000</ele></trkpt>
      <trkpt lat="22.4947527885" lon="114.2490642201"><ele>229.000</ele></trkpt>
      <trkpt lat="22.4947387752" lon="114.2490741079"><ele>227.000</ele></trkpt>
      <trkpt lat="22.4947320552" lon="114.2490792346"><ele>228.000</ele></trkpt>
      <trkpt lat="22.4947278264" lon="114.2490828291"><ele>228.000</ele></trkpt>
      <trkpt lat="22.4947258109" lon="114.2490846959"><ele>228.000</ele></trkpt>
      <trkpt lat="22.4947220182" lon="114.2490885996"><ele>228.000</ele></trkpt>
      <trkpt lat="22.4947202564" lon="114.2490906473"><ele>228.000</ele></trkpt>
      <trkpt lat="22.4947170441" lon="114.2490949683"><ele>228.000</ele></trkpt>
      <trkpt lat="22.4947156858" lon="114.2490972990"><ele>228.000</ele></trkpt>
      <trkpt lat="22.4947145414" lon="114.2490997726"><ele>228.000</ele></trkpt>
      <trkpt lat="22.4947135840" lon="114.2491023727"><ele>228.000</ele></trkpt>
      <trkpt lat="22.4947127890" lon="114.2491050836"><ele>228.000</ele></trkpt>
      <trkpt lat="22.4947121312" lon="114.2491078879"><ele>228.000</ele></trkpt>
      <trkpt lat="22.4947111262" lon="114.2491137164"><ele>228.000</ele></trkpt>
      <trkpt lat="22.4947096470" lon="114.2491257923"><ele>230.000</ele></trkpt>
      <trkpt lat="22.4947087675" lon="114.2491317812"><ele>230.000</ele></trkpt>
      <trkpt lat="22.4947075241" lon="114.2491375648"><ele>230.000</ele></trkpt>
      <trkpt lat="22.4947057616" lon="114.2491430682"><ele>230.000</ele></trkpt>
      <trkpt lat="22.4947036614" lon="114.2491485375"><ele>230.000</ele></trkpt>
      <trkpt lat="22.4947024953" lon="114.2491512424"><ele>230.000</ele></trkpt>
      <trkpt lat="22.4946999120" lon="114.2491565015"><ele>230.000</ele></trkpt>
      <trkpt lat="22.4946969713" lon="114.2491614407"><ele>228.000</ele></trkpt>
      <trkpt lat="22.4946953575" lon="114.2491637459"><ele>228.000</ele></trkpt>
      <trkpt lat="22.4946936434" lon="114.2491659180"><ele>228.000</ele></trkpt>
      <trkpt lat="22.4946918003" lon="114.2491679355"><ele>228.000</ele></trkpt>
      <trkpt lat="22.4946897866" lon="114.2491697965"><ele>228.000</ele></trkpt>
      <trkpt lat="22.4946876267" lon="114.2491715194"><ele>228.000</ele></trkpt>
      <trkpt lat="22.4946829791" lon="114.2491746297"><ele>229.000</ele></trkpt>
      <trkpt lat="22.4946780762" lon="114.2491774211"><ele>229.000</ele></trkpt>
      <trkpt lat="22.4946707065" lon="114.2491813346"><ele>229.000</ele></trkpt>
      <trkpt lat="22.4946682371" lon="114.2491825287"><ele>229.000</ele></trkpt>
      <trkpt lat="22.4946631728" lon="114.2491846738"><ele>229.000</ele></trkpt>
      <trkpt lat="22.4946503230" lon="114.2491896340"><ele>226.000</ele></trkpt>
      <trkpt lat="22.4946453481" lon="114.2491919123"><ele>226.000</ele></trkpt>
      <trkpt lat="22.4946429418" lon="114.2491932016"><ele>226.000</ele></trkpt>
      <trkpt lat="22.4946383313" lon="114.2491961574"><ele>226.000</ele></trkpt>
      <trkpt lat="22.4946293396" lon="114.2492026444"><ele>226.000</ele></trkpt>
      <trkpt lat="22.4946227351" lon="114.2492078286"><ele>226.000</ele></trkpt>
      <trkpt lat="22.4946162976" lon="114.2492132751"><ele>226.000</ele></trkpt>
      <trkpt lat="22.4946100695" lon="114.2492189774"><ele>226.000</ele></trkpt>
      <trkpt lat="22.4946060555" lon="114.2492229170"><ele>225.000</ele></trkpt>
      <trkpt lat="22.4946002724" lon="114.2492290257"><ele>225.000</ele></trkpt>
      <trkpt lat="22.4945907794" lon="114.2492396281"><ele>225.000</ele></trkpt>
      <trkpt lat="22.4945851162" lon="114.2492462238"><ele>225.000</ele></trkpt>
      <trkpt lat="22.4945796868" lon="114.2492530266"><ele>225.000</ele></trkpt>
      <trkpt lat="22.4945746618" lon="114.2492600619"><ele>225.000</ele></trkpt>
      <trkpt lat="22.4945716209" lon="114.2492648941"><ele>225.000</ele></trkpt>
      <trkpt lat="22.4945702120" lon="114.2492673559"><ele>225.000</ele></trkpt>
      <trkpt lat="22.4945676487" lon="114.2492723740"><ele>227.000</ele></trkpt>
      <trkpt lat="22.4945665079" lon="114.2492749332"><ele>227.000</ele></trkpt>
      <trkpt lat="22.4945645388" lon="114.2492801586"><ele>227.000</ele></trkpt>
      <trkpt lat="22.4945637194" lon="114.2492828374"><ele>227.000</ele></trkpt>
      <trkpt lat="22.4945630048" lon="114.2492855601"><ele>227.000</ele></trkpt>
      <trkpt lat="22.4945618527" lon="114.2492911231"><ele>222.000</ele></trkpt>
      <trkpt lat="22.4945606939" lon="114.2492997133"><ele>222.000</ele></trkpt>
      <trkpt lat="22.4945600171" lon="114.2493085166"><ele>222.000</ele></trkpt>
      <trkpt lat="22.4945588587" lon="114.2493323274"><ele>224.000</ele></trkpt>
      <trkpt lat="22.4945580239" lon="114.2493411209"><ele>224.000</ele></trkpt>
      <trkpt lat="22.4945571643" lon="114.2493468688"><ele>224.000</ele></trkpt>
      <trkpt lat="22.4945565264" lon="114.2493496721"><ele>224.000</ele></trkpt>
      <trkpt lat="22.4945556086" lon="114.2493523888"><ele>224.000</ele></trkpt>
      <trkpt lat="22.4945544904" lon="114.2493550471"><ele>224.000</ele></trkpt>
      <trkpt lat="22.4945507537" lon="114.2493629198"><ele>224.000</ele></trkpt>
      <trkpt lat="22.4945496535" lon="114.2493655985"><ele>224.000</ele></trkpt>
      <trkpt lat="22.4945453000" lon="114.2493794096"><ele>224.000</ele></trkpt>
      <trkpt lat="22.4945419637" lon="114.2493905351"><ele>224.000</ele></trkpt>
      <trkpt lat="22.4945389010" lon="114.2494017385"><ele>224.000</ele></trkpt>
      <trkpt lat="22.4945368843" lon="114.2494102049"><ele>224.000</ele></trkpt>
      <trkpt lat="22.4945357123" lon="114.2494158835"><ele>222.000</ele></trkpt>
      <trkpt lat="22.4945336500" lon="114.2494273178"><ele>222.000</ele></trkpt>
      <trkpt lat="22.4945314193" lon="114.2494417189"><ele>222.000</ele></trkpt>
      <trkpt lat="22.4945296085" lon="114.2494562009"><ele>222.000</ele></trkpt>
      <trkpt lat="22.4945282574" lon="114.2494707220"><ele>222.000</ele></trkpt>
      <trkpt lat="22.4945275369" lon="114.2494823416"><ele>222.000</ele></trkpt>
      <trkpt lat="22.4945272693" lon="114.2494910674"><ele>222.000</ele></trkpt>
      <trkpt lat="22.4945272067" lon="114.2494998078"><ele>222.000</ele></trkpt>
      <trkpt lat="22.4945279098" lon="114.2495406720"><ele>222.000</ele></trkpt>
      <trkpt lat="22.4945278621" lon="114.2495523337"><ele>222.000</ele></trkpt>
      <trkpt lat="22.4945275944" lon="114.2495610663"><ele>222.000</ele></trkpt>
      <trkpt lat="22.4945266288" lon="114.2495755944"><ele>222.000</ele></trkpt>
      <trkpt lat="22.4945251819" lon="114.2495900970"><ele>222.000</ele></trkpt>
      <trkpt lat="22.4945193884" lon="114.2496393328"><ele>222.000</ele></trkpt>
      <trkpt lat="22.4945174457" lon="114.2496537768"><ele>222.000</ele></trkpt>
      <trkpt lat="22.4945155288" lon="114.2496652393"><ele>218.000</ele></trkpt>
      <trkpt lat="22.4945131559" lon="114.2496765869"><ele>218.000</ele></trkpt>
      <trkpt lat="22.4945103099" lon="114.2496878750"><ele>218.000</ele></trkpt>
      <trkpt lat="22.4945086909" lon="114.2496934689"><ele>218.000</ele></trkpt>
      <trkpt lat="22.4945069275" lon="114.2496990102"><ele>218.000</ele></trkpt>
      <trkpt lat="22.4945039907" lon="114.2497071865"><ele>218.000</ele></trkpt>
      <trkpt lat="22.4945006729" lon="114.2497151565"><ele>218.000</ele></trkpt>
      <trkpt lat="22.4944958758" lon="114.2497255757"><ele>218.000</ele></trkpt>
      <trkpt lat="22.4944895848" lon="114.2497384597"><ele>218.000</ele></trkpt>
      <trkpt lat="22.4944803919" lon="114.2497563148"><ele>218.000</ele></trkpt>
      <trkpt lat="22.4944615917" lon="114.2497918383"><ele>218.000</ele></trkpt>
      <trkpt lat="22.4944510846" lon="114.2498122681"><ele>218.000</ele></trkpt>
      <trkpt lat="22.4944319891" lon="114.2498478332"><ele>218.000</ele></trkpt>
      <trkpt lat="22.4944267857" lon="114.2498580870"><ele>218.000</ele></trkpt>
      <trkpt lat="22.4944218991" lon="114.2498684498"><ele>218.000</ele></trkpt>
      <trkpt lat="22.4944205441" lon="114.2498715949"><ele>218.000</ele></trkpt>
      <trkpt lat="22.4944185083" lon="114.2498763178"><ele>218.000</ele></trkpt>
      <trkpt lat="22.4944164045" lon="114.2498816160"><ele>218.000</ele></trkpt>
      <trkpt lat="22.4944145382" lon="114.2498869959"><ele>218.000</ele></trkpt>
      <trkpt lat="22.4944138678" lon="114.2498897769"><ele>218.000</ele></trkpt>
      <trkpt lat="22.4944133644" lon="114.2498926143"><ele>218.000</ele></trkpt>
      <trkpt lat="22.4944127468" lon="114.2498984245"><ele>218.000</ele></trkpt>
      <trkpt lat="22.4944121314" lon="114.2499132754"><ele>218.000</ele></trkpt>
      <trkpt lat="22.4944116556" lon="114.2499191410"><ele>218.000</ele></trkpt>
      <trkpt lat="22.4944112542" lon="114.2499220193"><ele>218.000</ele></trkpt>
      <trkpt lat="22.4944107057" lon="114.2499248479"><ele>218.000</ele></trkpt>
      <trkpt lat="22.4944099820" lon="114.2499276172"><ele>218.000</ele></trkpt>
      <trkpt lat="22.4944081780" lon="114.2499330400"><ele>218.000</ele></trkpt>
      <trkpt lat="22.4944071482" lon="114.2499357109"><ele>218.000</ele></trkpt>
      <trkpt lat="22.4944048801" lon="114.2499409857"><ele>218.000</ele></trkpt>
      <trkpt lat="22.4944023935" lon="114.2499461875"><ele>218.000</ele></trkpt>
      <trkpt lat="22.4943997606" lon="114.2499513387"><ele>218.000</ele></trkpt>
      <trkpt lat="22.4943890575" lon="114.2499718004"><ele>218.000</ele></trkpt>
      <trkpt lat="22.4943861826" lon="114.2499768338"><ele>218.000</ele></trkpt>
      <trkpt lat="22.4943771554" lon="114.2499917756"><ele>218.000</ele></trkpt>
      <trkpt lat="22.4943743185" lon="114.2499967964"><ele>218.000</ele></trkpt>
      <trkpt lat="22.4943717208" lon="114.2500018844"><ele>219.000</ele></trkpt>
      <trkpt lat="22.4943705403" lon="114.2500044620"><ele>219.000</ele></trkpt>
      <trkpt lat="22.4943684745" lon="114.2500097038"><ele>219.000</ele></trkpt>
      <trkpt lat="22.4943676118" lon="114.2500123749"><ele>219.000</ele></trkpt>
      <trkpt lat="22.4943669161" lon="114.2500150956"><ele>219.000</ele></trkpt>
      <trkpt lat="22.4943665066" lon="114.2500179000"><ele>219.000</ele></trkpt>
      <trkpt lat="22.4943663473" lon="114.2500207794"><ele>219.000</ele></trkpt>
      <trkpt lat="22.4943663893" lon="114.2500237172"><ele>219.000</ele></trkpt>
      <trkpt lat="22.4943665866" lon="114.2500266998"><ele>219.000</ele></trkpt>
      <trkpt lat="22.4943679655" lon="114.2500387860"><ele>219.000</ele></trkpt>
      <trkpt lat="22.4943683403" lon="114.2500447182"><ele>219.000</ele></trkpt>
      <trkpt lat="22.4943682812" lon="114.2500476054"><ele>220.000</ele></trkpt>
      <trkpt lat="22.4943679945" lon="114.2500504216"><ele>220.000</ele></trkpt>
      <trkpt lat="22.4943674325" lon="114.2500531501"><ele>220.000</ele></trkpt>
      <trkpt lat="22.4943665581" lon="114.2500557823"><ele>220.000</ele></trkpt>
      <trkpt lat="22.4943653983" lon="114.2500583249"><ele>220.000</ele></trkpt>
      <trkpt lat="22.4943639984" lon="114.2500607926"><ele>220.000</ele></trkpt>
      <trkpt lat="22.4943624061" lon="114.2500631979"><ele>220.000</ele></trkpt>
      <trkpt lat="22.4943588316" lon="114.2500678851"><ele>220.000</ele></trkpt>
      <trkpt lat="22.4943531935" lon="114.2500748140"><ele>220.000</ele></trkpt>
      <trkpt lat="22.4943497968" lon="114.2500795314"><ele>220.000</ele></trkpt>
      <trkpt lat="22.4943483472" lon="114.2500819621"><ele>220.000</ele></trkpt>
      <trkpt lat="22.4943471261" lon="114.2500844609"><ele>220.000</ele></trkpt>
      <trkpt lat="22.4943461803" lon="114.2500870406"><ele>220.000</ele></trkpt>
      <trkpt lat="22.4943455497" lon="114.2500897108"><ele>220.000</ele></trkpt>
      <trkpt lat="22.4943452215" lon="114.2500924570"><ele>220.000</ele></trkpt>
      <trkpt lat="22.4943451507" lon="114.2500952694"><ele>220.000</ele></trkpt>
      <trkpt lat="22.4943452930" lon="114.2500981363"><ele>220.000</ele></trkpt>
      <trkpt lat="22.4943460381" lon="114.2501039957"><ele>220.000</ele></trkpt>
      <trkpt lat="22.4943481304" lon="114.2501159414"><ele>220.000</ele></trkpt>
      <trkpt lat="22.4943487652" lon="114.2501218698"><ele>220.000</ele></trkpt>
      <trkpt lat="22.4943488253" lon="114.2501247881"><ele>220.000</ele></trkpt>
      <trkpt lat="22.4943486533" lon="114.2501276617"><ele>220.000</ele></trkpt>
      <trkpt lat="22.4943478642" lon="114.2501333726"><ele>220.000</ele></trkpt>
      <trkpt lat="22.4943462691" lon="114.2501420141"><ele>220.000</ele></trkpt>
      <trkpt lat="22.4943441774" lon="114.2501506252"><ele>220.000</ele></trkpt>
      <trkpt lat="22.4943415791" lon="114.2501590660"><ele>220.000</ele></trkpt>
      <trkpt lat="22.4943395610" lon="114.2501645294"><ele>220.000</ele></trkpt>
      <trkpt lat="22.4943373091" lon="114.2501698139"><ele>220.000</ele></trkpt>
      <trkpt lat="22.4943348126" lon="114.2501748738"><ele>220.000</ele></trkpt>
      <trkpt lat="22.4943333252" lon="114.2501772607"><ele>220.000</ele></trkpt>
      <trkpt lat="22.4943316183" lon="114.2501795348"><ele>220.000</ele></trkpt>
      <trkpt lat="22.4943297335" lon="114.2501817165"><ele>220.000</ele></trkpt>
      <trkpt lat="22.4943277116" lon="114.2501838224"><ele>220.000</ele></trkpt>
      <trkpt lat="22.4943190613" lon="114.2501918751"><ele>220.000</ele></trkpt>
      <trkpt lat="22.4943149687" lon="114.2501959380"><ele>222.000</ele></trkpt>
      <trkpt lat="22.4943131219" lon="114.2501980449"><ele>222.000</ele></trkpt>
      <trkpt lat="22.4943114639" lon="114.2502002258"><ele>222.000</ele></trkpt>
      <trkpt lat="22.4943100342" lon="114.2502025000"><ele>222.000</ele></trkpt>
      <trkpt lat="22.4943088736" lon="114.2502048862"><ele>222.000</ele></trkpt>
      <trkpt lat="22.4943080652" lon="114.2502074154"><ele>222.000</ele></trkpt>
      <trkpt lat="22.4943077262" lon="114.2502101217"><ele>222.000</ele></trkpt>
      <trkpt lat="22.4943077809" lon="114.2502129750"><ele>222.000</ele></trkpt>
      <trkpt lat="22.4943081398" lon="114.2502159411"><ele>222.000</ele></trkpt>
      <trkpt lat="22.4943087155" lon="114.2502189881"><ele>222.000</ele></trkpt>
      <trkpt lat="22.4943108433" lon="114.2502282632"><ele>222.000</ele></trkpt>
      <trkpt lat="22.4943113910" lon="114.2502312877"><ele>222.000</ele></trkpt>
      <trkpt lat="22.4943117085" lon="114.2502342228"><ele>222.000</ele></trkpt>
      <trkpt lat="22.4943117081" lon="114.2502370333"><ele>222.000</ele></trkpt>
      <trkpt lat="22.4943112996" lon="114.2502396861"><ele>222.000</ele></trkpt>
      <trkpt lat="22.4943104063" lon="114.2502421433"><ele>224.000</ele></trkpt>
      <trkpt lat="22.4943090570" lon="114.2502444050"><ele>224.000</ele></trkpt>
      <trkpt lat="22.4943073403" lon="114.2502465100"><ele>224.000</ele></trkpt>
      <trkpt lat="22.4943053418" lon="114.2502485002"><ele>224.000</ele></trkpt>
      <trkpt lat="22.4942962890" lon="114.2502561436"><ele>224.000</ele></trkpt>
      <trkpt lat="22.4942941984" lon="114.2502581813"><ele>224.000</ele></trkpt>
      <trkpt lat="22.4942886480" lon="114.2502648470"><ele>224.000</ele></trkpt>
      <trkpt lat="22.4942827318" lon="114.2502717058"><ele>224.000</ele></trkpt>
      <trkpt lat="22.4942790967" lon="114.2502764250"><ele>224.000</ele></trkpt>
      <trkpt lat="22.4942775117" lon="114.2502788469"><ele>224.000</ele></trkpt>
      <trkpt lat="22.4942761461" lon="114.2502813165"><ele>224.000</ele></trkpt>
      <trkpt lat="22.4942750459" lon="114.2502838416"><ele>224.000</ele></trkpt>
      <trkpt lat="22.4942742582" lon="114.2502864272"><ele>224.000</ele></trkpt>
      <trkpt lat="22.4942738299" lon="114.2502890791"><ele>224.000</ele></trkpt>
      <trkpt lat="22.4942736986" lon="114.2502917904"><ele>225.000</ele></trkpt>
      <trkpt lat="22.4942737705" lon="114.2502945484"><ele>225.000</ele></trkpt>
      <trkpt lat="22.4942740220" lon="114.2502973483"><ele>225.000</ele></trkpt>
      <trkpt lat="22.4942744316" lon="114.2503001843"><ele>225.000</ele></trkpt>
      <trkpt lat="22.4942749776" lon="114.2503030524"><ele>225.000</ele></trkpt>
      <trkpt lat="22.4942763900" lon="114.2503088597"><ele>225.000</ele></trkpt>
      <trkpt lat="22.4942815952" lon="114.2503264911"><ele>225.000</ele></trkpt>
      <trkpt lat="22.4942830636" lon="114.2503323004"><ele>225.000</ele></trkpt>
      <trkpt lat="22.4942836493" lon="114.2503351685"><ele>225.000</ele></trkpt>
      <trkpt lat="22.4942841049" lon="114.2503380055"><ele>225.000</ele></trkpt>
      <trkpt lat="22.4942844098" lon="114.2503408064"><ele>226.000</ele></trkpt>
      <trkpt lat="22.4942845412" lon="114.2503435664"><ele>226.000</ele></trkpt>
      <trkpt lat="22.4942844777" lon="114.2503462797"><ele>226.000</ele></trkpt>
      <trkpt lat="22.4942839997" lon="114.2503488790"><ele>226.000</ele></trkpt>
      <trkpt lat="22.4942829393" lon="114.2503513129"><ele>226.000</ele></trkpt>
      <trkpt lat="22.4942814203" lon="114.2503536201"><ele>226.000</ele></trkpt>
      <trkpt lat="22.4942795662" lon="114.2503558417"><ele>226.000</ele></trkpt>
      <trkpt lat="22.4942732347" lon="114.2503624010"><ele>226.000</ele></trkpt>
      <trkpt lat="22.4942712813" lon="114.2503646866"><ele>226.000</ele></trkpt>
      <trkpt lat="22.4942696123" lon="114.2503670890"><ele>226.000</ele></trkpt>
      <trkpt lat="22.4942683496" lon="114.2503696481"><ele>226.000</ele></trkpt>
      <trkpt lat="22.4942664002" lon="114.2503750086"><ele>226.000</ele></trkpt>
      <trkpt lat="22.4942647514" lon="114.2503805247"><ele>226.000</ele></trkpt>
      <trkpt lat="22.4942633194" lon="114.2503861536"><ele>226.000</ele></trkpt>
      <trkpt lat="22.4942587580" lon="114.2504061316"><ele>228.000</ele></trkpt>
      <trkpt lat="22.4942572293" lon="114.2504117460"><ele>228.000</ele></trkpt>
      <trkpt lat="22.4942554433" lon="114.2504172406"><ele>228.000</ele></trkpt>
      <trkpt lat="22.4942522799" lon="114.2504252612"><ele>228.000</ele></trkpt>
      <trkpt lat="22.4942487698" lon="114.2504331320"><ele>228.000</ele></trkpt>
      <trkpt lat="22.4942450331" lon="114.2504409055"><ele>230.000</ele></trkpt>
      <trkpt lat="22.4942360802" lon="114.2504589551"><ele>230.000</ele></trkpt>
      <trkpt lat="22.4942324212" lon="114.2504667762"><ele>230.000</ele></trkpt>
      <trkpt lat="22.4942301277" lon="114.2504720597"><ele>230.000</ele></trkpt>
      <trkpt lat="22.4942259237" lon="114.2504828757"><ele>230.000</ele></trkpt>
      <trkpt lat="22.4942161547" lon="114.2505103689"><ele>230.000</ele></trkpt>
      <trkpt lat="22.4942140608" lon="114.2505157584"><ele>230.000</ele></trkpt>
      <trkpt lat="22.4942118414" lon="114.2505210565"><ele>230.000</ele></trkpt>
      <trkpt lat="22.4942082067" lon="114.2505287805"><ele>230.000</ele></trkpt>
      <trkpt lat="22.4942041035" lon="114.2505361690"><ele>230.000</ele></trkpt>
      <trkpt lat="22.4942010085" lon="114.2505408349"><ele>230.000</ele></trkpt>
      <trkpt lat="22.4941993414" lon="114.2505430819"><ele>232.000</ele></trkpt>
      <trkpt lat="22.4941958022" lon="114.2505474279"><ele>232.000</ele></trkpt>
      <trkpt lat="22.4941920355" lon="114.2505516076"><ele>232.000</ele></trkpt>
      <trkpt lat="22.4941880955" lon="114.2505556599"><ele>232.000</ele></trkpt>
      <trkpt lat="22.4941716855" lon="114.2505713547"><ele>232.000</ele></trkpt>
      <trkpt lat="22.4941597969" lon="114.2505833337"><ele>232.000</ele></trkpt>
      <trkpt lat="22.4941396782" lon="114.2506029012"><ele>234.000</ele></trkpt>
      <trkpt lat="22.4941298964" lon="114.2506129649"><ele>234.000</ele></trkpt>
      <trkpt lat="22.4941261197" lon="114.2506171310"><ele>234.000</ele></trkpt>
      <trkpt lat="22.4941225264" lon="114.2506214896"><ele>234.000</ele></trkpt>
      <trkpt lat="22.4941191045" lon="114.2506260271"><ele>234.000</ele></trkpt>
      <trkpt lat="22.4941108246" lon="114.2506376514"><ele>234.000</ele></trkpt>
      <trkpt lat="22.4941074361" lon="114.2506422113"><ele>234.000</ele></trkpt>
      <trkpt lat="22.4941038960" lon="114.2506466049"><ele>234.000</ele></trkpt>
      <trkpt lat="22.4941001329" lon="114.2506507555"><ele>234.000</ele></trkpt>
      <trkpt lat="22.4940961262" lon="114.2506546377"><ele>234.000</ele></trkpt>
      <trkpt lat="22.4940919371" lon="114.2506583137"><ele>234.000</ele></trkpt>
      <trkpt lat="22.4940876162" lon="114.2506618430"><ele>234.000</ele></trkpt>
      <trkpt lat="22.4940743838" lon="114.2506721382"><ele>234.000</ele></trkpt>
      <trkpt lat="22.4940700557" lon="114.2506756674"><ele>234.000</ele></trkpt>
      <trkpt lat="22.4940658549" lon="114.2506793425"><ele>236.000</ele></trkpt>
      <trkpt lat="22.4940618310" lon="114.2506832218"><ele>236.000</ele></trkpt>
      <trkpt lat="22.4940579768" lon="114.2506872955"><ele>236.000</ele></trkpt>
      <trkpt lat="22.4940542498" lon="114.2506915161"><ele>236.000</ele></trkpt>
      <trkpt lat="22.4940380917" lon="114.2507112313"><ele>236.000</ele></trkpt>
      <trkpt lat="22.4940325585" lon="114.2507176423"><ele>236.000</ele></trkpt>
      <trkpt lat="22.4940268124" lon="114.2507238385"><ele>236.000</ele></trkpt>
      <trkpt lat="22.4940209299" lon="114.2507299412"><ele>238.000</ele></trkpt>
      <trkpt lat="22.4940169059" lon="114.2507338817"><ele>238.000</ele></trkpt>
      <trkpt lat="22.4940127737" lon="114.2507376608"><ele>238.000</ele></trkpt>
      <trkpt lat="22.4940085151" lon="114.2507412251"><ele>238.000</ele></trkpt>
      <trkpt lat="22.4940063245" lon="114.2507429042"><ele>238.000</ele></trkpt>
      <trkpt lat="22.4940038947" lon="114.2507443383"><ele>238.000</ele></trkpt>
      <trkpt lat="22.4940012211" lon="114.2507455225"><ele>238.000</ele></trkpt>
      <trkpt lat="22.4939928395" lon="114.2507485326"><ele>238.000</ele></trkpt>
      <trkpt lat="22.4939902951" lon="114.2507496780"><ele>238.000</ele></trkpt>
      <trkpt lat="22.4939880586" lon="114.2507510558"><ele>238.000</ele></trkpt>
      <trkpt lat="22.4939862427" lon="114.2507527623"><ele>238.000</ele></trkpt>
      <trkpt lat="22.4939849414" lon="114.2507548772"><ele>238.000</ele></trkpt>
      <trkpt lat="22.4939840517" lon="114.2507572878"><ele>238.000</ele></trkpt>
      <trkpt lat="22.4939834815" lon="114.2507599201"><ele>238.000</ele></trkpt>
      <trkpt lat="22.4939831687" lon="114.2507627343"><ele>238.000</ele></trkpt>
      <trkpt lat="22.4939830517" lon="114.2507656905"><ele>238.000</ele></trkpt>
      <trkpt lat="22.4939832871" lon="114.2507781395"><ele>240.000</ele></trkpt>
      <trkpt lat="22.4939832108" lon="114.2507812094"><ele>240.000</ele></trkpt>
      <trkpt lat="22.4939829557" lon="114.2507841830"><ele>240.000</ele></trkpt>
      <trkpt lat="22.4939824694" lon="114.2507870418"><ele>240.000</ele></trkpt>
      <trkpt lat="22.4939817755" lon="114.2507898791"><ele>240.000</ele></trkpt>
      <trkpt lat="22.4939808865" lon="114.2507926775"><ele>240.000</ele></trkpt>
      <trkpt lat="22.4939798098" lon="114.2507953980"><ele>240.000</ele></trkpt>
      <trkpt lat="22.4939785515" lon="114.2507980008"><ele>240.000</ele></trkpt>
      <trkpt lat="22.4939771200" lon="114.2508004509"><ele>240.000</ele></trkpt>
      <trkpt lat="22.4939740168" lon="114.2508052452"><ele>240.000</ele></trkpt>
      <trkpt lat="22.4939706761" lon="114.2508099421"><ele>240.000</ele></trkpt>
      <trkpt lat="22.4939689096" lon="114.2508122064"><ele>240.000</ele></trkpt>
      <trkpt lat="22.4939651681" lon="114.2508164717"><ele>240.000</ele></trkpt>
      <trkpt lat="22.4939631878" lon="114.2508184346"><ele>240.000</ele></trkpt>
      <trkpt lat="22.4939611298" lon="114.2508202586"><ele>240.000</ele></trkpt>
      <trkpt lat="22.4939588959" lon="114.2508218288"><ele>240.000</ele></trkpt>
      <trkpt lat="22.4939564688" lon="114.2508231356"><ele>240.000</ele></trkpt>
      <trkpt lat="22.4939461035" lon="114.2508274527"><ele>241.000</ele></trkpt>
      <trkpt lat="22.4939436711" lon="114.2508287361"><ele>241.000</ele></trkpt>
      <trkpt lat="22.4939414308" lon="114.2508302743"><ele>241.000</ele></trkpt>
      <trkpt lat="22.4939394370" lon="114.2508321381"><ele>241.000</ele></trkpt>
      <trkpt lat="22.4939357326" lon="114.2508362450"><ele>241.000</ele></trkpt>
      <trkpt lat="22.4939322241" lon="114.2508406172"><ele>241.000</ele></trkpt>
      <trkpt lat="22.4939272425" lon="114.2508475445"><ele>242.000</ele></trkpt>
      <trkpt lat="22.4939114680" lon="114.2508715602"><ele>242.000</ele></trkpt>
      <trkpt lat="22.4939069521" lon="114.2508789698"><ele>244.000</ele></trkpt>
      <trkpt lat="22.4938968515" lon="114.2508967447"><ele>244.000</ele></trkpt>
      <trkpt lat="22.4938923050" lon="114.2509040561"><ele>244.000</ele></trkpt>
      <trkpt lat="22.4938890781" lon="114.2509086695"><ele>244.000</ele></trkpt>
      <trkpt lat="22.4938873866" lon="114.2509108746"><ele>244.000</ele></trkpt>
      <trkpt lat="22.4938838186" lon="114.2509150408"><ele>243.000</ele></trkpt>
      <trkpt lat="22.4938819294" lon="114.2509169863"><ele>243.000</ele></trkpt>
      <trkpt lat="22.4938799284" lon="114.2509187918"><ele>243.000</ele></trkpt>
      <trkpt lat="22.4938777206" lon="114.2509203446"><ele>243.000</ele></trkpt>
      <trkpt lat="22.4938753297" lon="114.2509216727"><ele>246.000</ele></trkpt>
      <trkpt lat="22.4938727889" lon="114.2509228162"><ele>246.000</ele></trkpt>
      <trkpt lat="22.4938673933" lon="114.2509246996"><ele>246.000</ele></trkpt>
      <trkpt lat="22.4938562763" lon="114.2509279482"><ele>246.000</ele></trkpt>
      <trkpt lat="22.4938536254" lon="114.2509288778"><ele>246.000</ele></trkpt>
      <trkpt lat="22.4938510910" lon="114.2509299328"><ele>246.000</ele></trkpt>
      <trkpt lat="22.4938487082" lon="114.2509311522"><ele>246.000</ele></trkpt>
      <trkpt lat="22.4938465105" lon="114.2509325727"><ele>246.000</ele></trkpt>
      <trkpt lat="22.4938445312" lon="114.2509342354"><ele>246.000</ele></trkpt>
      <trkpt lat="22.4938428118" lon="114.2509361849"><ele>246.000</ele></trkpt>
      <trkpt lat="22.4938413839" lon="114.2509384436"><ele>246.000</ele></trkpt>
      <trkpt lat="22.4938402052" lon="114.2509409678"><ele>246.000</ele></trkpt>
      <trkpt lat="22.4938392305" lon="114.2509437058"><ele>246.000</ele></trkpt>
      <trkpt lat="22.4938377098" lon="114.2509496311"><ele>246.000</ele></trkpt>
      <trkpt lat="22.4938358118" lon="114.2509588963"><ele>246.000</ele></trkpt>
      <trkpt lat="22.4938350988" lon="114.2509618881"><ele>246.000</ele></trkpt>
      <trkpt lat="22.4938342694" lon="114.2509647496"><ele>246.000</ele></trkpt>
      <trkpt lat="22.4938332767" lon="114.2509674303"><ele>246.000</ele></trkpt>
      <trkpt lat="22.4938320763" lon="114.2509698825"><ele>246.000</ele></trkpt>
      <trkpt lat="22.4938306214" lon="114.2509720547"><ele>248.000</ele></trkpt>
      <trkpt lat="22.4938288037" lon="114.2509738078"><ele>248.000</ele></trkpt>
      <trkpt lat="22.4938265789" lon="114.2509750729"><ele>248.000</ele></trkpt>
      <trkpt lat="22.4938240392" lon="114.2509759666"><ele>248.000</ele></trkpt>
      <trkpt lat="22.4938212783" lon="114.2509766085"><ele>248.000</ele></trkpt>
      <trkpt lat="22.4938126038" lon="114.2509782073"><ele>248.000</ele></trkpt>
      <trkpt lat="22.4938098916" lon="114.2509790261"><ele>248.000</ele></trkpt>
      <trkpt lat="22.4938074267" lon="114.2509801871"><ele>248.000</ele></trkpt>
      <trkpt lat="22.4938052587" lon="114.2509817593"><ele>248.000</ele></trkpt>
      <trkpt lat="22.4938032657" lon="114.2509836056"><ele>248.000</ele></trkpt>
      <trkpt lat="22.4938014054" lon="114.2509856639"><ele>248.000</ele></trkpt>
      <trkpt lat="22.4937979600" lon="114.2509902227"><ele>248.000</ele></trkpt>
      <trkpt lat="22.4937913301" lon="114.2509997721"><ele>249.000</ele></trkpt>
      <trkpt lat="22.4937877168" lon="114.2510041443"><ele>249.000</ele></trkpt>
      <trkpt lat="22.4937801436" lon="114.2510126416"><ele>249.000</ele></trkpt>
      <trkpt lat="22.4937765168" lon="114.2510169905"><ele>249.000</ele></trkpt>
      <trkpt lat="22.4937732150" lon="114.2510215494"><ele>251.000</ele></trkpt>
      <trkpt lat="22.4937717392" lon="114.2510239412"><ele>251.000</ele></trkpt>
      <trkpt lat="22.4937704449" lon="114.2510264488"><ele>251.000</ele></trkpt>
      <trkpt lat="22.4937693438" lon="114.2510290769"><ele>251.000</ele></trkpt>
      <trkpt lat="22.4937683898" lon="114.2510317984"><ele>251.000</ele></trkpt>
      <trkpt lat="22.4937651075" lon="114.2510430454"><ele>251.000</ele></trkpt>
      <trkpt lat="22.4937583683" lon="114.2510624527"><ele>251.000</ele></trkpt>
      <trkpt lat="22.4937560793" lon="114.2510677206"><ele>253.000</ele></trkpt>
      <trkpt lat="22.4937547498" lon="114.2510701844"><ele>253.000</ele></trkpt>
      <trkpt lat="22.4937532615" lon="114.2510724984"><ele>253.000</ele></trkpt>
      <trkpt lat="22.4937515312" lon="114.2510745995"><ele>253.000</ele></trkpt>
      <trkpt lat="22.4937495174" lon="114.2510764595"><ele>253.000</ele></trkpt>
      <trkpt lat="22.4937472871" lon="114.2510781278"><ele>254.000</ele></trkpt>
      <trkpt lat="22.4937449059" lon="114.2510796513"><ele>254.000</ele></trkpt>
      <trkpt lat="22.4937231957" lon="114.2510921032"><ele>254.000</ele></trkpt>
      <trkpt lat="22.4936918495" lon="114.2511094167"><ele>253.000</ele></trkpt>
      <trkpt lat="22.4936799433" lon="114.2511163510"><ele>254.000</ele></trkpt>
      <trkpt lat="22.4936730763" lon="114.2511210237"><ele>254.000</ele></trkpt>
      <trkpt lat="22.4936641864" lon="114.2511277225"><ele>254.000</ele></trkpt>
      <trkpt lat="22.4936618684" lon="114.2511293402"><ele>254.000</ele></trkpt>
      <trkpt lat="22.4936494951" lon="114.2511369963"><ele>254.000</ele></trkpt>
      <trkpt lat="22.4936447662" lon="114.2511402183"><ele>254.000</ele></trkpt>
      <trkpt lat="22.4936425746" lon="114.2511419411"><ele>254.000</ele></trkpt>
      <trkpt lat="22.4936405392" lon="114.2511437641"><ele>254.000</ele></trkpt>
      <trkpt lat="22.4936386925" lon="114.2511457057"><ele>254.000</ele></trkpt>
      <trkpt lat="22.4936370661" lon="114.2511477875"><ele>254.000</ele></trkpt>
      <trkpt lat="22.4936356897" lon="114.2511500267"><ele>254.000</ele></trkpt>
      <trkpt lat="22.4936346040" lon="114.2511524440"><ele>254.000</ele></trkpt>
      <trkpt lat="22.4936338055" lon="114.2511550325"><ele>254.000</ele></trkpt>
      <trkpt lat="22.4936332506" lon="114.2511577678"><ele>254.000</ele></trkpt>
      <trkpt lat="22.4936328971" lon="114.2511606257"><ele>254.000</ele></trkpt>
      <trkpt lat="22.4936327034" lon="114.2511635828"><ele>254.000</ele></trkpt>
      <trkpt lat="22.4936326448" lon="114.2511790131"><ele>256.000</ele></trkpt>
      <trkpt lat="22.4936322565" lon="114.2511850401"><ele>256.000</ele></trkpt>
      <trkpt lat="22.4936318144" lon="114.2511879271"><ele>256.000</ele></trkpt>
      <trkpt lat="22.4936311512" lon="114.2511906974"><ele>256.000</ele></trkpt>
      <trkpt lat="22.4936302244" lon="114.2511933266"><ele>256.000</ele></trkpt>
      <trkpt lat="22.4936291008" lon="114.2511958799"><ele>256.000</ele></trkpt>
      <trkpt lat="22.4936265139" lon="114.2512009290"><ele>256.000</ele></trkpt>
      <trkpt lat="22.4936235199" lon="114.2512058603"><ele>256.000</ele></trkpt>
      <trkpt lat="22.4936201719" lon="114.2512106291"><ele>256.000</ele></trkpt>
      <trkpt lat="22.4936165251" lon="114.2512151849"><ele>256.000</ele></trkpt>
      <trkpt lat="22.4936126338" lon="114.2512194821"><ele>256.000</ele></trkpt>
      <trkpt lat="22.4936085529" lon="114.2512234731"><ele>256.000</ele></trkpt>
      <trkpt lat="22.4936043349" lon="114.2512271083"><ele>256.000</ele></trkpt>
      <trkpt lat="22.4935999907" lon="114.2512304043"><ele>256.000</ele></trkpt>
      <trkpt lat="22.4935954732" lon="114.2512334689"><ele>256.000</ele></trkpt>
      <trkpt lat="22.4935908058" lon="114.2512363352"><ele>256.000</ele></trkpt>
      <trkpt lat="22.4935860140" lon="114.2512390352"><ele>256.000</ele></trkpt>
      <trkpt lat="22.4935811237" lon="114.2512416001"><ele>256.000</ele></trkpt>
      <trkpt lat="22.4935736557" lon="114.2512452608"><ele>256.000</ele></trkpt>
      <trkpt lat="22.4935560607" lon="114.2512534806"><ele>258.000</ele></trkpt>
      <trkpt lat="22.4935412024" lon="114.2512606563"><ele>258.000</ele></trkpt>
      <trkpt lat="22.4935336542" lon="114.2512639467"><ele>258.000</ele></trkpt>
      <trkpt lat="22.4935260059" lon="114.2512668979"><ele>258.000</ele></trkpt>
      <trkpt lat="22.4935156139" lon="114.2512703403"><ele>258.000</ele></trkpt>
      <trkpt lat="22.4935103196" lon="114.2512718039"><ele>258.000</ele></trkpt>
      <trkpt lat="22.4935049840" lon="114.2512729021"><ele>258.000</ele></trkpt>
      <trkpt lat="22.4935023081" lon="114.2512732661"><ele>258.000</ele></trkpt>
      <trkpt lat="22.4934996287" lon="114.2512734823"><ele>258.000</ele></trkpt>
      <trkpt lat="22.4934969367" lon="114.2512735207"><ele>258.000</ele></trkpt>
      <trkpt lat="22.4934914888" lon="114.2512731145"><ele>258.000</ele></trkpt>
      <trkpt lat="22.4934777483" lon="114.2512708642"><ele>258.000</ele></trkpt>
      <trkpt lat="22.4934723187" lon="114.2512701898"><ele>260.000</ele></trkpt>
      <trkpt lat="22.4934696412" lon="114.2512700377"><ele>260.000</ele></trkpt>
      <trkpt lat="22.4934669944" lon="114.2512700548"><ele>260.000</ele></trkpt>
      <trkpt lat="22.4934643854" lon="114.2512702759"><ele>260.000</ele></trkpt>
      <trkpt lat="22.4934618197" lon="114.2512707342"><ele>260.000</ele></trkpt>
      <trkpt lat="22.4934593152" lon="114.2512714831"><ele>260.000</ele></trkpt>
      <trkpt lat="22.4934568729" lon="114.2512725090"><ele>260.000</ele></trkpt>
      <trkpt lat="22.4934544802" lon="114.2512737623"><ele>260.000</ele></trkpt>
      <trkpt lat="22.4934498010" lon="114.2512767695"><ele>260.000</ele></trkpt>
      <trkpt lat="22.4934428706" lon="114.2512818270"><ele>260.000</ele></trkpt>
      <trkpt lat="22.4934381742" lon="114.2512850198"><ele>260.000</ele></trkpt>
      <trkpt lat="22.4934357679" lon="114.2512864208"><ele>260.000</ele></trkpt>
      <trkpt lat="22.4934333083" lon="114.2512876313"><ele>260.000</ele></trkpt>
      <trkpt lat="22.4934307929" lon="114.2512886504"><ele>261.000</ele></trkpt>
      <trkpt lat="22.4934282396" lon="114.2512895625"><ele>261.000</ele></trkpt>
      <trkpt lat="22.4934230409" lon="114.2512911321"><ele>261.000</ele></trkpt>
      <trkpt lat="22.4934177548" lon="114.2512924597"><ele>261.000</ele></trkpt>
      <trkpt lat="22.4934044345" lon="114.2512955050"><ele>261.000</ele></trkpt>
      <trkpt lat="22.4933991727" lon="114.2512969366"><ele>261.000</ele></trkpt>
      <trkpt lat="22.4933835232" lon="114.2513024898"><ele>262.000</ele></trkpt>
      <trkpt lat="22.4933782948" lon="114.2513039885"><ele>262.000</ele></trkpt>
      <trkpt lat="22.4933756712" lon="114.2513045293"><ele>262.000</ele></trkpt>
      <trkpt lat="22.4933730387" lon="114.2513048875"><ele>262.000</ele></trkpt>
      <trkpt lat="22.4933703954" lon="114.2513050318"><ele>262.000</ele></trkpt>
      <trkpt lat="22.4933677442" lon="114.2513049410"><ele>262.000</ele></trkpt>
      <trkpt lat="22.4933650858" lon="114.2513046471"><ele>262.000</ele></trkpt>
      <trkpt lat="22.4933597538" lon="114.2513036102"><ele>262.000</ele></trkpt>
      <trkpt lat="22.4933490432" lon="114.2513008329"><ele>262.000</ele></trkpt>
      <trkpt lat="22.4933436779" lon="114.2512997232"><ele>262.000</ele></trkpt>
      <trkpt lat="22.4933409960" lon="114.2512993748"><ele>263.000</ele></trkpt>
      <trkpt lat="22.4933383122" lon="114.2512992072"><ele>263.000</ele></trkpt>
      <trkpt lat="22.4933328651" lon="114.2512991926"><ele>263.000</ele></trkpt>
      <trkpt lat="22.4933301207" lon="114.2512993330"><ele>263.000</ele></trkpt>
      <trkpt lat="22.4933246525" lon="114.2512999375"><ele>263.000</ele></trkpt>
      <trkpt lat="22.4933219549" lon="114.2513004093"><ele>263.000</ele></trkpt>
      <trkpt lat="22.4933166977" lon="114.2513017213"><ele>263.000</ele></trkpt>
      <trkpt lat="22.4933141697" lon="114.2513026101"><ele>263.000</ele></trkpt>
      <trkpt lat="22.4933117499" lon="114.2513039023"><ele>263.000</ele></trkpt>
      <trkpt lat="22.4933094157" lon="114.2513055123"><ele>263.000</ele></trkpt>
      <trkpt lat="22.4933025862" lon="114.2513108176"><ele>263.000</ele></trkpt>
      <trkpt lat="22.4933002557" lon="114.2513122654"><ele>263.000</ele></trkpt>
      <trkpt lat="22.4932978432" lon="114.2513133126"><ele>263.000</ele></trkpt>
      <trkpt lat="22.4932953190" lon="114.2513138186"><ele>264.000</ele></trkpt>
      <trkpt lat="22.4932927011" lon="114.2513137705"><ele>264.000</ele></trkpt>
      <trkpt lat="22.4932900148" lon="114.2513133201"><ele>264.000</ele></trkpt>
      <trkpt lat="22.4932817837" lon="114.2513111593"><ele>264.000</ele></trkpt>
      <trkpt lat="22.4932790621" lon="114.2513107059"><ele>264.000</ele></trkpt>
      <trkpt lat="22.4932763918" lon="114.2513106540"><ele>264.000</ele></trkpt>
      <trkpt lat="22.4932711447" lon="114.2513116191"><ele>264.000</ele></trkpt>
      <trkpt lat="22.4932658550" lon="114.2513130234"><ele>264.000</ele></trkpt>
      <trkpt lat="22.4932605949" lon="114.2513148116"><ele>264.000</ele></trkpt>
      <trkpt lat="22.4932580027" lon="114.2513158452"><ele>264.000</ele></trkpt>
      <trkpt lat="22.4932529418" lon="114.2513181836"><ele>264.000</ele></trkpt>
      <trkpt lat="22.4932481175" lon="114.2513208710"><ele>265.000</ele></trkpt>
      <trkpt lat="22.4932458186" lon="114.2513223420"><ele>265.000</ele></trkpt>
      <trkpt lat="22.4932436189" lon="114.2513239638"><ele>265.000</ele></trkpt>
      <trkpt lat="22.4932415140" lon="114.2513257653"><ele>265.000</ele></trkpt>
      <trkpt lat="22.4932375225" lon="114.2513297729"><ele>265.000</ele></trkpt>
      <trkpt lat="22.4932299212" lon="114.2513384664"><ele>265.000</ele></trkpt>
      <trkpt lat="22.4932260353" lon="114.2513426140"><ele>265.000</ele></trkpt>
      <trkpt lat="22.4932240107" lon="114.2513445196"><ele>265.000</ele></trkpt>
      <trkpt lat="22.4932219086" lon="114.2513462686"><ele>265.000</ele></trkpt>
      <trkpt lat="22.4932197107" lon="114.2513478272"><ele>265.000</ele></trkpt>
      <trkpt lat="22.4932173740" lon="114.2513490951"><ele>265.000</ele></trkpt>
      <trkpt lat="22.4932148622" lon="114.2513499879"><ele>265.000</ele></trkpt>
      <trkpt lat="22.4932122160" lon="114.2513505948"><ele>265.000</ele></trkpt>
      <trkpt lat="22.4932094796" lon="114.2513510112"><ele>265.000</ele></trkpt>
      <trkpt lat="22.4932011504" lon="114.2513520524"><ele>266.000</ele></trkpt>
      <trkpt lat="22.4931984753" lon="114.2513526447"><ele>266.000</ele></trkpt>
      <trkpt lat="22.4931959229" lon="114.2513535161"><ele>266.000</ele></trkpt>
      <trkpt lat="22.4931906390" lon="114.2513559884"><ele>266.000</ele></trkpt>
      <trkpt lat="22.4931849702" lon="114.2513589950"><ele>264.000</ele></trkpt>
      <trkpt lat="22.4931823433" lon="114.2513606894"><ele>264.000</ele></trkpt>
      <trkpt lat="22.4931800452" lon="114.2513625103"><ele>264.000</ele></trkpt>
      <trkpt lat="22.4931782201" lon="114.2513644539"><ele>264.000</ele></trkpt>
      <trkpt lat="22.4931770109" lon="114.2513665174"><ele>264.000</ele></trkpt>
      <trkpt lat="22.4931765520" lon="114.2513687008"><ele>264.000</ele></trkpt>
      <trkpt lat="22.4931767704" lon="114.2513710070"><ele>264.000</ele></trkpt>
      <trkpt lat="22.4931775242" lon="114.2513734233"><ele>264.000</ele></trkpt>
      <trkpt lat="22.4931787025" lon="114.2513759341"><ele>264.000</ele></trkpt>
      <trkpt lat="22.4931801931" lon="114.2513785238"><ele>264.000</ele></trkpt>
      <trkpt lat="22.4931854306" lon="114.2513866062"><ele>264.000</ele></trkpt>
      <trkpt lat="22.4931870611" lon="114.2513893514"><ele>264.000</ele></trkpt>
      <trkpt lat="22.4931884478" lon="114.2513920956"><ele>264.000</ele></trkpt>
      <trkpt lat="22.4931894805" lon="114.2513948240"><ele>264.000</ele></trkpt>
      <trkpt lat="22.4931900518" lon="114.2513975259"><ele>264.000</ele></trkpt>
      <trkpt lat="22.4931901643" lon="114.2514003316"><ele>264.000</ele></trkpt>
      <trkpt lat="22.4931898857" lon="114.2514032429"><ele>264.000</ele></trkpt>
      <trkpt lat="22.4931892703" lon="114.2514061969"><ele>264.000</ele></trkpt>
      <trkpt lat="22.4931883704" lon="114.2514091274"><ele>264.000</ele></trkpt>
      <trkpt lat="22.4931872403" lon="114.2514119712"><ele>264.000</ele></trkpt>
      <trkpt lat="22.4931859332" lon="114.2514146634"><ele>264.000</ele></trkpt>
      <trkpt lat="22.4931845017" lon="114.2514171388"><ele>264.000</ele></trkpt>
      <trkpt lat="22.4931829438" lon="114.2514194606"><ele>264.000</ele></trkpt>
      <trkpt lat="22.4931794460" lon="114.2514238979"><ele>264.000</ele></trkpt>
      <trkpt lat="22.4931755899" lon="114.2514281368"><ele>264.000</ele></trkpt>
      <trkpt lat="22.4931655767" lon="114.2514384617"><ele>264.000</ele></trkpt>
      <trkpt lat="22.4931619003" lon="114.2514427201"><ele>264.000</ele></trkpt>
      <trkpt lat="22.4931602241" lon="114.2514449223"><ele>263.000</ele></trkpt>
      <trkpt lat="22.4931586852" lon="114.2514471877"><ele>263.000</ele></trkpt>
      <trkpt lat="22.4931573819" lon="114.2514495611"><ele>263.000</ele></trkpt>
      <trkpt lat="22.4931568398" lon="114.2514522702"><ele>263.000</ele></trkpt>
      <trkpt lat="22.4931569151" lon="114.2514552411"><ele>263.000</ele></trkpt>
      <trkpt lat="22.4931577359" lon="114.2514614008"><ele>261.000</ele></trkpt>
      <trkpt lat="22.4931588927" lon="114.2514788774"><ele>261.000</ele></trkpt>
      <trkpt lat="22.4931615098" lon="114.2515137597"><ele>260.000</ele></trkpt>
      <trkpt lat="22.4931622828" lon="114.2515253926"><ele>260.000</ele></trkpt>
      <trkpt lat="22.4931629050" lon="114.2515370323"><ele>260.000</ele></trkpt>
      <trkpt lat="22.4931638505" lon="114.2515604231"><ele>259.000</ele></trkpt>
      <trkpt lat="22.4931659566" lon="114.2516048036"><ele>258.000</ele></trkpt>
      <trkpt lat="22.4931666392" lon="114.2516225375"><ele>258.000</ele></trkpt>
      <trkpt lat="22.4931669579" lon="114.2516342935"><ele>258.000</ele></trkpt>
      <trkpt lat="22.4931671277" lon="114.2516459699"><ele>258.000</ele></trkpt>
      <trkpt lat="22.4931671160" lon="114.2516575440"><ele>258.000</ele></trkpt>
      <trkpt lat="22.4931669684" lon="114.2516661435"><ele>258.000</ele></trkpt>
      <trkpt lat="22.4931666863" lon="114.2516746621"><ele>258.000</ele></trkpt>
      <trkpt lat="22.4931662562" lon="114.2516830904"><ele>258.000</ele></trkpt>
      <trkpt lat="22.4931658797" lon="114.2516886547"><ele>258.000</ele></trkpt>
      <trkpt lat="22.4931654478" lon="114.2516912997"><ele>258.000</ele></trkpt>
      <trkpt lat="22.4931640516" lon="114.2516934068"><ele>258.000</ele></trkpt>
      <trkpt lat="22.4931618772" lon="114.2516950801"><ele>258.000</ele></trkpt>
      <trkpt lat="22.4931592036" lon="114.2516964741"><ele>257.000</ele></trkpt>
      <trkpt lat="22.4931534690" lon="114.2516990473"><ele>258.000</ele></trkpt>
      <trkpt lat="22.4931509650" lon="114.2517005367"><ele>258.000</ele></trkpt>
      <trkpt lat="22.4931496023" lon="114.2517103949"><ele>258.000</ele></trkpt>
      <trkpt lat="22.4931448653" lon="114.2517367798"><ele>258.000</ele></trkpt>
      <trkpt lat="22.4931439334" lon="114.2517426208"><ele>258.000</ele></trkpt>
      <trkpt lat="22.4931431577" lon="114.2517484337"><ele>258.000</ele></trkpt>
      <trkpt lat="22.4931424014" lon="114.2517570794"><ele>258.000</ele></trkpt>
      <trkpt lat="22.4931422444" lon="114.2517627799"><ele>258.000</ele></trkpt>
      <trkpt lat="22.4931424251" lon="114.2517684194"><ele>258.000</ele></trkpt>
      <trkpt lat="22.4931430004" lon="114.2517739872"><ele>258.000</ele></trkpt>
      <trkpt lat="22.4931435229" lon="114.2517767270"><ele>258.000</ele></trkpt>
      <trkpt lat="22.4931442323" lon="114.2517794319"><ele>258.000</ele></trkpt>
      <trkpt lat="22.4931451089" lon="114.2517821058"><ele>258.000</ele></trkpt>
      <trkpt lat="22.4931472890" lon="114.2517873732"><ele>258.000</ele></trkpt>
      <trkpt lat="22.4931485530" lon="114.2517899744"><ele>258.000</ele></trkpt>
      <trkpt lat="22.4931513356" lon="114.2517951303"><ele>258.000</ele></trkpt>
      <trkpt lat="22.4931588772" lon="114.2518079253"><ele>258.000</ele></trkpt>
      <trkpt lat="22.4931617248" lon="114.2518130832"><ele>258.000</ele></trkpt>
      <trkpt lat="22.4931642464" lon="114.2518183080"><ele>258.000</ele></trkpt>
      <trkpt lat="22.4931662893" lon="114.2518236297"><ele>258.000</ele></trkpt>
      <trkpt lat="22.4931670827" lon="114.2518263357"><ele>258.000</ele></trkpt>
      <trkpt lat="22.4931676296" lon="114.2518290959"><ele>258.000</ele></trkpt>
      <trkpt lat="22.4931678233" lon="114.2518319395"><ele>258.000</ele></trkpt>
      <trkpt lat="22.4931677271" lon="114.2518348500"><ele>258.000</ele></trkpt>
      <trkpt lat="22.4931674079" lon="114.2518378109"><ele>258.000</ele></trkpt>
      <trkpt lat="22.4931669315" lon="114.2518408067"><ele>258.000</ele></trkpt>
      <trkpt lat="22.4931652260" lon="114.2518498339"><ele>258.000</ele></trkpt>
      <trkpt lat="22.4931647875" lon="114.2518528005"><ele>258.000</ele></trkpt>
      <trkpt lat="22.4931645234" lon="114.2518557187"><ele>258.000</ele></trkpt>
      <trkpt lat="22.4931645022" lon="114.2518585719"><ele>258.000</ele></trkpt>
      <trkpt lat="22.4931647890" lon="114.2518613437"><ele>258.000</ele></trkpt>
      <trkpt lat="22.4931654496" lon="114.2518640184"><ele>258.000</ele></trkpt>
      <trkpt lat="22.4931664987" lon="114.2518666020"><ele>258.000</ele></trkpt>
      <trkpt lat="22.4931678746" lon="114.2518691081"><ele>258.000</ele></trkpt>
      <trkpt lat="22.4931695089" lon="114.2518715511"><ele>258.000</ele></trkpt>
      <trkpt lat="22.4931713328" lon="114.2518739466"><ele>258.000</ele></trkpt>
      <trkpt lat="22.4931772679" lon="114.2518809828"><ele>258.000</ele></trkpt>
      <trkpt lat="22.4931809285" lon="114.2518856902"><ele>258.000</ele></trkpt>
      <trkpt lat="22.4931824661" lon="114.2518880924"><ele>258.000</ele></trkpt>
      <trkpt lat="22.4931837175" lon="114.2518905449"><ele>258.000</ele></trkpt>
      <trkpt lat="22.4931846149" lon="114.2518930614"><ele>260.000</ele></trkpt>
      <trkpt lat="22.4931850905" lon="114.2518956583"><ele>260.000</ele></trkpt>
      <trkpt lat="22.4931852355" lon="114.2518983396"><ele>260.000</ele></trkpt>
      <trkpt lat="22.4931851155" lon="114.2519039119"><ele>260.000</ele></trkpt>
      <trkpt lat="22.4931844970" lon="114.2519096908"><ele>260.000</ele></trkpt>
      <trkpt lat="22.4931834304" lon="114.2519155862"><ele>260.000</ele></trkpt>
      <trkpt lat="22.4931819638" lon="114.2519215105"><ele>260.000</ele></trkpt>
      <trkpt lat="22.4931801505" lon="114.2519273753"><ele>260.000</ele></trkpt>
      <trkpt lat="22.4931780393" lon="114.2519330923"><ele>260.000</ele></trkpt>
      <trkpt lat="22.4931756807" lon="114.2519385730"><ele>260.000</ele></trkpt>
      <trkpt lat="22.4931731245" lon="114.2519437289"><ele>260.000</ele></trkpt>
      <trkpt lat="22.4931717886" lon="114.2519461577"><ele>260.000</ele></trkpt>
      <trkpt lat="22.4931703274" lon="114.2519484339"><ele>260.000</ele></trkpt>
      <trkpt lat="22.4931685790" lon="114.2519504961"><ele>260.000</ele></trkpt>
      <trkpt lat="22.4931665851" lon="114.2519523754"><ele>260.000</ele></trkpt>
      <trkpt lat="22.4931643908" lon="114.2519541080"><ele>260.000</ele></trkpt>
      <trkpt lat="22.4931595906" lon="114.2519572686"><ele>260.000</ele></trkpt>
      <trkpt lat="22.4931520626" lon="114.2519617640"><ele>260.000</ele></trkpt>
      <trkpt lat="22.4931496517" lon="114.2519633341"><ele>260.000</ele></trkpt>
      <trkpt lat="22.4931473680" lon="114.2519649985"><ele>260.000</ele></trkpt>
      <trkpt lat="22.4931452586" lon="114.2519667913"><ele>260.000</ele></trkpt>
      <trkpt lat="22.4931433703" lon="114.2519687465"><ele>260.000</ele></trkpt>
      <trkpt lat="22.4931417456" lon="114.2519708992"><ele>260.000</ele></trkpt>
      <trkpt lat="22.4931402834" lon="114.2519732638"><ele>260.000</ele></trkpt>
      <trkpt lat="22.4931389240" lon="114.2519758160"><ele>260.000</ele></trkpt>
      <trkpt lat="22.4931376829" lon="114.2519785218"><ele>260.000</ele></trkpt>
      <trkpt lat="22.4931365772" lon="114.2519813511"><ele>260.000</ele></trkpt>
      <trkpt lat="22.4931356213" lon="114.2519842689"><ele>260.000</ele></trkpt>
      <trkpt lat="22.4931348325" lon="114.2519872451"><ele>260.000</ele></trkpt>
      <trkpt lat="22.4931342251" lon="114.2519902467"><ele>262.000</ele></trkpt>
      <trkpt lat="22.4931338165" lon="114.2519932415"><ele>262.000</ele></trkpt>
      <trkpt lat="22.4931336218" lon="114.2519961977"><ele>262.000</ele></trkpt>
      <trkpt lat="22.4931336566" lon="114.2519990830"><ele>262.000</ele></trkpt>
      <trkpt lat="22.4931339371" lon="114.2520018644"><ele>262.000</ele></trkpt>
      <trkpt lat="22.4931343828" lon="114.2520046081"><ele>262.000</ele></trkpt>
      <trkpt lat="22.4931355686" lon="114.2520101421"><ele>262.000</ele></trkpt>
      <trkpt lat="22.4931371084" lon="114.2520157104"><ele>262.000</ele></trkpt>
      <trkpt lat="22.4931389606" lon="114.2520212779"><ele>262.000</ele></trkpt>
      <trkpt lat="22.4931410847" lon="114.2520268086"><ele>262.000</ele></trkpt>
      <trkpt lat="22.4931434382" lon="114.2520322666"><ele>262.000</ele></trkpt>
      <trkpt lat="22.4931459787" lon="114.2520376168"><ele>262.000</ele></trkpt>
      <trkpt lat="22.4931486646" lon="114.2520428242"><ele>264.000</ele></trkpt>
      <trkpt lat="22.4931528756" lon="114.2520502870"><ele>264.000</ele></trkpt>
      <trkpt lat="22.4931543799" lon="114.2520526172"><ele>264.000</ele></trkpt>
      <trkpt lat="22.4931561859" lon="114.2520547027"><ele>264.000</ele></trkpt>
      <trkpt lat="22.4931582466" lon="114.2520565843"><ele>264.000</ele></trkpt>
      <trkpt lat="22.4931604926" lon="114.2520583182"><ele>264.000</ele></trkpt>
      <trkpt lat="22.4931676361" lon="114.2520631976"><ele>264.000</ele></trkpt>
      <trkpt lat="22.4931699191" lon="114.2520649034"><ele>264.000</ele></trkpt>
      <trkpt lat="22.4931720376" lon="114.2520667422"><ele>264.000</ele></trkpt>
      <trkpt lat="22.4931739213" lon="114.2520687704"><ele>264.000</ele></trkpt>
      <trkpt lat="22.4931754988" lon="114.2520710443"><ele>264.000</ele></trkpt>
      <trkpt lat="22.4931768594" lon="114.2520734969"><ele>264.000</ele></trkpt>
      <trkpt lat="22.4931793043" lon="114.2520786449"><ele>264.000</ele></trkpt>
      <trkpt lat="22.4931814510" lon="114.2520840512"><ele>264.000</ele></trkpt>
      <trkpt lat="22.4931833863" lon="114.2520896382"><ele>266.000</ele></trkpt>
      <trkpt lat="22.4931887758" lon="114.2521066973"><ele>266.000</ele></trkpt>
      <trkpt lat="22.4931917655" lon="114.2521149096"><ele>266.000</ele></trkpt>
      <trkpt lat="22.4931940640" lon="114.2521200877"><ele>266.000</ele></trkpt>
      <trkpt lat="22.4931953371" lon="114.2521225587"><ele>266.000</ele></trkpt>
      <trkpt lat="22.4931981840" lon="114.2521272142"><ele>266.000</ele></trkpt>
      <trkpt lat="22.4931998564" lon="114.2521292938"><ele>266.000</ele></trkpt>
      <trkpt lat="22.4932018052" lon="114.2521310859"><ele>266.000</ele></trkpt>
      <trkpt lat="22.4932039880" lon="114.2521326371"><ele>266.000</ele></trkpt>
      <trkpt lat="22.4932063588" lon="114.2521339979"><ele>267.000</ele></trkpt>
      <trkpt lat="22.4932088722" lon="114.2521352160"><ele>267.000</ele></trkpt>
      <trkpt lat="22.4932168283" lon="114.2521385050"><ele>270.000</ele></trkpt>
      <trkpt lat="22.4932220278" lon="114.2521408800"><ele>270.000</ele></trkpt>
      <trkpt lat="22.4932244626" lon="114.2521422681"><ele>270.000</ele></trkpt>
      <trkpt lat="22.4932412024" lon="114.2521535219"><ele>270.000</ele></trkpt>
      <trkpt lat="22.4932457783" lon="114.2521570219"><ele>270.000</ele></trkpt>
      <trkpt lat="22.4932479023" lon="114.2521588724"><ele>270.000</ele></trkpt>
      <trkpt lat="22.4932498809" lon="114.2521608054"><ele>270.000</ele></trkpt>
      <trkpt lat="22.4932516878" lon="114.2521628306"><ele>270.000</ele></trkpt>
      <trkpt lat="22.4932532969" lon="114.2521649598"><ele>270.000</ele></trkpt>
      <trkpt lat="22.4932546811" lon="114.2521672034"><ele>270.000</ele></trkpt>
      <trkpt lat="22.4932558052" lon="114.2521695791"><ele>270.000</ele></trkpt>
      <trkpt lat="22.4932566375" lon="114.2521721082"><ele>270.000</ele></trkpt>
      <trkpt lat="22.4932572124" lon="114.2521747761"><ele>270.000</ele></trkpt>
      <trkpt lat="22.4932575687" lon="114.2521775615"><ele>270.000</ele></trkpt>
      <trkpt lat="22.4932577845" lon="114.2521834119"><ele>270.000</ele></trkpt>
      <trkpt lat="22.4932572491" lon="114.2521987603"><ele>272.000</ele></trkpt>
      <trkpt lat="22.4932574287" lon="114.2522047856"><ele>272.000</ele></trkpt>
      <trkpt lat="22.4932605426" lon="114.2522312359"><ele>272.000</ele></trkpt>
      <trkpt lat="22.4932617739" lon="114.2522400586"><ele>275.000</ele></trkpt>
      <trkpt lat="22.4932628160" lon="114.2522458385"><ele>275.000</ele></trkpt>
      <trkpt lat="22.4932641056" lon="114.2522514951"><ele>275.000</ele></trkpt>
      <trkpt lat="22.4932657041" lon="114.2522569915"><ele>275.000</ele></trkpt>
      <trkpt lat="22.4932676720" lon="114.2522622889"><ele>275.000</ele></trkpt>
      <trkpt lat="22.4932700645" lon="114.2522673572"><ele>275.000</ele></trkpt>
      <trkpt lat="22.4932728237" lon="114.2522722391"><ele>275.000</ele></trkpt>
      <trkpt lat="22.4932775054" lon="114.2522792969"><ele>275.000</ele></trkpt>
      <trkpt lat="22.4932809204" lon="114.2522838575"><ele>276.000</ele></trkpt>
      <trkpt lat="22.4932863671" lon="114.2522905368"><ele>276.000</ele></trkpt>
      <trkpt lat="22.4933035590" lon="114.2523101260"><ele>276.000</ele></trkpt>
      <trkpt lat="22.4933090455" lon="114.2523167577"><ele>276.000</ele></trkpt>
      <trkpt lat="22.4933141463" lon="114.2523235670"><ele>276.000</ele></trkpt>
      <trkpt lat="22.4933172542" lon="114.2523282421"><ele>276.000</ele></trkpt>
      <trkpt lat="22.4933187033" lon="114.2523306286"><ele>278.000</ele></trkpt>
      <trkpt lat="22.4933213605" lon="114.2523355144"><ele>278.000</ele></trkpt>
      <trkpt lat="22.4933236554" lon="114.2523405758"><ele>278.000</ele></trkpt>
      <trkpt lat="22.4933255439" lon="114.2523458683"><ele>278.000</ele></trkpt>
      <trkpt lat="22.4933270567" lon="114.2523513715"><ele>278.000</ele></trkpt>
      <trkpt lat="22.4933276838" lon="114.2523541900"><ele>278.000</ele></trkpt>
      <trkpt lat="22.4933287070" lon="114.2523599417"><ele>278.000</ele></trkpt>
      <trkpt lat="22.4933297359" lon="114.2523687838"><ele>278.000</ele></trkpt>
      <trkpt lat="22.4933301440" lon="114.2523747693"><ele>278.000</ele></trkpt>
      <trkpt lat="22.4933303751" lon="114.2523807869"><ele>280.000</ele></trkpt>
      <trkpt lat="22.4933304439" lon="114.2523957313"><ele>280.000</ele></trkpt>
      <trkpt lat="22.4933302944" lon="114.2524044688"><ele>280.000</ele></trkpt>
      <trkpt lat="22.4933301260" lon="114.2524073656"><ele>280.000</ele></trkpt>
      <trkpt lat="22.4933295517" lon="114.2524131680"><ele>280.000</ele></trkpt>
      <trkpt lat="22.4933282201" lon="114.2524218892"><ele>280.000</ele></trkpt>
      <trkpt lat="22.4933271184" lon="114.2524277097"><ele>281.000</ele></trkpt>
      <trkpt lat="22.4933235188" lon="114.2524451497"><ele>281.000</ele></trkpt>
      <trkpt lat="22.4933224451" lon="114.2524509430"><ele>281.000</ele></trkpt>
      <trkpt lat="22.4933215466" lon="114.2524567189"><ele>281.000</ele></trkpt>
      <trkpt lat="22.4933208901" lon="114.2524624726"><ele>281.000</ele></trkpt>
      <trkpt lat="22.4933205433" lon="114.2524682012"><ele>281.000</ele></trkpt>
      <trkpt lat="22.4933205723" lon="114.2524738999"><ele>281.000</ele></trkpt>
      <trkpt lat="22.4933207488" lon="114.2524767367"><ele>282.000</ele></trkpt>
      <trkpt lat="22.4933214262" lon="114.2524823833"><ele>282.000</ele></trkpt>
      <trkpt lat="22.4933224467" lon="114.2524879921"><ele>282.000</ele></trkpt>
      <trkpt lat="22.4933237616" lon="114.2524935710"><ele>282.000</ele></trkpt>
      <trkpt lat="22.4933253267" lon="114.2524991228"><ele>282.000</ele></trkpt>
      <trkpt lat="22.4933270967" lon="114.2525046543"><ele>282.000</ele></trkpt>
      <trkpt lat="22.4933290267" lon="114.2525101694"><ele>282.000</ele></trkpt>
      <trkpt lat="22.4933384978" lon="114.2525349312"><ele>282.000</ele></trkpt>
      <trkpt lat="22.4933414695" lon="114.2525432185"><ele>282.000</ele></trkpt>
      <trkpt lat="22.4933440961" lon="114.2525515522"><ele>282.000</ele></trkpt>
      <trkpt lat="22.4933462269" lon="114.2525599478"><ele>282.000</ele></trkpt>
      <trkpt lat="22.4933472971" lon="114.2525655887"><ele>282.000</ele></trkpt>
      <trkpt lat="22.4933477112" lon="114.2525684247"><ele>282.000</ele></trkpt>
      <trkpt lat="22.4933485650" lon="114.2525769896"><ele>282.000</ele></trkpt>
      <trkpt lat="22.4933488992" lon="114.2525827410"><ele>282.000</ele></trkpt>
      <trkpt lat="22.4933490635" lon="114.2525885223"><ele>282.000</ele></trkpt>
      <trkpt lat="22.4933489479" lon="114.2526001538"><ele>282.000</ele></trkpt>
      <trkpt lat="22.4933483455" lon="114.2526118521"><ele>282.000</ele></trkpt>
      <trkpt lat="22.4933473836" lon="114.2526235851"><ele>282.000</ele></trkpt>
      <trkpt lat="22.4933408295" lon="114.2526847858"><ele>282.000</ele></trkpt>
      <trkpt lat="22.4933394098" lon="114.2526964030"><ele>282.000</ele></trkpt>
      <trkpt lat="22.4933377979" lon="114.2527079860"><ele>282.000</ele></trkpt>
      <trkpt lat="22.4933359376" lon="114.2527195067"><ele>283.000</ele></trkpt>
      <trkpt lat="22.4933343478" lon="114.2527280888"><ele>283.000</ele></trkpt>
      <trkpt lat="22.4933325639" lon="114.2527366048"><ele>283.000</ele></trkpt>
      <trkpt lat="22.4933305652" lon="114.2527450438"><ele>283.000</ele></trkpt>
      <trkpt lat="22.4933282838" lon="114.2527533826"><ele>283.000</ele></trkpt>
      <trkpt lat="22.4933265022" lon="114.2527588587"><ele>283.000</ele></trkpt>
      <trkpt lat="22.4933245346" lon="114.2527642754"><ele>283.000</ele></trkpt>
      <trkpt lat="22.4933213097" lon="114.2527723154"><ele>284.000</ele></trkpt>
      <trkpt lat="22.4933084367" lon="114.2528014742"><ele>284.000</ele></trkpt>
      <trkpt lat="22.4933051521" lon="114.2528095014"><ele>284.000</ele></trkpt>
      <trkpt lat="22.4933031313" lon="114.2528149074"><ele>284.000</ele></trkpt>
      <trkpt lat="22.4933012847" lon="114.2528203689"><ele>284.000</ele></trkpt>
      <trkpt lat="22.4932996476" lon="114.2528258976"><ele>284.000</ele></trkpt>
      <trkpt lat="22.4932975125" lon="114.2528342938"><ele>284.000</ele></trkpt>
      <trkpt lat="22.4932948820" lon="114.2528455643"><ele>284.000</ele></trkpt>
      <trkpt lat="22.4932930467" lon="114.2528540647"><ele>284.000</ele></trkpt>
      <trkpt lat="22.4932907611" lon="114.2528654530"><ele>284.000</ele></trkpt>
      <trkpt lat="22.4932866433" lon="114.2528883756"><ele>284.000</ele></trkpt>
      <trkpt lat="22.4932829462" lon="114.2529114219"><ele>284.000</ele></trkpt>
      <trkpt lat="22.4932759466" lon="114.2529575399"><ele>284.000</ele></trkpt>
      <trkpt lat="22.4932747325" lon="114.2529661873"><ele>284.000</ele></trkpt>
      <trkpt lat="22.4932732966" lon="114.2529777530"><ele>284.000</ele></trkpt>
      <trkpt lat="22.4932679129" lon="114.2530270234"><ele>284.000</ele></trkpt>
      <trkpt lat="22.4932664183" lon="114.2530385628"><ele>284.000</ele></trkpt>
      <trkpt lat="22.4932646854" lon="114.2530500486"><ele>284.000</ele></trkpt>
      <trkpt lat="22.4932641720" lon="114.2530529054"><ele>284.000</ele></trkpt>
      <trkpt lat="22.4932627091" lon="114.2530585498"><ele>284.000</ele></trkpt>
      <trkpt lat="22.4932608498" lon="114.2530641250"><ele>286.000</ele></trkpt>
      <trkpt lat="22.4932578631" lon="114.2530724255"><ele>286.000</ele></trkpt>
      <trkpt lat="22.4932561014" lon="114.2530779628"><ele>286.000</ele></trkpt>
      <trkpt lat="22.4932553822" lon="114.2530807437"><ele>286.000</ele></trkpt>
      <trkpt lat="22.4932548128" lon="114.2530835383"><ele>286.000</ele></trkpt>
      <trkpt lat="22.4932544241" lon="114.2530863505"><ele>286.000</ele></trkpt>
      <trkpt lat="22.4932542476" lon="114.2530891823"><ele>286.000</ele></trkpt>
      <trkpt lat="22.4932542860" lon="114.2530920268"><ele>286.000</ele></trkpt>
      <trkpt lat="22.4932545104" lon="114.2530948820"><ele>286.000</ele></trkpt>
      <trkpt lat="22.4932548874" lon="114.2530977471"><ele>286.000</ele></trkpt>
      <trkpt lat="22.4932559701" lon="114.2531034989"><ele>286.000</ele></trkpt>
      <trkpt lat="22.4932579328" lon="114.2531121616"><ele>286.000</ele></trkpt>
      <trkpt lat="22.4932590896" lon="114.2531179455"><ele>286.000</ele></trkpt>
      <trkpt lat="22.4932605967" lon="114.2531295040"><ele>286.000</ele></trkpt>
      <trkpt lat="22.4932625869" lon="114.2531468683"><ele>286.000</ele></trkpt>
      <trkpt lat="22.4932643179" lon="114.2531642645"><ele>286.000</ele></trkpt>
      <trkpt lat="22.4932665225" lon="114.2531904083"><ele>286.000</ele></trkpt>
      <trkpt lat="22.4932676372" lon="114.2532049558"><ele>288.000</ele></trkpt>
      <trkpt lat="22.4932683297" lon="114.2532165994"><ele>288.000</ele></trkpt>
      <trkpt lat="22.4932687897" lon="114.2532311553"><ele>288.000</ele></trkpt>
      <trkpt lat="22.4932688005" lon="114.2532369774"><ele>288.000</ele></trkpt>
      <trkpt lat="22.4932686207" lon="114.2532428149"><ele>288.000</ele></trkpt>
      <trkpt lat="22.4932677799" lon="114.2532545286"><ele>288.000</ele></trkpt>
      <trkpt lat="22.4932651431" lon="114.2532809019"><ele>288.000</ele></trkpt>
      <trkpt lat="22.4932645583" lon="114.2532896420"><ele>288.000</ele></trkpt>
      <trkpt lat="22.4932643768" lon="114.2532954417"><ele>288.000</ele></trkpt>
      <trkpt lat="22.4932644138" lon="114.2533012142"><ele>288.000</ele></trkpt>
      <trkpt lat="22.4932647127" lon="114.2533069548"><ele>290.000</ele></trkpt>
      <trkpt lat="22.4932653141" lon="114.2533126587"><ele>290.000</ele></trkpt>
      <trkpt lat="22.4932661612" lon="114.2533183364"><ele>290.000</ele></trkpt>
      <trkpt lat="22.4932677772" lon="114.2533268182"><ele>290.000</ele></trkpt>
      <trkpt lat="22.4932697535" lon="114.2533352594"><ele>290.000</ele></trkpt>
      <trkpt lat="22.4932720306" lon="114.2533436639"><ele>290.000</ele></trkpt>
      <trkpt lat="22.4932745479" lon="114.2533520335"><ele>290.000</ele></trkpt>
      <trkpt lat="22.4932791125" lon="114.2533659095"><ele>290.000</ele></trkpt>
      <trkpt lat="22.4932886202" lon="114.2533934294"><ele>290.000</ele></trkpt>
      <trkpt lat="22.4932950226" lon="114.2534128360"><ele>291.000</ele></trkpt>
      <trkpt lat="22.4932989221" lon="114.2534238866"><ele>290.000</ele></trkpt>
      <trkpt lat="22.4933010245" lon="114.2534293143"><ele>290.000</ele></trkpt>
      <trkpt lat="22.4933032651" lon="114.2534346410"><ele>290.000</ele></trkpt>
      <trkpt lat="22.4933056701" lon="114.2534398396"><ele>290.000</ele></trkpt>
      <trkpt lat="22.4933082667" lon="114.2534448837"><ele>290.000</ele></trkpt>
      <trkpt lat="22.4933110810" lon="114.2534497472"><ele>290.000</ele></trkpt>
      <trkpt lat="22.4933141816" lon="114.2534543747"><ele>290.000</ele></trkpt>
      <trkpt lat="22.4933158548" lon="114.2534565476"><ele>290.000</ele></trkpt>
      <trkpt lat="22.4932780427" lon="114.2535212130"><ele>290.000</ele></trkpt>
      <trkpt lat="22.4932403038" lon="114.2535420374"><ele>289.000</ele></trkpt>
      <trkpt lat="22.4932491202" lon="114.2535741701"><ele>287.000</ele></trkpt>
      <trkpt lat="22.4932681597" lon="114.2536048702"><ele>284.000</ele></trkpt>
      <trkpt lat="22.4932266337" lon="114.2536328255"><ele>283.000</ele></trkpt>
      <trkpt lat="22.4931804863" lon="114.2536561331"><ele>278.000</ele></trkpt>
      <trkpt lat="22.4931907357" lon="114.2536941460"><ele>276.000</ele></trkpt>
      <trkpt lat="22.4931741774" lon="114.2537057985"><ele>276.000</ele></trkpt>
      <trkpt lat="22.4931704934" lon="114.2537240178"><ele>276.000</ele></trkpt>
      <trkpt lat="22.4931514779" lon="114.2537377291"><ele>275.000</ele></trkpt>
      <trkpt lat="22.4931548110" lon="114.2537735905"><ele>272.000</ele></trkpt>
      <trkpt lat="22.4931059470" lon="114.2538315510"><ele>270.000</ele></trkpt>
      <trkpt lat="22.4930770519" lon="114.2538457914"><ele>268.000</ele></trkpt>
      <trkpt lat="22.4930740119" lon="114.2538956724"><ele>266.000</ele></trkpt>
      <trkpt lat="22.4930469785" lon="114.2539070081"><ele>266.000</ele></trkpt>
      <trkpt lat="22.4930353619" lon="114.2539333666"><ele>266.000</ele></trkpt>
      <trkpt lat="22.4929982143" lon="114.2539826456"><ele>261.000</ele></trkpt>
      <trkpt lat="22.4929386310" lon="114.2540407555"><ele>258.000</ele></trkpt>
      <trkpt lat="22.4929107398" lon="114.2541273859"><ele>258.000</ele></trkpt>
      <trkpt lat="22.4928671384" lon="114.2541893724"><ele>256.000</ele></trkpt>
      <trkpt lat="22.4928418988" lon="114.2542450037"><ele>256.000</ele></trkpt>
      <trkpt lat="22.4928438604" lon="114.2542784736"><ele>255.000</ele></trkpt>
      <trkpt lat="22.4928599656" lon="114.2543076172"><ele>255.000</ele></trkpt>
      <trkpt lat="22.4928482818" lon="114.2543421582"><ele>254.000</ele></trkpt>
      <trkpt lat="22.4928566904" lon="114.2543582365"><ele>254.000</ele></trkpt>
      <trkpt lat="22.4928493635" lon="114.2543837228"><ele>253.000</ele></trkpt>
      <trkpt lat="22.4928660005" lon="114.2544150241"><ele>253.000</ele></trkpt>
      <trkpt lat="22.4928653997" lon="114.2544436530"><ele>252.000</ele></trkpt>
      <trkpt lat="22.4928652517" lon="114.2544508637"><ele>252.000</ele></trkpt>
      <trkpt lat="22.4928928106" lon="114.2544923847"><ele>250.000</ele></trkpt>
      <trkpt lat="22.4928813349" lon="114.2545258861"><ele>250.000</ele></trkpt>
      <trkpt lat="22.4928653535" lon="114.2545957886"><ele>248.000</ele></trkpt>
      <trkpt lat="22.4928758500" lon="114.2546266297"><ele>248.000</ele></trkpt>
      <trkpt lat="22.4928922242" lon="114.2547158017"><ele>250.000</ele></trkpt>
      <trkpt lat="22.4928822878" lon="114.2547592745"><ele>248.000</ele></trkpt>
      <trkpt lat="22.4928924026" lon="114.2548136622"><ele>250.000</ele></trkpt>
      <trkpt lat="22.4928881677" lon="114.2548501802"><ele>248.000</ele></trkpt>
      <trkpt lat="22.4928699909" lon="114.2549034344"><ele>249.000</ele></trkpt>
      <trkpt lat="22.4928457742" lon="114.2549719912"><ele>252.000</ele></trkpt>
      <trkpt lat="22.4928125726" lon="114.2550399889"><ele>250.000</ele></trkpt>
      <trkpt lat="22.4927788079" lon="114.2551144488"><ele>252.000</ele></trkpt>
      <trkpt lat="22.4927690640" lon="114.2551704773"><ele>252.000</ele></trkpt>
      <trkpt lat="22.4927730552" lon="114.2552452985"><ele>252.000</ele></trkpt>
      <trkpt lat="22.4927874889" lon="114.2553316803"><ele>252.000</ele></trkpt>
      <trkpt lat="22.4928144475" lon="114.2554369319"><ele>254.000</ele></trkpt>
      <trkpt lat="22.4928222123" lon="114.2554951278"><ele>254.000</ele></trkpt>
      <trkpt lat="22.4928102483" lon="114.2555481036"><ele>254.000</ele></trkpt>
      <trkpt lat="22.4927757736" lon="114.2555966061"><ele>256.000</ele></trkpt>
      <trkpt lat="22.4927431180" lon="114.2556555079"><ele>257.000</ele></trkpt>
      <trkpt lat="22.4927019711" lon="114.2557015480"><ele>258.000</ele></trkpt>
      <trkpt lat="22.4926968785" lon="114.2557558007"><ele>260.000</ele></trkpt>
      <trkpt lat="22.4926867693" lon="114.2558564152"><ele>261.000</ele></trkpt>
      <trkpt lat="22.4926754198" lon="114.2559081766"><ele>262.000</ele></trkpt>
      <trkpt lat="22.4926813721" lon="114.2559423873"><ele>262.000</ele></trkpt>
      <trkpt lat="22.4927341850" lon="114.2559910948"><ele>262.000</ele></trkpt>
      <trkpt lat="22.4927970756" lon="114.2560587000"><ele>262.000</ele></trkpt>
      <trkpt lat="22.4928387328" lon="114.2561138637"><ele>262.000</ele></trkpt>
      <trkpt lat="22.4929367340" lon="114.2562771223"><ele>262.000</ele></trkpt>
      <trkpt lat="22.4929598845" lon="114.2563156886"><ele>264.000</ele></trkpt>
      <trkpt lat="22.4930063265" lon="114.2563916518"><ele>266.000</ele></trkpt>
      <trkpt lat="22.4930082369" lon="114.2563979803"><ele>266.000</ele></trkpt>
      <trkpt lat="22.4930085443" lon="114.2563989979"><ele>266.000</ele></trkpt>
      <trkpt lat="22.4930176682" lon="114.2564292184"><ele>266.000</ele></trkpt>
      <trkpt lat="22.4930103340" lon="114.2564870656"><ele>268.000</ele></trkpt>
      <trkpt lat="22.4930072703" lon="114.2565283752"><ele>270.000</ele></trkpt>
      <trkpt lat="22.4929658632" lon="114.2566069509"><ele>274.000</ele></trkpt>
      <trkpt lat="22.4929074514" lon="114.2567046224"><ele>278.000</ele></trkpt>
      <trkpt lat="22.4928965819" lon="114.2567530410"><ele>280.000</ele></trkpt>
      <trkpt lat="22.4929220396" lon="114.2568966005"><ele>282.000</ele></trkpt>
      <trkpt lat="22.4929298255" lon="114.2569476829"><ele>286.000</ele></trkpt>
      <trkpt lat="22.4929308412" lon="114.2569934845"><ele>286.000</ele></trkpt>
      <trkpt lat="22.4929440835" lon="114.2570222769"><ele>287.000</ele></trkpt>
      <trkpt lat="22.4929984803" lon="114.2570813453"><ele>288.000</ele></trkpt>
      <trkpt lat="22.4929679885" lon="114.2572004901"><ele>288.000</ele></trkpt>
      <trkpt lat="22.4929119597" lon="114.2572452190"><ele>286.000</ele></trkpt>
      <trkpt lat="22.4928942530" lon="114.2572957716"><ele>284.000</ele></trkpt>
      <trkpt lat="22.4928638173" lon="114.2574106112"><ele>280.000</ele></trkpt>
      <trkpt lat="22.4928749580" lon="114.2574523371"><ele>280.000</ele></trkpt>
      <trkpt lat="22.4928979306" lon="114.2575441663"><ele>278.000</ele></trkpt>
      <trkpt lat="22.4928951469" lon="114.2576388959"><ele>276.000</ele></trkpt>
      <trkpt lat="22.4928967922" lon="114.2577072923"><ele>276.000</ele></trkpt>
      <trkpt lat="22.4929123760" lon="114.2577845790"><ele>276.000</ele></trkpt>
      <trkpt lat="22.4929446659" lon="114.2578441304"><ele>278.000</ele></trkpt>
      <trkpt lat="22.4929913765" lon="114.2579051188"><ele>278.000</ele></trkpt>
      <trkpt lat="22.4930699052" lon="114.2580299926"><ele>282.000</ele></trkpt>
      <trkpt lat="22.4931243789" lon="114.2581149697"><ele>288.000</ele></trkpt>
      <trkpt lat="22.4931592938" lon="114.2581797414"><ele>290.000</ele></trkpt>
      <trkpt lat="22.4931843633" lon="114.2582669366"><ele>295.000</ele></trkpt>
      <trkpt lat="22.4932104097" lon="114.2583509157"><ele>298.000</ele></trkpt>
      <trkpt lat="22.4932355764" lon="114.2584243308"><ele>304.000</ele></trkpt>
      <trkpt lat="22.4932626963" lon="114.2584745987"><ele>307.000</ele></trkpt>
      <trkpt lat="22.4932851951" lon="114.2585556701"><ele>310.000</ele></trkpt>
      <trkpt lat="22.4932792720" lon="114.2586607673"><ele>310.000</ele></trkpt>
      <trkpt lat="22.4932642769" lon="114.2587409615"><ele>310.000</ele></trkpt>
      <trkpt lat="22.4932390717" lon="114.2588325004"><ele>309.000</ele></trkpt>
      <trkpt lat="22.4932608762" lon="114.2588933482"><ele>310.000</ele></trkpt>
      <trkpt lat="22.4932702394" lon="114.2589669387"><ele>310.000</ele></trkpt>
      <trkpt lat="22.4932733664" lon="114.2590683581"><ele>310.000</ele></trkpt>
      <trkpt lat="22.4932805282" lon="114.2591553291"><ele>312.000</ele></trkpt>
      <trkpt lat="22.4933225153" lon="114.2591989977"><ele>312.000</ele></trkpt>
      <trkpt lat="22.4933052933" lon="114.2592382086"><ele>312.000</ele></trkpt>
      <trkpt lat="22.4933031677" lon="114.2592430479"><ele>312.000</ele></trkpt>
      <trkpt lat="22.4932624704" lon="114.2593085234"><ele>310.000</ele></trkpt>
      <trkpt lat="22.4932314593" lon="114.2593980956"><ele>309.000</ele></trkpt>
      <trkpt lat="22.4932136084" lon="114.2594819712"><ele>308.000</ele></trkpt>
      <trkpt lat="22.4932150892" lon="114.2595349937"><ele>308.000</ele></trkpt>
      <trkpt lat="22.4932518187" lon="114.2596702226"><ele>308.000</ele></trkpt>
      <trkpt lat="22.4932751023" lon="114.2597340355"><ele>308.000</ele></trkpt>
      <trkpt lat="22.4933084701" lon="114.2598034033"><ele>306.000</ele></trkpt>
      <trkpt lat="22.4933365878" lon="114.2598791917"><ele>305.000</ele></trkpt>
      <trkpt lat="22.4933720221" lon="114.2599335562"><ele>304.000</ele></trkpt>
      <trkpt lat="22.4934087531" lon="114.2599952003"><ele>302.000</ele></trkpt>
      <trkpt lat="22.4934578723" lon="114.2600420415"><ele>301.000</ele></trkpt>
      <trkpt lat="22.4935024463" lon="114.2600770241"><ele>300.000</ele></trkpt>
      <trkpt lat="22.4935221951" lon="114.2600678465"><ele>300.000</ele></trkpt>
      <trkpt lat="22.4935234534" lon="114.2600898353"><ele>300.000</ele></trkpt>
      <trkpt lat="22.4935251935" lon="114.2601477074"><ele>299.000</ele></trkpt>
      <trkpt lat="22.4934978277" lon="114.2601897022"><ele>295.000</ele></trkpt>
      <trkpt lat="22.4934447007" lon="114.2602445191"><ele>292.000</ele></trkpt>
      <trkpt lat="22.4933848325" lon="114.2603078255"><ele>289.000</ele></trkpt>
      <trkpt lat="22.4933605624" lon="114.2603705507"><ele>284.000</ele></trkpt>
      <trkpt lat="22.4933078154" lon="114.2604584965"><ele>279.000</ele></trkpt>
      <trkpt lat="22.4932713615" lon="114.2605420789"><ele>274.000</ele></trkpt>
      <trkpt lat="22.4932383246" lon="114.2606186664"><ele>272.000</ele></trkpt>
      <trkpt lat="22.4932083103" lon="114.2607002993"><ele>272.000</ele></trkpt>
      <trkpt lat="22.4931779850" lon="114.2607547214"><ele>272.000</ele></trkpt>
      <trkpt lat="22.4931737621" lon="114.2607605497"><ele>272.000</ele></trkpt>
      <trkpt lat="22.4931436358" lon="114.2608021247"><ele>270.000</ele></trkpt>
      <trkpt lat="22.4930513104" lon="114.2608688222"><ele>270.000</ele></trkpt>
      <trkpt lat="22.4929841038" lon="114.2609081007"><ele>272.000</ele></trkpt>
      <trkpt lat="22.4929423341" lon="114.2609505821"><ele>272.000</ele></trkpt>
      <trkpt lat="22.4929014922" lon="114.2609975732"><ele>273.000</ele></trkpt>
      <trkpt lat="22.4928928560" lon="114.2610380727"><ele>274.000</ele></trkpt>
      <trkpt lat="22.4929222521" lon="114.2611377293"><ele>276.000</ele></trkpt>
      <trkpt lat="22.4929513536" lon="114.2612304569"><ele>280.000</ele></trkpt>
      <trkpt lat="22.4929592322" lon="114.2613260967"><ele>282.000</ele></trkpt>
      <trkpt lat="22.4929285486" lon="114.2614263000"><ele>286.000</ele></trkpt>
      <trkpt lat="22.4929382441" lon="114.2614838658"><ele>288.000</ele></trkpt>
      <trkpt lat="22.4929196997" lon="114.2615276828"><ele>290.000</ele></trkpt>
      <trkpt lat="22.4929038812" lon="114.2615912290"><ele>292.000</ele></trkpt>
      <trkpt lat="22.4928727196" lon="114.2616555044"><ele>294.000</ele></trkpt>
      <trkpt lat="22.4928292972" lon="114.2617321433"><ele>292.000</ele></trkpt>
      <trkpt lat="22.4928276702" lon="114.2617350189"><ele>292.000</ele></trkpt>
      <trkpt lat="22.4928016376" lon="114.2617998318"><ele>290.000</ele></trkpt>
      <trkpt lat="22.4927496615" lon="114.2618970385"><ele>288.000</ele></trkpt>
      <trkpt lat="22.4927152800" lon="114.2619707966"><ele>293.000</ele></trkpt>
      <trkpt lat="22.4926739309" lon="114.2620884466"><ele>294.000</ele></trkpt>
      <trkpt lat="22.4926704855" lon="114.2621485989"><ele>294.000</ele></trkpt>
      <trkpt lat="22.4926544185" lon="114.2622374893"><ele>294.000</ele></trkpt>
      <trkpt lat="22.4926427518" lon="114.2623046335"><ele>296.000</ele></trkpt>
      <trkpt lat="22.4926222785" lon="114.2623584101"><ele>296.000</ele></trkpt>
      <trkpt lat="22.4926042952" lon="114.2624674738"><ele>293.000</ele></trkpt>
      <trkpt lat="22.4926037809" lon="114.2625347415"><ele>292.000</ele></trkpt>
      <trkpt lat="22.4926250902" lon="114.2625562508"><ele>292.000</ele></trkpt>
      <trkpt lat="22.4926305840" lon="114.2626179149"><ele>292.000</ele></trkpt>
      <trkpt lat="22.4926444564" lon="114.2626995061"><ele>292.000</ele></trkpt>
      <trkpt lat="22.4926450781" lon="114.2627038310"><ele>292.000</ele></trkpt>
      <trkpt lat="22.4926563954" lon="114.2627826121"><ele>294.000</ele></trkpt>
      <trkpt lat="22.4926982889" lon="114.2627968262"><ele>294.000</ele></trkpt>
      <trkpt lat="22.4927277200" lon="114.2628116449"><ele>294.000</ele></trkpt>
      <trkpt lat="22.4927643401" lon="114.2628420558"><ele>296.000</ele></trkpt>
      <trkpt lat="22.4928072753" lon="114.2628671256"><ele>296.000</ele></trkpt>
      <trkpt lat="22.4928616949" lon="114.2628964397"><ele>298.000</ele></trkpt>
      <trkpt lat="22.4928662727" lon="114.2629025765"><ele>298.000</ele></trkpt>
      <trkpt lat="22.4928805639" lon="114.2629217376"><ele>298.000</ele></trkpt>
      <trkpt lat="22.4929045333" lon="114.2629505372"><ele>300.000</ele></trkpt>
      <trkpt lat="22.4929519282" lon="114.2629947349"><ele>302.000</ele></trkpt>
      <trkpt lat="22.4930019823" lon="114.2630311211"><ele>303.000</ele></trkpt>
      <trkpt lat="22.4929963845" lon="114.2631135362"><ele>304.000</ele></trkpt>
      <trkpt lat="22.4930199592" lon="114.2631542304"><ele>304.000</ele></trkpt>
      <trkpt lat="22.4930258170" lon="114.2631613438"><ele>304.000</ele></trkpt>
      <trkpt lat="22.4930013088" lon="114.2632096019"><ele>304.000</ele></trkpt>
      <trkpt lat="22.4929627783" lon="114.2632391888"><ele>304.000</ele></trkpt>
      <trkpt lat="22.4929124713" lon="114.2633208667"><ele>303.000</ele></trkpt>
      <trkpt lat="22.4929064280" lon="114.2634254482"><ele>299.000</ele></trkpt>
      <trkpt lat="22.4929433208" lon="114.2635027683"><ele>296.000</ele></trkpt>
      <trkpt lat="22.4929460712" lon="114.2635938862"><ele>294.000</ele></trkpt>
      <trkpt lat="22.4929113153" lon="114.2636570414"><ele>290.000</ele></trkpt>
      <trkpt lat="22.4928698819" lon="114.2637277432"><ele>290.000</ele></trkpt>
      <trkpt lat="22.4928674007" lon="114.2637907436"><ele>289.000</ele></trkpt>
      <trkpt lat="22.4928621611" lon="114.2638779206"><ele>287.000</ele></trkpt>
      <trkpt lat="22.4928812308" lon="114.2639661138"><ele>286.000</ele></trkpt>
      <trkpt lat="22.4929010448" lon="114.2640306247"><ele>288.000</ele></trkpt>
      <trkpt lat="22.4929298252" lon="114.2641130613"><ele>290.000</ele></trkpt>
      <trkpt lat="22.4929526368" lon="114.2641780503"><ele>290.000</ele></trkpt>
      <trkpt lat="22.4929931342" lon="114.2642021084"><ele>290.000</ele></trkpt>
      <trkpt lat="22.4930508924" lon="114.2642357496"><ele>291.000</ele></trkpt>
      <trkpt lat="22.4930939277" lon="114.2642756205"><ele>294.000</ele></trkpt>
      <trkpt lat="22.4931315627" lon="114.2642990549"><ele>294.000</ele></trkpt>
      <trkpt lat="22.4931758709" lon="114.2643061866"><ele>294.000</ele></trkpt>
      <trkpt lat="22.4932246913" lon="114.2643189965"><ele>296.000</ele></trkpt>
      <trkpt lat="22.4932902286" lon="114.2643454903"><ele>298.000</ele></trkpt>
      <trkpt lat="22.4933178213" lon="114.2644030093"><ele>298.000</ele></trkpt>
      <trkpt lat="22.4933518764" lon="114.2644334385"><ele>298.000</ele></trkpt>
      <trkpt lat="22.4933750302" lon="114.2644835205"><ele>298.000</ele></trkpt>
      <trkpt lat="22.4934174371" lon="114.2645164136"><ele>300.000</ele></trkpt>
      <trkpt lat="22.4934869040" lon="114.2645900620"><ele>302.000</ele></trkpt>
      <trkpt lat="22.4935399366" lon="114.2646285401"><ele>302.000</ele></trkpt>
      <trkpt lat="22.4935479122" lon="114.2646751043"><ele>301.000</ele></trkpt>
      <trkpt lat="22.4935718540" lon="114.2647371304"><ele>298.000</ele></trkpt>
      <trkpt lat="22.4935762669" lon="114.2648252761"><ele>298.000</ele></trkpt>
      <trkpt lat="22.4935870327" lon="114.2649382845"><ele>294.000</ele></trkpt>
      <trkpt lat="22.4936114807" lon="114.2649992712"><ele>292.000</ele></trkpt>
      <trkpt lat="22.4936333411" lon="114.2650857564"><ele>290.000</ele></trkpt>
      <trkpt lat="22.4936404832" lon="114.2651698611"><ele>293.000</ele></trkpt>
      <trkpt lat="22.4936733658" lon="114.2651975493"><ele>292.000</ele></trkpt>
      <trkpt lat="22.4937187395" lon="114.2652212805"><ele>290.000</ele></trkpt>
      <trkpt lat="22.4937683371" lon="114.2652328862"><ele>288.000</ele></trkpt>
      <trkpt lat="22.4938511597" lon="114.2652570008"><ele>286.000</ele></trkpt>
      <trkpt lat="22.4938877263" lon="114.2652852843"><ele>285.000</ele></trkpt>
      <trkpt lat="22.4939106158" lon="114.2653228301"><ele>284.000</ele></trkpt>
      <trkpt lat="22.4939471719" lon="114.2654194317"><ele>282.000</ele></trkpt>
      <trkpt lat="22.4939901593" lon="114.2654965235"><ele>282.000</ele></trkpt>
      <trkpt lat="22.4939859633" lon="114.2655565204"><ele>282.000</ele></trkpt>
      <trkpt lat="22.4939892837" lon="114.2656271925"><ele>282.000</ele></trkpt>
      <trkpt lat="22.4940382760" lon="114.2656883020"><ele>282.000</ele></trkpt>
      <trkpt lat="22.4940699286" lon="114.2657027536"><ele>282.000</ele></trkpt>
      <trkpt lat="22.4941998536" lon="114.2657924278"><ele>282.000</ele></trkpt>
      <trkpt lat="22.4942212127" lon="114.2658374751"><ele>282.000</ele></trkpt>
      <trkpt lat="22.4943023836" lon="114.2659251456"><ele>284.000</ele></trkpt>
      <trkpt lat="22.4943944411" lon="114.2659711032"><ele>286.000</ele></trkpt>
      <trkpt lat="22.4944660297" lon="114.2659789916"><ele>286.000</ele></trkpt>
      <trkpt lat="22.4945067692" lon="114.2659891731"><ele>288.000</ele></trkpt>
      <trkpt lat="22.4945686341" lon="114.2659769776"><ele>284.000</ele></trkpt>
      <trkpt lat="22.4946540503" lon="114.2659974890"><ele>282.000</ele></trkpt>
      <trkpt lat="22.4946984981" lon="114.2660133775"><ele>282.000</ele></trkpt>
      <trkpt lat="22.4947665807" lon="114.2660088342"><ele>282.000</ele></trkpt>
      <trkpt lat="22.4948627471" lon="114.2660220931"><ele>282.000</ele></trkpt>
      <trkpt lat="22.4949136198" lon="114.2660138069"><ele>280.000</ele></trkpt>
      <trkpt lat="22.4949503269" lon="114.2660165515"><ele>280.000</ele></trkpt>
      <trkpt lat="22.4950083959" lon="114.2660427403"><ele>278.000</ele></trkpt>
      <trkpt lat="22.4950808918" lon="114.2659938072"><ele>278.000</ele></trkpt>
      <trkpt lat="22.4951428025" lon="114.2659315534"><ele>276.000</ele></trkpt>
      <trkpt lat="22.4951869999" lon="114.2659267226"><ele>274.000</ele></trkpt>
      <trkpt lat="22.4952520160" lon="114.2659152871"><ele>272.000</ele></trkpt>
      <trkpt lat="22.4952771473" lon="114.2658994722"><ele>271.000</ele></trkpt>
      <trkpt lat="22.4953137547" lon="114.2658863081"><ele>272.000</ele></trkpt>
      <trkpt lat="22.4953673283" lon="114.2658604045"><ele>270.000</ele></trkpt>
      <trkpt lat="22.4954407516" lon="114.2658492464"><ele>268.000</ele></trkpt>
      <trkpt lat="22.4954785231" lon="114.2658213016"><ele>268.000</ele></trkpt>
      <trkpt lat="22.4955194011" lon="114.2657930964"><ele>266.000</ele></trkpt>
      <trkpt lat="22.4955717528" lon="114.2657886886"><ele>265.000</ele></trkpt>
      <trkpt lat="22.4956261913" lon="114.2657989567"><ele>264.000</ele></trkpt>
      <trkpt lat="22.4956947550" lon="114.2658227130"><ele>264.000</ele></trkpt>
      <trkpt lat="22.4957478505" lon="114.2659102400"><ele>264.000</ele></trkpt>
      <trkpt lat="22.4957852386" lon="114.2660203811"><ele>264.000</ele></trkpt>
      <trkpt lat="22.4958187736" lon="114.2661414625"><ele>264.000</ele></trkpt>
      <trkpt lat="22.4958486447" lon="114.2662581586"><ele>262.000</ele></trkpt>
      <trkpt lat="22.4958493028" lon="114.2663089270"><ele>260.000</ele></trkpt>
      <trkpt lat="22.4958223472" lon="114.2664386480"><ele>259.000</ele></trkpt>
      <trkpt lat="22.4958164356" lon="114.2665302384"><ele>260.000</ele></trkpt>
      <trkpt lat="22.4957628310" lon="114.2666278039"><ele>260.000</ele></trkpt>
      <trkpt lat="22.4957355531" lon="114.2666874853"><ele>260.000</ele></trkpt>
      <trkpt lat="22.4957177858" lon="114.2667602341"><ele>260.000</ele></trkpt>
      <trkpt lat="22.4956925119" lon="114.2667887504"><ele>258.000</ele></trkpt>
      <trkpt lat="22.4955877777" lon="114.2668692175"><ele>253.000</ele></trkpt>
      <trkpt lat="22.4955137462" lon="114.2669343981"><ele>251.000</ele></trkpt>
      <trkpt lat="22.4954704853" lon="114.2669600651"><ele>250.000</ele></trkpt>
      <trkpt lat="22.4954334473" lon="114.2670324999"><ele>248.000</ele></trkpt>
      <trkpt lat="22.4954055599" lon="114.2670513351"><ele>248.000</ele></trkpt>
      <trkpt lat="22.4953665288" lon="114.2670867715"><ele>248.000</ele></trkpt>
      <trkpt lat="22.4953414134" lon="114.2671545396"><ele>246.000</ele></trkpt>
      <trkpt lat="22.4953122533" lon="114.2672529659"><ele>246.000</ele></trkpt>
      <trkpt lat="22.4952869533" lon="114.2673277406"><ele>244.000</ele></trkpt>
      <trkpt lat="22.4952557610" lon="114.2673623073"><ele>244.000</ele></trkpt>
      <trkpt lat="22.4952432438" lon="114.2674123964"><ele>244.000</ele></trkpt>
      <trkpt lat="22.4952237779" lon="114.2674703235"><ele>244.000</ele></trkpt>
      <trkpt lat="22.4952260209" lon="114.2675283328"><ele>244.000</ele></trkpt>
      <trkpt lat="22.4952218689" lon="114.2675728588"><ele>244.000</ele></trkpt>
      <trkpt lat="22.4952502419" lon="114.2676379405"><ele>246.000</ele></trkpt>
      <trkpt lat="22.4952930438" lon="114.2677217586"><ele>246.000</ele></trkpt>
      <trkpt lat="22.4953368802" lon="114.2678128369"><ele>248.000</ele></trkpt>
      <trkpt lat="22.4953800150" lon="114.2678986865"><ele>250.000</ele></trkpt>
      <trkpt lat="22.4954289012" lon="114.2679862211"><ele>252.000</ele></trkpt>
      <trkpt lat="22.4954632901" lon="114.2680958843"><ele>253.000</ele></trkpt>
      <trkpt lat="22.4955203096" lon="114.2682045809"><ele>252.000</ele></trkpt>
      <trkpt lat="22.4955191924" lon="114.2682637348"><ele>252.000</ele></trkpt>
      <trkpt lat="22.4955708384" lon="114.2683571510"><ele>253.000</ele></trkpt>
      <trkpt lat="22.4955969416" lon="114.2683634947"><ele>256.000</ele></trkpt>
      <trkpt lat="22.4956654272" lon="114.2684444730"><ele>255.000</ele></trkpt>
      <trkpt lat="22.4957249478" lon="114.2684739681"><ele>256.000</ele></trkpt>
      <trkpt lat="22.4957712870" lon="114.2684982553"><ele>257.000</ele></trkpt>
      <trkpt lat="22.4958060573" lon="114.2685083657"><ele>257.000</ele></trkpt>
      <trkpt lat="22.4958691847" lon="114.2685788839"><ele>254.000</ele></trkpt>
      <trkpt lat="22.4959323047" lon="114.2686149607"><ele>254.000</ele></trkpt>
      <trkpt lat="22.4959743016" lon="114.2687003047"><ele>254.000</ele></trkpt>
      <trkpt lat="22.4959772421" lon="114.2687062834"><ele>254.000</ele></trkpt>
      <trkpt lat="22.4960612060" lon="114.2687707902"><ele>254.000</ele></trkpt>
      <trkpt lat="22.4961157228" lon="114.2688651223"><ele>254.000</ele></trkpt>
      <trkpt lat="22.4961212494" lon="114.2689282653"><ele>255.000</ele></trkpt>
      <trkpt lat="22.4961198508" lon="114.2690211514"><ele>254.000</ele></trkpt>
      <trkpt lat="22.4961195067" lon="114.2690228324"><ele>254.000</ele></trkpt>
      <trkpt lat="22.4961026081" lon="114.2691064369"><ele>255.000</ele></trkpt>
      <trkpt lat="22.4961082145" lon="114.2691720582"><ele>256.000</ele></trkpt>
      <trkpt lat="22.4960943823" lon="114.2692151883"><ele>256.000</ele></trkpt>
      <trkpt lat="22.4960557508" lon="114.2693402364"><ele>259.000</ele></trkpt>
      <trkpt lat="22.4960357005" lon="114.2694394948"><ele>262.000</ele></trkpt>
      <trkpt lat="22.4960332090" lon="114.2694537304"><ele>262.000</ele></trkpt>
      <trkpt lat="22.4959990790" lon="114.2695551174"><ele>264.000</ele></trkpt>
      <trkpt lat="22.4959848398" lon="114.2696306186"><ele>266.000</ele></trkpt>
      <trkpt lat="22.4960026235" lon="114.2697510394"><ele>268.000</ele></trkpt>
      <trkpt lat="22.4960220216" lon="114.2697809651"><ele>270.000</ele></trkpt>
      <trkpt lat="22.4960333744" lon="114.2698564445"><ele>270.000</ele></trkpt>
      <trkpt lat="22.4960388874" lon="114.2699424837"><ele>272.000</ele></trkpt>
      <trkpt lat="22.4960437554" lon="114.2699946059"><ele>272.000</ele></trkpt>
      <trkpt lat="22.4960468122" lon="114.2700273292"><ele>272.000</ele></trkpt>
      <trkpt lat="22.4960565154" lon="114.2701131769"><ele>272.000</ele></trkpt>
      <trkpt lat="22.4960233781" lon="114.2702461682"><ele>274.000</ele></trkpt>
      <trkpt lat="22.4960256368" lon="114.2703064616"><ele>273.000</ele></trkpt>
      <trkpt lat="22.4960136515" lon="114.2704033541"><ele>273.000</ele></trkpt>
      <trkpt lat="22.4960333223" lon="114.2705231737"><ele>274.000</ele></trkpt>
      <trkpt lat="22.4960398855" lon="114.2706195539"><ele>275.000</ele></trkpt>
      <trkpt lat="22.4960605396" lon="114.2707564103"><ele>274.000</ele></trkpt>
      <trkpt lat="22.4960731679" lon="114.2708891311"><ele>274.000</ele></trkpt>
      <trkpt lat="22.4960717334" lon="114.2710106664"><ele>276.000</ele></trkpt>
      <trkpt lat="22.4960468682" lon="114.2711574046"><ele>276.000</ele></trkpt>
      <trkpt lat="22.4960268252" lon="114.2712730380"><ele>276.000</ele></trkpt>
      <trkpt lat="22.4960319531" lon="114.2714140240"><ele>275.000</ele></trkpt>
      <trkpt lat="22.4960560161" lon="114.2715266455"><ele>274.000</ele></trkpt>
      <trkpt lat="22.4960755213" lon="114.2716963004"><ele>274.000</ele></trkpt>
      <trkpt lat="22.4960769637" lon="114.2718078959"><ele>275.000</ele></trkpt>
      <trkpt lat="22.4960777745" lon="114.2718724255"><ele>274.000</ele></trkpt>
      <trkpt lat="22.4960958574" lon="114.2719574530"><ele>273.000</ele></trkpt>
      <trkpt lat="22.4961185084" lon="114.2720903460"><ele>274.000</ele></trkpt>
      <trkpt lat="22.4961249675" lon="114.2721778341"><ele>275.000</ele></trkpt>
      <trkpt lat="22.4961243164" lon="114.2722709441"><ele>275.000</ele></trkpt>
      <trkpt lat="22.4961423649" lon="114.2723526092"><ele>274.000</ele></trkpt>
      <trkpt lat="22.4961690509" lon="114.2724571958"><ele>276.000</ele></trkpt>
      <trkpt lat="22.4961982382" lon="114.2725162931"><ele>274.000</ele></trkpt>
      <trkpt lat="22.4962268507" lon="114.2725851471"><ele>274.000</ele></trkpt>
      <trkpt lat="22.4962555622" lon="114.2727153525"><ele>276.000</ele></trkpt>
      <trkpt lat="22.4962665279" lon="114.2728319305"><ele>274.000</ele></trkpt>
      <trkpt lat="22.4962789359" lon="114.2729830190"><ele>274.000</ele></trkpt>
      <trkpt lat="22.4962993954" lon="114.2730492145"><ele>275.000</ele></trkpt>
      <trkpt lat="22.4962962469" lon="114.2731497865"><ele>276.000</ele></trkpt>
      <trkpt lat="22.4962977223" lon="114.2732648711"><ele>277.000</ele></trkpt>
      <trkpt lat="22.4963061559" lon="114.2733325782"><ele>278.000</ele></trkpt>
      <trkpt lat="22.4963098056" lon="114.2733904529"><ele>278.000</ele></trkpt>
      <trkpt lat="22.4963183284" lon="114.2735020613"><ele>276.000</ele></trkpt>
      <trkpt lat="22.4963306426" lon="114.2736459477"><ele>276.000</ele></trkpt>
      <trkpt lat="22.4963320532" lon="114.2736743930"><ele>276.000</ele></trkpt>
      <trkpt lat="22.4963305958" lon="114.2737252671"><ele>276.000</ele></trkpt>
      <trkpt lat="22.4963272096" lon="114.2738029515"><ele>276.000</ele></trkpt>
      <trkpt lat="22.4963242488" lon="114.2739075169"><ele>276.000</ele></trkpt>
      <trkpt lat="22.4963266249" lon="114.2739206479"><ele>276.000</ele></trkpt>
      <trkpt lat="22.4963337654" lon="114.2739414392"><ele>276.000</ele></trkpt>
      <trkpt lat="22.4963680483" lon="114.2740103948"><ele>274.000</ele></trkpt>
      <trkpt lat="22.4963785264" lon="114.2740372138"><ele>274.000</ele></trkpt>
      <trkpt lat="22.4964032747" lon="114.2741050636"><ele>272.000</ele></trkpt>
      <trkpt lat="22.4964042267" lon="114.2741138204"><ele>272.000</ele></trkpt>
      <trkpt lat="22.4964042184" lon="114.2741274940"><ele>272.000</ele></trkpt>
      <trkpt lat="22.4964051554" lon="114.2741460954"><ele>272.000</ele></trkpt>
      <trkpt lat="22.4964113390" lon="114.2741811146"><ele>272.000</ele></trkpt>
      <trkpt lat="22.4964203760" lon="114.2742150367"><ele>272.000</ele></trkpt>
      <trkpt lat="22.4964403665" lon="114.2742659258"><ele>274.000</ele></trkpt>
      <trkpt lat="22.4964465558" lon="114.2742900013"><ele>271.000</ele></trkpt>
      <trkpt lat="22.4964493965" lon="114.2743113446"><ele>271.000</ele></trkpt>
      <trkpt lat="22.4964489136" lon="114.2743348624"><ele>271.000</ele></trkpt>
      <trkpt lat="22.4964469840" lon="114.2743748022"><ele>272.000</ele></trkpt>
      <trkpt lat="22.4964421881" lon="114.2744223891"><ele>274.000</ele></trkpt>
      <trkpt lat="22.4964444815" lon="114.2744542657"><ele>276.000</ele></trkpt>
      <trkpt lat="22.4964487497" lon="114.2744892836"><ele>272.000</ele></trkpt>
      <trkpt lat="22.4964630083" lon="114.2745658823"><ele>273.000</ele></trkpt>
      <trkpt lat="22.4964891420" lon="114.2747179798"><ele>275.000</ele></trkpt>
      <trkpt lat="22.4965029346" lon="114.2747737918"><ele>272.000</ele></trkpt>
      <trkpt lat="22.4965095906" lon="114.2748038930"><ele>272.000</ele></trkpt>
      <trkpt lat="22.4965200076" lon="114.2749308200"><ele>272.000</ele></trkpt>
      <trkpt lat="22.4965204042" lon="114.2749780306"><ele>272.000</ele></trkpt>
      <trkpt lat="22.4965194256" lon="114.2750294590"><ele>272.000</ele></trkpt>
      <trkpt lat="22.4965150884" lon="114.2751093197"><ele>272.000</ele></trkpt>
      <trkpt lat="22.4965155008" lon="114.2752045094"><ele>273.000</ele></trkpt>
      <trkpt lat="22.4965178600" lon="114.2752466388"><ele>274.000</ele></trkpt>
      <trkpt lat="22.4965297426" lon="114.2753095623"><ele>274.000</ele></trkpt>
      <trkpt lat="22.4965421098" lon="114.2753626329"><ele>272.000</ele></trkpt>
      <trkpt lat="22.4965616234" lon="114.2754233752"><ele>273.000</ele></trkpt>
      <trkpt lat="22.4965804592" lon="114.2754716485"><ele>272.000</ele></trkpt>
      <trkpt lat="22.4966042756" lon="114.2755121420"><ele>274.000</ele></trkpt>
      <trkpt lat="22.4966114126" lon="114.2755367634"><ele>274.000</ele></trkpt>
      <trkpt lat="22.4966252146" lon="114.2755750720"><ele>272.000</ele></trkpt>
      <trkpt lat="22.4966437890" lon="114.2756079135"><ele>273.000</ele></trkpt>
      <trkpt lat="22.4966695027" lon="114.2756598944"><ele>274.000</ele></trkpt>
      <trkpt lat="22.4967018699" lon="114.2757474490"><ele>272.000</ele></trkpt>
      <trkpt lat="22.4967204282" lon="114.2758049070"><ele>270.000</ele></trkpt>
      <trkpt lat="22.4967361314" lon="114.2758661909"><ele>270.000</ele></trkpt>
      <trkpt lat="22.4967370640" lon="114.2758929946"><ele>270.000</ele></trkpt>
      <trkpt lat="22.4967437099" lon="114.2759378580"><ele>270.000</ele></trkpt>
      <trkpt lat="22.4967522816" lon="114.2759657653"><ele>271.000</ele></trkpt>
      <trkpt lat="22.4967787851" lon="114.2760255409"><ele>270.000</ele></trkpt>
      <trkpt lat="22.4967882992" lon="114.2760627493"><ele>270.000</ele></trkpt>
      <trkpt lat="22.4968054403" lon="114.2761043354"><ele>268.000</ele></trkpt>
      <trkpt lat="22.4968197100" lon="114.2761470186"><ele>269.000</ele></trkpt>
      <trkpt lat="22.4968444652" lon="114.2762170653"><ele>270.000</ele></trkpt>
      <trkpt lat="22.4968582592" lon="114.2762695918"><ele>268.000</ele></trkpt>
      <trkpt lat="22.4968677707" lon="114.2763095311"><ele>268.000</ele></trkpt>
      <trkpt lat="22.4968677691" lon="114.2763120481"><ele>268.000</ele></trkpt>
      <trkpt lat="22.4968677588" lon="114.2763286858"><ele>268.000</ele></trkpt>
      <trkpt lat="22.4968639368" lon="114.2763483714"><ele>268.000</ele></trkpt>
      <trkpt lat="22.4968581990" lon="114.2763686105"><ele>268.000</ele></trkpt>
      <trkpt lat="22.4968813102" lon="114.2764246326"><ele>268.000</ele></trkpt>
      <trkpt lat="22.4968998750" lon="114.2764711479"><ele>266.000</ele></trkpt>
      <trkpt lat="22.4969179623" lon="114.2765318895"><ele>267.000</ele></trkpt>
      <trkpt lat="22.4969369856" lon="114.2766123211"><ele>266.000</ele></trkpt>
      <trkpt lat="22.4969474467" lon="114.2766511726"><ele>266.000</ele></trkpt>
      <trkpt lat="22.4969760132" lon="114.2767201240"><ele>266.000</ele></trkpt>
      <trkpt lat="22.4969926684" lon="114.2767731970"><ele>264.000</ele></trkpt>
      <trkpt lat="22.4970386686" lon="114.2769080219"><ele>262.000</ele></trkpt>
      <trkpt lat="22.4970524837" lon="114.2769408603"><ele>262.000</ele></trkpt>
      <trkpt lat="22.4970577026" lon="114.2769709509"><ele>262.000</ele></trkpt>
      <trkpt lat="22.4970691217" lon="114.2770070627"><ele>262.000</ele></trkpt>
      <trkpt lat="22.4971190984" lon="114.2771509860"><ele>262.000</ele></trkpt>
      <trkpt lat="22.4971651342" lon="114.2772716613"><ele>260.000</ele></trkpt>
      <trkpt lat="22.4971741712" lon="114.2773044954"><ele>258.000</ele></trkpt>
      <trkpt lat="22.4971803515" lon="114.2773438882"><ele>258.000</ele></trkpt>
      <trkpt lat="22.4971931824" lon="114.2774051704"><ele>256.000</ele></trkpt>
      <trkpt lat="22.4972000803" lon="114.2774217451"><ele>256.000</ele></trkpt>
      <trkpt lat="22.4972010174" lon="114.2774540203"><ele>256.000</ele></trkpt>
      <trkpt lat="22.4972029066" lon="114.2774813778"><ele>256.000</ele></trkpt>
      <trkpt lat="22.4972155258" lon="114.2775043124"><ele>257.000</ele></trkpt>
      <trkpt lat="22.4972383810" lon="114.2775502869"><ele>257.000</ele></trkpt>
      <trkpt lat="22.4972579054" lon="114.2775924193"><ele>255.000</ele></trkpt>
      <trkpt lat="22.4972764780" lon="114.2776274478"><ele>255.000</ele></trkpt>
      <trkpt lat="22.4972826633" lon="114.2776427674"><ele>255.000</ele></trkpt>
      <trkpt lat="22.4972902782" lon="114.2776679434"><ele>256.000</ele></trkpt>
      <trkpt lat="22.4972983762" lon="114.2776859962"><ele>256.000</ele></trkpt>
      <trkpt lat="22.4973121896" lon="114.2777068034"><ele>252.000</ele></trkpt>
      <trkpt lat="22.4973188545" lon="114.2777204819"><ele>252.000</ele></trkpt>
      <trkpt lat="22.4973297889" lon="114.2777658929"><ele>254.000</ele></trkpt>
      <trkpt lat="22.4973316819" lon="114.2777872357"><ele>254.000</ele></trkpt>
      <trkpt lat="22.4973345315" lon="114.2778080252"><ele>254.000</ele></trkpt>
      <trkpt lat="22.4973435667" lon="114.2778435902"><ele>256.000</ele></trkpt>
      <trkpt lat="22.4973521400" lon="114.2778682129"><ele>252.000</ele></trkpt>
      <trkpt lat="22.4973688025" lon="114.2779092548"><ele>254.000</ele></trkpt>
      <trkpt lat="22.4973716489" lon="114.2779207440"><ele>254.000</ele></trkpt>
      <trkpt lat="22.4973745021" lon="114.2779371603"><ele>254.000</ele></trkpt>
      <trkpt lat="22.4973864033" lon="114.2779672569"><ele>254.000</ele></trkpt>
      <trkpt lat="22.4974009948" lon="114.2779986081"><ele>252.000</ele></trkpt>
      <trkpt lat="22.4974348041" lon="114.2780582644"><ele>254.000</ele></trkpt>
      <trkpt lat="22.4974609977" lon="114.2781086137"><ele>252.000</ele></trkpt>
      <trkpt lat="22.4974628976" lon="114.2781173713"><ele>252.000</ele></trkpt>
      <trkpt lat="22.4974614570" lon="114.2781392560"><ele>252.000</ele></trkpt>
      <trkpt lat="22.4974614487" lon="114.2781523854"><ele>252.000</ele></trkpt>
      <trkpt lat="22.4974657305" lon="114.2781660613"><ele>252.000</ele></trkpt>
      <trkpt lat="22.4974824011" lon="114.2781939748"><ele>250.000</ele></trkpt>
      <trkpt lat="22.4974890646" lon="114.2782098497"><ele>250.000</ele></trkpt>
      <trkpt lat="22.4974928640" lon="114.2782278994"><ele>250.000</ele></trkpt>
      <trkpt lat="22.4974952359" lon="114.2782486886"><ele>252.000</ele></trkpt>
      <trkpt lat="22.4974937877" lon="114.2782826133"><ele>252.000</ele></trkpt>
      <trkpt lat="22.4974994836" lon="114.2783307524"><ele>252.000</ele></trkpt>
      <trkpt lat="22.4975075600" lon="114.2783685130"><ele>252.000</ele></trkpt>
      <trkpt lat="22.4975351487" lon="114.2784702832"><ele>252.000</ele></trkpt>
      <trkpt lat="22.4975389579" lon="114.2784872445"><ele>252.000</ele></trkpt>
      <trkpt lat="22.4975413176" lon="114.2785271876"><ele>253.000</ele></trkpt>
      <trkpt lat="22.4975450124" lon="114.2785536339"><ele>253.000</ele></trkpt>
      <trkpt lat="22.4975521482" lon="114.2785793539"><ele>254.000</ele></trkpt>
      <trkpt lat="22.4975692734" lon="114.2786324275"><ele>254.000</ele></trkpt>
      <trkpt lat="22.4975864147" lon="114.2786740249"><ele>253.000</ele></trkpt>
      <trkpt lat="22.4976125915" lon="114.2787506333"><ele>254.000</ele></trkpt>
      <trkpt lat="22.4976192476" lon="114.2787779847"><ele>254.000</ele></trkpt>
      <trkpt lat="22.4976673355" lon="114.2788918111"><ele>254.000</ele></trkpt>
      <trkpt lat="22.4976739936" lon="114.2789175307"><ele>254.000</ele></trkpt>
      <trkpt lat="22.4976911284" lon="114.2789536460"><ele>254.000</ele></trkpt>
      <trkpt lat="22.4977120951" lon="114.2789864899"><ele>254.000</ele></trkpt>
      <trkpt lat="22.4977219041" lon="114.2790119592"><ele>256.000</ele></trkpt>
      <trkpt lat="22.4977419064" lon="114.2790404186"><ele>256.000</ele></trkpt>
      <trkpt lat="22.4977714498" lon="114.2790765439"><ele>257.000</ele></trkpt>
      <trkpt lat="22.4977967016" lon="114.2791006349"><ele>256.000</ele></trkpt>
      <trkpt lat="22.4978364933" lon="114.2791528323"><ele>257.000</ele></trkpt>
      <trkpt lat="22.4978551161" lon="114.2791780350"><ele>256.000</ele></trkpt>
      <trkpt lat="22.4978656711" lon="114.2791946028"><ele>256.000</ele></trkpt>
      <trkpt lat="22.4978780177" lon="114.2792197426"><ele>258.000</ele></trkpt>
      <trkpt lat="22.4978841926" lon="114.2792369001"><ele>258.000</ele></trkpt>
      <trkpt lat="22.4978864969" lon="114.2792643950"><ele>260.000</ele></trkpt>
      <trkpt lat="22.4978903455" lon="114.2792901224"><ele>257.000</ele></trkpt>
      <trkpt lat="22.4978959991" lon="114.2793176285"><ele>258.000</ele></trkpt>
      <trkpt lat="22.4979077445" lon="114.2793665303"><ele>259.000</ele></trkpt>
      <trkpt lat="22.4979108171" lon="114.2793928489"><ele>259.000</ele></trkpt>
      <trkpt lat="22.4979120917" lon="114.2794191672"><ele>260.000</ele></trkpt>
      <trkpt lat="22.4979143997" lon="114.2794392762"><ele>260.000</ele></trkpt>
      <trkpt lat="22.4979182464" lon="114.2794694438"><ele>262.000</ele></trkpt>
      <trkpt lat="22.4979233767" lon="114.2794960565"><ele>263.000</ele></trkpt>
      <trkpt lat="22.4979259464" lon="114.2795164573"><ele>263.000</ele></trkpt>
      <trkpt lat="22.4979259234" lon="114.2795540178"><ele>264.000</ele></trkpt>
      <trkpt lat="22.4979248081" lon="114.2795753682"><ele>264.000</ele></trkpt>
      <trkpt lat="22.4979258257" lon="114.2795939990"><ele>265.000</ele></trkpt>
      <trkpt lat="22.4979309657" lon="114.2796209130"><ele>265.000</ele></trkpt>
      <trkpt lat="22.4979407490" lon="114.2796439809"><ele>264.000</ele></trkpt>
      <trkpt lat="22.4979464046" lon="114.2796540436"><ele>264.000</ele></trkpt>
      <trkpt lat="22.4979582534" lon="114.2796667640"><ele>264.000</ele></trkpt>
      <trkpt lat="22.4979824596" lon="114.2796889592"><ele>264.000</ele></trkpt>
      <trkpt lat="22.4979945588" lon="114.2797055283"><ele>265.000</ele></trkpt>
      <trkpt lat="22.4980388368" lon="114.2797744536"><ele>264.000</ele></trkpt>
      <trkpt lat="22.4980652014" lon="114.2798233750"><ele>266.000</ele></trkpt>
      <trkpt lat="22.4980742088" lon="114.2798452674"><ele>267.000</ele></trkpt>
      <trkpt lat="22.4980775522" lon="114.2798573887"><ele>267.000</ele></trkpt>
      <trkpt lat="22.4980798620" lon="114.2798745434"><ele>267.000</ele></trkpt>
      <trkpt lat="22.4980814026" lon="114.2798801617"><ele>267.000</ele></trkpt>
      <trkpt lat="22.4980855208" lon="114.2798937705"><ele>269.000</ele></trkpt>
      <trkpt lat="22.4980914374" lon="114.2799052999"><ele>269.000</ele></trkpt>
      <trkpt lat="22.4980994240" lon="114.2799135859"><ele>269.000</ele></trkpt>
      <trkpt lat="22.4981071500" lon="114.2799198016"><ele>269.000</ele></trkpt>
      <trkpt lat="22.4981481084" lon="114.2799393465"><ele>271.000</ele></trkpt>
      <trkpt lat="22.4981633000" lon="114.2799494163"><ele>269.000</ele></trkpt>
      <trkpt lat="22.4981857071" lon="114.2799748562"><ele>269.000</ele></trkpt>
      <trkpt lat="22.4981966301" lon="114.2799948453"><ele>271.000</ele></trkpt>
      <trkpt lat="22.4982022895" lon="114.2800131774"><ele>271.000</ele></trkpt>
      <trkpt lat="22.4982063934" lon="114.2800362519"><ele>271.000</ele></trkpt>
      <trkpt lat="22.4982148828" lon="114.2800631587"><ele>271.000</ele></trkpt>
      <trkpt lat="22.4982264642" lon="114.2800844593"><ele>272.000</ele></trkpt>
      <trkpt lat="22.4982450046" lon="114.2801110917"><ele>272.000</ele></trkpt>
      <trkpt lat="22.4982676527" lon="114.2801548704"><ele>273.000</ele></trkpt>
      <trkpt lat="22.4982828364" lon="114.2801773496"><ele>276.000</ele></trkpt>
      <trkpt lat="22.4982910805" lon="114.2801924387"><ele>276.000</ele></trkpt>
      <trkpt lat="22.4982967363" lon="114.2802036774"><ele>274.000</ele></trkpt>
      <trkpt lat="22.4983038192" lon="114.2802270651"><ele>276.000</ele></trkpt>
      <trkpt lat="22.4983048232" lon="114.2802666867"><ele>276.000</ele></trkpt>
      <trkpt lat="22.4983112541" lon="114.2802941848"><ele>278.000</ele></trkpt>
      <trkpt lat="22.4983194829" lon="114.2803190312"><ele>278.000</ele></trkpt>
      <trkpt lat="22.4983207665" lon="114.2803311607"><ele>278.000</ele></trkpt>
      <trkpt lat="22.4983184386" lon="114.2803435781"><ele>278.000</ele></trkpt>
      <trkpt lat="22.4983096651" lon="114.2803654477"><ele>278.000</ele></trkpt>
      <trkpt lat="22.4983075891" lon="114.2803778662"><ele>280.000</ele></trkpt>
      <trkpt lat="22.4983057649" lon="114.2804216268"><ele>278.000</ele></trkpt>
      <trkpt lat="22.4983034359" lon="114.2804343455"><ele>278.000</ele></trkpt>
      <trkpt lat="22.4982969770" lon="114.2804517852"><ele>278.000</ele></trkpt>
      <trkpt lat="22.4982858820" lon="114.2804760243"><ele>277.000</ele></trkpt>
      <trkpt lat="22.4982812413" lon="114.2804887325"><ele>277.000</ele></trkpt>
      <trkpt lat="22.4982721973" lon="114.2805239151"><ele>275.000</ele></trkpt>
      <trkpt lat="22.4982653302" lon="114.2805455528"><ele>275.000</ele></trkpt>
      <trkpt lat="22.4982511392" lon="114.2805662424"><ele>274.000</ele></trkpt>
      <trkpt lat="22.4982426381" lon="114.2805715617"><ele>274.000</ele></trkpt>
      <trkpt lat="22.4982346415" lon="114.2805789417"><ele>274.000</ele></trkpt>
      <trkpt lat="22.4982320651" lon="114.2805845668"><ele>274.000</ele></trkpt>
      <trkpt lat="22.4982317977" lon="114.2805931372"><ele>274.000</ele></trkpt>
      <trkpt lat="22.4982338556" lon="114.2806088145"><ele>274.000</ele></trkpt>
      <trkpt lat="22.4982328118" lon="114.2806170841"><ele>274.000</ele></trkpt>
      <trkpt lat="22.4982310128" lon="114.2806200468"><ele>274.000</ele></trkpt>
      <trkpt lat="22.4982235309" lon="114.2806274272"><ele>274.000</ele></trkpt>
      <trkpt lat="22.4982155437" lon="114.2806342241"><ele>274.000</ele></trkpt>
      <trkpt lat="22.4982088393" lon="114.2806416148"><ele>274.000</ele></trkpt>
      <trkpt lat="22.4982052233" lon="114.2806475209"><ele>274.000</ele></trkpt>
      <trkpt lat="22.4982013528" lon="114.2806560994"><ele>275.000</ele></trkpt>
      <trkpt lat="22.4981972265" lon="114.2806691092"><ele>274.000</ele></trkpt>
      <trkpt lat="22.4981938637" lon="114.2806886202"><ele>274.000</ele></trkpt>
      <trkpt lat="22.4981894653" lon="114.2807048758"><ele>274.000</ele></trkpt>
      <trkpt lat="22.4981832781" lon="114.2807211398"><ele>273.000</ele></trkpt>
      <trkpt lat="22.4981742445" lon="114.2807400547"><ele>273.000</ele></trkpt>
      <trkpt lat="22.4981563150" lon="114.2807620428"><ele>272.000</ele></trkpt>
      <trkpt lat="22.4981496187" lon="114.2807694237"><ele>272.000</ele></trkpt>
      <trkpt lat="22.4981421339" lon="114.2807812551"><ele>272.000</ele></trkpt>
      <trkpt lat="22.4981328425" lon="114.2808078571"><ele>271.000</ele></trkpt>
      <trkpt lat="22.4981292233" lon="114.2808202745"><ele>271.000</ele></trkpt>
      <trkpt lat="22.4981227741" lon="114.2808365285"><ele>271.000</ele></trkpt>
      <trkpt lat="22.4981093614" lon="114.2808545548"><ele>272.000</ele></trkpt>
      <trkpt lat="22.4980931131" lon="114.2808740669"><ele>269.000</ele></trkpt>
      <trkpt lat="22.4980776376" lon="114.2808980014"><ele>269.000</ele></trkpt>
      <trkpt lat="22.4980634573" lon="114.2809160281"><ele>268.000</ele></trkpt>
      <trkpt lat="22.4980410243" lon="114.2809337561"><ele>268.000</ele></trkpt>
      <trkpt lat="22.4979803620" lon="114.2809850043"><ele>267.000</ele></trkpt>
      <trkpt lat="22.4979610267" lon="114.2810009658"><ele>268.000</ele></trkpt>
      <trkpt lat="22.4979442678" lon="114.2810139565"><ele>266.000</ele></trkpt>
      <trkpt lat="22.4979388552" lon="114.2810192781"><ele>266.000</ele></trkpt>
      <trkpt lat="22.4979303406" lon="114.2810316918"><ele>268.000</ele></trkpt>
      <trkpt lat="22.4979269842" lon="114.2810411549"><ele>268.000</ele></trkpt>
      <trkpt lat="22.4979223409" lon="114.2810577018"><ele>266.000</ele></trkpt>
      <trkpt lat="22.4979189768" lon="114.2810804694"><ele>266.000</ele></trkpt>
      <trkpt lat="22.4979163914" lon="114.2810846066"><ele>266.000</ele></trkpt>
      <trkpt lat="22.4979107177" lon="114.2810887423"><ele>266.000</ele></trkpt>
      <trkpt lat="22.4979001464" lon="114.2810976073"><ele>266.000</ele></trkpt>
      <trkpt lat="22.4978906159" lon="114.2811029258"><ele>264.000</ele></trkpt>
      <trkpt lat="22.4978764332" lon="114.2811106024"><ele>264.000</ele></trkpt>
      <trkpt lat="22.4978668956" lon="114.2811129568"><ele>264.000</ele></trkpt>
      <trkpt lat="22.4978458675" lon="114.2811225817"><ele>264.000</ele></trkpt>
      <trkpt lat="22.4978352524" lon="114.2811293766"><ele>265.000</ele></trkpt>
      <trkpt lat="22.4977736952" lon="114.2811681640"><ele>264.000</ele></trkpt>
      <trkpt lat="22.4977508051" lon="114.2811790897"><ele>264.000</ele></trkpt>
      <trkpt lat="22.4976921184" lon="114.2812474327"><ele>262.000</ele></trkpt>
      <trkpt lat="22.4976811357" lon="114.2812654812"><ele>262.000</ele></trkpt>
      <trkpt lat="22.4976687247" lon="114.2812982907"><ele>262.000</ele></trkpt>
      <trkpt lat="22.4976548556" lon="114.2813529936"><ele>261.000</ele></trkpt>
      <trkpt lat="22.4976491286" lon="114.2813710363"><ele>261.000</ele></trkpt>
      <trkpt lat="22.4976448321" lon="114.2813819759"><ele>261.000</ele></trkpt>
      <trkpt lat="22.4976080888" lon="114.2814229782"><ele>262.000</ele></trkpt>
      <trkpt lat="22.4975904351" lon="114.2814497778"><ele>262.000</ele></trkpt>
      <trkpt lat="22.4975784967" lon="114.2814793126"><ele>262.000</ele></trkpt>
      <trkpt lat="22.4975727529" lon="114.2815077529"><ele>262.000</ele></trkpt>
      <trkpt lat="22.4975717920" lon="114.2815274415"><ele>262.000</ele></trkpt>
      <trkpt lat="22.4975684447" lon="114.2815367395"><ele>262.000</ele></trkpt>
      <trkpt lat="22.4975603347" lon="114.2815531476"><ele>262.000</ele></trkpt>
      <trkpt lat="22.4975507890" lon="114.2815679114"><ele>262.000</ele></trkpt>
      <trkpt lat="22.4975340905" lon="114.2815837688"><ele>262.000</ele></trkpt>
      <trkpt lat="22.4975216842" lon="114.2815968890"><ele>263.000</ele></trkpt>
      <trkpt lat="22.4975149933" lon="114.2816236871"><ele>263.000</ele></trkpt>
      <trkpt lat="22.4975049644" lon="114.2816455652"><ele>264.000</ele></trkpt>
      <trkpt lat="22.4974911084" lon="114.2816936985"><ele>264.000</ele></trkpt>
      <trkpt lat="22.4974823821" lon="114.2817135659"><ele>264.000</ele></trkpt>
      <trkpt lat="22.4974561326" lon="114.2817523893"><ele>264.000</ele></trkpt>
      <trkpt lat="22.4974384746" lon="114.2817731635"><ele>264.000</ele></trkpt>
      <trkpt lat="22.4974141484" lon="114.2817983156"><ele>264.000</ele></trkpt>
      <trkpt lat="22.4973917163" lon="114.2818283857"><ele>264.000</ele></trkpt>
      <trkpt lat="22.4973754897" lon="114.2818546323"><ele>264.000</ele></trkpt>
      <trkpt lat="22.4973640403" lon="114.2818666550"><ele>264.000</ele></trkpt>
      <trkpt lat="22.4973454384" lon="114.2818808686"><ele>264.000</ele></trkpt>
      <trkpt lat="22.4973325536" lon="114.2818923459"><ele>265.000</ele></trkpt>
      <trkpt lat="22.4973201482" lon="114.2819164079"><ele>265.000</ele></trkpt>
      <trkpt lat="22.4973101144" lon="114.2819470421"><ele>264.000</ele></trkpt>
      <trkpt lat="22.4972991307" lon="114.2819650808"><ele>264.000</ele></trkpt>
      <trkpt lat="22.4972843433" lon="114.2819874985"><ele>263.000</ele></trkpt>
      <trkpt lat="22.4972716435" lon="114.2820199773"><ele>263.000</ele></trkpt>
      <trkpt lat="22.4972499657" lon="114.2820564046"><ele>262.000</ele></trkpt>
      <trkpt lat="22.4972404164" lon="114.2820766396"><ele>262.000</ele></trkpt>
      <trkpt lat="22.4972337263" lon="114.2821034474"><ele>262.000</ele></trkpt>
      <trkpt lat="22.4972284740" lon="114.2821121899"><ele>262.000</ele></trkpt>
      <trkpt lat="22.4972151171" lon="114.2821275056"><ele>262.000</ele></trkpt>
      <trkpt lat="22.4972074741" lon="114.2821477324"><ele>262.000</ele></trkpt>
      <trkpt lat="22.4971804506" lon="114.2822113863"><ele>262.000</ele></trkpt>
      <trkpt lat="22.4971785380" lon="114.2822223277"><ele>262.000</ele></trkpt>
      <trkpt lat="22.4971775748" lon="114.2822453001"><ele>262.000</ele></trkpt>
      <trkpt lat="22.4971708660" lon="114.2822868699"><ele>262.000</ele></trkpt>
      <trkpt lat="22.4971670437" lon="114.2823043794"><ele>262.000</ele></trkpt>
      <trkpt lat="22.4971570136" lon="114.2823278892"><ele>262.000</ele></trkpt>
      <trkpt lat="22.4971460377" lon="114.2823492222"><ele>262.000</ele></trkpt>
      <trkpt lat="22.4971331482" lon="114.2823678133"><ele>261.000</ele></trkpt>
      <trkpt lat="22.4971121532" lon="114.2823956977"><ele>262.000</ele></trkpt>
      <trkpt lat="22.4970916310" lon="114.2824312414"><ele>261.000</ele></trkpt>
      <trkpt lat="22.4970763595" lon="114.2824618619"><ele>260.000</ele></trkpt>
      <trkpt lat="22.4970658380" lon="114.2825061684"><ele>261.000</ele></trkpt>
      <trkpt lat="22.4970688168" lon="114.2825355686"><ele>262.000</ele></trkpt>
      <trkpt lat="22.4970677127" lon="114.2825530412"><ele>262.000</ele></trkpt>
      <trkpt lat="22.4970600700" lon="114.2825727335"><ele>262.000</ele></trkpt>
      <trkpt lat="22.4970586209" lon="114.2825929756"><ele>262.000</ele></trkpt>
      <trkpt lat="22.4970524110" lon="114.2826159449"><ele>262.000</ele></trkpt>
      <trkpt lat="22.4970333095" lon="114.2826618873"><ele>262.000</ele></trkpt>
      <trkpt lat="22.4970213659" lon="114.2826990702"><ele>261.000</ele></trkpt>
      <trkpt lat="22.4970079953" lon="114.2827351722"><ele>262.000</ele></trkpt>
      <trkpt lat="22.4969960617" lon="114.2827570487"><ele>261.000</ele></trkpt>
      <trkpt lat="22.4969860283" lon="114.2827854866"><ele>261.000</ele></trkpt>
      <trkpt lat="22.4969726625" lon="114.2828155633"><ele>262.000</ele></trkpt>
      <trkpt lat="22.4969602476" lon="114.2828401703"><ele>262.000</ele></trkpt>
      <trkpt lat="22.4969311444" lon="114.2828800903"><ele>262.000</ele></trkpt>
      <trkpt lat="22.4969268380" lon="114.2828921173"><ele>262.000</ele></trkpt>
      <trkpt lat="22.4969287395" lon="114.2829118177"><ele>262.000</ele></trkpt>
      <trkpt lat="22.4969258699" lon="114.2829238468"><ele>262.000</ele></trkpt>
      <trkpt lat="22.4969182280" lon="114.2829407994"><ele>262.000</ele></trkpt>
      <trkpt lat="22.4968981844" lon="114.2829774405"><ele>261.000</ele></trkpt>
      <trkpt lat="22.4968857698" lon="114.2830015033"><ele>260.000</ele></trkpt>
      <trkpt lat="22.4968833757" lon="114.2830168175"><ele>260.000</ele></trkpt>
      <trkpt lat="22.4968828858" lon="114.2830354179"><ele>260.000</ele></trkpt>
      <trkpt lat="22.4968904880" lon="114.2830786400"><ele>259.000</ele></trkpt>
      <trkpt lat="22.4968977334" lon="114.2831164886"><ele>257.000</ele></trkpt>
      <trkpt lat="22.4968986733" lon="114.2831427471"><ele>256.000</ele></trkpt>
      <trkpt lat="22.4968934080" lon="114.2831722867"><ele>256.000</ele></trkpt>
      <trkpt lat="22.4968838579" lon="114.2831936208"><ele>256.000</ele></trkpt>
      <trkpt lat="22.4968752562" lon="114.2832280743"><ele>256.000</ele></trkpt>
      <trkpt lat="22.4968666349" lon="114.2832800411"><ele>256.000</ele></trkpt>
      <trkpt lat="22.4968608827" lon="114.2833358382"><ele>254.000</ele></trkpt>
      <trkpt lat="22.4968570305" lon="114.2833861663"><ele>254.000</ele></trkpt>
      <trkpt lat="22.4968560675" lon="114.2834085944"><ele>254.000</ele></trkpt>
      <trkpt lat="22.4968574829" lon="114.2834271963"><ele>254.000</ele></trkpt>
      <trkpt lat="22.4968522019" lon="114.2834791647"><ele>254.000</ele></trkpt>
      <trkpt lat="22.4968517183" lon="114.2835015941"><ele>254.000</ele></trkpt>
      <trkpt lat="22.4968578954" lon="114.2835284019"><ele>256.000</ele></trkpt>
      <trkpt lat="22.4968683545" lon="114.2835678069"><ele>256.000</ele></trkpt>
      <trkpt lat="22.4968812195" lon="114.2835864176"><ele>256.000</ele></trkpt>
      <trkpt lat="22.4968883625" lon="114.2836000967"><ele>256.000</ele></trkpt>
      <trkpt lat="22.4968884406" lon="114.2836007828"><ele>256.000</ele></trkpt>
      <trkpt lat="22.4968907328" lon="114.2836208859"><ele>254.000</ele></trkpt>
      <trkpt lat="22.4968859174" lon="114.2836391429"><ele>255.000</ele></trkpt>
      <trkpt lat="22.4968806613" lon="114.2836533655"><ele>255.000</ele></trkpt>
      <trkpt lat="22.4968787480" lon="114.2836653952"><ele>255.000</ele></trkpt>
      <trkpt lat="22.4968877931" lon="114.2836840030"><ele>254.000</ele></trkpt>
      <trkpt lat="22.4969244778" lon="114.2837349162"><ele>253.000</ele></trkpt>
      <trkpt lat="22.4969316168" lon="114.2837546099"><ele>253.000</ele></trkpt>
      <trkpt lat="22.4969325523" lon="114.2837737654"><ele>252.000</ele></trkpt>
      <trkpt lat="22.4969287195" lon="114.2838082235"><ele>252.000</ele></trkpt>
      <trkpt lat="22.4969239189" lon="114.2838585499"><ele>252.000</ele></trkpt>
      <trkpt lat="22.4969157629" lon="114.2839302151"><ele>254.000</ele></trkpt>
      <trkpt lat="22.4969143252" lon="114.2839466185"><ele>254.000</ele></trkpt>
      <trkpt lat="22.4969157411" lon="114.2839630338"><ele>254.000</ele></trkpt>
      <trkpt lat="22.4969226241" lon="114.2839887537"><ele>252.000</ele></trkpt>
      <trkpt lat="22.4969233865" lon="114.2839965765"><ele>252.000</ele></trkpt>
      <trkpt lat="22.4969256737" lon="114.2840200285"><ele>252.000</ele></trkpt>
      <trkpt lat="22.4969269495" lon="114.2840433340"><ele>252.000</ele></trkpt>
      <trkpt lat="22.4969298428" lon="114.2840514704"><ele>252.000</ele></trkpt>
      <trkpt lat="22.4969414408" lon="114.2840755224"><ele>252.000</ele></trkpt>
      <trkpt lat="22.4969507715" lon="114.2840992121"><ele>252.000</ele></trkpt>
      <trkpt lat="22.4969533373" lon="114.2841110510"><ele>252.000</ele></trkpt>
      <trkpt lat="22.4969517225" lon="114.2841221481"><ele>252.000</ele></trkpt>
      <trkpt lat="22.4969439565" lon="114.2841639395"><ele>250.000</ele></trkpt>
      <trkpt lat="22.4969377996" lon="114.2842168314"><ele>252.000</ele></trkpt>
      <trkpt lat="22.4969374604" lon="114.2842244309"><ele>252.000</ele></trkpt>
      <trkpt lat="22.4969409964" lon="114.2842303520"><ele>252.000</ele></trkpt>
      <trkpt lat="22.4969516109" lon="114.2842666085"><ele>252.000</ele></trkpt>
      <trkpt lat="22.4969516028" lon="114.2842788147"><ele>252.000</ele></trkpt>
      <trkpt lat="22.4969490153" lon="114.2842995321"><ele>252.000</ele></trkpt>
      <trkpt lat="22.4969486793" lon="114.2843158100"><ele>250.000</ele></trkpt>
      <trkpt lat="22.4969493196" lon="114.2843320886"><ele>250.000</ele></trkpt>
      <trkpt lat="22.4969512437" lon="114.2843446646"><ele>250.000</ele></trkpt>
      <trkpt lat="22.4969525261" lon="114.2843579797"><ele>248.000</ele></trkpt>
      <trkpt lat="22.4969531532" lon="114.2843790689"><ele>248.000</ele></trkpt>
      <trkpt lat="22.4969524974" lon="114.2844023728"><ele>248.000</ele></trkpt>
      <trkpt lat="22.4969511977" lon="114.2844149473"><ele>246.000</ele></trkpt>
      <trkpt lat="22.4969476413" lon="114.2844260419"><ele>246.000</ele></trkpt>
      <trkpt lat="22.4969453753" lon="114.2844386156"><ele>246.000</ele></trkpt>
      <trkpt lat="22.4969427604" lon="114.2844612572"><ele>244.000</ele></trkpt>
      <trkpt lat="22.4969414557" lon="114.2844812273"><ele>244.000</ele></trkpt>
      <trkpt lat="22.4969401439" lon="114.2845267264"><ele>244.000</ele></trkpt>
      <trkpt lat="22.4969391624" lon="114.2845359774"><ele>244.000</ele></trkpt>
      <trkpt lat="22.4969369017" lon="114.2845541003"><ele>244.000</ele></trkpt>
      <trkpt lat="22.4969339841" lon="114.2845688893"><ele>244.000</ele></trkpt>
      <trkpt lat="22.4969284915" lon="114.2845855325"><ele>244.000</ele></trkpt>
      <trkpt lat="22.4969204242" lon="114.2846051368"><ele>242.000</ele></trkpt>
      <trkpt lat="22.4969130008" lon="114.2846191837"><ele>242.000</ele></trkpt>
      <trkpt lat="22.4969078393" lon="114.2846269543"><ele>242.000</ele></trkpt>
      <trkpt lat="22.4969017027" lon="114.2846343452"><ele>242.000</ele></trkpt>
      <trkpt lat="22.4968971828" lon="114.2846413680"><ele>242.000</ele></trkpt>
      <trkpt lat="22.4968968622" lon="114.2846495117"><ele>242.000</ele></trkpt>
      <trkpt lat="22.4968991045" lon="114.2846724476"><ele>242.000</ele></trkpt>
      <trkpt lat="22.4968968394" lon="114.2846835344"><ele>242.000</ele></trkpt>
      <trkpt lat="22.4968936094" lon="114.2846927837"><ele>242.000</ele></trkpt>
      <trkpt lat="22.4968919870" lon="114.2847016650"><ele>240.000</ele></trkpt>
      <trkpt lat="22.4968919763" lon="114.2847190510"><ele>240.000</ele></trkpt>
      <trkpt lat="22.4968893868" lon="114.2847427228"><ele>238.000</ele></trkpt>
      <trkpt lat="22.4968880796" lon="114.2847663945"><ele>238.000</ele></trkpt>
      <trkpt lat="22.4968841973" lon="114.2848622809"><ele>236.000</ele></trkpt>
      <trkpt lat="22.4968738749" lon="114.2848766949"><ele>236.000</ele></trkpt>
      <trkpt lat="22.4968667686" lon="114.2848892745"><ele>234.000</ele></trkpt>
      <trkpt lat="22.4968616035" lon="114.2849036925"><ele>234.000</ele></trkpt>
      <trkpt lat="22.4968577291" lon="114.2849177518"><ele>234.000</ele></trkpt>
      <trkpt lat="22.4968548081" lon="114.2849373504"><ele>234.000</ele></trkpt>
      <trkpt lat="22.4968509219" lon="114.2849702729"><ele>234.000</ele></trkpt>
      <trkpt lat="22.4968480120" lon="114.2849869181"><ele>233.000</ele></trkpt>
      <trkpt lat="22.4968379905" lon="114.2850253743"><ele>233.000</ele></trkpt>
      <trkpt lat="22.4968321705" lon="114.2850453506"><ele>232.000</ele></trkpt>
      <trkpt lat="22.4968205454" lon="114.2850767802"><ele>232.000</ele></trkpt>
      <trkpt lat="22.4968150601" lon="114.2850838120"><ele>232.000</ele></trkpt>
      <trkpt lat="22.4968124835" lon="114.2850882415"><ele>232.000</ele></trkpt>
      <trkpt lat="22.4968079625" lon="114.2850967503"><ele>232.000</ele></trkpt>
      <trkpt lat="22.4968060258" lon="114.2851030365"><ele>232.000</ele></trkpt>
      <trkpt lat="22.4968050529" lon="114.2851130261"><ele>232.000</ele></trkpt>
      <trkpt lat="22.4968072962" lon="114.2851207928"><ele>232.000</ele></trkpt>
      <trkpt lat="22.4968082566" lon="114.2851429901"><ele>232.000</ele></trkpt>
      <trkpt lat="22.4968077408" lon="114.2851726888"><ele>232.000</ele></trkpt>
      <trkpt lat="22.4968083754" lon="114.2851959927"><ele>233.000</ele></trkpt>
      <trkpt lat="22.4968070725" lon="114.2852144856"><ele>233.000</ele></trkpt>
      <trkpt lat="22.4968048062" lon="114.2852274286"><ele>233.000</ele></trkpt>
      <trkpt lat="22.4968025436" lon="114.2852348322"><ele>232.000</ele></trkpt>
      <trkpt lat="22.4967947814" lon="114.2852692279"><ele>232.000</ele></trkpt>
      <trkpt lat="22.4967928399" lon="114.2852840176"><ele>230.000</ele></trkpt>
      <trkpt lat="22.4967918554" lon="114.2853110240"><ele>230.000</ele></trkpt>
      <trkpt lat="22.4967831202" lon="114.2853568865"><ele>228.000</ele></trkpt>
      <trkpt lat="22.4967779491" lon="114.2853787097"><ele>228.000</ele></trkpt>
      <trkpt lat="22.4967756781" lon="114.2853986790"><ele>228.000</ele></trkpt>
      <trkpt lat="22.4967756725" lon="114.2854083001"><ele>228.000</ele></trkpt>
      <trkpt lat="22.4967766283" lon="114.2854238404"><ele>228.000</ele></trkpt>
      <trkpt lat="22.4967901438" lon="114.2854831412"><ele>226.000</ele></trkpt>
      <trkpt lat="22.4967914289" lon="114.2854923843"><ele>226.000</ele></trkpt>
      <trkpt lat="22.4967917455" lon="114.2855049600"><ele>226.000</ele></trkpt>
      <trkpt lat="22.4967791598" lon="114.2855278941"><ele>224.000</ele></trkpt>
      <trkpt lat="22.4967749536" lon="114.2855397277"><ele>224.000</ele></trkpt>
      <trkpt lat="22.4967733240" lon="114.2855726423"><ele>223.000</ele></trkpt>
      <trkpt lat="22.4967720251" lon="114.2855837395"><ele>223.000</ele></trkpt>
      <trkpt lat="22.4967658939" lon="114.2855977961"><ele>223.000</ele></trkpt>
      <trkpt lat="22.4967594410" lon="114.2856055560"><ele>223.000</ele></trkpt>
      <trkpt lat="22.4967542794" lon="114.2856133168"><ele>223.000</ele></trkpt>
      <trkpt lat="22.4967500768" lon="114.2856184934"><ele>220.000</ele></trkpt>
      <trkpt lat="22.4967471730" lon="114.2856258965"><ele>220.000</ele></trkpt>
      <trkpt lat="22.4967455514" lon="114.2856469742"><ele>220.000</ele></trkpt>
      <trkpt lat="22.4967445809" lon="114.2856532611"><ele>220.000</ele></trkpt>
      <trkpt lat="22.4967426378" lon="114.2856569623"><ele>220.000</ele></trkpt>
      <trkpt lat="22.4967381276" lon="114.2856628772"><ele>220.000</ele></trkpt>
      <trkpt lat="22.4967207098" lon="114.2856735925"><ele>218.000</ele></trkpt>
      <trkpt lat="22.4967129670" lon="114.2856791346"><ele>218.000</ele></trkpt>
      <trkpt lat="22.4967055481" lon="114.2856865244"><ele>218.000</ele></trkpt>
      <trkpt lat="22.4967039281" lon="114.2856917030"><ele>218.000</ele></trkpt>
      <trkpt lat="22.4967029566" lon="114.2856994769"><ele>218.000</ele></trkpt>
      <trkpt lat="22.4967039189" lon="114.2857053961"><ele>218.000</ele></trkpt>
      <trkpt lat="22.4967081060" lon="114.2857098309"><ele>218.000</ele></trkpt>
      <trkpt lat="22.4967180983" lon="114.2857176133"><ele>216.000</ele></trkpt>
      <trkpt lat="22.4967367910" lon="114.2857313113"><ele>216.000</ele></trkpt>
      <trkpt lat="22.4967545118" lon="114.2857398384"><ele>214.000</ele></trkpt>
      <trkpt lat="22.4967735301" lon="114.2857527980"><ele>214.000</ele></trkpt>
      <trkpt lat="22.4967867698" lon="114.2857643926"><ele>212.000</ele></trkpt>
      <trkpt lat="22.4967941760" lon="114.2857758650"><ele>212.000</ele></trkpt>
      <trkpt lat="22.4967970713" lon="114.2857810471"><ele>212.000</ele></trkpt>
      <trkpt lat="22.4967986847" lon="114.2857854896"><ele>212.000</ele></trkpt>
      <trkpt lat="22.4967935143" lon="114.2857928812"><ele>212.000</ele></trkpt>
      <trkpt lat="22.4967896441" lon="114.2858006528"><ele>212.000</ele></trkpt>
      <trkpt lat="22.4967641418" lon="114.2858561135"><ele>208.000</ele></trkpt>
      <trkpt lat="22.4967583259" lon="114.2858712792"><ele>205.000</ele></trkpt>
      <trkpt lat="22.4967457428" lon="114.2858901325"><ele>205.000</ele></trkpt>
      <trkpt lat="22.4967328334" lon="114.2859108418"><ele>202.000</ele></trkpt>
      <trkpt lat="22.4967276633" lon="114.2859178640"><ele>202.000</ele></trkpt>
      <trkpt lat="22.4967176758" lon="114.2859189641"><ele>202.000</ele></trkpt>
      <trkpt lat="22.4966957493" lon="114.2859200645"><ele>200.000</ele></trkpt>
      <trkpt lat="22.4966793078" lon="114.2859159797"><ele>200.000</ele></trkpt>
      <trkpt lat="22.4966709293" lon="114.2859133783"><ele>200.000</ele></trkpt>
      <trkpt lat="22.4966590057" lon="114.2859052348"><ele>203.000</ele></trkpt>
      <trkpt lat="22.4966370977" lon="114.2858922729"><ele>203.000</ele></trkpt>
      <trkpt lat="22.4965956541" lon="114.2858689554"><ele>200.000</ele></trkpt>
      <trkpt lat="22.4965859853" lon="114.2858648856"><ele>200.000</ele></trkpt>
      <trkpt lat="22.4965817982" lon="114.2858604410"><ele>200.000</ele></trkpt>
      <trkpt lat="22.4965782510" lon="114.2858578435"><ele>204.000</ele></trkpt>
      <trkpt lat="22.4965753520" lon="114.2858582105"><ele>204.000</ele></trkpt>
      <trkpt lat="22.4965708353" lon="114.2858604325"><ele>197.000</ele></trkpt>
      <trkpt lat="22.4965643770" lon="114.2858774441"><ele>197.000</ele></trkpt>
      <trkpt lat="22.4965556592" lon="114.2858959311"><ele>197.000</ele></trkpt>
      <trkpt lat="22.4965421102" lon="114.2859144144"><ele>194.000</ele></trkpt>
      <trkpt lat="22.4965414544" lon="114.2859240340"><ele>194.000</ele></trkpt>
      <trkpt lat="22.4965404846" lon="114.2859292130"><ele>194.000</ele></trkpt>
      <trkpt lat="22.4965398359" lon="114.2859403108"><ele>194.000</ele></trkpt>
      <trkpt lat="22.4965427219" lon="114.2859591762"><ele>192.000</ele></trkpt>
      <trkpt lat="22.4965449722" lon="114.2859699069"><ele>192.000</ele></trkpt>
      <trkpt lat="22.4965459292" lon="114.2859835910"><ele>192.000</ele></trkpt>
      <trkpt lat="22.4965439823" lon="114.2860061543"><ele>188.000</ele></trkpt>
      <trkpt lat="22.4965430023" lon="114.2860265036"><ele>188.000</ele></trkpt>
      <trkpt lat="22.4965427125" lon="114.2860410225"><ele>188.000</ele></trkpt>
      <trkpt lat="22.4965465727" lon="114.2860628527"><ele>186.000</ele></trkpt>
      <trkpt lat="22.4965513979" lon="114.2860717390"><ele>186.000</ele></trkpt>
      <trkpt lat="22.4965581592" lon="114.2860887610"><ele>186.000</ele></trkpt>
      <trkpt lat="22.4965584787" lon="114.2860968945"><ele>186.000</ele></trkpt>
      <trkpt lat="22.4965555629" lon="114.2861087291"><ele>184.000</ele></trkpt>
      <trkpt lat="22.4965539421" lon="114.2861298164"><ele>184.000</ele></trkpt>
      <trkpt lat="22.4965564967" lon="114.2861579334"><ele>182.000</ele></trkpt>
      <trkpt lat="22.4965590699" lon="114.2861719880"><ele>182.000</ele></trkpt>
      <trkpt lat="22.4965626103" lon="114.2861845653"><ele>182.000</ele></trkpt>
      <trkpt lat="22.4965638973" lon="114.2861908637"><ele>182.000</ele></trkpt>
      <trkpt lat="22.4965635659" lon="114.2862015827"><ele>178.000</ele></trkpt>
      <trkpt lat="22.4965609804" lon="114.2862056526"><ele>178.000</ele></trkpt>
      <trkpt lat="22.4965558208" lon="114.2862104591"><ele>178.000</ele></trkpt>
      <trkpt lat="22.4965445218" lon="114.2862267283"><ele>178.000</ele></trkpt>
      <trkpt lat="22.4965409751" lon="114.2862367159"><ele>178.000</ele></trkpt>
      <trkpt lat="22.4965332186" lon="114.2862637062"><ele>177.000</ele></trkpt>
      <trkpt lat="22.4965225761" lon="114.2862707339"><ele>176.000</ele></trkpt>
      <trkpt lat="22.4965093475" lon="114.2862825603"><ele>176.000</ele></trkpt>
      <trkpt lat="22.4965038608" lon="114.2862903209"><ele>176.000</ele></trkpt>
      <trkpt lat="22.4964990210" lon="114.2863028925"><ele>174.000</ele></trkpt>
      <trkpt lat="22.4964973965" lon="114.2863162150"><ele>174.000</ele></trkpt>
      <trkpt lat="22.4964996367" lon="114.2863417369"><ele>174.000</ele></trkpt>
      <trkpt lat="22.4965022119" lon="114.2863528362"><ele>172.000</ele></trkpt>
      <trkpt lat="22.4965063949" lon="114.2863631992"><ele>172.000</ele></trkpt>
      <trkpt lat="22.4965073581" lon="114.2863676412"><ele>172.000</ele></trkpt>
      <trkpt lat="22.4965067136" lon="114.2863739284"><ele>172.000</ele></trkpt>
      <trkpt lat="22.4965044507" lon="114.2863816915"><ele>172.000</ele></trkpt>
      <trkpt lat="22.4964819238" lon="114.2864025583"><ele>170.000</ele></trkpt>
      <trkpt lat="22.4964741772" lon="114.2864136505"><ele>170.000</ele></trkpt>
      <trkpt lat="22.4964690153" lon="114.2864217806"><ele>170.000</ele></trkpt>
      <trkpt lat="22.4964641654" lon="114.2864373153"><ele>170.000</ele></trkpt>
      <trkpt lat="22.4964625502" lon="114.2864487816"><ele>170.000</ele></trkpt>
      <trkpt lat="22.4964625454" lon="114.2864558079"><ele>170.000</ele></trkpt>
      <trkpt lat="22.4964654376" lon="114.2864654312"><ele>170.000</ele></trkpt>
      <trkpt lat="22.4964686559" lon="114.2864735777"><ele>170.000</ele></trkpt>
      <trkpt lat="22.4964744559" lon="114.2864831936"><ele>170.000</ele></trkpt>
      <trkpt lat="22.4964492719" lon="114.2864674302"><ele>170.000</ele></trkpt>
      <trkpt lat="22.4964318696" lon="114.2864552103"><ele>168.000</ele></trkpt>
      <trkpt lat="22.4964154323" lon="114.2864448377"><ele>168.000</ele></trkpt>
      <trkpt lat="22.4964083369" lon="114.2864544532"><ele>168.000</ele></trkpt>
      <trkpt lat="22.4963915548" lon="114.2864877347"><ele>168.000</ele></trkpt>
      <trkpt lat="22.4963867017" lon="114.2865065931"><ele>169.000</ele></trkpt>
      <trkpt lat="22.4963834675" lon="114.2865217607"><ele>169.000</ele></trkpt>
      <trkpt lat="22.4963721716" lon="114.2865480203"><ele>170.000</ele></trkpt>
      <trkpt lat="22.4963657073" lon="114.2865591134"><ele>170.000</ele></trkpt>
      <trkpt lat="22.4963589385" lon="114.2865665037"><ele>170.000</ele></trkpt>
      <trkpt lat="22.4963434531" lon="114.2865772204"><ele>170.000</ele></trkpt>
      <trkpt lat="22.4963276508" lon="114.2865905210"><ele>172.000</ele></trkpt>
      <trkpt lat="22.4963102294" lon="114.2866064160"><ele>172.000</ele></trkpt>
      <trkpt lat="22.4962989336" lon="114.2866178746"><ele>171.000</ele></trkpt>
      <trkpt lat="22.4962921623" lon="114.2866289675"><ele>171.000</ele></trkpt>
      <trkpt lat="22.4962873144" lon="114.2866415391"><ele>172.000</ele></trkpt>
      <trkpt lat="22.4962850454" lon="114.2866581847"><ele>172.000</ele></trkpt>
      <trkpt lat="22.4962851379" lon="114.2866682626"><ele>172.000</ele></trkpt>
      <trkpt lat="22.4962864094" lon="114.2866841714"><ele>172.000</ele></trkpt>
      <trkpt lat="22.4962902717" lon="114.2867026683"><ele>174.000</ele></trkpt>
      <trkpt lat="22.4962908911" lon="114.2867344863"><ele>174.000</ele></trkpt>
      <trkpt lat="22.4962889430" lon="114.2867574189"><ele>174.000</ele></trkpt>
      <trkpt lat="22.4962860361" lon="114.2867707306"><ele>174.000</ele></trkpt>
      <trkpt lat="22.4962714947" lon="114.2868140042"><ele>176.000</ele></trkpt>
      <trkpt lat="22.4962650328" lon="114.2868361858"><ele>178.000</ele></trkpt>
      <trkpt lat="22.4962624478" lon="114.2868528302"><ele>178.000</ele></trkpt>
      <trkpt lat="22.4962598565" lon="114.2868654133"><ele>178.000</ele></trkpt>
      <trkpt lat="22.4962582317" lon="114.2868776181"><ele>178.000</ele></trkpt>
      <trkpt lat="22.4962595164" lon="114.2868887174"><ele>179.000</ele></trkpt>
      <trkpt lat="22.4962578986" lon="114.2869038765"><ele>179.000</ele></trkpt>
      <trkpt lat="22.4962488445" lon="114.2869386403"><ele>181.000</ele></trkpt>
      <trkpt lat="22.4962443224" lon="114.2869501042"><ele>181.000</ele></trkpt>
      <trkpt lat="22.4962398066" lon="114.2869641630"><ele>181.000</ele></trkpt>
      <trkpt lat="22.4962355953" lon="114.2869819149"><ele>182.000</ele></trkpt>
      <trkpt lat="22.4962326829" lon="114.2870018836"><ele>182.000</ele></trkpt>
      <trkpt lat="22.4962320351" lon="114.2870129803"><ele>182.000</ele></trkpt>
      <trkpt lat="22.4962320265" lon="114.2870255654"><ele>182.000</ele></trkpt>
      <trkpt lat="22.4962313121" lon="114.2870666633"><ele>182.000</ele></trkpt>
      <trkpt lat="22.4962287055" lon="114.2871029191"><ele>182.000</ele></trkpt>
      <trkpt lat="22.4962274078" lon="114.2871121601"><ele>182.000</ele></trkpt>
      <trkpt lat="22.4962219101" lon="114.2871358391"><ele>184.000</ele></trkpt>
      <trkpt lat="22.4962089898" lon="114.2871735551"><ele>187.000</ele></trkpt>
      <trkpt lat="22.4961918835" lon="114.2872053581"><ele>187.000</ele></trkpt>
      <trkpt lat="22.4961644650" lon="114.2872349284"><ele>189.000</ele></trkpt>
      <trkpt lat="22.4961589775" lon="114.2872437968"><ele>189.000</ele></trkpt>
      <trkpt lat="22.4961544569" lon="114.2872530450"><ele>189.000</ele></trkpt>
      <trkpt lat="22.4961521912" lon="114.2872648790"><ele>189.000</ele></trkpt>
      <trkpt lat="22.4961476694" lon="114.2872744965"><ele>190.000</ele></trkpt>
      <trkpt lat="22.4961371531" lon="114.2872948770"><ele>190.000</ele></trkpt>
      <trkpt lat="22.4961245687" lon="114.2873166942"><ele>190.000</ele></trkpt>
      <trkpt lat="22.4961106949" lon="114.2873344384"><ele>190.000</ele></trkpt>
      <trkpt lat="22.4961016572" lon="114.2873451592"><ele>190.000</ele></trkpt>
      <trkpt lat="22.4960926184" lon="114.2873573581"><ele>190.000</ele></trkpt>
      <trkpt lat="22.4960810021" lon="114.2873765910"><ele>189.000</ele></trkpt>
      <trkpt lat="22.4960700237" lon="114.2873991480"><ele>190.000</ele></trkpt>
      <trkpt lat="22.4960338864" lon="114.2874497989"><ele>190.000</ele></trkpt>
      <trkpt lat="22.4960077491" lon="114.2874823244"><ele>190.000</ele></trkpt>
      <trkpt lat="22.4959980684" lon="114.2874956404"><ele>190.000</ele></trkpt>
      <trkpt lat="22.4959860086" lon="114.2875149206"><ele>190.000</ele></trkpt>
      <trkpt lat="22.4959624533" lon="114.2875511732"><ele>190.000</ele></trkpt>
      <trkpt lat="22.4959550206" lon="114.2875626124"><ele>190.000</ele></trkpt>
      <trkpt lat="22.4959272642" lon="114.2876121620"><ele>190.000</ele></trkpt>
      <trkpt lat="22.4959020888" lon="114.2876509857"><ele>190.000</ele></trkpt>
      <trkpt lat="22.4958898298" lon="114.2876709459"><ele>192.000</ele></trkpt>
      <trkpt lat="22.4958798242" lon="114.2876853695"><ele>192.000</ele></trkpt>
      <trkpt lat="22.4958743366" lon="114.2876942379"><ele>192.000</ele></trkpt>
      <trkpt lat="22.4958517511" lon="114.2877212268"><ele>192.000</ele></trkpt>
      <trkpt lat="22.4958375551" lon="114.2877360163"><ele>194.000</ele></trkpt>
      <trkpt lat="22.4958243327" lon="114.2877519038"><ele>194.000</ele></trkpt>
      <trkpt lat="22.4958194873" lon="114.2877593052"><ele>194.000</ele></trkpt>
      <trkpt lat="22.4958146492" lon="114.2877692820"><ele>194.000</ele></trkpt>
      <trkpt lat="22.4958114195" lon="114.2877777926"><ele>194.000</ele></trkpt>
      <trkpt lat="22.4958063743" lon="114.2878144943"><ele>194.000</ele></trkpt>
      <trkpt lat="22.4958015290" lon="114.2878348394"><ele>196.000</ele></trkpt>
      <trkpt lat="22.4957992678" lon="114.2878400174"><ele>196.000</ele></trkpt>
      <trkpt lat="22.4957860391" lon="114.2878533208"><ele>196.000</ele></trkpt>
      <trkpt lat="22.4957737870" lon="114.2878633013"><ele>196.000</ele></trkpt>
      <trkpt lat="22.4957621647" lon="114.2878766060"><ele>196.000</ele></trkpt>
      <trkpt lat="22.4957492584" lon="114.2878925044"><ele>196.000</ele></trkpt>
      <trkpt lat="22.4957437715" lon="114.2879017518"><ele>197.000</ele></trkpt>
      <trkpt lat="22.4957382811" lon="114.2879146911"><ele>197.000</ele></trkpt>
      <trkpt lat="22.4957350364" lon="114.2879450190"><ele>197.000</ele></trkpt>
      <trkpt lat="22.4957324553" lon="114.2879557459"><ele>198.000</ele></trkpt>
      <trkpt lat="22.4957227653" lon="114.2879838529"><ele>198.000</ele></trkpt>
      <trkpt lat="22.4957172703" lon="114.2880034492"><ele>200.000</ele></trkpt>
      <trkpt lat="22.4957127416" lon="114.2880230569"><ele>200.000</ele></trkpt>
      <trkpt lat="22.4957062800" lon="114.2880445095"><ele>200.000</ele></trkpt>
      <trkpt lat="22.4957030439" lon="114.2880622621"><ele>202.000</ele></trkpt>
      <trkpt lat="22.4957017454" lon="114.2880726110"><ele>202.000</ele></trkpt>
      <trkpt lat="22.4957014183" lon="114.2880900053"><ele>202.000</ele></trkpt>
      <trkpt lat="22.4956981732" lon="114.2881207026"><ele>202.000</ele></trkpt>
      <trkpt lat="22.4956845818" lon="114.2881883878"><ele>204.000</ele></trkpt>
      <trkpt lat="22.4956787682" lon="114.2882116874"><ele>204.000</ele></trkpt>
      <trkpt lat="22.4956745597" lon="114.2882264751"><ele>204.000</ele></trkpt>
      <trkpt lat="22.4956624618" lon="114.2882616541"><ele>207.000</ele></trkpt>
      <trkpt lat="22.4956576106" lon="114.2882786668"><ele>207.000</ele></trkpt>
      <trkpt lat="22.4956395315" lon="114.2883182345"><ele>208.000</ele></trkpt>
      <trkpt lat="22.4956308159" lon="114.2883345046"><ele>208.000</ele></trkpt>
      <trkpt lat="22.4956204917" lon="114.2883511436"><ele>208.000</ele></trkpt>
      <trkpt lat="22.4956050000" lon="114.2883707425"><ele>208.000</ele></trkpt>
      <trkpt lat="22.4955788656" lon="114.2883988266"><ele>210.000</ele></trkpt>
      <trkpt lat="22.4955666163" lon="114.2884047351"><ele>210.000</ele></trkpt>
      <trkpt lat="22.4955546818" lon="114.2884124992"><ele>210.000</ele></trkpt>
      <trkpt lat="22.4955304893" lon="114.2884269016"><ele>210.000</ele></trkpt>
      <trkpt lat="22.4955211388" lon="114.2884328125"><ele>210.000</ele></trkpt>
      <trkpt lat="22.4955156535" lon="114.2884383571"><ele>212.000</ele></trkpt>
      <trkpt lat="22.4955085495" lon="114.2884472339"><ele>212.000</ele></trkpt>
      <trkpt lat="22.4955030699" lon="114.2884575891"><ele>212.000</ele></trkpt>
      <trkpt lat="22.4954861025" lon="114.2884969818"><ele>212.000</ele></trkpt>
      <trkpt lat="22.4954767453" lon="114.2885125136"><ele>212.000</ele></trkpt>
      <trkpt lat="22.4954706075" lon="114.2885213912"><ele>212.000</ele></trkpt>
      <trkpt lat="22.4954644816" lon="114.2885261870"><ele>212.000</ele></trkpt>
      <trkpt lat="22.4954567392" lon="114.2885309913"><ele>212.000</ele></trkpt>
      <trkpt lat="22.4954477175" lon="114.2885328402"><ele>212.000</ele></trkpt>
      <trkpt lat="22.4954135303" lon="114.2885431627"><ele>212.000</ele></trkpt>
      <trkpt lat="22.4953970891" lon="114.2885516626"><ele>212.000</ele></trkpt>
      <trkpt lat="22.4953893470" lon="114.2885560976"><ele>212.000</ele></trkpt>
      <trkpt lat="22.4953787041" lon="114.2885634846"><ele>212.000</ele></trkpt>
      <trkpt lat="22.4953638624" lon="114.2885716058"><ele>212.000</ele></trkpt>
      <trkpt lat="22.4953272712" lon="114.2885977767"><ele>214.000</ele></trkpt>
      <trkpt lat="22.4953134032" lon="114.2886070172"><ele>214.000</ele></trkpt>
      <trkpt lat="22.4952801796" lon="114.2886354745"><ele>214.000</ele></trkpt>
      <trkpt lat="22.4952653334" lon="114.2886487755"><ele>214.000</ele></trkpt>
      <trkpt lat="22.4952508208" lon="114.2886643032"><ele>214.000</ele></trkpt>
      <trkpt lat="22.4952350032" lon="114.2886850097"><ele>216.000</ele></trkpt>
      <trkpt lat="22.4952256491" lon="114.2886961003"><ele>216.000</ele></trkpt>
      <trkpt lat="22.4952008106" lon="114.2887175284"><ele>217.000</ele></trkpt>
      <trkpt lat="22.4951732747" lon="114.2887336860"><ele>217.000</ele></trkpt>
      <trkpt lat="22.4951652085" lon="114.2887366338"><ele>218.000</ele></trkpt>
      <trkpt lat="22.4951523091" lon="114.2887425418"><ele>218.000</ele></trkpt>
      <trkpt lat="22.4951439250" lon="114.2887480842"><ele>218.000</ele></trkpt>
      <trkpt lat="22.4951378000" lon="114.2887528897"><ele>218.000</ele></trkpt>
      <trkpt lat="22.4951316642" lon="114.2887588032"><ele>218.000</ele></trkpt>
      <trkpt lat="22.4951223106" lon="114.2887691552"><ele>218.000</ele></trkpt>
      <trkpt lat="22.4951129600" lon="114.2887750661"><ele>220.000</ele></trkpt>
      <trkpt lat="22.4951026350" lon="114.2887798682"><ele>220.000</ele></trkpt>
      <trkpt lat="22.4950910289" lon="114.2887828132"><ele>220.000</ele></trkpt>
      <trkpt lat="22.4950565308" lon="114.2887857495"><ele>222.000</ele></trkpt>
      <trkpt lat="22.4950449256" lon="114.2887886945"><ele>222.000</ele></trkpt>
      <trkpt lat="22.4950352517" lon="114.2887920200"><ele>223.000</ele></trkpt>
      <trkpt lat="22.4950168661" lon="114.2888045796"><ele>223.000</ele></trkpt>
      <trkpt lat="22.4950078283" lon="114.2888153012"><ele>223.000</ele></trkpt>
      <trkpt lat="22.4950020226" lon="114.2888271332"><ele>225.000</ele></trkpt>
      <trkpt lat="22.4949910408" lon="114.2888556083"><ele>225.000</ele></trkpt>
      <trkpt lat="22.4949878064" lon="114.2888707757"><ele>226.000</ele></trkpt>
      <trkpt lat="22.4949831376" lon="114.2888839488"><ele>228.000</ele></trkpt>
      <trkpt lat="22.4949766826" lon="114.2888957803"><ele>228.000</ele></trkpt>
      <trkpt lat="22.4949711954" lon="114.2889039197"><ele>228.000</ele></trkpt>
      <trkpt lat="22.4949605497" lon="114.2889153786"><ele>228.000</ele></trkpt>
      <trkpt lat="22.4949298987" lon="114.2889453150"><ele>230.000</ele></trkpt>
      <trkpt lat="22.4949257047" lon="114.2889508607"><ele>230.000</ele></trkpt>
      <trkpt lat="22.4949069948" lon="114.2889623120"><ele>230.000</ele></trkpt>
      <trkpt lat="22.4948957118" lon="114.2889682213"><ele>232.000</ele></trkpt>
      <trkpt lat="22.4948789333" lon="114.2889811523"><ele>233.000</ele></trkpt>
      <trkpt lat="22.4948708733" lon="114.2889881721"><ele>233.000</ele></trkpt>
      <trkpt lat="22.4948676455" lon="114.2889952054"><ele>233.000</ele></trkpt>
      <trkpt lat="22.4948637547" lon="114.2890192450"><ele>234.000</ele></trkpt>
      <trkpt lat="22.4948653622" lon="114.2890321909"><ele>234.000</ele></trkpt>
      <trkpt lat="22.4948692202" lon="114.2890421833"><ele>234.000</ele></trkpt>
      <trkpt lat="22.4948724394" lon="114.2890488428"><ele>234.000</ele></trkpt>
      <trkpt lat="22.4948772735" lon="114.2890577291"><ele>234.000</ele></trkpt>
      <trkpt lat="22.4948846814" lon="114.2890677156"><ele>236.000</ele></trkpt>
      <trkpt lat="22.4948931683" lon="114.2890831354"><ele>236.000</ele></trkpt>
      <trkpt lat="22.4949002535" lon="114.2891012752"><ele>236.000</ele></trkpt>
      <trkpt lat="22.4949005611" lon="114.2891134815"><ele>235.000</ele></trkpt>
      <trkpt lat="22.4948989472" lon="114.2891227221"><ele>236.000</ele></trkpt>
      <trkpt lat="22.4948937851" lon="114.2891323379"><ele>236.000</ele></trkpt>
      <trkpt lat="22.4948883006" lon="114.2891367747"><ele>236.000</ele></trkpt>
      <trkpt lat="22.4948828173" lon="114.2891393553"><ele>236.000</ele></trkpt>
      <trkpt lat="22.4948754034" lon="114.2891393493"><ele>236.000</ele></trkpt>
      <trkpt lat="22.4948650785" lon="114.2891437822"><ele>236.000</ele></trkpt>
      <trkpt lat="22.4948386451" lon="114.2891459766"><ele>238.000</ele></trkpt>
      <trkpt lat="22.4948186521" lon="114.2891455912"><ele>238.000</ele></trkpt>
      <trkpt lat="22.4948076912" lon="114.2891426280"><ele>240.000</ele></trkpt>
      <trkpt lat="22.4948002804" lon="114.2891381808"><ele>240.000</ele></trkpt>
      <trkpt lat="22.4947890048" lon="114.2891333613"><ele>240.000</ele></trkpt>
      <trkpt lat="22.4947796607" lon="114.2891300301"><ele>240.000</ele></trkpt>
      <trkpt lat="22.4947677328" lon="114.2891281643"><ele>240.000</ele></trkpt>
      <trkpt lat="22.4947551522" lon="114.2891300103"><ele>242.000</ele></trkpt>
      <trkpt lat="22.4947454778" lon="114.2891340647"><ele>242.000</ele></trkpt>
      <trkpt lat="22.4947341949" lon="114.2891410915"><ele>242.000</ele></trkpt>
      <trkpt lat="22.4947245185" lon="114.2891481099"><ele>242.000</ele></trkpt>
      <trkpt lat="22.4947177397" lon="114.2891566078"><ele>244.000</ele></trkpt>
      <trkpt lat="22.4947161192" lon="114.2891625249"><ele>244.000</ele></trkpt>
      <trkpt lat="22.4947125726" lon="114.2891721430"><ele>244.000</ele></trkpt>
      <trkpt lat="22.4947080512" lon="114.2891810217"><ele>244.000</ele></trkpt>
      <trkpt lat="22.4946908111" lon="114.2891967803"><ele>244.000</ele></trkpt>
      <trkpt lat="22.4946750002" lon="114.2892078647"><ele>244.000</ele></trkpt>
      <trkpt lat="22.4946595214" lon="114.2892219143"><ele>246.000</ele></trkpt>
      <trkpt lat="22.4946275772" lon="114.2892544346"><ele>246.000</ele></trkpt>
      <trkpt lat="22.4946178976" lon="114.2892658942"><ele>246.000</ele></trkpt>
      <trkpt lat="22.4946075749" lon="114.2892803163"><ele>246.000</ele></trkpt>
      <trkpt lat="22.4945798187" lon="114.2893287484"><ele>247.000</ele></trkpt>
      <trkpt lat="22.4945762615" lon="114.2893405822"><ele>247.000</ele></trkpt>
      <trkpt lat="22.4945749655" lon="114.2893472478"><ele>247.000</ele></trkpt>
      <trkpt lat="22.4945720614" lon="114.2893561181"><ele>247.000</ele></trkpt>
      <trkpt lat="22.4945623821" lon="114.2893672074"><ele>246.000</ele></trkpt>
      <trkpt lat="22.4945397958" lon="114.2893949344"><ele>246.000</ele></trkpt>
      <trkpt lat="22.4944873706" lon="114.2894676020"><ele>249.000</ele></trkpt>
      <trkpt lat="22.4944818832" lon="114.2894761107"><ele>249.000</ele></trkpt>
      <trkpt lat="22.4944734989" lon="114.2894820222"><ele>249.000</ele></trkpt>
      <trkpt lat="22.4944544737" lon="114.2894923566"><ele>249.000</ele></trkpt>
      <trkpt lat="22.4944454415" lon="114.2894949441"><ele>250.000</ele></trkpt>
      <trkpt lat="22.4944354501" lon="114.2895015929"><ele>250.000</ele></trkpt>
      <trkpt lat="22.4944283476" lon="114.2895082440"><ele>248.000</ele></trkpt>
      <trkpt lat="22.4944193095" lon="114.2895193348"><ele>248.000</ele></trkpt>
      <trkpt lat="22.4943931782" lon="114.2895555613"><ele>248.000</ele></trkpt>
      <trkpt lat="22.4943815615" lon="114.2895736859"><ele>248.000</ele></trkpt>
      <trkpt lat="22.4943628378" lon="114.2896047385"><ele>247.000</ele></trkpt>
      <trkpt lat="22.4943496045" lon="114.2896243292"><ele>248.000</ele></trkpt>
      <trkpt lat="22.4943388006" lon="114.2896422893"><ele>248.000</ele></trkpt>
      <trkpt lat="22.4943226590" lon="114.2896755704"><ele>248.000</ele></trkpt>
      <trkpt lat="22.4943158740" lon="114.2896929497"><ele>248.000</ele></trkpt>
      <trkpt lat="22.4943045718" lon="114.2897132805"><ele>248.000</ele></trkpt>
      <trkpt lat="22.4942758601" lon="114.2897461822"><ele>248.000</ele></trkpt>
      <trkpt lat="22.4942555268" lon="114.2897816747"><ele>248.000</ele></trkpt>
      <trkpt lat="22.4942448716" lon="114.2898064472"><ele>250.000</ele></trkpt>
      <trkpt lat="22.4942342101" lon="114.2898415889"><ele>250.000</ele></trkpt>
      <trkpt lat="22.4942243127" lon="114.2898802968"><ele>250.000</ele></trkpt>
      <trkpt lat="22.4942213924" lon="114.2898995363"><ele>253.000</ele></trkpt>
      <trkpt lat="22.4942229964" lon="114.2899172926"><ele>252.000</ele></trkpt>
      <trkpt lat="22.4942284627" lon="114.2899387439"><ele>252.000</ele></trkpt>
      <trkpt lat="22.4942323202" lon="114.2899494758"><ele>252.000</ele></trkpt>
      <trkpt lat="22.4942329681" lon="114.2899528097"><ele>252.000</ele></trkpt>
      <trkpt lat="22.4942316719" lon="114.2899609427"><ele>252.000</ele></trkpt>
      <trkpt lat="22.4942277911" lon="114.2899705605"><ele>252.000</ele></trkpt>
      <trkpt lat="22.4942226306" lon="114.2899764746"><ele>252.000</ele></trkpt>
      <trkpt lat="22.4942165052" lon="114.2899805415"><ele>254.000</ele></trkpt>
      <trkpt lat="22.4942019876" lon="114.2899886637"><ele>254.000</ele></trkpt>
      <trkpt lat="22.4941826347" lon="114.2900027101"><ele>254.000</ele></trkpt>
      <trkpt lat="22.4941636064" lon="114.2900185925"><ele>256.000</ele></trkpt>
      <trkpt lat="22.4941465085" lon="114.2900363432"><ele>256.000</ele></trkpt>
      <trkpt lat="22.4941287584" lon="114.2900581459"><ele>257.000</ele></trkpt>
      <trkpt lat="22.4941132745" lon="114.2900792216"><ele>257.000</ele></trkpt>
      <trkpt lat="22.4940984315" lon="114.2901006661"><ele>257.000</ele></trkpt>
      <trkpt lat="22.4940822950" lon="114.2901265420"><ele>258.000</ele></trkpt>
      <trkpt lat="22.4940264554" lon="114.2902115774"><ele>258.000</ele></trkpt>
      <trkpt lat="22.4940117283" lon="114.2902365021"><ele>258.000</ele></trkpt>
      <trkpt lat="22.4939545955" lon="114.2903381835"><ele>260.000</ele></trkpt>
      <trkpt lat="22.4939416834" lon="114.2903618452"><ele>260.000</ele></trkpt>
      <trkpt lat="22.4939368444" lon="114.2903729393"><ele>260.000</ele></trkpt>
      <trkpt lat="22.4939310273" lon="114.2903892026"><ele>260.000</ele></trkpt>
      <trkpt lat="22.4939281163" lon="114.2904065956"><ele>260.000</ele></trkpt>
      <trkpt lat="22.4939138939" lon="114.2904583707"><ele>260.000</ele></trkpt>
      <trkpt lat="22.4939093631" lon="114.2904805534"><ele>260.000</ele></trkpt>
      <trkpt lat="22.4938999915" lon="114.2905175415"><ele>262.000</ele></trkpt>
      <trkpt lat="22.4938881536" lon="114.2905545966"><ele>260.000</ele></trkpt>
      <trkpt lat="22.4938800770" lon="114.2905734528"><ele>260.000</ele></trkpt>
      <trkpt lat="22.4938616751" lon="114.2906089467"><ele>260.000</ele></trkpt>
      <trkpt lat="22.4938271403" lon="114.2906651472"><ele>260.000</ele></trkpt>
      <trkpt lat="22.4938171413" lon="114.2906825237"><ele>259.000</ele></trkpt>
      <trkpt lat="22.4937955207" lon="114.2907106204"><ele>260.000</ele></trkpt>
      <trkpt lat="22.4937553760" lon="114.2907441149"><ele>259.000</ele></trkpt>
      <trkpt lat="22.4937344065" lon="114.2907581588"><ele>259.000</ele></trkpt>
      <trkpt lat="22.4937169865" lon="114.2907714583"><ele>258.000</ele></trkpt>
      <trkpt lat="22.4937011833" lon="114.2907854977"><ele>258.000</ele></trkpt>
      <trkpt lat="22.4936866698" lon="114.2908006557"><ele>258.000</ele></trkpt>
      <trkpt lat="22.4936802166" lon="114.2908084152"><ele>258.000</ele></trkpt>
      <trkpt lat="22.4936715017" lon="114.2908221008"><ele>256.000</ele></trkpt>
      <trkpt lat="22.4936631026" lon="114.2908372628"><ele>256.000</ele></trkpt>
      <trkpt lat="22.4936579369" lon="114.2908505724"><ele>256.000</ele></trkpt>
      <trkpt lat="22.4936540622" lon="114.2908642522"><ele>256.000</ele></trkpt>
      <trkpt lat="22.4936513849" lon="114.2908868484"><ele>256.000</ele></trkpt>
      <trkpt lat="22.4936508199" lon="114.2908916254"><ele>256.000</ele></trkpt>
      <trkpt lat="22.4936488792" lon="114.2909030911"><ele>256.000</ele></trkpt>
      <trkpt lat="22.4936459625" lon="114.2909156629"><ele>256.000</ele></trkpt>
      <trkpt lat="22.4936378970" lon="114.2909304569"><ele>256.000</ele></trkpt>
      <trkpt lat="22.4936311166" lon="114.2909411801"><ele>254.000</ele></trkpt>
      <trkpt lat="22.4936282114" lon="114.2909515371"><ele>254.000</ele></trkpt>
      <trkpt lat="22.4936246570" lon="114.2909592990"><ele>254.000</ele></trkpt>
      <trkpt lat="22.4936223863" lon="114.2909777906"><ele>252.000</ele></trkpt>
      <trkpt lat="22.4936233376" lon="114.2909988786"><ele>252.000</ele></trkpt>
      <trkpt lat="22.4936226842" lon="114.2910173715"><ele>252.000</ele></trkpt>
      <trkpt lat="22.4936191044" lon="114.2910610221"><ele>252.000</ele></trkpt>
      <trkpt lat="22.4936115453" lon="114.2911267965"><ele>253.000</ele></trkpt>
      <trkpt lat="22.4936095975" lon="114.2911497295"><ele>253.000</ele></trkpt>
      <trkpt lat="22.4936086147" lon="114.2911730317"><ele>256.000</ele></trkpt>
      <trkpt lat="22.4936095762" lon="114.2911796893"><ele>256.000</ele></trkpt>
      <trkpt lat="22.4936140814" lon="114.2911937551"><ele>256.000</ele></trkpt>
      <trkpt lat="22.4936172995" lon="114.2912018917"><ele>256.000</ele></trkpt>
      <trkpt lat="22.4936269641" lon="114.2912129977"><ele>256.000</ele></trkpt>
      <trkpt lat="22.4936446805" lon="114.2912274339"><ele>258.000</ele></trkpt>
      <trkpt lat="22.4936565968" lon="114.2912455776"><ele>258.000</ele></trkpt>
      <trkpt lat="22.4936646485" lon="114.2912629688"><ele>258.000</ele></trkpt>
      <trkpt lat="22.4936733420" lon="114.2912796230"><ele>258.000</ele></trkpt>
      <trkpt lat="22.4936819397" lon="114.2912912140"><ele>260.000</ele></trkpt>
      <trkpt lat="22.4936912799" lon="114.2913001040"><ele>262.000</ele></trkpt>
      <trkpt lat="22.4937032044" lon="114.2913078786"><ele>262.000</ele></trkpt>
      <trkpt lat="22.4937099748" lon="114.2913112077"><ele>262.000</ele></trkpt>
      <trkpt lat="22.4937144856" lon="114.2913175087"><ele>262.000</ele></trkpt>
      <trkpt lat="22.4937167382" lon="114.2913245368"><ele>262.000</ele></trkpt>
      <trkpt lat="22.4937173756" lon="114.2913297170"><ele>262.000</ele></trkpt>
      <trkpt lat="22.4937138228" lon="114.2913352631"><ele>262.000</ele></trkpt>
      <trkpt lat="22.4937070548" lon="114.2913411758"><ele>262.000</ele></trkpt>
      <trkpt lat="22.4936963943" lon="114.2913603982"><ele>264.000</ele></trkpt>
      <trkpt lat="22.4936938126" lon="114.2913729712"><ele>264.000</ele></trkpt>
      <trkpt lat="22.4936931556" lon="114.2913825916"><ele>264.000</ele></trkpt>
      <trkpt lat="22.4936915440" lon="114.2913885085"><ele>264.000</ele></trkpt>
      <trkpt lat="22.4936876665" lon="114.2913933158"><ele>264.000</ele></trkpt>
      <trkpt lat="22.4936831554" lon="114.2914003382"><ele>264.000</ele></trkpt>
      <trkpt lat="22.4936766964" lon="114.2914162414"><ele>264.000</ele></trkpt>
      <trkpt lat="22.4936637952" lon="114.2914243648"><ele>264.000</ele></trkpt>
      <trkpt lat="22.4936586294" lon="114.2914262157"><ele>264.000</ele></trkpt>
      <trkpt lat="22.4936537950" lon="114.2914306432"><ele>264.000</ele></trkpt>
      <trkpt lat="22.4936486336" lon="114.2914376748"><ele>264.000</ele></trkpt>
      <trkpt lat="22.4936463700" lon="114.2914461762"><ele>264.000</ele></trkpt>
      <trkpt lat="22.4936450713" lon="114.2914565346"><ele>264.000</ele></trkpt>
      <trkpt lat="22.4936434385" lon="114.2914794679"><ele>264.000</ele></trkpt>
      <trkpt lat="22.4936347329" lon="114.2914938823"><ele>264.000</ele></trkpt>
      <trkpt lat="22.4936308534" lon="114.2915016536"><ele>265.000</ele></trkpt>
      <trkpt lat="22.4936289114" lon="114.2915149648"><ele>265.000</ele></trkpt>
      <trkpt lat="22.4936250025" lon="114.2915778471"><ele>264.000</ele></trkpt>
      <trkpt lat="22.4936233795" lon="114.2915870974"><ele>264.000</ele></trkpt>
      <trkpt lat="22.4936120846" lon="114.2916107603"><ele>261.000</ele></trkpt>
      <trkpt lat="22.4936009204" lon="114.2916270969"><ele>261.000</ele></trkpt>
      <trkpt lat="22.4935812351" lon="114.2916511328"><ele>258.000</ele></trkpt>
      <trkpt lat="22.4935657450" lon="114.2916692442"><ele>258.000</ele></trkpt>
      <trkpt lat="22.4935173505" lon="114.2917220987"><ele>258.000</ele></trkpt>
      <trkpt lat="22.4935067038" lon="114.2917346651"><ele>258.000</ele></trkpt>
      <trkpt lat="22.4935005754" lon="114.2917428038"><ele>260.000</ele></trkpt>
      <trkpt lat="22.4934905677" lon="114.2917583240"><ele>258.000</ele></trkpt>
      <trkpt lat="22.4934828187" lon="114.2917734874"><ele>258.000</ele></trkpt>
      <trkpt lat="22.4934789469" lon="114.2917831051"><ele>258.000</ele></trkpt>
      <trkpt lat="22.4934786117" lon="114.2917971572"><ele>261.000</ele></trkpt>
      <trkpt lat="22.4934766687" lon="114.2918119561"><ele>261.000</ele></trkpt>
      <trkpt lat="22.4934731098" lon="114.2918271134"><ele>261.000</ele></trkpt>
      <trkpt lat="22.4934666455" lon="114.2918504109"><ele>263.000</ele></trkpt>
      <trkpt lat="22.4934614783" lon="114.2918655765"><ele>263.000</ele></trkpt>
      <trkpt lat="22.4934537269" lon="114.2918829557"><ele>264.000</ele></trkpt>
      <trkpt lat="22.4934328576" lon="114.2919348805"><ele>268.000</ele></trkpt>
      <trkpt lat="22.4934264002" lon="114.2919496757"><ele>268.000</ele></trkpt>
      <trkpt lat="22.4934157490" lon="114.2919685296"><ele>268.000</ele></trkpt>
      <trkpt lat="22.4934015453" lon="114.2919921911"><ele>273.000</ele></trkpt>
      <trkpt lat="22.4933931573" lon="114.2920043987"><ele>273.000</ele></trkpt>
      <trkpt lat="22.4933808928" lon="114.2920188102"><ele>273.000</ele></trkpt>
      <trkpt lat="22.4933673441" lon="114.2920358152"><ele>275.000</ele></trkpt>
      <trkpt lat="22.4933541142" lon="114.2920502356"><ele>276.000</ele></trkpt>
      <trkpt lat="22.4933415381" lon="114.2920583592"><ele>276.000</ele></trkpt>
      <trkpt lat="22.4933142603" lon="114.2920793373"><ele>276.000</ele></trkpt>
      <trkpt lat="22.4932855598" lon="114.2920959595"><ele>276.000</ele></trkpt>
      <trkpt lat="22.4932704018" lon="114.2921029731"><ele>274.000</ele></trkpt>
      <trkpt lat="22.4932636250" lon="114.2921085165"><ele>274.000</ele></trkpt>
      <trkpt lat="22.4932581396" lon="114.2921140610"><ele>274.000</ele></trkpt>
      <trkpt lat="22.4932529785" lon="114.2921207135"><ele>274.000</ele></trkpt>
      <trkpt lat="22.4932500657" lon="114.2921277373"><ele>276.000</ele></trkpt>
      <trkpt lat="22.4932468240" lon="114.2921540024"><ele>276.000</ele></trkpt>
      <trkpt lat="22.4932448859" lon="114.2921617655"><ele>276.000</ele></trkpt>
      <trkpt lat="22.4932416584" lon="114.2921669416"><ele>276.000</ele></trkpt>
      <trkpt lat="22.4932390802" lon="114.2921732270"><ele>276.000</ele></trkpt>
      <trkpt lat="22.4932355231" lon="114.2921846914"><ele>274.000</ele></trkpt>
      <trkpt lat="22.4932342253" lon="114.2921935726"><ele>274.000</ele></trkpt>
      <trkpt lat="22.4932300211" lon="114.2922146572"><ele>274.000</ele></trkpt>
      <trkpt lat="22.4932271165" lon="114.2922227888"><ele>272.000</ele></trkpt>
      <trkpt lat="22.4932213020" lon="114.2922338820"><ele>272.000</ele></trkpt>
      <trkpt lat="22.4932151720" lon="114.2922442363"><ele>272.000</ele></trkpt>
      <trkpt lat="22.4932119397" lon="114.2922560693"><ele>272.000</ele></trkpt>
      <trkpt lat="22.4932109664" lon="114.2922671664"><ele>272.000</ele></trkpt>
      <trkpt lat="22.4932115988" lon="114.2922793728"><ele>271.000</ele></trkpt>
      <trkpt lat="22.4932132054" lon="114.2922930571"><ele>271.000</ele></trkpt>
      <trkpt lat="22.4932144745" lon="114.2923115613"><ele>271.000</ele></trkpt>
      <trkpt lat="22.4932144599" lon="114.2923319002"><ele>270.000</ele></trkpt>
      <trkpt lat="22.4932121950" lon="114.2923559407"><ele>270.000</ele></trkpt>
      <trkpt lat="22.4932100191" lon="114.2923679018"><ele>270.000</ele></trkpt>
      <trkpt lat="22.4932061345" lon="114.2923826894"><ele>270.000</ele></trkpt>
      <trkpt lat="22.4932003236" lon="114.2924026649"><ele>270.000</ele></trkpt>
      <trkpt lat="22.4931967677" lon="114.2924122731"><ele>270.000</ele></trkpt>
      <trkpt lat="22.4931938655" lon="114.2924170801"><ele>270.000</ele></trkpt>
      <trkpt lat="22.4931822578" lon="114.2924222502"><ele>270.000</ele></trkpt>
      <trkpt lat="22.4931716035" lon="114.2924326008"><ele>268.000</ele></trkpt>
      <trkpt lat="22.4931654754" lon="114.2924403604"><ele>268.000</ele></trkpt>
      <trkpt lat="22.4931616049" lon="114.2924492394"><ele>268.000</ele></trkpt>
      <trkpt lat="22.4931593420" lon="114.2924566330"><ele>268.000</ele></trkpt>
      <trkpt lat="22.4931583688" lon="114.2924662530"><ele>270.000</ele></trkpt>
      <trkpt lat="22.4931206914" lon="114.2924824897"><ele>270.000</ele></trkpt>
      <trkpt lat="22.4930926347" lon="114.2924954195"><ele>270.000</ele></trkpt>
      <trkpt lat="22.4930813528" lon="114.2924994723"><ele>270.000</ele></trkpt>
      <trkpt lat="22.4930752188" lon="114.2925028005"><ele>270.000</ele></trkpt>
      <trkpt lat="22.4930584459" lon="114.2925201721"><ele>270.000</ele></trkpt>
      <trkpt lat="22.4930461787" lon="114.2925382860"><ele>273.000</ele></trkpt>
      <trkpt lat="22.4930410163" lon="114.2925479025"><ele>273.000</ele></trkpt>
      <trkpt lat="22.4930318036" lon="114.2925629189"><ele>273.000</ele></trkpt>
      <trkpt lat="22.4930266332" lon="114.2925699408"><ele>273.000</ele></trkpt>
      <trkpt lat="22.4930195403" lon="114.2925754829"><ele>273.000</ele></trkpt>
      <trkpt lat="22.4930111583" lon="114.2925780706"><ele>273.000</ele></trkpt>
      <trkpt lat="22.4929979335" lon="114.2925839779"><ele>275.000</ele></trkpt>
      <trkpt lat="22.4929889001" lon="114.2925895194"><ele>275.000</ele></trkpt>
      <trkpt lat="22.4929753587" lon="114.2925961650"><ele>275.000</ele></trkpt>
      <trkpt lat="22.4929601986" lon="114.2926061425"><ele>275.000</ele></trkpt>
      <trkpt lat="22.4929398810" lon="114.2926175928"><ele>274.000</ele></trkpt>
      <trkpt lat="22.4929324631" lon="114.2926231356"><ele>274.000</ele></trkpt>
      <trkpt lat="22.4929208557" lon="114.2926290443"><ele>274.000</ele></trkpt>
      <trkpt lat="22.4929027856" lon="114.2926419736"><ele>274.000</ele></trkpt>
      <trkpt lat="22.4928935378" lon="114.2926555507"><ele>274.000</ele></trkpt>
      <trkpt lat="22.4928806239" lon="114.2926825366"><ele>277.000</ele></trkpt>
      <trkpt lat="22.4928744859" lon="114.2927039889"><ele>277.000</ele></trkpt>
      <trkpt lat="22.4928693008" lon="114.2927313602"><ele>276.000</ele></trkpt>
      <trkpt lat="22.4928647828" lon="114.2927491102"><ele>278.000</ele></trkpt>
      <trkpt lat="22.4928618625" lon="114.2927664933"><ele>277.000</ele></trkpt>
      <trkpt lat="22.4928521768" lon="114.2927860962"><ele>277.000</ele></trkpt>
      <trkpt lat="22.4928205469" lon="114.2928452515"><ele>276.000</ele></trkpt>
      <trkpt lat="22.4928125708" lon="114.2928621251"><ele>274.000</ele></trkpt>
      <trkpt lat="22.4928041800" lon="114.2928769186"><ele>274.000</ele></trkpt>
      <trkpt lat="22.4927954651" lon="114.2928902250"><ele>274.000</ele></trkpt>
      <trkpt lat="22.4927883707" lon="114.2928979935"><ele>274.000</ele></trkpt>
      <trkpt lat="22.4927744926" lon="114.2929094482"><ele>272.000</ele></trkpt>
      <trkpt lat="22.4927648163" lon="114.2929160969"><ele>272.000</ele></trkpt>
      <trkpt lat="22.4927496575" lon="114.2929242183"><ele>272.000</ele></trkpt>
      <trkpt lat="22.4926945213" lon="114.2929445218"><ele>270.000</ele></trkpt>
      <trkpt lat="22.4926712273" lon="114.2929521990"><ele>268.000</ele></trkpt>
      <trkpt lat="22.4926480062" lon="114.2929577286"><ele>268.000</ele></trkpt>
      <trkpt lat="22.4925832039" lon="114.2929706179"><ele>264.000</ele></trkpt>
      <trkpt lat="22.4925744992" lon="114.2929709896"><ele>264.000</ele></trkpt>
      <trkpt lat="22.4925606379" lon="114.2929705991"><ele>264.000</ele></trkpt>
      <trkpt lat="22.4925500025" lon="114.2929672676"><ele>264.000</ele></trkpt>
      <trkpt lat="22.4925287195" lon="114.2929650244"><ele>264.000</ele></trkpt>
      <trkpt lat="22.4925147121" lon="114.2929667319"><ele>264.000</ele></trkpt>
      <trkpt lat="22.4925040724" lon="114.2929693177"><ele>262.000</ele></trkpt>
      <trkpt lat="22.4924940723" lon="114.2929741100"><ele>262.000</ele></trkpt>
      <trkpt lat="22.4924876206" lon="114.2929796536"><ele>262.000</ele></trkpt>
      <trkpt lat="22.4924772853" lon="114.2929985173"><ele>262.000</ele></trkpt>
      <trkpt lat="22.4924688962" lon="114.2930121932"><ele>262.000</ele></trkpt>
      <trkpt lat="22.4924582445" lon="114.2930314162"><ele>260.000</ele></trkpt>
      <trkpt lat="22.4924330664" lon="114.2930720931"><ele>260.000</ele></trkpt>
      <trkpt lat="22.4924188759" lon="114.2930898360"><ele>260.000</ele></trkpt>
      <trkpt lat="22.4924069343" lon="114.2931072115"><ele>259.000</ele></trkpt>
      <trkpt lat="22.4923981657" lon="114.2931209843"><ele>259.000</ele></trkpt>
      <trkpt lat="22.4923820662" lon="114.2931437002"><ele>259.000</ele></trkpt>
      <trkpt lat="22.4923588297" lon="114.2931717949"><ele>260.000</ele></trkpt>
      <trkpt lat="22.4923517363" lon="114.2931780765"><ele>260.000</ele></trkpt>
      <trkpt lat="22.4923414093" lon="114.2931854632"><ele>260.000</ele></trkpt>
      <trkpt lat="22.4923330264" lon="114.2931891587"><ele>260.000</ele></trkpt>
      <trkpt lat="22.4923194829" lon="114.2931987682"><ele>265.000</ele></trkpt>
      <trkpt lat="22.4923136718" lon="114.2932050509"><ele>265.000</ele></trkpt>
      <trkpt lat="22.4923056088" lon="114.2932172489"><ele>265.000</ele></trkpt>
      <trkpt lat="22.4922914029" lon="114.2932438740"><ele>268.000</ele></trkpt>
      <trkpt lat="22.4922642759" lon="114.2933071046"><ele>270.000</ele></trkpt>
      <trkpt lat="22.4922542626" lon="114.2933315077"><ele>270.000</ele></trkpt>
      <trkpt lat="22.4922388687" lon="114.2933648955"><ele>268.000</ele></trkpt>
      <trkpt lat="22.4922275664" lon="114.2933859633"><ele>268.000</ele></trkpt>
      <trkpt lat="22.4922120805" lon="114.2934092540"><ele>268.000</ele></trkpt>
      <trkpt lat="22.4922014248" lon="114.2934214509"><ele>268.000</ele></trkpt>
      <trkpt lat="22.4921675566" lon="114.2934536074"><ele>268.000</ele></trkpt>
      <trkpt lat="22.4921481993" lon="114.2934731923"><ele>268.000</ele></trkpt>
      <trkpt lat="22.4921254745" lon="114.2934929688"><ele>269.000</ele></trkpt>
      <trkpt lat="22.4921070843" lon="114.2935114466"><ele>269.000</ele></trkpt>
      <trkpt lat="22.4920928868" lon="114.2935262352"><ele>270.000</ele></trkpt>
      <trkpt lat="22.4920667475" lon="114.2935598753"><ele>273.000</ele></trkpt>
      <trkpt lat="22.4920551295" lon="114.2935790973"><ele>273.000</ele></trkpt>
      <trkpt lat="22.4920318884" lon="114.2936134784"><ele>279.000</ele></trkpt>
      <trkpt lat="22.4920228531" lon="114.2936327124"><ele>280.000</ele></trkpt>
      <trkpt lat="22.4920099409" lon="114.2936571130"><ele>280.000</ele></trkpt>
      <trkpt lat="22.4920044511" lon="114.2936685756"><ele>280.000</ele></trkpt>
      <trkpt lat="22.4919979898" lon="114.2936874327"><ele>280.000</ele></trkpt>
      <trkpt lat="22.4919954674" lon="114.2936976102"><ele>280.000</ele></trkpt>
      <trkpt lat="22.4919928896" lon="114.2936959103"><ele>280.000</ele></trkpt>
      <trkpt lat="22.4919749728" lon="114.2936840976"><ele>280.000</ele></trkpt>
      <trkpt lat="22.4919426720" lon="114.2936704071"><ele>279.000</ele></trkpt>
      <trkpt lat="22.4919190578" lon="114.2936700374"><ele>279.000</ele></trkpt>
      <trkpt lat="22.4919132360" lon="114.2936287604"><ele>274.000</ele></trkpt>
      <trkpt lat="22.4918909027" lon="114.2936429104"><ele>276.000</ele></trkpt>
      <trkpt lat="22.4918606492" lon="114.2936452076"><ele>273.000</ele></trkpt>
      <trkpt lat="22.4918376754" lon="114.2936832535"><ele>273.000</ele></trkpt>
      <trkpt lat="22.4918029030" lon="114.2936657612"><ele>269.000</ele></trkpt>
      <trkpt lat="22.4917569755" lon="114.2936518357"><ele>266.000</ele></trkpt>
      <trkpt lat="22.4917170590" lon="114.2936548828"><ele>262.000</ele></trkpt>
      <trkpt lat="22.4916925822" lon="114.2936360969"><ele>262.000</ele></trkpt>
      <trkpt lat="22.4916479226" lon="114.2936295873"><ele>258.000</ele></trkpt>
      <trkpt lat="22.4916347455" lon="114.2936070404"><ele>254.000</ele></trkpt>
      <trkpt lat="22.4916052827" lon="114.2935899121"><ele>254.000</ele></trkpt>
      <trkpt lat="22.4915579807" lon="114.2935786191"><ele>250.000</ele></trkpt>
      <trkpt lat="22.4915210744" lon="114.2935773540"><ele>246.000</ele></trkpt>
      <trkpt lat="22.4914901788" lon="114.2935810306"><ele>244.000</ele></trkpt>
      <trkpt lat="22.4914585258" lon="114.2936079324"><ele>242.000</ele></trkpt>
      <trkpt lat="22.4914265927" lon="114.2936227740"><ele>242.000</ele></trkpt>
      <trkpt lat="22.4914002702" lon="114.2936087289"><ele>237.000</ele></trkpt>
      <trkpt lat="22.4913776145" lon="114.2935817330"><ele>237.000</ele></trkpt>
      <trkpt lat="22.4913476157" lon="114.2935440899"><ele>234.000</ele></trkpt>
      <trkpt lat="22.4913249382" lon="114.2935221278"><ele>231.000</ele></trkpt>
      <trkpt lat="22.4912929945" lon="114.2935015963"><ele>231.000</ele></trkpt>
      <trkpt lat="22.4912687563" lon="114.2934775144"><ele>227.000</ele></trkpt>
      <trkpt lat="22.4912453614" lon="114.2934486618"><ele>227.000</ele></trkpt>
      <trkpt lat="22.4912239138" lon="114.2934242617"><ele>223.000</ele></trkpt>
      <trkpt lat="22.4911972894" lon="114.2934031418"><ele>223.000</ele></trkpt>
      <trkpt lat="22.4911719370" lon="114.2933964250"><ele>220.000</ele></trkpt>
      <trkpt lat="22.4911452086" lon="114.2934066744"><ele>218.000</ele></trkpt>
      <trkpt lat="22.4911301331" lon="114.2934019525"><ele>218.000</ele></trkpt>
      <trkpt lat="22.4911162744" lon="114.2933978691"><ele>218.000</ele></trkpt>
      <trkpt lat="22.4910959709" lon="114.2933897182"><ele>216.000</ele></trkpt>
      <trkpt lat="22.4910904922" lon="114.2933860111"><ele>216.000</ele></trkpt>
      <trkpt lat="22.4910753510" lon="114.2933697219"><ele>216.000</ele></trkpt>
      <trkpt lat="22.4910595669" lon="114.2933545488"><ele>216.000</ele></trkpt>
      <trkpt lat="22.4910468776" lon="114.2933442372"><ele>216.000</ele></trkpt>
      <trkpt lat="22.4910388159" lon="114.2933409070"><ele>216.000</ele></trkpt>
      <trkpt lat="22.4910304394" lon="114.2933357203"><ele>216.000</ele></trkpt>
      <trkpt lat="22.4910181977" lon="114.2933308997"><ele>216.000</ele></trkpt>
      <trkpt lat="22.4909946587" lon="114.2933264390"><ele>216.000</ele></trkpt>
      <trkpt lat="22.4909724177" lon="114.2933264204"><ele>216.000</ele></trkpt>
      <trkpt lat="22.4909633985" lon="114.2933234586"><ele>214.000</ele></trkpt>
      <trkpt lat="22.4909498585" lon="114.2933145651"><ele>214.000</ele></trkpt>
      <trkpt lat="22.4909305218" lon="114.2933056765"><ele>214.000</ele></trkpt>
      <trkpt lat="22.4909147311" lon="114.2933008529"><ele>212.000</ele></trkpt>
      <trkpt lat="22.4909008698" lon="114.2933015799"><ele>212.000</ele></trkpt>
      <trkpt lat="22.4908902310" lon="114.2933030481"><ele>212.000</ele></trkpt>
      <trkpt lat="22.4908779770" lon="114.2933026686"><ele>210.000</ele></trkpt>
      <trkpt lat="22.4908489675" lon="114.2932956183"><ele>210.000</ele></trkpt>
      <trkpt lat="22.4908114492" lon="114.2932789499"><ele>208.000</ele></trkpt>
      <trkpt lat="22.4907814694" lon="114.2932648738"><ele>205.000</ele></trkpt>
      <trkpt lat="22.4907553720" lon="114.2932519077"><ele>205.000</ele></trkpt>
      <trkpt lat="22.4907260413" lon="114.2932393083"><ele>202.000</ele></trkpt>
      <trkpt lat="22.4907105675" lon="114.2932333772"><ele>202.000</ele></trkpt>
      <trkpt lat="22.4907002556" lon="114.2932322510"><ele>202.000</ele></trkpt>
      <trkpt lat="22.4906921907" lon="114.2932333618"><ele>201.000</ele></trkpt>
      <trkpt lat="22.4906770339" lon="114.2932385190"><ele>201.000</ele></trkpt>
      <trkpt lat="22.4906707553" lon="114.2932420219"><ele>200.000</ele></trkpt>
      <trkpt lat="22.4906654964" lon="114.2932464100"><ele>200.000</ele></trkpt>
      <trkpt lat="22.4906594773" lon="114.2932531492"><ele>200.000</ele></trkpt>
      <trkpt lat="22.4906490976" lon="114.2932584367"><ele>198.000</ele></trkpt>
      <trkpt lat="22.4906349731" lon="114.2932597465"><ele>198.000</ele></trkpt>
      <trkpt lat="22.4906228636" lon="114.2932594060"><ele>198.000</ele></trkpt>
      <trkpt lat="22.4906153713" lon="114.2932554348"><ele>198.000</ele></trkpt>
      <trkpt lat="22.4906116375" lon="114.2932488139"><ele>198.000</ele></trkpt>
      <trkpt lat="22.4906130783" lon="114.2932418668"><ele>198.000</ele></trkpt>
      <trkpt lat="22.4906171206" lon="114.2932339404"><ele>198.000</ele></trkpt>
      <trkpt lat="22.4906168347" lon="114.2932296352"><ele>198.000</ele></trkpt>
      <trkpt lat="22.4906125135" lon="114.2932236842"><ele>198.000</ele></trkpt>
      <trkpt lat="22.4906070425" lon="114.2932216972"><ele>195.000</ele></trkpt>
      <trkpt lat="22.4905952205" lon="114.2932233394"><ele>195.000</ele></trkpt>
      <trkpt lat="22.4905860000" lon="114.2932239925"><ele>195.000</ele></trkpt>
      <trkpt lat="22.4905750490" lon="114.2932200087"><ele>195.000</ele></trkpt>
      <trkpt lat="22.4905609324" lon="114.2932104151"><ele>192.000</ele></trkpt>
      <trkpt lat="22.4905488348" lon="114.2932061000"><ele>192.000</ele></trkpt>
      <trkpt lat="22.4905419176" lon="114.2932060942"><ele>192.000</ele></trkpt>
      <trkpt lat="22.4905402353" lon="114.2932071724"><ele>192.000</ele></trkpt>
      <trkpt lat="22.4905343359" lon="114.2932107796"><ele>192.000</ele></trkpt>
      <trkpt lat="22.4905184074" lon="114.2932242440"><ele>192.000</ele></trkpt>
      <trkpt lat="22.4905056222" lon="114.2932292166"><ele>189.000</ele></trkpt>
      <trkpt lat="22.4904989397" lon="114.2932304471"><ele>189.000</ele></trkpt>
      <trkpt lat="22.4904920341" lon="114.2932304695"><ele>189.000</ele></trkpt>
      <trkpt lat="22.4904859026" lon="114.2932278999"><ele>189.000</ele></trkpt>
      <trkpt lat="22.4904753038" lon="114.2932188855"><ele>189.000</ele></trkpt>
      <trkpt lat="22.4904652014" lon="114.2932089843"><ele>186.000</ele></trkpt>
      <trkpt lat="22.4904463468" lon="114.2931877807"><ele>186.000</ele></trkpt>
      <trkpt lat="22.4904411014" lon="114.2931835053"><ele>186.000</ele></trkpt>
      <trkpt lat="22.4904345442" lon="114.2931813746"><ele>186.000</ele></trkpt>
      <trkpt lat="22.4904276479" lon="114.2931810559"><ele>186.000</ele></trkpt>
      <trkpt lat="22.4904142753" lon="114.2931841301"><ele>184.000</ele></trkpt>
      <trkpt lat="22.4904076095" lon="114.2931848155"><ele>184.000</ele></trkpt>
      <trkpt lat="22.4904009283" lon="114.2931892500"><ele>184.000</ele></trkpt>
      <trkpt lat="22.4903717878" lon="114.2931908767"><ele>182.000</ele></trkpt>
      <trkpt lat="22.4903477440" lon="114.2931726609"><ele>182.000</ele></trkpt>
      <trkpt lat="22.4903274264" lon="114.2931679113"><ele>181.000</ele></trkpt>
      <trkpt lat="22.4903210703" lon="114.2931685338"><ele>181.000</ele></trkpt>
      <trkpt lat="22.4903151849" lon="114.2931714870"><ele>181.000</ele></trkpt>
      <trkpt lat="22.4903039744" lon="114.2931804763"><ele>181.000</ele></trkpt>
      <trkpt lat="22.4902981155" lon="114.2931842439"><ele>181.000</ele></trkpt>
      <trkpt lat="22.4902916654" lon="114.2931863249"><ele>180.000</ele></trkpt>
      <trkpt lat="22.4902781133" lon="114.2931877382"><ele>180.000</ele></trkpt>
      <trkpt lat="22.4902509872" lon="114.2931873346"><ele>180.000</ele></trkpt>
      <trkpt lat="22.4902376284" lon="114.2931889036"><ele>177.000</ele></trkpt>
      <trkpt lat="22.4902240487" lon="114.2931872664"><ele>177.000</ele></trkpt>
      <trkpt lat="22.4902110115" lon="114.2931836016"><ele>177.000</ele></trkpt>
      <trkpt lat="22.4902050440" lon="114.2931801507"><ele>177.000</ele></trkpt>
      <trkpt lat="22.4901935814" lon="114.2931717964"><ele>174.000</ele></trkpt>
      <trkpt lat="22.4901875894" lon="114.2931685622"><ele>174.000</ele></trkpt>
      <trkpt lat="22.4901745734" lon="114.2931655077"><ele>174.000</ele></trkpt>
      <trkpt lat="22.4901542683" lon="114.2931632731"><ele>173.000</ele></trkpt>
      <trkpt lat="22.4901270169" lon="114.2931626148"><ele>173.000</ele></trkpt>
      <trkpt lat="22.4901203951" lon="114.2931635975"><ele>173.000</ele></trkpt>
      <trkpt lat="22.4900815977" lon="114.2931775092"><ele>172.000</ele></trkpt>
      <trkpt lat="22.4900683521" lon="114.2931797770"><ele>172.000</ele></trkpt>
      <trkpt lat="22.4900479784" lon="114.2931801788"><ele>170.000</ele></trkpt>
      <trkpt lat="22.4900208962" lon="114.2931777413"><ele>168.000</ele></trkpt>
      <trkpt lat="22.4900011197" lon="114.2931725908"><ele>168.000</ele></trkpt>
      <trkpt lat="22.4899949151" lon="114.2931698355"><ele>168.000</ele></trkpt>
      <trkpt lat="22.4899710868" lon="114.2931557772"><ele>168.000</ele></trkpt>
      <trkpt lat="22.4899588100" lon="114.2931495456"><ele>168.000</ele></trkpt>
      <trkpt lat="22.4899459036" lon="114.2931447789"><ele>168.000</ele></trkpt>
      <trkpt lat="22.4899392094" lon="114.2931434371"><ele>168.000</ele></trkpt>
      <trkpt lat="22.4899259316" lon="114.2931453521"><ele>166.000</ele></trkpt>
      <trkpt lat="22.4898994024" lon="114.2931524774"><ele>166.000</ele></trkpt>
      <trkpt lat="22.4898860777" lon="114.2931541970"><ele>166.000</ele></trkpt>
      <trkpt lat="22.4898726692" lon="114.2931531363"><ele>164.000</ele></trkpt>
      <trkpt lat="22.4898524801" lon="114.2931491915"><ele>164.000</ele></trkpt>
      <trkpt lat="22.4898390595" lon="114.2931475049"><ele>164.000</ele></trkpt>
      <trkpt lat="22.4898258402" lon="114.2931508105"><ele>164.000</ele></trkpt>
      <trkpt lat="22.4897986433" lon="114.2931534281"><ele>164.000</ele></trkpt>
      <trkpt lat="22.4897920736" lon="114.2931547890"><ele>163.000</ele></trkpt>
      <trkpt lat="22.4897857931" lon="114.2931570839"><ele>163.000</ele></trkpt>
      <trkpt lat="22.4897626361" lon="114.2931725470"><ele>163.000</ele></trkpt>
      <trkpt lat="22.4897435713" lon="114.2931798476"><ele>162.000</ele></trkpt>
      <trkpt lat="22.4897106284" lon="114.2931887108"><ele>162.000</ele></trkpt>
      <trkpt lat="22.4896532514" lon="114.2932208083"><ele>158.000</ele></trkpt>
      <trkpt lat="22.4896333093" lon="114.2932273929"><ele>158.000</ele></trkpt>
      <trkpt lat="22.4896164352" lon="114.2932323300"><ele>158.000</ele></trkpt>
      <trkpt lat="22.4896041605" lon="114.2932405711"><ele>156.000</ele></trkpt>
      <trkpt lat="22.4895964860" lon="114.2932488171"><ele>156.000</ele></trkpt>
      <trkpt lat="22.4895673372" lon="114.2932619962"><ele>156.000</ele></trkpt>
      <trkpt lat="22.4895565876" lon="114.2932817911"><ele>156.000</ele></trkpt>
      <trkpt lat="22.4895473832" lon="114.2932850845"><ele>156.000</ele></trkpt>
      <trkpt lat="22.4895443156" lon="114.2932850820"><ele>156.000</ele></trkpt>
      <trkpt lat="22.4895256894" lon="114.2932889846"><ele>156.000</ele></trkpt>
      <trkpt lat="22.4895214108" lon="114.2933026870"><ele>154.000</ele></trkpt>
      <trkpt lat="22.4895195806" lon="114.2933172932"><ele>154.000</ele></trkpt>
      <trkpt lat="22.4895199521" lon="114.2933317944"><ele>154.000</ele></trkpt>
      <trkpt lat="22.4895224865" lon="114.2933461992"><ele>154.000</ele></trkpt>
      <trkpt lat="22.4895316179" lon="114.2933813045"><ele>155.000</ele></trkpt>
      <trkpt lat="22.4895338832" lon="114.2933956479"><ele>154.000</ele></trkpt>
      <trkpt lat="22.4895340269" lon="114.2934029500"><ele>154.000</ele></trkpt>
      <trkpt lat="22.4895309616" lon="114.2934147458"><ele>154.000</ele></trkpt>
      <trkpt lat="22.4895174759" lon="114.2934019128"><ele>154.000</ele></trkpt>
      <trkpt lat="22.4894993147" lon="114.2933771756"><ele>154.000</ele></trkpt>
      <trkpt lat="22.4894861799" lon="114.2933460298"><ele>154.000</ele></trkpt>
      <trkpt lat="22.4894795835" lon="114.2933169798"><ele>154.000</ele></trkpt>
      <trkpt lat="22.4894634035" lon="114.2933109491"><ele>154.000</ele></trkpt>
      <trkpt lat="22.4894469808" lon="114.2933059792"><ele>154.000</ele></trkpt>
      <trkpt lat="22.4894233510" lon="114.2933023153"><ele>154.000</ele></trkpt>
      <trkpt lat="22.4893928012" lon="114.2933022898"><ele>154.000</ele></trkpt>
      <trkpt lat="22.4893631083" lon="114.2933035962"><ele>156.000</ele></trkpt>
      <trkpt lat="22.4893345782" lon="114.2933078676"><ele>156.000</ele></trkpt>
      <trkpt lat="22.4892861491" lon="114.2933203922"><ele>158.000</ele></trkpt>
      <trkpt lat="22.4892159686" lon="114.2933702632"><ele>160.000</ele></trkpt>
      <trkpt lat="22.4891827497" lon="114.2934047247"><ele>160.000</ele></trkpt>
      <trkpt lat="22.4891495433" lon="114.2934207098"><ele>161.000</ele></trkpt>
      <trkpt lat="22.4891357965" lon="114.2934367112"><ele>160.000</ele></trkpt>
      <trkpt lat="22.4891094631" lon="114.2934453117"><ele>161.000</ele></trkpt>
      <trkpt lat="22.4890831368" lon="114.2934452896"><ele>161.000</ele></trkpt>
      <trkpt lat="22.4890709840" lon="114.2934460938"><ele>162.000</ele></trkpt>
      <trkpt lat="22.4890479165" lon="114.2934639357"><ele>162.000</ele></trkpt>
      <trkpt lat="22.4890212891" lon="114.2934969712"><ele>162.000</ele></trkpt>
      <trkpt lat="22.4889823370" lon="114.2935449772"><ele>162.000</ele></trkpt>
      <trkpt lat="22.4889720155" lon="114.2935720674"><ele>163.000</ele></trkpt>
      <trkpt lat="22.4889571218" lon="114.2935905313"><ele>163.000</ele></trkpt>
      <trkpt lat="22.4889399434" lon="114.2936028341"><ele>163.000</ele></trkpt>
      <trkpt lat="22.4889273452" lon="114.2936126783"><ele>166.000</ele></trkpt>
      <trkpt lat="22.4889216102" lon="114.2936286864"><ele>164.000</ele></trkpt>
      <trkpt lat="22.4889090066" lon="114.2936471521"><ele>164.000</ele></trkpt>
      <trkpt lat="22.4888872346" lon="114.2936791596"><ele>167.000</ele></trkpt>
      <trkpt lat="22.4888689094" lon="114.2936951571"><ele>167.000</ele></trkpt>
      <trkpt lat="22.4888528760" lon="114.2937062286"><ele>167.000</ele></trkpt>
      <trkpt lat="22.4888414175" lon="114.2937234641"><ele>170.000</ele></trkpt>
      <trkpt lat="22.4888345258" lon="114.2937567153"><ele>170.000</ele></trkpt>
      <trkpt lat="22.4888119641" lon="114.2937866891"><ele>168.000</ele></trkpt>
      <trkpt lat="22.4887995283" lon="114.2938104366"><ele>171.000</ele></trkpt>
      <trkpt lat="22.4887774454" lon="114.2938178424"><ele>171.000</ele></trkpt>
      <trkpt lat="22.4887567456" lon="114.2938207947"><ele>171.000</ele></trkpt>
      <trkpt lat="22.4887305189" lon="114.2938341365"><ele>172.000</ele></trkpt>
      <trkpt lat="22.4887222355" lon="114.2938400690"><ele>172.000</ele></trkpt>
      <trkpt lat="22.4886932502" lon="114.2938519236"><ele>175.000</ele></trkpt>
      <trkpt lat="22.4886421710" lon="114.2938875164"><ele>174.000</ele></trkpt>
      <trkpt lat="22.4886200806" lon="114.2939053163"><ele>177.000</ele></trkpt>
      <trkpt lat="22.4885924816" lon="114.2939082628"><ele>177.000</ele></trkpt>
      <trkpt lat="22.4885593492" lon="114.2939305079"><ele>178.000</ele></trkpt>
      <trkpt lat="22.4885400280" lon="114.2939364311"><ele>178.000</ele></trkpt>
      <trkpt lat="22.4885220900" lon="114.2939364160"><ele>178.000</ele></trkpt>
      <trkpt lat="22.4885000136" lon="114.2939349126"><ele>178.000</ele></trkpt>
      <trkpt lat="22.4884503328" lon="114.2939437800"><ele>180.000</ele></trkpt>
      <trkpt lat="22.4884351480" lon="114.2939526764"><ele>180.000</ele></trkpt>
      <trkpt lat="22.4884213483" lon="114.2939556345"><ele>180.000</ele></trkpt>
      <trkpt lat="22.4883882148" lon="114.2939793645"><ele>180.000</ele></trkpt>
      <trkpt lat="22.4883397905" lon="114.2940125310"><ele>180.000</ele></trkpt>
      <trkpt lat="22.4883128932" lon="114.2940328475"><ele>181.000</ele></trkpt>
      <trkpt lat="22.4882964537" lon="114.2940510145"><ele>180.000</ele></trkpt>
      <trkpt lat="22.4882520204" lon="114.2941194285"><ele>182.000</ele></trkpt>
      <trkpt lat="22.4882286552" lon="114.2941504947"><ele>182.000</ele></trkpt>
      <trkpt lat="22.4882171130" lon="114.2941647019"><ele>182.000</ele></trkpt>
      <trkpt lat="22.4881998104" lon="114.2941775924"><ele>182.000</ele></trkpt>
      <trkpt lat="22.4881853975" lon="114.2941917972"><ele>182.000</ele></trkpt>
      <trkpt lat="22.4881649175" lon="114.2942152569"><ele>180.000</ele></trkpt>
      <trkpt lat="22.4881513623" lon="114.2942284712"><ele>180.000</ele></trkpt>
      <trkpt lat="22.4881424179" lon="114.2942357422"><ele>180.000</ele></trkpt>
      <trkpt lat="22.4881311719" lon="114.2942400280"><ele>180.000</ele></trkpt>
      <trkpt lat="22.4881225298" lon="114.2942400207"><ele>180.000</ele></trkpt>
      <trkpt lat="22.4881017453" lon="114.2942353290"><ele>180.000</ele></trkpt>
      <trkpt lat="22.4880781144" lon="114.2942329962"><ele>180.000</ele></trkpt>
      <trkpt lat="22.4880458301" lon="114.2942339602"><ele>180.000</ele></trkpt>
      <trkpt lat="22.4880086491" lon="114.2942378936"><ele>181.000</ele></trkpt>
      <trkpt lat="22.4880008663" lon="114.2942359047"><ele>181.000</ele></trkpt>
      <trkpt lat="22.4879841629" lon="114.2942196912"><ele>181.000</ele></trkpt>
      <trkpt lat="22.4879614172" lon="114.2941922206"><ele>179.000</ele></trkpt>
      <trkpt lat="22.4879496116" lon="114.2941713857"><ele>179.000</ele></trkpt>
      <trkpt lat="22.4879444367" lon="114.2941584763"><ele>177.000</ele></trkpt>
      <trkpt lat="22.4879404133" lon="114.2941402911"><ele>180.000</ele></trkpt>
      <trkpt lat="22.4879355231" lon="114.2941220956"><ele>180.000</ele></trkpt>
      <trkpt lat="22.4879309265" lon="114.2941098571"><ele>178.000</ele></trkpt>
      <trkpt lat="22.4879231516" lon="114.2940969562"><ele>178.000</ele></trkpt>
      <trkpt lat="22.4879078833" lon="114.2940804136"><ele>178.000</ele></trkpt>
      <trkpt lat="22.4878940579" lon="114.2940678273"><ele>181.000</ele></trkpt>
      <trkpt lat="22.4878784793" lon="114.2940570082"><ele>179.000</ele></trkpt>
      <trkpt lat="22.4878634935" lon="114.2940507179"><ele>179.000</ele></trkpt>
      <trkpt lat="22.4878493723" lon="114.2940473923"><ele>181.000</ele></trkpt>
      <trkpt lat="22.4878352488" lon="114.2940473804"><ele>181.000</ele></trkpt>
      <trkpt lat="22.4878240133" lon="114.2940510151"><ele>181.000</ele></trkpt>
      <trkpt lat="22.4877995064" lon="114.2940612466"><ele>182.000</ele></trkpt>
      <trkpt lat="22.4877871074" lon="114.2940615665"><ele>182.000</ele></trkpt>
      <trkpt lat="22.4877729851" lon="114.2940599026"><ele>182.000</ele></trkpt>
      <trkpt lat="22.4877565648" lon="114.2940516191"><ele>183.000</ele></trkpt>
      <trkpt lat="22.4877283271" lon="114.2940387000"><ele>183.000</ele></trkpt>
      <trkpt lat="22.4877049884" lon="114.2940320626"><ele>184.000</ele></trkpt>
      <trkpt lat="22.4876848169" lon="114.2940287416"><ele>184.000</ele></trkpt>
      <trkpt lat="22.4876675230" lon="114.2940297183"><ele>184.000</ele></trkpt>
      <trkpt lat="22.4876366789" lon="114.2940369708"><ele>184.000</ele></trkpt>
      <trkpt lat="22.4875959520" lon="114.2940504149"><ele>184.000</ele></trkpt>
      <trkpt lat="22.4875765998" lon="114.2940592164"><ele>183.000</ele></trkpt>
      <trkpt lat="22.4875144503" lon="114.2940400514"><ele>183.000</ele></trkpt>
      <trkpt lat="22.4874241605" lon="114.2940205401"><ele>181.000</ele></trkpt>
      <trkpt lat="22.4873609478" lon="114.2940204869"><ele>180.000</ele></trkpt>
      <trkpt lat="22.4872797167" lon="114.2939621128"><ele>173.000</ele></trkpt>
      <trkpt lat="22.4872436234" lon="114.2939232120"><ele>174.000</ele></trkpt>
      <trkpt lat="22.4871714438" lon="114.2938356928"><ele>173.000</ele></trkpt>
      <trkpt lat="22.4870720954" lon="114.2938550445"><ele>174.000</ele></trkpt>
      <trkpt lat="22.4869998946" lon="114.2937966782"><ele>172.000</ele></trkpt>
      <trkpt lat="22.4869367171" lon="114.2937480372"><ele>169.000</ele></trkpt>
      <trkpt lat="22.4868825700" lon="114.2936994037"><ele>166.000</ele></trkpt>
      <trkpt lat="22.4867832709" lon="114.2936507324"><ele>160.000</ele></trkpt>
      <trkpt lat="22.4867200159" lon="114.2937089848"><ele>157.000</ele></trkpt>
      <trkpt lat="22.4866386860" lon="114.2937866572"><ele>160.000</ele></trkpt>
      <trkpt lat="22.4866205829" lon="114.2938449474"><ele>159.000</ele></trkpt>
      <trkpt lat="22.4865302155" lon="114.2939323295"><ele>161.000</ele></trkpt>
      <trkpt lat="22.4864489491" lon="114.2939225436"><ele>158.000</ele></trkpt>
      <trkpt lat="22.4863857222" lon="114.2939419255"><ele>157.000</ele></trkpt>
      <trkpt lat="22.4862592756" lon="114.2939709718"><ele>153.000</ele></trkpt>
      <trkpt lat="22.4861870183" lon="114.2939903461"><ele>150.000</ele></trkpt>
      <trkpt lat="22.4861057236" lon="114.2940194303"><ele>150.000</ele></trkpt>
      <trkpt lat="22.4860606282" lon="114.2939416521"><ele>145.000</ele></trkpt>
      <trkpt lat="22.4860606776" lon="114.2938736294"><ele>142.000</ele></trkpt>
      <trkpt lat="22.4859703948" lon="114.2938444009"><ele>138.000</ele></trkpt>
      <trkpt lat="22.4859113057" lon="114.2938352663"><ele>137.000</ele></trkpt>
      <trkpt lat="22.4857647104" lon="114.2937473532"><ele>132.000</ele></trkpt>
      <trkpt lat="22.4857294456" lon="114.2937252259"><ele>132.000</ele></trkpt>
      <trkpt lat="22.4857110266" lon="114.2937160381"><ele>132.000</ele></trkpt>
      <trkpt lat="22.4856845522" lon="114.2937098035"><ele>132.000</ele></trkpt>
      <trkpt lat="22.4856782093" lon="114.2937072512"><ele>132.000</ele></trkpt>
      <trkpt lat="22.4856723829" lon="114.2937035332"><ele>132.000</ele></trkpt>
      <trkpt lat="22.4856559804" lon="114.2936906321"><ele>132.000</ele></trkpt>
      <trkpt lat="22.4856149115" lon="114.2936526003"><ele>132.000</ele></trkpt>
      <trkpt lat="22.4855988326" lon="114.2936392340"><ele>132.000</ele></trkpt>
      <trkpt lat="22.4855874736" lon="114.2936312911"><ele>130.000</ele></trkpt>
      <trkpt lat="22.4855524093" lon="114.2936091903"><ele>130.000</ele></trkpt>
      <trkpt lat="22.4855411398" lon="114.2936010716"><ele>128.000</ele></trkpt>
      <trkpt lat="22.4855256023" lon="114.2935870168"><ele>128.000</ele></trkpt>
      <trkpt lat="22.4854954585" lon="114.2935576680"><ele>128.000</ele></trkpt>
      <trkpt lat="22.4854849185" lon="114.2935485140"><ele>128.000</ele></trkpt>
      <trkpt lat="22.4854735984" lon="114.2935405138"><ele>128.000</ele></trkpt>
      <trkpt lat="22.4854428627" lon="114.2935252131"><ele>128.000</ele></trkpt>
      <trkpt lat="22.4854311556" lon="114.2935178851"><ele>128.000</ele></trkpt>
      <trkpt lat="22.4854100431" lon="114.2934996150"><ele>130.000</ele></trkpt>
      <trkpt lat="22.4853772300" lon="114.2934738197"><ele>130.000</ele></trkpt>
      <trkpt lat="22.4853414270" lon="114.2934403771"><ele>130.000</ele></trkpt>
      <trkpt lat="22.4853248726" lon="114.2934277013"><ele>128.000</ele></trkpt>
      <trkpt lat="22.4853189205" lon="114.2934242243"><ele>128.000</ele></trkpt>
      <trkpt lat="22.4853063088" lon="114.2934189119"><ele>128.000</ele></trkpt>
      <trkpt lat="22.4852668925" lon="114.2934082713"><ele>126.000</ele></trkpt>
      <trkpt lat="22.4852541732" lon="114.2934032600"><ele>126.000</ele></trkpt>
      <trkpt lat="22.4852360736" lon="114.2933933243"><ele>126.000</ele></trkpt>
      <trkpt lat="22.4851955010" lon="114.2933669317"><ele>126.000</ele></trkpt>
      <trkpt lat="22.4851807357" lon="114.2933565323"><ele>126.000</ele></trkpt>
      <trkpt lat="22.4851588719" lon="114.2933331532"><ele>126.000</ele></trkpt>
      <trkpt lat="22.4851321433" lon="114.2933062727"><ele>126.000</ele></trkpt>
      <trkpt lat="22.4851219332" lon="114.2932979489"><ele>126.000</ele></trkpt>
      <trkpt lat="22.4851041746" lon="114.2932834716"><ele>126.000</ele></trkpt>
      <trkpt lat="22.4850731896" lon="114.2932607845"><ele>126.000</ele></trkpt>
      <trkpt lat="22.4850449291" lon="114.2932419284"><ele>125.000</ele></trkpt>
      <trkpt lat="22.4850237164" lon="114.2932285346"><ele>126.000</ele></trkpt>
      <trkpt lat="22.4850166373" lon="114.2932237691"><ele>126.000</ele></trkpt>
      <trkpt lat="22.4850107766" lon="114.2932200162"><ele>126.000</ele></trkpt>
      <trkpt lat="22.4850049032" lon="114.2932162798"><ele>126.000</ele></trkpt>
      <trkpt lat="22.4849990886" lon="114.2932124715"><ele>126.000</ele></trkpt>
      <trkpt lat="22.4849934059" lon="114.2932085010"><ele>126.000</ele></trkpt>
      <trkpt lat="22.4849879266" lon="114.2932042810"><ele>126.000</ele></trkpt>
      <trkpt lat="22.4849827229" lon="114.2931997221"><ele>126.000</ele></trkpt>
      <trkpt lat="22.4849777092" lon="114.2931948582"><ele>126.000</ele></trkpt>
      <trkpt lat="22.4849727867" lon="114.2931897816"><ele>126.000</ele></trkpt>
      <trkpt lat="22.4849680117" lon="114.2931844952"><ele>126.000</ele></trkpt>
      <trkpt lat="22.4849634408" lon="114.2931789981"><ele>124.000</ele></trkpt>
      <trkpt lat="22.4849591293" lon="114.2931732903"><ele>124.000</ele></trkpt>
      <trkpt lat="22.4849551340" lon="114.2931673739"><ele>124.000</ele></trkpt>
      <trkpt lat="22.4849515110" lon="114.2931612489"><ele>124.000</ele></trkpt>
      <trkpt lat="22.4849482438" lon="114.2931549386"><ele>124.000</ele></trkpt>
      <trkpt lat="22.4849451510" lon="114.2931485166"><ele>124.000</ele></trkpt>
      <trkpt lat="22.4849422001" lon="114.2931419986"><ele>124.000</ele></trkpt>
      <trkpt lat="22.4849393711" lon="114.2931353991"><ele>126.000</ele></trkpt>
      <trkpt lat="22.4849366424" lon="114.2931287326"><ele>126.000</ele></trkpt>
      <trkpt lat="22.4849339923" lon="114.2931220107"><ele>126.000</ele></trkpt>
      <trkpt lat="22.4849314018" lon="114.2931152501"><ele>126.000</ele></trkpt>
      <trkpt lat="22.4849288475" lon="114.2931084632"><ele>126.000</ele></trkpt>
      <trkpt lat="22.4849263104" lon="114.2931016637"><ele>126.000</ele></trkpt>
      <trkpt lat="22.4849237687" lon="114.2930948652"><ele>126.000</ele></trkpt>
      <trkpt lat="22.4849212008" lon="114.2930880822"><ele>124.000</ele></trkpt>
      <trkpt lat="22.4849185860" lon="114.2930813284"><ele>124.000</ele></trkpt>
      <trkpt lat="22.4849159043" lon="114.2930746182"><ele>124.000</ele></trkpt>
      <trkpt lat="22.4849131331" lon="114.2930679633"><ele>124.000</ele></trkpt>
      <trkpt lat="22.4849102527" lon="114.2930613792"><ele>124.000</ele></trkpt>
      <trkpt lat="22.4849070145" lon="114.2930549562"><ele>124.000</ele></trkpt>
      <trkpt lat="22.4849032469" lon="114.2930488175"><ele>124.000</ele></trkpt>
      <trkpt lat="22.4848991116" lon="114.2930430127"><ele>124.000</ele></trkpt>
      <trkpt lat="22.4848944067" lon="114.2930379887"><ele>123.000</ele></trkpt>
      <trkpt lat="22.4848882477" lon="114.2930346933"><ele>123.000</ele></trkpt>
      <trkpt lat="22.4848822160" lon="114.2930312589"><ele>123.000</ele></trkpt>
      <trkpt lat="22.4848762124" lon="114.2930277877"><ele>123.000</ele></trkpt>
      <trkpt lat="22.4848705767" lon="114.2930238445"><ele>122.000</ele></trkpt>
      <trkpt lat="22.4848655665" lon="114.2930190079"><ele>122.000</ele></trkpt>
      <trkpt lat="22.4848611981" lon="114.2930133341"><ele>122.000</ele></trkpt>
      <trkpt lat="22.4848575117" lon="114.2930071974"><ele>122.000</ele></trkpt>
      <trkpt lat="22.4848543540" lon="114.2930007462"><ele>122.000</ele></trkpt>
      <trkpt lat="22.4848514853" lon="114.2929940796"><ele>122.000</ele></trkpt>
      <trkpt lat="22.4848487043" lon="114.2929873528"><ele>122.000</ele></trkpt>
      <trkpt lat="22.4848458067" lon="114.2929807221"><ele>122.000</ele></trkpt>
      <trkpt lat="22.4848425937" lon="114.2929743438"><ele>122.000</ele></trkpt>
      <trkpt lat="22.4848388621" lon="114.2929683742"><ele>122.000</ele></trkpt>
      <trkpt lat="22.4848345107" lon="114.2929628938"><ele>122.000</ele></trkpt>
      <trkpt lat="22.4848296895" lon="114.2929577872"><ele>122.000</ele></trkpt>
      <trkpt lat="22.4848245881" lon="114.2929529057"><ele>122.000</ele></trkpt>
      <trkpt lat="22.4848193955" lon="114.2929481048"><ele>122.000</ele></trkpt>
      <trkpt lat="22.4848143004" lon="114.2929432360"><ele>122.000</ele></trkpt>
      <trkpt lat="22.4848094078" lon="114.2929381614"><ele>122.000</ele></trkpt>
      <trkpt lat="22.4848045703" lon="114.2929329799"><ele>122.000</ele></trkpt>
      <trkpt lat="22.4847996334" lon="114.2929279460"><ele>122.000</ele></trkpt>
      <trkpt lat="22.4847944452" lon="114.2929233143"><ele>122.000</ele></trkpt>
      <trkpt lat="22.4847888555" lon="114.2929193332"><ele>122.000</ele></trkpt>
      <trkpt lat="22.4847828635" lon="114.2929160049"><ele>122.000</ele></trkpt>
      <trkpt lat="22.4847766428" lon="114.2929130436"><ele>122.000</ele></trkpt>
      <trkpt lat="22.4847703733" lon="114.2929101475"><ele>122.000</ele></trkpt>
      <trkpt lat="22.4847642376" lon="114.2929070143"><ele>122.000</ele></trkpt>
      <trkpt lat="22.4847582837" lon="114.2929035130"><ele>122.000</ele></trkpt>
      <trkpt lat="22.4847525558" lon="114.2928996028"><ele>122.000</ele></trkpt>
      <trkpt lat="22.4847472076" lon="114.2928951526"><ele>124.000</ele></trkpt>
      <trkpt lat="22.4847419986" lon="114.2928905014"><ele>124.000</ele></trkpt>
      <trkpt lat="22.4847368610" lon="114.2928857472"><ele>124.000</ele></trkpt>
      <trkpt lat="22.4847317560" lon="114.2928809435"><ele>124.000</ele></trkpt>
      <trkpt lat="22.4847266455" lon="114.2928761447"><ele>124.000</ele></trkpt>
      <trkpt lat="22.4847214926" lon="114.2928714070"><ele>124.000</ele></trkpt>
      <trkpt lat="22.4847162601" lon="114.2928667830"><ele>124.000</ele></trkpt>
      <trkpt lat="22.4847109100" lon="114.2928623250"><ele>124.000</ele></trkpt>
      <trkpt lat="22.4847054606" lon="114.2928580098"><ele>124.000</ele></trkpt>
      <trkpt lat="22.4846999415" lon="114.2928537917"><ele>124.000</ele></trkpt>
      <trkpt lat="22.4846943701" lon="114.2928496484"><ele>124.000</ele></trkpt>
      <trkpt lat="22.4846887624" lon="114.2928455576"><ele>124.000</ele></trkpt>
      <trkpt lat="22.4846831331" lon="114.2928414959"><ele>124.000</ele></trkpt>
      <trkpt lat="22.4846774992" lon="114.2928374400"><ele>124.000</ele></trkpt>
      <trkpt lat="22.4846718762" lon="114.2928333685"><ele>124.000</ele></trkpt>
      <trkpt lat="22.4846662803" lon="114.2928292592"><ele>124.000</ele></trkpt>
      <trkpt lat="22.4846607577" lon="114.2928250198"><ele>124.000</ele></trkpt>
      <trkpt lat="22.4846553083" lon="114.2928206327"><ele>124.000</ele></trkpt>
      <trkpt lat="22.4846498209" lon="114.2928163262"><ele>124.000</ele></trkpt>
      <trkpt lat="22.4846441798" lon="114.2928123334"><ele>124.000</ele></trkpt>
      <trkpt lat="22.4846382384" lon="114.2928089556"><ele>124.000</ele></trkpt>
      <trkpt lat="22.4846318828" lon="114.2928064393"><ele>124.000</ele></trkpt>
      <trkpt lat="22.4846254024" lon="114.2928041600"><ele>124.000</ele></trkpt>
      <trkpt lat="22.4846191283" lon="114.2928014038"><ele>124.000</ele></trkpt>
      <trkpt lat="22.4846130504" lon="114.2927982065"><ele>122.000</ele></trkpt>
      <trkpt lat="22.4846070015" lon="114.2927949384"><ele>122.000</ele></trkpt>
      <trkpt lat="22.4846009761" lon="114.2927916120"><ele>122.000</ele></trkpt>
      <trkpt lat="22.4845949706" lon="114.2927882399"><ele>122.000</ele></trkpt>
      <trkpt lat="22.4845889787" lon="114.2927848328"><ele>122.000</ele></trkpt>
      <trkpt lat="22.4845829967" lon="114.2927814053"><ele>122.000</ele></trkpt>
      <trkpt lat="22.4845770201" lon="114.2927779672"><ele>122.000</ele></trkpt>
      <trkpt lat="22.4845710436" lon="114.2927745329"><ele>122.000</ele></trkpt>
      <trkpt lat="22.4845650634" lon="114.2927711074"><ele>122.000</ele></trkpt>
      <trkpt lat="22.4845592380" lon="114.2927671233"><ele>122.000</ele></trkpt>
      <trkpt lat="22.4845534425" lon="114.2927631052"><ele>123.000</ele></trkpt>
      <trkpt lat="22.4845473445" lon="114.2927603423"><ele>123.000</ele></trkpt>
      <trkpt lat="22.4845407537" lon="114.2927595905"><ele>123.000</ele></trkpt>
      <trkpt lat="22.4845338786" lon="114.2927600240"><ele>123.000</ele></trkpt>
      <trkpt lat="22.4845269563" lon="114.2927606421"><ele>123.000</ele></trkpt>
      <trkpt lat="22.4845202252" lon="114.2927604451"><ele>123.000</ele></trkpt>
      <trkpt lat="22.4845139163" lon="114.2927583564"><ele>123.000</ele></trkpt>
      <trkpt lat="22.4845079987" lon="114.2927545655"><ele>124.000</ele></trkpt>
      <trkpt lat="22.4845022384" lon="114.2927505329"><ele>124.000</ele></trkpt>
      <trkpt lat="22.4844965494" lon="114.2927465693"><ele>122.000</ele></trkpt>
      <trkpt lat="22.4844909264" lon="114.2927424774"><ele>122.000</ele></trkpt>
      <trkpt lat="22.4844853341" lon="114.2927383273"><ele>122.000</ele></trkpt>
      <trkpt lat="22.4844797364" lon="114.2927341937"><ele>122.000</ele></trkpt>
      <trkpt lat="22.4844740971" lon="114.2927301476"><ele>122.000</ele></trkpt>
      <trkpt lat="22.4844683801" lon="114.2927262636"><ele>122.000</ele></trkpt>
      <trkpt lat="22.4844625500" lon="114.2927226118"><ele>122.000</ele></trkpt>
      <trkpt lat="22.4844565581" lon="114.2927191358"><ele>122.000</ele></trkpt>
      <trkpt lat="22.4844503855" lon="114.2927158228"><ele>122.000</ele></trkpt>
      <trkpt lat="22.4844440545" lon="114.2927129528"><ele>122.000</ele></trkpt>
      <trkpt lat="22.4844375867" lon="114.2927108096"><ele>122.000</ele></trkpt>
      <trkpt lat="22.4844310062" lon="114.2927096565"><ele>122.000</ele></trkpt>
      <trkpt lat="22.4844243348" lon="114.2927092244"><ele>122.000</ele></trkpt>
      <trkpt lat="22.4844175936" lon="114.2927092401"><ele>122.000</ele></trkpt>
      <trkpt lat="22.4844108025" lon="114.2927095659"><ele>122.000</ele></trkpt>
      <trkpt lat="22.4844039806" lon="114.2927100635"><ele>122.000</ele></trkpt>
      <trkpt lat="22.4843971478" lon="114.2927105952"><ele>122.000</ele></trkpt>
      <trkpt lat="22.4843903241" lon="114.2927110229"><ele>122.000</ele></trkpt>
      <trkpt lat="22.4843835286" lon="114.2927112077"><ele>122.000</ele></trkpt>
      <trkpt lat="22.4843767813" lon="114.2927110136"><ele>122.000</ele></trkpt>
      <trkpt lat="22.4843700794" lon="114.2927102617"><ele>122.000</ele></trkpt>
      <trkpt lat="22.4843634097" lon="114.2927088967"><ele>122.000</ele></trkpt>
      <trkpt lat="22.4843568044" lon="114.2927070507"><ele>122.000</ele></trkpt>
      <trkpt lat="22.4843502941" lon="114.2927048589"><ele>122.000</ele></trkpt>
      <trkpt lat="22.4843439095" lon="114.2927024514"><ele>122.000</ele></trkpt>
      <trkpt lat="22.4843376155" lon="114.2926997866"><ele>120.000</ele></trkpt>
      <trkpt lat="22.4843314020" lon="114.2926968496"><ele>120.000</ele></trkpt>
      <trkpt lat="22.4843252762" lon="114.2926936767"><ele>120.000</ele></trkpt>
      <trkpt lat="22.4843192508" lon="114.2926903036"><ele>120.000</ele></trkpt>
      <trkpt lat="22.4843133340" lon="114.2926867654"><ele>120.000</ele></trkpt>
      <trkpt lat="22.4843075337" lon="114.2926830243"><ele>120.000</ele></trkpt>
      <trkpt lat="22.4843018248" lon="114.2926791044"><ele>120.000</ele></trkpt>
      <trkpt lat="22.4842961747" lon="114.2926750718"><ele>120.000</ele></trkpt>
      <trkpt lat="22.4842905471" lon="114.2926709945"><ele>120.000</ele></trkpt>
      <trkpt lat="22.4842849088" lon="114.2926669377"><ele>120.000</ele></trkpt>
      <trkpt lat="22.4842792252" lon="114.2926629702"><ele>120.000</ele></trkpt>
      <trkpt lat="22.4842734611" lon="114.2926591581"><ele>120.000</ele></trkpt>
      <trkpt lat="22.4842674565" lon="114.2926557443"><ele>120.000</ele></trkpt>
      <trkpt lat="22.4842611715" lon="114.2926530026"><ele>120.000</ele></trkpt>
      <trkpt lat="22.4842547209" lon="114.2926508322"><ele>120.000</ele></trkpt>
      <trkpt lat="22.4842481924" lon="114.2926488707"><ele>120.000</ele></trkpt>
      <trkpt lat="22.4842416105" lon="114.2926470947"><ele>120.000</ele></trkpt>
      <trkpt lat="22.4842349960" lon="114.2926454829"><ele>120.000</ele></trkpt>
      <trkpt lat="22.4842283434" lon="114.2926441150"><ele>120.000</ele></trkpt>
      <trkpt lat="22.4842215857" lon="114.2926432105"><ele>120.000</ele></trkpt>
      <trkpt lat="22.4842148026" lon="114.2926424343"><ele>120.000</ele></trkpt>
      <trkpt lat="22.4842080884" lon="114.2926414045"><ele>120.000</ele></trkpt>
      <trkpt lat="22.4842015371" lon="114.2926397364"><ele>120.000</ele></trkpt>
      <trkpt lat="22.4841951462" lon="114.2926374125"><ele>118.000</ele></trkpt>
      <trkpt lat="22.4841887589" lon="114.2926350235"><ele>118.000</ele></trkpt>
      <trkpt lat="22.4841823743" lon="114.2926325888"><ele>118.000</ele></trkpt>
      <trkpt lat="22.4841759952" lon="114.2926301075"><ele>118.000</ele></trkpt>
      <trkpt lat="22.4841696243" lon="114.2926275776"><ele>118.000</ele></trkpt>
      <trkpt lat="22.4841632669" lon="114.2926249972"><ele>118.000</ele></trkpt>
      <trkpt lat="22.4841569250" lon="114.2926223644"><ele>118.000</ele></trkpt>
      <trkpt lat="22.4841506038" lon="114.2926196771"><ele>118.000</ele></trkpt>
      <trkpt lat="22.4841443044" lon="114.2926169335"><ele>118.000</ele></trkpt>
      <trkpt lat="22.4841380330" lon="114.2926141316"><ele>118.000</ele></trkpt>
      <trkpt lat="22.4841317914" lon="114.2926112705"><ele>118.000</ele></trkpt>
      <trkpt lat="22.4841255833" lon="114.2926083472"><ele>118.000</ele></trkpt>
      <trkpt lat="22.4841194132" lon="114.2926053598"><ele>118.000</ele></trkpt>
      <trkpt lat="22.4841132837" lon="114.2926023073"><ele>117.000</ele></trkpt>
      <trkpt lat="22.4841071995" lon="114.2925991878"><ele>117.000</ele></trkpt>
      <trkpt lat="22.4841012689" lon="114.2925957653"><ele>116.000</ele></trkpt>
      <trkpt lat="22.4840955917" lon="114.2925918280"><ele>116.000</ele></trkpt>
      <trkpt lat="22.4840901052" lon="114.2925875147"><ele>116.000</ele></trkpt>
      <trkpt lat="22.4840847471" lon="114.2925829683"><ele>116.000</ele></trkpt>
      <trkpt lat="22.4840794541" lon="114.2925783287"><ele>116.000</ele></trkpt>
      <trkpt lat="22.4840741629" lon="114.2925737397"><ele>116.000</ele></trkpt>
      <trkpt lat="22.4840690570" lon="114.2925688340"><ele>116.000</ele></trkpt>
      <trkpt lat="22.4840642495" lon="114.2925634067"><ele>116.000</ele></trkpt>
      <trkpt lat="22.4840593506" lon="114.2925582825"><ele>116.000</ele></trkpt>
      <trkpt lat="22.4840539695" lon="114.2925542930"><ele>116.000</ele></trkpt>
      <trkpt lat="22.4840476458" lon="114.2925526144"><ele>116.000</ele></trkpt>
      <trkpt lat="22.4840406663" lon="114.2925525192"><ele>116.000</ele></trkpt>
      <trkpt lat="22.4840337874" lon="114.2925519119"><ele>116.000</ele></trkpt>
      <trkpt lat="22.4840270842" lon="114.2925505061"><ele>116.000</ele></trkpt>
      <trkpt lat="22.4840203622" lon="114.2925489564"><ele>116.000</ele></trkpt>
      <trkpt lat="22.4840138039" lon="114.2925470007"><ele>118.000</ele></trkpt>
      <trkpt lat="22.4840075947" lon="114.2925443738"><ele>118.000</ele></trkpt>
      <trkpt lat="22.4840020103" lon="114.2925405104"><ele>118.000</ele></trkpt>
      <trkpt lat="22.4839969994" lon="114.2925354804"><ele>118.000</ele></trkpt>
      <trkpt lat="22.4839921629" lon="114.2925301998"><ele>118.000</ele></trkpt>
      <trkpt lat="22.4839872675" lon="114.2925251602"><ele>118.000</ele></trkpt>
      <trkpt lat="22.4839824047" lon="114.2925200856"><ele>118.000</ele></trkpt>
      <trkpt lat="22.4839775680" lon="114.2925149790"><ele>118.000</ele></trkpt>
      <trkpt lat="22.4839727495" lon="114.2925098491"><ele>118.000</ele></trkpt>
      <trkpt lat="22.4839679427" lon="114.2925047075"><ele>120.000</ele></trkpt>
      <trkpt lat="22.4839631377" lon="114.2924995610"><ele>120.000</ele></trkpt>
      <trkpt lat="22.4839583291" lon="114.2924944224"><ele>120.000</ele></trkpt>
      <trkpt lat="22.4839535078" lon="114.2924892983"><ele>120.000</ele></trkpt>
      <trkpt lat="22.4839486657" lon="114.2924842004"><ele>120.000</ele></trkpt>
      <trkpt lat="22.4839437957" lon="114.2924791375"><ele>120.000</ele></trkpt>
      <trkpt lat="22.4839388903" lon="114.2924741183"><ele>120.000</ele></trkpt>
      <trkpt lat="22.4839339407" lon="114.2924691534"><ele>120.000</ele></trkpt>
      <trkpt lat="22.4839289405" lon="114.2924642527"><ele>120.000</ele></trkpt>
      <trkpt lat="22.4839237929" lon="114.2924595335"><ele>119.000</ele></trkpt>
      <trkpt lat="22.4839184104" lon="114.2924551018"><ele>118.000</ele></trkpt>
      <trkpt lat="22.4839128932" lon="114.2924508391"><ele>118.000</ele></trkpt>
      <trkpt lat="22.4839073407" lon="114.2924466210"><ele>118.000</ele></trkpt>
      <trkpt lat="22.4839018542" lon="114.2924423262"><ele>118.000</ele></trkpt>
      <trkpt lat="22.4838965340" lon="114.2924378314"><ele>118.000</ele></trkpt>
      <trkpt lat="22.4838914849" lon="114.2924330113"><ele>118.000</ele></trkpt>
      <trkpt lat="22.4838867757" lon="114.2924277639"><ele>118.000</ele></trkpt>
      <trkpt lat="22.4838823043" lon="114.2924222193"><ele>118.000</ele></trkpt>
      <trkpt lat="22.4838779376" lon="114.2924165505"><ele>116.000</ele></trkpt>
      <trkpt lat="22.4838735420" lon="114.2924109302"><ele>116.000</ele></trkpt>
      <trkpt lat="22.4838689837" lon="114.2924055313"><ele>116.000</ele></trkpt>
      <trkpt lat="22.4838641299" lon="114.2924005286"><ele>116.000</ele></trkpt>
      <trkpt lat="22.4838588665" lon="114.2923960679"><ele>116.000</ele></trkpt>
      <trkpt lat="22.4838533429" lon="114.2923919587"><ele>116.000</ele></trkpt>
      <trkpt lat="22.4838476466" lon="114.2923880864"><ele>116.000</ele></trkpt>
      <trkpt lat="22.4838418147" lon="114.2923843997"><ele>116.000</ele></trkpt>
      <trkpt lat="22.4838358833" lon="114.2923808469"><ele>116.000</ele></trkpt>
      <trkpt lat="22.4838298887" lon="114.2923773767"><ele>114.000</ele></trkpt>
      <trkpt lat="22.4838238670" lon="114.2923739396"><ele>114.000</ele></trkpt>
      <trkpt lat="22.4838178571" lon="114.2923704820"><ele>114.000</ele></trkpt>
      <trkpt lat="22.4838118932" lon="114.2923669545"><ele>114.000</ele></trkpt>
      <trkpt lat="22.4838060125" lon="114.2923633056"><ele>114.000</ele></trkpt>
      <trkpt lat="22.4838002729" lon="114.2923594061"><ele>114.000</ele></trkpt>
      <trkpt lat="22.4837947196" lon="114.2923550753"><ele>114.000</ele></trkpt>
      <trkpt lat="22.4837892305" lon="114.2923506290"><ele>112.000</ele></trkpt>
      <trkpt lat="22.4837836717" lon="114.2923464216"><ele>112.000</ele></trkpt>
      <trkpt lat="22.4837779084" lon="114.2923428088"><ele>112.000</ele></trkpt>
      <trkpt lat="22.4837717034" lon="114.2923405161"><ele>112.000</ele></trkpt>
      <trkpt lat="22.4837648758" lon="114.2923401558"><ele>112.000</ele></trkpt>
      <trkpt lat="22.4837579623" lon="114.2923398420"><ele>112.000</ele></trkpt>
      <trkpt lat="22.4837513432" lon="114.2923383002"><ele>112.000</ele></trkpt>
      <trkpt lat="22.4837447522" lon="114.2923366457"><ele>112.000</ele></trkpt>
      <trkpt lat="22.4837381621" lon="114.2923349795"><ele>112.000</ele></trkpt>
      <trkpt lat="22.4837315748" lon="114.2923333036"><ele>112.000</ele></trkpt>
      <trkpt lat="22.4837249883" lon="114.2923316171"><ele>112.000</ele></trkpt>
      <trkpt lat="22.4837184027" lon="114.2923299208"><ele>112.000</ele></trkpt>
      <trkpt lat="22.4837118199" lon="114.2923282158"><ele>112.000</ele></trkpt>
      <trkpt lat="22.4837052371" lon="114.2923265030"><ele>112.000</ele></trkpt>
      <trkpt lat="22.4836986560" lon="114.2923247824"><ele>112.000</ele></trkpt>
      <trkpt lat="22.4836920768" lon="114.2923230540"><ele>112.000</ele></trkpt>
      <trkpt lat="22.4836854976" lon="114.2923213199"><ele>112.000</ele></trkpt>
      <trkpt lat="22.4836789202" lon="114.2923195789"><ele>112.000</ele></trkpt>
      <trkpt lat="22.4836723428" lon="114.2923178331"><ele>112.000</ele></trkpt>
      <trkpt lat="22.4836657672" lon="114.2923160824"><ele>112.000</ele></trkpt>
      <trkpt lat="22.4836591916" lon="114.2923143278"><ele>112.000</ele></trkpt>
      <trkpt lat="22.4836526170" lon="114.2923125693"><ele>110.000</ele></trkpt>
      <trkpt lat="22.4836460432" lon="114.2923108079"><ele>111.000</ele></trkpt>
      <trkpt lat="22.4836394694" lon="114.2923090436"><ele>111.000</ele></trkpt>
      <trkpt lat="22.4836328966" lon="114.2923072784"><ele>111.000</ele></trkpt>
      <trkpt lat="22.4836263237" lon="114.2923055112"><ele>111.000</ele></trkpt>
      <trkpt lat="22.4836197517" lon="114.2923037430"><ele>111.000</ele></trkpt>
      <trkpt lat="22.4836131789" lon="114.2923019748"><ele>111.000</ele></trkpt>
      <trkpt lat="22.4836066069" lon="114.2923002076"><ele>110.000</ele></trkpt>
      <trkpt lat="22.4836000349" lon="114.2922984414"><ele>110.000</ele></trkpt>
      <trkpt lat="22.4835934621" lon="114.2922966771"><ele>110.000</ele></trkpt>
      <trkpt lat="22.4835868901" lon="114.2922949147"><ele>110.000</ele></trkpt>
      <trkpt lat="22.4835803172" lon="114.2922931543"><ele>110.000</ele></trkpt>
      <trkpt lat="22.4835737534" lon="114.2922913521"><ele>110.000</ele></trkpt>
      <trkpt lat="22.4835672259" lon="114.2922893566"><ele>110.000</ele></trkpt>
      <trkpt lat="22.4835607128" lon="114.2922873057"><ele>109.000</ele></trkpt>
      <trkpt lat="22.4835541825" lon="114.2922853655"><ele>109.000</ele></trkpt>
      <trkpt lat="22.4835476051" lon="114.2922837033"><ele>109.000</ele></trkpt>
      <trkpt lat="22.4835409396" lon="114.2922825608"><ele>109.000</ele></trkpt>
      <trkpt lat="22.4835341863" lon="114.2922819518"><ele>109.000</ele></trkpt>
      <trkpt lat="22.4835274047" lon="114.2922815069"><ele>109.000</ele></trkpt>
      <trkpt lat="22.4835206513" lon="114.2922808930"><ele>109.000</ele></trkpt>
      <trkpt lat="22.4835139034" lon="114.2922802393"><ele>108.000</ele></trkpt>
      <trkpt lat="22.4835071518" lon="114.2922796050"><ele>108.000</ele></trkpt>
      <trkpt lat="22.4835003975" lon="114.2922789843"><ele>108.000</ele></trkpt>
      <trkpt lat="22.4834936423" lon="114.2922783694"><ele>108.000</ele></trkpt>
      <trkpt lat="22.4834868871" lon="114.2922777535"><ele>108.000</ele></trkpt>
      <trkpt lat="22.4834801328" lon="114.2922771309"><ele>108.000</ele></trkpt>
      <trkpt lat="22.4834733813" lon="114.2922764946"><ele>108.000</ele></trkpt>
      <trkpt lat="22.4834666342" lon="114.2922758370"><ele>108.000</ele></trkpt>
      <trkpt lat="22.4834598917" lon="114.2922751522"><ele>108.000</ele></trkpt>
      <trkpt lat="22.4834531555" lon="114.2922744333"><ele>108.000</ele></trkpt>
      <trkpt lat="22.4834464266" lon="114.2922736737"><ele>108.000</ele></trkpt>
      <trkpt lat="22.4834397068" lon="114.2922728664"><ele>108.000</ele></trkpt>
      <trkpt lat="22.4834329834" lon="114.2922720018"><ele>108.000</ele></trkpt>
      <trkpt lat="22.4834260969" lon="114.2922706124"><ele>110.000</ele></trkpt>
      <trkpt lat="22.4834202304" lon="114.2922672550"><ele>110.000</ele></trkpt>
      <trkpt lat="22.4834153241" lon="114.2922624224"><ele>108.000</ele></trkpt>
      <trkpt lat="22.4834150488" lon="114.2922621180"><ele>108.000</ele></trkpt>
      <trkpt lat="22.4834106121" lon="114.2922572081"><ele>108.000</ele></trkpt>
      <trkpt lat="22.4834060792" lon="114.2922517062"><ele>108.000</ele></trkpt>
      <trkpt lat="22.4834017089" lon="114.2922460112"><ele>108.000</ele></trkpt>
      <trkpt lat="22.4833974841" lon="114.2922402171"><ele>108.000</ele></trkpt>
      <trkpt lat="22.4833934021" lon="114.2922343988"><ele>108.000</ele></trkpt>
      <trkpt lat="22.4833895802" lon="114.2922283904"><ele>108.000</ele></trkpt>
      <trkpt lat="22.4833859661" lon="114.2922222081"><ele>108.000</ele></trkpt>
      <trkpt lat="22.4833824524" lon="114.2922159453"><ele>110.000</ele></trkpt>
      <trkpt lat="22.4833789305" lon="114.2922096951"><ele>109.000</ele></trkpt>
      <trkpt lat="22.4833752911" lon="114.2922035526"><ele>109.000</ele></trkpt>
      <trkpt lat="22.4833714168" lon="114.2921976053"><ele>109.000</ele></trkpt>
      <trkpt lat="22.4833665442" lon="114.2921922227"><ele>109.000</ele></trkpt>
      <trkpt lat="22.4833603736" lon="114.2921899593"><ele>109.000</ele></trkpt>
      <trkpt lat="22.4833532239" lon="114.2921903314"><ele>109.000</ele></trkpt>
      <trkpt lat="22.4833470067" lon="114.2921887481"><ele>109.000</ele></trkpt>
      <trkpt lat="22.4833422568" lon="114.2921835483"><ele>109.000</ele></trkpt>
      <trkpt lat="22.4833386846" lon="114.2921770046"><ele>110.000</ele></trkpt>
      <trkpt lat="22.4833358872" lon="114.2921704276"><ele>110.000</ele></trkpt>
      <trkpt lat="22.4833333834" lon="114.2921636681"><ele>110.000</ele></trkpt>
      <trkpt lat="22.4833310431" lon="114.2921568057"><ele>110.000</ele></trkpt>
      <trkpt lat="22.4833287362" lon="114.2921499151"><ele>110.000</ele></trkpt>
      <trkpt lat="22.4833263336" lon="114.2921430750"><ele>110.000</ele></trkpt>
      <trkpt lat="22.4833237729" lon="114.2921363233"><ele>110.000</ele></trkpt>
      <trkpt lat="22.4833212537" lon="114.2921295414"><ele>110.000</ele></trkpt>
      <trkpt lat="22.4833187680" lon="114.2921227362"><ele>110.000</ele></trkpt>
      <trkpt lat="22.4833162742" lon="114.2921159310"><ele>110.000</ele></trkpt>
      <trkpt lat="22.4833137316" lon="114.2921091540"><ele>110.000</ele></trkpt>
      <trkpt lat="22.4833110995" lon="114.2921024294"><ele>110.000</ele></trkpt>
      <trkpt lat="22.4833083364" lon="114.2920957814"><ele>110.000</ele></trkpt>
      <trkpt lat="22.4833054008" lon="114.2920892382"><ele>110.000</ele></trkpt>
      <trkpt lat="22.4833022520" lon="114.2920828222"><ele>110.000</ele></trkpt>
      <trkpt lat="22.4832988764" lon="114.2920765381"><ele>110.000</ele></trkpt>
      <trkpt lat="22.4832953039" lon="114.2920703627"><ele>110.000</ele></trkpt>
      <trkpt lat="22.4832915696" lon="114.2920642823"><ele>111.000</ele></trkpt>
      <trkpt lat="22.4832877035" lon="114.2920582806"><ele>111.000</ele></trkpt>
      <trkpt lat="22.4832837398" lon="114.2920523420"><ele>111.000</ele></trkpt>
      <trkpt lat="22.4832797092" lon="114.2920464509"><ele>111.000</ele></trkpt>
      <trkpt lat="22.4832756443" lon="114.2920405929"><ele>111.000</ele></trkpt>
      <trkpt lat="22.4832715785" lon="114.2920347523"><ele>111.000</ele></trkpt>
      <trkpt lat="22.4832675244" lon="114.2920289147"><ele>111.000</ele></trkpt>
      <trkpt lat="22.4832634296" lon="114.2920230886"><ele>111.000</ele></trkpt>
      <trkpt lat="22.4832592707" lon="114.2920173063"><ele>111.000</ele></trkpt>
      <trkpt lat="22.4832550260" lon="114.2920115997"><ele>111.000</ele></trkpt>
      <trkpt lat="22.4832506765" lon="114.2920059999"><ele>111.000</ele></trkpt>
      <trkpt lat="22.4832461995" lon="114.2920005408"><ele>114.000</ele></trkpt>
      <trkpt lat="22.4832415743" lon="114.2919952518"><ele>114.000</ele></trkpt>
      <trkpt lat="22.4832367846" lon="114.2919900665"><ele>114.000</ele></trkpt>
      <trkpt lat="22.4832318071" lon="114.2919849773"><ele>114.000</ele></trkpt>
      <trkpt lat="22.4832266081" lon="114.2919801591"><ele>114.000</ele></trkpt>
      <trkpt lat="22.4832211542" lon="114.2919757915"><ele>114.000</ele></trkpt>
      <trkpt lat="22.4832154090" lon="114.2919720484"><ele>114.000</ele></trkpt>
      <trkpt lat="22.4832093608" lon="114.2919690077"><ele>114.000</ele></trkpt>
      <trkpt lat="22.4832030702" lon="114.2919664654"><ele>115.000</ele></trkpt>
      <trkpt lat="22.4831966069" lon="114.2919642697"><ele>115.000</ele></trkpt>
      <trkpt lat="22.4831900406" lon="114.2919622752"><ele>115.000</ele></trkpt>
      <trkpt lat="22.4831834407" lon="114.2919603330"><ele>115.000</ele></trkpt>
      <trkpt lat="22.4831768753" lon="114.2919582967"><ele>115.000</ele></trkpt>
      <trkpt lat="22.4831704138" lon="114.2919560185"><ele>115.000</ele></trkpt>
      <trkpt lat="22.4831641261" lon="114.2919533517"><ele>115.000</ele></trkpt>
      <trkpt lat="22.4831579062" lon="114.2919504236"><ele>116.000</ele></trkpt>
      <trkpt lat="22.4831516774" lon="114.2919473779"><ele>116.000</ele></trkpt>
      <trkpt lat="22.4831455047" lon="114.2919441660"><ele>116.000</ele></trkpt>
      <trkpt lat="22.4831394523" lon="114.2919407357"><ele>116.000</ele></trkpt>
      <trkpt lat="22.4831335843" lon="114.2919370382"><ele>116.000</ele></trkpt>
      <trkpt lat="22.4831279657" lon="114.2919330232"><ele>116.000</ele></trkpt>
      <trkpt lat="22.4831226599" lon="114.2919286402"><ele>116.000</ele></trkpt>
      <trkpt lat="22.4831177011" lon="114.2919238280"><ele>116.000</ele></trkpt>
      <trkpt lat="22.4831130343" lon="114.2919186263"><ele>116.000</ele></trkpt>
      <trkpt lat="22.4831085889" lon="114.2919131314"><ele>116.000</ele></trkpt>
      <trkpt lat="22.4831042927" lon="114.2919074354"><ele>116.000</ele></trkpt>
      <trkpt lat="22.4831000770" lon="114.2919016356"><ele>116.000</ele></trkpt>
      <trkpt lat="22.4830958684" lon="114.2918958250"><ele>116.000</ele></trkpt>
      <trkpt lat="22.4830915984" lon="114.2918900990"><ele>116.000</ele></trkpt>
      <trkpt lat="22.4830871946" lon="114.2918845438"><ele>116.000</ele></trkpt>
      <trkpt lat="22.4830826400" lon="114.2918791226"><ele>116.000</ele></trkpt>
      <trkpt lat="22.4830780239" lon="114.2918737432"><ele>116.000</ele></trkpt>
      <trkpt lat="22.4830734520" lon="114.2918683327"><ele>116.000</ele></trkpt>
      <trkpt lat="22.4830690265" lon="114.2918628135"><ele>116.000</ele></trkpt>
      <trkpt lat="22.4830648513" lon="114.2918571108"><ele>118.000</ele></trkpt>
      <trkpt lat="22.4830610267" lon="114.2918511500"><ele>118.000</ele></trkpt>
      <trkpt lat="22.4830575590" lon="114.2918449203"><ele>118.000</ele></trkpt>
      <trkpt lat="22.4830543587" lon="114.2918384915"><ele>118.000</ele></trkpt>
      <trkpt lat="22.4830513291" lon="114.2918319415"><ele>118.000</ele></trkpt>
      <trkpt lat="22.4830483764" lon="114.2918253439"><ele>117.000</ele></trkpt>
      <trkpt lat="22.4830454055" lon="114.2918187755"><ele>117.000</ele></trkpt>
      <trkpt lat="22.4830425575" lon="114.2918121488"><ele>117.000</ele></trkpt>
      <trkpt lat="22.4830399526" lon="114.2918053766"><ele>117.000</ele></trkpt>
      <trkpt lat="22.4830373043" lon="114.2917986413"><ele>117.000</ele></trkpt>
      <trkpt lat="22.4830343253" lon="114.2917921253"><ele>117.000</ele></trkpt>
      <trkpt lat="22.4830308123" lon="114.2917859286"><ele>117.000</ele></trkpt>
      <trkpt lat="22.4830270375" lon="114.2917797676"><ele>117.000</ele></trkpt>
      <trkpt lat="22.4830230007" lon="114.2917737638"><ele>118.000</ele></trkpt>
      <trkpt lat="22.4830186412" lon="114.2917681077"><ele>118.000</ele></trkpt>
      <trkpt lat="22.4830138985" lon="114.2917629876"><ele>118.000</ele></trkpt>
      <trkpt lat="22.4830086821" lon="114.2917585706"><ele>118.000</ele></trkpt>
      <trkpt lat="22.4830029216" lon="114.2917548024"><ele>118.000</ele></trkpt>
      <trkpt lat="22.4829967778" lon="114.2917515439"><ele>118.000</ele></trkpt>
      <trkpt lat="22.4829904306" lon="114.2917486575"><ele>118.000</ele></trkpt>
      <trkpt lat="22.4829840588" lon="114.2917460082"><ele>118.000</ele></trkpt>
      <trkpt lat="22.4829776860" lon="114.2917436105"><ele>118.000</ele></trkpt>
      <trkpt lat="22.4829711340" lon="114.2917416713"><ele>118.000</ele></trkpt>
      <trkpt lat="22.4829644734" lon="114.2917401344"><ele>118.000</ele></trkpt>
      <trkpt lat="22.4829577827" lon="114.2917389385"><ele>118.000</ele></trkpt>
      <trkpt lat="22.4829510356" lon="114.2917383489"><ele>118.000</ele></trkpt>
      <trkpt lat="22.4829441869" lon="114.2917384239"><ele>118.000</ele></trkpt>
      <trkpt lat="22.4829373734" lon="114.2917384271"><ele>118.000</ele></trkpt>
      <trkpt lat="22.4829307358" lon="114.2917376141"><ele>120.000</ele></trkpt>
      <trkpt lat="22.4829245773" lon="114.2917347103"><ele>120.000</ele></trkpt>
      <trkpt lat="22.4829185792" lon="114.2917310439"><ele>120.000</ele></trkpt>
      <trkpt lat="22.4829121248" lon="114.2917290776"><ele>120.000</ele></trkpt>
      <trkpt lat="22.4829054666" lon="114.2917278710"><ele>117.000</ele></trkpt>
      <trkpt lat="22.4828987306" lon="114.2917269433"><ele>117.000</ele></trkpt>
      <trkpt lat="22.4828919611" lon="114.2917261380"><ele>117.000</ele></trkpt>
      <trkpt lat="22.4828852006" lon="114.2917252948"><ele>117.000</ele></trkpt>
      <trkpt lat="22.4828784909" lon="114.2917242563"><ele>117.000</ele></trkpt>
      <trkpt lat="22.4828718807" lon="114.2917228477"><ele>117.000</ele></trkpt>
      <trkpt lat="22.4828655495" lon="114.2917203052"><ele>117.000</ele></trkpt>
      <trkpt lat="22.4828594482" lon="114.2917170022"><ele>117.000</ele></trkpt>
      <trkpt lat="22.4828533966" lon="114.2917137215"><ele>117.000</ele></trkpt>
      <trkpt lat="22.4828473305" lon="114.2917104680"><ele>117.000</ele></trkpt>
      <trkpt lat="22.4828412517" lon="114.2917072300"><ele>117.000</ele></trkpt>
      <trkpt lat="22.4828351639" lon="114.2917040056"><ele>117.000</ele></trkpt>
      <trkpt lat="22.4828290671" lon="114.2917007919"><ele>117.000</ele></trkpt>
      <trkpt lat="22.4828229657" lon="114.2916975851"><ele>117.000</ele></trkpt>
      <trkpt lat="22.4828168598" lon="114.2916943820"><ele>117.000</ele></trkpt>
      <trkpt lat="22.4828107539" lon="114.2916911790"><ele>117.000</ele></trkpt>
      <trkpt lat="22.4828046481" lon="114.2916879731"><ele>117.000</ele></trkpt>
      <trkpt lat="22.4827985458" lon="114.2916847614"><ele>117.000</ele></trkpt>
      <trkpt lat="22.4827924499" lon="114.2916815399"><ele>118.000</ele></trkpt>
      <trkpt lat="22.4827863612" lon="114.2916783068"><ele>116.000</ele></trkpt>
      <trkpt lat="22.4827802824" lon="114.2916750582"><ele>116.000</ele></trkpt>
      <trkpt lat="22.4827742154" lon="114.2916717901"><ele>116.000</ele></trkpt>
      <trkpt lat="22.4827681638" lon="114.2916684997"><ele>116.000</ele></trkpt>
      <trkpt lat="22.4827621284" lon="114.2916651840"><ele>116.000</ele></trkpt>
      <trkpt lat="22.4827561120" lon="114.2916618402"><ele>116.000</ele></trkpt>
      <trkpt lat="22.4827501173" lon="114.2916584643"><ele>118.000</ele></trkpt>
      <trkpt lat="22.4827441462" lon="114.2916550525"><ele>118.000</ele></trkpt>
      <trkpt lat="22.4827382003" lon="114.2916516038"><ele>118.000</ele></trkpt>
      <trkpt lat="22.4827322824" lon="114.2916481123"><ele>118.000</ele></trkpt>
      <trkpt lat="22.4827263944" lon="114.2916445772"><ele>118.000</ele></trkpt>
      <trkpt lat="22.4827205390" lon="114.2916409935"><ele>118.000</ele></trkpt>
      <trkpt lat="22.4827147187" lon="114.2916373583"><ele>118.000</ele></trkpt>
      <trkpt lat="22.4827091724" lon="114.2916333181"><ele>118.000</ele></trkpt>
      <trkpt lat="22.4827041514" lon="114.2916284991"><ele>120.000</ele></trkpt>
      <trkpt lat="22.4826994611" lon="114.2916231827"><ele>120.000</ele></trkpt>
      <trkpt lat="22.4826949038" lon="114.2916176567"><ele>120.000</ele></trkpt>
      <trkpt lat="22.4826902823" lon="114.2916122063"><ele>120.000</ele></trkpt>
      <trkpt lat="22.4826853987" lon="114.2916071211"><ele>120.000</ele></trkpt>
      <trkpt lat="22.4826802511" lon="114.2916023855"><ele>120.000</ele></trkpt>
      <trkpt lat="22.4826750258" lon="114.2915977256"><ele>120.000</ele></trkpt>
      <trkpt lat="22.4826697120" lon="114.2915931736"><ele>120.000</ele></trkpt>
      <trkpt lat="22.4826643014" lon="114.2915887662"><ele>120.000</ele></trkpt>
      <trkpt lat="22.4826587841" lon="114.2915845395"><ele>120.000</ele></trkpt>
      <trkpt lat="22.4826531484" lon="114.2915805313"><ele>120.000</ele></trkpt>
      <trkpt lat="22.4826472803" lon="114.2915769107"><ele>120.000</ele></trkpt>
      <trkpt lat="22.4826412061" lon="114.2915736251"><ele>120.000</ele></trkpt>
      <trkpt lat="22.4826350478" lon="114.2915704813"><ele>120.000</ele></trkpt>
      <trkpt lat="22.4826289311" lon="114.2915672832"><ele>120.000</ele></trkpt>
      <trkpt lat="22.4826229798" lon="114.2915638355"><ele>120.000</ele></trkpt>
      <trkpt lat="22.4826173223" lon="114.2915599361"><ele>120.000</ele></trkpt>
      <trkpt lat="22.4826121232" lon="114.2915553268"><ele>120.000</ele></trkpt>
      <trkpt lat="22.4826072730" lon="114.2915501940"><ele>120.000</ele></trkpt>
      <trkpt lat="22.4826025746" lon="114.2915448631"><ele>120.000</ele></trkpt>
      <trkpt lat="22.4825978410" lon="114.2915396303"><ele>120.000</ele></trkpt>
      <trkpt lat="22.4825930242" lon="114.2915344830"><ele>120.000</ele></trkpt>
      <trkpt lat="22.4825881632" lon="114.2915293648"><ele>122.000</ele></trkpt>
      <trkpt lat="22.4825832958" lon="114.2915242475"><ele>122.000</ele></trkpt>
      <trkpt lat="22.4825784592" lon="114.2915191012"><ele>122.000</ele></trkpt>
      <trkpt lat="22.4825736913" lon="114.2915138966"><ele>122.000</ele></trkpt>
      <trkpt lat="22.4825690299" lon="114.2915086046"><ele>120.000</ele></trkpt>
      <trkpt lat="22.4825645113" lon="114.2915031971"><ele>120.000</ele></trkpt>
      <trkpt lat="22.4825601744" lon="114.2914976449"><ele>120.000</ele></trkpt>
      <trkpt lat="22.4825560588" lon="114.2914919151"><ele>120.000</ele></trkpt>
      <trkpt lat="22.4825522170" lon="114.2914859650"><ele>120.000</ele></trkpt>
      <trkpt lat="22.4825486128" lon="114.2914798236"><ele>120.000</ele></trkpt>
      <trkpt lat="22.4825451893" lon="114.2914735337"><ele>120.000</ele></trkpt>
      <trkpt lat="22.4825418905" lon="114.2914671428"><ele>120.000</ele></trkpt>
      <trkpt lat="22.4825386604" lon="114.2914606966"><ele>120.000</ele></trkpt>
      <trkpt lat="22.4825354439" lon="114.2914542398"><ele>120.000</ele></trkpt>
      <trkpt lat="22.4825321830" lon="114.2914478188"><ele>120.000</ele></trkpt>
      <trkpt lat="22.4825288228" lon="114.2914414775"><ele>120.000</ele></trkpt>
      <trkpt lat="22.4825217862" lon="114.2914276809"><ele>120.000</ele></trkpt>
      <trkpt lat="22.4825072122" lon="114.2914008103"><ele>120.000</ele></trkpt>
      <trkpt lat="22.4824813948" lon="114.2913606674"><ele>120.000</ele></trkpt>
      <trkpt lat="22.4824464722" lon="114.2912999348"><ele>120.000</ele></trkpt>
      <trkpt lat="22.4824212645" lon="114.2912531749"><ele>120.000</ele></trkpt>
      <trkpt lat="22.4823977827" lon="114.2912049579"><ele>120.000</ele></trkpt>
      <trkpt lat="22.4823853322" lon="114.2911759912"><ele>121.000</ele></trkpt>
      <trkpt lat="22.4823830302" lon="114.2911685517"><ele>121.000</ele></trkpt>
      <trkpt lat="22.4823331720" lon="114.2911348802"><ele>121.000</ele></trkpt>
      <trkpt lat="22.4823090542" lon="114.2911162285"><ele>121.000</ele></trkpt>
      <trkpt lat="22.4822930841" lon="114.2911006124"><ele>121.000</ele></trkpt>
      <trkpt lat="22.4822575130" lon="114.2910603712"><ele>120.000</ele></trkpt>
      <trkpt lat="22.4822192419" lon="114.2910224396"><ele>121.000</ele></trkpt>
      <trkpt lat="22.4821941986" lon="114.2909997885"><ele>122.000</ele></trkpt>
      <trkpt lat="22.4821722697" lon="114.2909838099"><ele>122.000</ele></trkpt>
      <trkpt lat="22.4821696697" lon="114.2909826553"><ele>122.000</ele></trkpt>
      <trkpt lat="22.4821674941" lon="114.2909816886"><ele>122.000</ele></trkpt>
      <trkpt lat="22.4821596386" lon="114.2909803470"><ele>124.000</ele></trkpt>
      <trkpt lat="22.4821371372" lon="114.2909807658"><ele>124.000</ele></trkpt>
      <trkpt lat="22.4821019852" lon="114.2909773117"><ele>126.000</ele></trkpt>
      <trkpt lat="22.4820702296" lon="114.2909700502"><ele>126.000</ele></trkpt>
      <trkpt lat="22.4820444478" lon="114.2909610221"><ele>126.000</ele></trkpt>
      <trkpt lat="22.4820277815" lon="114.2909506159"><ele>126.000</ele></trkpt>
      <trkpt lat="22.4820203181" lon="114.2909476343"><ele>125.000</ele></trkpt>
      <trkpt lat="22.4819989093" lon="114.2909457890"><ele>125.000</ele></trkpt>
      <trkpt lat="22.4819497777" lon="114.2909455816"><ele>126.000</ele></trkpt>
      <trkpt lat="22.4819364093" lon="114.2909440712"><ele>126.000</ele></trkpt>
      <trkpt lat="22.4819259304" lon="114.2909415838"><ele>126.000</ele></trkpt>
      <trkpt lat="22.4819005671" lon="114.2909308128"><ele>126.000</ele></trkpt>
      <trkpt lat="22.4818786034" lon="114.2909192255"><ele>126.000</ele></trkpt>
      <trkpt lat="22.4818620759" lon="114.2909090302"><ele>126.000</ele></trkpt>
      <trkpt lat="22.4818509727" lon="114.2909006711"><ele>126.000</ele></trkpt>
      <trkpt lat="22.4818343564" lon="114.2908857794"><ele>128.000</ele></trkpt>
      <trkpt lat="22.4818256346" lon="114.2908771599"><ele>128.000</ele></trkpt>
      <trkpt lat="22.4817717761" lon="114.2908239003"><ele>128.000</ele></trkpt>
      <trkpt lat="22.4817449208" lon="114.2907993812"><ele>128.000</ele></trkpt>
      <trkpt lat="22.4817185304" lon="114.2907789534"><ele>128.000</ele></trkpt>
      <trkpt lat="22.4816514466" lon="114.2907349523"><ele>130.000</ele></trkpt>
      <trkpt lat="22.4816224435" lon="114.2907134564"><ele>130.000</ele></trkpt>
      <trkpt lat="22.4815975969" lon="114.2906908961"><ele>130.000</ele></trkpt>
      <trkpt lat="22.4815340008" lon="114.2906275150"><ele>132.000</ele></trkpt>
      <trkpt lat="22.4815056106" lon="114.2906050664"><ele>132.000</ele></trkpt>
      <trkpt lat="22.4814080065" lon="114.2905216839"><ele>132.000</ele></trkpt>
      <trkpt lat="22.4813924816" lon="114.2905099649"><ele>132.000</ele></trkpt>
      <trkpt lat="22.4813806233" lon="114.2905029229"><ele>132.000</ele></trkpt>
      <trkpt lat="22.4813676360" lon="114.2904987854"><ele>132.000</ele></trkpt>
      <trkpt lat="22.4813541511" lon="114.2904972731"><ele>132.000</ele></trkpt>
      <trkpt lat="22.4813379041" lon="114.2904978477"><ele>132.000</ele></trkpt>
      <trkpt lat="22.4813218920" lon="114.2905008567"><ele>132.000</ele></trkpt>
      <trkpt lat="22.4812961435" lon="114.2905098960"><ele>132.000</ele></trkpt>
      <trkpt lat="22.4812740500" lon="114.2905209944"><ele>134.000</ele></trkpt>
      <trkpt lat="22.4812394736" lon="114.2905490518"><ele>133.000</ele></trkpt>
      <trkpt lat="22.4812147959" lon="114.2905610606"><ele>136.000</ele></trkpt>
      <trkpt lat="22.4811990538" lon="114.2905653768"><ele>136.000</ele></trkpt>
      <trkpt lat="22.4811828863" lon="114.2905671710"><ele>136.000</ele></trkpt>
      <trkpt lat="22.4811639263" lon="114.2905668222"><ele>136.000</ele></trkpt>
      <trkpt lat="22.4811478549" lon="114.2905641854"><ele>136.000</ele></trkpt>
      <trkpt lat="22.4811324286" lon="114.2905586505"><ele>133.000</ele></trkpt>
      <trkpt lat="22.4811060441" lon="114.2905437461"><ele>133.000</ele></trkpt>
      <trkpt lat="22.4809533497" lon="114.2904399550"><ele>132.000</ele></trkpt>
      <trkpt lat="22.4809136497" lon="114.2904129698"><ele>130.000</ele></trkpt>
      <trkpt lat="22.4808780595" lon="114.2903918759"><ele>132.000</ele></trkpt>
      <trkpt lat="22.4808557591" lon="114.2903812728"><ele>133.000</ele></trkpt>
      <trkpt lat="22.4808253806" lon="114.2903688110"><ele>133.000</ele></trkpt>
      <trkpt lat="22.4807686610" lon="114.2903491118"><ele>131.000</ele></trkpt>
      <trkpt lat="22.4807450021" lon="114.2903428356"><ele>132.000</ele></trkpt>
      <trkpt lat="22.4807047016" lon="114.2903371542"><ele>133.000</ele></trkpt>
      <trkpt lat="22.4806941741" lon="114.2903343947"><ele>133.000</ele></trkpt>
      <trkpt lat="22.4806890851" lon="114.2903323285"><ele>133.000</ele></trkpt>
      <trkpt lat="22.4806822569" lon="114.2903276160"><ele>133.000</ele></trkpt>
      <trkpt lat="22.4806707509" lon="114.2903153163"><ele>131.000</ele></trkpt>
      <trkpt lat="22.4806552617" lon="114.2902913801"><ele>131.000</ele></trkpt>
      <trkpt lat="22.4806234146" lon="114.2902303994"><ele>132.000</ele></trkpt>
      <trkpt lat="22.4806014979" lon="114.2902007248"><ele>130.000</ele></trkpt>
      <trkpt lat="22.4805844165" lon="114.2901820073"><ele>133.000</ele></trkpt>
      <trkpt lat="22.4805399320" lon="114.2901393283"><ele>133.000</ele></trkpt>
      <trkpt lat="22.4805010690" lon="114.2901030051"><ele>132.000</ele></trkpt>
      <trkpt lat="22.4804714067" lon="114.2900775677"><ele>132.000</ele></trkpt>
      <trkpt lat="22.4804331308" lon="114.2900500196"><ele>132.000</ele></trkpt>
      <trkpt lat="22.4804066423" lon="114.2900353378"><ele>132.000</ele></trkpt>
      <trkpt lat="22.4803708697" lon="114.2900217883"><ele>131.000</ele></trkpt>
      <trkpt lat="22.4802974588" lon="114.2900012401"><ele>132.000</ele></trkpt>
      <trkpt lat="22.4802664558" lon="114.2899907311"><ele>134.000</ele></trkpt>
      <trkpt lat="22.4802416819" lon="114.2899789950"><ele>134.000</ele></trkpt>
      <trkpt lat="22.4802306518" lon="114.2899705205"><ele>131.000</ele></trkpt>
      <trkpt lat="22.4802207226" lon="114.2899606039"><ele>132.000</ele></trkpt>
      <trkpt lat="22.4802064705" lon="114.2899430470"><ele>132.000</ele></trkpt>
      <trkpt lat="22.4801529020" lon="114.2898660284"><ele>128.000</ele></trkpt>
      <trkpt lat="22.4800478630" lon="114.2897079337"><ele>122.000</ele></trkpt>
      <trkpt lat="22.4799428239" lon="114.2895498393"><ele>118.000</ele></trkpt>
      <trkpt lat="22.4799181312" lon="114.2895126744"><ele>116.000</ele></trkpt>
      <trkpt lat="22.4799107080" lon="114.2895039347"><ele>116.000</ele></trkpt>
      <trkpt lat="22.4799043300" lon="114.2894985676"><ele>116.000</ele></trkpt>
      <trkpt lat="22.4798765440" lon="114.2894873549"><ele>115.000</ele></trkpt>
      <trkpt lat="22.4798565233" lon="114.2894722685"><ele>114.000</ele></trkpt>
      <trkpt lat="22.4798444588" lon="114.2894605924"><ele>114.000</ele></trkpt>
      <trkpt lat="22.4797930354" lon="114.2894045667"><ele>112.000</ele></trkpt>
      <trkpt lat="22.4797737003" lon="114.2893801427"><ele>112.000</ele></trkpt>
      <trkpt lat="22.4797513613" lon="114.2893471623"><ele>112.000</ele></trkpt>
      <trkpt lat="22.4797377381" lon="114.2893186851"><ele>111.000</ele></trkpt>
      <trkpt lat="22.4797065720" lon="114.2892414800"><ele>110.000</ele></trkpt>
      <trkpt lat="22.4797040415" lon="114.2892351764"><ele>110.000</ele></trkpt>
      <trkpt lat="22.4796947811" lon="114.2892102106"><ele>110.000</ele></trkpt>
      <trkpt lat="22.4796890151" lon="114.2891921613"><ele>109.000</ele></trkpt>
      <trkpt lat="22.4796797124" lon="114.2891825737"><ele>110.000</ele></trkpt>
      <trkpt lat="22.4796456486" lon="114.2891452812"><ele>109.000</ele></trkpt>
      <trkpt lat="22.4796069920" lon="114.2891013784"><ele>110.000</ele></trkpt>
      <trkpt lat="22.4795616672" lon="114.2890511443"><ele>111.000</ele></trkpt>
      <trkpt lat="22.4794694074" lon="114.2889392857"><ele>113.000</ele></trkpt>
      <trkpt lat="22.4794299852" lon="114.2888936712"><ele>114.000</ele></trkpt>
      <trkpt lat="22.4794017319" lon="114.2888636917"><ele>114.000</ele></trkpt>
      <trkpt lat="22.4793022222" lon="114.2887635269"><ele>114.000</ele></trkpt>
      <trkpt lat="22.4792295375" lon="114.2886827887"><ele>114.000</ele></trkpt>
      <trkpt lat="22.4791624581" lon="114.2886185537"><ele>114.000</ele></trkpt>
      <trkpt lat="22.4790996092" lon="114.2885729235"><ele>114.000</ele></trkpt>
      <trkpt lat="22.4790373587" lon="114.2885433920"><ele>112.000</ele></trkpt>
      <trkpt lat="22.4789834296" lon="114.2884879577"><ele>112.000</ele></trkpt>
      <trkpt lat="22.4789543927" lon="114.2884548781"><ele>112.000</ele></trkpt>
      <trkpt lat="22.4789129013" lon="114.2884226824"><ele>110.000</ele></trkpt>
      <trkpt lat="22.4788846970" lon="114.2883869235"><ele>112.000</ele></trkpt>
      <trkpt lat="22.4788509852" lon="114.2883496112"><ele>110.000</ele></trkpt>
      <trkpt lat="22.4787503771" lon="114.2882703865"><ele>110.000</ele></trkpt>
      <trkpt lat="22.4787009869" lon="114.2882354434"><ele>110.000</ele></trkpt>
      <trkpt lat="22.4786588603" lon="114.2882089318"><ele>110.000</ele></trkpt>
      <trkpt lat="22.4786199576" lon="114.2881824121"><ele>111.000</ele></trkpt>
      <trkpt lat="22.4785917864" lon="114.2881639175"><ele>112.000</ele></trkpt>
      <trkpt lat="22.4785743482" lon="114.2881515824"><ele>112.000</ele></trkpt>
      <trkpt lat="22.4785341199" lon="114.2881078247"><ele>112.000</ele></trkpt>
      <trkpt lat="22.4785081021" lon="114.2880834725"><ele>112.000</ele></trkpt>
      <trkpt lat="22.4784853052" lon="114.2880632527"><ele>112.000</ele></trkpt>
      <trkpt lat="22.4784477408" lon="114.2880327317"><ele>112.000</ele></trkpt>
      <trkpt lat="22.4784126033" lon="114.2880068370"><ele>112.000</ele></trkpt>
      <trkpt lat="22.4783688720" lon="114.2879763198"><ele>112.000</ele></trkpt>
      <trkpt lat="22.4783567438" lon="114.2879533372"><ele>112.000</ele></trkpt>
      <trkpt lat="22.4783469434" lon="114.2879437669"><ele>112.000</ele></trkpt>
      <trkpt lat="22.4782959502" lon="114.2879100772"><ele>112.000</ele></trkpt>
      <trkpt lat="22.4781891530" lon="114.2878301223"><ele>110.000</ele></trkpt>
      <trkpt lat="22.4781818571" lon="114.2878265309"><ele>110.000</ele></trkpt>
      <trkpt lat="22.4781427224" lon="114.2878142097"><ele>110.000</ele></trkpt>
      <trkpt lat="22.4781190262" lon="114.2878002499"><ele>110.000</ele></trkpt>
      <trkpt lat="22.4780952435" lon="114.2877808883"><ele>110.000</ele></trkpt>
      <trkpt lat="22.4780292368" lon="114.2877203806"><ele>111.000</ele></trkpt>
      <trkpt lat="22.4779928933" lon="114.2876950011"><ele>112.000</ele></trkpt>
      <trkpt lat="22.4779712677" lon="114.2876773281"><ele>112.000</ele></trkpt>
      <trkpt lat="22.4779570748" lon="114.2876638374"><ele>113.000</ele></trkpt>
      <trkpt lat="22.4779198780" lon="114.2876213806"><ele>114.000</ele></trkpt>
      <trkpt lat="22.4779007757" lon="114.2875967883"><ele>114.000</ele></trkpt>
      <trkpt lat="22.4778913507" lon="114.2875823123"><ele>114.000</ele></trkpt>
      <trkpt lat="22.4778865157" lon="114.2875718714"><ele>114.000</ele></trkpt>
      <trkpt lat="22.4778832227" lon="114.2875608682"><ele>114.000</ele></trkpt>
      <trkpt lat="22.4778733825" lon="114.2875092089"><ele>113.000</ele></trkpt>
      <trkpt lat="22.4778670077" lon="114.2874871415"><ele>112.000</ele></trkpt>
      <trkpt lat="22.4778617969" lon="114.2874770142"><ele>112.000</ele></trkpt>
      <trkpt lat="22.4778464294" lon="114.2874527076"><ele>112.000</ele></trkpt>
      <trkpt lat="22.4778208684" lon="114.2874045903"><ele>106.000</ele></trkpt>
      <trkpt lat="22.4778019837" lon="114.2873760629"><ele>106.000</ele></trkpt>
      <trkpt lat="22.4777898323" lon="114.2873603166"><ele>106.000</ele></trkpt>
      <trkpt lat="22.4777766055" lon="114.2873458172"><ele>106.000</ele></trkpt>
      <trkpt lat="22.4777060156" lon="114.2872866772"><ele>108.000</ele></trkpt>
      <trkpt lat="22.4776198492" lon="114.2871970643"><ele>112.000</ele></trkpt>
      <trkpt lat="22.4775954362" lon="114.2871762497"><ele>112.000</ele></trkpt>
      <trkpt lat="22.4775548815" lon="114.2871354268"><ele>112.000</ele></trkpt>
      <trkpt lat="22.4775283340" lon="114.2871061481"><ele>114.000</ele></trkpt>
      <trkpt lat="22.4774596734" lon="114.2870158730"><ele>114.000</ele></trkpt>
      <trkpt lat="22.4774207835" lon="114.2869690260"><ele>116.000</ele></trkpt>
      <trkpt lat="22.4773808263" lon="114.2869258911"><ele>116.000</ele></trkpt>
      <trkpt lat="22.4772983731" lon="114.2868268212"><ele>118.000</ele></trkpt>
      <trkpt lat="22.4772246138" lon="114.2867445393"><ele>122.000</ele></trkpt>
      <trkpt lat="22.4772002185" lon="114.2867109481"><ele>124.000</ele></trkpt>
      <trkpt lat="22.4771835366" lon="114.2866870906"><ele>124.000</ele></trkpt>
      <trkpt lat="22.4771588575" lon="114.2866590476"><ele>124.000</ele></trkpt>
      <trkpt lat="22.4771347163" lon="114.2866368643"><ele>126.000</ele></trkpt>
      <trkpt lat="22.4771073489" lon="114.2866180502"><ele>128.000</ele></trkpt>
      <trkpt lat="22.4770818672" lon="114.2866017154"><ele>128.000</ele></trkpt>
      <trkpt lat="22.4770349056" lon="114.2865788835"><ele>128.000</ele></trkpt>
      <trkpt lat="22.4769935852" lon="114.2865616132"><ele>131.000</ele></trkpt>
      <trkpt lat="22.4768961646" lon="114.2865279295"><ele>132.000</ele></trkpt>
      <trkpt lat="22.4768514590" lon="114.2865088609"><ele>134.000</ele></trkpt>
      <trkpt lat="22.4768476815" lon="114.2865050372"><ele>134.000</ele></trkpt>
      <trkpt lat="22.4768400314" lon="114.2864883492"><ele>134.000</ele></trkpt>
      <trkpt lat="22.4768364491" lon="114.2864843110"><ele>134.000</ele></trkpt>
      <trkpt lat="22.4768242760" lon="114.2864790834"><ele>134.000</ele></trkpt>
      <trkpt lat="22.4767942888" lon="114.2864724368"><ele>132.000</ele></trkpt>
      <trkpt lat="22.4767817148" lon="114.2864672157"><ele>132.000</ele></trkpt>
      <trkpt lat="22.4767399644" lon="114.2864354796"><ele>132.000</ele></trkpt>
      <trkpt lat="22.4766975654" lon="114.2863986805"><ele>132.000</ele></trkpt>
      <trkpt lat="22.4766954961" lon="114.2863967656"><ele>132.000</ele></trkpt>
      <trkpt lat="22.4766934312" lon="114.2863948439"><ele>132.000</ele></trkpt>
      <trkpt lat="22.4766913727" lon="114.2863929164"><ele>132.000</ele></trkpt>
      <trkpt lat="22.4766893187" lon="114.2863909821"><ele>132.000</ele></trkpt>
      <trkpt lat="22.4766872710" lon="114.2863890420"><ele>132.000</ele></trkpt>
      <trkpt lat="22.4766852287" lon="114.2863870960"><ele>132.000</ele></trkpt>
      <trkpt lat="22.4766831919" lon="114.2863851442"><ele>132.000</ele></trkpt>
      <trkpt lat="22.4766811605" lon="114.2863831857"><ele>132.000</ele></trkpt>
      <trkpt lat="22.4766791354" lon="114.2863812222"><ele>132.000</ele></trkpt>
      <trkpt lat="22.4766771166" lon="114.2863792520"><ele>132.000</ele></trkpt>
      <trkpt lat="22.4766751033" lon="114.2863772769"><ele>132.000</ele></trkpt>
      <trkpt lat="22.4766730963" lon="114.2863752970"><ele>132.000</ele></trkpt>
      <trkpt lat="22.4766710956" lon="114.2863733102"><ele>132.000</ele></trkpt>
      <trkpt lat="22.4766691012" lon="114.2863713187"><ele>132.000</ele></trkpt>
      <trkpt lat="22.4766671123" lon="114.2863693222"><ele>132.000</ele></trkpt>
      <trkpt lat="22.4766651306" lon="114.2863673200"><ele>132.000</ele></trkpt>
      <trkpt lat="22.4766631552" lon="114.2863653138"><ele>132.000</ele></trkpt>
      <trkpt lat="22.4766611861" lon="114.2863633018"><ele>132.000</ele></trkpt>
      <trkpt lat="22.4766592233" lon="114.2863612850"><ele>132.000</ele></trkpt>
      <trkpt lat="22.4766572678" lon="114.2863592633"><ele>132.000</ele></trkpt>
      <trkpt lat="22.4766553186" lon="114.2863572378"><ele>132.000</ele></trkpt>
      <trkpt lat="22.4766533767" lon="114.2863552064"><ele>132.000</ele></trkpt>
      <trkpt lat="22.4766514410" lon="114.2863531711"><ele>132.000</ele></trkpt>
      <trkpt lat="22.4766495126" lon="114.2863511320"><ele>132.000</ele></trkpt>
      <trkpt lat="22.4766475914" lon="114.2863490880"><ele>132.000</ele></trkpt>
      <trkpt lat="22.4766456775" lon="114.2863470401"><ele>132.000</ele></trkpt>
      <trkpt lat="22.4766437744" lon="114.2863449815"><ele>132.000</ele></trkpt>
      <trkpt lat="22.4766418884" lon="114.2863429036"><ele>132.000</ele></trkpt>
      <trkpt lat="22.4766400187" lon="114.2863408081"><ele>132.000</ele></trkpt>
      <trkpt lat="22.4766381653" lon="114.2863386932"><ele>132.000</ele></trkpt>
      <trkpt lat="22.4766363273" lon="114.2863365618"><ele>132.000</ele></trkpt>
      <trkpt lat="22.4766345046" lon="114.2863344140"><ele>132.000</ele></trkpt>
      <trkpt lat="22.4766326955" lon="114.2863322496"><ele>132.000</ele></trkpt>
      <trkpt lat="22.4766309008" lon="114.2863300696"><ele>130.000</ele></trkpt>
      <trkpt lat="22.4766291197" lon="114.2863278751"><ele>130.000</ele></trkpt>
      <trkpt lat="22.4766273503" lon="114.2863256661"><ele>130.000</ele></trkpt>
      <trkpt lat="22.4766255936" lon="114.2863234434"><ele>130.000</ele></trkpt>
      <trkpt lat="22.4766238487" lon="114.2863212071"><ele>130.000</ele></trkpt>
      <trkpt lat="22.4766221145" lon="114.2863189592"><ele>130.000</ele></trkpt>
      <trkpt lat="22.4766203904" lon="114.2863166997"><ele>130.000</ele></trkpt>
      <trkpt lat="22.4766186770" lon="114.2863144294"><ele>130.000</ele></trkpt>
      <trkpt lat="22.4766169718" lon="114.2863121485"><ele>130.000</ele></trkpt>
      <trkpt lat="22.4766152766" lon="114.2863098579"><ele>130.000</ele></trkpt>
      <trkpt lat="22.4766135894" lon="114.2863075576"><ele>130.000</ele></trkpt>
      <trkpt lat="22.4766119095" lon="114.2863052494"><ele>130.000</ele></trkpt>
      <trkpt lat="22.4766102369" lon="114.2863029336"><ele>130.000</ele></trkpt>
      <trkpt lat="22.4766085705" lon="114.2863006099"><ele>130.000</ele></trkpt>
      <trkpt lat="22.4766069105" lon="114.2862982795"><ele>130.000</ele></trkpt>
      <trkpt lat="22.4766052559" lon="114.2862959432"><ele>130.000</ele></trkpt>
      <trkpt lat="22.4766036059" lon="114.2862936021"><ele>130.000</ele></trkpt>
      <trkpt lat="22.4766019612" lon="114.2862912561"><ele>130.000</ele></trkpt>
      <trkpt lat="22.4766003193" lon="114.2862889063"><ele>130.000</ele></trkpt>
      <trkpt lat="22.4765986810" lon="114.2862865525"><ele>130.000</ele></trkpt>
      <trkpt lat="22.4765970453" lon="114.2862841959"><ele>130.000</ele></trkpt>
      <trkpt lat="22.4765954115" lon="114.2862818373"><ele>130.000</ele></trkpt>
      <trkpt lat="22.4765937795" lon="114.2862794777"><ele>130.000</ele></trkpt>
      <trkpt lat="22.4765921484" lon="114.2862771172"><ele>130.000</ele></trkpt>
      <trkpt lat="22.4765905182" lon="114.2862747557"><ele>130.000</ele></trkpt>
      <trkpt lat="22.4765888871" lon="114.2862723951"><ele>130.000</ele></trkpt>
      <trkpt lat="22.4765872561" lon="114.2862700356"><ele>130.000</ele></trkpt>
      <trkpt lat="22.4765856231" lon="114.2862676770"><ele>130.000</ele></trkpt>
      <trkpt lat="22.4765839893" lon="114.2862653213"><ele>130.000</ele></trkpt>
      <trkpt lat="22.4765823528" lon="114.2862629685"><ele>130.000</ele></trkpt>
      <trkpt lat="22.4765807127" lon="114.2862606196"><ele>130.000</ele></trkpt>
      <trkpt lat="22.4765790698" lon="114.2862582736"><ele>130.000</ele></trkpt>
      <trkpt lat="22.4765774234" lon="114.2862559335"><ele>130.000</ele></trkpt>
      <trkpt lat="22.4765757715" lon="114.2862535992"><ele>130.000</ele></trkpt>
      <trkpt lat="22.4765741151" lon="114.2862512707"><ele>130.000</ele></trkpt>
      <trkpt lat="22.4765724524" lon="114.2862489480"><ele>130.000</ele></trkpt>
      <trkpt lat="22.4765707842" lon="114.2862466341"><ele>130.000</ele></trkpt>
      <trkpt lat="22.4765691088" lon="114.2862443270"><ele>130.000</ele></trkpt>
      <trkpt lat="22.4765674262" lon="114.2862420295"><ele>130.000</ele></trkpt>
      <trkpt lat="22.4765657355" lon="114.2862397409"><ele>130.000</ele></trkpt>
      <trkpt lat="22.4765640357" lon="114.2862374619"><ele>130.000</ele></trkpt>
      <trkpt lat="22.4765623278" lon="114.2862351936"><ele>130.000</ele></trkpt>
      <trkpt lat="22.4765606108" lon="114.2862329370"><ele>130.000</ele></trkpt>
      <trkpt lat="22.4765588830" lon="114.2862306920"><ele>130.000</ele></trkpt>
      <trkpt lat="22.4765571444" lon="114.2862284587"><ele>130.000</ele></trkpt>
      <trkpt lat="22.4765553949" lon="114.2862262389"><ele>130.000</ele></trkpt>
      <trkpt lat="22.4765536327" lon="114.2862240338"><ele>130.000</ele></trkpt>
      <trkpt lat="22.4765518588" lon="114.2862218422"><ele>130.000</ele></trkpt>
      <trkpt lat="22.4765500723" lon="114.2862196652"><ele>130.000</ele></trkpt>
      <trkpt lat="22.4765482722" lon="114.2862175047"><ele>130.000</ele></trkpt>
      <trkpt lat="22.4765464576" lon="114.2862153597"><ele>130.000</ele></trkpt>
      <trkpt lat="22.4765446295" lon="114.2862132322"><ele>130.000</ele></trkpt>
      <trkpt lat="22.4765427851" lon="114.2862111222"><ele>130.000</ele></trkpt>
      <trkpt lat="22.4765409254" lon="114.2862090297"><ele>130.000</ele></trkpt>
      <trkpt lat="22.4765390503" lon="114.2862069566"><ele>130.000</ele></trkpt>
      <trkpt lat="22.4765371571" lon="114.2862049029"><ele>130.000</ele></trkpt>
      <trkpt lat="22.4765352467" lon="114.2862028686"><ele>130.000</ele></trkpt>
      <trkpt lat="22.4765333192" lon="114.2862008557"><ele>130.000</ele></trkpt>
      <trkpt lat="22.4765313727" lon="114.2861988641"><ele>130.000</ele></trkpt>
      <trkpt lat="22.4765294072" lon="114.2861968949"><ele>130.000</ele></trkpt>
      <trkpt lat="22.4765274227" lon="114.2861949481"><ele>130.000</ele></trkpt>
      <trkpt lat="22.4765254175" lon="114.2861930235"><ele>130.000</ele></trkpt>
      <trkpt lat="22.4765233933" lon="114.2861911223"><ele>130.000</ele></trkpt>
      <trkpt lat="22.4765213555" lon="114.2861892356"><ele>130.000</ele></trkpt>
      <trkpt lat="22.4765193068" lon="114.2861873625"><ele>130.000</ele></trkpt>
      <trkpt lat="22.4765172465" lon="114.2861855040"><ele>130.000</ele></trkpt>
      <trkpt lat="22.4765151752" lon="114.2861836572"><ele>130.000</ele></trkpt>
      <trkpt lat="22.4765130932" lon="114.2861818249"><ele>130.000</ele></trkpt>
      <trkpt lat="22.4765110002" lon="114.2861800042"><ele>130.000</ele></trkpt>
      <trkpt lat="22.4765088965" lon="114.2861781962"><ele>130.000</ele></trkpt>
      <trkpt lat="22.4765067828" lon="114.2861763998"><ele>130.000</ele></trkpt>
      <trkpt lat="22.4765046591" lon="114.2861746151"><ele>130.000</ele></trkpt>
      <trkpt lat="22.4765025264" lon="114.2861728430"><ele>130.000</ele></trkpt>
      <trkpt lat="22.4765003829" lon="114.2861710807"><ele>130.000</ele></trkpt>
      <trkpt lat="22.4764982313" lon="114.2861693299"><ele>130.000</ele></trkpt>
      <trkpt lat="22.4764960706" lon="114.2861675899"><ele>130.000</ele></trkpt>
      <trkpt lat="22.4764939008" lon="114.2861658605"><ele>130.000</ele></trkpt>
      <trkpt lat="22.4764917220" lon="114.2861641409"><ele>130.000</ele></trkpt>
      <trkpt lat="22.4764895360" lon="114.2861624309"><ele>130.000</ele></trkpt>
      <trkpt lat="22.4764873419" lon="114.2861607297"><ele>130.000</ele></trkpt>
      <trkpt lat="22.4764851396" lon="114.2861590382"><ele>130.000</ele></trkpt>
      <trkpt lat="22.4764829301" lon="114.2861573555"><ele>130.000</ele></trkpt>
      <trkpt lat="22.4764807125" lon="114.2861556815"><ele>130.000</ele></trkpt>
      <trkpt lat="22.4764784894" lon="114.2861540162"><ele>130.000</ele></trkpt>
      <trkpt lat="22.4764762582" lon="114.2861523587"><ele>130.000</ele></trkpt>
      <trkpt lat="22.4764740207" lon="114.2861507080"><ele>130.000</ele></trkpt>
      <trkpt lat="22.4764717778" lon="114.2861490660"><ele>130.000</ele></trkpt>
      <trkpt lat="22.4764695285" lon="114.2861474299"><ele>130.000</ele></trkpt>
      <trkpt lat="22.4764672729" lon="114.2861458015"><ele>130.000</ele></trkpt>
      <trkpt lat="22.4764650119" lon="114.2861441790"><ele>130.000</ele></trkpt>
      <trkpt lat="22.4764627454" lon="114.2861425632"><ele>130.000</ele></trkpt>
      <trkpt lat="22.4764604745" lon="114.2861409533"><ele>130.000</ele></trkpt>
      <trkpt lat="22.4764581981" lon="114.2861393492"><ele>130.000</ele></trkpt>
      <trkpt lat="22.4764559181" lon="114.2861377500"><ele>130.000</ele></trkpt>
      <trkpt lat="22.4764536327" lon="114.2861361556"><ele>130.000</ele></trkpt>
      <trkpt lat="22.4764513437" lon="114.2861345670"><ele>128.000</ele></trkpt>
      <trkpt lat="22.4764490510" lon="114.2861329823"><ele>128.000</ele></trkpt>
      <trkpt lat="22.4764467547" lon="114.2861314015"><ele>128.000</ele></trkpt>
      <trkpt lat="22.4764444549" lon="114.2861298256"><ele>128.000</ele></trkpt>
      <trkpt lat="22.4764421523" lon="114.2861282526"><ele>128.000</ele></trkpt>
      <trkpt lat="22.4764398461" lon="114.2861266825"><ele>128.000</ele></trkpt>
      <trkpt lat="22.4764375381" lon="114.2861251162"><ele>128.000</ele></trkpt>
      <trkpt lat="22.4764352273" lon="114.2861235529"><ele>128.000</ele></trkpt>
      <trkpt lat="22.4764329148" lon="114.2861219916"><ele>128.000</ele></trkpt>
      <trkpt lat="22.4764306005" lon="114.2861204321"><ele>128.000</ele></trkpt>
      <trkpt lat="22.4764282843" lon="114.2861188746"><ele>128.000</ele></trkpt>
      <trkpt lat="22.4764259664" lon="114.2861173191"><ele>128.000</ele></trkpt>
      <trkpt lat="22.4764236475" lon="114.2861157645"><ele>128.000</ele></trkpt>
      <trkpt lat="22.4764213277" lon="114.2861142119"><ele>128.000</ele></trkpt>
      <trkpt lat="22.4764190080" lon="114.2861126593"><ele>128.000</ele></trkpt>
      <trkpt lat="22.4764166864" lon="114.2861111066"><ele>128.000</ele></trkpt>
      <trkpt lat="22.4764143657" lon="114.2861095550"><ele>128.000</ele></trkpt>
      <trkpt lat="22.4764120451" lon="114.2861080023"><ele>128.000</ele></trkpt>
      <trkpt lat="22.4764097244" lon="114.2861064497"><ele>128.000</ele></trkpt>
      <trkpt lat="22.4764074046" lon="114.2861048961"><ele>128.000</ele></trkpt>
      <trkpt lat="22.4764050858" lon="114.2861033415"><ele>128.000</ele></trkpt>
      <trkpt lat="22.4764027678" lon="114.2861017860"><ele>128.000</ele></trkpt>
      <trkpt lat="22.4764004517" lon="114.2861002285"><ele>128.000</ele></trkpt>
      <trkpt lat="22.4763981364" lon="114.2860986691"><ele>128.000</ele></trkpt>
      <trkpt lat="22.4763958230" lon="114.2860971077"><ele>128.000</ele></trkpt>
      <trkpt lat="22.4763935114" lon="114.2860955434"><ele>128.000</ele></trkpt>
      <trkpt lat="22.4763912025" lon="114.2860939772"><ele>128.000</ele></trkpt>
      <trkpt lat="22.4763888962" lon="114.2860924071"><ele>126.000</ele></trkpt>
      <trkpt lat="22.4763865928" lon="114.2860908340"><ele>126.000</ele></trkpt>
      <trkpt lat="22.4763842920" lon="114.2860892571"><ele>126.000</ele></trkpt>
      <trkpt lat="22.4763819948" lon="114.2860876763"><ele>126.000</ele></trkpt>
      <trkpt lat="22.4763797012" lon="114.2860860907"><ele>126.000</ele></trkpt>
      <trkpt lat="22.4763774113" lon="114.2860845012"><ele>126.000</ele></trkpt>
      <trkpt lat="22.4763751250" lon="114.2860829068"><ele>126.000</ele></trkpt>
      <trkpt lat="22.4763728432" lon="114.2860813075"><ele>126.000</ele></trkpt>
      <trkpt lat="22.4763705659" lon="114.2860797025"><ele>126.000</ele></trkpt>
      <trkpt lat="22.4763682931" lon="114.2860780925"><ele>126.000</ele></trkpt>
      <trkpt lat="22.4763660258" lon="114.2860764758"><ele>126.000</ele></trkpt>
      <trkpt lat="22.4763637639" lon="114.2860748533"><ele>126.000</ele></trkpt>
      <trkpt lat="22.4763615065" lon="114.2860732239"><ele>126.000</ele></trkpt>
      <trkpt lat="22.4763592554" lon="114.2860715878"><ele>126.000</ele></trkpt>
      <trkpt lat="22.4763570106" lon="114.2860699439"><ele>126.000</ele></trkpt>
      <trkpt lat="22.4763547722" lon="114.2860682932"><ele>126.000</ele></trkpt>
      <trkpt lat="22.4763525392" lon="114.2860666347"><ele>126.000</ele></trkpt>
      <trkpt lat="22.4763503135" lon="114.2860649685"><ele>126.000</ele></trkpt>
      <trkpt lat="22.4763480949" lon="114.2860632935"><ele>126.000</ele></trkpt>
      <trkpt lat="22.4763458836" lon="114.2860616107"><ele>126.000</ele></trkpt>
      <trkpt lat="22.4763436786" lon="114.2860599183"><ele>125.000</ele></trkpt>
      <trkpt lat="22.4763414827" lon="114.2860582171"><ele>125.000</ele></trkpt>
      <trkpt lat="22.4763392940" lon="114.2860565062"><ele>125.000</ele></trkpt>
      <trkpt lat="22.4763371134" lon="114.2860547855"><ele>125.000</ele></trkpt>
      <trkpt lat="22.4763349418" lon="114.2860530542"><ele>125.000</ele></trkpt>
      <trkpt lat="22.4763327784" lon="114.2860513132"><ele>125.000</ele></trkpt>
      <trkpt lat="22.4763306240" lon="114.2860495615"><ele>125.000</ele></trkpt>
      <trkpt lat="22.4763284787" lon="114.2860477991"><ele>125.000</ele></trkpt>
      <trkpt lat="22.4763263433" lon="114.2860460251"><ele>125.000</ele></trkpt>
      <trkpt lat="22.4763242170" lon="114.2860442394"><ele>125.000</ele></trkpt>
      <trkpt lat="22.4763221006" lon="114.2860424431"><ele>125.000</ele></trkpt>
      <trkpt lat="22.4763199941" lon="114.2860406331"><ele>125.000</ele></trkpt>
      <trkpt lat="22.4763178985" lon="114.2860388115"><ele>125.000</ele></trkpt>
      <trkpt lat="22.4763158137" lon="114.2860369773"><ele>124.000</ele></trkpt>
      <trkpt lat="22.4763137388" lon="114.2860351304"><ele>124.000</ele></trkpt>
      <trkpt lat="22.4763116757" lon="114.2860332700"><ele>124.000</ele></trkpt>
      <trkpt lat="22.4763096244" lon="114.2860313959"><ele>124.000</ele></trkpt>
      <trkpt lat="22.4763075839" lon="114.2860295083"><ele>124.000</ele></trkpt>
      <trkpt lat="22.4763055552" lon="114.2860276061"><ele>124.000</ele></trkpt>
      <trkpt lat="22.4763035391" lon="114.2860256903"><ele>124.000</ele></trkpt>
      <trkpt lat="22.4763015356" lon="114.2860237589"><ele>124.000</ele></trkpt>
      <trkpt lat="22.4762995430" lon="114.2860218140"><ele>124.000</ele></trkpt>
      <trkpt lat="22.4762975586" lon="114.2860198593"><ele>124.000</ele></trkpt>
      <trkpt lat="22.4762955822" lon="114.2860178950"><ele>124.000</ele></trkpt>
      <trkpt lat="22.4762936131" lon="114.2860159229"><ele>124.000</ele></trkpt>
      <trkpt lat="22.4762916522" lon="114.2860139410"><ele>124.000</ele></trkpt>
      <trkpt lat="22.4762896975" lon="114.2860119505"><ele>124.000</ele></trkpt>
      <trkpt lat="22.4762877510" lon="114.2860099521"><ele>124.000</ele></trkpt>
      <trkpt lat="22.4762858108" lon="114.2860079450"><ele>124.000</ele></trkpt>
      <trkpt lat="22.4762838770" lon="114.2860059302"><ele>124.000</ele></trkpt>
      <trkpt lat="22.4762819513" lon="114.2860039066"><ele>124.000</ele></trkpt>
      <trkpt lat="22.4762800319" lon="114.2860018753"><ele>124.000</ele></trkpt>
      <trkpt lat="22.4762781188" lon="114.2859998352"><ele>124.000</ele></trkpt>
      <trkpt lat="22.4762762121" lon="114.2859977883"><ele>124.000</ele></trkpt>
      <trkpt lat="22.4762743126" lon="114.2859957336"><ele>124.000</ele></trkpt>
      <trkpt lat="22.4762724185" lon="114.2859936712"><ele>124.000</ele></trkpt>
      <trkpt lat="22.4762705307" lon="114.2859916020"><ele>124.000</ele></trkpt>
      <trkpt lat="22.4762686493" lon="114.2859895250"><ele>122.000</ele></trkpt>
      <trkpt lat="22.4762667742" lon="114.2859874412"><ele>122.000</ele></trkpt>
      <trkpt lat="22.4762649036" lon="114.2859853506"><ele>122.000</ele></trkpt>
      <trkpt lat="22.4762630402" lon="114.2859832532"><ele>122.000</ele></trkpt>
      <trkpt lat="22.4762611814" lon="114.2859811490"><ele>122.000</ele></trkpt>
      <trkpt lat="22.4762593289" lon="114.2859790380"><ele>122.000</ele></trkpt>
      <trkpt lat="22.4762574809" lon="114.2859769203"><ele>122.000</ele></trkpt>
      <trkpt lat="22.4762556392" lon="114.2859747966"><ele>122.000</ele></trkpt>
      <trkpt lat="22.4762538020" lon="114.2859726672"><ele>122.000</ele></trkpt>
      <trkpt lat="22.4762519703" lon="114.2859705310"><ele>122.000</ele></trkpt>
      <trkpt lat="22.4762501431" lon="114.2859683899"><ele>122.000</ele></trkpt>
      <trkpt lat="22.4762483204" lon="114.2859662420"><ele>122.000</ele></trkpt>
      <trkpt lat="22.4762465032" lon="114.2859640883"><ele>122.000</ele></trkpt>
      <trkpt lat="22.4762446904" lon="114.2859619298"><ele>122.000</ele></trkpt>
      <trkpt lat="22.4762428822" lon="114.2859597663"><ele>122.000</ele></trkpt>
      <trkpt lat="22.4762410785" lon="114.2859575961"><ele>122.000</ele></trkpt>
      <trkpt lat="22.4762392784" lon="114.2859554220"><ele>122.000</ele></trkpt>
      <trkpt lat="22.4762374837" lon="114.2859532421"><ele>122.000</ele></trkpt>
      <trkpt lat="22.4762356917" lon="114.2859510583"><ele>122.000</ele></trkpt>
      <trkpt lat="22.4762339043" lon="114.2859488687"><ele>122.000</ele></trkpt>
      <trkpt lat="22.4762321214" lon="114.2859466751"><ele>122.000</ele></trkpt>
      <trkpt lat="22.4762303412" lon="114.2859444768"><ele>122.000</ele></trkpt>
      <trkpt lat="22.4762285646" lon="114.2859422745"><ele>122.000</ele></trkpt>
      <trkpt lat="22.4762267925" lon="114.2859400674"><ele>120.000</ele></trkpt>
      <trkpt lat="22.4762250231" lon="114.2859378574"><ele>120.000</ele></trkpt>
      <trkpt lat="22.4762232565" lon="114.2859356425"><ele>120.000</ele></trkpt>
      <trkpt lat="22.4762214943" lon="114.2859334237"><ele>120.000</ele></trkpt>
      <trkpt lat="22.4762197340" lon="114.2859312011"><ele>120.000</ele></trkpt>
      <trkpt lat="22.4762179773" lon="114.2859289755"><ele>120.000</ele></trkpt>
      <trkpt lat="22.4762162233" lon="114.2859267461"><ele>120.000</ele></trkpt>
      <trkpt lat="22.4762144720" lon="114.2859245137"><ele>120.000</ele></trkpt>
      <trkpt lat="22.4762127234" lon="114.2859222775"><ele>120.000</ele></trkpt>
      <trkpt lat="22.4762109775" lon="114.2859200393"><ele>120.000</ele></trkpt>
      <trkpt lat="22.4762092335" lon="114.2859177972"><ele>120.000</ele></trkpt>
      <trkpt lat="22.4762074921" lon="114.2859155522"><ele>120.000</ele></trkpt>
      <trkpt lat="22.4762057535" lon="114.2859133053"><ele>120.000</ele></trkpt>
      <trkpt lat="22.4762040157" lon="114.2859110555"><ele>120.000</ele></trkpt>
      <trkpt lat="22.4762022807" lon="114.2859088037"><ele>120.000</ele></trkpt>
      <trkpt lat="22.4762005475" lon="114.2859065490"><ele>120.000</ele></trkpt>
      <trkpt lat="22.4761988161" lon="114.2859042933"><ele>120.000</ele></trkpt>
      <trkpt lat="22.4761970856" lon="114.2859020347"><ele>120.000</ele></trkpt>
      <trkpt lat="22.4761953578" lon="114.2858997742"><ele>120.000</ele></trkpt>
      <trkpt lat="22.4761936309" lon="114.2858975118"><ele>120.000</ele></trkpt>
      <trkpt lat="22.4761919049" lon="114.2858952483"><ele>120.000</ele></trkpt>
      <trkpt lat="22.4761901798" lon="114.2858929839"><ele>120.000</ele></trkpt>
      <trkpt lat="22.4761884566" lon="114.2858907166"><ele>119.000</ele></trkpt>
      <trkpt lat="22.4761867342" lon="114.2858884493"><ele>119.000</ele></trkpt>
      <trkpt lat="22.4761850127" lon="114.2858861810"><ele>119.000</ele></trkpt>
      <trkpt lat="22.4761832912" lon="114.2858839108"><ele>119.000</ele></trkpt>
      <trkpt lat="22.4761815716" lon="114.2858816405"><ele>119.000</ele></trkpt>
      <trkpt lat="22.4761798519" lon="114.2858793693"><ele>119.000</ele></trkpt>
      <trkpt lat="22.4761781323" lon="114.2858770972"><ele>119.000</ele></trkpt>
      <trkpt lat="22.4761764135" lon="114.2858748250"><ele>119.000</ele></trkpt>
      <trkpt lat="22.4761746939" lon="114.2858725528"><ele>119.000</ele></trkpt>
      <trkpt lat="22.4761729751" lon="114.2858702806"><ele>119.000</ele></trkpt>
      <trkpt lat="22.4761712563" lon="114.2858680075"><ele>119.000</ele></trkpt>
      <trkpt lat="22.4761695376" lon="114.2858657353"><ele>119.000</ele></trkpt>
      <trkpt lat="22.4761678188" lon="114.2858634632"><ele>119.000</ele></trkpt>
      <trkpt lat="22.4761660992" lon="114.2858611910"><ele>119.000</ele></trkpt>
      <trkpt lat="22.4761643786" lon="114.2858589198"><ele>119.000</ele></trkpt>
      <trkpt lat="22.4761626580" lon="114.2858566486"><ele>119.000</ele></trkpt>
      <trkpt lat="22.4761609366" lon="114.2858543783"><ele>119.000</ele></trkpt>
      <trkpt lat="22.4761592142" lon="114.2858521091"><ele>119.000</ele></trkpt>
      <trkpt lat="22.4761574918" lon="114.2858498408"><ele>119.000</ele></trkpt>
      <trkpt lat="22.4761557677" lon="114.2858475735"><ele>119.000</ele></trkpt>
      <trkpt lat="22.4761540426" lon="114.2858453081"><ele>119.000</ele></trkpt>
      <trkpt lat="22.4761523157" lon="114.2858430437"><ele>116.000</ele></trkpt>
      <trkpt lat="22.4761505879" lon="114.2858407803"><ele>116.000</ele></trkpt>
      <trkpt lat="22.4761488583" lon="114.2858385197"><ele>116.000</ele></trkpt>
      <trkpt lat="22.4761471278" lon="114.2858362602"><ele>116.000</ele></trkpt>
      <trkpt lat="22.4761453946" lon="114.2858340026"><ele>116.000</ele></trkpt>
      <trkpt lat="22.4761436604" lon="114.2858317469"><ele>116.000</ele></trkpt>
      <trkpt lat="22.4761419236" lon="114.2858294942"><ele>116.000</ele></trkpt>
      <trkpt lat="22.4761401859" lon="114.2858272434"><ele>116.000</ele></trkpt>
      <trkpt lat="22.4761384454" lon="114.2858249945"><ele>116.000</ele></trkpt>
      <trkpt lat="22.4761367023" lon="114.2858227485"><ele>116.000</ele></trkpt>
      <trkpt lat="22.4761349573" lon="114.2858205055"><ele>116.000</ele></trkpt>
      <trkpt lat="22.4761332096" lon="114.2858182654"><ele>116.000</ele></trkpt>
      <trkpt lat="22.4761314592" lon="114.2858160272"><ele>116.000</ele></trkpt>
      <trkpt lat="22.4761297061" lon="114.2858137939"><ele>116.000</ele></trkpt>
      <trkpt lat="22.4761279512" lon="114.2858115625"><ele>116.000</ele></trkpt>
      <trkpt lat="22.4761261927" lon="114.2858093350"><ele>116.000</ele></trkpt>
      <trkpt lat="22.4761244306" lon="114.2858071104"><ele>116.000</ele></trkpt>
      <trkpt lat="22.4761226657" lon="114.2858048897"><ele>116.000</ele></trkpt>
      <trkpt lat="22.4761208982" lon="114.2858026728"><ele>116.000</ele></trkpt>
      <trkpt lat="22.4761191261" lon="114.2858004599"><ele>116.000</ele></trkpt>
      <trkpt lat="22.4761173513" lon="114.2857982508"><ele>116.000</ele></trkpt>
      <trkpt lat="22.4761155729" lon="114.2857960466"><ele>116.000</ele></trkpt>
      <trkpt lat="22.4761137909" lon="114.2857938463"><ele>114.000</ele></trkpt>
      <trkpt lat="22.4761120053" lon="114.2857916499"><ele>114.000</ele></trkpt>
      <trkpt lat="22.4761102151" lon="114.2857894583"><ele>114.000</ele></trkpt>
      <trkpt lat="22.4761084213" lon="114.2857872716"><ele>114.000</ele></trkpt>
      <trkpt lat="22.4761066240" lon="114.2857850897"><ele>114.000</ele></trkpt>
      <trkpt lat="22.4761048211" lon="114.2857829127"><ele>114.000</ele></trkpt>
      <trkpt lat="22.4761030147" lon="114.2857807406"><ele>114.000</ele></trkpt>
      <trkpt lat="22.4761012119" lon="114.2857785606"><ele>114.000</ele></trkpt>
      <trkpt lat="22.4760994191" lon="114.2857763642"><ele>114.000</ele></trkpt>
      <trkpt lat="22.4760976352" lon="114.2857741532"><ele>114.000</ele></trkpt>
      <trkpt lat="22.4760958587" lon="114.2857719276"><ele>114.000</ele></trkpt>
      <trkpt lat="22.4760940884" lon="114.2857696914"><ele>114.000</ele></trkpt>
      <trkpt lat="22.4760923245" lon="114.2857674444"><ele>114.000</ele></trkpt>
      <trkpt lat="22.4760905651" lon="114.2857651897"><ele>114.000</ele></trkpt>
      <trkpt lat="22.4760888084" lon="114.2857629272"><ele>114.000</ele></trkpt>
      <trkpt lat="22.4760870544" lon="114.2857606599"><ele>114.000</ele></trkpt>
      <trkpt lat="22.4760853013" lon="114.2857583887"><ele>114.000</ele></trkpt>
      <trkpt lat="22.4760835492" lon="114.2857561155"><ele>114.000</ele></trkpt>
      <trkpt lat="22.4760817952" lon="114.2857538423"><ele>114.000</ele></trkpt>
      <trkpt lat="22.4760800403" lon="114.2857515701"><ele>114.000</ele></trkpt>
      <trkpt lat="22.4760782818" lon="114.2857493009"><ele>114.000</ele></trkpt>
      <trkpt lat="22.4760765188" lon="114.2857470364"><ele>114.000</ele></trkpt>
      <trkpt lat="22.4760747513" lon="114.2857447788"><ele>112.000</ele></trkpt>
      <trkpt lat="22.4760729774" lon="114.2857425280"><ele>111.000</ele></trkpt>
      <trkpt lat="22.4760711963" lon="114.2857402878"><ele>111.000</ele></trkpt>
      <trkpt lat="22.4760694071" lon="114.2857380583"><ele>111.000</ele></trkpt>
      <trkpt lat="22.4760676079" lon="114.2857358415"><ele>111.000</ele></trkpt>
      <trkpt lat="22.4760657979" lon="114.2857336392"><ele>111.000</ele></trkpt>
      <trkpt lat="22.4760639770" lon="114.2857314525"><ele>111.000</ele></trkpt>
      <trkpt lat="22.4760621435" lon="114.2857292842"><ele>111.000</ele></trkpt>
      <trkpt lat="22.4760602956" lon="114.2857271353"><ele>111.000</ele></trkpt>
      <trkpt lat="22.4760584331" lon="114.2857250078"><ele>111.000</ele></trkpt>
      <trkpt lat="22.4760565553" lon="114.2857229017"><ele>111.000</ele></trkpt>
      <trkpt lat="22.4760546603" lon="114.2857208208"><ele>111.000</ele></trkpt>
      <trkpt lat="22.4760527473" lon="114.2857187661"><ele>111.000</ele></trkpt>
      <trkpt lat="22.4760508152" lon="114.2857167387"><ele>111.000</ele></trkpt>
      <trkpt lat="22.4760488624" lon="114.2857147403"><ele>111.000</ele></trkpt>
      <trkpt lat="22.4760468888" lon="114.2857127731"><ele>111.000</ele></trkpt>
      <trkpt lat="22.4760448935" lon="114.2857108379"><ele>111.000</ele></trkpt>
      <trkpt lat="22.4760428737" lon="114.2857089376"><ele>111.000</ele></trkpt>
      <trkpt lat="22.4760408305" lon="114.2857070723"><ele>111.000</ele></trkpt>
      <trkpt lat="22.4760387611" lon="114.2857052449"><ele>111.000</ele></trkpt>
      <trkpt lat="22.4760366654" lon="114.2857034563"><ele>111.000</ele></trkpt>
      <trkpt lat="22.4760345417" lon="114.2857017095"><ele>111.000</ele></trkpt>
      <trkpt lat="22.4760323900" lon="114.2857000035"><ele>111.000</ele></trkpt>
      <trkpt lat="22.4760302076" lon="114.2856983422"><ele>111.000</ele></trkpt>
      <trkpt lat="22.4760279999" lon="114.2856967207"><ele>109.000</ele></trkpt>
      <trkpt lat="22.4760257713" lon="114.2856951273"><ele>109.000</ele></trkpt>
      <trkpt lat="22.4760235238" lon="114.2856935631"><ele>109.000</ele></trkpt>
      <trkpt lat="22.4760212582" lon="114.2856920260"><ele>109.000</ele></trkpt>
      <trkpt lat="22.4760189746" lon="114.2856905162"><ele>109.000</ele></trkpt>
      <trkpt lat="22.4760166737" lon="114.2856890306"><ele>109.000</ele></trkpt>
      <trkpt lat="22.4760143557" lon="114.2856875703"><ele>109.000</ele></trkpt>
      <trkpt lat="22.4760120223" lon="114.2856861333"><ele>109.000</ele></trkpt>
      <trkpt lat="22.4760096735" lon="114.2856847196"><ele>109.000</ele></trkpt>
      <trkpt lat="22.4760073103" lon="114.2856833264"><ele>109.000</ele></trkpt>
      <trkpt lat="22.4760049326" lon="114.2856819544"><ele>109.000</ele></trkpt>
      <trkpt lat="22.4760025423" lon="114.2856806009"><ele>109.000</ele></trkpt>
      <trkpt lat="22.4760001384" lon="114.2856792669"><ele>109.000</ele></trkpt>
      <trkpt lat="22.4759977236" lon="114.2856779493"><ele>109.000</ele></trkpt>
      <trkpt lat="22.4759952971" lon="114.2856766493"><ele>109.000</ele></trkpt>
      <trkpt lat="22.4759928607" lon="114.2856753638"><ele>109.000</ele></trkpt>
      <trkpt lat="22.4759904134" lon="114.2856740938"><ele>109.000</ele></trkpt>
      <trkpt lat="22.4759879571" lon="114.2856728365"><ele>109.000</ele></trkpt>
      <trkpt lat="22.4759854926" lon="114.2856715918"><ele>109.000</ele></trkpt>
      <trkpt lat="22.4759830200" lon="114.2856703587"><ele>108.000</ele></trkpt>
      <trkpt lat="22.4759805402" lon="114.2856691363"><ele>108.000</ele></trkpt>
      <trkpt lat="22.4759780532" lon="114.2856679227"><ele>108.000</ele></trkpt>
      <trkpt lat="22.4759755607" lon="114.2856667188"><ele>108.000</ele></trkpt>
      <trkpt lat="22.4759730628" lon="114.2856655217"><ele>108.000</ele></trkpt>
      <trkpt lat="22.4759705603" lon="114.2856643304"><ele>108.000</ele></trkpt>
      <trkpt lat="22.4759680543" lon="114.2856631449"><ele>108.000</ele></trkpt>
      <trkpt lat="22.4759655446" lon="114.2856619643"><ele>108.000</ele></trkpt>
      <trkpt lat="22.4759630323" lon="114.2856607876"><ele>108.000</ele></trkpt>
      <trkpt lat="22.4759605181" lon="114.2856596128"><ele>108.000</ele></trkpt>
      <trkpt lat="22.4759580030" lon="114.2856584390"><ele>108.000</ele></trkpt>
      <trkpt lat="22.4759554861" lon="114.2856572671"><ele>108.000</ele></trkpt>
      <trkpt lat="22.4759529701" lon="114.2856560933"><ele>108.000</ele></trkpt>
      <trkpt lat="22.4759504551" lon="114.2856549185"><ele>108.000</ele></trkpt>
      <trkpt lat="22.4759479409" lon="114.2856537418"><ele>108.000</ele></trkpt>
      <trkpt lat="22.4759454285" lon="114.2856525602"><ele>108.000</ele></trkpt>
      <trkpt lat="22.4759429198" lon="114.2856513747"><ele>108.000</ele></trkpt>
      <trkpt lat="22.4759404137" lon="114.2856501844"><ele>108.000</ele></trkpt>
      <trkpt lat="22.4759379113" lon="114.2856489873"><ele>106.000</ele></trkpt>
      <trkpt lat="22.4759354143" lon="114.2856477824"><ele>106.000</ele></trkpt>
      <trkpt lat="22.4759329227" lon="114.2856465687"><ele>106.000</ele></trkpt>
      <trkpt lat="22.4759304366" lon="114.2856453454"><ele>106.000</ele></trkpt>
      <trkpt lat="22.4759279577" lon="114.2856441123"><ele>106.000</ele></trkpt>
      <trkpt lat="22.4759254860" lon="114.2856428676"><ele>106.000</ele></trkpt>
      <trkpt lat="22.4759230215" lon="114.2856416103"><ele>106.000</ele></trkpt>
      <trkpt lat="22.4759205670" lon="114.2856403393"><ele>106.000</ele></trkpt>
      <trkpt lat="22.4759181206" lon="114.2856390538"><ele>106.000</ele></trkpt>
      <trkpt lat="22.4759156851" lon="114.2856377528"><ele>106.000</ele></trkpt>
      <trkpt lat="22.4759132595" lon="114.2856364352"><ele>106.000</ele></trkpt>
      <trkpt lat="22.4759108457" lon="114.2856351002"><ele>106.000</ele></trkpt>
      <trkpt lat="22.4759084445" lon="114.2856337467"><ele>106.000</ele></trkpt>
      <trkpt lat="22.4759060551" lon="114.2856323738"><ele>106.000</ele></trkpt>
      <trkpt lat="22.4759036792" lon="114.2856309795"><ele>106.000</ele></trkpt>
      <trkpt lat="22.4759013178" lon="114.2856295649"><ele>106.000</ele></trkpt>
      <trkpt lat="22.4758989700" lon="114.2856281269"><ele>106.000</ele></trkpt>
      <trkpt lat="22.4758966384" lon="114.2856266666"><ele>106.000</ele></trkpt>
      <trkpt lat="22.4758943222" lon="114.2856251810"><ele>106.000</ele></trkpt>
      <trkpt lat="22.4758920232" lon="114.2856236692"><ele>106.000</ele></trkpt>
      <trkpt lat="22.4758897414" lon="114.2856221322"><ele>106.000</ele></trkpt>
      <trkpt lat="22.4758874776" lon="114.2856205670"><ele>106.000</ele></trkpt>
      <trkpt lat="22.4758852319" lon="114.2856189726"><ele>106.000</ele></trkpt>
      <trkpt lat="22.4758830061" lon="114.2856173501"><ele>106.000</ele></trkpt>
      <trkpt lat="22.4758808002" lon="114.2856156965"><ele>106.000</ele></trkpt>
      <trkpt lat="22.4758786141" lon="114.2856140119"><ele>106.000</ele></trkpt>
      <trkpt lat="22.4758764417" lon="114.2856123078"><ele>106.000</ele></trkpt>
      <trkpt lat="22.4758742783" lon="114.2856105872"><ele>106.000</ele></trkpt>
      <trkpt lat="22.4758721248" lon="114.2856088520"><ele>106.000</ele></trkpt>
      <trkpt lat="22.4758699812" lon="114.2856071013"><ele>106.000</ele></trkpt>
      <trkpt lat="22.4758678467" lon="114.2856053370"><ele>106.000</ele></trkpt>
      <trkpt lat="22.4758657222" lon="114.2856035581"><ele>106.000</ele></trkpt>
      <trkpt lat="22.4758636057" lon="114.2856017647"><ele>106.000</ele></trkpt>
      <trkpt lat="22.4758614975" lon="114.2855999577"><ele>104.000</ele></trkpt>
      <trkpt lat="22.4758593982" lon="114.2855981380"><ele>104.000</ele></trkpt>
      <trkpt lat="22.4758573071" lon="114.2855963057"><ele>104.000</ele></trkpt>
      <trkpt lat="22.4758552241" lon="114.2855944608"><ele>104.000</ele></trkpt>
      <trkpt lat="22.4758531484" lon="114.2855926033"><ele>104.000</ele></trkpt>
      <trkpt lat="22.4758510808" lon="114.2855907341"><ele>104.000</ele></trkpt>
      <trkpt lat="22.4758490204" lon="114.2855888542"><ele>104.000</ele></trkpt>
      <trkpt lat="22.4758469664" lon="114.2855869627"><ele>104.000</ele></trkpt>
      <trkpt lat="22.4758449195" lon="114.2855850605"><ele>104.000</ele></trkpt>
      <trkpt lat="22.4758428800" lon="114.2855831486"><ele>104.000</ele></trkpt>
      <trkpt lat="22.4758408458" lon="114.2855812260"><ele>104.000</ele></trkpt>
      <trkpt lat="22.4758388180" lon="114.2855792937"><ele>104.000</ele></trkpt>
      <trkpt lat="22.4758367965" lon="114.2855773526"><ele>104.000</ele></trkpt>
      <trkpt lat="22.4758347804" lon="114.2855754018"><ele>104.000</ele></trkpt>
      <trkpt lat="22.4758327706" lon="114.2855734433"><ele>104.000</ele></trkpt>
      <trkpt lat="22.4758307654" lon="114.2855714760"><ele>104.000</ele></trkpt>
      <trkpt lat="22.4758287647" lon="114.2855695010"><ele>104.000</ele></trkpt>
      <trkpt lat="22.4758267694" lon="114.2855675182"><ele>104.000</ele></trkpt>
      <trkpt lat="22.4758247786" lon="114.2855655285"><ele>104.000</ele></trkpt>
      <trkpt lat="22.4758227915" lon="114.2855635321"><ele>104.000</ele></trkpt>
      <trkpt lat="22.4758208098" lon="114.2855615299"><ele>104.000</ele></trkpt>
      <trkpt lat="22.4758188308" lon="114.2855595209"><ele>104.000</ele></trkpt>
      <trkpt lat="22.4758168563" lon="114.2855575060"><ele>104.000</ele></trkpt>
      <trkpt lat="22.4758148845" lon="114.2855554853"><ele>104.000</ele></trkpt>
      <trkpt lat="22.4758129163" lon="114.2855534607"><ele>104.000</ele></trkpt>
      <trkpt lat="22.4758109509" lon="114.2855514313"><ele>102.000</ele></trkpt>
      <trkpt lat="22.4758089881" lon="114.2855493970"><ele>102.000</ele></trkpt>
      <trkpt lat="22.4758070290" lon="114.2855473588"><ele>102.000</ele></trkpt>
      <trkpt lat="22.4758050708" lon="114.2855453167"><ele>102.000</ele></trkpt>
      <trkpt lat="22.4758031153" lon="114.2855432718"><ele>102.000</ele></trkpt>
      <trkpt lat="22.4758011615" lon="114.2855412239"><ele>102.000</ele></trkpt>
      <trkpt lat="22.4757992097" lon="114.2855391741"><ele>102.000</ele></trkpt>
      <trkpt lat="22.4757972587" lon="114.2855371213"><ele>102.000</ele></trkpt>
      <trkpt lat="22.4757953086" lon="114.2855350666"><ele>102.000</ele></trkpt>
      <trkpt lat="22.4757933603" lon="114.2855330110"><ele>102.000</ele></trkpt>
      <trkpt lat="22.4757914120" lon="114.2855309534"><ele>102.000</ele></trkpt>
      <trkpt lat="22.4757894646" lon="114.2855288958"><ele>102.000</ele></trkpt>
      <trkpt lat="22.4757875182" lon="114.2855268382"><ele>102.000</ele></trkpt>
      <trkpt lat="22.4757855708" lon="114.2855247796"><ele>102.000</ele></trkpt>
      <trkpt lat="22.4757836234" lon="114.2855227210"><ele>102.000</ele></trkpt>
      <trkpt lat="22.4757816751" lon="114.2855206644"><ele>102.000</ele></trkpt>
      <trkpt lat="22.4757797269" lon="114.2855186078"><ele>102.000</ele></trkpt>
      <trkpt lat="22.4757777777" lon="114.2855165531"><ele>102.000</ele></trkpt>
      <trkpt lat="22.4757758276" lon="114.2855144994"><ele>102.000</ele></trkpt>
      <trkpt lat="22.4757738757" lon="114.2855124486"><ele>102.000</ele></trkpt>
      <trkpt lat="22.4757719229" lon="114.2855103997"><ele>102.000</ele></trkpt>
      <trkpt lat="22.4757699674" lon="114.2855083528"><ele>102.000</ele></trkpt>
      <trkpt lat="22.4757680101" lon="114.2855063108"><ele>102.000</ele></trkpt>
      <trkpt lat="22.4757660509" lon="114.2855042706"><ele>102.000</ele></trkpt>
      <trkpt lat="22.4757640891" lon="114.2855022354"><ele>99.000</ele></trkpt>
      <trkpt lat="22.4757621245" lon="114.2855002040"><ele>99.000</ele></trkpt>
      <trkpt lat="22.4757601573" lon="114.2854981775"><ele>99.000</ele></trkpt>
      <trkpt lat="22.4757581873" lon="114.2854961548"><ele>100.000</ele></trkpt>
      <trkpt lat="22.4757562137" lon="114.2854941380"><ele>100.000</ele></trkpt>
      <trkpt lat="22.4757542356" lon="114.2854921271"><ele>100.000</ele></trkpt>
      <trkpt lat="22.4757522548" lon="114.2854901219"><ele>100.000</ele></trkpt>
      <trkpt lat="22.4757502694" lon="114.2854881236"><ele>100.000</ele></trkpt>
      <trkpt lat="22.4757482796" lon="114.2854861310"><ele>100.000</ele></trkpt>
      <trkpt lat="22.4757462861" lon="114.2854841463"><ele>100.000</ele></trkpt>
      <trkpt lat="22.4757442872" lon="114.2854821683"><ele>100.000</ele></trkpt>
      <trkpt lat="22.4757422829" lon="114.2854801981"><ele>100.000</ele></trkpt>
      <trkpt lat="22.4757402740" lon="114.2854782367"><ele>100.000</ele></trkpt>
      <trkpt lat="22.4757382597" lon="114.2854762830"><ele>100.000</ele></trkpt>
      <trkpt lat="22.4757362401" lon="114.2854743380"><ele>100.000</ele></trkpt>
      <trkpt lat="22.4757342140" lon="114.2854724028"><ele>100.000</ele></trkpt>
      <trkpt lat="22.4757321826" lon="114.2854704763"><ele>100.000</ele></trkpt>
      <trkpt lat="22.4757301439" lon="114.2854685605"><ele>100.000</ele></trkpt>
      <trkpt lat="22.4757280989" lon="114.2854666544"><ele>100.000</ele></trkpt>
      <trkpt lat="22.4757260476" lon="114.2854647590"><ele>100.000</ele></trkpt>
      <trkpt lat="22.4757239890" lon="114.2854628743"><ele>100.000</ele></trkpt>
      <trkpt lat="22.4757219232" lon="114.2854610012"><ele>100.000</ele></trkpt>
      <trkpt lat="22.4757198502" lon="114.2854591398"><ele>100.000</ele></trkpt>
      <trkpt lat="22.4757177690" lon="114.2854572901"><ele>100.000</ele></trkpt>
      <trkpt lat="22.4757156806" lon="114.2854554529"><ele>100.000</ele></trkpt>
      <trkpt lat="22.4757135841" lon="114.2854536284"><ele>96.000</ele></trkpt>
      <trkpt lat="22.4757114785" lon="114.2854518175"><ele>98.000</ele></trkpt>
      <trkpt lat="22.4757093648" lon="114.2854500192"><ele>98.000</ele></trkpt>
      <trkpt lat="22.4757072420" lon="114.2854482345"><ele>98.000</ele></trkpt>
      <trkpt lat="22.4757051102" lon="114.2854464644"><ele>98.000</ele></trkpt>
      <trkpt lat="22.4757029694" lon="114.2854447089"><ele>98.000</ele></trkpt>
      <trkpt lat="22.4757008195" lon="114.2854429679"><ele>98.000</ele></trkpt>
      <trkpt lat="22.4756986588" lon="114.2854412424"><ele>98.000</ele></trkpt>
      <trkpt lat="22.4756964891" lon="114.2854395325"><ele>98.000</ele></trkpt>
      <trkpt lat="22.4756943085" lon="114.2854378391"><ele>98.000</ele></trkpt>
      <trkpt lat="22.4756921089" lon="114.2854361739"><ele>98.000</ele></trkpt>
      <trkpt lat="22.4756898903" lon="114.2854345378"><ele>98.000</ele></trkpt>
      <trkpt lat="22.4756876536" lon="114.2854329299"><ele>98.000</ele></trkpt>
      <trkpt lat="22.4756853980" lon="114.2854313501"><ele>98.000</ele></trkpt>
      <trkpt lat="22.4756831261" lon="114.2854297965"><ele>98.000</ele></trkpt>
      <trkpt lat="22.4756808361" lon="114.2854282682"><ele>98.000</ele></trkpt>
      <trkpt lat="22.4756785308" lon="114.2854267652"><ele>98.000</ele></trkpt>
      <trkpt lat="22.4756762091" lon="114.2854252864"><ele>98.000</ele></trkpt>
      <trkpt lat="22.4756738730" lon="114.2854238300"><ele>98.000</ele></trkpt>
      <trkpt lat="22.4756715216" lon="114.2854223949"><ele>98.000</ele></trkpt>
      <trkpt lat="22.4756691575" lon="114.2854209812"><ele>98.000</ele></trkpt>
      <trkpt lat="22.4756667798" lon="114.2854195879"><ele>96.000</ele></trkpt>
      <trkpt lat="22.4756643895" lon="114.2854182141"><ele>96.000</ele></trkpt>
      <trkpt lat="22.4756619883" lon="114.2854168577"><ele>96.000</ele></trkpt>
      <trkpt lat="22.4756595745" lon="114.2854155197"><ele>96.000</ele></trkpt>
      <trkpt lat="22.4756571507" lon="114.2854141973"><ele>96.000</ele></trkpt>
      <trkpt lat="22.4756547170" lon="114.2854128905"><ele>96.000</ele></trkpt>
      <trkpt lat="22.4756522742" lon="114.2854115982"><ele>96.000</ele></trkpt>
      <trkpt lat="22.4756498215" lon="114.2854103185"><ele>96.000</ele></trkpt>
      <trkpt lat="22.4756473616" lon="114.2854090524"><ele>96.000</ele></trkpt>
      <trkpt lat="22.4756448944" lon="114.2854077980"><ele>96.000</ele></trkpt>
      <trkpt lat="22.4756424191" lon="114.2854065543"><ele>96.000</ele></trkpt>
      <trkpt lat="22.4756399384" lon="114.2854053202"><ele>95.000</ele></trkpt>
      <trkpt lat="22.4756374522" lon="114.2854040950"><ele>95.000</ele></trkpt>
      <trkpt lat="22.4756349607" lon="114.2854028774"><ele>95.000</ele></trkpt>
      <trkpt lat="22.4756324646" lon="114.2854016677"><ele>95.000</ele></trkpt>
      <trkpt lat="22.4756299649" lon="114.2854004638"><ele>95.000</ele></trkpt>
      <trkpt lat="22.4756274624" lon="114.2853992647"><ele>95.000</ele></trkpt>
      <trkpt lat="22.4756249573" lon="114.2853980705"><ele>95.000</ele></trkpt>
      <trkpt lat="22.4756224495" lon="114.2853968792"><ele>94.000</ele></trkpt>
      <trkpt lat="22.4756199416" lon="114.2853956899"><ele>94.000</ele></trkpt>
      <trkpt lat="22.4756174320" lon="114.2853945025"><ele>94.000</ele></trkpt>
      <trkpt lat="22.4756149232" lon="114.2853933160"><ele>94.000</ele></trkpt>
      <trkpt lat="22.4756124144" lon="114.2853921277"><ele>94.000</ele></trkpt>
      <trkpt lat="22.4756099066" lon="114.2853909393"><ele>94.000</ele></trkpt>
      <trkpt lat="22.4756074006" lon="114.2853897480"><ele>94.000</ele></trkpt>
      <trkpt lat="22.4756048981" lon="114.2853885538"><ele>94.000</ele></trkpt>
      <trkpt lat="22.4756023975" lon="114.2853873557"><ele>94.000</ele></trkpt>
      <trkpt lat="22.4755999014" lon="114.2853861518"><ele>94.000</ele></trkpt>
      <trkpt lat="22.4755974089" lon="114.2853849420"><ele>94.000</ele></trkpt>
      <trkpt lat="22.4755949219" lon="114.2853837255"><ele>94.000</ele></trkpt>
      <trkpt lat="22.4755924402" lon="114.2853825012"><ele>94.000</ele></trkpt>
      <trkpt lat="22.4755899649" lon="114.2853812681"><ele>94.000</ele></trkpt>
      <trkpt lat="22.4755874960" lon="114.2853800254"><ele>94.000</ele></trkpt>
      <trkpt lat="22.4755850351" lon="114.2853787710"><ele>94.000</ele></trkpt>
      <trkpt lat="22.4755825815" lon="114.2853775059"><ele>94.000</ele></trkpt>
      <trkpt lat="22.4755801369" lon="114.2853762282"><ele>94.000</ele></trkpt>
      <trkpt lat="22.4755777014" lon="114.2853749368"><ele>94.000</ele></trkpt>
      <trkpt lat="22.4755752767" lon="114.2853736309"><ele>94.000</ele></trkpt>
      <trkpt lat="22.4755728620" lon="114.2853723095"><ele>94.000</ele></trkpt>
      <trkpt lat="22.4755704581" lon="114.2853709726"><ele>94.000</ele></trkpt>
      <trkpt lat="22.4755680659" lon="114.2853696181"><ele>94.000</ele></trkpt>
      <trkpt lat="22.4755656864" lon="114.2853682452"><ele>94.000</ele></trkpt>
      <trkpt lat="22.4755633205" lon="114.2853668529"><ele>94.000</ele></trkpt>
      <trkpt lat="22.4755609672" lon="114.2853654412"><ele>94.000</ele></trkpt>
      <trkpt lat="22.4755586293" lon="114.2853640081"><ele>94.000</ele></trkpt>
      <trkpt lat="22.4755563049" lon="114.2853625536"><ele>94.000</ele></trkpt>
      <trkpt lat="22.4755539969" lon="114.2853610758"><ele>94.000</ele></trkpt>
      <trkpt lat="22.4755517050" lon="114.2853595747"><ele>94.000</ele></trkpt>
      <trkpt lat="22.4755494304" lon="114.2853580493"><ele>94.000</ele></trkpt>
      <trkpt lat="22.4755471720" lon="114.2853564978"><ele>92.000</ele></trkpt>
      <trkpt lat="22.4755449327" lon="114.2853549199"><ele>92.000</ele></trkpt>
      <trkpt lat="22.4755427114" lon="114.2853533140"><ele>92.000</ele></trkpt>
      <trkpt lat="22.4755405090" lon="114.2853516798"><ele>92.000</ele></trkpt>
      <trkpt lat="22.4755383230" lon="114.2853500156"><ele>92.000</ele></trkpt>
      <trkpt lat="22.4755361496" lon="114.2853483203"><ele>92.000</ele></trkpt>
      <trkpt lat="22.4755339898" lon="114.2853465948"><ele>92.000</ele></trkpt>
      <trkpt lat="22.4755318435" lon="114.2853448402"><ele>92.000</ele></trkpt>
      <trkpt lat="22.4755297118" lon="114.2853430565"><ele>92.000</ele></trkpt>
      <trkpt lat="22.4755275935" lon="114.2853412436"><ele>92.000</ele></trkpt>
      <trkpt lat="22.4755254898" lon="114.2853394046"><ele>92.000</ele></trkpt>
      <trkpt lat="22.4755234005" lon="114.2853375373"><ele>92.000</ele></trkpt>
      <trkpt lat="22.4755213257" lon="114.2853356448"><ele>92.000</ele></trkpt>
      <trkpt lat="22.4755192653" lon="114.2853337261"><ele>92.000</ele></trkpt>
      <trkpt lat="22.4755172204" lon="114.2853317831"><ele>92.000</ele></trkpt>
      <trkpt lat="22.4755151916" lon="114.2853298148"><ele>92.000</ele></trkpt>
      <trkpt lat="22.4755131774" lon="114.2853278232"><ele>92.000</ele></trkpt>
      <trkpt lat="22.4755111794" lon="114.2853258084"><ele>92.000</ele></trkpt>
      <trkpt lat="22.4755091968" lon="114.2853237721"><ele>92.000</ele></trkpt>
      <trkpt lat="22.4755072314" lon="114.2853217126"><ele>92.000</ele></trkpt>
      <trkpt lat="22.4755052813" lon="114.2853196336"><ele>92.000</ele></trkpt>
      <trkpt lat="22.4755033484" lon="114.2853175333"><ele>92.000</ele></trkpt>
      <trkpt lat="22.4755014318" lon="114.2853154135"><ele>92.000</ele></trkpt>
      <trkpt lat="22.4754995323" lon="114.2853132743"><ele>92.000</ele></trkpt>
      <trkpt lat="22.4754976500" lon="114.2853111167"><ele>92.000</ele></trkpt>
      <trkpt lat="22.4754957858" lon="114.2853089416"><ele>90.000</ele></trkpt>
      <trkpt lat="22.4754939387" lon="114.2853067490"><ele>90.000</ele></trkpt>
      <trkpt lat="22.4754921089" lon="114.2853045399"><ele>90.000</ele></trkpt>
      <trkpt lat="22.4754902980" lon="114.2853023153"><ele>90.000</ele></trkpt>
      <trkpt lat="22.4754885042" lon="114.2853000752"><ele>90.000</ele></trkpt>
      <trkpt lat="22.4754867295" lon="114.2852978215"><ele>89.000</ele></trkpt>
      <trkpt lat="22.4754849737" lon="114.2852955522"><ele>89.000</ele></trkpt>
      <trkpt lat="22.4754832368" lon="114.2852932713"><ele>89.000</ele></trkpt>
      <trkpt lat="22.4754815190" lon="114.2852909768"><ele>89.000</ele></trkpt>
      <trkpt lat="22.4754798201" lon="114.2852886706"><ele>89.000</ele></trkpt>
      <trkpt lat="22.4754781402" lon="114.2852863528"><ele>89.000</ele></trkpt>
      <trkpt lat="22.4754764811" lon="114.2852840253"><ele>89.000</ele></trkpt>
      <trkpt lat="22.4754748409" lon="114.2852816872"><ele>89.000</ele></trkpt>
      <trkpt lat="22.4754732216" lon="114.2852793403"><ele>89.000</ele></trkpt>
      <trkpt lat="22.4754716220" lon="114.2852769837"><ele>89.000</ele></trkpt>
      <trkpt lat="22.4754700433" lon="114.2852746203"><ele>89.000</ele></trkpt>
      <trkpt lat="22.4754684854" lon="114.2852722492"><ele>89.000</ele></trkpt>
      <trkpt lat="22.4754669482" lon="114.2852698703"><ele>89.000</ele></trkpt>
      <trkpt lat="22.4754654318" lon="114.2852674865"><ele>89.000</ele></trkpt>
      <trkpt lat="22.4754639370" lon="114.2852650970"><ele>89.000</ele></trkpt>
      <trkpt lat="22.4754624676" lon="114.2852626929"><ele>89.000</ele></trkpt>
      <trkpt lat="22.4754610253" lon="114.2852602693"><ele>88.000</ele></trkpt>
      <trkpt lat="22.4754596082" lon="114.2852578254"><ele>88.000</ele></trkpt>
      <trkpt lat="22.4754582165" lon="114.2852553641"><ele>88.000</ele></trkpt>
      <trkpt lat="22.4754568482" lon="114.2852528833"><ele>88.000</ele></trkpt>
      <trkpt lat="22.4754555044" lon="114.2852503860"><ele>88.000</ele></trkpt>
      <trkpt lat="22.4754541822" lon="114.2852478712"><ele>88.000</ele></trkpt>
      <trkpt lat="22.4754528817" lon="114.2852453409"><ele>88.000</ele></trkpt>
      <trkpt lat="22.4754516029" lon="114.2852427951"><ele>88.000</ele></trkpt>
      <trkpt lat="22.4754503431" lon="114.2852402347"><ele>88.000</ele></trkpt>
      <trkpt lat="22.4754491032" lon="114.2852376588"><ele>88.000</ele></trkpt>
      <trkpt lat="22.4754478813" lon="114.2852350703"><ele>88.000</ele></trkpt>
      <trkpt lat="22.4754466766" lon="114.2852324691"><ele>88.000</ele></trkpt>
      <trkpt lat="22.4754454881" lon="114.2852298553"><ele>88.000</ele></trkpt>
      <trkpt lat="22.4754443159" lon="114.2852272299"><ele>88.000</ele></trkpt>
      <trkpt lat="22.4754431591" lon="114.2852245938"><ele>88.000</ele></trkpt>
      <trkpt lat="22.4754420158" lon="114.2852219470"><ele>88.000</ele></trkpt>
      <trkpt lat="22.4754408861" lon="114.2852192906"><ele>88.000</ele></trkpt>
      <trkpt lat="22.4754397690" lon="114.2852166244"><ele>88.000</ele></trkpt>
      <trkpt lat="22.4754386628" lon="114.2852139504"><ele>88.000</ele></trkpt>
      <trkpt lat="22.4754375674" lon="114.2852112687"><ele>86.000</ele></trkpt>
      <trkpt lat="22.4754364819" lon="114.2852085802"><ele>86.000</ele></trkpt>
      <trkpt lat="22.4754354055" lon="114.2852058849"><ele>86.000</ele></trkpt>
      <trkpt lat="22.4754343372" lon="114.2852031838"><ele>86.000</ele></trkpt>
      <trkpt lat="22.4754332762" lon="114.2852004778"><ele>86.000</ele></trkpt>
      <trkpt lat="22.4754322223" lon="114.2851977670"><ele>86.000</ele></trkpt>
      <trkpt lat="22.4754311730" lon="114.2851950522"><ele>86.000</ele></trkpt>
      <trkpt lat="22.4754301291" lon="114.2851923346"><ele>86.000</ele></trkpt>
      <trkpt lat="22.4754290897" lon="114.2851896141"><ele>86.000</ele></trkpt>
      <trkpt lat="22.4754280531" lon="114.2851868916"><ele>86.000</ele></trkpt>
      <trkpt lat="22.4754270182" lon="114.2851841681"><ele>86.000</ele></trkpt>
      <trkpt lat="22.4754259852" lon="114.2851814437"><ele>86.000</ele></trkpt>
      <trkpt lat="22.4754249521" lon="114.2851787193"><ele>86.000</ele></trkpt>
      <trkpt lat="22.4754239200" lon="114.2851759959"><ele>86.000</ele></trkpt>
      <trkpt lat="22.4754228860" lon="114.2851732734"><ele>86.000</ele></trkpt>
      <trkpt lat="22.4754218502" lon="114.2851705528"><ele>86.000</ele></trkpt>
      <trkpt lat="22.4754208108" lon="114.2851678352"><ele>86.000</ele></trkpt>
      <trkpt lat="22.4754197688" lon="114.2851651205"><ele>86.000</ele></trkpt>
      <trkpt lat="22.4754187221" lon="114.2851624097"><ele>84.000</ele></trkpt>
      <trkpt lat="22.4754176701" lon="114.2851597037"><ele>84.000</ele></trkpt>
      <trkpt lat="22.4754166118" lon="114.2851570016"><ele>84.000</ele></trkpt>
      <trkpt lat="22.4754155471" lon="114.2851543063"><ele>84.000</ele></trkpt>
      <trkpt lat="22.4754144734" lon="114.2851516178"><ele>84.000</ele></trkpt>
      <trkpt lat="22.4754133915" lon="114.2851489361"><ele>84.000</ele></trkpt>
      <trkpt lat="22.4754123006" lon="114.2851462622"><ele>84.000</ele></trkpt>
      <trkpt lat="22.4754111989" lon="114.2851435960"><ele>84.000</ele></trkpt>
      <trkpt lat="22.4754100872" lon="114.2851409376"><ele>84.000</ele></trkpt>
      <trkpt lat="22.4754089693" lon="114.2851382802"><ele>84.000</ele></trkpt>
      <trkpt lat="22.4754078449" lon="114.2851356237"><ele>84.000</ele></trkpt>
      <trkpt lat="22.4754067134" lon="114.2851329691"><ele>84.000</ele></trkpt>
      <trkpt lat="22.4754055765" lon="114.2851303156"><ele>84.000</ele></trkpt>
      <trkpt lat="22.4754044341" lon="114.2851276630"><ele>84.000</ele></trkpt>
      <trkpt lat="22.4754032863" lon="114.2851250123"><ele>84.000</ele></trkpt>
      <trkpt lat="22.4754021331" lon="114.2851223616"><ele>84.000</ele></trkpt>
      <trkpt lat="22.4754009745" lon="114.2851197129"><ele>84.000</ele></trkpt>
      <trkpt lat="22.4753998104" lon="114.2851170642"><ele>84.000</ele></trkpt>
      <trkpt lat="22.4753986428" lon="114.2851144174"><ele>82.000</ele></trkpt>
      <trkpt lat="22.4753974697" lon="114.2851117706"><ele>82.000</ele></trkpt>
      <trkpt lat="22.4753962921" lon="114.2851091248"><ele>82.000</ele></trkpt>
      <trkpt lat="22.4753951109" lon="114.2851064799"><ele>82.000</ele></trkpt>
      <trkpt lat="22.4753939260" lon="114.2851038360"><ele>82.000</ele></trkpt>
      <trkpt lat="22.4753927367" lon="114.2851011931"><ele>82.000</ele></trkpt>
      <trkpt lat="22.4753915447" lon="114.2850985502"><ele>82.000</ele></trkpt>
      <trkpt lat="22.4753903481" lon="114.2850959082"><ele>82.000</ele></trkpt>
      <trkpt lat="22.4753891497" lon="114.2850932673"><ele>82.000</ele></trkpt>
      <trkpt lat="22.4753879478" lon="114.2850906263"><ele>82.000</ele></trkpt>
      <trkpt lat="22.4753867431" lon="114.2850879853"><ele>82.000</ele></trkpt>
      <trkpt lat="22.4753855357" lon="114.2850853453"><ele>82.000</ele></trkpt>
      <trkpt lat="22.4753843265" lon="114.2850827062"><ele>82.000</ele></trkpt>
      <trkpt lat="22.4753831154" lon="114.2850800672"><ele>82.000</ele></trkpt>
      <trkpt lat="22.4753819017" lon="114.2850774281"><ele>82.000</ele></trkpt>
      <trkpt lat="22.4753806862" lon="114.2850747900"><ele>82.000</ele></trkpt>
      <trkpt lat="22.4753794698" lon="114.2850721510"><ele>82.000</ele></trkpt>
      <trkpt lat="22.4753782524" lon="114.2850695129"><ele>82.000</ele></trkpt>
      <trkpt lat="22.4753770333" lon="114.2850668748"><ele>82.000</ele></trkpt>
      <trkpt lat="22.4753758132" lon="114.2850642377"><ele>80.000</ele></trkpt>
      <trkpt lat="22.4753745932" lon="114.2850615996"><ele>80.000</ele></trkpt>
      <trkpt lat="22.4753733723" lon="114.2850589615"><ele>80.000</ele></trkpt>
      <trkpt lat="22.4753721504" lon="114.2850563234"><ele>80.000</ele></trkpt>
      <trkpt lat="22.4753709295" lon="114.2850536854"><ele>80.000</ele></trkpt>
      <trkpt lat="22.4753697085" lon="114.2850510473"><ele>80.000</ele></trkpt>
      <trkpt lat="22.4753684876" lon="114.2850484092"><ele>80.000</ele></trkpt>
      <trkpt lat="22.4753672675" lon="114.2850457711"><ele>80.000</ele></trkpt>
      <trkpt lat="22.4753660475" lon="114.2850431320"><ele>80.000</ele></trkpt>
      <trkpt lat="22.4753648292" lon="114.2850404940"><ele>80.000</ele></trkpt>
      <trkpt lat="22.4753636119" lon="114.2850378539"><ele>80.000</ele></trkpt>
      <trkpt lat="22.4753623955" lon="114.2850352149"><ele>80.000</ele></trkpt>
      <trkpt lat="22.4753611808" lon="114.2850325749"><ele>80.000</ele></trkpt>
      <trkpt lat="22.4753599680" lon="114.2850299339"><ele>80.000</ele></trkpt>
      <trkpt lat="22.4753587570" lon="114.2850272929"><ele>80.000</ele></trkpt>
      <trkpt lat="22.4753575487" lon="114.2850246509"><ele>80.000</ele></trkpt>
      <trkpt lat="22.4753563422" lon="114.2850220089"><ele>80.000</ele></trkpt>
      <trkpt lat="22.4753551384" lon="114.2850193660"><ele>80.000</ele></trkpt>
      <trkpt lat="22.4753539383" lon="114.2850167231"><ele>78.000</ele></trkpt>
      <trkpt lat="22.4753527399" lon="114.2850140782"><ele>78.000</ele></trkpt>
      <trkpt lat="22.4753515451" lon="114.2850114334"><ele>78.000</ele></trkpt>
      <trkpt lat="22.4753503540" lon="114.2850087875"><ele>78.000</ele></trkpt>
      <trkpt lat="22.4753491665" lon="114.2850061407"><ele>78.000</ele></trkpt>
      <trkpt lat="22.4753479825" lon="114.2850034929"><ele>78.000</ele></trkpt>
      <trkpt lat="22.4753468022" lon="114.2850008452"><ele>78.000</ele></trkpt>
      <trkpt lat="22.4753456264" lon="114.2849981955"><ele>78.000</ele></trkpt>
      <trkpt lat="22.4753444552" lon="114.2849955448"><ele>78.000</ele></trkpt>
      <trkpt lat="22.4753432884" lon="114.2849928931"><ele>78.000</ele></trkpt>
      <trkpt lat="22.4753421271" lon="114.2849902405"><ele>78.000</ele></trkpt>
      <trkpt lat="22.4753409703" lon="114.2849875860"><ele>78.000</ele></trkpt>
      <trkpt lat="22.4753398180" lon="114.2849849314"><ele>78.000</ele></trkpt>
      <trkpt lat="22.4753386720" lon="114.2849822749"><ele>78.000</ele></trkpt>
      <trkpt lat="22.4753375314" lon="114.2849796175"><ele>78.000</ele></trkpt>
      <trkpt lat="22.4753363963" lon="114.2849769581"><ele>78.000</ele></trkpt>
      <trkpt lat="22.4753352674" lon="114.2849742977"><ele>78.000</ele></trkpt>
      <trkpt lat="22.4753341449" lon="114.2849716354"><ele>78.000</ele></trkpt>
      <trkpt lat="22.4753330297" lon="114.2849689722"><ele>78.000</ele></trkpt>
      <trkpt lat="22.4753319198" lon="114.2849663079"><ele>76.000</ele></trkpt>
      <trkpt lat="22.4753308172" lon="114.2849636418"><ele>76.000</ele></trkpt>
      <trkpt lat="22.4753297218" lon="114.2849609736"><ele>76.000</ele></trkpt>
      <trkpt lat="22.4753286336" lon="114.2849583036"><ele>76.000</ele></trkpt>
      <trkpt lat="22.4753275526" lon="114.2849556326"><ele>76.000</ele></trkpt>
      <trkpt lat="22.4753264798" lon="114.2849529596"><ele>76.000</ele></trkpt>
      <trkpt lat="22.4753254142" lon="114.2849502848"><ele>76.000</ele></trkpt>
      <trkpt lat="22.4753243576" lon="114.2849476079"><ele>76.000</ele></trkpt>
      <trkpt lat="22.4753233083" lon="114.2849449292"><ele>76.000</ele></trkpt>
      <trkpt lat="22.4753222680" lon="114.2849422494"><ele>76.000</ele></trkpt>
      <trkpt lat="22.4753212358" lon="114.2849395668"><ele>76.000</ele></trkpt>
      <trkpt lat="22.4753202135" lon="114.2849368822"><ele>76.000</ele></trkpt>
      <trkpt lat="22.4753191994" lon="114.2849341957"><ele>76.000</ele></trkpt>
      <trkpt lat="22.4753181952" lon="114.2849315073"><ele>76.000</ele></trkpt>
      <trkpt lat="22.4753172001" lon="114.2849288169"><ele>76.000</ele></trkpt>
      <trkpt lat="22.4753162149" lon="114.2849261246"><ele>76.000</ele></trkpt>
      <trkpt lat="22.4753152396" lon="114.2849234294"><ele>76.000</ele></trkpt>
      <trkpt lat="22.4753142742" lon="114.2849207322"><ele>76.000</ele></trkpt>
      <trkpt lat="22.4753133188" lon="114.2849180322"><ele>74.000</ele></trkpt>
      <trkpt lat="22.4753123742" lon="114.2849153302"><ele>74.000</ele></trkpt>
      <trkpt lat="22.4753114405" lon="114.2849126262"><ele>74.000</ele></trkpt>
      <trkpt lat="22.4753105176" lon="114.2849099194"><ele>74.000</ele></trkpt>
      <trkpt lat="22.4753096064" lon="114.2849072106"><ele>74.000</ele></trkpt>
      <trkpt lat="22.4753087061" lon="114.2849044989"><ele>74.000</ele></trkpt>
      <trkpt lat="22.4753078166" lon="114.2849017843"><ele>74.000</ele></trkpt>
      <trkpt lat="22.4753069398" lon="114.2848990678"><ele>75.000</ele></trkpt>
      <trkpt lat="22.4753060747" lon="114.2848963484"><ele>75.000</ele></trkpt>
      <trkpt lat="22.4753052213" lon="114.2848936260"><ele>75.000</ele></trkpt>
      <trkpt lat="22.4753043806" lon="114.2848909008"><ele>75.000</ele></trkpt>
      <trkpt lat="22.4753035526" lon="114.2848881736"><ele>75.000</ele></trkpt>
      <trkpt lat="22.4753027371" lon="114.2848854426"><ele>75.000</ele></trkpt>
      <trkpt lat="22.4753019344" lon="114.2848827096"><ele>75.000</ele></trkpt>
      <trkpt lat="22.4753011451" lon="114.2848799737"><ele>75.000</ele></trkpt>
      <trkpt lat="22.4753003695" lon="114.2848772340"><ele>75.000</ele></trkpt>
      <trkpt lat="22.4752996073" lon="114.2848744923"><ele>75.000</ele></trkpt>
      <trkpt lat="22.4752988587" lon="114.2848717467"><ele>75.000</ele></trkpt>
      <trkpt lat="22.4752981237" lon="114.2848689982"><ele>74.000</ele></trkpt>
      <trkpt lat="22.4752974031" lon="114.2848662468"><ele>74.000</ele></trkpt>
      <trkpt lat="22.4752967087" lon="114.2848634887"><ele>74.000</ele></trkpt>
      <trkpt lat="22.4752960577" lon="114.2848607189"><ele>74.000</ele></trkpt>
      <trkpt lat="22.4752954500" lon="114.2848579375"><ele>74.000</ele></trkpt>
      <trkpt lat="22.4752948838" lon="114.2848551454"><ele>74.000</ele></trkpt>
      <trkpt lat="22.4752943592" lon="114.2848523427"><ele>74.000</ele></trkpt>
      <trkpt lat="22.4752938744" lon="114.2848495293"><ele>74.000</ele></trkpt>
      <trkpt lat="22.4752934284" lon="114.2848467052"><ele>74.000</ele></trkpt>
      <trkpt lat="22.4752930203" lon="114.2848438725"><ele>74.000</ele></trkpt>
      <trkpt lat="22.4752926492" lon="114.2848410291"><ele>74.000</ele></trkpt>
      <trkpt lat="22.4752923134" lon="114.2848381769"><ele>74.000</ele></trkpt>
      <trkpt lat="22.4752920128" lon="114.2848353170"><ele>74.000</ele></trkpt>
      <trkpt lat="22.4752917465" lon="114.2848324475"><ele>74.000</ele></trkpt>
      <trkpt lat="22.4752915118" lon="114.2848295701"><ele>74.000</ele></trkpt>
      <trkpt lat="22.4752913088" lon="114.2848266860"><ele>74.000</ele></trkpt>
      <trkpt lat="22.4752911364" lon="114.2848237932"><ele>74.000</ele></trkpt>
      <trkpt lat="22.4752909939" lon="114.2848208946"><ele>72.000</ele></trkpt>
      <trkpt lat="22.4752908793" lon="114.2848179882"><ele>72.000</ele></trkpt>
      <trkpt lat="22.4752907928" lon="114.2848150760"><ele>72.000</ele></trkpt>
      <trkpt lat="22.4752907324" lon="114.2848121571"><ele>72.000</ele></trkpt>
      <trkpt lat="22.4752906974" lon="114.2848092333"><ele>72.000</ele></trkpt>
      <trkpt lat="22.4752906858" lon="114.2848063036"><ele>72.000</ele></trkpt>
      <trkpt lat="22.4752906986" lon="114.2848033692"><ele>72.000</ele></trkpt>
      <trkpt lat="22.4752907331" lon="114.2848004299"><ele>72.000</ele></trkpt>
      <trkpt lat="22.4752907883" lon="114.2847974867"><ele>72.000</ele></trkpt>
      <trkpt lat="22.4752908634" lon="114.2847945387"><ele>72.000</ele></trkpt>
      <trkpt lat="22.4752909584" lon="114.2847915878"><ele>72.000</ele></trkpt>
      <trkpt lat="22.4752910706" lon="114.2847886330"><ele>72.000</ele></trkpt>
      <trkpt lat="22.4752912008" lon="114.2847856753"><ele>72.000</ele></trkpt>
      <trkpt lat="22.4752913455" lon="114.2847827157"><ele>72.000</ele></trkpt>
      <trkpt lat="22.4752915064" lon="114.2847797532"><ele>72.000</ele></trkpt>
      <trkpt lat="22.4752916799" lon="114.2847767887"><ele>72.000</ele></trkpt>
      <trkpt lat="22.4752918670" lon="114.2847738223"><ele>72.000</ele></trkpt>
      <trkpt lat="22.4752920650" lon="114.2847708550"><ele>72.000</ele></trkpt>
      <trkpt lat="22.4752922747" lon="114.2847678866"><ele>72.000</ele></trkpt>
      <trkpt lat="22.4752924934" lon="114.2847649183"><ele>72.000</ele></trkpt>
      <trkpt lat="22.4752927202" lon="114.2847619491"><ele>72.000</ele></trkpt>
      <trkpt lat="22.4752929552" lon="114.2847589798"><ele>72.000</ele></trkpt>
      <trkpt lat="22.4752931965" lon="114.2847560105"><ele>72.000</ele></trkpt>
      <trkpt lat="22.4752934432" lon="114.2847530432"><ele>72.000</ele></trkpt>
      <trkpt lat="22.4752936935" lon="114.2847500759"><ele>72.000</ele></trkpt>
      <trkpt lat="22.4752939484" lon="114.2847471105"><ele>72.000</ele></trkpt>
      <trkpt lat="22.4752942050" lon="114.2847441471"><ele>72.000</ele></trkpt>
      <trkpt lat="22.4752944625" lon="114.2847411847"><ele>72.000</ele></trkpt>
      <trkpt lat="22.4752947201" lon="114.2847382261"><ele>72.000</ele></trkpt>
      <trkpt lat="22.4752949776" lon="114.2847352695"><ele>72.000</ele></trkpt>
      <trkpt lat="22.4752952325" lon="114.2847323168"><ele>72.000</ele></trkpt>
      <trkpt lat="22.4752954846" lon="114.2847293669"><ele>72.000</ele></trkpt>
      <trkpt lat="22.4752957331" lon="114.2847264200"><ele>72.000</ele></trkpt>
      <trkpt lat="22.4752959762" lon="114.2847234789"><ele>72.000</ele></trkpt>
      <trkpt lat="22.4752962129" lon="114.2847205408"><ele>72.000</ele></trkpt>
      <trkpt lat="22.4752964433" lon="114.2847176084"><ele>72.000</ele></trkpt>
      <trkpt lat="22.4752966647" lon="114.2847146809"><ele>72.000</ele></trkpt>
      <trkpt lat="22.4752968771" lon="114.2847117593"><ele>72.000</ele></trkpt>
      <trkpt lat="22.4752970795" lon="114.2847088434"><ele>72.000</ele></trkpt>
      <trkpt lat="22.4752972702" lon="114.2847059334"><ele>72.000</ele></trkpt>
      <trkpt lat="22.4752974491" lon="114.2847030292"><ele>72.000</ele></trkpt>
      <trkpt lat="22.4752976516" lon="114.2847001289"><ele>72.000</ele></trkpt>
      <trkpt lat="22.4752978910" lon="114.2846972286"><ele>72.000</ele></trkpt>
      <trkpt lat="22.4752981657" lon="114.2846943293"><ele>72.000</ele></trkpt>
      <trkpt lat="22.4752984737" lon="114.2846914301"><ele>72.000</ele></trkpt>
      <trkpt lat="22.4752988134" lon="114.2846885328"><ele>72.000</ele></trkpt>
      <trkpt lat="22.4752991829" lon="114.2846856355"><ele>72.000</ele></trkpt>
      <trkpt lat="22.4752995785" lon="114.2846827383"><ele>72.000</ele></trkpt>
      <trkpt lat="22.4753000004" lon="114.2846798430"><ele>72.000</ele></trkpt>
      <trkpt lat="22.4753004448" lon="114.2846769478"><ele>70.000</ele></trkpt>
      <trkpt lat="22.4753009109" lon="114.2846740545"><ele>70.000</ele></trkpt>
      <trkpt lat="22.4753013960" lon="114.2846711602"><ele>70.000</ele></trkpt>
      <trkpt lat="22.4753018982" lon="114.2846682679"><ele>70.000</ele></trkpt>
      <trkpt lat="22.4753024149" lon="114.2846653766"><ele>70.000</ele></trkpt>
      <trkpt lat="22.4753029451" lon="114.2846624853"><ele>70.000</ele></trkpt>
      <trkpt lat="22.4753034852" lon="114.2846595950"><ele>70.000</ele></trkpt>
      <trkpt lat="22.4753040344" lon="114.2846567056"><ele>70.000</ele></trkpt>
      <trkpt lat="22.4753045908" lon="114.2846538163"><ele>70.000</ele></trkpt>
      <trkpt lat="22.4753051517" lon="114.2846509289"><ele>70.000</ele></trkpt>
      <trkpt lat="22.4753057153" lon="114.2846480415"><ele>70.000</ele></trkpt>
      <trkpt lat="22.4753062789" lon="114.2846451551"><ele>70.000</ele></trkpt>
      <trkpt lat="22.4753068417" lon="114.2846422706"><ele>70.000</ele></trkpt>
      <trkpt lat="22.4753074008" lon="114.2846393851"><ele>72.000</ele></trkpt>
      <trkpt lat="22.4753079536" lon="114.2846365016"><ele>72.000</ele></trkpt>
      <trkpt lat="22.4753084991" lon="114.2846336191"><ele>72.000</ele></trkpt>
      <trkpt lat="22.4753090356" lon="114.2846307365"><ele>72.000</ele></trkpt>
      <trkpt lat="22.4753095595" lon="114.2846278549"><ele>70.000</ele></trkpt>
      <trkpt lat="22.4753100699" lon="114.2846249753"><ele>70.000</ele></trkpt>
      <trkpt lat="22.4753105639" lon="114.2846220956"><ele>70.000</ele></trkpt>
      <trkpt lat="22.4753110409" lon="114.2846192169"><ele>70.000</ele></trkpt>
      <trkpt lat="22.4753114970" lon="114.2846163391"><ele>70.000</ele></trkpt>
      <trkpt lat="22.4753119315" lon="114.2846134613"><ele>70.000</ele></trkpt>
      <trkpt lat="22.4753123416" lon="114.2846105855"><ele>70.000</ele></trkpt>
      <trkpt lat="22.4753127255" lon="114.2846077106"><ele>70.000</ele></trkpt>
      <trkpt lat="22.4753130814" lon="114.2846048357"><ele>70.000</ele></trkpt>
      <trkpt lat="22.4753134075" lon="114.2846019627"><ele>70.000</ele></trkpt>
      <trkpt lat="22.4753137002" lon="114.2845990896"><ele>70.000</ele></trkpt>
      <trkpt lat="22.4753139595" lon="114.2845962176"><ele>70.000</ele></trkpt>
      <trkpt lat="22.4753141818" lon="114.2845933474"><ele>70.000</ele></trkpt>
      <trkpt lat="22.4753143652" lon="114.2845904772"><ele>70.000</ele></trkpt>
      <trkpt lat="22.4753145089" lon="114.2845876079"><ele>70.000</ele></trkpt>
      <trkpt lat="22.4753146092" lon="114.2845847396"><ele>70.000</ele></trkpt>
      <trkpt lat="22.4753146653" lon="114.2845818722"><ele>70.000</ele></trkpt>
      <trkpt lat="22.4753146745" lon="114.2845790058"><ele>68.000</ele></trkpt>
      <trkpt lat="22.4753146367" lon="114.2845761393"><ele>68.000</ele></trkpt>
      <trkpt lat="22.4753145636" lon="114.2845732621"><ele>68.000</ele></trkpt>
      <trkpt lat="22.4753144590" lon="114.2845703723"><ele>68.000</ele></trkpt>
      <trkpt lat="22.4753143228" lon="114.2845674707"><ele>68.000</ele></trkpt>
      <trkpt lat="22.4753141540" lon="114.2845645604"><ele>68.000</ele></trkpt>
      <trkpt lat="22.4753139537" lon="114.2845616413"><ele>68.000</ele></trkpt>
      <trkpt lat="22.4753137209" lon="114.2845587164"><ele>68.000</ele></trkpt>
      <trkpt lat="22.4753134564" lon="114.2845557846"><ele>68.000</ele></trkpt>
      <trkpt lat="22.4753131595" lon="114.2845528499"><ele>68.000</ele></trkpt>
      <trkpt lat="22.4753128300" lon="114.2845499113"><ele>68.000</ele></trkpt>
      <trkpt lat="22.4753124681" lon="114.2845469727"><ele>68.000</ele></trkpt>
      <trkpt lat="22.4753120727" lon="114.2845440331"><ele>68.000</ele></trkpt>
      <trkpt lat="22.4753116457" lon="114.2845410953"><ele>68.000</ele></trkpt>
      <trkpt lat="22.4753111853" lon="114.2845381605"><ele>68.000</ele></trkpt>
      <trkpt lat="22.4753106915" lon="114.2845352296"><ele>68.000</ele></trkpt>
      <trkpt lat="22.4753101652" lon="114.2845323044"><ele>68.000</ele></trkpt>
      <trkpt lat="22.4753096054" lon="114.2845293860"><ele>68.000</ele></trkpt>
      <trkpt lat="22.4753090114" lon="114.2845264754"><ele>68.000</ele></trkpt>
      <trkpt lat="22.4753083848" lon="114.2845235744"><ele>68.000</ele></trkpt>
      <trkpt lat="22.4753077248" lon="114.2845206851"><ele>68.000</ele></trkpt>
      <trkpt lat="22.4753070305" lon="114.2845178084"><ele>68.000</ele></trkpt>
      <trkpt lat="22.4753063027" lon="114.2845149453"><ele>68.000</ele></trkpt>
      <trkpt lat="22.4753055416" lon="114.2845120967"><ele>68.000</ele></trkpt>
      <trkpt lat="22.4753047452" lon="114.2845092656"><ele>68.000</ele></trkpt>
      <trkpt lat="22.4753039153" lon="114.2845064519"><ele>68.000</ele></trkpt>
      <trkpt lat="22.4753030512" lon="114.2845036577"><ele>68.000</ele></trkpt>
      <trkpt lat="22.4753021527" lon="114.2845008838"><ele>68.000</ele></trkpt>
      <trkpt lat="22.4753012199" lon="114.2844981323"><ele>68.000</ele></trkpt>
      <trkpt lat="22.4753002528" lon="114.2844954040"><ele>68.000</ele></trkpt>
      <trkpt lat="22.4752992504" lon="114.2844927010"><ele>68.000</ele></trkpt>
      <trkpt lat="22.4752982128" lon="114.2844900233"><ele>68.000</ele></trkpt>
      <trkpt lat="22.4752971408" lon="114.2844873736"><ele>68.000</ele></trkpt>
      <trkpt lat="22.4752960336" lon="114.2844847531"><ele>68.000</ele></trkpt>
      <trkpt lat="22.4752948921" lon="114.2844821627"><ele>68.000</ele></trkpt>
      <trkpt lat="22.4752937135" lon="114.2844796044"><ele>68.000</ele></trkpt>
      <trkpt lat="22.4752924790" lon="114.2844770780"><ele>68.000</ele></trkpt>
      <trkpt lat="22.4752911803" lon="114.2844745847"><ele>68.000</ele></trkpt>
      <trkpt lat="22.4752898210" lon="114.2844721204"><ele>68.000</ele></trkpt>
      <trkpt lat="22.4752884040" lon="114.2844696862"><ele>68.000</ele></trkpt>
      <trkpt lat="22.4752869327" lon="114.2844672782"><ele>68.000</ele></trkpt>
      <trkpt lat="22.4752854109" lon="114.2844648955"><ele>68.000</ele></trkpt>
      <trkpt lat="22.4752838403" lon="114.2844625370"><ele>68.000</ele></trkpt>
      <trkpt lat="22.4752822254" lon="114.2844602008"><ele>68.000</ele></trkpt>
      <trkpt lat="22.4752805689" lon="114.2844578859"><ele>68.000</ele></trkpt>
      <trkpt lat="22.4752788737" lon="114.2844555895"><ele>68.000</ele></trkpt>
      <trkpt lat="22.4752771440" lon="114.2844533106"><ele>68.000</ele></trkpt>
      <trkpt lat="22.4752753828" lon="114.2844510481"><ele>68.000</ele></trkpt>
      <trkpt lat="22.4752735918" lon="114.2844487992"><ele>68.000</ele></trkpt>
      <trkpt lat="22.4752717764" lon="114.2844465639"><ele>68.000</ele></trkpt>
      <trkpt lat="22.4752699383" lon="114.2844443393"><ele>68.000</ele></trkpt>
      <trkpt lat="22.4752680814" lon="114.2844421244"><ele>68.000</ele></trkpt>
      <trkpt lat="22.4752662090" lon="114.2844399172"><ele>68.000</ele></trkpt>
      <trkpt lat="22.4752643231" lon="114.2844377159"><ele>68.000</ele></trkpt>
      <trkpt lat="22.4752624282" lon="114.2844355204"><ele>68.000</ele></trkpt>
      <trkpt lat="22.4752605279" lon="114.2844333278"><ele>66.000</ele></trkpt>
      <trkpt lat="22.4752586239" lon="114.2844311362"><ele>66.000</ele></trkpt>
      <trkpt lat="22.4752567209" lon="114.2844289445"><ele>66.000</ele></trkpt>
      <trkpt lat="22.4752548205" lon="114.2844267519"><ele>66.000</ele></trkpt>
      <trkpt lat="22.4752529274" lon="114.2844245554"><ele>66.000</ele></trkpt>
      <trkpt lat="22.4752510442" lon="114.2844223541"><ele>66.000</ele></trkpt>
      <trkpt lat="22.4752491737" lon="114.2844201470"><ele>66.000</ele></trkpt>
      <trkpt lat="22.4752473203" lon="114.2844179311"><ele>66.000</ele></trkpt>
      <trkpt lat="22.4752454859" lon="114.2844157055"><ele>66.000</ele></trkpt>
      <trkpt lat="22.4752436750" lon="114.2844134692"><ele>66.000</ele></trkpt>
      <trkpt lat="22.4752418894" lon="114.2844112204"><ele>66.000</ele></trkpt>
      <trkpt lat="22.4752401327" lon="114.2844089560"><ele>66.000</ele></trkpt>
      <trkpt lat="22.4752384094" lon="114.2844066760"><ele>66.000</ele></trkpt>
      <trkpt lat="22.4752367214" lon="114.2844043787"><ele>66.000</ele></trkpt>
      <trkpt lat="22.4752350721" lon="114.2844020629"><ele>66.000</ele></trkpt>
      <trkpt lat="22.4752334645" lon="114.2843997247"><ele>66.000</ele></trkpt>
      <trkpt lat="22.4752319029" lon="114.2843973653"><ele>66.000</ele></trkpt>
      <trkpt lat="22.4752303892" lon="114.2843949815"><ele>66.000</ele></trkpt>
      <trkpt lat="22.4752289279" lon="114.2843925716"><ele>66.000</ele></trkpt>
      <trkpt lat="22.4752275207" lon="114.2843901355"><ele>66.000</ele></trkpt>
      <trkpt lat="22.4752261723" lon="114.2843876703"><ele>66.000</ele></trkpt>
      <trkpt lat="22.4752248854" lon="114.2843851740"><ele>66.000</ele></trkpt>
      <trkpt lat="22.4752236625" lon="114.2843826457"><ele>66.000</ele></trkpt>
      <trkpt lat="22.4752225074" lon="114.2843800845"><ele>66.000</ele></trkpt>
      <trkpt lat="22.4752214237" lon="114.2843774883"><ele>66.000</ele></trkpt>
      <trkpt lat="22.4752204086" lon="114.2843748572"><ele>66.000</ele></trkpt>
      <trkpt lat="22.4752194279" lon="114.2843722096"><ele>66.000</ele></trkpt>
      <trkpt lat="22.4752184724" lon="114.2843695493"><ele>66.000</ele></trkpt>
      <trkpt lat="22.4752175423" lon="114.2843668775"><ele>66.000</ele></trkpt>
      <trkpt lat="22.4752166374" lon="114.2843641920"><ele>66.000</ele></trkpt>
      <trkpt lat="22.4752157561" lon="114.2843614950"><ele>66.000</ele></trkpt>
      <trkpt lat="22.4752148991" lon="114.2843587862"><ele>66.000</ele></trkpt>
      <trkpt lat="22.4752140638" lon="114.2843560668"><ele>66.000</ele></trkpt>
      <trkpt lat="22.4752132519" lon="114.2843533358"><ele>66.000</ele></trkpt>
      <trkpt lat="22.4752124609" lon="114.2843505941"><ele>66.000</ele></trkpt>
      <trkpt lat="22.4752116915" lon="114.2843478427"><ele>66.000</ele></trkpt>
      <trkpt lat="22.4752109430" lon="114.2843450806"><ele>66.000</ele></trkpt>
      <trkpt lat="22.4752102133" lon="114.2843423088"><ele>66.000</ele></trkpt>
      <trkpt lat="22.4752095027" lon="114.2843395273"><ele>66.000</ele></trkpt>
      <trkpt lat="22.4752088110" lon="114.2843367371"><ele>65.000</ele></trkpt>
      <trkpt lat="22.4752081374" lon="114.2843339381"><ele>65.000</ele></trkpt>
      <trkpt lat="22.4752074810" lon="114.2843311304"><ele>65.000</ele></trkpt>
      <trkpt lat="22.4752068417" lon="114.2843283140"><ele>65.000</ele></trkpt>
      <trkpt lat="22.4752062178" lon="114.2843254908"><ele>65.000</ele></trkpt>
      <trkpt lat="22.4752056092" lon="114.2843226589"><ele>65.000</ele></trkpt>
      <trkpt lat="22.4752050151" lon="114.2843198201"><ele>65.000</ele></trkpt>
      <trkpt lat="22.4752044354" lon="114.2843169746"><ele>65.000</ele></trkpt>
      <trkpt lat="22.4752038693" lon="114.2843141223"><ele>65.000</ele></trkpt>
      <trkpt lat="22.4752033158" lon="114.2843112632"><ele>65.000</ele></trkpt>
      <trkpt lat="22.4752027750" lon="114.2843083993"><ele>65.000</ele></trkpt>
      <trkpt lat="22.4752022459" lon="114.2843055285"><ele>65.000</ele></trkpt>
      <trkpt lat="22.4752017277" lon="114.2843026529"><ele>65.000</ele></trkpt>
      <trkpt lat="22.4752012194" lon="114.2842997715"><ele>65.000</ele></trkpt>
      <trkpt lat="22.4752007210" lon="114.2842968852"><ele>65.000</ele></trkpt>
      <trkpt lat="22.4752002317" lon="114.2842939951"><ele>65.000</ele></trkpt>
      <trkpt lat="22.4751997514" lon="114.2842911011"><ele>65.000</ele></trkpt>
      <trkpt lat="22.4751992784" lon="114.2842882022"><ele>64.000</ele></trkpt>
      <trkpt lat="22.4751988125" lon="114.2842853004"><ele>64.000</ele></trkpt>
      <trkpt lat="22.4751983539" lon="114.2842823957"><ele>64.000</ele></trkpt>
      <trkpt lat="22.4751979007" lon="114.2842794871"><ele>64.000</ele></trkpt>
      <trkpt lat="22.4751974529" lon="114.2842765766"><ele>64.000</ele></trkpt>
      <trkpt lat="22.4751970106" lon="114.2842736632"><ele>64.000</ele></trkpt>
      <trkpt lat="22.4751965709" lon="114.2842707478"><ele>64.000</ele></trkpt>
      <trkpt lat="22.4751961358" lon="114.2842678314"><ele>64.000</ele></trkpt>
      <trkpt lat="22.4751957034" lon="114.2842649132"><ele>64.000</ele></trkpt>
      <trkpt lat="22.4751952728" lon="114.2842619939"><ele>64.000</ele></trkpt>
      <trkpt lat="22.4751948440" lon="114.2842590737"><ele>64.000</ele></trkpt>
      <trkpt lat="22.4751944161" lon="114.2842561535"><ele>64.000</ele></trkpt>
      <trkpt lat="22.4751939882" lon="114.2842532323"><ele>64.000</ele></trkpt>
      <trkpt lat="22.4751935603" lon="114.2842503121"><ele>64.000</ele></trkpt>
      <trkpt lat="22.4751931314" lon="114.2842473918"><ele>64.000</ele></trkpt>
      <trkpt lat="22.4751927017" lon="114.2842444726"><ele>64.000</ele></trkpt>
      <trkpt lat="22.4751922693" lon="114.2842415543"><ele>64.000</ele></trkpt>
      <trkpt lat="22.4751918333" lon="114.2842386370"><ele>64.000</ele></trkpt>
      <trkpt lat="22.4751913945" lon="114.2842357216"><ele>64.000</ele></trkpt>
      <trkpt lat="22.4751909522" lon="114.2842328092"><ele>64.000</ele></trkpt>
      <trkpt lat="22.4751905044" lon="114.2842298977"><ele>64.000</ele></trkpt>
      <trkpt lat="22.4751900512" lon="114.2842269901"><ele>64.000</ele></trkpt>
      <trkpt lat="22.4751899397" lon="114.2842262816"><ele>64.000</ele></trkpt>
      <trkpt lat="22.4751762156" lon="114.2841810715"><ele>64.000</ele></trkpt>
      <trkpt lat="22.4751258785" lon="114.2840381505"><ele>62.000</ele></trkpt>
      <trkpt lat="22.4751032748" lon="114.2839779144"><ele>62.000</ele></trkpt>
      <trkpt lat="22.4750822109" lon="114.2839269667"><ele>62.000</ele></trkpt>
      <trkpt lat="22.4750591647" lon="114.2838775966"><ele>62.000</ele></trkpt>
      <trkpt lat="22.4750364334" lon="114.2838352101"><ele>62.000</ele></trkpt>
      <trkpt lat="22.4750143506" lon="114.2837995822"><ele>62.000</ele></trkpt>
      <trkpt lat="22.4749922215" lon="114.2837711922"><ele>62.000</ele></trkpt>
      <trkpt lat="22.4749712522" lon="114.2837489976"><ele>62.000</ele></trkpt>
      <trkpt lat="22.4749466089" lon="114.2837262133"><ele>62.000</ele></trkpt>
      <trkpt lat="22.4748543950" lon="114.2836510291"><ele>62.000</ele></trkpt>
      <trkpt lat="22.4748185753" lon="114.2836191531"><ele>62.000</ele></trkpt>
      <trkpt lat="22.4747839409" lon="114.2835838324"><ele>62.000</ele></trkpt>
      <trkpt lat="22.4747795555" lon="114.2835786966"><ele>62.000</ele></trkpt>
      <trkpt lat="22.4747201200" lon="114.2835200882"><ele>64.000</ele></trkpt>
      <trkpt lat="22.4746735023" lon="114.2834681807"><ele>64.000</ele></trkpt>
      <trkpt lat="22.4746437800" lon="114.2834321457"><ele>64.000</ele></trkpt>
      <trkpt lat="22.4746080718" lon="114.2834008976"><ele>64.000</ele></trkpt>
      <trkpt lat="22.4745372866" lon="114.2833467037"><ele>66.000</ele></trkpt>
      <trkpt lat="22.4744947650" lon="114.2833207965"><ele>67.000</ele></trkpt>
      <trkpt lat="22.4744574499" lon="114.2833107277"><ele>66.000</ele></trkpt>
      <trkpt lat="22.4744216942" lon="114.2832939682"><ele>67.000</ele></trkpt>
      <trkpt lat="22.4743766218" lon="114.2832554487"><ele>67.000</ele></trkpt>
      <trkpt lat="22.4743356804" lon="114.2832337958"><ele>69.000</ele></trkpt>
      <trkpt lat="22.4743212619" lon="114.2832264642"><ele>69.000</ele></trkpt>
      <trkpt lat="22.4743111014" lon="114.2832173956"><ele>70.000</ele></trkpt>
      <trkpt lat="22.4742924308" lon="114.2831917428"><ele>70.000</ele></trkpt>
      <trkpt lat="22.4742415401" lon="114.2831339682"><ele>71.000</ele></trkpt>
      <trkpt lat="22.4741817094" lon="114.2830389155"><ele>65.000</ele></trkpt>
      <trkpt lat="22.4741610400" lon="114.2830124140"><ele>65.000</ele></trkpt>
      <trkpt lat="22.4741417294" lon="114.2829931155"><ele>65.000</ele></trkpt>
      <trkpt lat="22.4741200345" lon="114.2829770431"><ele>66.000</ele></trkpt>
      <trkpt lat="22.4740938233" lon="114.2829625841"><ele>64.000</ele></trkpt>
      <trkpt lat="22.4739885523" lon="114.2829185426"><ele>62.000</ele></trkpt>
      <trkpt lat="22.4739598218" lon="114.2829024717"><ele>62.000</ele></trkpt>
      <trkpt lat="22.4739382538" lon="114.2828855618"><ele>60.000</ele></trkpt>
      <trkpt lat="22.4739189783" lon="114.2828651431"><ele>59.000</ele></trkpt>
      <trkpt lat="22.4738771052" lon="114.2828143104"><ele>56.000</ele></trkpt>
      <trkpt lat="22.4738550814" lon="114.2827929539"><ele>54.000</ele></trkpt>
      <trkpt lat="22.4738380495" lon="114.2827827413"><ele>54.000</ele></trkpt>
      <trkpt lat="22.4737928388" lon="114.2827633581"><ele>54.000</ele></trkpt>
      <trkpt lat="22.4737821489" lon="114.2827560363"><ele>54.000</ele></trkpt>
      <trkpt lat="22.4737742083" lon="114.2827466663"><ele>54.000</ele></trkpt>
      <trkpt lat="22.4737708182" lon="114.2827371510"><ele>52.000</ele></trkpt>
      <trkpt lat="22.4737698069" lon="114.2827260840"><ele>52.000</ele></trkpt>
      <trkpt lat="22.4737736539" lon="114.2826791320"><ele>52.000</ele></trkpt>
      <trkpt lat="22.4737716283" lon="114.2826200919"><ele>52.000</ele></trkpt>
      <trkpt lat="22.4737693328" lon="114.2825938726"><ele>52.000</ele></trkpt>
      <trkpt lat="22.4737655106" lon="114.2825741439"><ele>53.000</ele></trkpt>
      <trkpt lat="22.4737488674" lon="114.2825247093"><ele>54.000</ele></trkpt>
      <trkpt lat="22.4737312999" lon="114.2824842805"><ele>54.000</ele></trkpt>
      <trkpt lat="22.4737112382" lon="114.2824494446"><ele>56.000</ele></trkpt>
      <trkpt lat="22.4736888785" lon="114.2824211511"><ele>56.000</ele></trkpt>
      <trkpt lat="22.4736650057" lon="114.2823976012"><ele>58.000</ele></trkpt>
      <trkpt lat="22.4736388109" lon="114.2823760706"><ele>56.000</ele></trkpt>
      <trkpt lat="22.4736064472" lon="114.2823533538"><ele>58.000</ele></trkpt>
      <trkpt lat="22.4735687178" lon="114.2823303696"><ele>58.000</ele></trkpt>
      <trkpt lat="22.4735485415" lon="114.2823228695"><ele>58.000</ele></trkpt>
      <trkpt lat="22.4735050797" lon="114.2823149953"><ele>60.000</ele></trkpt>
      <trkpt lat="22.4734867867" lon="114.2823096441"><ele>60.000</ele></trkpt>
      <trkpt lat="22.4734550155" lon="114.2822936536"><ele>62.000</ele></trkpt>
      <trkpt lat="22.4734243092" lon="114.2822745818"><ele>62.000</ele></trkpt>
      <trkpt lat="22.4733907902" lon="114.2822495953"><ele>64.000</ele></trkpt>
      <trkpt lat="22.4733459552" lon="114.2822108444"><ele>64.000</ele></trkpt>
      <trkpt lat="22.4733181763" lon="114.2821823809"><ele>66.000</ele></trkpt>
      <trkpt lat="22.4732977723" lon="114.2821557807"><ele>66.000</ele></trkpt>
      <trkpt lat="22.4732854721" lon="114.2821335931"><ele>68.000</ele></trkpt>
      <trkpt lat="22.4732761887" lon="114.2821087795"><ele>68.000</ele></trkpt>
      <trkpt lat="22.4732700868" lon="114.2820826148"><ele>69.000</ele></trkpt>
      <trkpt lat="22.4732673298" lon="114.2820564118"><ele>69.000</ele></trkpt>
      <trkpt lat="22.4732671698" lon="114.2820247850"><ele>68.000</ele></trkpt>
      <trkpt lat="22.4732692542" lon="114.2819871375"><ele>68.000</ele></trkpt>
      <trkpt lat="22.4732837099" lon="114.2818502049"><ele>70.000</ele></trkpt>
      <trkpt lat="22.4732892971" lon="114.2817639418"><ele>70.000</ele></trkpt>
      <trkpt lat="22.4732898187" lon="114.2817382524"><ele>70.000</ele></trkpt>
      <trkpt lat="22.4732867812" lon="114.2817154840"><ele>70.000</ele></trkpt>
      <trkpt lat="22.4732811960" lon="114.2816944529"><ele>72.000</ele></trkpt>
      <trkpt lat="22.4732725595" lon="114.2816705153"><ele>71.000</ele></trkpt>
      <trkpt lat="22.4732517429" lon="114.2816033576"><ele>70.000</ele></trkpt>
      <trkpt lat="22.4732446360" lon="114.2815741645"><ele>70.000</ele></trkpt>
      <trkpt lat="22.4732410826" lon="114.2815531447"><ele>70.000</ele></trkpt>
      <trkpt lat="22.4732390734" lon="114.2815169390"><ele>69.000</ele></trkpt>
      <trkpt lat="22.4732390874" lon="114.2814953399"><ele>69.000</ele></trkpt>
      <trkpt lat="22.4732365537" lon="114.2814754869"><ele>69.000</ele></trkpt>
      <trkpt lat="22.4732289452" lon="114.2814398697"><ele>68.000</ele></trkpt>
      <trkpt lat="22.4732182808" lon="114.2813972454"><ele>68.000</ele></trkpt>
      <trkpt lat="22.4732116905" lon="114.2813651270"><ele>68.000</ele></trkpt>
      <trkpt lat="22.4732086571" lon="114.2813359359"><ele>68.000</ele></trkpt>
      <trkpt lat="22.4732086997" lon="114.2812687950"><ele>70.000</ele></trkpt>
      <trkpt lat="22.4732055962" lon="114.2812502047"><ele>70.000</ele></trkpt>
      <trkpt lat="22.4731877466" lon="114.2811722163"><ele>68.000</ele></trkpt>
      <trkpt lat="22.4731830312" lon="114.2811467756"><ele>67.000</ele></trkpt>
      <trkpt lat="22.4731799669" lon="114.2811233464"><ele>70.000</ele></trkpt>
      <trkpt lat="22.4731777532" lon="114.2810960702"><ele>70.000</ele></trkpt>
      <trkpt lat="22.4731780528" lon="114.2810655903"><ele>73.000</ele></trkpt>
      <trkpt lat="22.4731803291" lon="114.2809933877"><ele>73.000</ele></trkpt>
      <trkpt lat="22.4731794967" lon="114.2809818349"><ele>74.000</ele></trkpt>
      <trkpt lat="22.4731708430" lon="114.2809564777"><ele>74.000</ele></trkpt>
      <trkpt lat="22.4731694488" lon="114.2809478192"><ele>74.000</ele></trkpt>
      <trkpt lat="22.4731697400" lon="114.2809304849"><ele>74.000</ele></trkpt>
      <trkpt lat="22.4731728287" lon="114.2809160483"><ele>74.000</ele></trkpt>
      <trkpt lat="22.4731745176" lon="114.2809016116"><ele>74.000</ele></trkpt>
      <trkpt lat="22.4731753665" lon="114.2808862114"><ele>74.000</ele></trkpt>
      <trkpt lat="22.4731773337" lon="114.2808743391"><ele>74.000</ele></trkpt>
      <trkpt lat="22.4731818084" lon="114.2808672882"><ele>74.000</ele></trkpt>
      <trkpt lat="22.4732028012" lon="114.2808422738"><ele>72.000</ele></trkpt>
      <trkpt lat="22.4732106383" lon="114.2808304059"><ele>75.000</ele></trkpt>
      <trkpt lat="22.4732176214" lon="114.2808123780"><ele>75.000</ele></trkpt>
      <trkpt lat="22.4732229514" lon="114.2807796563"><ele>76.000</ele></trkpt>
      <trkpt lat="22.4732252110" lon="114.2807485259"><ele>76.000</ele></trkpt>
      <trkpt lat="22.4732283091" lon="114.2807180481"><ele>76.000</ele></trkpt>
      <trkpt lat="22.4732367271" lon="114.2806734550"><ele>71.000</ele></trkpt>
      <trkpt lat="22.4732415104" lon="114.2806343112"><ele>70.000</ele></trkpt>
      <trkpt lat="22.4732437620" lon="114.2806015775"><ele>70.000</ele></trkpt>
      <trkpt lat="22.4732434962" lon="114.2805781504"><ele>69.000</ele></trkpt>
      <trkpt lat="22.4732404412" lon="114.2805544017"><ele>69.000</ele></trkpt>
      <trkpt lat="22.4732328982" lon="114.2805303376"><ele>68.000</ele></trkpt>
      <trkpt lat="22.4732203342" lon="114.2805049776"><ele>68.000</ele></trkpt>
      <trkpt lat="22.4732088761" lon="114.2804885965"><ele>68.000</ele></trkpt>
      <trkpt lat="22.4731961362" lon="114.2804574267"><ele>68.000</ele></trkpt>
      <trkpt lat="22.4731885975" lon="114.2804407377"><ele>70.000</ele></trkpt>
      <trkpt lat="22.4731779804" lon="114.2804211507"><ele>70.000</ele></trkpt>
      <trkpt lat="22.4731542295" lon="114.2803803825"><ele>70.000</ele></trkpt>
      <trkpt lat="22.4731399754" lon="114.2803585580"><ele>70.000</ele></trkpt>
      <trkpt lat="22.4731204133" lon="114.2803325515"><ele>72.000</ele></trkpt>
      <trkpt lat="22.4730988951" lon="114.2803023663"><ele>72.000</ele></trkpt>
      <trkpt lat="22.4730801728" lon="114.2802776528"><ele>72.000</ele></trkpt>
      <trkpt lat="22.4730541903" lon="114.2802371928"><ele>72.000</ele></trkpt>
      <trkpt lat="22.4730472020" lon="114.2802211455"><ele>72.000</ele></trkpt>
      <trkpt lat="22.4730413423" lon="114.2802054206"><ele>72.000</ele></trkpt>
      <trkpt lat="22.4730371520" lon="114.2801916199"><ele>72.000</ele></trkpt>
      <trkpt lat="22.4730343702" lon="114.2801768583"><ele>72.000</ele></trkpt>
      <trkpt lat="22.4730330959" lon="114.2801642451"><ele>72.000</ele></trkpt>
      <trkpt lat="22.4730328326" lon="114.2801382530"><ele>72.000</ele></trkpt>
      <trkpt lat="22.4730339852" lon="114.2800856295"><ele>74.000</ele></trkpt>
      <trkpt lat="22.4730351194" lon="114.2800631655"><ele>74.000</ele></trkpt>
      <trkpt lat="22.4730340120" lon="114.2800423138"><ele>74.000</ele></trkpt>
      <trkpt lat="22.4730326218" lon="114.2800275532"><ele>74.000</ele></trkpt>
      <trkpt lat="22.4730267766" lon="114.2799890419"><ele>74.000</ele></trkpt>
      <trkpt lat="22.4730209269" lon="114.2799421850"><ele>74.000</ele></trkpt>
      <trkpt lat="22.4730187122" lon="114.2799174739"><ele>74.000</ele></trkpt>
      <trkpt lat="22.4730128610" lon="114.2798728703"><ele>74.000</ele></trkpt>
      <trkpt lat="22.4730123115" lon="114.2798565081"><ele>76.000</ele></trkpt>
      <trkpt lat="22.4730134671" lon="114.2798429542"><ele>76.000</ele></trkpt>
      <trkpt lat="22.4730171224" lon="114.2798163236"><ele>76.000</ele></trkpt>
      <trkpt lat="22.4730230249" lon="114.2797637037"><ele>76.000</ele></trkpt>
      <trkpt lat="22.4730227595" lon="114.2797409278"><ele>76.000</ele></trkpt>
      <trkpt lat="22.4730197062" lon="114.2796985620"><ele>76.000</ele></trkpt>
      <trkpt lat="22.4730172103" lon="114.2796757844"><ele>76.000</ele></trkpt>
      <trkpt lat="22.4730158269" lon="114.2796501120"><ele>76.000</ele></trkpt>
      <trkpt lat="22.4730158653" lon="114.2795884999"><ele>78.000</ele></trkpt>
      <trkpt lat="22.4730144765" lon="114.2795698915"><ele>78.000</ele></trkpt>
      <trkpt lat="22.4730102880" lon="114.2795531953"><ele>78.000</ele></trkpt>
      <trkpt lat="22.4730024693" lon="114.2795365060"><ele>78.000</ele></trkpt>
      <trkpt lat="22.4729812319" lon="114.2795047277"><ele>80.000</ele></trkpt>
      <trkpt lat="22.4729776717" lon="114.2794940951"><ele>80.000</ele></trkpt>
      <trkpt lat="22.4729732042" lon="114.2794745128"><ele>82.000</ele></trkpt>
      <trkpt lat="22.4729670661" lon="114.2794562216"><ele>82.000</ele></trkpt>
      <trkpt lat="22.4729483462" lon="114.2794119301"><ele>80.000</ele></trkpt>
      <trkpt lat="22.4729318838" lon="114.2793551156"><ele>78.000</ele></trkpt>
      <trkpt lat="22.4729223916" lon="114.2793271928"><ele>76.000</ele></trkpt>
      <trkpt lat="22.4729098326" lon="114.2792809810"><ele>76.000</ele></trkpt>
      <trkpt lat="22.4728989421" lon="114.2792508039"><ele>76.000</ele></trkpt>
      <trkpt lat="22.4728928060" lon="114.2792293062"><ele>77.000</ele></trkpt>
      <trkpt lat="22.4728880694" lon="114.2791940023"><ele>77.000</ele></trkpt>
      <trkpt lat="22.4728875208" lon="114.2791747542"><ele>79.000</ele></trkpt>
      <trkpt lat="22.4728960385" lon="114.2791132251"><ele>81.000</ele></trkpt>
      <trkpt lat="22.4728914820" lon="114.2790787190"><ele>82.000</ele></trkpt>
      <trkpt lat="22.4728869155" lon="114.2790599626"><ele>82.000</ele></trkpt>
      <trkpt lat="22.4728803877" lon="114.2790423319"><ele>82.000</ele></trkpt>
      <trkpt lat="22.4728666710" lon="114.2790130651"><ele>78.000</ele></trkpt>
      <trkpt lat="22.4728373662" lon="114.2789562607"><ele>80.000</ele></trkpt>
      <trkpt lat="22.4728265896" lon="114.2789330009"><ele>77.000</ele></trkpt>
      <trkpt lat="22.4728154858" lon="114.2789131135"><ele>77.000</ele></trkpt>
      <trkpt lat="22.4728086329" lon="114.2788969887"><ele>77.000</ele></trkpt>
      <trkpt lat="22.4728034155" lon="114.2788778528"><ele>77.000</ele></trkpt>
      <trkpt lat="22.4728001583" lon="114.2788590974"><ele>77.000</ele></trkpt>
      <trkpt lat="22.4727969092" lon="114.2788275947"><ele>74.000</ele></trkpt>
      <trkpt lat="22.4727933285" lon="114.2788050884"><ele>74.000</ele></trkpt>
      <trkpt lat="22.4727884363" lon="114.2787870800"><ele>74.000</ele></trkpt>
      <trkpt lat="22.4727815730" lon="114.2787731996"><ele>74.000</ele></trkpt>
      <trkpt lat="22.4727740651" lon="114.2787645658"><ele>74.000</ele></trkpt>
      <trkpt lat="22.4727590378" lon="114.2787514374"><ele>74.000</ele></trkpt>
      <trkpt lat="22.4727485792" lon="114.2787379246"><ele>74.000</ele></trkpt>
      <trkpt lat="22.4727397650" lon="114.2787244121"><ele>74.000</ele></trkpt>
      <trkpt lat="22.4727162551" lon="114.2786730232"><ele>74.000</ele></trkpt>
      <trkpt lat="22.4727100612" lon="114.2786557629"><ele>74.000</ele></trkpt>
      <trkpt lat="22.4727051733" lon="114.2786310111"><ele>72.000</ele></trkpt>
      <trkpt lat="22.4727019202" lon="114.2786058816"><ele>72.000</ele></trkpt>
      <trkpt lat="22.4727009485" lon="114.2785844947"><ele>71.000</ele></trkpt>
      <trkpt lat="22.4726983403" lon="114.2785676257"><ele>71.000</ele></trkpt>
      <trkpt lat="22.4726924700" lon="114.2785541153"><ele>70.000</ele></trkpt>
      <trkpt lat="22.4726859365" lon="114.2785469883"><ele>70.000</ele></trkpt>
      <trkpt lat="22.4726765762" lon="114.2785401798"><ele>70.000</ele></trkpt>
      <trkpt lat="22.4726605617" lon="114.2785315398"><ele>70.000</ele></trkpt>
      <trkpt lat="22.4726412806" lon="114.2785191565"><ele>69.000</ele></trkpt>
      <trkpt lat="22.4726324650" lon="114.2785078982"><ele>69.000</ele></trkpt>
      <trkpt lat="22.4726298540" lon="114.2784940210"><ele>68.000</ele></trkpt>
      <trkpt lat="22.4726292126" lon="114.2784801365"><ele>68.000</ele></trkpt>
      <trkpt lat="22.4726318342" lon="114.2784613951"><ele>68.000</ele></trkpt>
      <trkpt lat="22.4726347859" lon="114.2784490183"><ele>66.000</ele></trkpt>
      <trkpt lat="22.4726341413" lon="114.2784400106"><ele>66.000</ele></trkpt>
      <trkpt lat="22.4726279360" lon="114.2784265097"><ele>66.000</ele></trkpt>
      <trkpt lat="22.4726236922" lon="114.2784115041"><ele>66.000</ele></trkpt>
      <trkpt lat="22.4726214155" lon="114.2783987553"><ele>66.000</ele></trkpt>
      <trkpt lat="22.4726204439" lon="114.2783784955"><ele>66.000</ele></trkpt>
      <trkpt lat="22.4726207813" lon="114.2783574981"><ele>64.000</ele></trkpt>
      <trkpt lat="22.4726230888" lon="114.2783357443"><ele>64.000</ele></trkpt>
      <trkpt lat="22.4726227887" lon="114.2782959945"><ele>64.000</ele></trkpt>
      <trkpt lat="22.4726237824" lon="114.2782652422"><ele>64.000</ele></trkpt>
      <trkpt lat="22.4726273881" lon="114.2782468707"><ele>62.000</ele></trkpt>
      <trkpt lat="22.4726345955" lon="114.2782292413"><ele>62.000</ele></trkpt>
      <trkpt lat="22.4726401645" lon="114.2782048761"><ele>62.000</ele></trkpt>
      <trkpt lat="22.4726421449" lon="114.2781861245"><ele>62.000</ele></trkpt>
      <trkpt lat="22.4726411726" lon="114.2781669918"><ele>62.000</ele></trkpt>
      <trkpt lat="22.4726375943" lon="114.2781403667"><ele>60.000</ele></trkpt>
      <trkpt lat="22.4726310291" lon="114.2781118146"><ele>60.000</ele></trkpt>
      <trkpt lat="22.4726231982" lon="114.2780840583"><ele>60.000</ele></trkpt>
      <trkpt lat="22.4726215726" lon="114.2780698028"><ele>60.000</ele></trkpt>
      <trkpt lat="22.4726235435" lon="114.2780518101"><ele>59.000</ele></trkpt>
      <trkpt lat="22.4726238887" lon="114.2780341844"><ele>59.000</ele></trkpt>
      <trkpt lat="22.4726268340" lon="114.2780161817"><ele>58.000</ele></trkpt>
      <trkpt lat="22.4726324111" lon="114.2779933032"><ele>58.000</ele></trkpt>
      <trkpt lat="22.4726363430" lon="114.2779730576"><ele>58.000</ele></trkpt>
      <trkpt lat="22.4726409313" lon="114.2779558139"><ele>58.000</ele></trkpt>
      <trkpt lat="22.4726530371" lon="114.2779333191"><ele>58.000</ele></trkpt>
      <trkpt lat="22.4726631893" lon="114.2779157005"><ele>58.000</ele></trkpt>
      <trkpt lat="22.4726929588" lon="114.2778770899"><ele>58.000</ele></trkpt>
      <trkpt lat="22.4727073572" lon="114.2778564720"><ele>58.000</ele></trkpt>
      <trkpt lat="22.4727325536" lon="114.2778092394"><ele>58.000</ele></trkpt>
      <trkpt lat="22.4727466281" lon="114.2777852495"><ele>58.000</ele></trkpt>
      <trkpt lat="22.4727639637" lon="114.2777608831"><ele>58.000</ele></trkpt>
      <trkpt lat="22.4727894886" lon="114.2777226483"><ele>59.000</ele></trkpt>
      <trkpt lat="22.4728180199" lon="114.2776855029"><ele>59.000</ele></trkpt>
      <trkpt lat="22.4728409234" lon="114.2776528911"><ele>60.000</ele></trkpt>
      <trkpt lat="22.4728540112" lon="114.2776326521"><ele>60.000</ele></trkpt>
      <trkpt lat="22.4728713552" lon="114.2775947796"><ele>60.000</ele></trkpt>
      <trkpt lat="22.4728837932" lon="114.2775737909"><ele>62.000</ele></trkpt>
      <trkpt lat="22.4728955734" lon="114.2775520449"><ele>62.000</ele></trkpt>
      <trkpt lat="22.4729135802" lon="114.2775070506"><ele>62.000</ele></trkpt>
      <trkpt lat="22.4729263484" lon="114.2774793101"><ele>62.000</ele></trkpt>
      <trkpt lat="22.4729502579" lon="114.2774103199"><ele>64.000</ele></trkpt>
      <trkpt lat="22.4729600774" lon="114.2773889514"><ele>64.000</ele></trkpt>
      <trkpt lat="22.4729712051" lon="114.2773709545"><ele>67.000</ele></trkpt>
      <trkpt lat="22.4729833071" lon="114.2773529681"><ele>67.000</ele></trkpt>
      <trkpt lat="22.4729918155" lon="114.2773357175"><ele>67.000</ele></trkpt>
      <trkpt lat="22.4730043448" lon="114.2773000675"><ele>67.000</ele></trkpt>
      <trkpt lat="22.4730503362" lon="114.2771514576"><ele>70.000</ele></trkpt>
      <trkpt lat="22.4730604480" lon="114.2771260656"><ele>72.000</ele></trkpt>
      <trkpt lat="22.4730826112" lon="114.2770767891"><ele>70.000</ele></trkpt>
      <trkpt lat="22.4730930470" lon="114.2770517772"><ele>70.000</ele></trkpt>
      <trkpt lat="22.4731047812" lon="114.2770312447"><ele>69.000</ele></trkpt>
      <trkpt lat="22.4731158525" lon="114.2770166874"><ele>69.000</ele></trkpt>
      <trkpt lat="22.4731275807" lon="114.2770058618"><ele>69.000</ele></trkpt>
      <trkpt lat="22.4731406082" lon="114.2769954161"><ele>62.000</ele></trkpt>
      <trkpt lat="22.4731593507" lon="114.2769882888"><ele>62.000</ele></trkpt>
      <trkpt lat="22.4731837763" lon="114.2769763549"><ele>62.000</ele></trkpt>
      <trkpt lat="22.4732013563" lon="114.2769640371"><ele>64.000</ele></trkpt>
      <trkpt lat="22.4732163363" lon="114.2769517272"><ele>64.000</ele></trkpt>
      <trkpt lat="22.4732313278" lon="114.2769356763"><ele>62.000</ele></trkpt>
      <trkpt lat="22.4732423995" lon="114.2769203709"><ele>65.000</ele></trkpt>
      <trkpt lat="22.4732531578" lon="114.2768994694"><ele>66.000</ele></trkpt>
      <trkpt lat="22.4732603314" lon="114.2768793028"><ele>66.000</ele></trkpt>
      <trkpt lat="22.4732636041" lon="114.2768587641"><ele>66.000</ele></trkpt>
      <trkpt lat="22.4732649180" lon="114.2768356103"><ele>66.000</ele></trkpt>
      <trkpt lat="22.4732681842" lon="114.2768109625"><ele>66.000</ele></trkpt>
      <trkpt lat="22.4732721069" lon="114.2767893069"><ele>64.000</ele></trkpt>
      <trkpt lat="22.4732779797" lon="114.2767698875"><ele>64.000</ele></trkpt>
      <trkpt lat="22.4732812399" lon="114.2767549554"><ele>62.000</ele></trkpt>
      <trkpt lat="22.4732802838" lon="114.2767224632"><ele>62.000</ele></trkpt>
      <trkpt lat="22.4732832342" lon="114.2766974450"><ele>62.000</ele></trkpt>
      <trkpt lat="22.4732848833" lon="114.2766578518"><ele>62.000</ele></trkpt>
      <trkpt lat="22.4732835958" lon="114.2766369406"><ele>62.000</ele></trkpt>
      <trkpt lat="22.4732777492" lon="114.2766141509"><ele>63.000</ele></trkpt>
      <trkpt lat="22.4732699473" lon="114.2765988319"><ele>62.000</ele></trkpt>
      <trkpt lat="22.4732520555" lon="114.2765723130"><ele>62.000</ele></trkpt>
      <trkpt lat="22.4732322646" lon="114.2765517287"><ele>64.000</ele></trkpt>
      <trkpt lat="22.4732234828" lon="114.2765438714"><ele>64.000</ele></trkpt>
      <trkpt lat="22.4732114443" lon="114.2765307939"><ele>64.000</ele></trkpt>
      <trkpt lat="22.4731961551" lon="114.2765173351"><ele>64.000</ele></trkpt>
      <trkpt lat="22.4731756482" lon="114.2765008896"><ele>64.000</ele></trkpt>
      <trkpt lat="22.4731658939" lon="114.2764885620"><ele>64.000</ele></trkpt>
      <trkpt lat="22.4731597144" lon="114.2764769763"><ele>64.000</ele></trkpt>
      <trkpt lat="22.4731509474" lon="114.2764452257"><ele>64.000</ele></trkpt>
      <trkpt lat="22.4731386004" lon="114.2764037657"><ele>64.000</ele></trkpt>
      <trkpt lat="22.4731301553" lon="114.2763772440"><ele>64.000</ele></trkpt>
      <trkpt lat="22.4731233273" lon="114.2763641605"><ele>66.000</ele></trkpt>
      <trkpt lat="22.4731099896" lon="114.2763492165"><ele>66.000</ele></trkpt>
      <trkpt lat="22.4730982746" lon="114.2763387531"><ele>62.000</ele></trkpt>
      <trkpt lat="22.4730924226" lon="114.2763245529"><ele>62.000</ele></trkpt>
      <trkpt lat="22.4730894970" lon="114.2763081200"><ele>61.000</ele></trkpt>
      <trkpt lat="22.4730883085" lon="114.2762950590"><ele>61.000</ele></trkpt>
      <trkpt lat="22.4730882053" lon="114.2762939240"><ele>61.000</ele></trkpt>
      <trkpt lat="22.4730852878" lon="114.2762804838"><ele>61.000</ele></trkpt>
      <trkpt lat="22.4730797620" lon="114.2762644183"><ele>63.000</ele></trkpt>
      <trkpt lat="22.4730745616" lon="114.2762464874"><ele>63.000</ele></trkpt>
      <trkpt lat="22.4730687188" lon="114.2762173537"><ele>64.000</ele></trkpt>
      <trkpt lat="22.4730615685" lon="114.2761997907"><ele>64.000</ele></trkpt>
      <trkpt lat="22.4730540904" lon="114.2761867165"><ele>64.000</ele></trkpt>
      <trkpt lat="22.4730435785" lon="114.2761728142"><ele>63.000</ele></trkpt>
      <trkpt lat="22.4730334920" lon="114.2761559972"><ele>63.000</ele></trkpt>
      <trkpt lat="22.4730234114" lon="114.2761455350"><ele>63.000</ele></trkpt>
      <trkpt lat="22.4729980269" lon="114.2761309526"><ele>63.000</ele></trkpt>
      <trkpt lat="22.4729811032" lon="114.2761174927"><ele>62.000</ele></trkpt>
      <trkpt lat="22.4729697259" lon="114.2761010538"><ele>62.000</ele></trkpt>
      <trkpt lat="22.4729599672" lon="114.2760812541"><ele>60.000</ele></trkpt>
      <trkpt lat="22.4729316798" lon="114.2760278324"><ele>59.000</ele></trkpt>
      <trkpt lat="22.4729222427" lon="114.2760136297"><ele>58.000</ele></trkpt>
      <trkpt lat="22.4729066332" lon="114.2759923294"><ele>56.000</ele></trkpt>
      <trkpt lat="22.4728981807" lon="114.2759762618"><ele>56.000</ele></trkpt>
      <trkpt lat="22.4728942776" lon="114.2759646866"><ele>56.000</ele></trkpt>
      <trkpt lat="22.4728939617" lon="114.2759497432"><ele>56.000</ele></trkpt>
      <trkpt lat="22.4728955959" lon="114.2759355581"><ele>56.000</ele></trkpt>
      <trkpt lat="22.4729031019" lon="114.2759165091"><ele>56.000</ele></trkpt>
      <trkpt lat="22.4729086389" lon="114.2758997130"><ele>56.000</ele></trkpt>
      <trkpt lat="22.4729083200" lon="114.2758896269"><ele>56.000</ele></trkpt>
      <trkpt lat="22.4729063776" lon="114.2758761777"><ele>57.000</ele></trkpt>
      <trkpt lat="22.4729050885" lon="114.2758578814"><ele>57.000</ele></trkpt>
      <trkpt lat="22.4729073738" lon="114.2758407040"><ele>57.000</ele></trkpt>
      <trkpt lat="22.4729125919" lon="114.2758283774"><ele>56.000</ele></trkpt>
      <trkpt lat="22.4729200841" lon="114.2758186758"><ele>58.000</ele></trkpt>
      <trkpt lat="22.4729337623" lon="114.2758085996"><ele>58.000</ele></trkpt>
      <trkpt lat="22.4729467883" lon="114.2758003984"><ele>58.000</ele></trkpt>
      <trkpt lat="22.4729614427" lon="114.2757888275"><ele>58.000</ele></trkpt>
      <trkpt lat="22.4729731715" lon="114.2757768844"><ele>61.000</ele></trkpt>
      <trkpt lat="22.4730008604" lon="114.2757432943"><ele>61.000</ele></trkpt>
      <trkpt lat="22.4730297208" lon="114.2757152920"><ele>62.000</ele></trkpt>
      <trkpt lat="22.4730567585" lon="114.2756831987"><ele>60.000</ele></trkpt>
      <trkpt lat="22.4730821606" lon="114.2756544555"><ele>60.000</ele></trkpt>
      <trkpt lat="22.4731049703" lon="114.2756253422"><ele>58.000</ele></trkpt>
      <trkpt lat="22.4731180041" lon="114.2756059279"><ele>58.000</ele></trkpt>
      <trkpt lat="22.4731254983" lon="114.2755913679"><ele>58.000</ele></trkpt>
      <trkpt lat="22.4731310442" lon="114.2755745718"><ele>61.000</ele></trkpt>
      <trkpt lat="22.4731313762" lon="114.2755633688"><ele>61.000</ele></trkpt>
      <trkpt lat="22.4731307379" lon="114.2755439457"><ele>61.000</ele></trkpt>
      <trkpt lat="22.4731265106" lon="114.2755293775"><ele>62.000</ele></trkpt>
      <trkpt lat="22.4731187117" lon="114.2755092002"><ele>62.000</ele></trkpt>
      <trkpt lat="22.4731037534" lon="114.2754860349"><ele>61.000</ele></trkpt>
      <trkpt lat="22.4730774054" lon="114.2754520284"><ele>63.000</ele></trkpt>
      <trkpt lat="22.4730718755" lon="114.2754412002"><ele>62.000</ele></trkpt>
      <trkpt lat="22.4730673268" lon="114.2754221426"><ele>62.000</ele></trkpt>
      <trkpt lat="22.4730647345" lon="114.2754083238"><ele>62.000</ele></trkpt>
      <trkpt lat="22.4730640980" lon="114.2753859168"><ele>62.000</ele></trkpt>
      <trkpt lat="22.4730641135" lon="114.2753590318"><ele>62.000</ele></trkpt>
      <trkpt lat="22.4730616734" lon="114.2753324357"><ele>63.000</ele></trkpt>
      <trkpt lat="22.4730571356" lon="114.2753103952"><ele>63.000</ele></trkpt>
      <trkpt lat="22.4730480281" lon="114.2752872340"><ele>64.000</ele></trkpt>
      <trkpt lat="22.4730363228" lon="114.2752607100"><ele>64.000</ele></trkpt>
      <trkpt lat="22.4730216914" lon="114.2752345522"><ele>64.000</ele></trkpt>
      <trkpt lat="22.4730041256" lon="114.2752061575"><ele>66.000</ele></trkpt>
      <trkpt lat="22.4729980849" lon="114.2751977678"><ele>65.000</ele></trkpt>
      <trkpt lat="22.4729093757" lon="114.2751100263"><ele>63.000</ele></trkpt>
      <trkpt lat="22.4728410289" lon="114.2750317146"><ele>58.000</ele></trkpt>
      <trkpt lat="22.4728236795" lon="114.2749978264"><ele>61.000</ele></trkpt>
      <trkpt lat="22.4727969172" lon="114.2749484656"><ele>63.000</ele></trkpt>
      <trkpt lat="22.4727954857" lon="114.2749458256"><ele>63.000</ele></trkpt>
      <trkpt lat="22.4727542732" lon="114.2748780455"><ele>61.000</ele></trkpt>
      <trkpt lat="22.4727380107" lon="114.2748418232"><ele>64.000</ele></trkpt>
      <trkpt lat="22.4727358505" lon="114.2748242997"><ele>64.000</ele></trkpt>
      <trkpt lat="22.4727435290" lon="114.2746934758"><ele>60.000</ele></trkpt>
      <trkpt lat="22.4727479418" lon="114.2745778357"><ele>58.000</ele></trkpt>
      <trkpt lat="22.4727588129" lon="114.2745521449"><ele>60.000</ele></trkpt>
      <trkpt lat="22.4727751321" lon="114.2744949187"><ele>62.000</ele></trkpt>
      <trkpt lat="22.4727838479" lon="114.2744446957"><ele>62.000</ele></trkpt>
      <trkpt lat="22.4727936526" lon="114.2743874650"><ele>59.000</ele></trkpt>
      <trkpt lat="22.4727915261" lon="114.2743138728"><ele>61.000</ele></trkpt>
      <trkpt lat="22.4727828816" lon="114.2742461157"><ele>64.000</ele></trkpt>
      <trkpt lat="22.4727709885" lon="114.2741655071"><ele>60.000</ele></trkpt>
      <trkpt lat="22.4727797373" lon="114.2740603834"><ele>58.000</ele></trkpt>
      <trkpt lat="22.4727808594" lon="114.2739996417"><ele>60.000</ele></trkpt>
      <trkpt lat="22.4727787124" lon="114.2739599246"><ele>58.000</ele></trkpt>
      <trkpt lat="22.4727689591" lon="114.2739307155"><ele>58.000</ele></trkpt>
      <trkpt lat="22.4727590408" lon="114.2738860481"><ele>56.000</ele></trkpt>
      <trkpt lat="22.4727417467" lon="114.2738332982"><ele>56.000</ele></trkpt>
      <trkpt lat="22.4727410001" lon="114.2738315827"><ele>56.000</ele></trkpt>
      <trkpt lat="22.4727381178" lon="114.2738191152"><ele>56.000</ele></trkpt>
      <trkpt lat="22.4727384870" lon="114.2738058135"><ele>56.000</ele></trkpt>
      <trkpt lat="22.4727400147" lon="114.2737883343"><ele>56.000</ele></trkpt>
      <trkpt lat="22.4727403875" lon="114.2737675508"><ele>56.000</ele></trkpt>
      <trkpt lat="22.4727389523" lon="114.2737513425"><ele>56.000</ele></trkpt>
      <trkpt lat="22.4727360591" lon="114.2737421971"><ele>56.000</ele></trkpt>
      <trkpt lat="22.4727215810" lon="114.2737160018"><ele>56.000</ele></trkpt>
      <trkpt lat="22.4727183253" lon="114.2737072740"><ele>56.000</ele></trkpt>
      <trkpt lat="22.4727176097" lon="114.2736960508"><ele>56.000</ele></trkpt>
      <trkpt lat="22.4727197957" lon="114.2736798450"><ele>56.000</ele></trkpt>
      <trkpt lat="22.4727212498" lon="114.2736644647"><ele>56.000</ele></trkpt>
      <trkpt lat="22.4727190815" lon="114.2736511708"><ele>56.000</ele></trkpt>
      <trkpt lat="22.4727129293" lon="114.2736386914"><ele>58.000</ele></trkpt>
      <trkpt lat="22.4727129125" lon="114.2735418343"><ele>59.000</ele></trkpt>
      <trkpt lat="22.4727139827" lon="114.2735235911"><ele>59.000</ele></trkpt>
      <trkpt lat="22.4727065740" lon="114.2735087623"><ele>59.000</ele></trkpt>
      <trkpt lat="22.4726896335" lon="114.2734836652"><ele>58.000</ele></trkpt>
      <trkpt lat="22.4726610473" lon="114.2734391754"><ele>60.000</ele></trkpt>
      <trkpt lat="22.4726388146" lon="114.2734026722"><ele>62.000</ele></trkpt>
      <trkpt lat="22.4726271800" lon="114.2733661764"><ele>62.000</ele></trkpt>
      <trkpt lat="22.4726187179" lon="114.2733399444"><ele>64.000</ele></trkpt>
      <trkpt lat="22.4726250919" lon="114.2733137228"><ele>64.000</ele></trkpt>
      <trkpt lat="22.4726335833" lon="114.2732909238"><ele>64.000</ele></trkpt>
      <trkpt lat="22.4726335976" lon="114.2732669782"><ele>64.000</ele></trkpt>
      <trkpt lat="22.4726230114" lon="114.2732487270"><ele>66.000</ele></trkpt>
      <trkpt lat="22.4726187957" lon="114.2732099558"><ele>66.000</ele></trkpt>
      <trkpt lat="22.4726198822" lon="114.2731643459"><ele>66.000</ele></trkpt>
      <trkpt lat="22.4726262793" lon="114.2730993559"><ele>68.000</ele></trkpt>
      <trkpt lat="22.4726294861" lon="114.2730537484"><ele>70.000</ele></trkpt>
      <trkpt lat="22.4726157338" lon="114.2730126892"><ele>71.000</ele></trkpt>
      <trkpt lat="22.4725854913" lon="114.2729014036"><ele>70.000</ele></trkpt>
      <trkpt lat="22.4725801444" lon="114.2728862410"><ele>70.000</ele></trkpt>
      <trkpt lat="22.4725682811" lon="114.2728499909"><ele>71.000</ele></trkpt>
      <trkpt lat="22.4725613928" lon="114.2728163473"><ele>72.000</ele></trkpt>
      <trkpt lat="22.4725511686" lon="114.2727723056"><ele>70.000</ele></trkpt>
      <trkpt lat="22.4725356985" lon="114.2727285411"><ele>70.000</ele></trkpt>
      <trkpt lat="22.4725186091" lon="114.2726878955"><ele>71.000</ele></trkpt>
      <trkpt lat="22.4725057632" lon="114.2726501475"><ele>68.000</ele></trkpt>
      <trkpt lat="22.4724990999" lon="114.2726162320"><ele>70.000</ele></trkpt>
      <trkpt lat="22.4724772694" lon="114.2725302164"><ele>70.000</ele></trkpt>
      <trkpt lat="22.4724672837" lon="114.2724796162"><ele>68.000</ele></trkpt>
      <trkpt lat="22.4724515930" lon="114.2724101425"><ele>68.000</ele></trkpt>
      <trkpt lat="22.4724397154" lon="114.2723368431"><ele>68.000</ele></trkpt>
      <trkpt lat="22.4724338032" lon="114.2722864294"><ele>68.000</ele></trkpt>
      <trkpt lat="22.4724207227" lon="114.2722314450"><ele>70.000</ele></trkpt>
      <trkpt lat="22.4724081233" lon="114.2721720884"><ele>71.000</ele></trkpt>
      <trkpt lat="22.4724066849" lon="114.2721627964"><ele>71.000</ele></trkpt>
      <trkpt lat="22.4724161048" lon="114.2721408337"><ele>71.000</ele></trkpt>
      <trkpt lat="22.4724368775" lon="114.2721224757"><ele>69.000</ele></trkpt>
      <trkpt lat="22.4724640550" lon="114.2721140117"><ele>69.000</ele></trkpt>
      <trkpt lat="22.4725024377" lon="114.2721082955"><ele>68.000</ele></trkpt>
      <trkpt lat="22.4725559355" lon="114.2721039800"><ele>66.000</ele></trkpt>
      <trkpt lat="22.4725931240" lon="114.2721018192"><ele>68.000</ele></trkpt>
      <trkpt lat="22.4726448527" lon="114.2720977445"><ele>72.000</ele></trkpt>
      <trkpt lat="22.4727012141" lon="114.2720917684"><ele>74.000</ele></trkpt>
      <trkpt lat="22.4727933073" lon="114.2720870052"><ele>75.000</ele></trkpt>
      <trkpt lat="22.4728747369" lon="114.2720585406"><ele>76.000</ele></trkpt>
      <trkpt lat="22.4728944359" lon="114.2720493379"><ele>76.000</ele></trkpt>
      <trkpt lat="22.4729157100" lon="114.2720366537"><ele>74.000</ele></trkpt>
      <trkpt lat="22.4729414213" lon="114.2720183603"><ele>74.000</ele></trkpt>
      <trkpt lat="22.4729605913" lon="114.2720011177"><ele>74.000</ele></trkpt>
      <trkpt lat="22.4729764412" lon="114.2719817720"><ele>70.000</ele></trkpt>
      <trkpt lat="22.4729869740" lon="114.2719623363"><ele>70.000</ele></trkpt>
      <trkpt lat="22.4729948580" lon="114.2719400740"><ele>68.000</ele></trkpt>
      <trkpt lat="22.4729998758" lon="114.2719162649"><ele>68.000</ele></trkpt>
      <trkpt lat="22.4730017186" lon="114.2718923040"><ele>67.000</ele></trkpt>
      <trkpt lat="22.4730001246" lon="114.2718694931"><ele>67.000</ele></trkpt>
      <trkpt lat="22.4729957815" lon="114.2718472780"><ele>65.000</ele></trkpt>
      <trkpt lat="22.4729885898" lon="114.2718224218"><ele>65.000</ele></trkpt>
      <trkpt lat="22.4729531497" lon="114.2717262060"><ele>64.000</ele></trkpt>
      <trkpt lat="22.4729264429" lon="114.2716836241"><ele>64.000</ele></trkpt>
      <trkpt lat="22.4729106998" lon="114.2715290657"><ele>66.000</ele></trkpt>
      <trkpt lat="22.4728716599" lon="114.2714530533"><ele>66.000</ele></trkpt>
      <trkpt lat="22.4728588139" lon="114.2714133920"><ele>66.000</ele></trkpt>
      <trkpt lat="22.4728447766" lon="114.2713586789"><ele>68.000</ele></trkpt>
      <trkpt lat="22.4728302668" lon="114.2713072584"><ele>73.000</ele></trkpt>
      <trkpt lat="22.4728202947" lon="114.2712808419"><ele>73.000</ele></trkpt>
      <trkpt lat="22.4728174468" lon="114.2712540425"><ele>76.000</ele></trkpt>
      <trkpt lat="22.4728177046" lon="114.2712302467"><ele>76.000</ele></trkpt>
      <trkpt lat="22.4728208189" lon="114.2711998844"><ele>76.000</ele></trkpt>
      <trkpt lat="22.4728346779" lon="114.2711256209"><ele>74.000</ele></trkpt>
      <trkpt lat="22.4728404280" lon="114.2710815998"><ele>72.000</ele></trkpt>
      <trkpt lat="22.4728409377" lon="114.2710285377"><ele>72.000</ele></trkpt>
      <trkpt lat="22.4728435516" lon="114.2710044442"><ele>70.000</ele></trkpt>
      <trkpt lat="22.4728439424" lon="114.2710033018"><ele>70.000</ele></trkpt>
      <trkpt lat="22.4728669552" lon="114.2709078020"><ele>68.000</ele></trkpt>
      <trkpt lat="22.4728884802" lon="114.2708457546"><ele>68.000</ele></trkpt>
      <trkpt lat="22.4729168125" lon="114.2707459869"><ele>69.000</ele></trkpt>
      <trkpt lat="22.4729191122" lon="114.2706814924"><ele>68.000</ele></trkpt>
      <trkpt lat="22.4729245818" lon="114.2706102558"><ele>68.000</ele></trkpt>
      <trkpt lat="22.4729247447" lon="114.2706081299"><ele>68.000</ele></trkpt>
      <trkpt lat="22.4729027567" lon="114.2705876004"><ele>68.000</ele></trkpt>
      <trkpt lat="22.4728857307" lon="114.2705784262"><ele>68.000</ele></trkpt>
      <trkpt lat="22.4728431639" lon="114.2705600720"><ele>66.000</ele></trkpt>
      <trkpt lat="22.4728005917" lon="114.2705508806"><ele>66.000</ele></trkpt>
      <trkpt lat="22.4727424060" lon="114.2705432061"><ele>66.000</ele></trkpt>
      <trkpt lat="22.4727012596" lon="114.2705233264"><ele>67.000</ele></trkpt>
      <trkpt lat="22.4726473441" lon="114.2704942744"><ele>66.000</ele></trkpt>
      <trkpt lat="22.4725749795" lon="114.2704652111"><ele>68.000</ele></trkpt>
      <trkpt lat="22.4725253289" lon="114.2704239463"><ele>69.000</ele></trkpt>
      <trkpt lat="22.4724643271" lon="114.2703780926"><ele>70.000</ele></trkpt>
      <trkpt lat="22.4723650339" lon="114.2702848720"><ele>72.000</ele></trkpt>
      <trkpt lat="22.4723253168" lon="114.2702466680"><ele>70.000</ele></trkpt>
      <trkpt lat="22.4722529556" lon="114.2702099695"><ele>73.000</ele></trkpt>
      <trkpt lat="22.4721848514" lon="114.2701748004"><ele>72.000</ele></trkpt>
      <trkpt lat="22.4721238309" lon="114.2701610154"><ele>72.000</ele></trkpt>
      <trkpt lat="22.4720755889" lon="114.2701403675"><ele>70.000</ele></trkpt>
      <trkpt lat="22.4720443830" lon="114.2701082780"><ele>70.000</ele></trkpt>
      <trkpt lat="22.4720061030" lon="114.2700395330"><ele>68.000</ele></trkpt>
      <trkpt lat="22.4720018884" lon="114.2699647020"><ele>68.000</ele></trkpt>
      <trkpt lat="22.4720132820" lon="114.2698959912"><ele>62.000</ele></trkpt>
      <trkpt lat="22.4720147412" lon="114.2698272728"><ele>60.000</ele></trkpt>
      <trkpt lat="22.4720048482" lon="114.2697539654"><ele>59.000</ele></trkpt>
      <trkpt lat="22.4719850270" lon="114.2696699623"><ele>59.000</ele></trkpt>
      <trkpt lat="22.4719609478" lon="114.2695859554"><ele>62.000</ele></trkpt>
      <trkpt lat="22.4719184116" lon="114.2695141538"><ele>62.000</ele></trkpt>
      <trkpt lat="22.4718829609" lon="114.2694606824"><ele>63.000</ele></trkpt>
      <trkpt lat="22.4718475014" lon="114.2694224806"><ele>63.000</ele></trkpt>
      <trkpt lat="22.4717921784" lon="114.2693735773"><ele>62.000</ele></trkpt>
      <trkpt lat="22.4716517298" lon="114.2692734591"><ele>66.000</ele></trkpt>
      <trkpt lat="22.4716034871" lon="114.2692520478"><ele>66.000</ele></trkpt>
      <trkpt lat="22.4715027308" lon="114.2692321292"><ele>70.000</ele></trkpt>
      <trkpt lat="22.4714473912" lon="114.2692122407"><ele>73.000</ele></trkpt>
      <trkpt lat="22.4714190181" lon="114.2691908426"><ele>76.000</ele></trkpt>
      <trkpt lat="22.4713949134" lon="114.2691511220"><ele>75.000</ele></trkpt>
      <trkpt lat="22.4713694013" lon="114.2690915487"><ele>75.000</ele></trkpt>
      <trkpt lat="22.4713453166" lon="114.2690167049"><ele>71.000</ele></trkpt>
      <trkpt lat="22.4713398131" lon="114.2690064270"><ele>74.000</ele></trkpt>
      <trkpt lat="22.4713027836" lon="114.2689372686"><ele>74.000</ele></trkpt>
      <trkpt lat="22.4712928815" lon="114.2688807596"><ele>77.000</ele></trkpt>
      <trkpt lat="22.4712574424" lon="114.2688066731"><ele>78.000</ele></trkpt>
      <trkpt lat="22.4712347571" lon="114.2687669535"><ele>82.000</ele></trkpt>
      <trkpt lat="22.4712220027" lon="114.2687333493"><ele>82.000</ele></trkpt>
      <trkpt lat="22.4712149223" lon="114.2687058567"><ele>82.000</ele></trkpt>
      <trkpt lat="22.4712149484" lon="114.2686600444"><ele>80.000</ele></trkpt>
      <trkpt lat="22.4712263362" lon="114.2686004955"><ele>82.000</ele></trkpt>
      <trkpt lat="22.4712784586" lon="114.2684144338"><ele>80.000</ele></trkpt>
      <trkpt lat="22.4712886877" lon="114.2683779187"><ele>80.000</ele></trkpt>
      <trkpt lat="22.4712958248" lon="114.2683262559"><ele>82.000</ele></trkpt>
      <trkpt lat="22.4713098233" lon="114.2682634420"><ele>86.000</ele></trkpt>
      <trkpt lat="22.4713034899" lon="114.2682402212"><ele>88.000</ele></trkpt>
      <trkpt lat="22.4713047788" lon="114.2682047131"><ele>87.000</ele></trkpt>
      <trkpt lat="22.4713149528" lon="114.2681705769"><ele>87.000</ele></trkpt>
      <trkpt lat="22.4713124356" lon="114.2681330180"><ele>84.000</ele></trkpt>
      <trkpt lat="22.4713074136" lon="114.2680360488"><ele>80.000</ele></trkpt>
      <trkpt lat="22.4712922376" lon="114.2679377069"><ele>80.000</ele></trkpt>
      <trkpt lat="22.4712719684" lon="114.2678680428"><ele>82.000</ele></trkpt>
      <trkpt lat="22.4712301333" lon="114.2677765122"><ele>83.000</ele></trkpt>
      <trkpt lat="22.4711984352" lon="114.2677163998"><ele>83.000</ele></trkpt>
      <trkpt lat="22.4711819641" lon="114.2676644922"><ele>84.000</ele></trkpt>
      <trkpt lat="22.4711528028" lon="114.2676071128"><ele>84.000</ele></trkpt>
      <trkpt lat="22.4711490393" lon="114.2675278995"><ele>84.000</ele></trkpt>
      <trkpt lat="22.4711312873" lon="114.2674957934"><ele>84.000</ele></trkpt>
      <trkpt lat="22.4711287619" lon="114.2674725742"><ele>86.000</ele></trkpt>
      <trkpt lat="22.4711338619" lon="114.2674329721"><ele>86.000</ele></trkpt>
      <trkpt lat="22.4711326053" lon="114.2674097547"><ele>87.000</ele></trkpt>
      <trkpt lat="22.4711186687" lon="114.2673646766"><ele>91.000</ele></trkpt>
      <trkpt lat="22.4710945658" lon="114.2673400782"><ele>91.000</ele></trkpt>
      <trkpt lat="22.4710641219" lon="114.2673072808"><ele>87.000</ele></trkpt>
      <trkpt lat="22.4710057686" lon="114.2672471523"><ele>88.000</ele></trkpt>
      <trkpt lat="22.4709943566" lon="114.2672266586"><ele>89.000</ele></trkpt>
      <trkpt lat="22.4709842111" lon="114.2672102633"><ele>89.000</ele></trkpt>
      <trkpt lat="22.4709639110" lon="114.2671952274"><ele>93.000</ele></trkpt>
      <trkpt lat="22.4709436132" lon="114.2671760942"><ele>94.000</ele></trkpt>
      <trkpt lat="22.4709258592" lon="114.2671474035"><ele>96.000</ele></trkpt>
      <trkpt lat="22.4709017595" lon="114.2671187077"><ele>93.000</ele></trkpt>
      <trkpt lat="22.4708637001" lon="114.2670845403"><ele>90.000</ele></trkpt>
      <trkpt lat="22.4708357960" lon="114.2670476472"><ele>92.000</ele></trkpt>
      <trkpt lat="22.4707939507" lon="114.2669752382"><ele>88.000</ele></trkpt>
      <trkpt lat="22.4707673269" lon="114.2669192269"><ele>88.000</ele></trkpt>
      <trkpt lat="22.4707533825" lon="114.2668878065"><ele>90.000</ele></trkpt>
      <trkpt lat="22.4707559487" lon="114.2668379597"><ele>90.000</ele></trkpt>
      <trkpt lat="22.4707559594" lon="114.2668188397"><ele>90.000</ele></trkpt>
      <trkpt lat="22.4707483563" lon="114.2667969834"><ele>90.000</ele></trkpt>
      <trkpt lat="22.4707445695" lon="114.2667587408"><ele>90.000</ele></trkpt>
      <trkpt lat="22.4707382419" lon="114.2667245940"><ele>88.000</ele></trkpt>
      <trkpt lat="22.4707167679" lon="114.2665374779"><ele>87.000</ele></trkpt>
      <trkpt lat="22.4707091655" lon="114.2665142555"><ele>88.000</ele></trkpt>
      <trkpt lat="22.4706901494" lon="114.2664732718"><ele>88.000</ele></trkpt>
      <trkpt lat="22.4706812955" lon="114.2664172721"><ele>89.000</ele></trkpt>
      <trkpt lat="22.4706800531" lon="114.2663681059"><ele>90.000</ele></trkpt>
      <trkpt lat="22.4706610416" lon="114.2663189284"><ele>92.000</ele></trkpt>
      <trkpt lat="22.4706369409" lon="114.2662902328"><ele>92.000</ele></trkpt>
      <trkpt lat="22.4706204594" lon="114.2662560796"><ele>92.000</ele></trkpt>
      <trkpt lat="22.4706065104" lon="114.2662328541"><ele>92.000</ele></trkpt>
      <trkpt lat="22.4705747973" lon="114.2661986901"><ele>95.000</ele></trkpt>
      <trkpt lat="22.4705697392" lon="114.2661631791"><ele>96.000</ele></trkpt>
      <trkpt lat="22.4705367668" lon="114.2661119435"><ele>95.000</ele></trkpt>
      <trkpt lat="22.4704999948" lon="114.2660436346"><ele>96.000</ele></trkpt>
      <trkpt lat="22.4704873146" lon="114.2660217751"><ele>98.000</ele></trkpt>
      <trkpt lat="22.4704251421" lon="114.2659807640"><ele>102.000</ele></trkpt>
      <trkpt lat="22.4703985006" lon="114.2659561643"><ele>102.000</ele></trkpt>
      <trkpt lat="22.4703947047" lon="114.2659356767"><ele>102.000</ele></trkpt>
      <trkpt lat="22.4703820175" lon="114.2659247425"><ele>102.000</ele></trkpt>
      <trkpt lat="22.4703579009" lon="114.2659247270"><ele>102.000</ele></trkpt>
      <trkpt lat="22.4703134714" lon="114.2659342586"><ele>102.000</ele></trkpt>
      <trkpt lat="22.4702868156" lon="114.2659356077"><ele>101.000</ele></trkpt>
      <trkpt lat="22.4702474794" lon="114.2659137313"><ele>102.000</ele></trkpt>
      <trkpt lat="22.4702271800" lon="114.2658973296"><ele>102.000</ele></trkpt>
      <trkpt lat="22.4702119613" lon="114.2658754686"><ele>102.000</ele></trkpt>
      <trkpt lat="22.4702082526" lon="114.2656951933"><ele>102.000</ele></trkpt>
      <trkpt lat="22.4702082722" lon="114.2656596846"><ele>102.000</ele></trkpt>
      <trkpt lat="22.4702057480" lon="114.2656337343"><ele>102.000</ele></trkpt>
      <trkpt lat="22.4701854628" lon="114.2655913849"><ele>102.000</ele></trkpt>
      <trkpt lat="22.4701791598" lon="114.2655121696"><ele>98.000</ele></trkpt>
      <trkpt lat="22.4701310201" lon="114.2653434754"><ele>98.000</ele></trkpt>
      <trkpt lat="22.4700930014" lon="114.2652341949"><ele>102.000</ele></trkpt>
      <trkpt lat="22.4700575047" lon="114.2651549612"><ele>102.000</ele></trkpt>
      <trkpt lat="22.4700055166" lon="114.2650593293"><ele>109.000</ele></trkpt>
      <trkpt lat="22.4699522564" lon="114.2649677932"><ele>114.000</ele></trkpt>
      <trkpt lat="22.4699180099" lon="114.2649240691"><ele>116.000</ele></trkpt>
      <trkpt lat="22.4698571045" lon="114.2648871568"><ele>120.000</ele></trkpt>
      <trkpt lat="22.4697911185" lon="114.2648570690"><ele>124.000</ele></trkpt>
      <trkpt lat="22.4697352795" lon="114.2648392800"><ele>124.000</ele></trkpt>
      <trkpt lat="22.4696881919" lon="114.2648085075"><ele>126.000</ele></trkpt>
      <trkpt lat="22.4695841765" lon="114.2646496429"><ele>114.000</ele></trkpt>
      <trkpt lat="22.4695012857" lon="114.2645230426"><ele>114.000</ele></trkpt>
      <trkpt lat="22.4694642806" lon="114.2644870687"><ele>112.000</ele></trkpt>
      <trkpt lat="22.4694354859" lon="114.2644693610"><ele>110.000</ele></trkpt>
      <trkpt lat="22.4694182149" lon="114.2645064725"><ele>110.000</ele></trkpt>
      <trkpt lat="22.4693730417" lon="114.2645453096"><ele>105.000</ele></trkpt>
      <trkpt lat="22.4693188961" lon="114.2644772609"><ele>100.000</ele></trkpt>
      <trkpt lat="22.4692647400" lon="114.2644286450"><ele>96.000</ele></trkpt>
      <trkpt lat="22.4691834874" lon="114.2643897285"><ele>95.000</ele></trkpt>
      <trkpt lat="22.4691112598" lon="114.2643605340"><ele>93.000</ele></trkpt>
      <trkpt lat="22.4690300019" lon="114.2643313339"><ele>87.000</ele></trkpt>
      <trkpt lat="22.4689397083" lon="114.2643118445"><ele>83.000</ele></trkpt>
      <trkpt lat="22.4688674807" lon="114.2642826501"><ele>80.000</ele></trkpt>
      <trkpt lat="22.4687862280" lon="114.2642437338"><ele>76.000</ele></trkpt>
      <trkpt lat="22.4686959291" lon="114.2642339608"><ele>72.000</ele></trkpt>
      <trkpt lat="22.4686237016" lon="114.2642047665"><ele>68.000</ele></trkpt>
      <trkpt lat="22.4685424594" lon="114.2641464177"><ele>64.000</ele></trkpt>
      <trkpt lat="22.4684702265" lon="114.2641269398"><ele>62.000</ele></trkpt>
      <trkpt lat="22.4684070504" lon="114.2640588861"><ele>53.000</ele></trkpt>
      <trkpt lat="22.4683709707" lon="114.2639811330"><ele>52.000</ele></trkpt>
      <trkpt lat="22.4684071396" lon="114.2638937089"><ele>49.000</ele></trkpt>
      <trkpt lat="22.4684252476" lon="114.2638062734"><ele>52.000</ele></trkpt>
      <trkpt lat="22.4683259025" lon="114.2638256440"><ele>49.000</ele></trkpt>
      <trkpt lat="22.4682536487" lon="114.2638450315"><ele>46.000</ele></trkpt>
      <trkpt lat="22.4681633288" lon="114.2638741240"><ele>44.000</ele></trkpt>
      <trkpt lat="22.4680549480" lon="114.2639032051"><ele>41.000</ele></trkpt>
      <trkpt lat="22.4679736743" lon="114.2639031543"><ele>40.000</ele></trkpt>
      <trkpt lat="22.4678833543" lon="114.2639322467"><ele>36.000</ele></trkpt>
      <trkpt lat="22.4678020543" lon="114.2639807772"><ele>34.000</ele></trkpt>
      <trkpt lat="22.4677207596" lon="114.2640195914"><ele>33.000</ele></trkpt>
      <trkpt lat="22.4676575676" lon="114.2639806869"><ele>33.000</ele></trkpt>
      <trkpt lat="22.4675672739" lon="114.2639611979"><ele>31.000</ele></trkpt>
      <trkpt lat="22.4675221481" lon="114.2639125884"><ele>30.000</ele></trkpt>
      <trkpt lat="22.4674118845" lon="114.2639615817"><ele>26.000</ele></trkpt>
      <trkpt lat="22.4674100981" lon="114.2639669537"><ele>26.000</ele></trkpt>
      <trkpt lat="22.4674095143" lon="114.2639945698"><ele>25.000</ele></trkpt>
      <trkpt lat="22.4673852171" lon="114.2640612147"><ele>24.000</ele></trkpt>
      <trkpt lat="22.4673801134" lon="114.2640708170"><ele>24.000</ele></trkpt>
      <trkpt lat="22.4673707905" lon="114.2640839573"><ele>24.000</ele></trkpt>
      <trkpt lat="22.4673342533" lon="114.2641225651"><ele>24.000</ele></trkpt>
      <trkpt lat="22.4673001021" lon="114.2641558423"><ele>24.000</ele></trkpt>
      <trkpt lat="22.4671605927" lon="114.2642792551"><ele>20.000</ele></trkpt>
      <trkpt lat="22.4670786756" lon="114.2643517204"><ele>20.000</ele></trkpt>
      <trkpt lat="22.4670370963" lon="114.2643925830"><ele>20.000</ele></trkpt>
      <trkpt lat="22.4670044856" lon="114.2644275972"><ele>20.000</ele></trkpt>
      <trkpt lat="22.4669850382" lon="114.2644516705"><ele>20.000</ele></trkpt>
      <trkpt lat="22.4669809745" lon="114.2644567010"><ele>20.000</ele></trkpt>
      <trkpt lat="22.4669560622" lon="114.2644916772"><ele>21.000</ele></trkpt>
      <trkpt lat="22.4668614923" lon="114.2646422791"><ele>24.000</ele></trkpt>
      <trkpt lat="22.4668218346" lon="114.2647130172"><ele>24.000</ele></trkpt>
      <trkpt lat="22.4668088684" lon="114.2647301047"><ele>24.000</ele></trkpt>
      <trkpt lat="22.4668012337" lon="114.2647373986"><ele>24.000</ele></trkpt>
      <trkpt lat="22.4667883487" lon="114.2647464606"><ele>24.000</ele></trkpt>
      <trkpt lat="22.4667694019" lon="114.2647547851"><ele>26.000</ele></trkpt>
      <trkpt lat="22.4667444547" lon="114.2647609333"><ele>26.000</ele></trkpt>
      <trkpt lat="22.4667139174" lon="114.2647644556"><ele>28.000</ele></trkpt>
      <trkpt lat="22.4666627340" lon="114.2647658536"><ele>29.000</ele></trkpt>
      <trkpt lat="22.4665660366" lon="114.2647535113"><ele>34.000</ele></trkpt>
      <trkpt lat="22.4665507066" lon="114.2647533568"><ele>34.000</ele></trkpt>
      <trkpt lat="22.4665358190" lon="114.2647567160"><ele>34.000</ele></trkpt>
      <trkpt lat="22.4664915350" lon="114.2647711341"><ele>36.000</ele></trkpt>
      <trkpt lat="22.4664825235" lon="114.2647761410"><ele>36.000</ele></trkpt>
      <trkpt lat="22.4664746352" lon="114.2647832939"><ele>36.000</ele></trkpt>
      <trkpt lat="22.4664731207" lon="114.2647883784"><ele>36.000</ele></trkpt>
      <trkpt lat="22.4664738699" lon="114.2647939093"><ele>36.000</ele></trkpt>
      <trkpt lat="22.4664783766" lon="114.2648096048"><ele>36.000</ele></trkpt>
      <trkpt lat="22.4665178530" lon="114.2648808444"><ele>36.000</ele></trkpt>
      <trkpt lat="22.4665330234" lon="114.2649153872"><ele>38.000</ele></trkpt>
      <trkpt lat="22.4665366521" lon="114.2649313794"><ele>38.000</ele></trkpt>
      <trkpt lat="22.4665472574" lon="114.2650024435"><ele>40.000</ele></trkpt>
      <trkpt lat="22.4665479556" lon="114.2650188069"><ele>40.000</ele></trkpt>
      <trkpt lat="22.4665457179" lon="114.2650352346"><ele>40.000</ele></trkpt>
      <trkpt lat="22.4665432234" lon="114.2650902470"><ele>42.000</ele></trkpt>
      <trkpt lat="22.4665402721" lon="114.2651120434"><ele>44.000</ele></trkpt>
      <trkpt lat="22.4665337145" lon="114.2651328795"><ele>44.000</ele></trkpt>
      <trkpt lat="22.4665282622" lon="114.2651422813"><ele>44.000</ele></trkpt>
      <trkpt lat="22.4665179085" lon="114.2651544364"><ele>44.000</ele></trkpt>
      <trkpt lat="22.4665017853" lon="114.2651680658"><ele>46.000</ele></trkpt>
      <trkpt lat="22.4664842312" lon="114.2651794372"><ele>46.000</ele></trkpt>
      <trkpt lat="22.4664612484" lon="114.2651915756"><ele>48.000</ele></trkpt>
      <trkpt lat="22.4663769041" lon="114.2652314721"><ele>54.000</ele></trkpt>
      <trkpt lat="22.4663592489" lon="114.2652426617"><ele>54.000</ele></trkpt>
      <trkpt lat="22.4663425122" lon="114.2652553656"><ele>54.000</ele></trkpt>
      <trkpt lat="22.4663193201" lon="114.2652770267"><ele>55.000</ele></trkpt>
      <trkpt lat="22.4663015951" lon="114.2652969122"><ele>55.000</ele></trkpt>
      <trkpt lat="22.4662710841" lon="114.2653313842"><ele>56.000</ele></trkpt>
      <trkpt lat="22.4662355669" lon="114.2653751388"><ele>60.000</ele></trkpt>
      <trkpt lat="22.4662173812" lon="114.2653853729"><ele>62.000</ele></trkpt>
      <trkpt lat="22.4662052578" lon="114.2653937473"><ele>62.000</ele></trkpt>
      <trkpt lat="22.4661914020" lon="114.2654011898"><ele>64.000</ele></trkpt>
      <trkpt lat="22.4661846575" lon="114.2654087680"><ele>64.000</ele></trkpt>
      <trkpt lat="22.4661808646" lon="114.2654122168"><ele>64.000</ele></trkpt>
      <trkpt lat="22.4661787315" lon="114.2654173514"><ele>64.000</ele></trkpt>
      <trkpt lat="22.4661631547" lon="114.2654408701"><ele>66.000</ele></trkpt>
      <trkpt lat="22.4660159276" lon="114.2654219943"><ele>60.000</ele></trkpt>
      <trkpt lat="22.4660157813" lon="114.2654219640"><ele>60.000</ele></trkpt>
      <trkpt lat="22.4660004502" lon="114.2654205620"><ele>60.000</ele></trkpt>
      <trkpt lat="22.4659390163" lon="114.2654205152"><ele>58.000</ele></trkpt>
      <trkpt lat="22.4658153950" lon="114.2654109148"><ele>60.000</ele></trkpt>
      <trkpt lat="22.4657727473" lon="114.2654006449"><ele>60.000</ele></trkpt>
      <trkpt lat="22.4657167955" lon="114.2653796293"><ele>60.000</ele></trkpt>
      <trkpt lat="22.4656769031" lon="114.2653624317"><ele>61.000</ele></trkpt>
      <trkpt lat="22.4656370119" lon="114.2653430869"><ele>62.000</ele></trkpt>
      <trkpt lat="22.4655632230" lon="114.2652893760"><ele>60.000</ele></trkpt>
      <trkpt lat="22.4655173535" lon="114.2652571477"><ele>58.000</ele></trkpt>
      <trkpt lat="22.4654834547" lon="114.2652249280"><ele>58.000</ele></trkpt>
      <trkpt lat="22.4654435540" lon="114.2652227554"><ele>58.000</ele></trkpt>
      <trkpt lat="22.4653956697" lon="114.2652270186"><ele>57.000</ele></trkpt>
      <trkpt lat="22.4653537683" lon="114.2652355781"><ele>56.000</ele></trkpt>
      <trkpt lat="22.4652762992" lon="114.2652666282"><ele>55.000</ele></trkpt>
      <trkpt lat="22.4652476169" lon="114.2652778982"><ele>54.000</ele></trkpt>
      <trkpt lat="22.4652134708" lon="114.2652947446"><ele>53.000</ele></trkpt>
      <trkpt lat="22.4651775464" lon="114.2653171174"><ele>52.000</ele></trkpt>
      <trkpt lat="22.4651058270" lon="114.2653726527"><ele>54.000</ele></trkpt>
      <trkpt lat="22.4650907849" lon="114.2653842927"><ele>54.000</ele></trkpt>
      <trkpt lat="22.4650622594" lon="114.2654158800"><ele>55.000</ele></trkpt>
      <trkpt lat="22.4650427822" lon="114.2654298199"><ele>55.000</ele></trkpt>
      <trkpt lat="22.4650277410" lon="114.2654414502"><ele>55.000</ele></trkpt>
      <trkpt lat="22.4649998784" lon="114.2654647510"><ele>58.000</ele></trkpt>
      <trkpt lat="22.4649859568" lon="114.2654752161"><ele>58.000</ele></trkpt>
      <trkpt lat="22.4649576200" lon="114.2654919972"><ele>60.000</ele></trkpt>
      <trkpt lat="22.4649376674" lon="114.2655000090"><ele>60.000</ele></trkpt>
      <trkpt lat="22.4649222061" lon="114.2655021561"><ele>62.000</ele></trkpt>
      <trkpt lat="22.4649006484" lon="114.2655059900"><ele>62.000</ele></trkpt>
      <trkpt lat="22.4648570294" lon="114.2655112963"><ele>62.000</ele></trkpt>
      <trkpt lat="22.4648382350" lon="114.2655151708"><ele>62.000</ele></trkpt>
      <trkpt lat="22.4648177973" lon="114.2655184321"><ele>62.000</ele></trkpt>
      <trkpt lat="22.4647945396" lon="114.2655264039"><ele>60.000</ele></trkpt>
      <trkpt lat="22.4647718705" lon="114.2655314029"><ele>62.000</ele></trkpt>
      <trkpt lat="22.4647491552" lon="114.2655399678"><ele>61.000</ele></trkpt>
      <trkpt lat="22.4647192685" lon="114.2655490235"><ele>61.000</ele></trkpt>
      <trkpt lat="22.4646955354" lon="114.2655510488"><ele>61.000</ele></trkpt>
      <trkpt lat="22.4646773296" lon="114.2655519797"><ele>61.000</ele></trkpt>
      <trkpt lat="22.4646474904" lon="114.2655568867"><ele>62.000</ele></trkpt>
      <trkpt lat="22.4646383117" lon="114.2655571830"><ele>62.000</ele></trkpt>
      <trkpt lat="22.4645919691" lon="114.2655870595"><ele>64.000</ele></trkpt>
      <trkpt lat="22.4645633042" lon="114.2656012714"><ele>64.000</ele></trkpt>
      <trkpt lat="22.4645434643" lon="114.2656012587"><ele>64.000</ele></trkpt>
      <trkpt lat="22.4645126111" lon="114.2655846373"><ele>65.000</ele></trkpt>
      <trkpt lat="22.4644927656" lon="114.2655964831"><ele>65.000</ele></trkpt>
      <trkpt lat="22.4644685119" lon="114.2656059543"><ele>66.000</ele></trkpt>
      <trkpt lat="22.4643990777" lon="114.2655964234"><ele>66.000</ele></trkpt>
      <trkpt lat="22.4643285483" lon="114.2655750324"><ele>61.000</ele></trkpt>
      <trkpt lat="22.4642249731" lon="114.2655156725"><ele>62.000</ele></trkpt>
      <trkpt lat="22.4642201349" lon="114.2655085835"><ele>62.000</ele></trkpt>
      <trkpt lat="22.4641699074" lon="114.2654349965"><ele>60.000</ele></trkpt>
      <trkpt lat="22.4641412763" lon="114.2653875437"><ele>58.000</ele></trkpt>
      <trkpt lat="22.4641060326" lon="114.2653377142"><ele>58.000</ele></trkpt>
      <trkpt lat="22.4640707902" lon="114.2652855120"><ele>58.000</ele></trkpt>
      <trkpt lat="22.4640531881" lon="114.2652262069"><ele>59.000</ele></trkpt>
      <trkpt lat="22.4640576279" lon="114.2651692876"><ele>59.000</ele></trkpt>
      <trkpt lat="22.4640797396" lon="114.2650459695"><ele>56.000</ele></trkpt>
      <trkpt lat="22.4640907936" lon="114.2649866817"><ele>54.000</ele></trkpt>
      <trkpt lat="22.4640974282" lon="114.2649487380"><ele>54.000</ele></trkpt>
      <trkpt lat="22.4640952394" lon="114.2649202756"><ele>54.000</ele></trkpt>
      <trkpt lat="22.4640820281" lon="114.2648918051"><ele>52.000</ele></trkpt>
      <trkpt lat="22.4640820501" lon="114.2648514857"><ele>52.000</ele></trkpt>
      <trkpt lat="22.4640798859" lon="114.2647779594"><ele>52.000</ele></trkpt>
      <trkpt lat="22.4640622736" lon="114.2647352562"><ele>52.000</ele></trkpt>
      <trkpt lat="22.4640226275" lon="114.2646735656"><ele>52.000</ele></trkpt>
      <trkpt lat="22.4639917932" lon="114.2646237381"><ele>52.000</ele></trkpt>
      <trkpt lat="22.4639719727" lon="114.2645881495"><ele>52.000</ele></trkpt>
      <trkpt lat="22.4638573729" lon="114.2645335269"><ele>52.000</ele></trkpt>
      <trkpt lat="22.4638177112" lon="114.2645002966"><ele>52.000</ele></trkpt>
      <trkpt lat="22.4637802651" lon="114.2644480943"><ele>54.000</ele></trkpt>
      <trkpt lat="22.4637097613" lon="114.2643792696"><ele>52.000</ele></trkpt>
      <trkpt lat="22.4636524719" lon="114.2643317982"><ele>50.000</ele></trkpt>
      <trkpt lat="22.4636062049" lon="114.2642843339"><ele>50.000</ele></trkpt>
      <trkpt lat="22.4635753730" lon="114.2642297642"><ele>48.000</ele></trkpt>
      <trkpt lat="22.4635533558" lon="114.2641799434"><ele>47.000</ele></trkpt>
      <trkpt lat="22.4635247179" lon="114.2641443485"><ele>45.000</ele></trkpt>
      <trkpt lat="22.4635026814" lon="114.2641301047"><ele>45.000</ele></trkpt>
      <trkpt lat="22.4634673749" lon="114.2641205736"><ele>44.000</ele></trkpt>
      <trkpt lat="22.4634376325" lon="114.2641051066"><ele>42.000</ele></trkpt>
      <trkpt lat="22.4634103692" lon="114.2640825689"><ele>42.000</ele></trkpt>
      <trkpt lat="22.4633869204" lon="114.2640450185"><ele>40.000</ele></trkpt>
      <trkpt lat="22.4633780583" lon="114.2640108905"><ele>40.000</ele></trkpt>
      <trkpt lat="22.4633723739" lon="114.2639651627"><ele>38.000</ele></trkpt>
      <trkpt lat="22.4633838160" lon="114.2639208097"><ele>38.000</ele></trkpt>
      <trkpt lat="22.4633920826" lon="114.2638819151"><ele>38.000</ele></trkpt>
      <trkpt lat="22.4633908547" lon="114.2638061609"><ele>40.000</ele></trkpt>
      <trkpt lat="22.4633909062" lon="114.2637106172"><ele>43.000</ele></trkpt>
      <trkpt lat="22.4633833312" lon="114.2636423666"><ele>42.000</ele></trkpt>
      <trkpt lat="22.4633605259" lon="114.2635884385"><ele>39.000</ele></trkpt>
      <trkpt lat="22.4633307414" lon="114.2635351882"><ele>34.000</ele></trkpt>
      <trkpt lat="22.4632841112" lon="114.2634642716"><ele>32.000</ele></trkpt>
      <trkpt lat="22.4632807558" lon="114.2634620397"><ele>32.000</ele></trkpt>
      <trkpt lat="22.4632772973" lon="114.2634599088"><ele>32.000</ele></trkpt>
      <trkpt lat="22.4632737694" lon="114.2634578459"><ele>32.000</ele></trkpt>
      <trkpt lat="22.4632702034" lon="114.2634558188"><ele>32.000</ele></trkpt>
      <trkpt lat="22.4632666339" lon="114.2634537957"><ele>32.000</ele></trkpt>
      <trkpt lat="22.4632630942" lon="114.2634517434"><ele>32.000</ele></trkpt>
      <trkpt lat="22.4632596168" lon="114.2634496310"><ele>32.000</ele></trkpt>
      <trkpt lat="22.4632562343" lon="114.2634474253"><ele>32.000</ele></trkpt>
      <trkpt lat="22.4632529809" lon="114.2634450953"><ele>32.000</ele></trkpt>
      <trkpt lat="22.4632498894" lon="114.2634426071"><ele>32.000</ele></trkpt>
      <trkpt lat="22.4632469929" lon="114.2634399286"><ele>32.000</ele></trkpt>
      <trkpt lat="22.4632443242" lon="114.2634370286"><ele>30.000</ele></trkpt>
      <trkpt lat="22.4632419021" lon="114.2634338908"><ele>30.000</ele></trkpt>
      <trkpt lat="22.4632396860" lon="114.2634305617"><ele>30.000</ele></trkpt>
      <trkpt lat="22.4632376452" lon="114.2634270685"><ele>30.000</ele></trkpt>
      <trkpt lat="22.4632357562" lon="114.2634234346"><ele>30.000</ele></trkpt>
      <trkpt lat="22.4632339910" lon="114.2634196812"><ele>30.000</ele></trkpt>
      <trkpt lat="22.4632323260" lon="114.2634158336"><ele>30.000</ele></trkpt>
      <trkpt lat="22.4632307342" lon="114.2634119132"><ele>30.000</ele></trkpt>
      <trkpt lat="22.4632291895" lon="114.2634079433"><ele>30.000</ele></trkpt>
      <trkpt lat="22.4632276673" lon="114.2634039471"><ele>30.000</ele></trkpt>
      <trkpt lat="22.4632261415" lon="114.2633999481"><ele>30.000</ele></trkpt>
      <trkpt lat="22.4632245858" lon="114.2633959684"><ele>30.000</ele></trkpt>
      <trkpt lat="22.4632229751" lon="114.2633920315"><ele>30.000</ele></trkpt>
      <trkpt lat="22.4632212831" lon="114.2633881606"><ele>28.000</ele></trkpt>
      <trkpt lat="22.4632194845" lon="114.2633843780"><ele>28.000</ele></trkpt>
      <trkpt lat="22.4632175539" lon="114.2633807071"><ele>28.000</ele></trkpt>
      <trkpt lat="22.4632154644" lon="114.2633771712"><ele>28.000</ele></trkpt>
      <trkpt lat="22.4632131851" lon="114.2633737925"><ele>28.000</ele></trkpt>
      <trkpt lat="22.4632107125" lon="114.2633705623"><ele>28.000</ele></trkpt>
      <trkpt lat="22.4632080800" lon="114.2633674565"><ele>28.000</ele></trkpt>
      <trkpt lat="22.4632053210" lon="114.2633644477"><ele>28.000</ele></trkpt>
      <trkpt lat="22.4632024698" lon="114.2633615097"><ele>28.000</ele></trkpt>
      <trkpt lat="22.4631995600" lon="114.2633586165"><ele>28.000</ele></trkpt>
      <trkpt lat="22.4631966239" lon="114.2633557426"><ele>28.000</ele></trkpt>
      <trkpt lat="22.4631936969" lon="114.2633528610"><ele>28.000</ele></trkpt>
      <trkpt lat="22.4631908105" lon="114.2633499454"><ele>28.000</ele></trkpt>
      <trkpt lat="22.4631880001" lon="114.2633469696"><ele>28.000</ele></trkpt>
      <trkpt lat="22.4631852989" lon="114.2633439083"><ele>28.000</ele></trkpt>
      <trkpt lat="22.4631827396" lon="114.2633407345"><ele>28.000</ele></trkpt>
      <trkpt lat="22.4631803555" lon="114.2633374218"><ele>28.000</ele></trkpt>
      <trkpt lat="22.4631781819" lon="114.2633339276"><ele>28.000</ele></trkpt>
      <trkpt lat="22.4631761990" lon="114.2633302605"><ele>28.000</ele></trkpt>
      <trkpt lat="22.4631743679" lon="114.2633264576"><ele>28.000</ele></trkpt>
      <trkpt lat="22.4631726488" lon="114.2633225546"><ele>29.000</ele></trkpt>
      <trkpt lat="22.4631710038" lon="114.2633185904"><ele>29.000</ele></trkpt>
      <trkpt lat="22.4631693940" lon="114.2633146000"><ele>29.000</ele></trkpt>
      <trkpt lat="22.4631677806" lon="114.2633106233"><ele>29.000</ele></trkpt>
      <trkpt lat="22.4631661238" lon="114.2633066941"><ele>29.000</ele></trkpt>
      <trkpt lat="22.4631643857" lon="114.2633028523"><ele>29.000</ele></trkpt>
      <trkpt lat="22.4631625265" lon="114.2632991329"><ele>29.000</ele></trkpt>
      <trkpt lat="22.4631605083" lon="114.2632955736"><ele>29.000</ele></trkpt>
      <trkpt lat="22.4631582904" lon="114.2632922125"><ele>28.000</ele></trkpt>
      <trkpt lat="22.4631558367" lon="114.2632890853"><ele>28.000</ele></trkpt>
      <trkpt lat="22.4631531111" lon="114.2632862233"><ele>28.000</ele></trkpt>
      <trkpt lat="22.4631501911" lon="114.2632835447"><ele>28.000</ele></trkpt>
      <trkpt lat="22.4631471276" lon="114.2632809982"><ele>28.000</ele></trkpt>
      <trkpt lat="22.4631439348" lon="114.2632785702"><ele>28.000</ele></trkpt>
      <trkpt lat="22.4631406282" lon="114.2632762489"><ele>28.000</ele></trkpt>
      <trkpt lat="22.4631372231" lon="114.2632740199"><ele>28.000</ele></trkpt>
      <trkpt lat="22.4631337349" lon="114.2632718696"><ele>28.000</ele></trkpt>
      <trkpt lat="22.4631301781" lon="114.2632697843"><ele>28.000</ele></trkpt>
      <trkpt lat="22.4631265697" lon="114.2632677514"><ele>28.000</ele></trkpt>
      <trkpt lat="22.4631229234" lon="114.2632657574"><ele>28.000</ele></trkpt>
      <trkpt lat="22.4631192554" lon="114.2632637876"><ele>28.000</ele></trkpt>
      <trkpt lat="22.4631155810" lon="114.2632618305"><ele>28.000</ele></trkpt>
      <trkpt lat="22.4631119157" lon="114.2632598714"><ele>28.000</ele></trkpt>
      <trkpt lat="22.4631082739" lon="114.2632578978"><ele>28.000</ele></trkpt>
      <trkpt lat="22.4631046718" lon="114.2632558950"><ele>28.000</ele></trkpt>
      <trkpt lat="22.4631011240" lon="114.2632538506"><ele>28.000</ele></trkpt>
      <trkpt lat="22.4630976466" lon="114.2632517507"><ele>28.000</ele></trkpt>
      <trkpt lat="22.4630942550" lon="114.2632495829"><ele>28.000</ele></trkpt>
      <trkpt lat="22.4630909628" lon="114.2632473326"><ele>28.000</ele></trkpt>
      <trkpt lat="22.4630877881" lon="114.2632449862"><ele>28.000</ele></trkpt>
      <trkpt lat="22.4630847434" lon="114.2632425310"><ele>26.000</ele></trkpt>
      <trkpt lat="22.4630818460" lon="114.2632399536"><ele>27.000</ele></trkpt>
      <trkpt lat="22.4630791104" lon="114.2632372401"><ele>27.000</ele></trkpt>
      <trkpt lat="22.4630765518" lon="114.2632343772"><ele>27.000</ele></trkpt>
      <trkpt lat="22.4630741992" lon="114.2632313434"><ele>27.000</ele></trkpt>
      <trkpt lat="22.4630721438" lon="114.2632280795"><ele>27.000</ele></trkpt>
      <trkpt lat="22.4630703730" lon="114.2632245962"><ele>27.000</ele></trkpt>
      <trkpt lat="22.4630688560" lon="114.2632209149"><ele>27.000</ele></trkpt>
      <trkpt lat="22.4630675613" lon="114.2632170617"><ele>27.000</ele></trkpt>
      <trkpt lat="22.4630664563" lon="114.2632130581"><ele>27.000</ele></trkpt>
      <trkpt lat="22.4630655103" lon="114.2632089292"><ele>27.000</ele></trkpt>
      <trkpt lat="22.4630646908" lon="114.2632046974"><ele>27.000</ele></trkpt>
      <trkpt lat="22.4630639671" lon="114.2632003860"><ele>27.000</ele></trkpt>
      <trkpt lat="22.4630633057" lon="114.2631960192"><ele>27.000</ele></trkpt>
      <trkpt lat="22.4630626768" lon="114.2631916204"><ele>22.000</ele></trkpt>
      <trkpt lat="22.4630620480" lon="114.2631872129"><ele>22.000</ele></trkpt>
      <trkpt lat="22.4630613866" lon="114.2631828209"><ele>22.000</ele></trkpt>
      <trkpt lat="22.4630606620" lon="114.2631784667"><ele>22.000</ele></trkpt>
      <trkpt lat="22.4630598425" lon="114.2631741747"><ele>22.000</ele></trkpt>
      <trkpt lat="22.4630588956" lon="114.2631699681"><ele>22.000</ele></trkpt>
      <trkpt lat="22.4630577907" lon="114.2631658702"><ele>22.000</ele></trkpt>
      <trkpt lat="22.4630564943" lon="114.2631619043"><ele>22.000</ele></trkpt>
      <trkpt lat="22.4630549214" lon="114.2631580850"><ele>22.000</ele></trkpt>
      <trkpt lat="22.4630530225" lon="114.2631544034"><ele>22.000</ele></trkpt>
      <trkpt lat="22.4630508543" lon="114.2631508538"><ele>22.000</ele></trkpt>
      <trkpt lat="22.4630484712" lon="114.2631474294"><ele>22.000</ele></trkpt>
      <trkpt lat="22.4630459282" lon="114.2631441244"><ele>21.000</ele></trkpt>
      <trkpt lat="22.4630432822" lon="114.2631409330"><ele>21.000</ele></trkpt>
      <trkpt lat="22.4630405874" lon="114.2631378465"><ele>21.000</ele></trkpt>
      <trkpt lat="22.4630378636" lon="114.2631348300"><ele>21.000</ele></trkpt>
      <trkpt lat="22.4630351010" lon="114.2631318504"><ele>21.000</ele></trkpt>
      <trkpt lat="22.4630323040" lon="114.2631289028"><ele>21.000</ele></trkpt>
      <trkpt lat="22.4630294764" lon="114.2631259843"><ele>21.000</ele></trkpt>
      <trkpt lat="22.4630266225" lon="114.2631230911"><ele>21.000</ele></trkpt>
      <trkpt lat="22.4630237460" lon="114.2631202172"><ele>21.000</ele></trkpt>
      <trkpt lat="22.4630208533" lon="114.2631173609"><ele>21.000</ele></trkpt>
      <trkpt lat="22.4630179470" lon="114.2631145162"><ele>21.000</ele></trkpt>
      <trkpt lat="22.4630150326" lon="114.2631116793"><ele>21.000</ele></trkpt>
      <trkpt lat="22.4630121128" lon="114.2631088463"><ele>21.000</ele></trkpt>
      <trkpt lat="22.4630091939" lon="114.2631060133"><ele>21.000</ele></trkpt>
      <trkpt lat="22.4630062795" lon="114.2631031763"><ele>21.000</ele></trkpt>
      <trkpt lat="22.4630033732" lon="114.2631003307"><ele>21.000</ele></trkpt>
      <trkpt lat="22.4630004805" lon="114.2630974724"><ele>20.000</ele></trkpt>
      <trkpt lat="22.4629976049" lon="114.2630945967"><ele>20.000</ele></trkpt>
      <trkpt lat="22.4629947510" lon="114.2630917015"><ele>20.000</ele></trkpt>
      <trkpt lat="22.4629919243" lon="114.2630887801"><ele>26.000</ele></trkpt>
      <trkpt lat="22.4629891273" lon="114.2630858306"><ele>26.000</ele></trkpt>
      <trkpt lat="22.4629863647" lon="114.2630828480"><ele>26.000</ele></trkpt>
      <trkpt lat="22.4629836211" lon="114.2630798130"><ele>26.000</ele></trkpt>
      <trkpt lat="22.4629808892" lon="114.2630766799"><ele>26.000</ele></trkpt>
      <trkpt lat="22.4629782613" lon="114.2630734292"><ele>26.000</ele></trkpt>
      <trkpt lat="22.4629758285" lon="114.2630700437"><ele>26.000</ele></trkpt>
      <trkpt lat="22.4629736839" lon="114.2630665067"><ele>26.000</ele></trkpt>
      <trkpt lat="22.4629719204" lon="114.2630628009"><ele>26.000</ele></trkpt>
      <trkpt lat="22.4629705733" lon="114.2630589225"><ele>26.000</ele></trkpt>
      <trkpt lat="22.4629695063" lon="114.2630549150"><ele>26.000</ele></trkpt>
      <trkpt lat="22.4629686506" lon="114.2630508075"><ele>26.000</ele></trkpt>
      <trkpt lat="22.4629679457" lon="114.2630466273"><ele>25.000</ele></trkpt>
      <trkpt lat="22.4629673303" lon="114.2630424014"><ele>25.000</ele></trkpt>
      <trkpt lat="22.4629667420" lon="114.2630381591"><ele>25.000</ele></trkpt>
      <trkpt lat="22.4629661202" lon="114.2630339265"><ele>25.000</ele></trkpt>
      <trkpt lat="22.4629654028" lon="114.2630297326"><ele>25.000</ele></trkpt>
      <trkpt lat="22.4629645290" lon="114.2630256038"><ele>25.000</ele></trkpt>
      <trkpt lat="22.4629634367" lon="114.2630215681"><ele>25.000</ele></trkpt>
      <trkpt lat="22.4629620652" lon="114.2630176537"><ele>25.000</ele></trkpt>
      <trkpt lat="22.4629605086" lon="114.2630138168"><ele>25.000</ele></trkpt>
      <trkpt lat="22.4629588915" lon="114.2630100033"><ele>25.000</ele></trkpt>
      <trkpt lat="22.4629572184" lon="114.2630062102"><ele>25.000</ele></trkpt>
      <trkpt lat="22.4629554929" lon="114.2630024374"><ele>25.000</ele></trkpt>
      <trkpt lat="22.4629537204" lon="114.2629986830"><ele>23.000</ele></trkpt>
      <trkpt lat="22.4629519046" lon="114.2629949451"><ele>23.000</ele></trkpt>
      <trkpt lat="22.4629500499" lon="114.2629912238"><ele>23.000</ele></trkpt>
      <trkpt lat="22.4629481600" lon="114.2629875169"><ele>24.000</ele></trkpt>
      <trkpt lat="22.4629462403" lon="114.2629838227"><ele>24.000</ele></trkpt>
      <trkpt lat="22.4629442935" lon="114.2629801402"><ele>24.000</ele></trkpt>
      <trkpt lat="22.4629423259" lon="114.2629764683"><ele>24.000</ele></trkpt>
      <trkpt lat="22.4629403412" lon="114.2629728051"><ele>24.000</ele></trkpt>
      <trkpt lat="22.4629383429" lon="114.2629691497"><ele>24.000</ele></trkpt>
      <trkpt lat="22.4629363356" lon="114.2629655011"><ele>24.000</ele></trkpt>
      <trkpt lat="22.4629343247" lon="114.2629618574"><ele>24.000</ele></trkpt>
      <trkpt lat="22.4629323128" lon="114.2629582175"><ele>24.000</ele></trkpt>
      <trkpt lat="22.4629303055" lon="114.2629545796"><ele>24.000</ele></trkpt>
      <trkpt lat="22.4629283063" lon="114.2629509427"><ele>24.000</ele></trkpt>
      <trkpt lat="22.4629263197" lon="114.2629473048"><ele>24.000</ele></trkpt>
      <trkpt lat="22.4629242067" lon="114.2629437542"><ele>24.000</ele></trkpt>
      <trkpt lat="22.4629217938" lon="114.2629403988"><ele>24.000</ele></trkpt>
      <trkpt lat="22.4629192598" lon="114.2629371249"><ele>24.000</ele></trkpt>
      <trkpt lat="22.4629167926" lon="114.2629338161"><ele>24.000</ele></trkpt>
      <trkpt lat="22.4629145793" lon="114.2629303558"><ele>24.000</ele></trkpt>
      <trkpt lat="22.4629127815" lon="114.2629266413"><ele>24.000</ele></trkpt>
      <trkpt lat="22.4629112448" lon="114.2629227482"><ele>24.000</ele></trkpt>
      <trkpt lat="22.4629098671" lon="114.2629187395"><ele>24.000</ele></trkpt>
      <trkpt lat="22.4629086086" lon="114.2629146464"><ele>24.000</ele></trkpt>
      <trkpt lat="22.4629074288" lon="114.2629104999"><ele>24.000</ele></trkpt>
      <trkpt lat="22.4629062850" lon="114.2629063320"><ele>24.000</ele></trkpt>
      <trkpt lat="22.4629051377" lon="114.2629021738"><ele>22.000</ele></trkpt>
      <trkpt lat="22.4629039460" lon="114.2628980565"><ele>22.000</ele></trkpt>
      <trkpt lat="22.4629026686" lon="114.2628940119"><ele>24.000</ele></trkpt>
      <trkpt lat="22.4629012637" lon="114.2628900703"><ele>24.000</ele></trkpt>
      <trkpt lat="22.4628996927" lon="114.2628862645"><ele>24.000</ele></trkpt>
      <trkpt lat="22.4628979120" lon="114.2628826248"><ele>24.000</ele></trkpt>
      <trkpt lat="22.4628958829" lon="114.2628791822"><ele>24.000</ele></trkpt>
      <trkpt lat="22.4628935728" lon="114.2628759628"><ele>24.000</ele></trkpt>
      <trkpt lat="22.4628910423" lon="114.2628729241"><ele>24.000</ele></trkpt>
      <trkpt lat="22.4628883311" lon="114.2628700368"><ele>24.000</ele></trkpt>
      <trkpt lat="22.4628854600" lon="114.2628672815"><ele>24.000</ele></trkpt>
      <trkpt lat="22.4628824516" lon="114.2628646389"><ele>24.000</ele></trkpt>
      <trkpt lat="22.4628793284" lon="114.2628620914"><ele>24.000</ele></trkpt>
      <trkpt lat="22.4628761122" lon="114.2628596196"><ele>24.000</ele></trkpt>
      <trkpt lat="22.4628728246" lon="114.2628572041"><ele>24.000</ele></trkpt>
      <trkpt lat="22.4628694891" lon="114.2628548256"><ele>24.000</ele></trkpt>
      <trkpt lat="22.4628661274" lon="114.2628524654"><ele>24.000</ele></trkpt>
      <trkpt lat="22.4628627603" lon="114.2628501053"><ele>24.000</ele></trkpt>
      <trkpt lat="22.4628594122" lon="114.2628477257"><ele>24.000</ele></trkpt>
      <trkpt lat="22.4628561030" lon="114.2628453074"><ele>26.000</ele></trkpt>
      <trkpt lat="22.4628528569" lon="114.2628428317"><ele>26.000</ele></trkpt>
      <trkpt lat="22.4628496949" lon="114.2628402793"><ele>26.000</ele></trkpt>
      <trkpt lat="22.4628466359" lon="114.2628376327"><ele>26.000</ele></trkpt>
      <trkpt lat="22.4628436357" lon="114.2628348803"><ele>26.000</ele></trkpt>
      <trkpt lat="22.4628407114" lon="114.2628320133"><ele>26.000</ele></trkpt>
      <trkpt lat="22.4628379144" lon="114.2628290161"><ele>26.000</ele></trkpt>
      <trkpt lat="22.4628352964" lon="114.2628258763"><ele>26.000</ele></trkpt>
      <trkpt lat="22.4628329114" lon="114.2628225772"><ele>26.000</ele></trkpt>
      <trkpt lat="22.4628309709" lon="114.2628189530"><ele>26.000</ele></trkpt>
      <trkpt lat="22.4628293737" lon="114.2628150646"><ele>26.000</ele></trkpt>
      <trkpt lat="22.4628278370" lon="114.2628111258"><ele>26.000</ele></trkpt>
      <trkpt lat="22.4628260781" lon="114.2628073482"><ele>26.000</ele></trkpt>
      <trkpt lat="22.4628239298" lon="114.2628038161"><ele>26.000</ele></trkpt>
      <trkpt lat="22.4628216009" lon="114.2628003023"><ele>26.000</ele></trkpt>
      <trkpt lat="22.4628190588" lon="114.2627969818"><ele>26.000</ele></trkpt>
      <trkpt lat="22.4628162420" lon="114.2627940633"><ele>26.000</ele></trkpt>
      <trkpt lat="22.4628130880" lon="114.2627917442"><ele>30.000</ele></trkpt>
      <trkpt lat="22.4628095959" lon="114.2627899912"><ele>30.000</ele></trkpt>
      <trkpt lat="22.4628058789" lon="114.2627885927"><ele>30.000</ele></trkpt>
      <trkpt lat="22.4628020596" lon="114.2627873419"><ele>30.000</ele></trkpt>
      <trkpt lat="22.4627982612" lon="114.2627860318"><ele>30.000</ele></trkpt>
      <trkpt lat="22.4627946075" lon="114.2627844536"><ele>30.000</ele></trkpt>
      <trkpt lat="22.4627910460" lon="114.2627825791"><ele>30.000</ele></trkpt>
      <trkpt lat="22.4627874240" lon="114.2627805842"><ele>30.000</ele></trkpt>
      <trkpt lat="22.4627840018" lon="114.2627783173"><ele>30.000</ele></trkpt>
      <trkpt lat="22.4627810539" lon="114.2627756135"><ele>30.000</ele></trkpt>
      <trkpt lat="22.4627787953" lon="114.2627723475"><ele>30.000</ele></trkpt>
      <trkpt lat="22.4627769830" lon="114.2627687059"><ele>30.000</ele></trkpt>
      <trkpt lat="22.4627754508" lon="114.2627648195"><ele>30.000</ele></trkpt>
      <trkpt lat="22.4627740867" lon="114.2627607807"><ele>30.000</ele></trkpt>
      <trkpt lat="22.4627727804" lon="114.2627566837"><ele>31.000</ele></trkpt>
      <trkpt lat="22.4627714198" lon="114.2627526226"><ele>31.000</ele></trkpt>
      <trkpt lat="22.4627698958" lon="114.2627486906"><ele>31.000</ele></trkpt>
      <trkpt lat="22.4627680953" lon="114.2627449819"><ele>34.000</ele></trkpt>
      <trkpt lat="22.4627659081" lon="114.2627415848"><ele>34.000</ele></trkpt>
      <trkpt lat="22.4627633153" lon="114.2627384984"><ele>34.000</ele></trkpt>
      <trkpt lat="22.4627604226" lon="114.2627356421"><ele>34.000</ele></trkpt>
      <trkpt lat="22.4627573465" lon="114.2627329314"><ele>34.000</ele></trkpt>
      <trkpt lat="22.4627542008" lon="114.2627302829"><ele>34.000</ele></trkpt>
      <trkpt lat="22.4627510993" lon="114.2627276129"><ele>34.000</ele></trkpt>
      <trkpt lat="22.4627481126" lon="114.2627248693"><ele>34.000</ele></trkpt>
      <trkpt lat="22.4627451214" lon="114.2627221353"><ele>34.000</ele></trkpt>
      <trkpt lat="22.4627421112" lon="114.2627194188"><ele>34.000</ele></trkpt>
      <trkpt lat="22.4627390856" lon="114.2627167189"><ele>34.000</ele></trkpt>
      <trkpt lat="22.4627360483" lon="114.2627140315"><ele>34.000</ele></trkpt>
      <trkpt lat="22.4627330011" lon="114.2627113529"><ele>34.000</ele></trkpt>
      <trkpt lat="22.4627299484" lon="114.2627086811"><ele>34.000</ele></trkpt>
      <trkpt lat="22.4627268921" lon="114.2627060132"><ele>34.000</ele></trkpt>
      <trkpt lat="22.4627238358" lon="114.2627033452"><ele>34.000</ele></trkpt>
      <trkpt lat="22.4627207832" lon="114.2627006744"><ele>32.000</ele></trkpt>
      <trkpt lat="22.4627177359" lon="114.2626979987"><ele>32.000</ele></trkpt>
      <trkpt lat="22.4627146986" lon="114.2626953143"><ele>32.000</ele></trkpt>
      <trkpt lat="22.4627116731" lon="114.2626926182"><ele>32.000</ele></trkpt>
      <trkpt lat="22.4627086628" lon="114.2626899075"><ele>32.000</ele></trkpt>
      <trkpt lat="22.4627056707" lon="114.2626871794"><ele>32.000</ele></trkpt>
      <trkpt lat="22.4627027012" lon="114.2626844299"><ele>32.000</ele></trkpt>
      <trkpt lat="22.4626997551" lon="114.2626816581"><ele>32.000</ele></trkpt>
      <trkpt lat="22.4626968371" lon="114.2626788591"><ele>32.000</ele></trkpt>
      <trkpt lat="22.4626939497" lon="114.2626760300"><ele>32.000</ele></trkpt>
      <trkpt lat="22.4626910958" lon="114.2626731688"><ele>32.000</ele></trkpt>
      <trkpt lat="22.4626882790" lon="114.2626702727"><ele>32.000</ele></trkpt>
      <trkpt lat="22.4626855335" lon="114.2626673038"><ele>32.000</ele></trkpt>
      <trkpt lat="22.4626829995" lon="114.2626641154"><ele>32.000</ele></trkpt>
      <trkpt lat="22.4626806651" lon="114.2626607270"><ele>34.000</ele></trkpt>
      <trkpt lat="22.4626784933" lon="114.2626571842"><ele>34.000</ele></trkpt>
      <trkpt lat="22.4626764472" lon="114.2626535337"><ele>33.000</ele></trkpt>
      <trkpt lat="22.4626744905" lon="114.2626498200"><ele>33.000</ele></trkpt>
      <trkpt lat="22.4626725879" lon="114.2626460899"><ele>33.000</ele></trkpt>
      <trkpt lat="22.4626707043" lon="114.2626423821"><ele>33.000</ele></trkpt>
      <trkpt lat="22.4626688569" lon="114.2626386588"><ele>33.000</ele></trkpt>
      <trkpt lat="22.4626670510" lon="114.2626349015"><ele>33.000</ele></trkpt>
      <trkpt lat="22.4626652812" lon="114.2626311161"><ele>33.000</ele></trkpt>
      <trkpt lat="22.4626635413" lon="114.2626273083"><ele>33.000</ele></trkpt>
      <trkpt lat="22.4626618248" lon="114.2626234811"><ele>33.000</ele></trkpt>
      <trkpt lat="22.4626601283" lon="114.2626196413"><ele>33.000</ele></trkpt>
      <trkpt lat="22.4626584434" lon="114.2626157928"><ele>33.000</ele></trkpt>
      <trkpt lat="22.4626567658" lon="114.2626119404"><ele>34.000</ele></trkpt>
      <trkpt lat="22.4626550891" lon="114.2626080899"><ele>34.000</ele></trkpt>
      <trkpt lat="22.4626534088" lon="114.2626042443"><ele>34.000</ele></trkpt>
      <trkpt lat="22.4626517167" lon="114.2626004103"><ele>34.000</ele></trkpt>
      <trkpt lat="22.4626500084" lon="114.2625965928"><ele>34.000</ele></trkpt>
      <trkpt lat="22.4626482784" lon="114.2625927958"><ele>34.000</ele></trkpt>
      <trkpt lat="22.4626465212" lon="114.2625890240"><ele>34.000</ele></trkpt>
      <trkpt lat="22.4626447289" lon="114.2625852832"><ele>34.000</ele></trkpt>
      <trkpt lat="22.4626428986" lon="114.2625815784"><ele>34.000</ele></trkpt>
      <trkpt lat="22.4626410222" lon="114.2625779133"><ele>34.000</ele></trkpt>
      <trkpt lat="22.4626390943" lon="114.2625742930"><ele>34.000</ele></trkpt>
      <trkpt lat="22.4626371104" lon="114.2625707241"><ele>34.000</ele></trkpt>
      <trkpt lat="22.4626350624" lon="114.2625672096"><ele>34.000</ele></trkpt>
      <trkpt lat="22.4626326159" lon="114.2625640426"><ele>32.000</ele></trkpt>
      <trkpt lat="22.4626296237" lon="114.2625613592"><ele>32.000</ele></trkpt>
      <trkpt lat="22.4626262729" lon="114.2625590107"><ele>32.000</ele></trkpt>
      <trkpt lat="22.4626227522" lon="114.2625568458"><ele>32.000</ele></trkpt>
      <trkpt lat="22.4626192486" lon="114.2625547159"><ele>32.000</ele></trkpt>
      <trkpt lat="22.4626158959" lon="114.2625525073"><ele>32.000</ele></trkpt>
      <trkpt lat="22.4626125585" lon="114.2625502939"><ele>32.000</ele></trkpt>
      <trkpt lat="22.4626092157" lon="114.2625480902"><ele>32.000</ele></trkpt>
      <trkpt lat="22.4626058675" lon="114.2625458953"><ele>32.000</ele></trkpt>
      <trkpt lat="22.4626025148" lon="114.2625437072"><ele>32.000</ele></trkpt>
      <trkpt lat="22.4625991584" lon="114.2625415268"><ele>32.000</ele></trkpt>
      <trkpt lat="22.4625957975" lon="114.2625393523"><ele>32.000</ele></trkpt>
      <trkpt lat="22.4625924330" lon="114.2625371835"><ele>32.000</ele></trkpt>
      <trkpt lat="22.4625890658" lon="114.2625350187"><ele>32.000</ele></trkpt>
      <trkpt lat="22.4625856959" lon="114.2625328597"><ele>34.000</ele></trkpt>
      <trkpt lat="22.4625823242" lon="114.2625307026"><ele>34.000</ele></trkpt>
      <trkpt lat="22.4625789507" lon="114.2625285495"><ele>34.000</ele></trkpt>
      <trkpt lat="22.4625755762" lon="114.2625263973"><ele>34.000</ele></trkpt>
      <trkpt lat="22.4625722000" lon="114.2625242470"><ele>34.000</ele></trkpt>
      <trkpt lat="22.4625688247" lon="114.2625220977"><ele>34.000</ele></trkpt>
      <trkpt lat="22.4625654484" lon="114.2625199475"><ele>34.000</ele></trkpt>
      <trkpt lat="22.4625620731" lon="114.2625177972"><ele>34.000</ele></trkpt>
      <trkpt lat="22.4625586987" lon="114.2625156450"><ele>34.000</ele></trkpt>
      <trkpt lat="22.4625553251" lon="114.2625134899"><ele>34.000</ele></trkpt>
      <trkpt lat="22.4625519534" lon="114.2625113328"><ele>34.000</ele></trkpt>
      <trkpt lat="22.4625485844" lon="114.2625091719"><ele>34.000</ele></trkpt>
      <trkpt lat="22.4625452181" lon="114.2625070061"><ele>34.000</ele></trkpt>
      <trkpt lat="22.4625418545" lon="114.2625048354"><ele>34.000</ele></trkpt>
      <trkpt lat="22.4625384946" lon="114.2625026599"><ele>34.000</ele></trkpt>
      <trkpt lat="22.4625351382" lon="114.2625004766"><ele>34.000</ele></trkpt>
      <trkpt lat="22.4625317864" lon="114.2624982865"><ele>34.000</ele></trkpt>
      <trkpt lat="22.4625284391" lon="114.2624960887"><ele>34.000</ele></trkpt>
      <trkpt lat="22.4625250972" lon="114.2624938821"><ele>34.000</ele></trkpt>
      <trkpt lat="22.4625217471" lon="114.2624916755"><ele>34.000</ele></trkpt>
      <trkpt lat="22.4625183375" lon="114.2624894941"><ele>34.000</ele></trkpt>
      <trkpt lat="22.4625149225" lon="114.2624872875"><ele>34.000</ele></trkpt>
      <trkpt lat="22.4625115716" lon="114.2624849973"><ele>34.000</ele></trkpt>
      <trkpt lat="22.4625083535" lon="114.2624825654"><ele>34.000</ele></trkpt>
      <trkpt lat="22.4625053370" lon="114.2624799296"><ele>34.000</ele></trkpt>
      <trkpt lat="22.4625025932" lon="114.2624770316"><ele>34.000</ele></trkpt>
      <trkpt lat="22.4625002236" lon="114.2624737695"><ele>34.000</ele></trkpt>
      <trkpt lat="22.4624981602" lon="114.2624702034"><ele>34.000</ele></trkpt>
      <trkpt lat="22.4624962730" lon="114.2624664568"><ele>34.000</ele></trkpt>
      <trkpt lat="22.4624944311" lon="114.2624626538"><ele>34.000</ele></trkpt>
      <trkpt lat="22.4624925032" lon="114.2624589169"><ele>34.000</ele></trkpt>
      <trkpt lat="22.4624903595" lon="114.2624553683"><ele>34.000</ele></trkpt>
      <trkpt lat="22.4624880323" lon="114.2624519741"><ele>34.000</ele></trkpt>
      <trkpt lat="22.4624856275" lon="114.2624486333"><ele>34.000</ele></trkpt>
      <trkpt lat="22.4624831649" lon="114.2624453313"><ele>34.000</ele></trkpt>
      <trkpt lat="22.4624806670" lon="114.2624420555"><ele>34.000</ele></trkpt>
      <trkpt lat="22.4624781546" lon="114.2624387913"><ele>34.000</ele></trkpt>
      <trkpt lat="22.4624756486" lon="114.2624355233"><ele>34.000</ele></trkpt>
      <trkpt lat="22.4624731715" lon="114.2624322388"><ele>34.000</ele></trkpt>
      <trkpt lat="22.4624707432" lon="114.2624289232"><ele>34.000</ele></trkpt>
      <trkpt lat="22.4624683853" lon="114.2624255620"><ele>34.000</ele></trkpt>
      <trkpt lat="22.4624661187" lon="114.2624221425"><ele>34.000</ele></trkpt>
      <trkpt lat="22.4624639659" lon="114.2624186484"><ele>34.000</ele></trkpt>
      <trkpt lat="22.4624620524" lon="114.2624149989"><ele>34.000</ele></trkpt>
      <trkpt lat="22.4624604606" lon="114.2624111426"><ele>34.000</ele></trkpt>
      <trkpt lat="22.4624590675" lon="114.2624071592"><ele>34.000</ele></trkpt>
      <trkpt lat="22.4624577476" lon="114.2624031302"><ele>34.000</ele></trkpt>
      <trkpt lat="22.4624563753" lon="114.2623991371"><ele>34.000</ele></trkpt>
      <trkpt lat="22.4624548268" lon="114.2623952595"><ele>34.000</ele></trkpt>
      <trkpt lat="22.4624529766" lon="114.2623915799"><ele>34.000</ele></trkpt>
      <trkpt lat="22.4624508555" lon="114.2623880566"><ele>32.000</ele></trkpt>
      <trkpt lat="22.4624486367" lon="114.2623845614"><ele>32.000</ele></trkpt>
      <trkpt lat="22.4624463232" lon="114.2623811089"><ele>32.000</ele></trkpt>
      <trkpt lat="22.4624439184" lon="114.2623777176"><ele>32.000</ele></trkpt>
      <trkpt lat="22.4624414223" lon="114.2623744029"><ele>32.000</ele></trkpt>
      <trkpt lat="22.4624388377" lon="114.2623711825"><ele>32.000</ele></trkpt>
      <trkpt lat="22.4624361654" lon="114.2623680737"><ele>32.000</ele></trkpt>
      <trkpt lat="22.4624334082" lon="114.2623650941"><ele>32.000</ele></trkpt>
      <trkpt lat="22.4624305660" lon="114.2623622601"><ele>32.000</ele></trkpt>
      <trkpt lat="22.4624275594" lon="114.2623596049"><ele>32.000</ele></trkpt>
      <trkpt lat="22.4624243531" lon="114.2623571506"><ele>32.000</ele></trkpt>
      <trkpt lat="22.4624209796" lon="114.2623549042"><ele>32.000</ele></trkpt>
      <trkpt lat="22.4624174760" lon="114.2623528704"><ele>32.000</ele></trkpt>
      <trkpt lat="22.4624138765" lon="114.2623510572"><ele>32.000</ele></trkpt>
      <trkpt lat="22.4624102155" lon="114.2623494693"><ele>32.000</ele></trkpt>
      <trkpt lat="22.4624065264" lon="114.2623480786"><ele>30.000</ele></trkpt>
      <trkpt lat="22.4624028219" lon="114.2623467424"><ele>30.000</ele></trkpt>
      <trkpt lat="22.4623991030" lon="114.2623454440"><ele>30.000</ele></trkpt>
      <trkpt lat="22.4623953714" lon="114.2623441786"><ele>30.000</ele></trkpt>
      <trkpt lat="22.4623916271" lon="114.2623429434"><ele>30.000</ele></trkpt>
      <trkpt lat="22.4623878729" lon="114.2623417353"><ele>30.000</ele></trkpt>
      <trkpt lat="22.4623841097" lon="114.2623405506"><ele>30.000</ele></trkpt>
      <trkpt lat="22.4623803374" lon="114.2623393863"><ele>30.000</ele></trkpt>
      <trkpt lat="22.4623765596" lon="114.2623382404"><ele>30.000</ele></trkpt>
      <trkpt lat="22.4623727747" lon="114.2623371081"><ele>30.000</ele></trkpt>
      <trkpt lat="22.4623689870" lon="114.2623359856"><ele>30.000</ele></trkpt>
      <trkpt lat="22.4623651948" lon="114.2623348717"><ele>30.000</ele></trkpt>
      <trkpt lat="22.4623614017" lon="114.2623337618"><ele>31.000</ele></trkpt>
      <trkpt lat="22.4623576077" lon="114.2623326538"><ele>31.000</ele></trkpt>
      <trkpt lat="22.4623538146" lon="114.2623315419"><ele>31.000</ele></trkpt>
      <trkpt lat="22.4623500233" lon="114.2623304262"><ele>31.000</ele></trkpt>
      <trkpt lat="22.4623462348" lon="114.2623293007"><ele>31.000</ele></trkpt>
      <trkpt lat="22.4623424507" lon="114.2623281635"><ele>31.000</ele></trkpt>
      <trkpt lat="22.4623386730" lon="114.2623270118"><ele>31.000</ele></trkpt>
      <trkpt lat="22.4623349016" lon="114.2623258417"><ele>31.000</ele></trkpt>
      <trkpt lat="22.4623311384" lon="114.2623246492"><ele>31.000</ele></trkpt>
      <trkpt lat="22.4623273842" lon="114.2623234314"><ele>31.000</ele></trkpt>
      <trkpt lat="22.4623236408" lon="114.2623221864"><ele>31.000</ele></trkpt>
      <trkpt lat="22.4623199092" lon="114.2623209094"><ele>31.000</ele></trkpt>
      <trkpt lat="22.4623161776" lon="114.2623196004"><ele>34.000</ele></trkpt>
      <trkpt lat="22.4623123431" lon="114.2623182446"><ele>34.000</ele></trkpt>
      <trkpt lat="22.4623085159" lon="114.2623167295"><ele>34.000</ele></trkpt>
      <trkpt lat="22.4623048595" lon="114.2623149298"><ele>34.000</ele></trkpt>
      <trkpt lat="22.4623015375" lon="114.2623127184"><ele>34.000</ele></trkpt>
      <trkpt lat="22.4622987143" lon="114.2623099680"><ele>34.000</ele></trkpt>
      <trkpt lat="22.4622962506" lon="114.2623068322"><ele>34.000</ele></trkpt>
      <trkpt lat="22.4622938746" lon="114.2623035759"><ele>34.000</ele></trkpt>
      <trkpt lat="22.4622915791" lon="114.2623002118"><ele>34.000</ele></trkpt>
      <trkpt lat="22.4622893585" lon="114.2622967526"><ele>34.000</ele></trkpt>
      <trkpt lat="22.4622872057" lon="114.2622932117"><ele>34.000</ele></trkpt>
      <trkpt lat="22.4622851126" lon="114.2622896030"><ele>34.000</ele></trkpt>
      <trkpt lat="22.4622830745" lon="114.2622859388"><ele>34.000</ele></trkpt>
      <trkpt lat="22.4622810844" lon="114.2622822320"><ele>34.000</ele></trkpt>
      <trkpt lat="22.4622791340" lon="114.2622784950"><ele>34.000</ele></trkpt>
      <trkpt lat="22.4622772188" lon="114.2622747425"><ele>34.000</ele></trkpt>
      <trkpt lat="22.4622753307" lon="114.2622709862"><ele>39.000</ele></trkpt>
      <trkpt lat="22.4622734625" lon="114.2622672396"><ele>39.000</ele></trkpt>
      <trkpt lat="22.4622716097" lon="114.2622635153"><ele>42.000</ele></trkpt>
      <trkpt lat="22.4622697793" lon="114.2622597881"><ele>42.000</ele></trkpt>
      <trkpt lat="22.4622679761" lon="114.2622560455"><ele>42.000</ele></trkpt>
      <trkpt lat="22.4622661973" lon="114.2622522872"><ele>42.000</ele></trkpt>
      <trkpt lat="22.4622644411" lon="114.2622485164"><ele>42.000</ele></trkpt>
      <trkpt lat="22.4622627039" lon="114.2622447329"><ele>42.000</ele></trkpt>
      <trkpt lat="22.4622609847" lon="114.2622409388"><ele>42.000</ele></trkpt>
      <trkpt lat="22.4622592799" lon="114.2622371359"><ele>42.000</ele></trkpt>
      <trkpt lat="22.4622575878" lon="114.2622333253"><ele>42.000</ele></trkpt>
      <trkpt lat="22.4622559057" lon="114.2622295088"><ele>42.000</ele></trkpt>
      <trkpt lat="22.4622542307" lon="114.2622256875"><ele>42.000</ele></trkpt>
      <trkpt lat="22.4622525621" lon="114.2622218633"><ele>48.000</ele></trkpt>
      <trkpt lat="22.4622508953" lon="114.2622180381"><ele>48.000</ele></trkpt>
      <trkpt lat="22.4622492294" lon="114.2622142120"><ele>48.000</ele></trkpt>
      <trkpt lat="22.4622475617" lon="114.2622103877"><ele>48.000</ele></trkpt>
      <trkpt lat="22.4622458895" lon="114.2622065655"><ele>48.000</ele></trkpt>
      <trkpt lat="22.4622442110" lon="114.2622027490"><ele>48.000</ele></trkpt>
      <trkpt lat="22.4622425225" lon="114.2621989374"><ele>48.000</ele></trkpt>
      <trkpt lat="22.4622408232" lon="114.2621951326"><ele>48.000</ele></trkpt>
      <trkpt lat="22.4622391094" lon="114.2621913365"><ele>48.000</ele></trkpt>
      <trkpt lat="22.4622373794" lon="114.2621875511"><ele>48.000</ele></trkpt>
      <trkpt lat="22.4622356304" lon="114.2621837784"><ele>48.000</ele></trkpt>
      <trkpt lat="22.4622338597" lon="114.2621800172"><ele>48.000</ele></trkpt>
      <trkpt lat="22.4622320664" lon="114.2621762716"><ele>48.000</ele></trkpt>
      <trkpt lat="22.4622302461" lon="114.2621725416"><ele>41.000</ele></trkpt>
      <trkpt lat="22.4622283859" lon="114.2621688319"><ele>41.000</ele></trkpt>
      <trkpt lat="22.4622264364" lon="114.2621651552"><ele>45.000</ele></trkpt>
      <trkpt lat="22.4622243920" lon="114.2621615270"><ele>45.000</ele></trkpt>
      <trkpt lat="22.4622222519" lon="114.2621579590"><ele>45.000</ele></trkpt>
      <trkpt lat="22.4622200133" lon="114.2621544647"><ele>45.000</ele></trkpt>
      <trkpt lat="22.4622176771" lon="114.2621510579"><ele>45.000</ele></trkpt>
      <trkpt lat="22.4622152398" lon="114.2621477511"><ele>45.000</ele></trkpt>
      <trkpt lat="22.4622127021" lon="114.2621445569"><ele>45.000</ele></trkpt>
      <trkpt lat="22.4622100406" lon="114.2621414996"><ele>45.000</ele></trkpt>
      <trkpt lat="22.4622072346" lon="114.2621385831"><ele>45.000</ele></trkpt>
      <trkpt lat="22.4622043166" lon="114.2621357744"><ele>45.000</ele></trkpt>
      <trkpt lat="22.4622013181" lon="114.2621330434"><ele>45.000</ele></trkpt>
      <trkpt lat="22.4621982726" lon="114.2621303551"><ele>45.000</ele></trkpt>
      <trkpt lat="22.4621952137" lon="114.2621276784"><ele>45.000</ele></trkpt>
      <trkpt lat="22.4621921727" lon="114.2621249794"><ele>32.000</ele></trkpt>
      <trkpt lat="22.4621891842" lon="114.2621222270"><ele>32.000</ele></trkpt>
      <trkpt lat="22.4621862806" lon="114.2621193882"><ele>32.000</ele></trkpt>
      <trkpt lat="22.4621834322" lon="114.2621164756"><ele>32.000</ele></trkpt>
      <trkpt lat="22.4621805331" lon="114.2621135698"><ele>40.000</ele></trkpt>
      <trkpt lat="22.4621776513" lon="114.2621106280"><ele>40.000</ele></trkpt>
      <trkpt lat="22.4621748634" lon="114.2621076037"><ele>40.000</ele></trkpt>
      <trkpt lat="22.4621722480" lon="114.2621044473"><ele>40.000</ele></trkpt>
      <trkpt lat="22.4621698820" lon="114.2621011114"><ele>40.000</ele></trkpt>
      <trkpt lat="22.4621678349" lon="114.2620975532"><ele>40.000</ele></trkpt>
      <trkpt lat="22.4621659278" lon="114.2620938969"><ele>40.000</ele></trkpt>
      <trkpt lat="22.4621640532" lon="114.2620902163"><ele>40.000</ele></trkpt>
      <trkpt lat="22.4621622075" lon="114.2620865144"><ele>40.000</ele></trkpt>
      <trkpt lat="22.4621603908" lon="114.2620827921"><ele>40.000</ele></trkpt>
      <trkpt lat="22.4621585984" lon="114.2620790504"><ele>40.000</ele></trkpt>
      <trkpt lat="22.4621568295" lon="114.2620752922"><ele>27.000</ele></trkpt>
      <trkpt lat="22.4621550814" lon="114.2620715185"><ele>27.000</ele></trkpt>
      <trkpt lat="22.4621533523" lon="114.2620677302"><ele>27.000</ele></trkpt>
      <trkpt lat="22.4621516403" lon="114.2620639302"><ele>27.000</ele></trkpt>
      <trkpt lat="22.4621499428" lon="114.2620601196"><ele>27.000</ele></trkpt>
      <trkpt lat="22.4621482570" lon="114.2620562992"><ele>27.000</ele></trkpt>
      <trkpt lat="22.4621465821" lon="114.2620524721"><ele>27.000</ele></trkpt>
      <trkpt lat="22.4621449153" lon="114.2620486391"><ele>27.000</ele></trkpt>
      <trkpt lat="22.4621432548" lon="114.2620448023"><ele>27.000</ele></trkpt>
      <trkpt lat="22.4621415980" lon="114.2620409626"><ele>27.000</ele></trkpt>
      <trkpt lat="22.4621399429" lon="114.2620371228"><ele>27.000</ele></trkpt>
      <trkpt lat="22.4621382878" lon="114.2620332830"><ele>27.000</ele></trkpt>
      <trkpt lat="22.4621366292" lon="114.2620294452"><ele>27.000</ele></trkpt>
      <trkpt lat="22.4621349669" lon="114.2620256123"><ele>16.000</ele></trkpt>
      <trkpt lat="22.4621332965" lon="114.2620217851"><ele>16.000</ele></trkpt>
      <trkpt lat="22.4621316179" lon="114.2620179648"><ele>16.000</ele></trkpt>
      <trkpt lat="22.4621299276" lon="114.2620141532"><ele>16.000</ele></trkpt>
      <trkpt lat="22.4621282708" lon="114.2620103183"><ele>16.000</ele></trkpt>
      <trkpt lat="22.4621269111" lon="114.2620062679"><ele>16.000</ele></trkpt>
      <trkpt lat="22.4621255686" lon="114.2620022204"><ele>16.000</ele></trkpt>
      <trkpt lat="22.4621238530" lon="114.2619984729"><ele>16.000</ele></trkpt>
      <trkpt lat="22.4621214716" lon="114.2619952400"><ele>16.000</ele></trkpt>
      <trkpt lat="22.4621188454" lon="114.2619921322"><ele>16.000</ele></trkpt>
      <trkpt lat="22.4621160846" lon="114.2619890885"><ele>16.000</ele></trkpt>
      <trkpt lat="22.4621131937" lon="114.2619861496"><ele>16.000</ele></trkpt>
      <trkpt lat="22.4621101763" lon="114.2619833545"><ele>16.000</ele></trkpt>
      <trkpt lat="22.4621070342" lon="114.2619807448"><ele>16.000</ele></trkpt>
      <trkpt lat="22.4621037727" lon="114.2619783605"><ele>20.000</ele></trkpt>
      <trkpt lat="22.4621003947" lon="114.2619762394"><ele>20.000</ele></trkpt>
      <trkpt lat="22.4620969370" lon="114.2619742902"><ele>20.000</ele></trkpt>
      <trkpt lat="22.4620934315" lon="114.2619724168"><ele>20.000</ele></trkpt>
      <trkpt lat="22.4620898826" lon="114.2619706114"><ele>16.000</ele></trkpt>
      <trkpt lat="22.4620862957" lon="114.2619688671"><ele>16.000</ele></trkpt>
      <trkpt lat="22.4620826745" lon="114.2619671743"><ele>16.000</ele></trkpt>
      <trkpt lat="22.4620790262" lon="114.2619655272"><ele>16.000</ele></trkpt>
      <trkpt lat="22.4620753535" lon="114.2619639180"><ele>16.000</ele></trkpt>
      <trkpt lat="22.4620716627" lon="114.2619623369"><ele>16.000</ele></trkpt>
      <trkpt lat="22.4620679583" lon="114.2619607791"><ele>16.000</ele></trkpt>
      <trkpt lat="22.4620642458" lon="114.2619592340"><ele>16.000</ele></trkpt>
      <trkpt lat="22.4620605297" lon="114.2619576956"><ele>16.000</ele></trkpt>
      <trkpt lat="22.4620568154" lon="114.2619561563"><ele>16.000</ele></trkpt>
      <trkpt lat="22.4620531083" lon="114.2619546082"><ele>16.000</ele></trkpt>
      <trkpt lat="22.4620494121" lon="114.2619530427"><ele>16.000</ele></trkpt>
      <trkpt lat="22.4620457330" lon="114.2619514519"><ele>21.000</ele></trkpt>
      <trkpt lat="22.4620420756" lon="114.2619498300"><ele>21.000</ele></trkpt>
      <trkpt lat="22.4620384445" lon="114.2619481674"><ele>21.000</ele></trkpt>
      <trkpt lat="22.4620348450" lon="114.2619464571"><ele>21.000</ele></trkpt>
      <trkpt lat="22.4620312825" lon="114.2619446915"><ele>21.000</ele></trkpt>
      <trkpt lat="22.4620277616" lon="114.2619428628"><ele>21.000</ele></trkpt>
      <trkpt lat="22.4620242877" lon="114.2619409622"><ele>21.000</ele></trkpt>
      <trkpt lat="22.4620208653" lon="114.2619389839"><ele>21.000</ele></trkpt>
      <trkpt lat="22.4620174998" lon="114.2619369192"><ele>21.000</ele></trkpt>
      <trkpt lat="22.4620141958" lon="114.2619347602"><ele>21.000</ele></trkpt>
      <trkpt lat="22.4620109587" lon="114.2619324993"><ele>21.000</ele></trkpt>
      <trkpt lat="22.4620077930" lon="114.2619301287"><ele>18.000</ele></trkpt>
      <trkpt lat="22.4620046987" lon="114.2619276483"><ele>18.000</ele></trkpt>
      <trkpt lat="22.4620016495" lon="114.2619250999"><ele>18.000</ele></trkpt>
      <trkpt lat="22.4619986402" lon="114.2619224922"><ele>30.000</ele></trkpt>
      <trkpt lat="22.4619956678" lon="114.2619198283"><ele>30.000</ele></trkpt>
      <trkpt lat="22.4619927308" lon="114.2619171109"><ele>30.000</ele></trkpt>
      <trkpt lat="22.4619898280" lon="114.2619143430"><ele>30.000</ele></trkpt>
      <trkpt lat="22.4619869560" lon="114.2619115266"><ele>30.000</ele></trkpt>
      <trkpt lat="22.4619841148" lon="114.2619086645"><ele>30.000</ele></trkpt>
      <trkpt lat="22.4619813015" lon="114.2619057607"><ele>30.000</ele></trkpt>
      <trkpt lat="22.4619785145" lon="114.2619028170"><ele>30.000</ele></trkpt>
      <trkpt lat="22.4619757518" lon="114.2618998364"><ele>30.000</ele></trkpt>
      <trkpt lat="22.4619730118" lon="114.2618968209"><ele>30.000</ele></trkpt>
      <trkpt lat="22.4619702925" lon="114.2618937743"><ele>30.000</ele></trkpt>
      <trkpt lat="22.4619675922" lon="114.2618906995"><ele>30.000</ele></trkpt>
      <trkpt lat="22.4619649082" lon="114.2618875985"><ele>30.000</ele></trkpt>
      <trkpt lat="22.4619622405" lon="114.2618844752"><ele>30.000</ele></trkpt>
      <trkpt lat="22.4619595863" lon="114.2618813314"><ele>29.000</ele></trkpt>
      <trkpt lat="22.4619569429" lon="114.2618781693"><ele>29.000</ele></trkpt>
      <trkpt lat="22.4619543095" lon="114.2618749925"><ele>45.000</ele></trkpt>
      <trkpt lat="22.4619516843" lon="114.2618718051"><ele>45.000</ele></trkpt>
      <trkpt lat="22.4619490653" lon="114.2618686070"><ele>45.000</ele></trkpt>
      <trkpt lat="22.4619464500" lon="114.2618654030"><ele>45.000</ele></trkpt>
      <trkpt lat="22.4619438374" lon="114.2618621952"><ele>45.000</ele></trkpt>
      <trkpt lat="22.4619412257" lon="114.2618589874"><ele>45.000</ele></trkpt>
      <trkpt lat="22.4619386121" lon="114.2618557805"><ele>45.000</ele></trkpt>
      <trkpt lat="22.4619359959" lon="114.2618525785"><ele>45.000</ele></trkpt>
      <trkpt lat="22.4619333751" lon="114.2618493843"><ele>45.000</ele></trkpt>
      <trkpt lat="22.4619307463" lon="114.2618462007"><ele>45.000</ele></trkpt>
      <trkpt lat="22.4619281101" lon="114.2618430298"><ele>45.000</ele></trkpt>
      <trkpt lat="22.4619254623" lon="114.2618398744"><ele>45.000</ele></trkpt>
      <trkpt lat="22.4619228036" lon="114.2618367375"><ele>45.000</ele></trkpt>
      <trkpt lat="22.4619201295" lon="114.2618336219"><ele>46.000</ele></trkpt>
      <trkpt lat="22.4619174400" lon="114.2618305307"><ele>46.000</ele></trkpt>
      <trkpt lat="22.4619127669" lon="114.2618252725"><ele>46.000</ele></trkpt>
      <trkpt lat="22.4618605639" lon="114.2617735718"><ele>54.000</ele></trkpt>
      <trkpt lat="22.4618018219" lon="114.2617236655"><ele>54.000</ele></trkpt>
      <trkpt lat="22.4617927247" lon="114.2617132271"><ele>54.000</ele></trkpt>
      <trkpt lat="22.4617825103" lon="114.2617015084"><ele>54.000</ele></trkpt>
      <trkpt lat="22.4617618513" lon="114.2616792660"><ele>50.000</ele></trkpt>
      <trkpt lat="22.4617385321" lon="114.2616498808"><ele>50.000</ele></trkpt>
      <trkpt lat="22.4617108523" lon="114.2616168699"><ele>48.000</ele></trkpt>
      <trkpt lat="22.4616777211" lon="114.2615796284"><ele>42.000</ele></trkpt>
      <trkpt lat="22.4616381118" lon="114.2615316285"><ele>36.000</ele></trkpt>
      <trkpt lat="22.4615989960" lon="114.2614877766"><ele>36.000</ele></trkpt>
      <trkpt lat="22.4615582189" lon="114.2614450906"><ele>34.000</ele></trkpt>
      <trkpt lat="22.4614977516" lon="114.2613908492"><ele>34.000</ele></trkpt>
      <trkpt lat="22.4614693243" lon="114.2613726440"><ele>34.000</ele></trkpt>
      <trkpt lat="22.4614376666" lon="114.2613496478"><ele>33.000</ele></trkpt>
      <trkpt lat="22.4613956091" lon="114.2613205720"><ele>32.000</ele></trkpt>
      <trkpt lat="22.4613814470" lon="114.2613079134"><ele>32.000</ele></trkpt>
      <trkpt lat="22.4613634563" lon="114.2612928333"><ele>30.000</ele></trkpt>
      <trkpt lat="22.4613265071" lon="114.2612519763"><ele>30.000</ele></trkpt>
      <trkpt lat="22.4613091529" lon="114.2612303870"><ele>28.000</ele></trkpt>
      <trkpt lat="22.4612929004" lon="114.2612088080"><ele>28.000</ele></trkpt>
      <trkpt lat="22.4612669203" lon="114.2611716692"><ele>22.000</ele></trkpt>
      <trkpt lat="22.4612545334" lon="114.2611489655"><ele>22.000</ele></trkpt>
      <trkpt lat="22.4612293015" lon="114.2610970290"><ele>22.000</ele></trkpt>
      <trkpt lat="22.4612131619" lon="114.2610665612"><ele>22.000</ele></trkpt>
      <trkpt lat="22.4612030161" lon="114.2610409247"><ele>22.000</ele></trkpt>
      <trkpt lat="22.4611867910" lon="114.2610169752"><ele>24.000</ele></trkpt>
      <trkpt lat="22.4611727888" lon="114.2609918718"><ele>26.000</ele></trkpt>
      <trkpt lat="22.4611403112" lon="114.2609463433"><ele>30.000</ele></trkpt>
      <trkpt lat="22.4611240966" lon="114.2609212085"><ele>30.000</ele></trkpt>
      <trkpt lat="22.4611112058" lon="114.2608949399"><ele>30.000</ele></trkpt>
      <trkpt lat="22.4610928158" lon="114.2608679966"><ele>32.000</ele></trkpt>
      <trkpt lat="22.4610669860" lon="114.2608196070"><ele>33.000</ele></trkpt>
      <trkpt lat="22.4610497447" lon="114.2607891182"><ele>32.000</ele></trkpt>
      <trkpt lat="22.4610378697" lon="114.2607699806"><ele>32.000</ele></trkpt>
      <trkpt lat="22.4610178178" lon="114.2607435999"><ele>30.000</ele></trkpt>
      <trkpt lat="22.4610021257" lon="114.2607208468"><ele>32.000</ele></trkpt>
      <trkpt lat="22.4609884586" lon="114.2607043528"><ele>30.000</ele></trkpt>
      <trkpt lat="22.4609823541" lon="114.2606990793"><ele>30.000</ele></trkpt>
      <trkpt lat="22.4609772724" lon="114.2606942669"><ele>30.000</ele></trkpt>
      <trkpt lat="22.4609709839" lon="114.2606920236"><ele>30.000</ele></trkpt>
      <trkpt lat="22.4609644774" lon="114.2606903622"><ele>30.000</ele></trkpt>
      <trkpt lat="22.4609591420" lon="114.2606855788"><ele>27.000</ele></trkpt>
      <trkpt lat="22.4609550850" lon="114.2606796633"><ele>27.000</ele></trkpt>
      <trkpt lat="22.4609542580" lon="114.2606724285"><ele>27.000</ele></trkpt>
      <trkpt lat="22.4609543892" lon="114.2606649950"><ele>28.000</ele></trkpt>
      <trkpt lat="22.4609488849" lon="114.2606618972"><ele>28.000</ele></trkpt>
      <trkpt lat="22.4609418950" lon="114.2606609758"><ele>28.000</ele></trkpt>
      <trkpt lat="22.4609348257" lon="114.2606597289"><ele>28.000</ele></trkpt>
      <trkpt lat="22.4609279609" lon="114.2606593935"><ele>28.000</ele></trkpt>
      <trkpt lat="22.4609217479" lon="114.2606612338"><ele>28.000</ele></trkpt>
      <trkpt lat="22.4609159785" lon="114.2606645590"><ele>33.000</ele></trkpt>
      <trkpt lat="22.4609102901" lon="114.2606682378"><ele>33.000</ele></trkpt>
      <trkpt lat="22.4609046765" lon="114.2606722189"><ele>29.000</ele></trkpt>
      <trkpt lat="22.4608991323" lon="114.2606764487"><ele>29.000</ele></trkpt>
      <trkpt lat="22.4608936504" lon="114.2606808768"><ele>29.000</ele></trkpt>
      <trkpt lat="22.4608882252" lon="114.2606854487"><ele>29.000</ele></trkpt>
      <trkpt lat="22.4608828506" lon="114.2606901149"><ele>29.000</ele></trkpt>
      <trkpt lat="22.4608775202" lon="114.2606948209"><ele>29.000</ele></trkpt>
      <trkpt lat="22.4608722277" lon="114.2606995163"><ele>29.000</ele></trkpt>
      <trkpt lat="22.4608669687" lon="114.2607041475"><ele>29.000</ele></trkpt>
      <trkpt lat="22.4608621402" lon="114.2607092075"><ele>29.000</ele></trkpt>
      <trkpt lat="22.4608579796" lon="114.2607150539"><ele>29.000</ele></trkpt>
      <trkpt lat="22.4608536042" lon="114.2607206068"><ele>26.000</ele></trkpt>
      <trkpt lat="22.4608479503" lon="114.2607255652"><ele>26.000</ele></trkpt>
      <trkpt lat="22.4608421061" lon="114.2607268782"><ele>26.000</ele></trkpt>
      <trkpt lat="22.4608372170" lon="114.2607215559"><ele>26.000</ele></trkpt>
      <trkpt lat="22.4608320163" lon="114.2607165647"><ele>29.000</ele></trkpt>
      <trkpt lat="22.4608267133" lon="114.2607120203"><ele>26.000</ele></trkpt>
      <trkpt lat="22.4608214112" lon="114.2607074614"><ele>26.000</ele></trkpt>
      <trkpt lat="22.4608161073" lon="114.2607028976"><ele>26.000</ele></trkpt>
      <trkpt lat="22.4608107988" lon="114.2606983358"><ele>26.000</ele></trkpt>
      <trkpt lat="22.4608054832" lon="114.2606937856"><ele>26.000</ele></trkpt>
      <trkpt lat="22.4608001567" lon="114.2606892548"><ele>26.000</ele></trkpt>
      <trkpt lat="22.4607948175" lon="114.2606847513"><ele>26.000</ele></trkpt>
      <trkpt lat="22.4607894612" lon="114.2606802837"><ele>26.000</ele></trkpt>
      <trkpt lat="22.4607840850" lon="114.2606758607"><ele>26.000</ele></trkpt>
      <trkpt lat="22.4607786870" lon="114.2606714893"><ele>21.000</ele></trkpt>
      <trkpt lat="22.4607732638" lon="114.2606671790"><ele>20.000</ele></trkpt>
      <trkpt lat="22.4607678125" lon="114.2606629377"><ele>20.000</ele></trkpt>
      <trkpt lat="22.4607614791" lon="114.2606602824"><ele>20.000</ele></trkpt>
      <trkpt lat="22.4607546185" lon="114.2606605669"><ele>20.000</ele></trkpt>
      <trkpt lat="22.4607485448" lon="114.2606636470"><ele>20.000</ele></trkpt>
      <trkpt lat="22.4607442695" lon="114.2606694739"><ele>21.000</ele></trkpt>
      <trkpt lat="22.4607419018" lon="114.2606763143"><ele>21.000</ele></trkpt>
      <trkpt lat="22.4607410013" lon="114.2606834889"><ele>21.000</ele></trkpt>
      <trkpt lat="22.4607408566" lon="114.2606908883"><ele>21.000</ele></trkpt>
      <trkpt lat="22.4607413775" lon="114.2606982367"><ele>21.000</ele></trkpt>
      <trkpt lat="22.4607422903" lon="114.2607054337"><ele>21.000</ele></trkpt>
      <trkpt lat="22.4607432953" lon="114.2607126230"><ele>21.000</ele></trkpt>
      <trkpt lat="22.4607443788" lon="114.2607198065"><ele>18.000</ele></trkpt>
      <trkpt lat="22.4607455274" lon="114.2607269843"><ele>18.000</ele></trkpt>
      <trkpt lat="22.4607467283" lon="114.2607341582"><ele>18.000</ele></trkpt>
      <trkpt lat="22.4607479671" lon="114.2607413301"><ele>18.000</ele></trkpt>
      <trkpt lat="22.4607492313" lon="114.2607484992"><ele>18.000</ele></trkpt>
      <trkpt lat="22.4607505072" lon="114.2607556673"><ele>18.000</ele></trkpt>
      <trkpt lat="22.4607517821" lon="114.2607628363"><ele>18.000</ele></trkpt>
      <trkpt lat="22.4607530427" lon="114.2607700054"><ele>16.000</ele></trkpt>
      <trkpt lat="22.4607540747" lon="114.2607824888"><ele>16.000</ele></trkpt>
      <trkpt lat="22.4607529292" lon="114.2607970958"><ele>16.000</ele></trkpt>
      <trkpt lat="22.4607598417" lon="114.2608220618"><ele>14.000</ele></trkpt>
      <trkpt lat="22.4607170194" lon="114.2608741125"><ele>14.000</ele></trkpt>
      <trkpt lat="22.4605546836" lon="114.2607889432"><ele>6.000</ele></trkpt>
      <trkpt lat="22.4603923478" lon="114.2607037741"><ele>2.000</ele></trkpt>
      <trkpt lat="22.4602300119" lon="114.2606186051"><ele>6.000</ele></trkpt>
      <trkpt lat="22.4600676760" lon="114.2605334364"><ele>8.000</ele></trkpt>
      <trkpt lat="22.4599053400" lon="114.2604482679"><ele>10.000</ele></trkpt>
      <trkpt lat="22.4597430040" lon="114.2603630995"><ele>12.000</ele></trkpt>
      <trkpt lat="22.4595806680" lon="114.2602779314"><ele>14.000</ele></trkpt>
      <trkpt lat="22.4594682673" lon="114.2602189616"><ele>14.000</ele></trkpt>
      <trkpt lat="22.4593189346" lon="114.2601385333"><ele>14.000</ele></trkpt>
      <trkpt lat="22.4592931703" lon="114.2601360540"><ele>14.000</ele></trkpt>
      <trkpt lat="22.4592662069" lon="114.2601385018"><ele>14.000</ele></trkpt>
      <trkpt lat="22.4592352243" lon="114.2601456593"><ele>14.000</ele></trkpt>
      <trkpt lat="22.4591772733" lon="114.2601649044"><ele>16.000</ele></trkpt>
      <trkpt lat="22.4591420258" lon="114.2601751654"><ele>16.000</ele></trkpt>
      <trkpt lat="22.4591080106" lon="114.2601809337"><ele>14.000</ele></trkpt>
      <trkpt lat="22.4590530213" lon="114.2601815391"><ele>14.000</ele></trkpt>
      <trkpt lat="22.4590046424" lon="114.2601731557"><ele>12.000</ele></trkpt>
      <trkpt lat="22.4589216222" lon="114.2601570393"><ele>12.000</ele></trkpt>
      <trkpt lat="22.4587741494" lon="114.2601193118"><ele>10.000</ele></trkpt>
      <trkpt lat="22.4587038604" lon="114.2600767435"><ele>8.000</ele></trkpt>
      <trkpt lat="22.4586292275" lon="114.2599821785"><ele>8.000</ele></trkpt>
      <trkpt lat="22.4585360476" lon="114.2598687582"><ele>8.000</ele></trkpt>
      <trkpt lat="22.4583828470" lon="114.2597658499"><ele>8.000</ele></trkpt>
      <trkpt lat="22.4582296464" lon="114.2596629419"><ele>8.000</ele></trkpt>
      <trkpt lat="22.4580764457" lon="114.2595600341"><ele>8.000</ele></trkpt>
      <trkpt lat="22.4579232449" lon="114.2594571265"><ele>8.000</ele></trkpt>
      <trkpt lat="22.4577700441" lon="114.2593542191"><ele>8.000</ele></trkpt>
      <trkpt lat="22.4577284442" lon="114.2593262759"><ele>8.000</ele></trkpt>
      <trkpt lat="22.4575595304" lon="114.2592574908"><ele>8.000</ele></trkpt>
      <trkpt lat="22.4573906166" lon="114.2591887059"><ele>8.000</ele></trkpt>
      <trkpt lat="22.4572217027" lon="114.2591199212"><ele>8.000</ele></trkpt>
      <trkpt lat="22.4572115223" lon="114.2591157756"><ele>8.000</ele></trkpt>
      <trkpt lat="22.4570310166" lon="114.2591223344"><ele>8.000</ele></trkpt>
      <trkpt lat="22.4568505108" lon="114.2591288932"><ele>8.000</ele></trkpt>
      <trkpt lat="22.4568165716" lon="114.2591301264"><ele>8.000</ele></trkpt>
      <trkpt lat="22.4567460718" lon="114.2591250522"><ele>10.000</ele></trkpt>
      <trkpt lat="22.4567001020" lon="114.2591133489"><ele>10.000</ele></trkpt>
      <trkpt lat="22.4566497674" lon="114.2590918762"><ele>10.000</ele></trkpt>
      <trkpt lat="22.4564954065" lon="114.2589909962"><ele>12.000</ele></trkpt>
      <trkpt lat="22.4564047746" lon="114.2589317654"><ele>12.000</ele></trkpt>
      <trkpt lat="22.4562451270" lon="114.2588409070"><ele>10.000</ele></trkpt>
      <trkpt lat="22.4561620733" lon="114.2587936397"><ele>10.000</ele></trkpt>
      <trkpt lat="22.4560842392" lon="114.2587543494"><ele>9.000</ele></trkpt>
      <trkpt lat="22.4560306890" lon="114.2587376530"><ele>8.000</ele></trkpt>
      <trkpt lat="22.4559685749" lon="114.2587234786"><ele>8.000</ele></trkpt>
      <trkpt lat="22.4559010835" lon="114.2587105864"><ele>6.000</ele></trkpt>
      <trkpt lat="22.4558320791" lon="114.2586858687"><ele>6.000</ele></trkpt>
      <trkpt lat="22.4557774689" lon="114.2586475355"><ele>7.000</ele></trkpt>
      <trkpt lat="22.4557371260" lon="114.2586035660"><ele>7.000</ele></trkpt>
      <trkpt lat="22.4556998735" lon="114.2585343859"><ele>6.000</ele></trkpt>
      <trkpt lat="22.4556757633" lon="114.2584644227"><ele>8.000</ele></trkpt>
      <trkpt lat="22.4556706636" lon="114.2584167665"><ele>8.000</ele></trkpt>
      <trkpt lat="22.4556732167" lon="114.2583662566"><ele>8.000</ele></trkpt>
      <trkpt lat="22.4556916652" lon="114.2582943208"><ele>8.000</ele></trkpt>
      <trkpt lat="22.4557149556" lon="114.2582387825"><ele>8.000</ele></trkpt>
      <trkpt lat="22.4557466515" lon="114.2581655399"><ele>7.000</ele></trkpt>
      <trkpt lat="22.4557861113" lon="114.2580929450"><ele>8.000</ele></trkpt>
      <trkpt lat="22.4558160019" lon="114.2580447651"><ele>6.000</ele></trkpt>
      <trkpt lat="22.4558482784" lon="114.2580036546"><ele>6.000</ele></trkpt>
      <trkpt lat="22.4558991186" lon="114.2579557191"><ele>6.000</ele></trkpt>
      <trkpt lat="22.4559797487" lon="114.2578874139"><ele>10.000</ele></trkpt>
      <trkpt lat="22.4560478758" lon="114.2578231897"><ele>14.000</ele></trkpt>
      <trkpt lat="22.4561101586" lon="114.2577443141"><ele>12.000</ele></trkpt>
      <trkpt lat="22.4561303831" lon="114.2576722177"><ele>11.000</ele></trkpt>
      <trkpt lat="22.4561408949" lon="114.2575902817"><ele>9.000</ele></trkpt>
      <trkpt lat="22.4561340077" lon="114.2573961140"><ele>6.000</ele></trkpt>
      <trkpt lat="22.4561271203" lon="114.2572019463"><ele>8.000</ele></trkpt>
      <trkpt lat="22.4561202327" lon="114.2570077786"><ele>9.000</ele></trkpt>
      <trkpt lat="22.4561140755" lon="114.2568342087"><ele>7.000</ele></trkpt>
      <trkpt lat="22.4561188929" lon="114.2567564519"><ele>8.000</ele></trkpt>
      <trkpt lat="22.4561260852" lon="114.2567063301"><ele>8.000</ele></trkpt>
      <trkpt lat="22.4561392523" lon="114.2566536420"><ele>8.000</ele></trkpt>
      <trkpt lat="22.4561610539" lon="114.2565945291"><ele>11.000</ele></trkpt>
      <trkpt lat="22.4561716433" lon="114.2565665799"><ele>10.000</ele></trkpt>
      <trkpt lat="22.4561894904" lon="114.2565277128"><ele>10.000</ele></trkpt>
      <trkpt lat="22.4562848635" lon="114.2563627046"><ele>12.000</ele></trkpt>
      <trkpt lat="22.4563802365" lon="114.2561976963"><ele>12.000</ele></trkpt>
      <trkpt lat="22.4564393858" lon="114.2560953595"><ele>14.000</ele></trkpt>
      <trkpt lat="22.4565278608" lon="114.2559514585"><ele>16.000</ele></trkpt>
      <trkpt lat="22.4566097714" lon="114.2557947009"><ele>16.000</ele></trkpt>
      <trkpt lat="22.4566538236" lon="114.2556895945"><ele>16.000</ele></trkpt>
      <trkpt lat="22.4567245708" lon="114.2555108126"><ele>16.000</ele></trkpt>
      <trkpt lat="22.4567365577" lon="114.2554805210"><ele>16.000</ele></trkpt>
      <trkpt lat="22.4567449487" lon="114.2554233306"><ele>16.000</ele></trkpt>
      <trkpt lat="22.4567439925" lon="114.2553876742"><ele>16.000</ele></trkpt>
      <trkpt lat="22.4567390119" lon="114.2553474959"><ele>16.000</ele></trkpt>
      <trkpt lat="22.4567217270" lon="114.2552710116"><ele>18.000</ele></trkpt>
      <trkpt lat="22.4566919130" lon="114.2551630314"><ele>18.000</ele></trkpt>
      <trkpt lat="22.4566639933" lon="114.2550743415"><ele>18.000</ele></trkpt>
      <trkpt lat="22.4566435918" lon="114.2550331908"><ele>18.000</ele></trkpt>
      <trkpt lat="22.4566221082" lon="114.2549926923"><ele>18.000</ele></trkpt>
      <trkpt lat="22.4565922627" lon="114.2549496185"><ele>18.000</ele></trkpt>
      <trkpt lat="22.4564943571" lon="114.2548345314"><ele>20.000</ele></trkpt>
      <trkpt lat="22.4563734917" lon="114.2546901454"><ele>22.000</ele></trkpt>
      <trkpt lat="22.4563194409" lon="114.2546255762"><ele>22.000</ele></trkpt>
      <trkpt lat="22.4561992371" lon="114.2544805526"><ele>25.000</ele></trkpt>
      <trkpt lat="22.4561965728" lon="114.2544773382"><ele>25.000</ele></trkpt>
      <trkpt lat="22.4561510958" lon="114.2544146968"><ele>24.000</ele></trkpt>
      <trkpt lat="22.4561303622" lon="114.2543690119"><ele>25.000</ele></trkpt>
      <trkpt lat="22.4561182919" lon="114.2543131413"><ele>24.000</ele></trkpt>
      <trkpt lat="22.4561193403" lon="114.2542623485"><ele>24.000</ele></trkpt>
      <trkpt lat="22.4561266997" lon="114.2542199641"><ele>24.000</ele></trkpt>
      <trkpt lat="22.4561428447" lon="114.2541833429"><ele>24.000</ele></trkpt>
      <trkpt lat="22.4561829708" lon="114.2541395105"><ele>24.000</ele></trkpt>
      <trkpt lat="22.4562109728" lon="114.2541139754"><ele>24.000</ele></trkpt>
      <trkpt lat="22.4562468239" lon="114.2540908598"><ele>27.000</ele></trkpt>
      <trkpt lat="22.4562948962" lon="114.2540744848"><ele>29.000</ele></trkpt>
      <trkpt lat="22.4564716206" lon="114.2540344028"><ele>26.000</ele></trkpt>
      <trkpt lat="22.4564827967" lon="114.2540318680"><ele>26.000</ele></trkpt>
      <trkpt lat="22.4565727915" lon="114.2540164333"><ele>28.000</ele></trkpt>
      <trkpt lat="22.4567372687" lon="114.2540096535"><ele>29.000</ele></trkpt>
      <trkpt lat="22.4567719082" lon="114.2540198176"><ele>28.000</ele></trkpt>
      <trkpt lat="22.4568011046" lon="114.2540367592"><ele>28.000</ele></trkpt>
      <trkpt lat="22.4568616295" lon="114.2541004322"><ele>31.000</ele></trkpt>
      <trkpt lat="22.4569532879" lon="114.2542089790"><ele>30.000</ele></trkpt>
      <trkpt lat="22.4570266293" lon="114.2542583434"><ele>30.000</ele></trkpt>
      <trkpt lat="22.4572037149" lon="114.2542965358"><ele>30.000</ele></trkpt>
      <trkpt lat="22.4572558730" lon="114.2543077849"><ele>30.000</ele></trkpt>
      <trkpt lat="22.4573888025" lon="114.2543215596"><ele>30.000</ele></trkpt>
      <trkpt lat="22.4574346988" lon="114.2543177533"><ele>30.000</ele></trkpt>
      <trkpt lat="22.4574688517" lon="114.2543048953"><ele>32.000</ele></trkpt>
      <trkpt lat="22.4575067655" lon="114.2542777118"><ele>32.000</ele></trkpt>
      <trkpt lat="22.4576435555" lon="114.2541508324"><ele>31.000</ele></trkpt>
      <trkpt lat="22.4577494092" lon="114.2540526475"><ele>32.000</ele></trkpt>
      <trkpt lat="22.4577770666" lon="114.2540019214"><ele>32.000</ele></trkpt>
      <trkpt lat="22.4577849071" lon="114.2539541931"><ele>32.000</ele></trkpt>
      <trkpt lat="22.4577828803" lon="114.2538811358"><ele>32.000</ele></trkpt>
      <trkpt lat="22.4577586163" lon="114.2537602403"><ele>31.000</ele></trkpt>
      <trkpt lat="22.4577027092" lon="114.2535754728"><ele>32.000</ele></trkpt>
      <trkpt lat="22.4576468020" lon="114.2533907055"><ele>32.000</ele></trkpt>
      <trkpt lat="22.4576277659" lon="114.2533277936"><ele>32.000</ele></trkpt>
      <trkpt lat="22.4576278009" lon="114.2532538233"><ele>32.000</ele></trkpt>
      <trkpt lat="22.4576782707" lon="114.2531650818"><ele>32.000</ele></trkpt>
      <trkpt lat="22.4577379039" lon="114.2531158002"><ele>30.000</ele></trkpt>
      <trkpt lat="22.4578730041" lon="114.2530635003"><ele>32.000</ele></trkpt>
      <trkpt lat="22.4579334809" lon="114.2530060852"><ele>30.000</ele></trkpt>
      <trkpt lat="22.4580301709" lon="114.2528419645"><ele>32.000</ele></trkpt>
      <trkpt lat="22.4581268608" lon="114.2526778435"><ele>30.000</ele></trkpt>
      <trkpt lat="22.4581602095" lon="114.2526212373"><ele>30.000</ele></trkpt>
      <trkpt lat="22.4581875306" lon="114.2525550452"><ele>30.000</ele></trkpt>
      <trkpt lat="22.4582059321" lon="114.2524564166"><ele>30.000</ele></trkpt>
      <trkpt lat="22.4581876184" lon="114.2523676372"><ele>30.000</ele></trkpt>
      <trkpt lat="22.4581422325" lon="114.2522610772"><ele>30.000</ele></trkpt>
      <trkpt lat="22.4580250990" lon="114.2521131723"><ele>30.000</ele></trkpt>
      <trkpt lat="22.4579218572" lon="114.2519828087"><ele>28.000</ele></trkpt>
      <trkpt lat="22.4578037532" lon="114.2518358001"><ele>25.000</ele></trkpt>
      <trkpt lat="22.4577752029" lon="114.2518002625"><ele>24.000</ele></trkpt>
      <trkpt lat="22.4577477250" lon="114.2517324282"><ele>24.000</ele></trkpt>
      <trkpt lat="22.4577350828" lon="114.2516186978"><ele>22.000</ele></trkpt>
      <trkpt lat="22.4577439031" lon="114.2514932610"><ele>20.000</ele></trkpt>
      <trkpt lat="22.4577450269" lon="114.2513125190"><ele>20.000</ele></trkpt>
      <trkpt lat="22.4577349023" lon="114.2512569755"><ele>20.000</ele></trkpt>
      <trkpt lat="22.4577133495" lon="114.2512018078"><ele>20.000</ele></trkpt>
      <trkpt lat="22.4576829802" lon="114.2511586234"><ele>19.000</ele></trkpt>
      <trkpt lat="22.4576343156" lon="114.2511166525"><ele>18.000</ele></trkpt>
      <trkpt lat="22.4574819727" lon="114.2510122813"><ele>21.000</ele></trkpt>
      <trkpt lat="22.4573758448" lon="114.2509395724"><ele>17.000</ele></trkpt>
      <trkpt lat="22.4572495520" lon="114.2508753526"><ele>19.000</ele></trkpt>
      <trkpt lat="22.4570852172" lon="114.2508080641"><ele>20.000</ele></trkpt>
      <trkpt lat="22.4570142683" lon="114.2507850949"><ele>19.000</ele></trkpt>
      <trkpt lat="22.4569741293" lon="114.2507745876"><ele>20.000</ele></trkpt>
      <trkpt lat="22.4569412959" lon="114.2507697824"><ele>21.000</ele></trkpt>
      <trkpt lat="22.4568110657" lon="114.2507610063"><ele>20.000</ele></trkpt>
      <trkpt lat="22.4567537239" lon="114.2507577620"><ele>20.000</ele></trkpt>
      <trkpt lat="22.4567154991" lon="114.2507474599"><ele>20.000</ele></trkpt>
      <trkpt lat="22.4566826573" lon="114.2507236647"><ele>20.000</ele></trkpt>
      <trkpt lat="22.4566606828" lon="114.2506956647"><ele>19.000</ele></trkpt>
      <trkpt lat="22.4565953441" lon="114.2505145160"><ele>20.000</ele></trkpt>
      <trkpt lat="22.4565652364" lon="114.2504310440"><ele>20.000</ele></trkpt>
      <trkpt lat="22.4565388450" lon="114.2503438025"><ele>20.000</ele></trkpt>
      <trkpt lat="22.4564824373" lon="114.2502287143"><ele>21.000</ele></trkpt>
      <trkpt lat="22.4563820520" lon="114.2500671838"><ele>17.000</ele></trkpt>
      <trkpt lat="22.4562816666" lon="114.2499056536"><ele>20.000</ele></trkpt>
      <trkpt lat="22.4561812810" lon="114.2497441235"><ele>20.000</ele></trkpt>
      <trkpt lat="22.4560942569" lon="114.2496040939"><ele>18.000</ele></trkpt>
      <trkpt lat="22.4559779714" lon="114.2494554186"><ele>20.000</ele></trkpt>
      <trkpt lat="22.4559703918" lon="114.2494457278"><ele>20.000</ele></trkpt>
      <trkpt lat="22.4558397502" lon="114.2493115592"><ele>19.000</ele></trkpt>
      <trkpt lat="22.4557846699" lon="114.2492549919"><ele>20.000</ele></trkpt>
      <trkpt lat="22.4556533041" lon="114.2491216445"><ele>20.000</ele></trkpt>
      <trkpt lat="22.4555823637" lon="114.2490496341"><ele>18.000</ele></trkpt>
      <trkpt lat="22.4554880275" lon="114.2488839383"><ele>18.000</ele></trkpt>
      <trkpt lat="22.4554862045" lon="114.2488807363"><ele>18.000</ele></trkpt>
      <trkpt lat="22.4553844925" lon="114.2487459719"><ele>17.000</ele></trkpt>
      <trkpt lat="22.4552732164" lon="114.2485929243"><ele>16.000</ele></trkpt>
      <trkpt lat="22.4552154576" lon="114.2485134838"><ele>16.000</ele></trkpt>
      <trkpt lat="22.4551969207" lon="114.2484832983"><ele>16.000</ele></trkpt>
      <trkpt lat="22.4551802128" lon="114.2484440891"><ele>16.000</ele></trkpt>
    </trkseg>
  </trk>
</gpx>
