<?xml version="1.0" encoding="UTF-8"?>
<gpx xmlns:xsi="http://www.w3.org/2001/XMLSchema-instance"
     xsi:schemaLocation="http://www.topografix.com/GPX/1/1 http://www.topografix.com/GPX/1/1/gpx.xsd"
     version="1.1" creator="json3d_batch_to_gpx"
     xmlns="http://www.topografix.com/GPX/1/1">
  <metadata>
    <name>HongKongTrail(Section1)ThePeaktoPokFuLamReservoirRoad</name>
  </metadata>
  <trk>
    <name>HongKongTrail(Section1)ThePeaktoPokFuLamReservoirRoad</name>
    <type>hike</type>
    <trkseg>
      <trkpt lat="22.2712927825" lon="114.1494947398"><ele>398.000</ele></trkpt>
      <trkpt lat="22.2713103622" lon="114.1494714248"><ele>398.000</ele></trkpt>
      <trkpt lat="22.2713532627" lon="114.1494366752"><ele>397.000</ele></trkpt>
      <trkpt lat="22.2713843509" lon="114.1494159578"><ele>397.000</ele></trkpt>
      <trkpt lat="22.2714166848" lon="114.1494086018"><ele>403.000</ele></trkpt>
      <trkpt lat="22.2714365829" lon="114.1494085979"><ele>406.000</ele></trkpt>
      <trkpt lat="22.2714571053" lon="114.1494152751"><ele>402.000</ele></trkpt>
      <trkpt lat="22.2715279985" lon="114.1494419854"><ele>402.000</ele></trkpt>
      <trkpt lat="22.2715429230" lon="114.1494446555"><ele>402.000</ele></trkpt>
      <trkpt lat="22.2715597113" lon="114.1494413116"><ele>402.000</ele></trkpt>
      <trkpt lat="22.2715721473" lon="114.1494352965"><ele>402.000</ele></trkpt>
      <trkpt lat="22.2716585703" lon="114.1493691366"><ele>402.000</ele></trkpt>
      <trkpt lat="22.2716784672" lon="114.1493564387"><ele>404.000</ele></trkpt>
      <trkpt lat="22.2716989869" lon="114.1493530940"><ele>404.000</ele></trkpt>
      <trkpt lat="22.2717170202" lon="114.1493530905"><ele>404.000</ele></trkpt>
      <trkpt lat="22.2717736083" lon="114.1493597607"><ele>404.000</ele></trkpt>
      <trkpt lat="22.2718090543" lon="114.1493691072"><ele>406.000</ele></trkpt>
      <trkpt lat="22.2718264673" lon="114.1493804617"><ele>406.000</ele></trkpt>
      <trkpt lat="22.2718389053" lon="114.1493918173"><ele>412.000</ele></trkpt>
      <trkpt lat="22.2718783123" lon="114.1494560656"><ele>406.000</ele></trkpt>
      <trkpt lat="22.2718868002" lon="114.1494719803"><ele>405.000</ele></trkpt>
      <trkpt lat="22.2719004833" lon="114.1494873447"><ele>405.000</ele></trkpt>
      <trkpt lat="22.2719160305" lon="114.1494980312"><ele>405.000</ele></trkpt>
      <trkpt lat="22.2719340645" lon="114.1495027044"><ele>411.000</ele></trkpt>
      <trkpt lat="22.2719514757" lon="114.1495033695"><ele>411.000</ele></trkpt>
      <trkpt lat="22.2719788371" lon="114.1495053678"><ele>416.000</ele></trkpt>
      <trkpt lat="22.2720012234" lon="114.1495067005"><ele>416.000</ele></trkpt>
      <trkpt lat="22.2720167698" lon="114.1495127102"><ele>406.000</ele></trkpt>
      <trkpt lat="22.2720391579" lon="114.1495247314"><ele>410.000</ele></trkpt>
      <trkpt lat="22.2720634125" lon="114.1495414299"><ele>410.000</ele></trkpt>
      <trkpt lat="22.2720845562" lon="114.1495534513"><ele>412.000</ele></trkpt>
      <trkpt lat="22.2721081865" lon="114.1495581234"><ele>408.000</ele></trkpt>
      <trkpt lat="22.2722084690" lon="114.1495412979"><ele>412.000</ele></trkpt>
      <trkpt lat="22.2722885124" lon="114.1495213424"><ele>410.000</ele></trkpt>
      <trkpt lat="22.2723096538" lon="114.1495200022"><ele>410.000</ele></trkpt>
      <trkpt lat="22.2723282614" lon="114.1495196920"><ele>410.000</ele></trkpt>
      <trkpt lat="22.2723450977" lon="114.1495166547"><ele>408.000</ele></trkpt>
      <trkpt lat="22.2723606420" lon="114.1495052936"><ele>412.000</ele></trkpt>
      <trkpt lat="22.2723799140" lon="114.1494765611"><ele>409.000</ele></trkpt>
      <trkpt lat="22.2723985654" lon="114.1494578506"><ele>414.000</ele></trkpt>
      <trkpt lat="22.2724165968" lon="114.1494464891"><ele>414.000</ele></trkpt>
      <trkpt lat="22.2724371161" lon="114.1494404723"><ele>411.000</ele></trkpt>
      <trkpt lat="22.2724576358" lon="114.1494364602"><ele>411.000</ele></trkpt>
      <trkpt lat="22.2724837520" lon="114.1494284377"><ele>408.000</ele></trkpt>
      <trkpt lat="22.2724999173" lon="114.1494150720"><ele>408.000</ele></trkpt>
      <trkpt lat="22.2725167022" lon="114.1493916851"><ele>408.000</ele></trkpt>
      <trkpt lat="22.2725353552" lon="114.1493769828"><ele>408.000</ele></trkpt>
      <trkpt lat="22.2725546296" lon="114.1493622804"><ele>408.000</ele></trkpt>
      <trkpt lat="22.2725739324" lon="114.1493401185"><ele>408.000</ele></trkpt>
      <trkpt lat="22.2725906877" lon="114.1493175107"><ele>408.000</ele></trkpt>
      <trkpt lat="22.2726041189" lon="114.1492906102"><ele>410.000</ele></trkpt>
      <trkpt lat="22.2726621756" lon="114.1491818699"><ele>407.000</ele></trkpt>
      <trkpt lat="22.2726845552" lon="114.1491437832"><ele>410.000</ele></trkpt>
      <trkpt lat="22.2727000964" lon="114.1491197280"><ele>406.000</ele></trkpt>
      <trkpt lat="22.2727293173" lon="114.1490849806"><ele>408.000</ele></trkpt>
      <trkpt lat="22.2727628895" lon="114.1490475592"><ele>408.000</ele></trkpt>
      <trkpt lat="22.2727983276" lon="114.1490108060"><ele>411.000</ele></trkpt>
      <trkpt lat="22.2728182228" lon="114.1489934312"><ele>411.000</ele></trkpt>
      <trkpt lat="22.2728362541" lon="114.1489820706"><ele>410.000</ele></trkpt>
      <trkpt lat="22.2728605052" lon="114.1489780566"><ele>410.000</ele></trkpt>
      <trkpt lat="22.2728828912" lon="114.1489773837"><ele>409.000</ele></trkpt>
      <trkpt lat="22.2729152263" lon="114.1489773773"><ele>409.000</ele></trkpt>
      <trkpt lat="22.2729376121" lon="114.1489760368"><ele>409.000</ele></trkpt>
      <trkpt lat="22.2729568878" lon="114.1489693526"><ele>412.000</ele></trkpt>
      <trkpt lat="22.2729792716" lon="114.1489559855"><ele>412.000</ele></trkpt>
      <trkpt lat="22.2730103608" lon="114.1489419492"><ele>412.000</ele></trkpt>
      <trkpt lat="22.2730439377" lon="114.1489319205"><ele>412.000</ele></trkpt>
      <trkpt lat="22.2731036316" lon="114.1489238913"><ele>413.000</ele></trkpt>
      <trkpt lat="22.2731794930" lon="114.1489105136"><ele>412.000</ele></trkpt>
      <trkpt lat="22.2732267532" lon="114.1489165180"><ele>411.000</ele></trkpt>
      <trkpt lat="22.2732634424" lon="114.1489238596"><ele>412.000</ele></trkpt>
      <trkpt lat="22.2732876956" lon="114.1489318722"><ele>408.000</ele></trkpt>
      <trkpt lat="22.2733281173" lon="114.1489458944"><ele>408.000</ele></trkpt>
      <trkpt lat="22.2733567216" lon="114.1489492294"><ele>408.000</ele></trkpt>
      <trkpt lat="22.2733828387" lon="114.1489465521"><ele>408.000</ele></trkpt>
      <trkpt lat="22.2734046016" lon="114.1489412025"><ele>408.000</ele></trkpt>
      <trkpt lat="22.2734356911" lon="114.1489291707"><ele>408.000</ele></trkpt>
      <trkpt lat="22.2734661577" lon="114.1489124613"><ele>410.000</ele></trkpt>
      <trkpt lat="22.2735084396" lon="114.1488944144"><ele>410.000</ele></trkpt>
      <trkpt lat="22.2735501003" lon="114.1488817120"><ele>409.000</ele></trkpt>
      <trkpt lat="22.2735724868" lon="114.1488890564"><ele>409.000</ele></trkpt>
      <trkpt lat="22.2736073137" lon="114.1489010897"><ele>407.000</ele></trkpt>
      <trkpt lat="22.2736352950" lon="114.1489057464"><ele>407.000</ele></trkpt>
      <trkpt lat="22.2736527058" lon="114.1489037393"><ele>405.000</ele></trkpt>
      <trkpt lat="22.2736949883" lon="114.1488890321"><ele>405.000</ele></trkpt>
      <trkpt lat="22.2737242132" lon="114.1488830135"><ele>405.000</ele></trkpt>
      <trkpt lat="22.2737602793" lon="114.1488803332"><ele>405.000</ele></trkpt>
      <trkpt lat="22.2737932357" lon="114.1488803266"><ele>408.000</ele></trkpt>
      <trkpt lat="22.2738330328" lon="114.1488796512"><ele>410.000</ele></trkpt>
      <trkpt lat="22.2738622577" lon="114.1488689558"><ele>412.000</ele></trkpt>
      <trkpt lat="22.2739095136" lon="114.1488502384"><ele>412.000</ele></trkpt>
      <trkpt lat="22.2739430909" lon="114.1488422142"><ele>412.000</ele></trkpt>
      <trkpt lat="22.2739667212" lon="114.1488462187"><ele>413.000</ele></trkpt>
      <trkpt lat="22.2739978151" lon="114.1488595743"><ele>413.000</ele></trkpt>
      <trkpt lat="22.2740224420" lon="114.1488775110"><ele>413.000</ele></trkpt>
      <trkpt lat="22.2740525460" lon="114.1489163542"><ele>414.000</ele></trkpt>
      <trkpt lat="22.2740705824" lon="114.1489343891"><ele>412.000</ele></trkpt>
      <trkpt lat="22.2740935913" lon="114.1489430705"><ele>412.000</ele></trkpt>
      <trkpt lat="22.2741203304" lon="114.1489444013"><ele>412.000</ele></trkpt>
      <trkpt lat="22.2741449293" lon="114.1489462972"><ele>412.000</ele></trkpt>
      <trkpt lat="22.2741669688" lon="114.1489477328"><ele>412.000</ele></trkpt>
      <trkpt lat="22.2741862474" lon="114.1489584186"><ele>412.000</ele></trkpt>
      <trkpt lat="22.2742098795" lon="114.1489731127"><ele>412.000</ele></trkpt>
      <trkpt lat="22.2742440853" lon="114.1490018351"><ele>411.000</ele></trkpt>
      <trkpt lat="22.2742832650" lon="114.1490298880"><ele>408.000</ele></trkpt>
      <trkpt lat="22.2743062755" lon="114.1490425777"><ele>408.000</ele></trkpt>
      <trkpt lat="22.2743336370" lon="114.1490505898"><ele>408.000</ele></trkpt>
      <trkpt lat="22.2743628633" lon="114.1490532572"><ele>408.000</ele></trkpt>
      <trkpt lat="22.2743877360" lon="114.1490505791"><ele>408.000</ele></trkpt>
      <trkpt lat="22.2744312627" lon="114.1490398809"><ele>410.000</ele></trkpt>
      <trkpt lat="22.2744673271" lon="114.1490318563"><ele>410.000</ele></trkpt>
      <trkpt lat="22.2745077449" lon="114.1490231623"><ele>410.000</ele></trkpt>
      <trkpt lat="22.2745444322" lon="114.1490198153"><ele>411.000</ele></trkpt>
      <trkpt lat="22.2746059942" lon="114.1490204707"><ele>414.000</ele></trkpt>
      <trkpt lat="22.2746607161" lon="114.1490244691"><ele>412.000</ele></trkpt>
      <trkpt lat="22.2746918089" lon="114.1490311434"><ele>414.000</ele></trkpt>
      <trkpt lat="22.2747253898" lon="114.1490444996"><ele>414.000</ele></trkpt>
      <trkpt lat="22.2747583508" lon="114.1490658734"><ele>414.000</ele></trkpt>
      <trkpt lat="22.2747925568" lon="114.1490959320"><ele>412.000</ele></trkpt>
      <trkpt lat="22.2748149477" lon="114.1491246569"><ele>402.000</ele></trkpt>
      <trkpt lat="22.2748281998" lon="114.1491489774"><ele>404.000</ele></trkpt>
      <trkpt lat="22.2748472937" lon="114.1491881219"><ele>404.000</ele></trkpt>
      <trkpt lat="22.2748640871" lon="114.1492148433"><ele>405.000</ele></trkpt>
      <trkpt lat="22.2748815035" lon="114.1492408961"><ele>406.000</ele></trkpt>
      <trkpt lat="22.2749070024" lon="114.1492676167"><ele>410.000</ele></trkpt>
      <trkpt lat="22.2749300143" lon="114.1492889916"><ele>410.000</ele></trkpt>
      <trkpt lat="22.2749492934" lon="114.1493023506"><ele>410.000</ele></trkpt>
      <trkpt lat="22.2749810093" lon="114.1493197155"><ele>408.000</ele></trkpt>
      <trkpt lat="22.2750195655" lon="114.1493350745"><ele>410.000</ele></trkpt>
      <trkpt lat="22.2750574997" lon="114.1493464253"><ele>410.000</ele></trkpt>
      <trkpt lat="22.2750798868" lon="114.1493524338"><ele>410.000</ele></trkpt>
      <trkpt lat="22.2751060040" lon="114.1493557694"><ele>408.000</ele></trkpt>
      <trkpt lat="22.2751476666" lon="114.1493544252"><ele>407.000</ele></trkpt>
      <trkpt lat="22.2751712225" lon="114.1493514359"><ele>407.000</ele></trkpt>
      <trkpt lat="22.2752005205" lon="114.1493450612"><ele>406.000</ele></trkpt>
      <trkpt lat="22.2752222839" lon="114.1493423838"><ele>406.000</ele></trkpt>
      <trkpt lat="22.2752471579" lon="114.1493423790"><ele>406.000</ele></trkpt>
      <trkpt lat="22.2752776279" lon="114.1493463823"><ele>406.000</ele></trkpt>
      <trkpt lat="22.2753186703" lon="114.1493563964"><ele>406.000</ele></trkpt>
      <trkpt lat="22.2753510062" lon="114.1493610669"><ele>406.000</ele></trkpt>
      <trkpt lat="22.2753895605" lon="114.1493650676"><ele>401.000</ele></trkpt>
      <trkpt lat="22.2754747526" lon="114.1493690603"><ele>403.000</ele></trkpt>
      <trkpt lat="22.2754977594" lon="114.1493657150"><ele>403.000</ele></trkpt>
      <trkpt lat="22.2755176571" lon="114.1493576936"><ele>407.000</ele></trkpt>
      <trkpt lat="22.2755332004" lon="114.1493456638"><ele>407.000</ele></trkpt>
      <trkpt lat="22.2755711225" lon="114.1492855253"><ele>407.000</ele></trkpt>
      <trkpt lat="22.2755984740" lon="114.1492347425"><ele>408.000</ele></trkpt>
      <trkpt lat="22.2756220940" lon="114.1491779475"><ele>408.000</ele></trkpt>
      <trkpt lat="22.2756376322" lon="114.1491311753"><ele>408.000</ele></trkpt>
      <trkpt lat="22.2756537946" lon="114.1491004390"><ele>408.000</ele></trkpt>
      <trkpt lat="22.2756724462" lon="114.1490830642"><ele>408.000</ele></trkpt>
      <trkpt lat="22.2756929648" lon="114.1490730379"><ele>406.000</ele></trkpt>
      <trkpt lat="22.2757109968" lon="114.1490656854"><ele>408.000</ele></trkpt>
      <trkpt lat="22.2757302718" lon="114.1490549908"><ele>406.000</ele></trkpt>
      <trkpt lat="22.2757445712" lon="114.1490409575"><ele>406.000</ele></trkpt>
      <trkpt lat="22.2757570030" lon="114.1490102210"><ele>406.000</ele></trkpt>
      <trkpt lat="22.2757644601" lon="114.1489814910"><ele>406.000</ele></trkpt>
      <trkpt lat="22.2757793777" lon="114.1489440725"><ele>408.000</ele></trkpt>
      <trkpt lat="22.2757905674" lon="114.1489273676"><ele>408.000</ele></trkpt>
      <trkpt lat="22.2758061100" lon="114.1489059841"><ele>412.000</ele></trkpt>
      <trkpt lat="22.2758197851" lon="114.1488799240"><ele>410.000</ele></trkpt>
      <trkpt lat="22.2758297309" lon="114.1488558704"><ele>412.000</ele></trkpt>
      <trkpt lat="22.2758326891" lon="114.1488332396"><ele>412.000</ele></trkpt>
      <trkpt lat="22.2758266140" lon="114.1488111064"><ele>414.000</ele></trkpt>
      <trkpt lat="22.2758141740" lon="114.1487937377"><ele>414.000</ele></trkpt>
      <trkpt lat="22.2757980038" lon="114.1487783733"><ele>417.000</ele></trkpt>
      <trkpt lat="22.2757793473" lon="114.1487676873"><ele>417.000</ele></trkpt>
      <trkpt lat="22.2757470092" lon="114.1487503226"><ele>418.000</ele></trkpt>
      <trkpt lat="22.2757184016" lon="114.1487329571"><ele>420.000</ele></trkpt>
      <trkpt lat="22.2756879284" lon="114.1487109152"><ele>420.000</ele></trkpt>
      <trkpt lat="22.2756655387" lon="114.1486895392"><ele>418.000</ele></trkpt>
      <trkpt lat="22.2756412811" lon="114.1486561378"><ele>416.000</ele></trkpt>
      <trkpt lat="22.2756288395" lon="114.1486294154"><ele>414.000</ele></trkpt>
      <trkpt lat="22.2756238621" lon="114.1486107092"><ele>414.000</ele></trkpt>
      <trkpt lat="22.2756257238" lon="114.1485873247"><ele>414.000</ele></trkpt>
      <trkpt lat="22.2756313168" lon="114.1485686153"><ele>420.000</ele></trkpt>
      <trkpt lat="22.2756555250" lon="114.1485217759"><ele>420.000</ele></trkpt>
      <trkpt lat="22.2757432084" lon="114.1483521200"><ele>418.000</ele></trkpt>
      <trkpt lat="22.2757568846" lon="114.1483273970"><ele>419.000</ele></trkpt>
      <trkpt lat="22.2757686963" lon="114.1483100234"><ele>417.000</ele></trkpt>
      <trkpt lat="22.2757836178" lon="114.1482953214"><ele>417.000</ele></trkpt>
      <trkpt lat="22.2758035131" lon="114.1482792822"><ele>421.000</ele></trkpt>
      <trkpt lat="22.2759017541" lon="114.1482298208"><ele>421.000</ele></trkpt>
      <trkpt lat="22.2759185430" lon="114.1482244730"><ele>421.000</ele></trkpt>
      <trkpt lat="22.2759378190" lon="114.1482197923"><ele>421.000</ele></trkpt>
      <trkpt lat="22.2759633135" lon="114.1482204547"><ele>419.000</ele></trkpt>
      <trkpt lat="22.2759863225" lon="114.1482244592"><ele>419.000</ele></trkpt>
      <trkpt lat="22.2760031111" lon="114.1482231197"><ele>417.000</ele></trkpt>
      <trkpt lat="22.2760202294" lon="114.1482171606"><ele>417.000</ele></trkpt>
      <trkpt lat="22.2760379306" lon="114.1482030682"><ele>415.000</ele></trkpt>
      <trkpt lat="22.2760661810" lon="114.1481713619"><ele>419.000</ele></trkpt>
      <trkpt lat="22.2761473529" lon="114.1480894648"><ele>421.000</ele></trkpt>
      <trkpt lat="22.2761697362" lon="114.1480740927"><ele>421.000</ele></trkpt>
      <trkpt lat="22.2761908763" lon="114.1480654032"><ele>418.000</ele></trkpt>
      <trkpt lat="22.2762549206" lon="114.1480393327"><ele>421.000</ele></trkpt>
      <trkpt lat="22.2763662202" lon="114.1479912044"><ele>418.000</ele></trkpt>
      <trkpt lat="22.2763886035" lon="114.1479758332"><ele>418.000</ele></trkpt>
      <trkpt lat="22.2764128512" lon="114.1479577884"><ele>416.000</ele></trkpt>
      <trkpt lat="22.2764308821" lon="114.1479444227"><ele>421.000</ele></trkpt>
      <trkpt lat="22.2764482911" lon="114.1479330608"><ele>419.000</ele></trkpt>
      <trkpt lat="22.2764787595" lon="114.1479223648"><ele>419.000</ele></trkpt>
      <trkpt lat="22.2765160683" lon="114.1479203525"><ele>419.000</ele></trkpt>
      <trkpt lat="22.2766174282" lon="114.1479250085"><ele>421.000</ele></trkpt>
      <trkpt lat="22.2766740163" lon="114.1479316784"><ele>424.000</ele></trkpt>
      <trkpt lat="22.2767287378" lon="114.1479336717"><ele>427.000</ele></trkpt>
      <trkpt lat="22.2767604509" lon="114.1479350013"><ele>426.000</ele></trkpt>
      <trkpt lat="22.2767903005" lon="114.1479436804"><ele>426.000</ele></trkpt>
      <trkpt lat="22.2768114469" lon="114.1479650567"><ele>426.000</ele></trkpt>
      <trkpt lat="22.2768263742" lon="114.1479837610"><ele>426.000</ele></trkpt>
      <trkpt lat="22.2768431654" lon="114.1479964521"><ele>426.000</ele></trkpt>
      <trkpt lat="22.2768612001" lon="114.1480044660"><ele>427.000</ele></trkpt>
      <trkpt lat="22.2768848306" lon="114.1480098065"><ele>427.000</ele></trkpt>
      <trkpt lat="22.2769115698" lon="114.1480118047"><ele>426.000</ele></trkpt>
      <trkpt lat="22.2769333339" lon="114.1480084605"><ele>426.000</ele></trkpt>
      <trkpt lat="22.2769525878" lon="114.1480065800"><ele>426.000</ele></trkpt>
      <trkpt lat="22.2769693991" lon="114.1480057799"><ele>426.000</ele></trkpt>
      <trkpt lat="22.2769892987" lon="114.1480091166"><ele>428.000</ele></trkpt>
      <trkpt lat="22.2770104418" lon="114.1480171299"><ele>428.000</ele></trkpt>
      <trkpt lat="22.2770290998" lon="114.1480311567"><ele>428.000</ele></trkpt>
      <trkpt lat="22.2770471368" lon="114.1480525336"><ele>424.000</ele></trkpt>
      <trkpt lat="22.2770664172" lon="114.1480725733"><ele>424.000</ele></trkpt>
      <trkpt lat="22.2770919147" lon="114.1480899394"><ele>424.000</ele></trkpt>
      <trkpt lat="22.2771304716" lon="114.1481086390"><ele>423.000</ele></trkpt>
      <trkpt lat="22.2771740018" lon="114.1481179848"><ele>422.000</ele></trkpt>
      <trkpt lat="22.2772150422" lon="114.1481166394"><ele>420.000</ele></trkpt>
      <trkpt lat="22.2772492418" lon="114.1481092833"><ele>420.000</ele></trkpt>
      <trkpt lat="22.2772828183" lon="114.1480972505"><ele>420.000</ele></trkpt>
      <trkpt lat="22.2773176365" lon="114.1480698497"><ele>418.000</ele></trkpt>
      <trkpt lat="22.2773574259" lon="114.1480264126"><ele>421.000</ele></trkpt>
      <trkpt lat="22.2773779736" lon="114.1480042337"><ele>421.000</ele></trkpt>
      <trkpt lat="22.2775053934" lon="114.1478666978"><ele>418.000</ele></trkpt>
      <trkpt lat="22.2775259083" lon="114.1478359601"><ele>423.000</ele></trkpt>
      <trkpt lat="22.2775799906" lon="114.1477430778"><ele>421.000</ele></trkpt>
      <trkpt lat="22.2775992601" lon="114.1477023180"><ele>422.000</ele></trkpt>
      <trkpt lat="22.2776098253" lon="114.1476682415"><ele>422.000</ele></trkpt>
      <trkpt lat="22.2776166587" lon="114.1476274833"><ele>425.000</ele></trkpt>
      <trkpt lat="22.2776303303" lon="114.1475833838"><ele>422.000</ele></trkpt>
      <trkpt lat="22.2776483565" lon="114.1475439603"><ele>425.000</ele></trkpt>
      <trkpt lat="22.2776688707" lon="114.1475098807"><ele>423.000</ele></trkpt>
      <trkpt lat="22.2776875216" lon="114.1474844877"><ele>423.000</ele></trkpt>
      <trkpt lat="22.2777055513" lon="114.1474697848"><ele>423.000</ele></trkpt>
      <trkpt lat="22.2777217184" lon="114.1474624323"><ele>421.000</ele></trkpt>
      <trkpt lat="22.2777403721" lon="114.1474570829"><ele>421.000</ele></trkpt>
      <trkpt lat="22.2777571598" lon="114.1474457210"><ele>417.000</ele></trkpt>
      <trkpt lat="22.2777714588" lon="114.1474303512"><ele>417.000</ele></trkpt>
      <trkpt lat="22.2777838906" lon="114.1474062956"><ele>419.000</ele></trkpt>
      <trkpt lat="22.2777925926" lon="114.1473822408"><ele>419.000</ele></trkpt>
      <trkpt lat="22.2777988062" lon="114.1473601912"><ele>416.000</ele></trkpt>
      <trkpt lat="22.2778046378" lon="114.1472718108"><ele>419.000</ele></trkpt>
      <trkpt lat="22.2778174103" lon="114.1470782347"><ele>423.000</ele></trkpt>
      <trkpt lat="22.2778229414" lon="114.1470477649"><ele>423.000</ele></trkpt>
      <trkpt lat="22.2778304577" lon="114.1470187675"><ele>424.000</ele></trkpt>
      <trkpt lat="22.2778397807" lon="114.1469927079"><ele>424.000</ele></trkpt>
      <trkpt lat="22.2778528337" lon="114.1469639762"><ele>423.000</ele></trkpt>
      <trkpt lat="22.2778652657" lon="114.1469419242"><ele>423.000</ele></trkpt>
      <trkpt lat="22.2778783214" lon="114.1469225463"><ele>423.000</ele></trkpt>
      <trkpt lat="22.2778926200" lon="114.1469051708"><ele>420.000</ele></trkpt>
      <trkpt lat="22.2779062982" lon="114.1468924743"><ele>420.000</ele></trkpt>
      <trkpt lat="22.2779286813" lon="114.1468764342"><ele>420.000</ele></trkpt>
      <trkpt lat="22.2779504429" lon="114.1468644025"><ele>418.000</ele></trkpt>
      <trkpt lat="22.2779715840" lon="114.1468563804"><ele>418.000</ele></trkpt>
      <trkpt lat="22.2780032955" lon="114.1468490245"><ele>416.000</ele></trkpt>
      <trkpt lat="22.2780294120" lon="114.1468483504"><ele>415.000</ele></trkpt>
      <trkpt lat="22.2780517984" lon="114.1468503503"><ele>415.000</ele></trkpt>
      <trkpt lat="22.2780698319" lon="114.1468516825"><ele>413.000</ele></trkpt>
      <trkpt lat="22.2780891082" lon="114.1468490062"><ele>413.000</ele></trkpt>
      <trkpt lat="22.2781114917" lon="114.1468349707"><ele>416.000</ele></trkpt>
      <trkpt lat="22.2781450653" lon="114.1468075697"><ele>414.000</ele></trkpt>
      <trkpt lat="22.2781736639" lon="114.1467754928"><ele>414.000</ele></trkpt>
      <trkpt lat="22.2781979095" lon="114.1467420808"><ele>414.000</ele></trkpt>
      <trkpt lat="22.2782408027" lon="114.1466712495"><ele>415.000</ele></trkpt>
      <trkpt lat="22.2782606947" lon="114.1466385059"><ele>414.000</ele></trkpt>
      <trkpt lat="22.2782781008" lon="114.1466117768"><ele>414.000</ele></trkpt>
      <trkpt lat="22.2782955092" lon="114.1465923969"><ele>414.000</ele></trkpt>
      <trkpt lat="22.2783222434" lon="114.1465676705"><ele>414.000</ele></trkpt>
      <trkpt lat="22.2783446261" lon="114.1465543025"><ele>412.000</ele></trkpt>
      <trkpt lat="22.2783632799" lon="114.1465456132"><ele>414.000</ele></trkpt>
      <trkpt lat="22.2783794466" lon="114.1465409328"><ele>414.000</ele></trkpt>
      <trkpt lat="22.2783962346" lon="114.1465362523"><ele>412.000</ele></trkpt>
      <trkpt lat="22.2784124011" lon="114.1465255579"><ele>412.000</ele></trkpt>
      <trkpt lat="22.2784273216" lon="114.1465115240"><ele>412.000</ele></trkpt>
      <trkpt lat="22.2784428635" lon="114.1464881360"><ele>411.000</ele></trkpt>
      <trkpt lat="22.2784602603" lon="114.1464119646"><ele>412.000</ele></trkpt>
      <trkpt lat="22.2784695774" lon="114.1463551701"><ele>414.000</ele></trkpt>
      <trkpt lat="22.2784720594" lon="114.1463284442"><ele>414.000</ele></trkpt>
      <trkpt lat="22.2784695665" lon="114.1462970425"><ele>414.000</ele></trkpt>
      <trkpt lat="22.2784596085" lon="114.1462542838"><ele>412.000</ele></trkpt>
      <trkpt lat="22.2784378345" lon="114.1462008379"><ele>410.000</ele></trkpt>
      <trkpt lat="22.2784222813" lon="114.1461587481"><ele>416.000</ele></trkpt>
      <trkpt lat="22.2784079711" lon="114.1461146543"><ele>416.000</ele></trkpt>
      <trkpt lat="22.2783961448" lon="114.1460585330"><ele>411.000</ele></trkpt>
      <trkpt lat="22.2783930287" lon="114.1460177776"><ele>411.000</ele></trkpt>
      <trkpt lat="22.2783942650" lon="114.1459796935"><ele>410.000</ele></trkpt>
      <trkpt lat="22.2783979892" lon="114.1459462858"><ele>410.000</ele></trkpt>
      <trkpt lat="22.2784042016" lon="114.1459142136"><ele>410.000</ele></trkpt>
      <trkpt lat="22.2784073051" lon="114.1458841468"><ele>410.000</ele></trkpt>
      <trkpt lat="22.2784085432" lon="114.1458554165"><ele>414.000</ele></trkpt>
      <trkpt lat="22.2784072935" lon="114.1458233459"><ele>414.000</ele></trkpt>
      <trkpt lat="22.2783998233" lon="114.1457805868"><ele>413.000</ele></trkpt>
      <trkpt lat="22.2783960860" lon="114.1457498530"><ele>410.000</ele></trkpt>
      <trkpt lat="22.2783967028" lon="114.1457217914"><ele>408.000</ele></trkpt>
      <trkpt lat="22.2784016715" lon="114.1456890519"><ele>408.000</ele></trkpt>
      <trkpt lat="22.2784153390" lon="114.1456255758"><ele>407.000</ele></trkpt>
      <trkpt lat="22.2784203077" lon="114.1455928353"><ele>408.000</ele></trkpt>
      <trkpt lat="22.2784215471" lon="114.1455714552"><ele>407.000</ele></trkpt>
      <trkpt lat="22.2784146977" lon="114.1455220144"><ele>406.000</ele></trkpt>
      <trkpt lat="22.2783717710" lon="114.1454164577"><ele>412.000</ele></trkpt>
      <trkpt lat="22.2783487511" lon="114.1453563306"><ele>412.000</ele></trkpt>
      <trkpt lat="22.2783661392" lon="114.1452333890"><ele>410.000</ele></trkpt>
      <trkpt lat="22.2783798054" lon="114.1451645674"><ele>410.000</ele></trkpt>
      <trkpt lat="22.2783630019" lon="114.1450897406"><ele>408.000</ele></trkpt>
      <trkpt lat="22.2783337611" lon="114.1450135796"><ele>412.000</ele></trkpt>
      <trkpt lat="22.2782958226" lon="114.1449815174"><ele>410.000</ele></trkpt>
      <trkpt lat="22.2782603738" lon="114.1449588084"><ele>412.000</ele></trkpt>
      <trkpt lat="22.2782131058" lon="114.1449140538"><ele>411.000</ele></trkpt>
      <trkpt lat="22.2781900949" lon="114.1448960199"><ele>406.000</ele></trkpt>
      <trkpt lat="22.2781627305" lon="114.1448786537"><ele>406.000</ele></trkpt>
      <trkpt lat="22.2781216866" lon="114.1448619600"><ele>406.000</ele></trkpt>
      <trkpt lat="22.2781038873" lon="114.1448579160"><ele>408.000</ele></trkpt>
      <trkpt lat="22.2780806443" lon="114.1448539517"><ele>408.000</ele></trkpt>
      <trkpt lat="22.2780570146" lon="114.1448532885"><ele>412.000</ele></trkpt>
      <trkpt lat="22.2780358724" lon="114.1448546304"><ele>412.000</ele></trkpt>
      <trkpt lat="22.2780159736" lon="114.1448559711"><ele>414.000</ele></trkpt>
      <trkpt lat="22.2779861265" lon="114.1448606547"><ele>414.000</ele></trkpt>
      <trkpt lat="22.2779587663" lon="114.1448606610"><ele>414.000</ele></trkpt>
      <trkpt lat="22.2779323644" lon="114.1448560337"><ele>416.000</ele></trkpt>
      <trkpt lat="22.2778741922" lon="114.1448359586"><ele>416.000</ele></trkpt>
      <trkpt lat="22.2778263059" lon="114.1448059035"><ele>418.000</ele></trkpt>
      <trkpt lat="22.2777983167" lon="114.1447758439"><ele>416.000</ele></trkpt>
      <trkpt lat="22.2777703266" lon="114.1447364305"><ele>414.000</ele></trkpt>
      <trkpt lat="22.2777429564" lon="114.1446856585"><ele>416.000</ele></trkpt>
      <trkpt lat="22.2777391997" lon="114.1446789050"><ele>416.000</ele></trkpt>
      <trkpt lat="22.2776465398" lon="114.1445123281"><ele>416.000</ele></trkpt>
      <trkpt lat="22.2776197871" lon="114.1444518394"><ele>412.000</ele></trkpt>
      <trkpt lat="22.2776062407" lon="114.1443995973"><ele>411.000</ele></trkpt>
      <trkpt lat="22.2775973827" lon="114.1443596421"><ele>410.000</ele></trkpt>
      <trkpt lat="22.2775924000" lon="114.1443168827"><ele>410.000</ele></trkpt>
      <trkpt lat="22.2775849211" lon="114.1442326995"><ele>406.000</ele></trkpt>
      <trkpt lat="22.2775805639" lon="114.1442106522"><ele>406.000</ele></trkpt>
      <trkpt lat="22.2775724765" lon="114.1441946188"><ele>406.000</ele></trkpt>
      <trkpt lat="22.2775351548" lon="114.1441371678"><ele>408.000</ele></trkpt>
      <trkpt lat="22.2775208463" lon="114.1441037644"><ele>409.000</ele></trkpt>
      <trkpt lat="22.2775115111" lon="114.1440670191"><ele>409.000</ele></trkpt>
      <trkpt lat="22.2775071514" lon="114.1440322773"><ele>409.000</ele></trkpt>
      <trkpt lat="22.2775077357" lon="114.1438451999"><ele>408.000</ele></trkpt>
      <trkpt lat="22.2775126907" lon="114.1437516602"><ele>405.000</ele></trkpt>
      <trkpt lat="22.2775164165" lon="114.1437235970"><ele>406.000</ele></trkpt>
      <trkpt lat="22.2775244931" lon="114.1436908569"><ele>406.000</ele></trkpt>
      <trkpt lat="22.2775406513" lon="114.1436447519"><ele>403.000</ele></trkpt>
      <trkpt lat="22.2775623992" lon="114.1435625665"><ele>404.000</ele></trkpt>
      <trkpt lat="22.2775810354" lon="114.1434730318"><ele>402.000</ele></trkpt>
      <trkpt lat="22.2775898749" lon="114.1434183483"><ele>401.000</ele></trkpt>
      <trkpt lat="22.2776207818" lon="114.1432271492"><ele>396.000</ele></trkpt>
      <trkpt lat="22.2776220171" lon="114.1431870606"><ele>398.000</ele></trkpt>
      <trkpt lat="22.2776114378" lon="114.1431443026"><ele>398.000</ele></trkpt>
      <trkpt lat="22.2775666399" lon="114.1430200402"><ele>400.000</ele></trkpt>
      <trkpt lat="22.2775573052" lon="114.1429866357"><ele>399.000</ele></trkpt>
      <trkpt lat="22.2775517020" lon="114.1429532304"><ele>398.000</ele></trkpt>
      <trkpt lat="22.2775429807" lon="114.1428777328"><ele>396.000</ele></trkpt>
      <trkpt lat="22.2775379998" lon="114.1428496727"><ele>394.000</ele></trkpt>
      <trkpt lat="22.2775299112" lon="114.1428242856"><ele>394.000</ele></trkpt>
      <trkpt lat="22.2775218571" lon="114.1428052326"><ele>397.000</ele></trkpt>
      <trkpt lat="22.2774471666" lon="114.1426285423"><ele>396.000</ele></trkpt>
      <trkpt lat="22.2774334813" lon="114.1426058288"><ele>398.000</ele></trkpt>
      <trkpt lat="22.2774123332" lon="114.1425797773"><ele>398.000</ele></trkpt>
      <trkpt lat="22.2773762605" lon="114.1425503878"><ele>398.000</ele></trkpt>
      <trkpt lat="22.2773078493" lon="114.1425056403"><ele>396.000</ele></trkpt>
      <trkpt lat="22.2772417720" lon="114.1424628635"><ele>396.000</ele></trkpt>
      <trkpt lat="22.2770870696" lon="114.1423627130"><ele>398.000</ele></trkpt>
      <trkpt lat="22.2770634360" lon="114.1423440114"><ele>400.000</ele></trkpt>
      <trkpt lat="22.2770391790" lon="114.1423192969"><ele>397.000</ele></trkpt>
      <trkpt lat="22.2769707657" lon="114.1422605181"><ele>397.000</ele></trkpt>
      <trkpt lat="22.2769268958" lon="114.1422256477"><ele>396.000</ele></trkpt>
      <trkpt lat="22.2767816962" lon="114.1421102346"><ele>398.000</ele></trkpt>
      <trkpt lat="22.2767488150" lon="114.1420849418"><ele>400.000</ele></trkpt>
      <trkpt lat="22.2766019577" lon="114.1419719762"><ele>397.000</ele></trkpt>
      <trkpt lat="22.2765714826" lon="114.1419492670"><ele>398.000</ele></trkpt>
      <trkpt lat="22.2765497156" lon="114.1419345743"><ele>396.000</ele></trkpt>
      <trkpt lat="22.2765242178" lon="114.1419232223"><ele>397.000</ele></trkpt>
      <trkpt lat="22.2764987224" lon="114.1419185518"><ele>397.000</ele></trkpt>
      <trkpt lat="22.2764645213" lon="114.1419172242"><ele>397.000</ele></trkpt>
      <trkpt lat="22.2764641637" lon="114.1419172189"><ele>397.000</ele></trkpt>
      <trkpt lat="22.2762835674" lon="114.1419145959"><ele>399.000</ele></trkpt>
      <trkpt lat="22.2761710157" lon="114.1419139562"><ele>402.000</ele></trkpt>
      <trkpt lat="22.2761237554" lon="114.1419086226"><ele>402.000</ele></trkpt>
      <trkpt lat="22.2760833328" lon="114.1418932660"><ele>402.000</ele></trkpt>
      <trkpt lat="22.2759185331" lon="114.1418244897"><ele>394.000</ele></trkpt>
      <trkpt lat="22.2758743793" lon="114.1418064619"><ele>399.000</ele></trkpt>
      <trkpt lat="22.2758074831" lon="114.1417882039"><ele>400.000</ele></trkpt>
      <trkpt lat="22.2756324297" lon="114.1417404266"><ele>400.000</ele></trkpt>
      <trkpt lat="22.2756032441" lon="114.1417303632"><ele>400.000</ele></trkpt>
      <trkpt lat="22.2755758803" lon="114.1417176757"><ele>400.000</ele></trkpt>
      <trkpt lat="22.2755416733" lon="114.1416889548"><ele>398.000</ele></trkpt>
      <trkpt lat="22.2754451399" lon="114.1415582911"><ele>413.000</ele></trkpt>
      <trkpt lat="22.2754228686" lon="114.1415252931"><ele>414.000</ele></trkpt>
      <trkpt lat="22.2754010968" lon="114.1414932294"><ele>416.000</ele></trkpt>
      <trkpt lat="22.2753892745" lon="114.1414584901"><ele>416.000</ele></trkpt>
      <trkpt lat="22.2753842928" lon="114.1414237481"><ele>413.000</ele></trkpt>
      <trkpt lat="22.2753855054" lon="114.1412821064"><ele>396.000</ele></trkpt>
      <trkpt lat="22.2753823883" lon="114.1412460278"><ele>391.000</ele></trkpt>
      <trkpt lat="22.2753755419" lon="114.1412159640"><ele>391.000</ele></trkpt>
      <trkpt lat="22.2753662077" lon="114.1411865694"><ele>390.000</ele></trkpt>
      <trkpt lat="22.2753469442" lon="114.1411400642"><ele>391.000</ele></trkpt>
      <trkpt lat="22.2752735058" lon="114.1409627718"><ele>396.000</ele></trkpt>
      <trkpt lat="22.2752399072" lon="114.1408765923"><ele>403.000</ele></trkpt>
      <trkpt lat="22.2752100395" lon="114.1407837304"><ele>398.000</ele></trkpt>
      <trkpt lat="22.2752050513" lon="114.1407242693"><ele>396.000</ele></trkpt>
      <trkpt lat="22.2752112557" lon="114.1406607961"><ele>396.000</ele></trkpt>
      <trkpt lat="22.2752286472" lon="114.1405732674"><ele>396.000</ele></trkpt>
      <trkpt lat="22.2752273919" lon="114.1405204858"><ele>396.000</ele></trkpt>
      <trkpt lat="22.2752230287" lon="114.1404737179"><ele>394.000</ele></trkpt>
      <trkpt lat="22.2752161791" lon="114.1404343006"><ele>394.000</ele></trkpt>
      <trkpt lat="22.2752043575" lon="114.1404035697"><ele>394.000</ele></trkpt>
      <trkpt lat="22.2751900499" lon="114.1403781847"><ele>398.000</ele></trkpt>
      <trkpt lat="22.2751502393" lon="114.1403180642"><ele>400.000</ele></trkpt>
      <trkpt lat="22.2751404343" lon="114.1402999958"><ele>400.000</ele></trkpt>
      <trkpt lat="22.2750494606" lon="114.1401323525"><ele>394.000</ele></trkpt>
      <trkpt lat="22.2750108839" lon="114.1400301396"><ele>390.000</ele></trkpt>
      <trkpt lat="22.2749903499" lon="114.1399700141"><ele>387.000</ele></trkpt>
      <trkpt lat="22.2749797566" lon="114.1398731393"><ele>388.000</ele></trkpt>
      <trkpt lat="22.2749797370" lon="114.1397869513"><ele>390.000</ele></trkpt>
      <trkpt lat="22.2749778579" lon="114.1397281571"><ele>393.000</ele></trkpt>
      <trkpt lat="22.2749709951" lon="114.1396279406"><ele>401.000</ele></trkpt>
      <trkpt lat="22.2749672485" lon="114.1395617979"><ele>403.000</ele></trkpt>
      <trkpt lat="22.2749672293" lon="114.1394782821"><ele>399.000</ele></trkpt>
      <trkpt lat="22.2749634809" lon="114.1394007812"><ele>388.000</ele></trkpt>
      <trkpt lat="22.2749553836" lon="114.1393439933"><ele>386.000</ele></trkpt>
      <trkpt lat="22.2749311183" lon="114.1392818643"><ele>392.000</ele></trkpt>
      <trkpt lat="22.2748776167" lon="114.1391783196"><ele>390.000</ele></trkpt>
      <trkpt lat="22.2748772603" lon="114.1391776519"><ele>390.000</ele></trkpt>
      <trkpt lat="22.2747874119" lon="114.1390093098"><ele>393.000</ele></trkpt>
      <trkpt lat="22.2747407538" lon="114.1389224660"><ele>396.000</ele></trkpt>
      <trkpt lat="22.2746791661" lon="114.1388082341"><ele>396.000</ele></trkpt>
      <trkpt lat="22.2746157128" lon="114.1386946714"><ele>397.000</ele></trkpt>
      <trkpt lat="22.2745933184" lon="114.1386592668"><ele>395.000</ele></trkpt>
      <trkpt lat="22.2745690595" lon="114.1386292081"><ele>395.000</ele></trkpt>
      <trkpt lat="22.2745435593" lon="114.1386044940"><ele>398.000</ele></trkpt>
      <trkpt lat="22.2745137071" lon="114.1385871311"><ele>395.000</ele></trkpt>
      <trkpt lat="22.2744838554" lon="114.1385717728"><ele>398.000</ele></trkpt>
      <trkpt lat="22.2744378370" lon="114.1385597596"><ele>400.000</ele></trkpt>
      <trkpt lat="22.2743986613" lon="114.1385564295"><ele>400.000</ele></trkpt>
      <trkpt lat="22.2743594858" lon="114.1385577763"><ele>397.000</ele></trkpt>
      <trkpt lat="22.2743196894" lon="114.1385611278"><ele>397.000</ele></trkpt>
      <trkpt lat="22.2742699451" lon="114.1385691588"><ele>391.000</ele></trkpt>
      <trkpt lat="22.2742081809" lon="114.1385842325"><ele>390.000</ele></trkpt>
      <trkpt lat="22.2741480745" lon="114.1386066061"><ele>392.000</ele></trkpt>
      <trkpt lat="22.2741453774" lon="114.1386078581"><ele>392.000</ele></trkpt>
      <trkpt lat="22.2739795766" lon="114.1386848217"><ele>393.000</ele></trkpt>
      <trkpt lat="22.2739136702" lon="114.1387162409"><ele>397.000</ele></trkpt>
      <trkpt lat="22.2738552223" lon="114.1387363008"><ele>394.000</ele></trkpt>
      <trkpt lat="22.2737227852" lon="114.1387904531"><ele>392.000</ele></trkpt>
      <trkpt lat="22.2736438192" lon="114.1388198720"><ele>391.000</ele></trkpt>
      <trkpt lat="22.2735735578" lon="114.1388459479"><ele>392.000</ele></trkpt>
      <trkpt lat="22.2735300362" lon="114.1388720155"><ele>391.000</ele></trkpt>
      <trkpt lat="22.2734336698" lon="114.1389475390"><ele>392.000</ele></trkpt>
      <trkpt lat="22.2733355699" lon="114.1390306667"><ele>396.000</ele></trkpt>
      <trkpt lat="22.2731937551" lon="114.1391508374"><ele>392.000</ele></trkpt>
      <trkpt lat="22.2730519401" lon="114.1392710078"><ele>392.000</ele></trkpt>
      <trkpt lat="22.2729990950" lon="114.1393157856"><ele>398.000</ele></trkpt>
      <trkpt lat="22.2729841736" lon="114.1393271476"><ele>396.000</ele></trkpt>
      <trkpt lat="22.2729711154" lon="114.1393278196"><ele>396.000</ele></trkpt>
      <trkpt lat="22.2729642716" lon="114.1393144588"><ele>402.000</ele></trkpt>
      <trkpt lat="22.2729711080" lon="114.1392957500"><ele>398.000</ele></trkpt>
      <trkpt lat="22.2730127528" lon="114.1392175696"><ele>385.000</ele></trkpt>
      <trkpt lat="22.2730736609" lon="114.1390852668"><ele>394.000</ele></trkpt>
      <trkpt lat="22.2731041107" lon="114.1389970682"><ele>392.000</ele></trkpt>
      <trkpt lat="22.2731289613" lon="114.1389008527"><ele>393.000</ele></trkpt>
      <trkpt lat="22.2731376585" lon="114.1388647725"><ele>396.000</ele></trkpt>
      <trkpt lat="22.2731525709" lon="114.1388153280"><ele>393.000</ele></trkpt>
      <trkpt lat="22.2731681098" lon="114.1387839227"><ele>392.000</ele></trkpt>
      <trkpt lat="22.2731879992" lon="114.1387465025"><ele>392.000</ele></trkpt>
      <trkpt lat="22.2732327547" lon="114.1386756707"><ele>390.000</ele></trkpt>
      <trkpt lat="22.2733017524" lon="114.1385680850"><ele>388.000</ele></trkpt>
      <trkpt lat="22.2733384253" lon="114.1385046043"><ele>387.000</ele></trkpt>
      <trkpt lat="22.2733601797" lon="114.1384605031"><ele>387.000</ele></trkpt>
      <trkpt lat="22.2733856599" lon="114.1384003660"><ele>384.000</ele></trkpt>
      <trkpt lat="22.2734067886" lon="114.1383422347"><ele>384.000</ele></trkpt>
      <trkpt lat="22.2734216976" lon="114.1382787588"><ele>384.000</ele></trkpt>
      <trkpt lat="22.2734310117" lon="114.1382212992"><ele>384.000</ele></trkpt>
      <trkpt lat="22.2734353521" lon="114.1381691843"><ele>384.000</ele></trkpt>
      <trkpt lat="22.2734340893" lon="114.1380883430"><ele>382.000</ele></trkpt>
      <trkpt lat="22.2734210028" lon="114.1379740991"><ele>380.000</ele></trkpt>
      <trkpt lat="22.2734141342" lon="114.1378538407"><ele>382.000</ele></trkpt>
      <trkpt lat="22.2734010613" lon="114.1377930457"><ele>382.000</ele></trkpt>
      <trkpt lat="22.2733730551" lon="114.1376941723"><ele>378.000</ele></trkpt>
      <trkpt lat="22.2733599828" lon="114.1376360504"><ele>381.000</ele></trkpt>
      <trkpt lat="22.2733531313" lon="114.1375912885"><ele>379.000</ele></trkpt>
      <trkpt lat="22.2733556089" lon="114.1375485286"><ele>379.000</ele></trkpt>
      <trkpt lat="22.2733581692" lon="114.1374930794"><ele>377.000</ele></trkpt>
      <trkpt lat="22.2733536968" lon="114.1373574483"><ele>375.000</ele></trkpt>
      <trkpt lat="22.2733592756" lon="114.1372852910"><ele>375.000</ele></trkpt>
      <trkpt lat="22.2733705726" lon="114.1372245290"><ele>375.000</ele></trkpt>
      <trkpt lat="22.2733810081" lon="114.1371570063"><ele>372.000</ele></trkpt>
      <trkpt lat="22.2733934228" lon="114.1370654715"><ele>373.000</ele></trkpt>
      <trkpt lat="22.2733940293" lon="114.1370053412"><ele>372.000</ele></trkpt>
      <trkpt lat="22.2733915282" lon="114.1369478839"><ele>371.000</ele></trkpt>
      <trkpt lat="22.2733858051" lon="114.1368946958"><ele>370.000</ele></trkpt>
      <trkpt lat="22.2733722182" lon="114.1368129304"><ele>372.000</ele></trkpt>
      <trkpt lat="22.2733547962" lon="114.1367688391"><ele>374.000</ele></trkpt>
      <trkpt lat="22.2733336461" lon="114.1367381125"><ele>373.000</ele></trkpt>
      <trkpt lat="22.2733081418" lon="114.1366980327"><ele>374.000</ele></trkpt>
      <trkpt lat="22.2732938318" lon="114.1366686403"><ele>374.000</ele></trkpt>
      <trkpt lat="22.2732907156" lon="114.1366405797"><ele>372.000</ele></trkpt>
      <trkpt lat="22.2732907055" lon="114.1365998252"><ele>372.000</ele></trkpt>
      <trkpt lat="22.2732931872" lon="114.1365744361"><ele>372.000</ele></trkpt>
      <trkpt lat="22.2732993996" lon="114.1365537228"><ele>372.000</ele></trkpt>
      <trkpt lat="22.2733565892" lon="114.1364748684"><ele>370.000</ele></trkpt>
      <trkpt lat="22.2733808311" lon="114.1364387835"><ele>366.000</ele></trkpt>
      <trkpt lat="22.2733851777" lon="114.1364140625"><ele>366.000</ele></trkpt>
      <trkpt lat="22.2733839129" lon="114.1363285434"><ele>366.000</ele></trkpt>
      <trkpt lat="22.2733820325" lon="114.1362697499"><ele>366.000</ele></trkpt>
      <trkpt lat="22.2733733196" lon="114.1362403559"><ele>366.000</ele></trkpt>
      <trkpt lat="22.2733546609" lon="114.1362236579"><ele>369.000</ele></trkpt>
      <trkpt lat="22.2733322700" lon="114.1362042899"><ele>369.000</ele></trkpt>
      <trkpt lat="22.2733024145" lon="114.1361749010"><ele>372.000</ele></trkpt>
      <trkpt lat="22.2732856195" lon="114.1361501861"><ele>370.000</ele></trkpt>
      <trkpt lat="22.2732706858" lon="114.1361154476"><ele>373.000</ele></trkpt>
      <trkpt lat="22.2732545014" lon="114.1360446327"><ele>373.000</ele></trkpt>
      <trkpt lat="22.2732470258" lon="114.1359905176"><ele>371.000</ele></trkpt>
      <trkpt lat="22.2732513663" lon="114.1359417444"><ele>369.000</ele></trkpt>
      <trkpt lat="22.2732581956" lon="114.1359003193"><ele>369.000</ele></trkpt>
      <trkpt lat="22.2732687568" lon="114.1358602292"><ele>369.000</ele></trkpt>
      <trkpt lat="22.2732693738" lon="114.1358395174"><ele>369.000</ele></trkpt>
      <trkpt lat="22.2732640107" lon="114.1358153154"><ele>368.000</ele></trkpt>
      <trkpt lat="22.2732220763" lon="114.1356878690"><ele>372.000</ele></trkpt>
      <trkpt lat="22.2732158495" lon="114.1356551337"><ele>374.000</ele></trkpt>
      <trkpt lat="22.2732127219" lon="114.1355829789"><ele>374.000</ele></trkpt>
      <trkpt lat="22.2732108401" lon="114.1355195087"><ele>372.000</ele></trkpt>
      <trkpt lat="22.2732089614" lon="114.1354687318"><ele>368.000</ele></trkpt>
      <trkpt lat="22.2732132973" lon="114.1354025876"><ele>365.000</ele></trkpt>
      <trkpt lat="22.2732263299" lon="114.1352983575"><ele>366.000</ele></trkpt>
      <trkpt lat="22.2732300533" lon="114.1352702960"><ele>368.000</ele></trkpt>
      <trkpt lat="22.2732362656" lon="114.1352462419"><ele>363.000</ele></trkpt>
      <trkpt lat="22.2732486973" lon="114.1352288674"><ele>364.000</ele></trkpt>
      <trkpt lat="22.2732692136" lon="114.1352094868"><ele>364.000</ele></trkpt>
      <trkpt lat="22.2732922160" lon="114.1351901045"><ele>362.000</ele></trkpt>
      <trkpt lat="22.2733121112" lon="114.1351753998"><ele>362.000</ele></trkpt>
      <trkpt lat="22.2733232983" lon="114.1351540165"><ele>362.000</ele></trkpt>
      <trkpt lat="22.2733239123" lon="114.1351219476"><ele>362.000</ele></trkpt>
      <trkpt lat="22.2733239025" lon="114.1350838651"><ele>362.000</ele></trkpt>
      <trkpt lat="22.2733313559" lon="114.1350504572"><ele>361.000</ele></trkpt>
      <trkpt lat="22.2733406761" lon="114.1350243976"><ele>361.000</ele></trkpt>
      <trkpt lat="22.2733527464" lon="114.1349509135"><ele>361.000</ele></trkpt>
      <trkpt lat="22.2733841364" lon="114.1347598110"><ele>358.000</ele></trkpt>
      <trkpt lat="22.2733872366" lon="114.1347250683"><ele>357.000</ele></trkpt>
      <trkpt lat="22.2733866051" lon="114.1346889906"><ele>356.000</ele></trkpt>
      <trkpt lat="22.2733890829" lon="114.1346535795"><ele>356.000</ele></trkpt>
      <trkpt lat="22.2734021275" lon="114.1345974546"><ele>358.000</ele></trkpt>
      <trkpt lat="22.2734375376" lon="114.1344658246"><ele>355.000</ele></trkpt>
      <trkpt lat="22.2734480970" lon="114.1344203901"><ele>355.000</ele></trkpt>
      <trkpt lat="22.2734530627" lon="114.1343883189"><ele>355.000</ele></trkpt>
      <trkpt lat="22.2734505692" lon="114.1343635999"><ele>354.000</ele></trkpt>
      <trkpt lat="22.2734462091" lon="114.1343355397"><ele>354.000</ele></trkpt>
      <trkpt lat="22.2734356272" lon="114.1342947883"><ele>353.000</ele></trkpt>
      <trkpt lat="22.2734188097" lon="114.1341892309"><ele>345.000</ele></trkpt>
      <trkpt lat="22.2734100856" lon="114.1341184138"><ele>354.000</ele></trkpt>
      <trkpt lat="22.2734094553" lon="114.1340843398"><ele>354.000</ele></trkpt>
      <trkpt lat="22.2734106899" lon="114.1340502661"><ele>350.000</ele></trkpt>
      <trkpt lat="22.2734156564" lon="114.1340215356"><ele>345.000</ele></trkpt>
      <trkpt lat="22.2734228654" lon="114.1339935641"><ele>345.000</ele></trkpt>
      <trkpt lat="22.2734299429" lon="114.1339600650"><ele>345.000</ele></trkpt>
      <trkpt lat="22.2734318008" lon="114.1339340076"><ele>345.000</ele></trkpt>
      <trkpt lat="22.2734261943" lon="114.1338952583"><ele>345.000</ele></trkpt>
      <trkpt lat="22.2734138203" lon="114.1338602369"><ele>348.000</ele></trkpt>
      <trkpt lat="22.2734037920" lon="114.1338337989"><ele>346.000</ele></trkpt>
      <trkpt lat="22.2733938339" lon="114.1337997277"><ele>346.000</ele></trkpt>
      <trkpt lat="22.2733894735" lon="114.1337710010"><ele>344.000</ele></trkpt>
      <trkpt lat="22.2733869771" lon="114.1337355915"><ele>344.000</ele></trkpt>
      <trkpt lat="22.2733913208" lon="114.1337015159"><ele>344.000</ele></trkpt>
      <trkpt lat="22.2733987731" lon="114.1336647672"><ele>344.000</ele></trkpt>
      <trkpt lat="22.2734087129" lon="114.1336300223"><ele>344.000</ele></trkpt>
      <trkpt lat="22.2734223828" lon="114.1335899310"><ele>341.000</ele></trkpt>
      <trkpt lat="22.2734410269" lon="114.1335505067"><ele>341.000</ele></trkpt>
      <trkpt lat="22.2734553210" lon="114.1335217733"><ele>341.000</ele></trkpt>
      <trkpt lat="22.2734702369" lon="114.1334910361"><ele>338.000</ele></trkpt>
      <trkpt lat="22.2734770697" lon="114.1334616365"><ele>338.000</ele></trkpt>
      <trkpt lat="22.2734789246" lon="114.1334242219"><ele>338.000</ele></trkpt>
      <trkpt lat="22.2734801597" lon="114.1333894797"><ele>338.000</ele></trkpt>
      <trkpt lat="22.2734975438" lon="114.1332885886"><ele>338.000</ele></trkpt>
      <trkpt lat="22.2735155606" lon="114.1332271167"><ele>336.000</ele></trkpt>
      <trkpt lat="22.2735360703" lon="114.1331876918"><ele>335.000</ele></trkpt>
      <trkpt lat="22.2735770943" lon="114.1331255443"><ele>334.000</ele></trkpt>
      <trkpt lat="22.2735963603" lon="114.1330854511"><ele>335.000</ele></trkpt>
      <trkpt lat="22.2736174999" lon="114.1330578498"><ele>338.000</ele></trkpt>
      <trkpt lat="22.2736535458" lon="114.1330012508"><ele>337.000</ele></trkpt>
      <trkpt lat="22.2736808892" lon="114.1329357668"><ele>338.000</ele></trkpt>
      <trkpt lat="22.2736815049" lon="114.1329150550"><ele>337.000</ele></trkpt>
      <trkpt lat="22.2736783922" lon="114.1328990211"><ele>337.000</ele></trkpt>
      <trkpt lat="22.2736703031" lon="114.1328809841"><ele>337.000</ele></trkpt>
      <trkpt lat="22.2736609732" lon="114.1328729696"><ele>337.000</ele></trkpt>
      <trkpt lat="22.2736267710" lon="114.1328683036"><ele>338.000</ele></trkpt>
      <trkpt lat="22.2735801373" lon="114.1328803448"><ele>336.000</ele></trkpt>
      <trkpt lat="22.2735434560" lon="114.1329044085"><ele>336.000</ele></trkpt>
      <trkpt lat="22.2734620128" lon="114.1329665687"><ele>336.000</ele></trkpt>
      <trkpt lat="22.2734546681" lon="114.1329530132"><ele>336.000</ele></trkpt>
      <trkpt lat="22.2734622358" lon="114.1329229584"><ele>336.000</ele></trkpt>
      <trkpt lat="22.2734632400" lon="114.1329064372"><ele>336.000</ele></trkpt>
      <trkpt lat="22.2734574235" lon="114.1329069949"><ele>335.000</ele></trkpt>
      <trkpt lat="22.2734425655" lon="114.1329107565"><ele>335.000</ele></trkpt>
      <trkpt lat="22.2734274164" lon="114.1329165528"><ele>336.000</ele></trkpt>
      <trkpt lat="22.2734132874" lon="114.1329210962"><ele>334.000</ele></trkpt>
      <trkpt lat="22.2733757049" lon="114.1329292466"><ele>334.000</ele></trkpt>
      <trkpt lat="22.2733662362" lon="114.1329320673"><ele>332.000</ele></trkpt>
      <trkpt lat="22.2733264718" lon="114.1329496097"><ele>332.000</ele></trkpt>
      <trkpt lat="22.2733149632" lon="114.1329499267"><ele>330.000</ele></trkpt>
      <trkpt lat="22.2732995190" lon="114.1329397572"><ele>330.000</ele></trkpt>
      <trkpt lat="22.2732727096" lon="114.1329227051"><ele>326.000</ele></trkpt>
      <trkpt lat="22.2732368668" lon="114.1329020552"><ele>325.000</ele></trkpt>
      <trkpt lat="22.2732151691" lon="114.1329297663"><ele>324.000</ele></trkpt>
      <trkpt lat="22.2732059923" lon="114.1329335261"><ele>324.000</ele></trkpt>
      <trkpt lat="22.2731924458" lon="114.1329416690"><ele>324.000</ele></trkpt>
      <trkpt lat="22.2731895353" lon="114.1329520005"><ele>324.000</ele></trkpt>
      <trkpt lat="22.2731873563" lon="114.1329723479"><ele>322.000</ele></trkpt>
      <trkpt lat="22.2731649221" lon="114.1329745467"><ele>322.000</ele></trkpt>
      <trkpt lat="22.2730264370" lon="114.1329605238"><ele>314.000</ele></trkpt>
      <trkpt lat="22.2729918459" lon="114.1329567136"><ele>314.000</ele></trkpt>
      <trkpt lat="22.2729520013" lon="114.1329483545"><ele>312.000</ele></trkpt>
      <trkpt lat="22.2729445056" lon="114.1329473808"><ele>312.000</ele></trkpt>
      <trkpt lat="22.2729179377" lon="114.1329483642"><ele>312.000</ele></trkpt>
      <trkpt lat="22.2728640882" lon="114.1329356674"><ele>310.000</ele></trkpt>
      <trkpt lat="22.2727768240" lon="114.1329217644"><ele>308.000</ele></trkpt>
      <trkpt lat="22.2727602158" lon="114.1329184823"><ele>308.000</ele></trkpt>
      <trkpt lat="22.2726961154" lon="114.1329084852"><ele>304.000</ele></trkpt>
      <trkpt lat="22.2726556166" lon="114.1329052106"><ele>302.000</ele></trkpt>
      <trkpt lat="22.2726508064" lon="114.1328967600"><ele>302.000</ele></trkpt>
      <trkpt lat="22.2726445388" lon="114.1328822059"><ele>300.000</ele></trkpt>
      <trkpt lat="22.2726365206" lon="114.1328626438"><ele>299.000</ele></trkpt>
      <trkpt lat="22.2726304025" lon="114.1328631154"><ele>299.000</ele></trkpt>
      <trkpt lat="22.2726223912" lon="114.1328656222"><ele>299.000</ele></trkpt>
      <trkpt lat="22.2726136501" lon="114.1328643723"><ele>299.000</ele></trkpt>
      <trkpt lat="22.2726063640" lon="114.1328573313"><ele>299.000</ele></trkpt>
      <trkpt lat="22.2726025750" lon="114.1328515419"><ele>299.000</ele></trkpt>
      <trkpt lat="22.2725966006" lon="114.1328457522"><ele>298.000</ele></trkpt>
      <trkpt lat="22.2725721227" lon="114.1328279165"><ele>298.000</ele></trkpt>
      <trkpt lat="22.2725549313" lon="114.1328221304"><ele>295.000</ele></trkpt>
      <trkpt lat="22.2725509969" lon="114.1328196273"><ele>295.000</ele></trkpt>
      <trkpt lat="22.2725429808" lon="114.1328046042"><ele>294.000</ele></trkpt>
      <trkpt lat="22.2725008858" lon="114.1328262166"><ele>292.000</ele></trkpt>
      <trkpt lat="22.2724767103" lon="114.1328511116"><ele>292.000</ele></trkpt>
      <trkpt lat="22.2724711758" lon="114.1328558085"><ele>292.000</ele></trkpt>
      <trkpt lat="22.2724656408" lon="114.1328586279"><ele>290.000</ele></trkpt>
      <trkpt lat="22.2724605426" lon="114.1328606642"><ele>290.000</ele></trkpt>
      <trkpt lat="22.2724551524" lon="114.1328614479"><ele>290.000</ele></trkpt>
      <trkpt lat="22.2724488841" lon="114.1328610220"><ele>290.000</ele></trkpt>
      <trkpt lat="22.2724449472" lon="114.1328726888"><ele>291.000</ele></trkpt>
      <trkpt lat="22.2724421523" lon="114.1328895627"><ele>291.000</ele></trkpt>
      <trkpt lat="22.2724150025" lon="114.1330096909"><ele>288.000</ele></trkpt>
      <trkpt lat="22.2724042091" lon="114.1330364058"><ele>290.000</ele></trkpt>
      <trkpt lat="22.2723920406" lon="114.1330544470"><ele>290.000</ele></trkpt>
      <trkpt lat="22.2723773516" lon="114.1330685399"><ele>295.000</ele></trkpt>
      <trkpt lat="22.2723631109" lon="114.1330710282"><ele>293.000</ele></trkpt>
      <trkpt lat="22.2723552904" lon="114.1330710404"><ele>293.000</ele></trkpt>
      <trkpt lat="22.2723467929" lon="114.1330722849"><ele>293.000</ele></trkpt>
      <trkpt lat="22.2723387564" lon="114.1330752565"><ele>293.000</ele></trkpt>
      <trkpt lat="22.2723290627" lon="114.1330846372"><ele>291.000</ele></trkpt>
      <trkpt lat="22.2723215396" lon="114.1330925618"><ele>291.000</ele></trkpt>
      <trkpt lat="22.2723123596" lon="114.1331078852"><ele>291.000</ele></trkpt>
      <trkpt lat="22.2723066292" lon="114.1331229553"><ele>294.000</ele></trkpt>
      <trkpt lat="22.2723034162" lon="114.1331301169"><ele>294.000</ele></trkpt>
      <trkpt lat="22.2722912549" lon="114.1331412400"><ele>294.000</ele></trkpt>
      <trkpt lat="22.2722747108" lon="114.1331412645"><ele>292.000</ele></trkpt>
      <trkpt lat="22.2722514923" lon="114.1331388267"><ele>292.000</ele></trkpt>
      <trkpt lat="22.2722388477" lon="114.1331324268"><ele>290.000</ele></trkpt>
      <trkpt lat="22.2722303491" lon="114.1331294798"><ele>290.000</ele></trkpt>
      <trkpt lat="22.2722052978" lon="114.1331285270"><ele>290.000</ele></trkpt>
      <trkpt lat="22.2721894503" lon="114.1331332378"><ele>289.000</ele></trkpt>
      <trkpt lat="22.2721745251" lon="114.1331423920"><ele>289.000</ele></trkpt>
      <trkpt lat="22.2721484588" lon="114.1331650239"><ele>290.000</ele></trkpt>
      <trkpt lat="22.2721284390" lon="114.1331825959"><ele>290.000</ele></trkpt>
      <trkpt lat="22.2721083900" lon="114.1331958162"><ele>290.000</ele></trkpt>
      <trkpt lat="22.2720875354" lon="114.1332055050"><ele>288.000</ele></trkpt>
      <trkpt lat="22.2720657088" lon="114.1332138852"><ele>289.000</ele></trkpt>
      <trkpt lat="22.2720452263" lon="114.1332171332"><ele>286.000</ele></trkpt>
      <trkpt lat="22.2720286833" lon="114.1332211068"><ele>286.000</ele></trkpt>
      <trkpt lat="22.2720202826" lon="114.1332299777"><ele>286.000</ele></trkpt>
      <trkpt lat="22.2720128488" lon="114.1332406335"><ele>284.000</ele></trkpt>
      <trkpt lat="22.2720048267" lon="114.1332638448"><ele>285.000</ele></trkpt>
      <trkpt lat="22.2719887583" lon="114.1332865832"><ele>285.000</ele></trkpt>
      <trkpt lat="22.2719729118" lon="114.1332950004"><ele>285.000</ele></trkpt>
      <trkpt lat="22.2719494790" lon="114.1333016928"><ele>282.000</ele></trkpt>
      <trkpt lat="22.2719343283" lon="114.1333115942"><ele>286.000</ele></trkpt>
      <trkpt lat="22.2719142075" lon="114.1333166235"><ele>284.000</ele></trkpt>
      <trkpt lat="22.2718844738" lon="114.1333254942"><ele>284.000</ele></trkpt>
      <trkpt lat="22.2718290753" lon="114.1333391144"><ele>282.000</ele></trkpt>
      <trkpt lat="22.2718015414" lon="114.1333443721"><ele>282.000</ele></trkpt>
      <trkpt lat="22.2717601943" lon="114.1333602294"><ele>283.000</ele></trkpt>
      <trkpt lat="22.2717461800" lon="114.1333646969"><ele>283.000</ele></trkpt>
      <trkpt lat="22.2717131155" lon="114.1333862180"><ele>282.000</ele></trkpt>
      <trkpt lat="22.2717018662" lon="114.1333968459"><ele>282.000</ele></trkpt>
      <trkpt lat="22.2716917284" lon="114.1334071047"><ele>282.000</ele></trkpt>
      <trkpt lat="22.2716763787" lon="114.1334193445"><ele>282.000</ele></trkpt>
      <trkpt lat="22.2716598362" lon="114.1334289659"><ele>282.000</ele></trkpt>
      <trkpt lat="22.2716334993" lon="114.1334393811"><ele>281.000</ele></trkpt>
      <trkpt lat="22.2716088131" lon="114.1334492893"><ele>281.000</ele></trkpt>
      <trkpt lat="22.2715881782" lon="114.1334602102"><ele>280.000</ele></trkpt>
      <trkpt lat="22.2715607128" lon="114.1334786751"><ele>278.000</ele></trkpt>
      <trkpt lat="22.2715468431" lon="114.1334871770"><ele>278.000</ele></trkpt>
      <trkpt lat="22.2715305348" lon="114.1334908981"><ele>278.000</ele></trkpt>
      <trkpt lat="22.2714355189" lon="114.1334910099"><ele>276.000</ele></trkpt>
      <trkpt lat="22.2714123107" lon="114.1334967406"><ele>275.000</ele></trkpt>
      <trkpt lat="22.2713756660" lon="114.1335095380"><ele>275.000</ele></trkpt>
      <trkpt lat="22.2713639623" lon="114.1335165644"><ele>275.000</ele></trkpt>
      <trkpt lat="22.2713393838" lon="114.1335274681"><ele>275.000</ele></trkpt>
      <trkpt lat="22.2713251447" lon="114.1335358749"><ele>272.000</ele></trkpt>
      <trkpt lat="22.2713063701" lon="114.1335429229"><ele>272.000</ele></trkpt>
      <trkpt lat="22.2712870120" lon="114.1335495092"><ele>273.000</ele></trkpt>
      <trkpt lat="22.2712669487" lon="114.1335501169"><ele>273.000</ele></trkpt>
      <trkpt lat="22.2712477290" lon="114.1335474177"><ele>273.000</ele></trkpt>
      <trkpt lat="22.2712326458" lon="114.1335433938"><ele>268.000</ele></trkpt>
      <trkpt lat="22.2712120905" lon="114.1335372778"><ele>268.000</ele></trkpt>
      <trkpt lat="22.2711942908" lon="114.1335296550"><ele>266.000</ele></trkpt>
      <trkpt lat="22.2711719045" lon="114.1335186242"><ele>266.000</ele></trkpt>
      <trkpt lat="22.2711562296" lon="114.1335136594"><ele>266.000</ele></trkpt>
      <trkpt lat="22.2711396846" lon="114.1335102297"><ele>266.000</ele></trkpt>
      <trkpt lat="22.2711153288" lon="114.1335097715"><ele>266.000</ele></trkpt>
      <trkpt lat="22.2710853801" lon="114.1335118920"><ele>267.000</ele></trkpt>
      <trkpt lat="22.2710527937" lon="114.1335144567"><ele>268.000</ele></trkpt>
      <trkpt lat="22.2710153697" lon="114.1335138580"><ele>270.000</ele></trkpt>
      <trkpt lat="22.2709726259" lon="114.1335072636"><ele>270.000</ele></trkpt>
      <trkpt lat="22.2709403306" lon="114.1334977194"><ele>266.000</ele></trkpt>
      <trkpt lat="22.2708974645" lon="114.1334826897"><ele>267.000</ele></trkpt>
      <trkpt lat="22.2708611405" lon="114.1334659454"><ele>267.000</ele></trkpt>
      <trkpt lat="22.2708445591" lon="114.1334548469"><ele>267.000</ele></trkpt>
      <trkpt lat="22.2708291630" lon="114.1334457030"><ele>262.000</ele></trkpt>
      <trkpt lat="22.2707975929" lon="114.1334225953"><ele>262.000</ele></trkpt>
      <trkpt lat="22.2707744489" lon="114.1334078147"><ele>262.000</ele></trkpt>
      <trkpt lat="22.2707509484" lon="114.1334011582"><ele>260.000</ele></trkpt>
      <trkpt lat="22.2707330863" lon="114.1333997355"><ele>259.000</ele></trkpt>
      <trkpt lat="22.2707167686" lon="114.1334019721"><ele>261.000</ele></trkpt>
      <trkpt lat="22.2706973344" lon="114.1334111937"><ele>260.000</ele></trkpt>
      <trkpt lat="22.2706887505" lon="114.1334170780"><ele>260.000</ele></trkpt>
      <trkpt lat="22.2706552294" lon="114.1334534537"><ele>262.000</ele></trkpt>
      <trkpt lat="22.2706333788" lon="114.1334665590"><ele>262.000</ele></trkpt>
      <trkpt lat="22.2706050021" lon="114.1334676961"><ele>261.000</ele></trkpt>
      <trkpt lat="22.2705835563" lon="114.1334651189"><ele>261.000</ele></trkpt>
      <trkpt lat="22.2705667776" lon="114.1334661235"><ele>261.000</ele></trkpt>
      <trkpt lat="22.2705527731" lon="114.1334738025"><ele>261.000</ele></trkpt>
      <trkpt lat="22.2705436821" lon="114.1334844947"><ele>261.000</ele></trkpt>
      <trkpt lat="22.2705313490" lon="114.1334946687"><ele>261.000</ele></trkpt>
      <trkpt lat="22.2705171637" lon="114.1335017181"><ele>262.000</ele></trkpt>
      <trkpt lat="22.2705010878" lon="114.1334965807"><ele>260.000</ele></trkpt>
      <trkpt lat="22.2704755249" lon="114.1334733994"><ele>261.000</ele></trkpt>
      <trkpt lat="22.2704654316" lon="114.1334507276"><ele>261.000</ele></trkpt>
      <trkpt lat="22.2704591274" lon="114.1334342797"><ele>258.000</ele></trkpt>
      <trkpt lat="22.2704499740" lon="114.1333937199"><ele>256.000</ele></trkpt>
      <trkpt lat="22.2704370899" lon="114.1333697973"><ele>256.000</ele></trkpt>
      <trkpt lat="22.2704258156" lon="114.1333547521"><ele>256.000</ele></trkpt>
      <trkpt lat="22.2704087986" lon="114.1333424351"><ele>254.000</ele></trkpt>
      <trkpt lat="22.2703920678" lon="114.1333369709"><ele>254.000</ele></trkpt>
      <trkpt lat="22.2703822838" lon="114.1333396974"><ele>255.000</ele></trkpt>
      <trkpt lat="22.2703685399" lon="114.1333421856"><ele>255.000</ele></trkpt>
      <trkpt lat="22.2703541858" lon="114.1333494698"><ele>255.000</ele></trkpt>
      <trkpt lat="22.2703278734" lon="114.1333706073"><ele>257.000</ele></trkpt>
      <trkpt lat="22.2703158196" lon="114.1333784992"><ele>257.000</ele></trkpt>
      <trkpt lat="22.2702806826" lon="114.1333896214"><ele>256.000</ele></trkpt>
      <trkpt lat="22.2702655047" lon="114.1333927872"><ele>256.000</ele></trkpt>
      <trkpt lat="22.2702475515" lon="114.1333953125"><ele>254.000</ele></trkpt>
      <trkpt lat="22.2702275337" lon="114.1334033941"><ele>256.000</ele></trkpt>
      <trkpt lat="22.2702196066" lon="114.1334104601"><ele>256.000</ele></trkpt>
      <trkpt lat="22.2702140748" lon="114.1334252689"><ele>256.000</ele></trkpt>
      <trkpt lat="22.2702133863" lon="114.1334510672"><ele>258.000</ele></trkpt>
      <trkpt lat="22.2702156696" lon="114.1334624894"><ele>258.000</ele></trkpt>
      <trkpt lat="22.2702177464" lon="114.1334784951"><ele>258.000</ele></trkpt>
      <trkpt lat="22.2702158988" lon="114.1334920113"><ele>258.000</ele></trkpt>
      <trkpt lat="22.2702082057" lon="114.1335093541"><ele>256.000</ele></trkpt>
      <trkpt lat="22.2701966916" lon="114.1335229228"><ele>256.000</ele></trkpt>
      <trkpt lat="22.2701763384" lon="114.1335400531"><ele>256.000</ele></trkpt>
      <trkpt lat="22.2701479685" lon="114.1335600870"><ele>254.000</ele></trkpt>
      <trkpt lat="22.2701215869" lon="114.1335756017"><ele>254.000</ele></trkpt>
      <trkpt lat="22.2701069332" lon="114.1335869262"><ele>250.000</ele></trkpt>
      <trkpt lat="22.2700950791" lon="114.1336057295"><ele>251.000</ele></trkpt>
      <trkpt lat="22.2700901524" lon="114.1336141568"><ele>251.000</ele></trkpt>
      <trkpt lat="22.2700887744" lon="114.1336280125"><ele>251.000</ele></trkpt>
      <trkpt lat="22.2700888591" lon="114.1336745556"><ele>252.000</ele></trkpt>
      <trkpt lat="22.2700840073" lon="114.1336795384"><ele>252.000</ele></trkpt>
      <trkpt lat="22.2700755335" lon="114.1336882403"><ele>252.000</ele></trkpt>
      <trkpt lat="22.2700542524" lon="114.1336936318"><ele>250.000</ele></trkpt>
      <trkpt lat="22.2700374525" lon="114.1336929383"><ele>248.000</ele></trkpt>
      <trkpt lat="22.2700125078" lon="114.1336852713"><ele>245.000</ele></trkpt>
      <trkpt lat="22.2699989438" lon="114.1336852851"><ele>245.000</ele></trkpt>
      <trkpt lat="22.2699662376" lon="114.1336891994"><ele>245.000</ele></trkpt>
      <trkpt lat="22.2699272948" lon="114.1336893336"><ele>243.000</ele></trkpt>
      <trkpt lat="22.2698987615" lon="114.1336995398"><ele>247.000</ele></trkpt>
      <trkpt lat="22.2698859571" lon="114.1337034926"><ele>244.000</ele></trkpt>
      <trkpt lat="22.2698606566" lon="114.1337160749"><ele>244.000</ele></trkpt>
      <trkpt lat="22.2698416757" lon="114.1337321850"><ele>242.000</ele></trkpt>
      <trkpt lat="22.2698173525" lon="114.1337557560"><ele>244.000</ele></trkpt>
      <trkpt lat="22.2697936430" lon="114.1337744057"><ele>243.000</ele></trkpt>
      <trkpt lat="22.2697686049" lon="114.1337892767"><ele>243.000</ele></trkpt>
      <trkpt lat="22.2697466207" lon="114.1337957774"><ele>246.000</ele></trkpt>
      <trkpt lat="22.2697158796" lon="114.1337996940"><ele>246.000</ele></trkpt>
      <trkpt lat="22.2696627537" lon="114.1338118879"><ele>243.000</ele></trkpt>
      <trkpt lat="22.2696203086" lon="114.1338283098"><ele>240.000</ele></trkpt>
      <trkpt lat="22.2695871070" lon="114.1338508715"><ele>243.000</ele></trkpt>
      <trkpt lat="22.2695715196" lon="114.1338623514"><ele>241.000</ele></trkpt>
      <trkpt lat="22.2695357445" lon="114.1338891345"><ele>242.000</ele></trkpt>
      <trkpt lat="22.2695252322" lon="114.1338902312"><ele>240.000</ele></trkpt>
      <trkpt lat="22.2695196663" lon="114.1338785511"><ele>238.000</ele></trkpt>
      <trkpt lat="22.2695317265" lon="114.1338538603"><ele>238.000</ele></trkpt>
      <trkpt lat="22.2695449940" lon="114.1338322235"><ele>238.000</ele></trkpt>
      <trkpt lat="22.2695647546" lon="114.1338039443"><ele>238.000</ele></trkpt>
      <trkpt lat="22.2695790014" lon="114.1337903370"><ele>240.000</ele></trkpt>
      <trkpt lat="22.2695899161" lon="114.1337779668"><ele>239.000</ele></trkpt>
      <trkpt lat="22.2696121502" lon="114.1337461318"><ele>239.000</ele></trkpt>
      <trkpt lat="22.2696146491" lon="114.1337363218"><ele>238.000</ele></trkpt>
      <trkpt lat="22.2696077654" lon="114.1337276110"><ele>238.000</ele></trkpt>
      <trkpt lat="22.2696016700" lon="114.1337288063"><ele>238.000</ele></trkpt>
      <trkpt lat="22.2695695711" lon="114.1337478040"><ele>237.000</ele></trkpt>
      <trkpt lat="22.2695398870" lon="114.1337599548"><ele>237.000</ele></trkpt>
      <trkpt lat="22.2694925464" lon="114.1337729765"><ele>235.000</ele></trkpt>
      <trkpt lat="22.2694752319" lon="114.1337796911"><ele>233.000</ele></trkpt>
      <trkpt lat="22.2694430554" lon="114.1337956470"><ele>235.000</ele></trkpt>
      <trkpt lat="22.2694233944" lon="114.1338147146"><ele>234.000</ele></trkpt>
      <trkpt lat="22.2694103289" lon="114.1338318280"><ele>234.000</ele></trkpt>
      <trkpt lat="22.2693918911" lon="114.1338425549"><ele>235.000</ele></trkpt>
      <trkpt lat="22.2693466158" lon="114.1338419391"><ele>230.000</ele></trkpt>
      <trkpt lat="22.2693296433" lon="114.1338442331"><ele>230.000</ele></trkpt>
      <trkpt lat="22.2692994640" lon="114.1338553585"><ele>229.000</ele></trkpt>
      <trkpt lat="22.2692703720" lon="114.1338696717"><ele>229.000</ele></trkpt>
      <trkpt lat="22.2692282245" lon="114.1338948141"><ele>230.000</ele></trkpt>
      <trkpt lat="22.2691958906" lon="114.1339132102"><ele>231.000</ele></trkpt>
      <trkpt lat="22.2691811011" lon="114.1339236847"><ele>231.000</ele></trkpt>
      <trkpt lat="22.2691260677" lon="114.1339518164"><ele>232.000</ele></trkpt>
      <trkpt lat="22.2690634369" lon="114.1339772191"><ele>227.000</ele></trkpt>
      <trkpt lat="22.2690134846" lon="114.1339936422"><ele>230.000</ele></trkpt>
      <trkpt lat="22.2690003726" lon="114.1339991659"><ele>230.000</ele></trkpt>
      <trkpt lat="22.2689874446" lon="114.1340138031"><ele>228.000</ele></trkpt>
      <trkpt lat="22.2689772317" lon="114.1340405715"><ele>230.000</ele></trkpt>
      <trkpt lat="22.2689705120" lon="114.1340510920"><ele>230.000</ele></trkpt>
      <trkpt lat="22.2689593024" lon="114.1340582016"><ele>230.000</ele></trkpt>
      <trkpt lat="22.2689499955" lon="114.1340517299"><ele>230.000</ele></trkpt>
      <trkpt lat="22.2689280613" lon="114.1340393902"><ele>229.000</ele></trkpt>
      <trkpt lat="22.2689119243" lon="114.1340354161"><ele>229.000</ele></trkpt>
      <trkpt lat="22.2688832933" lon="114.1340416354"><ele>229.000</ele></trkpt>
      <trkpt lat="22.2688528301" lon="114.1340478018"><ele>229.000</ele></trkpt>
      <trkpt lat="22.2687785493" lon="114.1340510854"><ele>229.000</ele></trkpt>
      <trkpt lat="22.2687344979" lon="114.1340546091"><ele>229.000</ele></trkpt>
      <trkpt lat="22.2686847132" lon="114.1340595143"><ele>230.000</ele></trkpt>
      <trkpt lat="22.2686715822" lon="114.1340577913"><ele>230.000</ele></trkpt>
      <trkpt lat="22.2686461990" lon="114.1340654348"><ele>230.000</ele></trkpt>
      <trkpt lat="22.2686307144" lon="114.1340766284"><ele>230.000</ele></trkpt>
      <trkpt lat="22.2685997572" lon="114.1341104751"><ele>230.000</ele></trkpt>
      <trkpt lat="22.2685836339" lon="114.1341310716"><ele>230.000</ele></trkpt>
      <trkpt lat="22.2685583004" lon="114.1341557526"><ele>230.000</ele></trkpt>
      <trkpt lat="22.2685361751" lon="114.1341859882"><ele>230.000</ele></trkpt>
      <trkpt lat="22.2685043730" lon="114.1342210849"><ele>230.000</ele></trkpt>
      <trkpt lat="22.2684794818" lon="114.1342557690"><ele>230.000</ele></trkpt>
      <trkpt lat="22.2684631774" lon="114.1342815155"><ele>231.000</ele></trkpt>
      <trkpt lat="22.2684553176" lon="114.1343004366"><ele>231.000</ele></trkpt>
      <trkpt lat="22.2684495715" lon="114.1343284707"><ele>234.000</ele></trkpt>
      <trkpt lat="22.2684493725" lon="114.1343617977"><ele>234.000</ele></trkpt>
      <trkpt lat="22.2684564451" lon="114.1344026235"><ele>236.000</ele></trkpt>
      <trkpt lat="22.2684632976" lon="114.1344301958"><ele>236.000</ele></trkpt>
      <trkpt lat="22.2684605647" lon="114.1344432852"><ele>236.000</ele></trkpt>
      <trkpt lat="22.2684558786" lon="114.1344532559"><ele>236.000</ele></trkpt>
      <trkpt lat="22.2684467784" lon="114.1344568825"><ele>234.000</ele></trkpt>
      <trkpt lat="22.2684257380" lon="114.1344604787"><ele>234.000</ele></trkpt>
      <trkpt lat="22.2683866444" lon="114.1344711942"><ele>236.000</ele></trkpt>
      <trkpt lat="22.2683571898" lon="114.1344843179"><ele>236.000</ele></trkpt>
      <trkpt lat="22.2683401840" lon="114.1344938343"><ele>236.000</ele></trkpt>
      <trkpt lat="22.2683061846" lon="114.1345082701"><ele>234.000</ele></trkpt>
      <trkpt lat="22.2682356044" lon="114.1345314336"><ele>236.000</ele></trkpt>
      <trkpt lat="22.2681984180" lon="114.1345419069"><ele>235.000</ele></trkpt>
      <trkpt lat="22.2681713777" lon="114.1345531068"><ele>232.000</ele></trkpt>
      <trkpt lat="22.2681333461" lon="114.1345811029"><ele>236.000</ele></trkpt>
      <trkpt lat="22.2681007640" lon="114.1346107701"><ele>234.000</ele></trkpt>
      <trkpt lat="22.2680672157" lon="114.1346510530"><ele>234.000</ele></trkpt>
      <trkpt lat="22.2680293568" lon="114.1347080098"><ele>234.000</ele></trkpt>
      <trkpt lat="22.2679820628" lon="114.1348105785"><ele>235.000</ele></trkpt>
      <trkpt lat="22.2679633569" lon="114.1348323854"><ele>235.000</ele></trkpt>
      <trkpt lat="22.2679370977" lon="114.1348396021"><ele>235.000</ele></trkpt>
      <trkpt lat="22.2679229185" lon="114.1348355313"><ele>235.000</ele></trkpt>
      <trkpt lat="22.2678936553" lon="114.1348204722"><ele>236.000</ele></trkpt>
      <trkpt lat="22.2678539142" lon="114.1347964512"><ele>234.000</ele></trkpt>
      <trkpt lat="22.2678428958" lon="114.1347924086"><ele>234.000</ele></trkpt>
      <trkpt lat="22.2677933263" lon="114.1347915211"><ele>234.000</ele></trkpt>
      <trkpt lat="22.2677497002" lon="114.1347951240"><ele>234.000</ele></trkpt>
      <trkpt lat="22.2677315053" lon="114.1348023771"><ele>234.000</ele></trkpt>
      <trkpt lat="22.2677086449" lon="114.1348224388"><ele>235.000</ele></trkpt>
      <trkpt lat="22.2676985080" lon="114.1348400614"><ele>235.000</ele></trkpt>
      <trkpt lat="22.2676910369" lon="114.1348676999"><ele>236.000</ele></trkpt>
      <trkpt lat="22.2676805723" lon="114.1348960234"><ele>234.000</ele></trkpt>
      <trkpt lat="22.2676734232" lon="114.1349190464"><ele>236.000</ele></trkpt>
      <trkpt lat="22.2676586217" lon="114.1349530091"><ele>236.000</ele></trkpt>
      <trkpt lat="22.2676433036" lon="114.1349799185"><ele>237.000</ele></trkpt>
      <trkpt lat="22.2676341817" lon="114.1349937742"><ele>234.000</ele></trkpt>
      <trkpt lat="22.2676248049" lon="114.1349995131"><ele>234.000</ele></trkpt>
      <trkpt lat="22.2676089566" lon="114.1350013612"><ele>234.000</ele></trkpt>
      <trkpt lat="22.2675701525" lon="114.1350040118"><ele>236.000</ele></trkpt>
      <trkpt lat="22.2675463972" lon="114.1350206100"><ele>236.000</ele></trkpt>
      <trkpt lat="22.2675343805" lon="114.1350326154"><ele>235.000</ele></trkpt>
      <trkpt lat="22.2675221900" lon="114.1350361992"><ele>235.000</ele></trkpt>
      <trkpt lat="22.2675100598" lon="114.1350318814"><ele>235.000</ele></trkpt>
      <trkpt lat="22.2674956239" lon="114.1350198401"><ele>236.000</ele></trkpt>
      <trkpt lat="22.2674833602" lon="114.1350087530"><ele>236.000</ele></trkpt>
      <trkpt lat="22.2674710808" lon="114.1350036095"><ele>232.000</ele></trkpt>
      <trkpt lat="22.2674535235" lon="114.1350006652"><ele>234.000</ele></trkpt>
      <trkpt lat="22.2674324699" lon="114.1349989590"><ele>234.000</ele></trkpt>
      <trkpt lat="22.2674081936" lon="114.1349913595"><ele>235.000</ele></trkpt>
      <trkpt lat="22.2673944740" lon="114.1349833495"><ele>235.000</ele></trkpt>
      <trkpt lat="22.2673830048" lon="114.1349822662"><ele>235.000</ele></trkpt>
      <trkpt lat="22.2673319861" lon="114.1349645551"><ele>236.000</ele></trkpt>
      <trkpt lat="22.2673044723" lon="114.1349466324"><ele>233.000</ele></trkpt>
      <trkpt lat="22.2672928765" lon="114.1349380890"><ele>233.000</ele></trkpt>
      <trkpt lat="22.2672823370" lon="114.1349350456"><ele>233.000</ele></trkpt>
      <trkpt lat="22.2672511269" lon="114.1349342981"><ele>233.000</ele></trkpt>
      <trkpt lat="22.2672216252" lon="114.1349470471"><ele>232.000</ele></trkpt>
      <trkpt lat="22.2671935025" lon="114.1349703692"><ele>234.000</ele></trkpt>
      <trkpt lat="22.2671740656" lon="114.1349939226"><ele>232.000</ele></trkpt>
      <trkpt lat="22.2671561602" lon="114.1350101338"><ele>235.000</ele></trkpt>
      <trkpt lat="22.2671421981" lon="114.1350213684"><ele>235.000</ele></trkpt>
      <trkpt lat="22.2671265286" lon="114.1350300781"><ele>235.000</ele></trkpt>
      <trkpt lat="22.2671067441" lon="114.1350368271"><ele>235.000</ele></trkpt>
      <trkpt lat="22.2670801132" lon="114.1350385911"><ele>233.000</ele></trkpt>
      <trkpt lat="22.2670337934" lon="114.1350322886"><ele>233.000</ele></trkpt>
      <trkpt lat="22.2670168153" lon="114.1350306734"><ele>233.000</ele></trkpt>
      <trkpt lat="22.2669947982" lon="114.1350289820"><ele>232.000</ele></trkpt>
      <trkpt lat="22.2669782111" lon="114.1350377676"><ele>232.000</ele></trkpt>
      <trkpt lat="22.2669694352" lon="114.1350451051"><ele>232.000</ele></trkpt>
      <trkpt lat="22.2669430730" lon="114.1350735311"><ele>233.000</ele></trkpt>
      <trkpt lat="22.2669236535" lon="114.1350946104"><ele>233.000</ele></trkpt>
      <trkpt lat="22.2668925990" lon="114.1351088908"><ele>234.000</ele></trkpt>
      <trkpt lat="22.2668697740" lon="114.1351193576"><ele>234.000</ele></trkpt>
      <trkpt lat="22.2668499924" lon="114.1351300225"><ele>233.000</ele></trkpt>
      <trkpt lat="22.2667746728" lon="114.1351921436"><ele>232.000</ele></trkpt>
      <trkpt lat="22.2667239747" lon="114.1352273004"><ele>233.000</ele></trkpt>
      <trkpt lat="22.2666947188" lon="114.1352372414"><ele>233.000</ele></trkpt>
      <trkpt lat="22.2666635508" lon="114.1352456266"><ele>232.000</ele></trkpt>
      <trkpt lat="22.2666383980" lon="114.1352536792"><ele>234.000</ele></trkpt>
      <trkpt lat="22.2666149386" lon="114.1352624648"><ele>234.000</ele></trkpt>
      <trkpt lat="22.2665996787" lon="114.1352734649"><ele>234.000</ele></trkpt>
      <trkpt lat="22.2665828917" lon="114.1352877760"><ele>233.000</ele></trkpt>
      <trkpt lat="22.2665637178" lon="114.1353020557"><ele>236.000</ele></trkpt>
      <trkpt lat="22.2665461683" lon="114.1353082509"><ele>234.000</ele></trkpt>
      <trkpt lat="22.2665195786" lon="114.1353120621"><ele>234.000</ele></trkpt>
      <trkpt lat="22.2665060415" lon="114.1353114645"><ele>233.000</ele></trkpt>
      <trkpt lat="22.2664786630" lon="114.1353211167"><ele>233.000</ele></trkpt>
      <trkpt lat="22.2664576944" lon="114.1353338950"><ele>231.000</ele></trkpt>
      <trkpt lat="22.2664371649" lon="114.1353474416"><ele>232.000</ele></trkpt>
      <trkpt lat="22.2664090911" lon="114.1353575888"><ele>232.000</ele></trkpt>
      <trkpt lat="22.2663980652" lon="114.1353594743"><ele>232.000</ele></trkpt>
      <trkpt lat="22.2663574886" lon="114.1353522386"><ele>230.000</ele></trkpt>
      <trkpt lat="22.2663292454" lon="114.1353490491"><ele>230.000</ele></trkpt>
      <trkpt lat="22.2663098489" lon="114.1354073375"><ele>232.000</ele></trkpt>
      <trkpt lat="22.2662889846" lon="114.1354683177"><ele>234.000</ele></trkpt>
      <trkpt lat="22.2662548393" lon="114.1354668336"><ele>232.000</ele></trkpt>
      <trkpt lat="22.2662392199" lon="114.1355269595"><ele>232.000</ele></trkpt>
      <trkpt lat="22.2662345996" lon="114.1355654149"><ele>231.000</ele></trkpt>
      <trkpt lat="22.2662307058" lon="114.1355947655"><ele>231.000</ele></trkpt>
      <trkpt lat="22.2662359676" lon="114.1356394692"><ele>231.000</ele></trkpt>
      <trkpt lat="22.2662639269" lon="114.1357588265"><ele>232.000</ele></trkpt>
      <trkpt lat="22.2662993061" lon="114.1359118757"><ele>234.000</ele></trkpt>
      <trkpt lat="22.2663126579" lon="114.1359765096"><ele>232.000</ele></trkpt>
      <trkpt lat="22.2663180826" lon="114.1360088147"><ele>232.000</ele></trkpt>
      <trkpt lat="22.2663191933" lon="114.1360443733"><ele>233.000</ele></trkpt>
      <trkpt lat="22.2663083344" lon="114.1360893331"><ele>234.000</ele></trkpt>
      <trkpt lat="22.2662817903" lon="114.1361457101"><ele>234.000</ele></trkpt>
      <trkpt lat="22.2662534654" lon="114.1362132376"><ele>233.000</ele></trkpt>
      <trkpt lat="22.2662419506" lon="114.1362466498"><ele>234.000</ele></trkpt>
      <trkpt lat="22.2662212072" lon="114.1363190640"><ele>231.000</ele></trkpt>
      <trkpt lat="22.2662105055" lon="114.1363682936"><ele>232.000</ele></trkpt>
      <trkpt lat="22.2662017158" lon="114.1364147051"><ele>232.000</ele></trkpt>
      <trkpt lat="22.2662040682" lon="114.1364324596"><ele>232.000</ele></trkpt>
      <trkpt lat="22.2662130229" lon="114.1364539166"><ele>232.000</ele></trkpt>
      <trkpt lat="22.2662405664" lon="114.1364905659"><ele>232.000</ele></trkpt>
      <trkpt lat="22.2662629664" lon="114.1365065780"><ele>232.000</ele></trkpt>
      <trkpt lat="22.2663060016" lon="114.1365232342"><ele>234.000</ele></trkpt>
      <trkpt lat="22.2663224492" lon="114.1365342416"><ele>234.000</ele></trkpt>
      <trkpt lat="22.2663833733" lon="114.1365951401"><ele>234.000</ele></trkpt>
      <trkpt lat="22.2664615606" lon="114.1366641682"><ele>233.000</ele></trkpt>
      <trkpt lat="22.2664615719" lon="114.1367392116"><ele>228.000</ele></trkpt>
      <trkpt lat="22.2664841277" lon="114.1367643439"><ele>226.000</ele></trkpt>
      <trkpt lat="22.2664903428" lon="114.1367947851"><ele>226.000</ele></trkpt>
      <trkpt lat="22.2664917606" lon="114.1368091179"><ele>225.000</ele></trkpt>
      <trkpt lat="22.2664962122" lon="114.1368437248"><ele>225.000</ele></trkpt>
      <trkpt lat="22.2665043208" lon="114.1368769820"><ele>224.000</ele></trkpt>
      <trkpt lat="22.2665125535" lon="114.1368891552"><ele>228.000</ele></trkpt>
      <trkpt lat="22.2665665275" lon="114.1368913141"><ele>231.000</ele></trkpt>
      <trkpt lat="22.2665874783" lon="114.1368901342"><ele>231.000</ele></trkpt>
      <trkpt lat="22.2666081230" lon="114.1368924763"><ele>233.000</ele></trkpt>
      <trkpt lat="22.2666401048" lon="114.1369100284"><ele>232.000</ele></trkpt>
      <trkpt lat="22.2666506092" lon="114.1369172828"><ele>234.000</ele></trkpt>
      <trkpt lat="22.2666758520" lon="114.1369259301"><ele>234.000</ele></trkpt>
      <trkpt lat="22.2666836109" lon="114.1369321665"><ele>234.000</ele></trkpt>
      <trkpt lat="22.2666967217" lon="114.1369618907"><ele>236.000</ele></trkpt>
      <trkpt lat="22.2667080064" lon="114.1370174169"><ele>236.000</ele></trkpt>
      <trkpt lat="22.2667229410" lon="114.1370492819"><ele>235.000</ele></trkpt>
      <trkpt lat="22.2667803040" lon="114.1371242744"><ele>238.000</ele></trkpt>
      <trkpt lat="22.2668258579" lon="114.1371750048"><ele>239.000</ele></trkpt>
      <trkpt lat="22.2668394727" lon="114.1371977917"><ele>238.000</ele></trkpt>
      <trkpt lat="22.2668505364" lon="114.1372284538"><ele>238.000</ele></trkpt>
      <trkpt lat="22.2668570386" lon="114.1372548142"><ele>238.000</ele></trkpt>
      <trkpt lat="22.2668587853" lon="114.1373148033"><ele>238.000</ele></trkpt>
      <trkpt lat="22.2668659704" lon="114.1373536039"><ele>238.000</ele></trkpt>
      <trkpt lat="22.2668785415" lon="114.1373924291"><ele>238.000</ele></trkpt>
      <trkpt lat="22.2668864303" lon="114.1374129861"><ele>238.000</ele></trkpt>
      <trkpt lat="22.2669139553" lon="114.1374487607"><ele>239.000</ele></trkpt>
      <trkpt lat="22.2669184734" lon="114.1374601500"><ele>239.000</ele></trkpt>
      <trkpt lat="22.2669236679" lon="114.1375051286"><ele>238.000</ele></trkpt>
      <trkpt lat="22.2669408448" lon="114.1375447676"><ele>237.000</ele></trkpt>
      <trkpt lat="22.2669581361" lon="114.1375725600"><ele>237.000</ele></trkpt>
      <trkpt lat="22.2669808471" lon="114.1375977021"><ele>238.000</ele></trkpt>
      <trkpt lat="22.2670093524" lon="114.1376243562"><ele>238.000</ele></trkpt>
      <trkpt lat="22.2670667961" lon="114.1376603360"><ele>239.000</ele></trkpt>
      <trkpt lat="22.2670951544" lon="114.1376689632"><ele>240.000</ele></trkpt>
      <trkpt lat="22.2671431250" lon="114.1376683580"><ele>240.000</ele></trkpt>
      <trkpt lat="22.2671713897" lon="114.1376631496"><ele>240.000</ele></trkpt>
      <trkpt lat="22.2672342705" lon="114.1376644031"><ele>239.000</ele></trkpt>
      <trkpt lat="22.2673019560" lon="114.1376676443"><ele>239.000</ele></trkpt>
      <trkpt lat="22.2673224271" lon="114.1376618948"><ele>238.000</ele></trkpt>
      <trkpt lat="22.2673431587" lon="114.1376507119"><ele>238.000</ele></trkpt>
      <trkpt lat="22.2673598339" lon="114.1376321175"><ele>238.000</ele></trkpt>
      <trkpt lat="22.2673835661" lon="114.1375971979"><ele>239.000</ele></trkpt>
      <trkpt lat="22.2674015147" lon="114.1375756381"><ele>239.000</ele></trkpt>
      <trkpt lat="22.2674098649" lon="114.1375623726"><ele>242.000</ele></trkpt>
      <trkpt lat="22.2674283293" lon="114.1375486968"><ele>241.000</ele></trkpt>
      <trkpt lat="22.2674398254" lon="114.1375492369"><ele>241.000</ele></trkpt>
      <trkpt lat="22.2674626844" lon="114.1375593404"><ele>243.000</ele></trkpt>
      <trkpt lat="22.2674816858" lon="114.1375740303"><ele>243.000</ele></trkpt>
      <trkpt lat="22.2675184805" lon="114.1376086052"><ele>242.000</ele></trkpt>
      <trkpt lat="22.2675313255" lon="114.1376152720"><ele>242.000</ele></trkpt>
      <trkpt lat="22.2675562811" lon="114.1376205247"><ele>242.000</ele></trkpt>
      <trkpt lat="22.2675811944" lon="114.1376183852"><ele>242.000</ele></trkpt>
      <trkpt lat="22.2676051014" lon="114.1376118682"><ele>242.000</ele></trkpt>
      <trkpt lat="22.2676249378" lon="114.1375952134"><ele>242.000</ele></trkpt>
      <trkpt lat="22.2676406823" lon="114.1375897689"><ele>243.000</ele></trkpt>
      <trkpt lat="22.2676580249" lon="114.1375905373"><ele>243.000</ele></trkpt>
      <trkpt lat="22.2676694329" lon="114.1376000134"><ele>243.000</ele></trkpt>
      <trkpt lat="22.2676792589" lon="114.1376400912"><ele>241.000</ele></trkpt>
      <trkpt lat="22.2676848354" lon="114.1376964218"><ele>244.000</ele></trkpt>
      <trkpt lat="22.2676981633" lon="114.1377286204"><ele>242.000</ele></trkpt>
      <trkpt lat="22.2677155407" lon="114.1377497561"><ele>242.000</ele></trkpt>
      <trkpt lat="22.2677343677" lon="114.1377681068"><ele>244.000</ele></trkpt>
      <trkpt lat="22.2677596151" lon="114.1377850897"><ele>240.000</ele></trkpt>
      <trkpt lat="22.2677966650" lon="114.1377955988"><ele>242.000</ele></trkpt>
      <trkpt lat="22.2678424907" lon="114.1378018722"><ele>244.000</ele></trkpt>
      <trkpt lat="22.2678562535" lon="114.1378019849"><ele>244.000</ele></trkpt>
      <trkpt lat="22.2678682090" lon="114.1377975961"><ele>246.000</ele></trkpt>
      <trkpt lat="22.2678897964" lon="114.1377997886"><ele>246.000</ele></trkpt>
      <trkpt lat="22.2679058144" lon="114.1378048527"><ele>246.000</ele></trkpt>
      <trkpt lat="22.2679163016" lon="114.1378158038"><ele>246.000</ele></trkpt>
      <trkpt lat="22.2679235738" lon="114.1378262319"><ele>246.000</ele></trkpt>
      <trkpt lat="22.2679300921" lon="114.1378413940"><ele>246.000</ele></trkpt>
      <trkpt lat="22.2679316521" lon="114.1378541678"><ele>246.000</ele></trkpt>
      <trkpt lat="22.2679320006" lon="114.1378690075"><ele>248.000</ele></trkpt>
      <trkpt lat="22.2679275604" lon="114.1378812144"><ele>248.000</ele></trkpt>
      <trkpt lat="22.2679189834" lon="114.1378900460"><ele>248.000</ele></trkpt>
      <trkpt lat="22.2679024258" lon="114.1379091740"><ele>244.000</ele></trkpt>
      <trkpt lat="22.2678930090" lon="114.1379220032"><ele>247.000</ele></trkpt>
      <trkpt lat="22.2678805787" lon="114.1379387821"><ele>247.000</ele></trkpt>
      <trkpt lat="22.2678667837" lon="114.1379548143"><ele>247.000</ele></trkpt>
      <trkpt lat="22.2678407437" lon="114.1379694401"><ele>247.000</ele></trkpt>
      <trkpt lat="22.2678282006" lon="114.1379750059"><ele>247.000</ele></trkpt>
      <trkpt lat="22.2678106443" lon="114.1379795438"><ele>242.000</ele></trkpt>
      <trkpt lat="22.2677813709" lon="114.1379887478"><ele>242.000</ele></trkpt>
      <trkpt lat="22.2677499122" lon="114.1380057356"><ele>239.000</ele></trkpt>
      <trkpt lat="22.2677262104" lon="114.1380207906"><ele>239.000</ele></trkpt>
      <trkpt lat="22.2676932631" lon="114.1380555682"><ele>239.000</ele></trkpt>
      <trkpt lat="22.2676729436" lon="114.1380796988"><ele>239.000</ele></trkpt>
      <trkpt lat="22.2676541890" lon="114.1381110757"><ele>240.000</ele></trkpt>
      <trkpt lat="22.2676317341" lon="114.1381443669"><ele>238.000</ele></trkpt>
      <trkpt lat="22.2676052675" lon="114.1381917510"><ele>238.000</ele></trkpt>
      <trkpt lat="22.2675831255" lon="114.1382346707"><ele>237.000</ele></trkpt>
      <trkpt lat="22.2675719460" lon="114.1382591743"><ele>237.000</ele></trkpt>
      <trkpt lat="22.2675519853" lon="114.1383077421"><ele>238.000</ele></trkpt>
      <trkpt lat="22.2675396259" lon="114.1383534399"><ele>236.000</ele></trkpt>
      <trkpt lat="22.2675368124" lon="114.1383705071"><ele>236.000</ele></trkpt>
      <trkpt lat="22.2675394872" lon="114.1384159718"><ele>236.000</ele></trkpt>
      <trkpt lat="22.2675463333" lon="114.1384577387"><ele>236.000</ele></trkpt>
      <trkpt lat="22.2675621409" lon="114.1384938243"><ele>236.000</ele></trkpt>
      <trkpt lat="22.2675769179" lon="114.1385247448"><ele>236.000</ele></trkpt>
      <trkpt lat="22.2675906939" lon="114.1385431076"><ele>236.000</ele></trkpt>
      <trkpt lat="22.2676098887" lon="114.1385628565"><ele>236.000</ele></trkpt>
      <trkpt lat="22.2676255405" lon="114.1385853133"><ele>236.000</ele></trkpt>
      <trkpt lat="22.2676598054" lon="114.1386195340"><ele>236.000</ele></trkpt>
      <trkpt lat="22.2676804264" lon="114.1386366240"><ele>236.000</ele></trkpt>
      <trkpt lat="22.2677157333" lon="114.1386818169"><ele>236.000</ele></trkpt>
      <trkpt lat="22.2677408250" lon="114.1387202326"><ele>237.000</ele></trkpt>
      <trkpt lat="22.2677626253" lon="114.1387677015"><ele>236.000</ele></trkpt>
      <trkpt lat="22.2677775249" lon="114.1388063082"><ele>236.000</ele></trkpt>
      <trkpt lat="22.2677842871" lon="114.1388255889"><ele>236.000</ele></trkpt>
      <trkpt lat="22.2677911012" lon="114.1388468354"><ele>234.000</ele></trkpt>
      <trkpt lat="22.2678016507" lon="114.1388619673"><ele>234.000</ele></trkpt>
      <trkpt lat="22.2678137493" lon="114.1388824565"><ele>234.000</ele></trkpt>
      <trkpt lat="22.2678325287" lon="114.1389022249"><ele>236.000</ele></trkpt>
      <trkpt lat="22.2678565906" lon="114.1389205851"><ele>236.000</ele></trkpt>
      <trkpt lat="22.2679001177" lon="114.1389567440"><ele>236.000</ele></trkpt>
      <trkpt lat="22.2679234920" lon="114.1389691374"><ele>236.000</ele></trkpt>
      <trkpt lat="22.2679556058" lon="114.1389729127"><ele>236.000</ele></trkpt>
      <trkpt lat="22.2679675529" lon="114.1389706876"><ele>236.000</ele></trkpt>
      <trkpt lat="22.2679827040" lon="114.1389608550"><ele>236.000</ele></trkpt>
      <trkpt lat="22.2680114297" lon="114.1389188649"><ele>237.000</ele></trkpt>
      <trkpt lat="22.2680438391" lon="114.1388732548"><ele>236.000</ele></trkpt>
      <trkpt lat="22.2680710225" lon="114.1388394636"><ele>236.000</ele></trkpt>
      <trkpt lat="22.2681189651" lon="114.1387847018"><ele>239.000</ele></trkpt>
      <trkpt lat="22.2681524235" lon="114.1387530871"><ele>238.000</ele></trkpt>
      <trkpt lat="22.2681791359" lon="114.1387363830"><ele>239.000</ele></trkpt>
      <trkpt lat="22.2682169364" lon="114.1387097803"><ele>239.000</ele></trkpt>
      <trkpt lat="22.2682598959" lon="114.1386740055"><ele>240.000</ele></trkpt>
      <trkpt lat="22.2682755255" lon="114.1386634450"><ele>242.000</ele></trkpt>
      <trkpt lat="22.2682870025" lon="114.1386595124"><ele>242.000</ele></trkpt>
      <trkpt lat="22.2683039631" lon="114.1386640000"><ele>242.000</ele></trkpt>
      <trkpt lat="22.2683081000" lon="114.1386674627"><ele>242.000</ele></trkpt>
      <trkpt lat="22.2683186006" lon="114.1386976247"><ele>244.000</ele></trkpt>
      <trkpt lat="22.2683199583" lon="114.1387104704"><ele>244.000</ele></trkpt>
      <trkpt lat="22.2683120998" lon="114.1387413360"><ele>241.000</ele></trkpt>
      <trkpt lat="22.2682943317" lon="114.1387978963"><ele>243.000</ele></trkpt>
      <trkpt lat="22.2682747458" lon="114.1388430664"><ele>243.000</ele></trkpt>
      <trkpt lat="22.2682537635" lon="114.1389028100"><ele>242.000</ele></trkpt>
      <trkpt lat="22.2682426836" lon="114.1389444946"><ele>242.000</ele></trkpt>
      <trkpt lat="22.2682324296" lon="114.1390040897"><ele>241.000</ele></trkpt>
      <trkpt lat="22.2682288905" lon="114.1390858434"><ele>238.000</ele></trkpt>
      <trkpt lat="22.2682322773" lon="114.1391258553"><ele>238.000</ele></trkpt>
      <trkpt lat="22.2682466380" lon="114.1391733449"><ele>238.000</ele></trkpt>
      <trkpt lat="22.2682530103" lon="114.1391980553"><ele>238.000</ele></trkpt>
      <trkpt lat="22.2682550661" lon="114.1392697771"><ele>238.000</ele></trkpt>
      <trkpt lat="22.2682574387" lon="114.1392907221"><ele>237.000</ele></trkpt>
      <trkpt lat="22.2682598952" lon="114.1393302589"><ele>236.000</ele></trkpt>
      <trkpt lat="22.2682712440" lon="114.1393969892"><ele>239.000</ele></trkpt>
      <trkpt lat="22.2682795847" lon="114.1394598006"><ele>238.000</ele></trkpt>
      <trkpt lat="22.2682912702" lon="114.1396161037"><ele>240.000</ele></trkpt>
      <trkpt lat="22.2682898739" lon="114.1396312399"><ele>240.000</ele></trkpt>
      <trkpt lat="22.2682790750" lon="114.1396388786"><ele>240.000</ele></trkpt>
      <trkpt lat="22.2682673437" lon="114.1396368733"><ele>240.000</ele></trkpt>
      <trkpt lat="22.2682483585" lon="114.1396247406"><ele>240.000</ele></trkpt>
      <trkpt lat="22.2682121813" lon="114.1395834081"><ele>238.000</ele></trkpt>
      <trkpt lat="22.2681602130" lon="114.1395183379"><ele>238.000</ele></trkpt>
      <trkpt lat="22.2681258639" lon="114.1394942850"><ele>236.000</ele></trkpt>
      <trkpt lat="22.2681026673" lon="114.1394843636"><ele>236.000</ele></trkpt>
      <trkpt lat="22.2680684523" lon="114.1394780002"><ele>236.000</ele></trkpt>
      <trkpt lat="22.2680397986" lon="114.1394800356"><ele>235.000</ele></trkpt>
      <trkpt lat="22.2680099634" lon="114.1394893384"><ele>235.000</ele></trkpt>
      <trkpt lat="22.2679571679" lon="114.1395184403"><ele>238.000</ele></trkpt>
      <trkpt lat="22.2679218233" lon="114.1395243002"><ele>236.000</ele></trkpt>
      <trkpt lat="22.2679013968" lon="114.1395279731"><ele>236.000</ele></trkpt>
      <trkpt lat="22.2678763824" lon="114.1395301434"><ele>236.000</ele></trkpt>
      <trkpt lat="22.2678644376" lon="114.1395422260"><ele>236.000</ele></trkpt>
      <trkpt lat="22.2678604801" lon="114.1395723628"><ele>234.000</ele></trkpt>
      <trkpt lat="22.2678599600" lon="114.1395886629"><ele>234.000</ele></trkpt>
      <trkpt lat="22.2678608867" lon="114.1396838540"><ele>235.000</ele></trkpt>
      <trkpt lat="22.2678610900" lon="114.1397910549"><ele>236.000</ele></trkpt>
      <trkpt lat="22.2678634967" lon="114.1398110412"><ele>238.000</ele></trkpt>
      <trkpt lat="22.2679051786" lon="114.1398745810"><ele>236.000</ele></trkpt>
      <trkpt lat="22.2679307429" lon="114.1399077566"><ele>237.000</ele></trkpt>
      <trkpt lat="22.2679573610" lon="114.1399290658"><ele>238.000</ele></trkpt>
      <trkpt lat="22.2679805100" lon="114.1399442246"><ele>238.000</ele></trkpt>
      <trkpt lat="22.2680080108" lon="114.1399551132"><ele>239.000</ele></trkpt>
      <trkpt lat="22.2680474267" lon="114.1399821145"><ele>240.000</ele></trkpt>
      <trkpt lat="22.2680616265" lon="114.1399979548"><ele>240.000</ele></trkpt>
      <trkpt lat="22.2680716823" lon="114.1400184825"><ele>238.000</ele></trkpt>
      <trkpt lat="22.2680730234" lon="114.1400387408"><ele>238.000</ele></trkpt>
      <trkpt lat="22.2680651976" lon="114.1400552855"><ele>238.000</ele></trkpt>
      <trkpt lat="22.2680542081" lon="114.1400591683"><ele>238.000</ele></trkpt>
      <trkpt lat="22.2680346671" lon="114.1400651026"><ele>238.000</ele></trkpt>
      <trkpt lat="22.2680137721" lon="114.1400734521"><ele>238.000</ele></trkpt>
      <trkpt lat="22.2679988362" lon="114.1400849796"><ele>238.000</ele></trkpt>
      <trkpt lat="22.2679769988" lon="114.1401109519"><ele>238.000</ele></trkpt>
      <trkpt lat="22.2679273588" lon="114.1401575558"><ele>239.000</ele></trkpt>
      <trkpt lat="22.2679094354" lon="114.1401683884"><ele>239.000</ele></trkpt>
      <trkpt lat="22.2678827740" lon="114.1401955136"><ele>240.000</ele></trkpt>
      <trkpt lat="22.2678543240" lon="114.1402201942"><ele>238.000</ele></trkpt>
      <trkpt lat="22.2678441512" lon="114.1402373235"><ele>238.000</ele></trkpt>
      <trkpt lat="22.2678322138" lon="114.1402465614"><ele>239.000</ele></trkpt>
      <trkpt lat="22.2678103918" lon="114.1402890607"><ele>238.000</ele></trkpt>
      <trkpt lat="22.2678029516" lon="114.1403139619"><ele>238.000</ele></trkpt>
      <trkpt lat="22.2677967490" lon="114.1403201245"><ele>238.000</ele></trkpt>
      <trkpt lat="22.2677869092" lon="114.1403643409"><ele>238.000</ele></trkpt>
      <trkpt lat="22.2677824849" lon="114.1403956430"><ele>238.000</ele></trkpt>
      <trkpt lat="22.2677733920" lon="114.1404240918"><ele>238.000</ele></trkpt>
      <trkpt lat="22.2677714783" lon="114.1404680151"><ele>236.000</ele></trkpt>
      <trkpt lat="22.2677837957" lon="114.1405068797"><ele>238.000</ele></trkpt>
      <trkpt lat="22.2678139796" lon="114.1405627772"><ele>236.000</ele></trkpt>
      <trkpt lat="22.2678522006" lon="114.1406179450"><ele>237.000</ele></trkpt>
      <trkpt lat="22.2678952589" lon="114.1406590430"><ele>238.000</ele></trkpt>
      <trkpt lat="22.2679105954" lon="114.1406701774"><ele>240.000</ele></trkpt>
      <trkpt lat="22.2679560055" lon="114.1406883093"><ele>240.000</ele></trkpt>
      <trkpt lat="22.2679720107" lon="114.1407009183"><ele>240.000</ele></trkpt>
      <trkpt lat="22.2679904168" lon="114.1407245720"><ele>240.000</ele></trkpt>
      <trkpt lat="22.2680061161" lon="114.1407674681"><ele>241.000</ele></trkpt>
      <trkpt lat="22.2680198227" lon="114.1407991236"><ele>240.000</ele></trkpt>
      <trkpt lat="22.2680454511" lon="114.1408372185"><ele>241.000</ele></trkpt>
      <trkpt lat="22.2680612577" lon="114.1408508366"><ele>241.000</ele></trkpt>
      <trkpt lat="22.2680891468" lon="114.1408822450"><ele>241.000</ele></trkpt>
      <trkpt lat="22.2681205250" lon="114.1409283051"><ele>239.000</ele></trkpt>
      <trkpt lat="22.2681477186" lon="114.1409797210"><ele>240.000</ele></trkpt>
      <trkpt lat="22.2681598623" lon="114.1410093976"><ele>240.000</ele></trkpt>
      <trkpt lat="22.2681632636" lon="114.1410357971"><ele>240.000</ele></trkpt>
      <trkpt lat="22.2681602448" lon="114.1410895813"><ele>240.000</ele></trkpt>
      <trkpt lat="22.2681605017" lon="114.1411368059"><ele>238.000</ele></trkpt>
      <trkpt lat="22.2681669054" lon="114.1411697867"><ele>238.000</ele></trkpt>
      <trkpt lat="22.2681831482" lon="114.1411958996"><ele>240.000</ele></trkpt>
      <trkpt lat="22.2682158655" lon="114.1412338104"><ele>239.000</ele></trkpt>
      <trkpt lat="22.2682456817" lon="114.1412610764"><ele>240.000</ele></trkpt>
      <trkpt lat="22.2682768333" lon="114.1412833744"><ele>242.000</ele></trkpt>
      <trkpt lat="22.2682961061" lon="114.1412898313"><ele>242.000</ele></trkpt>
      <trkpt lat="22.2683153958" lon="114.1412908355"><ele>242.000</ele></trkpt>
      <trkpt lat="22.2683463681" lon="114.1412778264"><ele>242.000</ele></trkpt>
      <trkpt lat="22.2683697537" lon="114.1412605502"><ele>243.000</ele></trkpt>
      <trkpt lat="22.2684019769" lon="114.1412280194"><ele>243.000</ele></trkpt>
      <trkpt lat="22.2684149874" lon="114.1412116530"><ele>244.000</ele></trkpt>
      <trkpt lat="22.2684273565" lon="114.1412027381"><ele>244.000</ele></trkpt>
      <trkpt lat="22.2684499262" lon="114.1411711704"><ele>244.000</ele></trkpt>
      <trkpt lat="22.2684586400" lon="114.1411675686"><ele>239.000</ele></trkpt>
      <trkpt lat="22.2684878368" lon="114.1411788354"><ele>239.000</ele></trkpt>
      <trkpt lat="22.2685464316" lon="114.1411969350"><ele>240.000</ele></trkpt>
      <trkpt lat="22.2686014831" lon="114.1412328299"><ele>244.000</ele></trkpt>
      <trkpt lat="22.2686203328" lon="114.1412865768"><ele>242.000</ele></trkpt>
      <trkpt lat="22.2686217726" lon="114.1413871812"><ele>242.000</ele></trkpt>
      <trkpt lat="22.2686295487" lon="114.1414318203"><ele>242.000</ele></trkpt>
      <trkpt lat="22.2686344738" lon="114.1414474691"><ele>244.000</ele></trkpt>
      <trkpt lat="22.2686402859" lon="114.1414724321"><ele>243.000</ele></trkpt>
      <trkpt lat="22.2686599561" lon="114.1415123373"><ele>243.000</ele></trkpt>
      <trkpt lat="22.2687050539" lon="114.1415770550"><ele>244.000</ele></trkpt>
      <trkpt lat="22.2687336045" lon="114.1416196242"><ele>244.000</ele></trkpt>
      <trkpt lat="22.2687588790" lon="114.1416507822"><ele>244.000</ele></trkpt>
      <trkpt lat="22.2687717222" lon="114.1416624540"><ele>244.000</ele></trkpt>
      <trkpt lat="22.2687846931" lon="114.1416712897"><ele>244.000</ele></trkpt>
      <trkpt lat="22.2688128349" lon="114.1416738034"><ele>244.000</ele></trkpt>
      <trkpt lat="22.2688299922" lon="114.1416780187"><ele>244.000</ele></trkpt>
      <trkpt lat="22.2688516315" lon="114.1416862701"><ele>244.000</ele></trkpt>
      <trkpt lat="22.2688782022" lon="114.1416979841"><ele>246.000</ele></trkpt>
      <trkpt lat="22.2688891832" lon="114.1417050865"><ele>246.000</ele></trkpt>
      <trkpt lat="22.2689013353" lon="114.1417156834"><ele>246.000</ele></trkpt>
      <trkpt lat="22.2689177568" lon="114.1417831814"><ele>248.000</ele></trkpt>
      <trkpt lat="22.2689150763" lon="114.1417910508"><ele>248.000</ele></trkpt>
      <trkpt lat="22.2689007484" lon="114.1418079561"><ele>248.000</ele></trkpt>
      <trkpt lat="22.2688888664" lon="114.1418191848"><ele>248.000</ele></trkpt>
      <trkpt lat="22.2688672237" lon="114.1418366352"><ele>248.000</ele></trkpt>
      <trkpt lat="22.2688585464" lon="114.1418418864"><ele>248.000</ele></trkpt>
      <trkpt lat="22.2688229723" lon="114.1418725551"><ele>248.000</ele></trkpt>
      <trkpt lat="22.2688035726" lon="114.1418890687"><ele>248.000</ele></trkpt>
      <trkpt lat="22.2687950550" lon="114.1418979922"><ele>249.000</ele></trkpt>
      <trkpt lat="22.2687743777" lon="114.1419115517"><ele>249.000</ele></trkpt>
      <trkpt lat="22.2687161343" lon="114.1419401613"><ele>245.000</ele></trkpt>
      <trkpt lat="22.2686903117" lon="114.1419549717"><ele>248.000</ele></trkpt>
      <trkpt lat="22.2686584579" lon="114.1419846497"><ele>246.000</ele></trkpt>
      <trkpt lat="22.2686090937" lon="114.1420310213"><ele>247.000</ele></trkpt>
      <trkpt lat="22.2685765498" lon="114.1420685186"><ele>248.000</ele></trkpt>
      <trkpt lat="22.2685647960" lon="114.1420875481"><ele>249.000</ele></trkpt>
      <trkpt lat="22.2685490306" lon="114.1421228854"><ele>249.000</ele></trkpt>
      <trkpt lat="22.2685352854" lon="114.1421710110"><ele>246.000</ele></trkpt>
      <trkpt lat="22.2685293880" lon="114.1422030141"><ele>248.000</ele></trkpt>
      <trkpt lat="22.2685292258" lon="114.1422214992"><ele>248.000</ele></trkpt>
      <trkpt lat="22.2685321414" lon="114.1422409063"><ele>248.000</ele></trkpt>
      <trkpt lat="22.2685386813" lon="114.1422617204"><ele>248.000</ele></trkpt>
      <trkpt lat="22.2685457098" lon="114.1422782934"><ele>250.000</ele></trkpt>
      <trkpt lat="22.2685627929" lon="114.1423074450"><ele>250.000</ele></trkpt>
      <trkpt lat="22.2685850146" lon="114.1423370321"><ele>247.000</ele></trkpt>
      <trkpt lat="22.2686032466" lon="114.1423754591"><ele>250.000</ele></trkpt>
      <trkpt lat="22.2686183845" lon="114.1424088852"><ele>250.000</ele></trkpt>
      <trkpt lat="22.2686224288" lon="114.1424234136"><ele>250.000</ele></trkpt>
      <trkpt lat="22.2686197585" lon="114.1424364137"><ele>248.000</ele></trkpt>
      <trkpt lat="22.2686173224" lon="114.1424464097"><ele>248.000</ele></trkpt>
      <trkpt lat="22.2686082588" lon="114.1424617903"><ele>248.000</ele></trkpt>
      <trkpt lat="22.2685990696" lon="114.1424717793"><ele>248.000</ele></trkpt>
      <trkpt lat="22.2685644554" lon="114.1425248282"><ele>248.000</ele></trkpt>
      <trkpt lat="22.2685547770" lon="114.1425446439"><ele>248.000</ele></trkpt>
      <trkpt lat="22.2685501487" lon="114.1425616506"><ele>248.000</ele></trkpt>
      <trkpt lat="22.2685409473" lon="114.1426040351"><ele>248.000</ele></trkpt>
      <trkpt lat="22.2685404376" lon="114.1426279808"><ele>244.000</ele></trkpt>
      <trkpt lat="22.2685393622" lon="114.1426674798"><ele>244.000</ele></trkpt>
      <trkpt lat="22.2685424630" lon="114.1426830030"><ele>247.000</ele></trkpt>
      <trkpt lat="22.2685444643" lon="114.1427051183"><ele>247.000</ele></trkpt>
      <trkpt lat="22.2685493666" lon="114.1427456210"><ele>248.000</ele></trkpt>
      <trkpt lat="22.2685555985" lon="114.1427751896"><ele>250.000</ele></trkpt>
      <trkpt lat="22.2685546627" lon="114.1428087536"><ele>250.000</ele></trkpt>
      <trkpt lat="22.2685463112" lon="114.1428432740"><ele>250.000</ele></trkpt>
      <trkpt lat="22.2685347647" lon="114.1428782765"><ele>249.000</ele></trkpt>
      <trkpt lat="22.2685286904" lon="114.1428941317"><ele>249.000</ele></trkpt>
      <trkpt lat="22.2685232257" lon="114.1429146596"><ele>250.000</ele></trkpt>
      <trkpt lat="22.2685200063" lon="114.1429453453"><ele>250.000</ele></trkpt>
      <trkpt lat="22.2685214997" lon="114.1429609058"><ele>250.000</ele></trkpt>
      <trkpt lat="22.2685236710" lon="114.1429886931"><ele>250.000</ele></trkpt>
      <trkpt lat="22.2685357964" lon="114.1430189725"><ele>250.000</ele></trkpt>
      <trkpt lat="22.2685456073" lon="114.1430363851"><ele>251.000</ele></trkpt>
      <trkpt lat="22.2685525442" lon="114.1430427385"><ele>251.000</ele></trkpt>
      <trkpt lat="22.2685721193" lon="114.1430439525"><ele>251.000</ele></trkpt>
      <trkpt lat="22.2685980889" lon="114.1430406154"><ele>254.000</ele></trkpt>
      <trkpt lat="22.2686105744" lon="114.1430390280"><ele>254.000</ele></trkpt>
      <trkpt lat="22.2686213123" lon="114.1430411318"><ele>254.000</ele></trkpt>
      <trkpt lat="22.2686348990" lon="114.1430505108"><ele>254.000</ele></trkpt>
      <trkpt lat="22.2686449590" lon="114.1430629072"><ele>254.000</ele></trkpt>
      <trkpt lat="22.2686486812" lon="114.1430705324"><ele>254.000</ele></trkpt>
      <trkpt lat="22.2686491975" lon="114.1430779256"><ele>254.000</ele></trkpt>
      <trkpt lat="22.2686469686" lon="114.1430860956"><ele>254.000</ele></trkpt>
      <trkpt lat="22.2686342871" lon="114.1430998926"><ele>254.000</ele></trkpt>
      <trkpt lat="22.2686269249" lon="114.1431067472"><ele>254.000</ele></trkpt>
      <trkpt lat="22.2686200715" lon="114.1431110082"><ele>254.000</ele></trkpt>
      <trkpt lat="22.2686074728" lon="114.1431236361"><ele>254.000</ele></trkpt>
      <trkpt lat="22.2685991250" lon="114.1431329020"><ele>254.000</ele></trkpt>
      <trkpt lat="22.2685918017" lon="114.1431359309"><ele>254.000</ele></trkpt>
      <trkpt lat="22.2685621594" lon="114.1431613585"><ele>254.000</ele></trkpt>
      <trkpt lat="22.2685437603" lon="114.1431871908"><ele>254.000</ele></trkpt>
      <trkpt lat="22.2685242605" lon="114.1432182045"><ele>254.000</ele></trkpt>
      <trkpt lat="22.2685181212" lon="114.1432256672"><ele>254.000</ele></trkpt>
      <trkpt lat="22.2685145107" lon="114.1432340897"><ele>254.000</ele></trkpt>
      <trkpt lat="22.2685024671" lon="114.1432502278"><ele>254.000</ele></trkpt>
      <trkpt lat="22.2684988564" lon="114.1432579130"><ele>255.000</ele></trkpt>
      <trkpt lat="22.2684876761" lon="114.1432996847"><ele>253.000</ele></trkpt>
      <trkpt lat="22.2684875890" lon="114.1433150243"><ele>253.000</ele></trkpt>
      <trkpt lat="22.2684905302" lon="114.1433454990"><ele>253.000</ele></trkpt>
      <trkpt lat="22.2684968997" lon="114.1433724635"><ele>256.000</ele></trkpt>
      <trkpt lat="22.2685054176" lon="114.1434085217"><ele>254.000</ele></trkpt>
      <trkpt lat="22.2685123388" lon="114.1434312926"><ele>254.000</ele></trkpt>
      <trkpt lat="22.2685195847" lon="114.1434475425"><ele>254.000</ele></trkpt>
      <trkpt lat="22.2685344449" lon="114.1434708346"><ele>254.000</ele></trkpt>
      <trkpt lat="22.2685480933" lon="114.1434855209"><ele>256.000</ele></trkpt>
      <trkpt lat="22.2685610514" lon="114.1434900654"><ele>256.000</ele></trkpt>
      <trkpt lat="22.2685752227" lon="114.1434923547"><ele>256.000</ele></trkpt>
      <trkpt lat="22.2685982091" lon="114.1434909094"><ele>256.000</ele></trkpt>
      <trkpt lat="22.2686144327" lon="114.1434866792"><ele>256.000</ele></trkpt>
      <trkpt lat="22.2686287723" lon="114.1434814752"><ele>256.000</ele></trkpt>
      <trkpt lat="22.2686649093" lon="114.1434637015"><ele>259.000</ele></trkpt>
      <trkpt lat="22.2686869247" lon="114.1434574964"><ele>260.000</ele></trkpt>
      <trkpt lat="22.2686985651" lon="114.1434568048"><ele>260.000</ele></trkpt>
      <trkpt lat="22.2687090498" lon="114.1434575882"><ele>260.000</ele></trkpt>
      <trkpt lat="22.2687184519" lon="114.1434632910"><ele>260.000</ele></trkpt>
      <trkpt lat="22.2687294720" lon="114.1434765322"><ele>261.000</ele></trkpt>
      <trkpt lat="22.2687334837" lon="114.1434865054"><ele>261.000</ele></trkpt>
      <trkpt lat="22.2687351841" lon="114.1434995645"><ele>260.000</ele></trkpt>
      <trkpt lat="22.2687387808" lon="114.1435115365"><ele>260.000</ele></trkpt>
      <trkpt lat="22.2687456100" lon="114.1435217613"><ele>260.000</ele></trkpt>
      <trkpt lat="22.2687550215" lon="114.1435292591"><ele>260.000</ele></trkpt>
      <trkpt lat="22.2687683336" lon="114.1435334668"><ele>262.000</ele></trkpt>
      <trkpt lat="22.2687821147" lon="114.1435353168"><ele>262.000</ele></trkpt>
      <trkpt lat="22.2688535763" lon="114.1435455554"><ele>261.000</ele></trkpt>
      <trkpt lat="22.2688678551" lon="114.1435518489"><ele>262.000</ele></trkpt>
      <trkpt lat="22.2688756947" lon="114.1435567177"><ele>262.000</ele></trkpt>
      <trkpt lat="22.2688833178" lon="114.1435630710"><ele>262.000</ele></trkpt>
      <trkpt lat="22.2689029911" lon="114.1435851104"><ele>264.000</ele></trkpt>
      <trkpt lat="22.2689120610" lon="114.1436005740"><ele>265.000</ele></trkpt>
      <trkpt lat="22.2689199620" lon="114.1436494212"><ele>265.000</ele></trkpt>
      <trkpt lat="22.2689178081" lon="114.1436619797"><ele>265.000</ele></trkpt>
      <trkpt lat="22.2689129593" lon="114.1437187520"><ele>264.000</ele></trkpt>
      <trkpt lat="22.2689059783" lon="114.1437480270"><ele>265.000</ele></trkpt>
      <trkpt lat="22.2688946846" lon="114.1438148865"><ele>260.000</ele></trkpt>
      <trkpt lat="22.2688931735" lon="114.1438355444"><ele>262.000</ele></trkpt>
      <trkpt lat="22.2688944926" lon="114.1438790063"><ele>262.000</ele></trkpt>
      <trkpt lat="22.2688966067" lon="114.1438966003"><ele>262.000</ele></trkpt>
      <trkpt lat="22.2688995337" lon="114.1439244943"><ele>262.000</ele></trkpt>
      <trkpt lat="22.2689019085" lon="114.1439631426"><ele>262.000</ele></trkpt>
      <trkpt lat="22.2689035734" lon="114.1439883415"><ele>263.000</ele></trkpt>
      <trkpt lat="22.2689046577" lon="114.1440181220"><ele>263.000</ele></trkpt>
      <trkpt lat="22.2689060650" lon="114.1440510490"><ele>263.000</ele></trkpt>
      <trkpt lat="22.2689076273" lon="114.1441361617"><ele>266.000</ele></trkpt>
      <trkpt lat="22.2689031155" lon="114.1442077748"><ele>266.000</ele></trkpt>
      <trkpt lat="22.2688985916" lon="114.1442458212"><ele>265.000</ele></trkpt>
      <trkpt lat="22.2688913150" lon="114.1442922658"><ele>266.000</ele></trkpt>
      <trkpt lat="22.2688884386" lon="114.1443141261"><ele>266.000</ele></trkpt>
      <trkpt lat="22.2688874533" lon="114.1443411196"><ele>266.000</ele></trkpt>
      <trkpt lat="22.2688888374" lon="114.1443664641"><ele>264.000</ele></trkpt>
      <trkpt lat="22.2688950615" lon="114.1443855378"><ele>264.000</ele></trkpt>
      <trkpt lat="22.2688995438" lon="114.1444012936"><ele>264.000</ele></trkpt>
      <trkpt lat="22.2689039613" lon="114.1444088993"><ele>268.000</ele></trkpt>
      <trkpt lat="22.2689081265" lon="114.1444192392"><ele>268.000</ele></trkpt>
      <trkpt lat="22.2689142508" lon="114.1444310370"><ele>268.000</ele></trkpt>
      <trkpt lat="22.2689296687" lon="114.1444670607"><ele>266.000</ele></trkpt>
      <trkpt lat="22.2689453794" lon="114.1445080850"><ele>266.000</ele></trkpt>
      <trkpt lat="22.2689518470" lon="114.1445256771"><ele>268.000</ele></trkpt>
      <trkpt lat="22.2689556357" lon="114.1445454586"><ele>268.000</ele></trkpt>
      <trkpt lat="22.2689615328" lon="114.1445730239"><ele>266.000</ele></trkpt>
      <trkpt lat="22.2689636488" lon="114.1446053269"><ele>266.000</ele></trkpt>
      <trkpt lat="22.2689632155" lon="114.1446566677"><ele>266.000</ele></trkpt>
      <trkpt lat="22.2689623193" lon="114.1446820370"><ele>266.000</ele></trkpt>
      <trkpt lat="22.2689657986" lon="114.1447084590"><ele>265.000</ele></trkpt>
      <trkpt lat="22.2689684708" lon="114.1447449688"><ele>265.000</ele></trkpt>
      <trkpt lat="22.2689738559" lon="114.1447732358"><ele>264.000</ele></trkpt>
      <trkpt lat="22.2689782737" lon="114.1448007714"><ele>264.000</ele></trkpt>
      <trkpt lat="22.2689971722" lon="114.1448695422"><ele>266.000</ele></trkpt>
      <trkpt lat="22.2690124287" lon="114.1449116670"><ele>265.000</ele></trkpt>
      <trkpt lat="22.2690146265" lon="114.1449289272"><ele>265.000</ele></trkpt>
      <trkpt lat="22.2690305662" lon="114.1449781462"><ele>263.000</ele></trkpt>
      <trkpt lat="22.2690457526" lon="114.1450081216"><ele>266.000</ele></trkpt>
      <trkpt lat="22.2690531444" lon="114.1450274240"><ele>266.000</ele></trkpt>
      <trkpt lat="22.2690553394" lon="114.1450349662"><ele>266.000</ele></trkpt>
      <trkpt lat="22.2690546831" lon="114.1450452801"><ele>266.000</ele></trkpt>
      <trkpt lat="22.2690442946" lon="114.1450842467"><ele>266.000</ele></trkpt>
      <trkpt lat="22.2690378356" lon="114.1451150545"><ele>266.000</ele></trkpt>
      <trkpt lat="22.2690357828" lon="114.1451466657"><ele>266.000</ele></trkpt>
      <trkpt lat="22.2690334116" lon="114.1451666048"><ele>266.000</ele></trkpt>
      <trkpt lat="22.2690411797" lon="114.1452031533"><ele>268.000</ele></trkpt>
      <trkpt lat="22.2690484544" lon="114.1452336486"><ele>268.000</ele></trkpt>
      <trkpt lat="22.2690575358" lon="114.1452625755"><ele>266.000</ele></trkpt>
      <trkpt lat="22.2690854582" lon="114.1453212509"><ele>268.000</ele></trkpt>
      <trkpt lat="22.2691232956" lon="114.1454090791"><ele>266.000</ele></trkpt>
      <trkpt lat="22.2691399649" lon="114.1454443333"><ele>268.000</ele></trkpt>
      <trkpt lat="22.2691521102" lon="114.1454769358"><ele>268.000</ele></trkpt>
      <trkpt lat="22.2691578965" lon="114.1455073664"><ele>268.000</ele></trkpt>
      <trkpt lat="22.2691607927" lon="114.1455402815"><ele>268.000</ele></trkpt>
      <trkpt lat="22.2691610870" lon="114.1455679180"><ele>268.000</ele></trkpt>
      <trkpt lat="22.2691590672" lon="114.1455840663"><ele>270.000</ele></trkpt>
      <trkpt lat="22.2691544446" lon="114.1455940037"><ele>270.000</ele></trkpt>
      <trkpt lat="22.2691180362" lon="114.1456387277"><ele>269.000</ele></trkpt>
      <trkpt lat="22.2691024316" lon="114.1456548790"><ele>269.000</ele></trkpt>
      <trkpt lat="22.2690902949" lon="114.1456666809"><ele>269.000</ele></trkpt>
      <trkpt lat="22.2690784475" lon="114.1456759998"><ele>270.000</ele></trkpt>
      <trkpt lat="22.2690706448" lon="114.1456840750"><ele>270.000</ele></trkpt>
      <trkpt lat="22.2690651554" lon="114.1456952554"><ele>270.000</ele></trkpt>
      <trkpt lat="22.2690518653" lon="114.1457204111"><ele>270.000</ele></trkpt>
      <trkpt lat="22.2690226827" lon="114.1457673068"><ele>269.000</ele></trkpt>
      <trkpt lat="22.2690114148" lon="114.1457890458"><ele>270.000</ele></trkpt>
      <trkpt lat="22.2690010144" lon="114.1458092321"><ele>270.000</ele></trkpt>
      <trkpt lat="22.2689842587" lon="114.1458502259"><ele>268.000</ele></trkpt>
      <trkpt lat="22.2689634561" lon="114.1458902882"><ele>270.000</ele></trkpt>
      <trkpt lat="22.2689530555" lon="114.1459095431"><ele>270.000</ele></trkpt>
      <trkpt lat="22.2689284951" lon="114.1459440166"><ele>270.000</ele></trkpt>
      <trkpt lat="22.2689131792" lon="114.1459589249"><ele>270.000</ele></trkpt>
      <trkpt lat="22.2688982306" lon="114.1459720032"><ele>269.000</ele></trkpt>
      <trkpt lat="22.2688834147" lon="114.1459853260"><ele>269.000</ele></trkpt>
      <trkpt lat="22.2688478692" lon="114.1460092446"><ele>268.000</ele></trkpt>
      <trkpt lat="22.2688374671" lon="114.1460201156"><ele>268.000</ele></trkpt>
      <trkpt lat="22.2688354461" lon="114.1460347105"><ele>268.000</ele></trkpt>
      <trkpt lat="22.2688418077" lon="114.1460514779"><ele>268.000</ele></trkpt>
      <trkpt lat="22.2688479835" lon="114.1460688654"><ele>268.000</ele></trkpt>
      <trkpt lat="22.2688608912" lon="114.1460940152"><ele>270.000</ele></trkpt>
      <trkpt lat="22.2688684097" lon="114.1461107824"><ele>270.000</ele></trkpt>
      <trkpt lat="22.2688692791" lon="114.1461238243"><ele>270.000</ele></trkpt>
      <trkpt lat="22.2688658129" lon="114.1461368671"><ele>270.000</ele></trkpt>
      <trkpt lat="22.2688545435" lon="114.1461508431"><ele>268.000</ele></trkpt>
      <trkpt lat="22.2688476094" lon="114.1461632657"><ele>269.000</ele></trkpt>
      <trkpt lat="22.2688447226" lon="114.1461794132"><ele>269.000</ele></trkpt>
      <trkpt lat="22.2688484823" lon="114.1461949392"><ele>269.000</ele></trkpt>
      <trkpt lat="22.2688557111" lon="114.1462082902"><ele>269.000</ele></trkpt>
      <trkpt lat="22.2688727700" lon="114.1462464813"><ele>272.000</ele></trkpt>
      <trkpt lat="22.2688823149" lon="114.1462821892"><ele>274.000</ele></trkpt>
      <trkpt lat="22.2688857896" lon="114.1463141726"><ele>276.000</ele></trkpt>
      <trkpt lat="22.2688837708" lon="114.1463408782"><ele>276.000</ele></trkpt>
      <trkpt lat="22.2688774190" lon="114.1463765905"><ele>276.000</ele></trkpt>
      <trkpt lat="22.2688699089" lon="114.1463992600"><ele>276.000</ele></trkpt>
      <trkpt lat="22.2688595084" lon="114.1464241045"><ele>278.000</ele></trkpt>
      <trkpt lat="22.2688467952" lon="114.1464442913"><ele>274.000</ele></trkpt>
      <trkpt lat="22.2688235360" lon="114.1464737307"><ele>275.000</ele></trkpt>
      <trkpt lat="22.2688135642" lon="114.1464778351"><ele>275.000</ele></trkpt>
      <trkpt lat="22.2687999795" lon="114.1464781485"><ele>272.000</ele></trkpt>
      <trkpt lat="22.2687877018" lon="114.1464704493"><ele>272.000</ele></trkpt>
      <trkpt lat="22.2687644116" lon="114.1463831360"><ele>273.000</ele></trkpt>
      <trkpt lat="22.2687513947" lon="114.1463244495"><ele>272.000</ele></trkpt>
      <trkpt lat="22.2687467683" lon="114.1463101666"><ele>272.000</ele></trkpt>
      <trkpt lat="22.2687383837" lon="114.1462977473"><ele>272.000</ele></trkpt>
      <trkpt lat="22.2687261537" lon="114.1462876646"><ele>272.000</ele></trkpt>
      <trkpt lat="22.2685828644" lon="114.1461695339"><ele>277.000</ele></trkpt>
      <trkpt lat="22.2685490441" lon="114.1461425258"><ele>276.000</ele></trkpt>
      <trkpt lat="22.2685415281" lon="114.1461341425"><ele>276.000</ele></trkpt>
      <trkpt lat="22.2685366127" lon="114.1461248283"><ele>278.000</ele></trkpt>
      <trkpt lat="22.2685342979" lon="114.1461139601"><ele>278.000</ele></trkpt>
      <trkpt lat="22.2685342960" lon="114.1461037133"><ele>277.000</ele></trkpt>
      <trkpt lat="22.2685516190" lon="114.1460055838"><ele>269.000</ele></trkpt>
      <trkpt lat="22.2685527715" lon="114.1459875728"><ele>269.000</ele></trkpt>
      <trkpt lat="22.2685501679" lon="114.1459732894"><ele>269.000</ele></trkpt>
      <trkpt lat="22.2685458294" lon="114.1459577636"><ele>268.000</ele></trkpt>
      <trkpt lat="22.2685359995" lon="114.1459388236"><ele>272.000</ele></trkpt>
      <trkpt lat="22.2685241464" lon="114.1459226794"><ele>272.000</ele></trkpt>
      <trkpt lat="22.2684969720" lon="114.1458928746"><ele>270.000</ele></trkpt>
      <trkpt lat="22.2684891667" lon="114.1458826295"><ele>274.000</ele></trkpt>
      <trkpt lat="22.2684894537" lon="114.1458720712"><ele>274.000</ele></trkpt>
      <trkpt lat="22.2684949425" lon="114.1458577861"><ele>274.000</ele></trkpt>
      <trkpt lat="22.2684975403" lon="114.1458419482"><ele>270.000</ele></trkpt>
      <trkpt lat="22.2684963813" lon="114.1458261121"><ele>270.000</ele></trkpt>
      <trkpt lat="22.2684920429" lon="114.1458112082"><ele>274.000</ele></trkpt>
      <trkpt lat="22.2684816345" lon="114.1457894731"><ele>274.000</ele></trkpt>
      <trkpt lat="22.2684698709" lon="114.1457688269"><ele>273.000</ele></trkpt>
      <trkpt lat="22.2684645756" lon="114.1457562508"><ele>273.000</ele></trkpt>
      <trkpt lat="22.2684637058" lon="114.1457413461"><ele>273.000</ele></trkpt>
      <trkpt lat="22.2684671680" lon="114.1457124660"><ele>273.000</ele></trkpt>
      <trkpt lat="22.2684743861" lon="114.1456742697"><ele>273.000</ele></trkpt>
      <trkpt lat="22.2684899808" lon="114.1456065723"><ele>272.000</ele></trkpt>
      <trkpt lat="22.2684960476" lon="114.1455925974"><ele>268.000</ele></trkpt>
      <trkpt lat="22.2685032707" lon="114.1455804852"><ele>268.000</ele></trkpt>
      <trkpt lat="22.2685070257" lon="114.1455668214"><ele>268.000</ele></trkpt>
      <trkpt lat="22.2685026882" lon="114.1455568851"><ele>268.000</ele></trkpt>
      <trkpt lat="22.2684824501" lon="114.1455218007"><ele>271.000</ele></trkpt>
      <trkpt lat="22.2684772456" lon="114.1455118646"><ele>271.000</ele></trkpt>
      <trkpt lat="22.2684752208" lon="114.1455019288"><ele>271.000</ele></trkpt>
      <trkpt lat="22.2684772417" lon="114.1454913701"><ele>271.000</ele></trkpt>
      <trkpt lat="22.2684867736" lon="114.1454637315"><ele>271.000</ele></trkpt>
      <trkpt lat="22.2684968861" lon="114.1454450976"><ele>268.000</ele></trkpt>
      <trkpt lat="22.2685087320" lon="114.1454236691"><ele>268.000</ele></trkpt>
      <trkpt lat="22.2685266454" lon="114.1453916809"><ele>268.000</ele></trkpt>
      <trkpt lat="22.2685468939" lon="114.1453498773"><ele>266.000</ele></trkpt>
      <trkpt lat="22.2685552455" lon="114.1453221167"><ele>266.000</ele></trkpt>
      <trkpt lat="22.2685535087" lon="114.1453072121"><ele>266.000</ele></trkpt>
      <trkpt lat="22.2685483369" lon="114.1452936124"><ele>266.000</ele></trkpt>
      <trkpt lat="22.2685428105" lon="114.1452857886"><ele>266.000</ele></trkpt>
      <trkpt lat="22.2685341379" lon="114.1452789591"><ele>268.000</ele></trkpt>
      <trkpt lat="22.2685195576" lon="114.1452727916"><ele>268.000</ele></trkpt>
      <trkpt lat="22.2685055228" lon="114.1452668549"><ele>268.000</ele></trkpt>
      <trkpt lat="22.2684904915" lon="114.1452584734"><ele>270.000</ele></trkpt>
      <trkpt lat="22.2684751713" lon="114.1452460557"><ele>270.000</ele></trkpt>
      <trkpt lat="22.2684633179" lon="114.1452286697"><ele>269.000</ele></trkpt>
      <trkpt lat="22.2684584011" lon="114.1452119020"><ele>269.000</ele></trkpt>
      <trkpt lat="22.2684581086" lon="114.1451942019"><ele>269.000</ele></trkpt>
      <trkpt lat="22.2684644898" lon="114.1451667328"><ele>267.000</ele></trkpt>
      <trkpt lat="22.2684697216" lon="114.1451365182"><ele>265.000</ele></trkpt>
      <trkpt lat="22.2684683152" lon="114.1451024726"><ele>265.000</ele></trkpt>
      <trkpt lat="22.2684656290" lon="114.1450815159"><ele>264.000</ele></trkpt>
      <trkpt lat="22.2684592852" lon="114.1450642111"><ele>264.000</ele></trkpt>
      <trkpt lat="22.2684500532" lon="114.1450455903"><ele>266.000</ele></trkpt>
      <trkpt lat="22.2684395200" lon="114.1450281875"><ele>264.000</ele></trkpt>
      <trkpt lat="22.2684281478" lon="114.1450147036"><ele>264.000</ele></trkpt>
      <trkpt lat="22.2684028574" lon="114.1449959739"><ele>264.000</ele></trkpt>
      <trkpt lat="22.2683732824" lon="114.1449749448"><ele>264.000</ele></trkpt>
      <trkpt lat="22.2683519182" lon="114.1449591744"><ele>266.000</ele></trkpt>
      <trkpt lat="22.2683358420" lon="114.1449507854"><ele>266.000</ele></trkpt>
      <trkpt lat="22.2683120267" lon="114.1449432908"><ele>263.000</ele></trkpt>
      <trkpt lat="22.2682960318" lon="114.1449396250"><ele>263.000</ele></trkpt>
      <trkpt lat="22.2682622576" lon="114.1449367627"><ele>262.000</ele></trkpt>
      <trkpt lat="22.2682303614" lon="114.1449372259"><ele>262.000</ele></trkpt>
      <trkpt lat="22.2682152859" lon="114.1449384858"><ele>262.000</ele></trkpt>
      <trkpt lat="22.2681750374" lon="114.1449443426"><ele>262.000</ele></trkpt>
      <trkpt lat="22.2681286887" lon="114.1449545484"><ele>265.000</ele></trkpt>
      <trkpt lat="22.2680889995" lon="114.1449572964"><ele>264.000</ele></trkpt>
      <trkpt lat="22.2680451065" lon="114.1449550088"><ele>264.000</ele></trkpt>
      <trkpt lat="22.2680256760" lon="114.1449543486"><ele>264.000</ele></trkpt>
      <trkpt lat="22.2680056825" lon="114.1449560025"><ele>264.000</ele></trkpt>
      <trkpt lat="22.2679777069" lon="114.1449628975"><ele>266.000</ele></trkpt>
      <trkpt lat="22.2679639068" lon="114.1449749326"><ele>266.000</ele></trkpt>
      <trkpt lat="22.2679586373" lon="114.1449789108"><ele>266.000</ele></trkpt>
      <trkpt lat="22.2679317731" lon="114.1449892500"><ele>266.000</ele></trkpt>
      <trkpt lat="22.2679161689" lon="114.1449926785"><ele>266.000</ele></trkpt>
      <trkpt lat="22.2679005723" lon="114.1449894026"><ele>264.000</ele></trkpt>
      <trkpt lat="22.2678770998" lon="114.1449664821"><ele>264.000</ele></trkpt>
      <trkpt lat="22.2678642072" lon="114.1449501636"><ele>264.000</ele></trkpt>
      <trkpt lat="22.2678577655" lon="114.1449359811"><ele>264.000</ele></trkpt>
      <trkpt lat="22.2678550605" lon="114.1449110271"><ele>264.000</ele></trkpt>
      <trkpt lat="22.2678574866" lon="114.1448999746"><ele>264.000</ele></trkpt>
      <trkpt lat="22.2678854624" lon="114.1448431907"><ele>262.000</ele></trkpt>
      <trkpt lat="22.2679817956" lon="114.1447222767"><ele>260.000</ele></trkpt>
      <trkpt lat="22.2679882680" lon="114.1447094292"><ele>260.000</ele></trkpt>
      <trkpt lat="22.2679901313" lon="114.1446878399"><ele>260.000</ele></trkpt>
      <trkpt lat="22.2679890108" lon="114.1446756064"><ele>260.000</ele></trkpt>
      <trkpt lat="22.2679700133" lon="114.1446221805"><ele>258.000</ele></trkpt>
      <trkpt lat="22.2679632467" lon="114.1445858455"><ele>258.000</ele></trkpt>
      <trkpt lat="22.2679566651" lon="114.1445495115"><ele>256.000</ele></trkpt>
      <trkpt lat="22.2679447760" lon="114.1445252776"><ele>258.000</ele></trkpt>
      <trkpt lat="22.2679274958" lon="114.1445026070"><ele>256.000</ele></trkpt>
      <trkpt lat="22.2679159335" lon="114.1444871731"><ele>256.000</ele></trkpt>
      <trkpt lat="22.2678949247" lon="114.1444692440"><ele>258.000</ele></trkpt>
      <trkpt lat="22.2678741142" lon="114.1444545778"><ele>256.000</ele></trkpt>
      <trkpt lat="22.2678500182" lon="114.1444387781"><ele>257.000</ele></trkpt>
      <trkpt lat="22.2678153369" lon="114.1444207639"><ele>258.000</ele></trkpt>
      <trkpt lat="22.2677783233" lon="114.1444042705"><ele>254.000</ele></trkpt>
      <trkpt lat="22.2677523052" lon="114.1443913840"><ele>256.000</ele></trkpt>
      <trkpt lat="22.2677290261" lon="114.1443738348"><ele>256.000</ele></trkpt>
      <trkpt lat="22.2677016711" lon="114.1443454315"><ele>254.000</ele></trkpt>
      <trkpt lat="22.2676993854" lon="114.1443407361"><ele>254.000</ele></trkpt>
      <trkpt lat="22.2676822061" lon="114.1443256334"><ele>256.000</ele></trkpt>
      <trkpt lat="22.2676670863" lon="114.1443132469"><ele>254.000</ele></trkpt>
      <trkpt lat="22.2676265246" lon="114.1442879719"><ele>256.000</ele></trkpt>
      <trkpt lat="22.2675978587" lon="114.1442749579"><ele>256.000</ele></trkpt>
      <trkpt lat="22.2675907029" lon="114.1442709534"><ele>259.000</ele></trkpt>
      <trkpt lat="22.2675725500" lon="114.1442643852"><ele>257.000</ele></trkpt>
      <trkpt lat="22.2675591223" lon="114.1442552225"><ele>257.000</ele></trkpt>
      <trkpt lat="22.2675481469" lon="114.1442393907"><ele>257.000</ele></trkpt>
      <trkpt lat="22.2675327243" lon="114.1441988296"><ele>258.000</ele></trkpt>
      <trkpt lat="22.2675220991" lon="114.1441775732"><ele>258.000</ele></trkpt>
      <trkpt lat="22.2675198218" lon="114.1441696663"><ele>255.000</ele></trkpt>
      <trkpt lat="22.2675058562" lon="114.1441488773"><ele>255.000</ele></trkpt>
      <trkpt lat="22.2674868900" lon="114.1441169191"><ele>255.000</ele></trkpt>
      <trkpt lat="22.2674754229" lon="114.1441038556"><ele>255.000</ele></trkpt>
      <trkpt lat="22.2674600777" lon="114.1440932059"><ele>255.000</ele></trkpt>
      <trkpt lat="22.2674336814" lon="114.1440811297"><ele>256.000</ele></trkpt>
      <trkpt lat="22.2674068828" lon="114.1440716014"><ele>255.000</ele></trkpt>
      <trkpt lat="22.2673786880" lon="114.1440661455"><ele>255.000</ele></trkpt>
      <trkpt lat="22.2673572716" lon="114.1440649630"><ele>255.000</ele></trkpt>
      <trkpt lat="22.2673385200" lon="114.1440675229"><ele>255.000</ele></trkpt>
      <trkpt lat="22.2672992917" lon="114.1440762797"><ele>260.000</ele></trkpt>
      <trkpt lat="22.2672764344" lon="114.1440864425"><ele>260.000</ele></trkpt>
      <trkpt lat="22.2672530025" lon="114.1440951102"><ele>260.000</ele></trkpt>
      <trkpt lat="22.2672417309" lon="114.1440972085"><ele>260.000</ele></trkpt>
      <trkpt lat="22.2672207162" lon="114.1440953661"><ele>261.000</ele></trkpt>
      <trkpt lat="22.2672097656" lon="114.1440907416"><ele>261.000</ele></trkpt>
      <trkpt lat="22.2672022145" lon="114.1440833113"><ele>261.000</ele></trkpt>
      <trkpt lat="22.2671953487" lon="114.1440709521"><ele>259.000</ele></trkpt>
      <trkpt lat="22.2671886543" lon="114.1440484558"><ele>259.000</ele></trkpt>
      <trkpt lat="22.2671846552" lon="114.1440202791"><ele>260.000</ele></trkpt>
      <trkpt lat="22.2671824261" lon="114.1439829644"><ele>260.000</ele></trkpt>
      <trkpt lat="22.2671648670" lon="114.1439253937"><ele>256.000</ele></trkpt>
      <trkpt lat="22.2671502244" lon="114.1439016176"><ele>256.000</ele></trkpt>
      <trkpt lat="22.2671191551" lon="114.1438692142"><ele>254.000</ele></trkpt>
      <trkpt lat="22.2671029895" lon="114.1438520312"><ele>254.000</ele></trkpt>
      <trkpt lat="22.2670817410" lon="114.1438372488"><ele>256.000</ele></trkpt>
      <trkpt lat="22.2670683088" lon="114.1438284247"><ele>254.000</ele></trkpt>
      <trkpt lat="22.2670514931" lon="114.1438164346"><ele>254.000</ele></trkpt>
      <trkpt lat="22.2670151994" lon="114.1438012842"><ele>256.000</ele></trkpt>
      <trkpt lat="22.2669806595" lon="114.1437991646"><ele>256.000</ele></trkpt>
      <trkpt lat="22.2669625018" lon="114.1438004563"><ele>256.000</ele></trkpt>
      <trkpt lat="22.2669475957" lon="114.1438042370"><ele>254.000</ele></trkpt>
      <trkpt lat="22.2669310503" lon="114.1438115147"><ele>254.000</ele></trkpt>
      <trkpt lat="22.2669039607" lon="114.1438233191"><ele>252.000</ele></trkpt>
      <trkpt lat="22.2668924222" lon="114.1438360513"><ele>257.000</ele></trkpt>
      <trkpt lat="22.2668835773" lon="114.1438480949"><ele>257.000</ele></trkpt>
      <trkpt lat="22.2668598308" lon="114.1438683250"><ele>257.000</ele></trkpt>
      <trkpt lat="22.2668338194" lon="114.1438708149"><ele>257.000</ele></trkpt>
      <trkpt lat="22.2668127180" lon="114.1438602627"><ele>257.000</ele></trkpt>
      <trkpt lat="22.2667982640" lon="114.1438444290"><ele>257.000</ele></trkpt>
      <trkpt lat="22.2667881434" lon="114.1438226952"><ele>254.000</ele></trkpt>
      <trkpt lat="22.2667843800" lon="114.1437944381"><ele>254.000</ele></trkpt>
      <trkpt lat="22.2668054516" lon="114.1436587353"><ele>254.000</ele></trkpt>
      <trkpt lat="22.2668155505" lon="114.1435745826"><ele>250.000</ele></trkpt>
      <trkpt lat="22.2668151422" lon="114.1435546343"><ele>250.000</ele></trkpt>
      <trkpt lat="22.2668111710" lon="114.1433606345"><ele>246.000</ele></trkpt>
      <trkpt lat="22.2668004515" lon="114.1432379811"><ele>242.000</ele></trkpt>
      <trkpt lat="22.2667807907" lon="114.1431759490"><ele>239.000</ele></trkpt>
      <trkpt lat="22.2667546738" lon="114.1431312266"><ele>239.000</ele></trkpt>
      <trkpt lat="22.2667384383" lon="114.1431039388"><ele>238.000</ele></trkpt>
      <trkpt lat="22.2667214933" lon="114.1430569409"><ele>240.000</ele></trkpt>
      <trkpt lat="22.2667144292" lon="114.1430160045"><ele>240.000</ele></trkpt>
      <trkpt lat="22.2667108857" lon="114.1429432263"><ele>236.000</ele></trkpt>
      <trkpt lat="22.2666783898" lon="114.1427658377"><ele>235.000</ele></trkpt>
      <trkpt lat="22.2666656759" lon="114.1427074658"><ele>232.000</ele></trkpt>
      <trkpt lat="22.2666480286" lon="114.1426748722"><ele>232.000</ele></trkpt>
      <trkpt lat="22.2666212129" lon="114.1426657808"><ele>226.000</ele></trkpt>
      <trkpt lat="22.2665739378" lon="114.1426718572"><ele>234.000</ele></trkpt>
      <trkpt lat="22.2665146670" lon="114.1426809695"><ele>234.000</ele></trkpt>
    </trkseg>
  </trk>
</gpx>
