<?xml version="1.0" encoding="UTF-8"?>
<gpx xmlns:xsi="http://www.w3.org/2001/XMLSchema-instance"
     xsi:schemaLocation="http://www.topografix.com/GPX/1/1 http://www.topografix.com/GPX/1/1/gpx.xsd"
     version="1.1" creator="json3d_batch_to_gpx"
     xmlns="http://www.topografix.com/GPX/1/1">
  <metadata>
    <name>HongKongTrail(Section6)MountParkerRoadtoTaiTamRoad</name>
  </metadata>
  <trk>
    <name>HongKongTrail(Section6)MountParkerRoadtoTaiTamRoad</name>
    <type>hike</type>
    <trkseg>
      <trkpt lat="22.2669213613" lon="114.2133036632"><ele>326.000</ele></trkpt>
      <trkpt lat="22.2669184803" lon="114.2133043833"><ele>326.000</ele></trkpt>
      <trkpt lat="22.2669155850" lon="114.2133050491"><ele>326.000</ele></trkpt>
      <trkpt lat="22.2669126706" lon="114.2133056664"><ele>326.000</ele></trkpt>
      <trkpt lat="22.2669097373" lon="114.2133062216"><ele>326.000</ele></trkpt>
      <trkpt lat="22.2669068122" lon="114.2133067176"><ele>326.000</ele></trkpt>
      <trkpt lat="22.2669038672" lon="114.2133071641"><ele>326.000</ele></trkpt>
      <trkpt lat="22.2669009114" lon="114.2133075476"><ele>326.000</ele></trkpt>
      <trkpt lat="22.2668979800" lon="114.2133078738"><ele>326.000</ele></trkpt>
      <trkpt lat="22.2668950142" lon="114.2133081505"><ele>326.000</ele></trkpt>
      <trkpt lat="22.2668920494" lon="114.2133083622"><ele>326.000</ele></trkpt>
      <trkpt lat="22.2668890982" lon="114.2133085206"><ele>326.000</ele></trkpt>
      <trkpt lat="22.2668861244" lon="114.2133086265"><ele>326.000</ele></trkpt>
      <trkpt lat="22.2668831506" lon="114.2133086675"><ele>326.000</ele></trkpt>
      <trkpt lat="22.2668801768" lon="114.2133086570"><ele>326.000</ele></trkpt>
      <trkpt lat="22.2668772021" lon="114.2133085815"><ele>326.000</ele></trkpt>
      <trkpt lat="22.2668743096" lon="114.2133084556"><ele>326.000</ele></trkpt>
      <trkpt lat="22.2668712636" lon="114.2133082908"><ele>326.000</ele></trkpt>
      <trkpt lat="22.2668680578" lon="114.2133079912"><ele>326.000</ele></trkpt>
      <trkpt lat="22.2668648592" lon="114.2133075751"><ele>326.000</ele></trkpt>
      <trkpt lat="22.2668616778" lon="114.2133070309"><ele>326.000</ele></trkpt>
      <trkpt lat="22.2668585453" lon="114.2133063781"><ele>326.000</ele></trkpt>
      <trkpt lat="22.2668553973" lon="114.2133056040"><ele>326.000</ele></trkpt>
      <trkpt lat="22.2668522648" lon="114.2133046980"><ele>326.000</ele></trkpt>
      <trkpt lat="22.2668492244" lon="114.2133036911"><ele>326.000</ele></trkpt>
      <trkpt lat="22.2668461832" lon="114.2133025745"><ele>326.000</ele></trkpt>
      <trkpt lat="22.2668431708" lon="114.2133013260"><ele>327.000</ele></trkpt>
      <trkpt lat="22.2668402217" lon="114.2132999815"><ele>327.000</ele></trkpt>
      <trkpt lat="22.2668373069" lon="114.2132985186"><ele>327.000</ele></trkpt>
      <trkpt lat="22.2668344346" lon="114.2132969460"><ele>327.000</ele></trkpt>
      <trkpt lat="22.2668316175" lon="114.2132952581"><ele>327.000</ele></trkpt>
      <trkpt lat="22.2668288725" lon="114.2132934789"><ele>327.000</ele></trkpt>
      <trkpt lat="22.2668261773" lon="114.2132915931"><ele>327.000</ele></trkpt>
      <trkpt lat="22.2668235552" lon="114.2132896151"><ele>326.000</ele></trkpt>
      <trkpt lat="22.2668209612" lon="114.2132875119"><ele>326.000</ele></trkpt>
      <trkpt lat="22.2668184972" lon="114.2132853428"><ele>326.000</ele></trkpt>
      <trkpt lat="22.2668161895" lon="114.2132831999"><ele>326.000</ele></trkpt>
      <trkpt lat="22.2668139350" lon="114.2132810163"><ele>326.000</ele></trkpt>
      <trkpt lat="22.2668117194" lon="114.2132787658"><ele>326.000</ele></trkpt>
      <trkpt lat="22.2668095544" lon="114.2132764599"><ele>326.000</ele></trkpt>
      <trkpt lat="22.2668074164" lon="114.2132740735"><ele>326.000</ele></trkpt>
      <trkpt lat="22.2668053743" lon="114.2132716620"><ele>326.000</ele></trkpt>
      <trkpt lat="22.2668033736" lon="114.2132692175"><ele>326.000</ele></trkpt>
      <trkpt lat="22.2668013992" lon="114.2132666643"><ele>326.000</ele></trkpt>
      <trkpt lat="22.2667995169" lon="114.2132641082"><ele>326.000</ele></trkpt>
      <trkpt lat="22.2667976770" lon="114.2132614958"><ele>326.000</ele></trkpt>
      <trkpt lat="22.2667958940" lon="114.2132588243"><ele>326.000</ele></trkpt>
      <trkpt lat="22.2667941842" lon="114.2132561373"><ele>326.000</ele></trkpt>
      <trkpt lat="22.2667925142" lon="114.2132533785"><ele>326.000</ele></trkpt>
      <trkpt lat="22.2667909218" lon="114.2132505984"><ele>328.000</ele></trkpt>
      <trkpt lat="22.2667893737" lon="114.2132477639"><ele>328.000</ele></trkpt>
      <trkpt lat="22.2667878933" lon="114.2132448781"><ele>328.000</ele></trkpt>
      <trkpt lat="22.2667864798" lon="114.2132419689"><ele>328.000</ele></trkpt>
      <trkpt lat="22.2667851358" lon="114.2132390259"><ele>328.000</ele></trkpt>
      <trkpt lat="22.2667838324" lon="114.2132359994"><ele>328.000</ele></trkpt>
      <trkpt lat="22.2667822430" lon="114.2132319735"><ele>328.000</ele></trkpt>
      <trkpt lat="22.2667801074" lon="114.2132271877"><ele>328.000</ele></trkpt>
      <trkpt lat="22.2667782651" lon="114.2132235615"><ele>327.000</ele></trkpt>
      <trkpt lat="22.2667765058" lon="114.2132198654"><ele>327.000</ele></trkpt>
      <trkpt lat="22.2667745571" lon="114.2132154455"><ele>327.000</ele></trkpt>
      <trkpt lat="22.2667713733" lon="114.2132096252"><ele>327.000</ele></trkpt>
      <trkpt lat="22.2667695842" lon="114.2132063201"><ele>327.000</ele></trkpt>
      <trkpt lat="22.2667661143" lon="114.2131997498"><ele>334.000</ele></trkpt>
      <trkpt lat="22.2667643902" lon="114.2131964224"><ele>334.000</ele></trkpt>
      <trkpt lat="22.2667626904" lon="114.2131931057"><ele>334.000</ele></trkpt>
      <trkpt lat="22.2667593479" lon="114.2131864820"><ele>334.000</ele></trkpt>
      <trkpt lat="22.2667576770" lon="114.2131830897"><ele>334.000</ele></trkpt>
      <trkpt lat="22.2667544356" lon="114.2131764078"><ele>334.000</ele></trkpt>
      <trkpt lat="22.2667528208" lon="114.2131729951"><ele>334.000</ele></trkpt>
      <trkpt lat="22.2667496806" lon="114.2131662531"><ele>334.000</ele></trkpt>
      <trkpt lat="22.2667466026" lon="114.2131594791"><ele>334.000</ele></trkpt>
      <trkpt lat="22.2667450727" lon="114.2131560499"><ele>337.000</ele></trkpt>
      <trkpt lat="22.2667435608" lon="114.2131526100"><ele>337.000</ele></trkpt>
      <trkpt lat="22.2667408783" lon="114.2131463872"><ele>337.000</ele></trkpt>
      <trkpt lat="22.2667394803" lon="114.2131427038"><ele>337.000</ele></trkpt>
      <trkpt lat="22.2667382140" lon="114.2131394659"><ele>337.000</ele></trkpt>
      <trkpt lat="22.2667369152" lon="114.2131362696"><ele>337.000</ele></trkpt>
      <trkpt lat="22.2667355695" lon="114.2131330830"><ele>337.000</ele></trkpt>
      <trkpt lat="22.2667341930" lon="114.2131299333"><ele>337.000</ele></trkpt>
      <trkpt lat="22.2667327587" lon="114.2131267748"><ele>334.000</ele></trkpt>
      <trkpt lat="22.2667313055" lon="114.2131236609"><ele>334.000</ele></trkpt>
      <trkpt lat="22.2667298062" lon="114.2131205820"><ele>334.000</ele></trkpt>
      <trkpt lat="22.2667282527" lon="114.2131174827"><ele>334.000</ele></trkpt>
      <trkpt lat="22.2667266775" lon="114.2131144241"><ele>334.000</ele></trkpt>
      <trkpt lat="22.2667250590" lon="114.2131113946"><ele>334.000</ele></trkpt>
      <trkpt lat="22.2667234071" lon="114.2131083816"><ele>334.000</ele></trkpt>
      <trkpt lat="22.2667217253" lon="114.2131054210"><ele>334.000</ele></trkpt>
      <trkpt lat="22.2667199849" lon="114.2131024574"><ele>334.000</ele></trkpt>
      <trkpt lat="22.2667182128" lon="114.2130995133"><ele>334.000</ele></trkpt>
      <trkpt lat="22.2667164281" lon="114.2130966361"><ele>334.000</ele></trkpt>
      <trkpt lat="22.2667137370" lon="114.2130924653"><ele>334.000</ele></trkpt>
      <trkpt lat="22.2667111432" lon="114.2130890776"><ele>334.000</ele></trkpt>
      <trkpt lat="22.2667088845" lon="114.2130857287"><ele>334.000</ele></trkpt>
      <trkpt lat="22.2667069002" lon="114.2130828224"><ele>334.000</ele></trkpt>
      <trkpt lat="22.2667048988" lon="114.2130799344"><ele>334.000</ele></trkpt>
      <trkpt lat="22.2667028702" lon="114.2130770426"><ele>334.000</ele></trkpt>
      <trkpt lat="22.2667008489" lon="114.2130741935"><ele>334.000</ele></trkpt>
      <trkpt lat="22.2666987960" lon="114.2130713550"><ele>334.000</ele></trkpt>
      <trkpt lat="22.2666967241" lon="114.2130685146"><ele>334.000</ele></trkpt>
      <trkpt lat="22.2666946413" lon="114.2130657121"><ele>334.000</ele></trkpt>
      <trkpt lat="22.2666925252" lon="114.2130628969"><ele>334.000</ele></trkpt>
      <trkpt lat="22.2666904090" lon="114.2130601127"><ele>334.000</ele></trkpt>
      <trkpt lat="22.2666882766" lon="114.2130573499"><ele>333.000</ele></trkpt>
      <trkpt lat="22.2666861153" lon="114.2130545920"><ele>333.000</ele></trkpt>
      <trkpt lat="22.2666839458" lon="114.2130518544"><ele>333.000</ele></trkpt>
      <trkpt lat="22.2666817511" lon="114.2130491265"><ele>333.000</ele></trkpt>
      <trkpt lat="22.2666795374" lon="114.2130464064"><ele>333.000</ele></trkpt>
      <trkpt lat="22.2666773155" lon="114.2130437076"><ele>333.000</ele></trkpt>
      <trkpt lat="22.2666750846" lon="114.2130410369"><ele>333.000</ele></trkpt>
      <trkpt lat="22.2666728366" lon="114.2130383847"><ele>333.000</ele></trkpt>
      <trkpt lat="22.2666705624" lon="114.2130357422"><ele>333.000</ele></trkpt>
      <trkpt lat="22.2666682610" lon="114.2130330977"><ele>333.000</ele></trkpt>
      <trkpt lat="22.2666659597" lon="114.2130304823"><ele>333.000</ele></trkpt>
      <trkpt lat="22.2666636412" lon="114.2130278864"><ele>333.000</ele></trkpt>
      <trkpt lat="22.2666613146" lon="114.2130253098"><ele>333.000</ele></trkpt>
      <trkpt lat="22.2666589699" lon="114.2130227614"><ele>333.000</ele></trkpt>
      <trkpt lat="22.2666565891" lon="114.2130202022"><ele>333.000</ele></trkpt>
      <trkpt lat="22.2666541992" lon="114.2130176625"><ele>333.000</ele></trkpt>
      <trkpt lat="22.2666518112" lon="114.2130151519"><ele>333.000</ele></trkpt>
      <trkpt lat="22.2666494051" lon="114.2130126694"><ele>333.000</ele></trkpt>
      <trkpt lat="22.2666469628" lon="114.2130101763"><ele>331.000</ele></trkpt>
      <trkpt lat="22.2666445305" lon="114.2130077220"><ele>331.000</ele></trkpt>
      <trkpt lat="22.2666420630" lon="114.2130052773"><ele>328.000</ele></trkpt>
      <trkpt lat="22.2666395955" lon="114.2130028511"><ele>328.000</ele></trkpt>
      <trkpt lat="22.2666371089" lon="114.2130004511"><ele>328.000</ele></trkpt>
      <trkpt lat="22.2666349709" lon="114.2129984101"><ele>328.000</ele></trkpt>
      <trkpt lat="22.2666299021" lon="114.2129942873"><ele>328.000</ele></trkpt>
      <trkpt lat="22.2666271121" lon="114.2129919910"><ele>328.000</ele></trkpt>
      <trkpt lat="22.2666243266" lon="114.2129896811"><ele>328.000</ele></trkpt>
      <trkpt lat="22.2666188253" lon="114.2129850565"><ele>328.000</ele></trkpt>
      <trkpt lat="22.2666133474" lon="114.2129803893"><ele>328.000</ele></trkpt>
      <trkpt lat="22.2666105900" lon="114.2129780047"><ele>328.000</ele></trkpt>
      <trkpt lat="22.2666095887" lon="114.2129771274"><ele>328.000</ele></trkpt>
      <trkpt lat="22.2666048323" lon="114.2129729735"><ele>328.000</ele></trkpt>
      <trkpt lat="22.2665802172" lon="114.2129536722"><ele>325.000</ele></trkpt>
      <trkpt lat="22.2665638500" lon="114.2129377164"><ele>325.000</ele></trkpt>
      <trkpt lat="22.2665357314" lon="114.2129167503"><ele>323.000</ele></trkpt>
      <trkpt lat="22.2664747565" lon="114.2128676671"><ele>320.000</ele></trkpt>
      <trkpt lat="22.2664523393" lon="114.2128493910"><ele>320.000</ele></trkpt>
      <trkpt lat="22.2664181019" lon="114.2128222924"><ele>320.000</ele></trkpt>
      <trkpt lat="22.2663891636" lon="114.2127999085"><ele>322.000</ele></trkpt>
      <trkpt lat="22.2663592004" lon="114.2127776157"><ele>322.000</ele></trkpt>
      <trkpt lat="22.2663183339" lon="114.2127492706"><ele>321.000</ele></trkpt>
      <trkpt lat="22.2663153804" lon="114.2127471974"><ele>321.000</ele></trkpt>
      <trkpt lat="22.2663124216" lon="114.2127450971"><ele>321.000</ele></trkpt>
      <trkpt lat="22.2663094988" lon="114.2127429793"><ele>321.000</ele></trkpt>
      <trkpt lat="22.2663065887" lon="114.2127408606"><ele>321.000</ele></trkpt>
      <trkpt lat="22.2663036759" lon="114.2127387069"><ele>321.000</ele></trkpt>
      <trkpt lat="22.2663007938" lon="114.2127365493"><ele>321.000</ele></trkpt>
      <trkpt lat="22.2662978990" lon="114.2127343656"><ele>321.000</ele></trkpt>
      <trkpt lat="22.2662950323" lon="114.2127321585"><ele>321.000</ele></trkpt>
      <trkpt lat="22.2662921683" lon="114.2127299438"><ele>321.000</ele></trkpt>
      <trkpt lat="22.2662893205" lon="114.2127276999"><ele>321.000</ele></trkpt>
      <trkpt lat="22.2662864808" lon="114.2127254433"><ele>321.000</ele></trkpt>
      <trkpt lat="22.2662836520" lon="114.2127231597"><ele>321.000</ele></trkpt>
      <trkpt lat="22.2662808738" lon="114.2127208915"><ele>320.000</ele></trkpt>
      <trkpt lat="22.2662808133" lon="114.2127208411"><ele>320.000</ele></trkpt>
      <trkpt lat="22.2662780631" lon="114.2127185700"><ele>320.000</ele></trkpt>
      <trkpt lat="22.2662752614" lon="114.2127162369"><ele>320.000</ele></trkpt>
      <trkpt lat="22.2662724868" lon="114.2127138834"><ele>320.000</ele></trkpt>
      <trkpt lat="22.2662697339" lon="114.2127115279"><ele>320.000</ele></trkpt>
      <trkpt lat="22.2662669809" lon="114.2127091463"><ele>320.000</ele></trkpt>
      <trkpt lat="22.2662642443" lon="114.2127067433"><ele>320.000</ele></trkpt>
      <trkpt lat="22.2662615266" lon="114.2127043287"><ele>320.000</ele></trkpt>
      <trkpt lat="22.2662588197" lon="114.2127018956"><ele>320.000</ele></trkpt>
      <trkpt lat="22.2662561309" lon="114.2126994528"><ele>320.000</ele></trkpt>
      <trkpt lat="22.2662534611" lon="114.2126969984"><ele>320.000</ele></trkpt>
      <trkpt lat="22.2662507805" lon="114.2126945150"><ele>320.000</ele></trkpt>
      <trkpt lat="22.2662481089" lon="114.2126919936"><ele>320.000</ele></trkpt>
      <trkpt lat="22.2662454752" lon="114.2126894810"><ele>320.000</ele></trkpt>
      <trkpt lat="22.2662415161" lon="114.2126856592"><ele>320.000</ele></trkpt>
      <trkpt lat="22.2662318926" lon="114.2126752763"><ele>320.000</ele></trkpt>
      <trkpt lat="22.2662225047" lon="114.2126653785"><ele>321.000</ele></trkpt>
      <trkpt lat="22.2662118240" lon="114.2126538602"><ele>321.000</ele></trkpt>
      <trkpt lat="22.2662093285" lon="114.2126510866"><ele>321.000</ele></trkpt>
      <trkpt lat="22.2662068899" lon="114.2126483451"><ele>321.000</ele></trkpt>
      <trkpt lat="22.2662044694" lon="114.2126455949"><ele>321.000</ele></trkpt>
      <trkpt lat="22.2662020399" lon="114.2126428029"><ele>321.000</ele></trkpt>
      <trkpt lat="22.2661996465" lon="114.2126400012"><ele>321.000</ele></trkpt>
      <trkpt lat="22.2661972901" lon="114.2126372229"><ele>321.000</ele></trkpt>
      <trkpt lat="22.2661949157" lon="114.2126344008"><ele>321.000</ele></trkpt>
      <trkpt lat="22.2661925611" lon="114.2126315497"><ele>321.000</ele></trkpt>
      <trkpt lat="22.2661902327" lon="114.2126286995"><ele>320.000</ele></trkpt>
      <trkpt lat="22.2661879233" lon="114.2126258397"><ele>320.000</ele></trkpt>
      <trkpt lat="22.2661856139" lon="114.2126229478"><ele>320.000</ele></trkpt>
      <trkpt lat="22.2661833316" lon="114.2126200472"><ele>320.000</ele></trkpt>
      <trkpt lat="22.2661810782" lon="114.2126171495"><ele>320.000</ele></trkpt>
      <trkpt lat="22.2661788221" lon="114.2126142286"><ele>320.000</ele></trkpt>
      <trkpt lat="22.2661765867" lon="114.2126112872"><ele>320.000</ele></trkpt>
      <trkpt lat="22.2661743532" lon="114.2126083158"><ele>320.000</ele></trkpt>
      <trkpt lat="22.2661721549" lon="114.2126053347"><ele>320.000</ele></trkpt>
      <trkpt lat="22.2661699918" lon="114.2126023788"><ele>320.000</ele></trkpt>
      <trkpt lat="22.2661678116" lon="114.2125993774"><ele>320.000</ele></trkpt>
      <trkpt lat="22.2661656593" lon="114.2125963565"><ele>320.000</ele></trkpt>
      <trkpt lat="22.2661635242" lon="114.2125933347"><ele>320.000</ele></trkpt>
      <trkpt lat="22.2661614090" lon="114.2125902934"><ele>320.000</ele></trkpt>
      <trkpt lat="22.2661593056" lon="114.2125872367"><ele>320.000</ele></trkpt>
      <trkpt lat="22.2661572346" lon="114.2125841790"><ele>320.000</ele></trkpt>
      <trkpt lat="22.2661551636" lon="114.2125811077"><ele>320.000</ele></trkpt>
      <trkpt lat="22.2661531044" lon="114.2125779927"><ele>320.000</ele></trkpt>
      <trkpt lat="22.2661510822" lon="114.2125748962"><ele>320.000</ele></trkpt>
      <trkpt lat="22.2661490691" lon="114.2125717793"><ele>320.000</ele></trkpt>
      <trkpt lat="22.2661470713" lon="114.2125686479"><ele>318.000</ele></trkpt>
      <trkpt lat="22.2661450871" lon="114.2125654980"><ele>318.000</ele></trkpt>
      <trkpt lat="22.2661431263" lon="114.2125623365"><ele>318.000</ele></trkpt>
      <trkpt lat="22.2661411845" lon="114.2125591760"><ele>318.000</ele></trkpt>
      <trkpt lat="22.2661392490" lon="114.2125559757"><ele>318.000</ele></trkpt>
      <trkpt lat="22.2661373443" lon="114.2125527754"><ele>318.000</ele></trkpt>
      <trkpt lat="22.2661354576" lon="114.2125495741"><ele>318.000</ele></trkpt>
      <trkpt lat="22.2661335925" lon="114.2125463592"><ele>318.000</ele></trkpt>
      <trkpt lat="22.2661317338" lon="114.2125431279"><ele>318.000</ele></trkpt>
      <trkpt lat="22.2661298950" lon="114.2125398723"><ele>318.000</ele></trkpt>
      <trkpt lat="22.2661280851" lon="114.2125366274"><ele>318.000</ele></trkpt>
      <trkpt lat="22.2661262824" lon="114.2125333563"><ele>318.000</ele></trkpt>
      <trkpt lat="22.2661245059" lon="114.2125300862"><ele>318.000</ele></trkpt>
      <trkpt lat="22.2661227348" lon="114.2125267870"><ele>318.000</ele></trkpt>
      <trkpt lat="22.2661209962" lon="114.2125234858"><ele>318.000</ele></trkpt>
      <trkpt lat="22.2661192621" lon="114.2125201672"><ele>318.000</ele></trkpt>
      <trkpt lat="22.2661175606" lon="114.2125168369"><ele>318.000</ele></trkpt>
      <trkpt lat="22.2661158726" lon="114.2125135144"><ele>318.000</ele></trkpt>
      <trkpt lat="22.2661142036" lon="114.2125101658"><ele>318.000</ele></trkpt>
      <trkpt lat="22.2661125445" lon="114.2125067977"><ele>318.000</ele></trkpt>
      <trkpt lat="22.2661109206" lon="114.2125034354"><ele>318.000</ele></trkpt>
      <trkpt lat="22.2661093021" lon="114.2125000654"><ele>318.000</ele></trkpt>
      <trkpt lat="22.2661076999" lon="114.2124966508"><ele>318.000</ele></trkpt>
      <trkpt lat="22.2661061321" lon="114.2124932584"><ele>318.000</ele></trkpt>
      <trkpt lat="22.2661045858" lon="114.2124898749"><ele>318.000</ele></trkpt>
      <trkpt lat="22.2661030378" lon="114.2124864476"><ele>318.000</ele></trkpt>
      <trkpt lat="22.2661015142" lon="114.2124830010"><ele>316.000</ele></trkpt>
      <trkpt lat="22.2661000195" lon="114.2124795689"><ele>316.000</ele></trkpt>
      <trkpt lat="22.2660985392" lon="114.2124761291"><ele>316.000</ele></trkpt>
      <trkpt lat="22.2660970680" lon="114.2124726456"><ele>316.000</ele></trkpt>
      <trkpt lat="22.2660956383" lon="114.2124691834"><ele>316.000</ele></trkpt>
      <trkpt lat="22.2660942213" lon="114.2124657310"><ele>316.000</ele></trkpt>
      <trkpt lat="22.2660928006" lon="114.2124622039"><ele>316.000</ele></trkpt>
      <trkpt lat="22.2660903357" lon="114.2124559132"><ele>316.000</ele></trkpt>
      <trkpt lat="22.2660795473" lon="114.2124328821"><ele>316.000</ele></trkpt>
      <trkpt lat="22.2660708702" lon="114.2124103367"><ele>316.000</ele></trkpt>
      <trkpt lat="22.2660501576" lon="114.2123561743"><ele>311.000</ele></trkpt>
      <trkpt lat="22.2660345698" lon="114.2123107277"><ele>312.000</ele></trkpt>
      <trkpt lat="22.2660334797" lon="114.2123068252"><ele>312.000</ele></trkpt>
      <trkpt lat="22.2660325024" lon="114.2123035010"><ele>312.000</ele></trkpt>
      <trkpt lat="22.2660314746" lon="114.2123001660"><ele>312.000</ele></trkpt>
      <trkpt lat="22.2660304079" lon="114.2122968175"><ele>312.000</ele></trkpt>
      <trkpt lat="22.2660293087" lon="114.2122935049"><ele>312.000</ele></trkpt>
      <trkpt lat="22.2660281779" lon="114.2122902048"><ele>312.000</ele></trkpt>
      <trkpt lat="22.2660270055" lon="114.2122869213"><ele>312.000</ele></trkpt>
      <trkpt lat="22.2660258015" lon="114.2122836620"><ele>312.000</ele></trkpt>
      <trkpt lat="22.2660245479" lon="114.2122804046"><ele>315.000</ele></trkpt>
      <trkpt lat="22.2660232662" lon="114.2122771579"><ele>315.000</ele></trkpt>
      <trkpt lat="22.2660219512" lon="114.2122739452"><ele>315.000</ele></trkpt>
      <trkpt lat="22.2660206027" lon="114.2122707605"><ele>315.000</ele></trkpt>
      <trkpt lat="22.2660192000" lon="114.2122675594"><ele>315.000</ele></trkpt>
      <trkpt lat="22.2660177712" lon="114.2122643777"><ele>315.000</ele></trkpt>
      <trkpt lat="22.2660163197" lon="114.2122612473"><ele>315.000</ele></trkpt>
      <trkpt lat="22.2660148249" lon="114.2122581257"><ele>315.000</ele></trkpt>
      <trkpt lat="22.2660140387" lon="114.2122565353"><ele>315.000</ele></trkpt>
      <trkpt lat="22.2659992526" lon="114.2122284775"><ele>312.000</ele></trkpt>
      <trkpt lat="22.2659657044" lon="114.2122255292"><ele>309.000</ele></trkpt>
      <trkpt lat="22.2659284668" lon="114.2122448468"><ele>308.000</ele></trkpt>
      <trkpt lat="22.2659244921" lon="114.2122707945"><ele>308.000</ele></trkpt>
      <trkpt lat="22.2659304640" lon="114.2122881059"><ele>308.000</ele></trkpt>
      <trkpt lat="22.2659305190" lon="114.2122882708"><ele>308.000</ele></trkpt>
      <trkpt lat="22.2659313439" lon="114.2122907471"><ele>308.000</ele></trkpt>
      <trkpt lat="22.2659323908" lon="114.2122934222"><ele>308.000</ele></trkpt>
      <trkpt lat="22.2659335065" lon="114.2122959238"><ele>308.000</ele></trkpt>
      <trkpt lat="22.2659366921" lon="114.2123019390"><ele>308.000</ele></trkpt>
      <trkpt lat="22.2659523283" lon="114.2123409092"><ele>308.000</ele></trkpt>
      <trkpt lat="22.2659537166" lon="114.2123436796"><ele>308.000</ele></trkpt>
      <trkpt lat="22.2659553955" lon="114.2123471554"><ele>308.000</ele></trkpt>
      <trkpt lat="22.2659570239" lon="114.2123506263"><ele>308.000</ele></trkpt>
      <trkpt lat="22.2659586107" lon="114.2123541098"><ele>308.000</ele></trkpt>
      <trkpt lat="22.2659601641" lon="114.2123576117"><ele>308.000</ele></trkpt>
      <trkpt lat="22.2659616823" lon="114.2123611515"><ele>308.000</ele></trkpt>
      <trkpt lat="22.2659631562" lon="114.2123646971"><ele>308.000</ele></trkpt>
      <trkpt lat="22.2659645922" lon="114.2123682514"><ele>308.000</ele></trkpt>
      <trkpt lat="22.2659660002" lon="114.2123718523"><ele>308.000</ele></trkpt>
      <trkpt lat="22.2659673604" lon="114.2123754725"><ele>310.000</ele></trkpt>
      <trkpt lat="22.2659686744" lon="114.2123790889"><ele>310.000</ele></trkpt>
      <trkpt lat="22.2659699497" lon="114.2123827150"><ele>310.000</ele></trkpt>
      <trkpt lat="22.2659711933" lon="114.2123863799"><ele>310.000</ele></trkpt>
      <trkpt lat="22.2659723836" lon="114.2123900360"><ele>310.000</ele></trkpt>
      <trkpt lat="22.2659735460" lon="114.2123937134"><ele>310.000</ele></trkpt>
      <trkpt lat="22.2659746713" lon="114.2123974374"><ele>310.000</ele></trkpt>
      <trkpt lat="22.2659757388" lon="114.2124011440"><ele>310.000</ele></trkpt>
      <trkpt lat="22.2659767765" lon="114.2124048563"><ele>310.000</ele></trkpt>
      <trkpt lat="22.2659777763" lon="114.2124086162"><ele>310.000</ele></trkpt>
      <trkpt lat="22.2659787210" lon="114.2124123528"><ele>310.000</ele></trkpt>
      <trkpt lat="22.2659796359" lon="114.2124161059"><ele>310.000</ele></trkpt>
      <trkpt lat="22.2659805119" lon="114.2124198968"><ele>310.000</ele></trkpt>
      <trkpt lat="22.2659813410" lon="114.2124237090"><ele>310.000</ele></trkpt>
      <trkpt lat="22.2659824271" lon="114.2124290116"><ele>310.000</ele></trkpt>
      <trkpt lat="22.2659841306" lon="114.2124358288"><ele>310.000</ele></trkpt>
      <trkpt lat="22.2659868112" lon="114.2124466117"><ele>310.000</ele></trkpt>
      <trkpt lat="22.2659894485" lon="114.2124574110"><ele>310.000</ele></trkpt>
      <trkpt lat="22.2659920660" lon="114.2124682122"><ele>310.000</ele></trkpt>
      <trkpt lat="22.2659946482" lon="114.2124790290"><ele>312.000</ele></trkpt>
      <trkpt lat="22.2659963525" lon="114.2124862421"><ele>312.000</ele></trkpt>
      <trkpt lat="22.2659988886" lon="114.2124970646"><ele>312.000</ele></trkpt>
      <trkpt lat="22.2660005586" lon="114.2125043049"><ele>312.000</ele></trkpt>
      <trkpt lat="22.2660030387" lon="114.2125151313"><ele>312.000</ele></trkpt>
      <trkpt lat="22.2660055396" lon="114.2125262139"><ele>314.000</ele></trkpt>
      <trkpt lat="22.2660102579" lon="114.2125479026"><ele>314.000</ele></trkpt>
      <trkpt lat="22.2660142211" lon="114.2125658984"><ele>316.000</ele></trkpt>
      <trkpt lat="22.2660182105" lon="114.2125838943"><ele>315.000</ele></trkpt>
      <trkpt lat="22.2660224904" lon="114.2126029720"><ele>315.000</ele></trkpt>
      <trkpt lat="22.2660232373" lon="114.2126067318"><ele>315.000</ele></trkpt>
      <trkpt lat="22.2660239563" lon="114.2126101967"><ele>315.000</ele></trkpt>
      <trkpt lat="22.2660247069" lon="114.2126136470"><ele>315.000</ele></trkpt>
      <trkpt lat="22.2660254909" lon="114.2126170838"><ele>315.000</ele></trkpt>
      <trkpt lat="22.2660263137" lon="114.2126205312"><ele>315.000</ele></trkpt>
      <trkpt lat="22.2660271583" lon="114.2126239495"><ele>314.000</ele></trkpt>
      <trkpt lat="22.2660280452" lon="114.2126273591"><ele>314.000</ele></trkpt>
      <trkpt lat="22.2660289620" lon="114.2126307726"><ele>314.000</ele></trkpt>
      <trkpt lat="22.2660299094" lon="114.2126341541"><ele>314.000</ele></trkpt>
      <trkpt lat="22.2660308921" lon="114.2126375356"><ele>314.000</ele></trkpt>
      <trkpt lat="22.2660319128" lon="114.2126409113"><ele>314.000</ele></trkpt>
      <trkpt lat="22.2660329551" lon="114.2126442656"><ele>314.000</ele></trkpt>
      <trkpt lat="22.2660340452" lon="114.2126476219"><ele>314.000</ele></trkpt>
      <trkpt lat="22.2660351544" lon="114.2126509666"><ele>314.000</ele></trkpt>
      <trkpt lat="22.2660362924" lon="114.2126542686"><ele>314.000</ele></trkpt>
      <trkpt lat="22.2660374747" lon="114.2126575725"><ele>314.000</ele></trkpt>
      <trkpt lat="22.2660386940" lon="114.2126608978"><ele>314.000</ele></trkpt>
      <trkpt lat="22.2660399205" lon="114.2126641620"><ele>314.000</ele></trkpt>
      <trkpt lat="22.2660419766" lon="114.2126693988"><ele>314.000</ele></trkpt>
      <trkpt lat="22.2660542224" lon="114.2127048240"><ele>311.000</ele></trkpt>
      <trkpt lat="22.2660562390" lon="114.2127107129"><ele>311.000</ele></trkpt>
      <trkpt lat="22.2661186001" lon="114.2128928252"><ele>309.000</ele></trkpt>
      <trkpt lat="22.2661356102" lon="114.2129457332"><ele>309.000</ele></trkpt>
      <trkpt lat="22.2661367871" lon="114.2129485811"><ele>309.000</ele></trkpt>
      <trkpt lat="22.2661382231" lon="114.2129521461"><ele>309.000</ele></trkpt>
      <trkpt lat="22.2661396185" lon="114.2129557392"><ele>309.000</ele></trkpt>
      <trkpt lat="22.2661409632" lon="114.2129593178"><ele>309.000</ele></trkpt>
      <trkpt lat="22.2661422800" lon="114.2129629060"><ele>306.000</ele></trkpt>
      <trkpt lat="22.2661435733" lon="114.2129665573"><ele>306.000</ele></trkpt>
      <trkpt lat="22.2661448088" lon="114.2129701970"><ele>306.000</ele></trkpt>
      <trkpt lat="22.2661460118" lon="114.2129738259"><ele>306.000</ele></trkpt>
      <trkpt lat="22.2661471831" lon="114.2129775024"><ele>308.000</ele></trkpt>
      <trkpt lat="22.2661483156" lon="114.2129811741"><ele>308.000</ele></trkpt>
      <trkpt lat="22.2661494111" lon="114.2129848709"><ele>308.000</ele></trkpt>
      <trkpt lat="22.2661504678" lon="114.2129885726"><ele>308.000</ele></trkpt>
      <trkpt lat="22.2661514874" lon="114.2129922898"><ele>308.000</ele></trkpt>
      <trkpt lat="22.2661524701" lon="114.2129960274"><ele>308.000</ele></trkpt>
      <trkpt lat="22.2661534111" lon="114.2129997640"><ele>308.000</ele></trkpt>
      <trkpt lat="22.2661543215" lon="114.2130035258"><ele>308.000</ele></trkpt>
      <trkpt lat="22.2661551804" lon="114.2130072905"><ele>308.000</ele></trkpt>
      <trkpt lat="22.2661560861" lon="114.2130114065"><ele>306.000</ele></trkpt>
      <trkpt lat="22.2661569757" lon="114.2130150082"><ele>306.000</ele></trkpt>
      <trkpt lat="22.2661578671" lon="114.2130191067"><ele>306.000</ele></trkpt>
      <trkpt lat="22.2661586247" lon="114.2130232342"><ele>306.000</ele></trkpt>
      <trkpt lat="22.2661592650" lon="114.2130273569"><ele>306.000</ele></trkpt>
      <trkpt lat="22.2661597878" lon="114.2130315319"><ele>306.000</ele></trkpt>
      <trkpt lat="22.2661601761" lon="114.2130357079"><ele>306.000</ele></trkpt>
      <trkpt lat="22.2661604497" lon="114.2130398731"><ele>306.000</ele></trkpt>
      <trkpt lat="22.2661606023" lon="114.2130440869"><ele>306.000</ele></trkpt>
      <trkpt lat="22.2661606221" lon="114.2130483016"><ele>306.000</ele></trkpt>
      <trkpt lat="22.2661605191" lon="114.2130524852"><ele>306.000</ele></trkpt>
      <trkpt lat="22.2661602933" lon="114.2130566794"><ele>306.000</ele></trkpt>
      <trkpt lat="22.2661599447" lon="114.2130608552"><ele>308.000</ele></trkpt>
      <trkpt lat="22.2661594733" lon="114.2130650183"><ele>308.000</ele></trkpt>
      <trkpt lat="22.2661588791" lon="114.2130691746"><ele>308.000</ele></trkpt>
      <trkpt lat="22.2661581530" lon="114.2130733493"><ele>308.000</ele></trkpt>
      <trkpt lat="22.2661568765" lon="114.2130794013"><ele>308.000</ele></trkpt>
      <trkpt lat="22.2661543551" lon="114.2130875321"><ele>308.000</ele></trkpt>
      <trkpt lat="22.2661528958" lon="114.2130914078"><ele>308.000</ele></trkpt>
      <trkpt lat="22.2661520869" lon="114.2130943222"><ele>308.000</ele></trkpt>
      <trkpt lat="22.2661509527" lon="114.2130981417"><ele>308.000</ele></trkpt>
      <trkpt lat="22.2661497508" lon="114.2131019301"><ele>308.000</ele></trkpt>
      <trkpt lat="22.2661484884" lon="114.2131056720"><ele>308.000</ele></trkpt>
      <trkpt lat="22.2661471591" lon="114.2131094177"><ele>306.000</ele></trkpt>
      <trkpt lat="22.2661457468" lon="114.2131131459"><ele>305.000</ele></trkpt>
      <trkpt lat="22.2661442848" lon="114.2131168091"><ele>305.000</ele></trkpt>
      <trkpt lat="22.2661427506" lon="114.2131204597"><ele>305.000</ele></trkpt>
      <trkpt lat="22.2661411523" lon="114.2131240695"><ele>305.000</ele></trkpt>
      <trkpt lat="22.2661394925" lon="114.2131276560"><ele>305.000</ele></trkpt>
      <trkpt lat="22.2661377515" lon="114.2131312250"><ele>305.000</ele></trkpt>
      <trkpt lat="22.2661359663" lon="114.2131347048"><ele>305.000</ele></trkpt>
      <trkpt lat="22.2661341206" lon="114.2131381855"><ele>305.000</ele></trkpt>
      <trkpt lat="22.2661321863" lon="114.2131416332"><ele>305.000</ele></trkpt>
      <trkpt lat="22.2661302313" lon="114.2131449916"><ele>305.000</ele></trkpt>
      <trkpt lat="22.2661281996" lon="114.2131483461"><ele>305.000</ele></trkpt>
      <trkpt lat="22.2661260893" lon="114.2131516774"><ele>305.000</ele></trkpt>
      <trkpt lat="22.2661239375" lon="114.2131549300"><ele>305.000</ele></trkpt>
      <trkpt lat="22.2661217269" lon="114.2131581535"><ele>304.000</ele></trkpt>
      <trkpt lat="22.2661194487" lon="114.2131613246"><ele>304.000</ele></trkpt>
      <trkpt lat="22.2661171307" lon="114.2131644413"><ele>304.000</ele></trkpt>
      <trkpt lat="22.2661147541" lon="114.2131675057"><ele>304.000</ele></trkpt>
      <trkpt lat="22.2661123296" lon="114.2131705283"><ele>304.000</ele></trkpt>
      <trkpt lat="22.2661098202" lon="114.2131735295"><ele>304.000</ele></trkpt>
      <trkpt lat="22.2661072783" lon="114.2131764357"><ele>304.000</ele></trkpt>
      <trkpt lat="22.2661046985" lon="114.2131793001"><ele>304.000</ele></trkpt>
      <trkpt lat="22.2661020411" lon="114.2131821228"><ele>304.000</ele></trkpt>
      <trkpt lat="22.2660993538" lon="114.2131848727"><ele>302.000</ele></trkpt>
      <trkpt lat="22.2660966088" lon="114.2131875799"><ele>302.000</ele></trkpt>
      <trkpt lat="22.2660938142" lon="114.2131902240"><ele>302.000</ele></trkpt>
      <trkpt lat="22.2660909798" lon="114.2131928070"><ele>302.000</ele></trkpt>
      <trkpt lat="22.2660880957" lon="114.2131953376"><ele>302.000</ele></trkpt>
      <trkpt lat="22.2660851223" lon="114.2131978380"><ele>302.000</ele></trkpt>
      <trkpt lat="22.2660801599" lon="114.2132017943"><ele>302.000</ele></trkpt>
      <trkpt lat="22.2660740242" lon="114.2132071173"><ele>302.000</ele></trkpt>
      <trkpt lat="22.2660587878" lon="114.2132185320"><ele>302.000</ele></trkpt>
      <trkpt lat="22.2660564304" lon="114.2132205146"><ele>298.000</ele></trkpt>
      <trkpt lat="22.2660511022" lon="114.2132250577"><ele>298.000</ele></trkpt>
      <trkpt lat="22.2660457857" lon="114.2132296349"><ele>298.000</ele></trkpt>
      <trkpt lat="22.2660431645" lon="114.2132319171"><ele>298.000</ele></trkpt>
      <trkpt lat="22.2660378733" lon="114.2132365602"><ele>298.000</ele></trkpt>
      <trkpt lat="22.2660326246" lon="114.2132412092"><ele>298.000</ele></trkpt>
      <trkpt lat="22.2660300142" lon="114.2132435536"><ele>298.000</ele></trkpt>
      <trkpt lat="22.2660274119" lon="114.2132458882"><ele>298.000</ele></trkpt>
      <trkpt lat="22.2660222174" lon="114.2132506129"><ele>298.000</ele></trkpt>
      <trkpt lat="22.2660170363" lon="114.2132553715"><ele>300.000</ele></trkpt>
      <trkpt lat="22.2660109095" lon="114.2132610641"><ele>298.000</ele></trkpt>
      <trkpt lat="22.2660031144" lon="114.2132687095"><ele>298.000</ele></trkpt>
      <trkpt lat="22.2660005374" lon="114.2132711111"><ele>298.000</ele></trkpt>
      <trkpt lat="22.2659983135" lon="114.2132733110"><ele>298.000</ele></trkpt>
      <trkpt lat="22.2659961457" lon="114.2132755798"><ele>298.000</ele></trkpt>
      <trkpt lat="22.2659940500" lon="114.2132779068"><ele>298.000</ele></trkpt>
      <trkpt lat="22.2659920086" lon="114.2132803124"><ele>298.000</ele></trkpt>
      <trkpt lat="22.2659900393" lon="114.2132827666"><ele>298.000</ele></trkpt>
      <trkpt lat="22.2659881342" lon="114.2132852984"><ele>298.000</ele></trkpt>
      <trkpt lat="22.2659862841" lon="114.2132878923"><ele>298.000</ele></trkpt>
      <trkpt lat="22.2659845244" lon="114.2132905192"><ele>298.000</ele></trkpt>
      <trkpt lat="22.2659828296" lon="114.2132932199"><ele>298.000</ele></trkpt>
      <trkpt lat="22.2659812062" lon="114.2132959575"><ele>298.000</ele></trkpt>
      <trkpt lat="22.2659796704" lon="114.2132987465"><ele>298.000</ele></trkpt>
      <trkpt lat="22.2659781923" lon="114.2133015966"><ele>300.000</ele></trkpt>
      <trkpt lat="22.2659768009" lon="114.2133044895"><ele>300.000</ele></trkpt>
      <trkpt lat="22.2659754854" lon="114.2133074076"><ele>300.000</ele></trkpt>
      <trkpt lat="22.2659742575" lon="114.2133103781"><ele>300.000</ele></trkpt>
      <trkpt lat="22.2659730937" lon="114.2133133982"><ele>300.000</ele></trkpt>
      <trkpt lat="22.2659720247" lon="114.2133164337"><ele>300.000</ele></trkpt>
      <trkpt lat="22.2659710640" lon="114.2133194101"><ele>300.000</ele></trkpt>
      <trkpt lat="22.2659691606" lon="114.2133262623"><ele>300.000</ele></trkpt>
      <trkpt lat="22.2659657600" lon="114.2133370184"><ele>298.000</ele></trkpt>
      <trkpt lat="22.2659625003" lon="114.2133474941"><ele>298.000</ele></trkpt>
      <trkpt lat="22.2659592830" lon="114.2133579911"><ele>298.000</ele></trkpt>
      <trkpt lat="22.2659561019" lon="114.2133684988"><ele>298.000</ele></trkpt>
      <trkpt lat="22.2659540142" lon="114.2133754907"><ele>298.000</ele></trkpt>
      <trkpt lat="22.2659509143" lon="114.2133860237"><ele>298.000</ele></trkpt>
      <trkpt lat="22.2659488754" lon="114.2133930524"><ele>298.000</ele></trkpt>
      <trkpt lat="22.2659468356" lon="114.2134001229"><ele>297.000</ele></trkpt>
      <trkpt lat="22.2659468519" lon="114.2134000676"><ele>297.000</ele></trkpt>
      <trkpt lat="22.2659448428" lon="114.2134071274"><ele>297.000</ele></trkpt>
      <trkpt lat="22.2659428599" lon="114.2134141679"><ele>297.000</ele></trkpt>
      <trkpt lat="22.2659399216" lon="114.2134247581"><ele>297.000</ele></trkpt>
      <trkpt lat="22.2659379920" lon="114.2134318199"><ele>297.000</ele></trkpt>
      <trkpt lat="22.2659360777" lon="114.2134388914"><ele>297.000</ele></trkpt>
      <trkpt lat="22.2659341842" lon="114.2134459619"><ele>297.000</ele></trkpt>
      <trkpt lat="22.2659299777" lon="114.2134618987"><ele>295.000</ele></trkpt>
      <trkpt lat="22.2659291010" lon="114.2134653263"><ele>295.000</ele></trkpt>
      <trkpt lat="22.2659282594" lon="114.2134687636"><ele>295.000</ele></trkpt>
      <trkpt lat="22.2659274396" lon="114.2134722291"><ele>295.000</ele></trkpt>
      <trkpt lat="22.2659266495" lon="114.2134756848"><ele>295.000</ele></trkpt>
      <trkpt lat="22.2659258983" lon="114.2134791309"><ele>295.000</ele></trkpt>
      <trkpt lat="22.2659251769" lon="114.2134826089"><ele>295.000</ele></trkpt>
      <trkpt lat="22.2659244780" lon="114.2134861074"><ele>295.000</ele></trkpt>
      <trkpt lat="22.2659238099" lon="114.2134895913"><ele>295.000</ele></trkpt>
      <trkpt lat="22.2659231796" lon="114.2134930655"><ele>295.000</ele></trkpt>
      <trkpt lat="22.2659225792" lon="114.2134965718"><ele>293.000</ele></trkpt>
      <trkpt lat="22.2659220059" lon="114.2135000790"><ele>293.000</ele></trkpt>
      <trkpt lat="22.2659214668" lon="114.2135035940"><ele>293.000</ele></trkpt>
      <trkpt lat="22.2659209540" lon="114.2135071100"><ele>292.000</ele></trkpt>
      <trkpt lat="22.2659204755" lon="114.2135106347"><ele>292.000</ele></trkpt>
      <trkpt lat="22.2659200241" lon="114.2135141604"><ele>292.000</ele></trkpt>
      <trkpt lat="22.2659196061" lon="114.2135176948"><ele>292.000</ele></trkpt>
      <trkpt lat="22.2659192151" lon="114.2135212292"><ele>292.000</ele></trkpt>
      <trkpt lat="22.2659188603" lon="114.2135247530"><ele>292.000</ele></trkpt>
      <trkpt lat="22.2659185380" lon="114.2135282981"><ele>292.000</ele></trkpt>
      <trkpt lat="22.2659182401" lon="114.2135318627"><ele>292.000</ele></trkpt>
      <trkpt lat="22.2659179720" lon="114.2135353962"><ele>292.000</ele></trkpt>
      <trkpt lat="22.2659177482" lon="114.2135389064"><ele>292.000</ele></trkpt>
      <trkpt lat="22.2659173673" lon="114.2135460278"><ele>294.000</ele></trkpt>
      <trkpt lat="22.2659171289" lon="114.2135497670"><ele>294.000</ele></trkpt>
      <trkpt lat="22.2659169168" lon="114.2135533723"><ele>294.000</ele></trkpt>
      <trkpt lat="22.2659167318" lon="114.2135569688"><ele>294.000</ele></trkpt>
      <trkpt lat="22.2659165639" lon="114.2135605625"><ele>294.000</ele></trkpt>
      <trkpt lat="22.2659164240" lon="114.2135641465"><ele>294.000</ele></trkpt>
      <trkpt lat="22.2659163085" lon="114.2135677518"><ele>294.000</ele></trkpt>
      <trkpt lat="22.2659162111" lon="114.2135713475"><ele>294.000</ele></trkpt>
      <trkpt lat="22.2659161398" lon="114.2135749509"><ele>294.000</ele></trkpt>
      <trkpt lat="22.2659160866" lon="114.2135785359"><ele>294.000</ele></trkpt>
      <trkpt lat="22.2659160686" lon="114.2135821403"><ele>294.000</ele></trkpt>
      <trkpt lat="22.2659160588" lon="114.2135857447"><ele>294.000</ele></trkpt>
      <trkpt lat="22.2659160842" lon="114.2135893297"><ele>294.000</ele></trkpt>
      <trkpt lat="22.2659161276" lon="114.2135929370"><ele>297.000</ele></trkpt>
      <trkpt lat="22.2659162249" lon="114.2135980685"><ele>297.000</ele></trkpt>
      <trkpt lat="22.2659160677" lon="114.2136023200"><ele>297.000</ele></trkpt>
      <trkpt lat="22.2659158871" lon="114.2136062009"><ele>297.000</ele></trkpt>
      <trkpt lat="22.2659156568" lon="114.2136101196"><ele>297.000</ele></trkpt>
      <trkpt lat="22.2659153697" lon="114.2136140179"><ele>297.000</ele></trkpt>
      <trkpt lat="22.2659150464" lon="114.2136178997"><ele>297.000</ele></trkpt>
      <trkpt lat="22.2659146725" lon="114.2136217999"><ele>297.000</ele></trkpt>
      <trkpt lat="22.2659142427" lon="114.2136256894"><ele>297.000</ele></trkpt>
      <trkpt lat="22.2659137768" lon="114.2136295421"><ele>297.000</ele></trkpt>
      <trkpt lat="22.2659132593" lon="114.2136334287"><ele>297.000</ele></trkpt>
      <trkpt lat="22.2659126859" lon="114.2136373007"><ele>297.000</ele></trkpt>
      <trkpt lat="22.2659120782" lon="114.2136411329"><ele>298.000</ele></trkpt>
      <trkpt lat="22.2659114163" lon="114.2136450040"><ele>298.000</ele></trkpt>
      <trkpt lat="22.2659106965" lon="114.2136488536"><ele>298.000</ele></trkpt>
      <trkpt lat="22.2659096912" lon="114.2136538986"><ele>298.000</ele></trkpt>
      <trkpt lat="22.2659090239" lon="114.2136575717"><ele>298.000</ele></trkpt>
      <trkpt lat="22.2659082075" lon="114.2136615523"><ele>298.000</ele></trkpt>
      <trkpt lat="22.2659073027" lon="114.2136655154"><ele>298.000</ele></trkpt>
      <trkpt lat="22.2659063057" lon="114.2136694621"><ele>298.000</ele></trkpt>
      <trkpt lat="22.2659052184" lon="114.2136733815"><ele>298.000</ele></trkpt>
      <trkpt lat="22.2659040463" lon="114.2136772524"><ele>298.000</ele></trkpt>
      <trkpt lat="22.2659027946" lon="114.2136810903"><ele>298.000</ele></trkpt>
      <trkpt lat="22.2659014482" lon="114.2136849146"><ele>298.000</ele></trkpt>
      <trkpt lat="22.2659000151" lon="114.2136886952"><ele>298.000</ele></trkpt>
      <trkpt lat="22.2658985070" lon="114.2136924243"><ele>298.000</ele></trkpt>
      <trkpt lat="22.2658969123" lon="114.2136961273"><ele>298.000</ele></trkpt>
      <trkpt lat="22.2658952317" lon="114.2136997797"><ele>298.000</ele></trkpt>
      <trkpt lat="22.2658934672" lon="114.2137034079"><ele>298.000</ele></trkpt>
      <trkpt lat="22.2658914986" lon="114.2137072020"><ele>298.000</ele></trkpt>
      <trkpt lat="22.2658895237" lon="114.2137107399"><ele>298.000</ele></trkpt>
      <trkpt lat="22.2658875172" lon="114.2137141507"><ele>298.000</ele></trkpt>
      <trkpt lat="22.2658854556" lon="114.2137175129"><ele>298.000</ele></trkpt>
      <trkpt lat="22.2658833191" lon="114.2137208335"><ele>298.000</ele></trkpt>
      <trkpt lat="22.2658811230" lon="114.2137241016"><ele>298.000</ele></trkpt>
      <trkpt lat="22.2658788484" lon="114.2137273289"><ele>298.000</ele></trkpt>
      <trkpt lat="22.2658765142" lon="114.2137304913"><ele>298.000</ele></trkpt>
      <trkpt lat="22.2658741303" lon="114.2137335886"><ele>296.000</ele></trkpt>
      <trkpt lat="22.2658716805" lon="114.2137366422"><ele>296.000</ele></trkpt>
      <trkpt lat="22.2658691611" lon="114.2137396454"><ele>294.000</ele></trkpt>
      <trkpt lat="22.2658665750" lon="114.2137425913"><ele>294.000</ele></trkpt>
      <trkpt lat="22.2658639482" lon="114.2137454566"><ele>294.000</ele></trkpt>
      <trkpt lat="22.2658621235" lon="114.2137477643"><ele>294.000</ele></trkpt>
      <trkpt lat="22.2658601000" lon="114.2137503941"><ele>294.000</ele></trkpt>
      <trkpt lat="22.2658581344" lon="114.2137530762"><ele>294.000</ele></trkpt>
      <trkpt lat="22.2658561958" lon="114.2137557962"><ele>294.000</ele></trkpt>
      <trkpt lat="22.2658543240" lon="114.2137585473"><ele>294.000</ele></trkpt>
      <trkpt lat="22.2658524757" lon="114.2137613517"><ele>294.000</ele></trkpt>
      <trkpt lat="22.2658506788" lon="114.2137641882"><ele>294.000</ele></trkpt>
      <trkpt lat="22.2658489344" lon="114.2137670470"><ele>294.000</ele></trkpt>
      <trkpt lat="22.2658472685" lon="114.2137698942"><ele>294.000</ele></trkpt>
      <trkpt lat="22.2658447416" lon="114.2137744565"><ele>294.000</ele></trkpt>
      <trkpt lat="22.2658433836" lon="114.2137771786"><ele>294.000</ele></trkpt>
      <trkpt lat="22.2658420555" lon="114.2137800734"><ele>294.000</ele></trkpt>
      <trkpt lat="22.2658407986" lon="114.2137830177"><ele>294.000</ele></trkpt>
      <trkpt lat="22.2658403215" lon="114.2137842362"><ele>294.000</ele></trkpt>
      <trkpt lat="22.2658379816" lon="114.2137925301"><ele>294.000</ele></trkpt>
      <trkpt lat="22.2658365250" lon="114.2137961748"><ele>294.000</ele></trkpt>
      <trkpt lat="22.2658350295" lon="114.2138002872"><ele>294.000</ele></trkpt>
      <trkpt lat="22.2658337227" lon="114.2138046384"><ele>294.000</ele></trkpt>
      <trkpt lat="22.2658326362" lon="114.2138090749"><ele>294.000</ele></trkpt>
      <trkpt lat="22.2658318062" lon="114.2138135872"><ele>294.000</ele></trkpt>
      <trkpt lat="22.2658312154" lon="114.2138181064"><ele>294.000</ele></trkpt>
      <trkpt lat="22.2658308667" lon="114.2138226955"><ele>294.000</ele></trkpt>
      <trkpt lat="22.2658307763" lon="114.2138272837"><ele>294.000</ele></trkpt>
      <trkpt lat="22.2658309324" lon="114.2138318835"><ele>294.000</ele></trkpt>
      <trkpt lat="22.2658313593" lon="114.2138366038"><ele>294.000</ele></trkpt>
      <trkpt lat="22.2658325380" lon="114.2138438255"><ele>294.000</ele></trkpt>
      <trkpt lat="22.2658335087" lon="114.2138480366"><ele>294.000</ele></trkpt>
      <trkpt lat="22.2658344272" lon="114.2138517925"><ele>294.000</ele></trkpt>
      <trkpt lat="22.2658353827" lon="114.2138555495"><ele>294.000</ele></trkpt>
      <trkpt lat="22.2658363897" lon="114.2138592958"><ele>294.000</ele></trkpt>
      <trkpt lat="22.2658374255" lon="114.2138629936"><ele>294.000</ele></trkpt>
      <trkpt lat="22.2658385047" lon="114.2138667089"><ele>294.000</ele></trkpt>
      <trkpt lat="22.2658396354" lon="114.2138704165"><ele>294.000</ele></trkpt>
      <trkpt lat="22.2658407959" lon="114.2138740794"><ele>294.000</ele></trkpt>
      <trkpt lat="22.2658419926" lon="114.2138777258"><ele>294.000</ele></trkpt>
      <trkpt lat="22.2658432479" lon="114.2138814266"><ele>294.000</ele></trkpt>
      <trkpt lat="22.2658458760" lon="114.2138887156"><ele>295.000</ele></trkpt>
      <trkpt lat="22.2658564052" lon="114.2139147175"><ele>295.000</ele></trkpt>
      <trkpt lat="22.2659227836" lon="114.2140628180"><ele>299.000</ele></trkpt>
      <trkpt lat="22.2659241619" lon="114.2140660123"><ele>299.000</ele></trkpt>
      <trkpt lat="22.2659255076" lon="114.2140692183"><ele>299.000</ele></trkpt>
      <trkpt lat="22.2659268073" lon="114.2140724359"><ele>299.000</ele></trkpt>
      <trkpt lat="22.2659280726" lon="114.2140756710"><ele>299.000</ele></trkpt>
      <trkpt lat="22.2659292956" lon="114.2140789255"><ele>299.000</ele></trkpt>
      <trkpt lat="22.2659304859" lon="114.2140822042"><ele>299.000</ele></trkpt>
      <trkpt lat="22.2659316258" lon="114.2140854693"><ele>299.000</ele></trkpt>
      <trkpt lat="22.2659327286" lon="114.2140887790"><ele>299.000</ele></trkpt>
      <trkpt lat="22.2659337952" lon="114.2140920917"><ele>299.000</ele></trkpt>
      <trkpt lat="22.2659348149" lon="114.2140954256"><ele>299.000</ele></trkpt>
      <trkpt lat="22.2659358066" lon="114.2140987732"><ele>299.000</ele></trkpt>
      <trkpt lat="22.2659367423" lon="114.2141021207"><ele>299.000</ele></trkpt>
      <trkpt lat="22.2659379433" lon="114.2141066054"><ele>299.000</ele></trkpt>
      <trkpt lat="22.2659389954" lon="114.2141101257"><ele>299.000</ele></trkpt>
      <trkpt lat="22.2659398228" lon="114.2141132336"><ele>299.000</ele></trkpt>
      <trkpt lat="22.2659405626" lon="114.2141163666"><ele>299.000</ele></trkpt>
      <trkpt lat="22.2659412004" lon="114.2141194890"><ele>299.000</ele></trkpt>
      <trkpt lat="22.2659417388" lon="114.2141226433"><ele>299.000</ele></trkpt>
      <trkpt lat="22.2659421860" lon="114.2141258248"><ele>299.000</ele></trkpt>
      <trkpt lat="22.2659425392" lon="114.2141290354"><ele>298.000</ele></trkpt>
      <trkpt lat="22.2659427968" lon="114.2141322285"><ele>298.000</ele></trkpt>
      <trkpt lat="22.2659429523" lon="114.2141354283"><ele>298.000</ele></trkpt>
      <trkpt lat="22.2659430139" lon="114.2141386388"><ele>298.000</ele></trkpt>
      <trkpt lat="22.2659429743" lon="114.2141418474"><ele>298.000</ele></trkpt>
      <trkpt lat="22.2659428226" lon="114.2141454614"><ele>298.000</ele></trkpt>
      <trkpt lat="22.2659426620" lon="114.2141489105"><ele>298.000</ele></trkpt>
      <trkpt lat="22.2659424238" lon="114.2141521423"><ele>298.000</ele></trkpt>
      <trkpt lat="22.2659420880" lon="114.2141553935"><ele>298.000</ele></trkpt>
      <trkpt lat="22.2659416691" lon="114.2141586640"><ele>298.000</ele></trkpt>
      <trkpt lat="22.2659411744" lon="114.2141618879"><ele>298.000</ele></trkpt>
      <trkpt lat="22.2659405894" lon="114.2141650682"><ele>298.000</ele></trkpt>
      <trkpt lat="22.2659399095" lon="114.2141682600"><ele>298.000</ele></trkpt>
      <trkpt lat="22.2659391457" lon="114.2141714538"><ele>298.000</ele></trkpt>
      <trkpt lat="22.2659383097" lon="114.2141745923"><ele>298.000</ele></trkpt>
      <trkpt lat="22.2659373887" lon="114.2141776842"><ele>298.000</ele></trkpt>
      <trkpt lat="22.2659363775" lon="114.2141807721"><ele>298.000</ele></trkpt>
      <trkpt lat="22.2659352841" lon="114.2141838213"><ele>298.000</ele></trkpt>
      <trkpt lat="22.2659341329" lon="114.2141867821"><ele>298.000</ele></trkpt>
      <trkpt lat="22.2659317105" lon="114.2141924156"><ele>298.000</ele></trkpt>
      <trkpt lat="22.2659303740" lon="114.2141961710"><ele>298.000</ele></trkpt>
      <trkpt lat="22.2659291839" lon="114.2141992822"><ele>298.000</ele></trkpt>
      <trkpt lat="22.2659279298" lon="114.2142023837"><ele>298.000</ele></trkpt>
      <trkpt lat="22.2659266187" lon="114.2142054356"><ele>298.000</ele></trkpt>
      <trkpt lat="22.2659252390" lon="114.2142084604"><ele>298.000</ele></trkpt>
      <trkpt lat="22.2659237943" lon="114.2142114658"><ele>298.000</ele></trkpt>
      <trkpt lat="22.2659223000" lon="114.2142144188"><ele>298.000</ele></trkpt>
      <trkpt lat="22.2659207397" lon="114.2142173378"><ele>296.000</ele></trkpt>
      <trkpt lat="22.2659191262" lon="114.2142202131"><ele>296.000</ele></trkpt>
      <trkpt lat="22.2659174729" lon="114.2142230011"><ele>296.000</ele></trkpt>
      <trkpt lat="22.2659147131" lon="114.2142273829"><ele>296.000</ele></trkpt>
      <trkpt lat="22.2659129913" lon="114.2142297333"><ele>296.000</ele></trkpt>
      <trkpt lat="22.2659109976" lon="114.2142323349"><ele>296.000</ele></trkpt>
      <trkpt lat="22.2659089444" lon="114.2142349026"><ele>296.000</ele></trkpt>
      <trkpt lat="22.2659068505" lon="114.2142374071"><ele>296.000</ele></trkpt>
      <trkpt lat="22.2659047078" lon="114.2142398671"><ele>296.000</ele></trkpt>
      <trkpt lat="22.2659025155" lon="114.2142422659"><ele>296.000</ele></trkpt>
      <trkpt lat="22.2659002646" lon="114.2142446297"><ele>296.000</ele></trkpt>
      <trkpt lat="22.2658979730" lon="114.2142469305"><ele>296.000</ele></trkpt>
      <trkpt lat="22.2658956407" lon="114.2142491798"><ele>296.000</ele></trkpt>
      <trkpt lat="22.2658932516" lon="114.2142513738"><ele>296.000</ele></trkpt>
      <trkpt lat="22.2658908183" lon="114.2142535242"><ele>296.000</ele></trkpt>
      <trkpt lat="22.2658883560" lon="114.2142556047"><ele>296.000</ele></trkpt>
      <trkpt lat="22.2658858550" lon="114.2142576201"><ele>296.000</ele></trkpt>
      <trkpt lat="22.2658833052" lon="114.2142595813"><ele>296.000</ele></trkpt>
      <trkpt lat="22.2658807662" lon="114.2142614483"><ele>296.000</ele></trkpt>
      <trkpt lat="22.2658748972" lon="114.2142654906"><ele>294.000</ele></trkpt>
      <trkpt lat="22.2658715570" lon="114.2142684227"><ele>294.000</ele></trkpt>
      <trkpt lat="22.2658688409" lon="114.2142708417"><ele>294.000</ele></trkpt>
      <trkpt lat="22.2658661221" lon="114.2142732918"><ele>295.000</ele></trkpt>
      <trkpt lat="22.2658634232" lon="114.2142757700"><ele>295.000</ele></trkpt>
      <trkpt lat="22.2658607522" lon="114.2142782492"><ele>295.000</ele></trkpt>
      <trkpt lat="22.2658580704" lon="114.2142807779"><ele>295.000</ele></trkpt>
      <trkpt lat="22.2658554284" lon="114.2142833153"><ele>295.000</ele></trkpt>
      <trkpt lat="22.2658528134" lon="114.2142858556"><ele>295.000</ele></trkpt>
      <trkpt lat="22.2658501506" lon="114.2142884726"><ele>295.000</ele></trkpt>
      <trkpt lat="22.2658475916" lon="114.2142910323"><ele>295.000</ele></trkpt>
      <trkpt lat="22.2658450236" lon="114.2142936416"><ele>295.000</ele></trkpt>
      <trkpt lat="22.2658424583" lon="114.2142962760"><ele>295.000</ele></trkpt>
      <trkpt lat="22.2658395533" lon="114.2142993111"><ele>295.000</ele></trkpt>
      <trkpt lat="22.2658369835" lon="114.2143018262"><ele>295.000</ele></trkpt>
      <trkpt lat="22.2658341725" lon="114.2143047895"><ele>295.000</ele></trkpt>
      <trkpt lat="22.2658314454" lon="114.2143078624"><ele>295.000</ele></trkpt>
      <trkpt lat="22.2658288059" lon="114.2143110800"><ele>292.000</ele></trkpt>
      <trkpt lat="22.2658263064" lon="114.2143143771"><ele>292.000</ele></trkpt>
      <trkpt lat="22.2658239152" lon="114.2143177548"><ele>292.000</ele></trkpt>
      <trkpt lat="22.2658216396" lon="114.2143212363"><ele>292.000</ele></trkpt>
      <trkpt lat="22.2658194696" lon="114.2143248207"><ele>292.000</ele></trkpt>
      <trkpt lat="22.2658174459" lon="114.2143284760"><ele>292.000</ele></trkpt>
      <trkpt lat="22.2658155405" lon="114.2143321905"><ele>292.000</ele></trkpt>
      <trkpt lat="22.2658137542" lon="114.2143360147"><ele>292.000</ele></trkpt>
      <trkpt lat="22.2658121143" lon="114.2143398816"><ele>292.000</ele></trkpt>
      <trkpt lat="22.2658106025" lon="114.2143438067"><ele>292.000</ele></trkpt>
      <trkpt lat="22.2658092154" lon="114.2143478143"><ele>292.000</ele></trkpt>
      <trkpt lat="22.2658079673" lon="114.2143519016"><ele>292.000</ele></trkpt>
      <trkpt lat="22.2658068646" lon="114.2143560616"><ele>292.000</ele></trkpt>
      <trkpt lat="22.2658058471" lon="114.2143591020"><ele>292.000</ele></trkpt>
      <trkpt lat="22.2658046659" lon="114.2143626954"><ele>292.000</ele></trkpt>
      <trkpt lat="22.2658035137" lon="114.2143662986"><ele>292.000</ele></trkpt>
      <trkpt lat="22.2658023867" lon="114.2143698881"><ele>294.000</ele></trkpt>
      <trkpt lat="22.2658012760" lon="114.2143734825"><ele>294.000</ele></trkpt>
      <trkpt lat="22.2658001789" lon="114.2143771157"><ele>294.000</ele></trkpt>
      <trkpt lat="22.2657991133" lon="114.2143807373"><ele>294.000</ele></trkpt>
      <trkpt lat="22.2657980676" lon="114.2143843520"><ele>294.000</ele></trkpt>
      <trkpt lat="22.2657970364" lon="114.2143880047"><ele>294.000</ele></trkpt>
      <trkpt lat="22.2657960350" lon="114.2143916466"><ele>294.000</ele></trkpt>
      <trkpt lat="22.2657950543" lon="114.2143952808"><ele>294.000</ele></trkpt>
      <trkpt lat="22.2657940917" lon="114.2143989345"><ele>294.000</ele></trkpt>
      <trkpt lat="22.2657931444" lon="114.2144026017"><ele>294.000</ele></trkpt>
      <trkpt lat="22.2657922306" lon="114.2144062611"><ele>294.000</ele></trkpt>
      <trkpt lat="22.2657913203" lon="114.2144099380"><ele>294.000</ele></trkpt>
      <trkpt lat="22.2657904480" lon="114.2144136256"><ele>294.000</ele></trkpt>
      <trkpt lat="22.2657895884" lon="114.2144172948"><ele>294.000</ele></trkpt>
      <trkpt lat="22.2657887513" lon="114.2144209960"><ele>294.000</ele></trkpt>
      <trkpt lat="22.2657879340" lon="114.2144247040"><ele>294.000</ele></trkpt>
      <trkpt lat="22.2657871448" lon="114.2144284110"><ele>294.000</ele></trkpt>
      <trkpt lat="22.2657863782" lon="114.2144321103"><ele>294.000</ele></trkpt>
      <trkpt lat="22.2657856296" lon="114.2144358086"><ele>294.000</ele></trkpt>
      <trkpt lat="22.2657848954" lon="114.2144395399"><ele>292.000</ele></trkpt>
      <trkpt lat="22.2657842155" lon="114.2144431402"><ele>292.000</ele></trkpt>
      <trkpt lat="22.2657834859" lon="114.2144464407"><ele>292.000</ele></trkpt>
      <trkpt lat="22.2657826940" lon="114.2144499042"><ele>292.000</ele></trkpt>
      <trkpt lat="22.2657818642" lon="114.2144533725"><ele>292.000</ele></trkpt>
      <trkpt lat="22.2657810163" lon="114.2144568370"><ele>292.000</ele></trkpt>
      <trkpt lat="22.2657801342" lon="114.2144602956"><ele>292.000</ele></trkpt>
      <trkpt lat="22.2657792348" lon="114.2144637358"><ele>292.000</ele></trkpt>
      <trkpt lat="22.2657783039" lon="114.2144671634"><ele>293.000</ele></trkpt>
      <trkpt lat="22.2657773449" lon="114.2144705880"><ele>293.000</ele></trkpt>
      <trkpt lat="22.2657763580" lon="114.2144740000"><ele>293.000</ele></trkpt>
      <trkpt lat="22.2657753430" lon="114.2144774179"><ele>293.000</ele></trkpt>
      <trkpt lat="22.2657743037" lon="114.2144808202"><ele>293.000</ele></trkpt>
      <trkpt lat="22.2657732409" lon="114.2144842070"><ele>293.000</ele></trkpt>
      <trkpt lat="22.2657721493" lon="114.2144875811"><ele>293.000</ele></trkpt>
      <trkpt lat="22.2657710323" lon="114.2144909552"><ele>293.000</ele></trkpt>
      <trkpt lat="22.2657698882" lon="114.2144943110"><ele>293.000</ele></trkpt>
      <trkpt lat="22.2657687171" lon="114.2144976696"><ele>293.000</ele></trkpt>
      <trkpt lat="22.2657673372" lon="114.2145015239"><ele>293.000</ele></trkpt>
      <trkpt lat="22.2657661823" lon="114.2145048263"><ele>293.000</ele></trkpt>
      <trkpt lat="22.2657650302" lon="114.2145078385"><ele>293.000</ele></trkpt>
      <trkpt lat="22.2657637941" lon="114.2145108265"><ele>293.000</ele></trkpt>
      <trkpt lat="22.2657624813" lon="114.2145137640"><ele>293.000</ele></trkpt>
      <trkpt lat="22.2657610899" lon="114.2145166587"><ele>293.000</ele></trkpt>
      <trkpt lat="22.2657596227" lon="114.2145195030"><ele>293.000</ele></trkpt>
      <trkpt lat="22.2657580931" lon="114.2145222658"><ele>293.000</ele></trkpt>
      <trkpt lat="22.2657556178" lon="114.2145264100"><ele>293.000</ele></trkpt>
      <trkpt lat="22.2657538298" lon="114.2145297093"><ele>293.000</ele></trkpt>
      <trkpt lat="22.2657522118" lon="114.2145325108"><ele>293.000</ele></trkpt>
      <trkpt lat="22.2657505369" lon="114.2145352561"><ele>293.000</ele></trkpt>
      <trkpt lat="22.2657487933" lon="114.2145379315"><ele>293.000</ele></trkpt>
      <trkpt lat="22.2657469785" lon="114.2145405584"><ele>293.000</ele></trkpt>
      <trkpt lat="22.2657450914" lon="114.2145431348"><ele>293.000</ele></trkpt>
      <trkpt lat="22.2657431302" lon="114.2145456637"><ele>293.000</ele></trkpt>
      <trkpt lat="22.2657411041" lon="114.2145481411"><ele>293.000</ele></trkpt>
      <trkpt lat="22.2657390400" lon="114.2145505293"><ele>290.000</ele></trkpt>
      <trkpt lat="22.2657369037" lon="114.2145528572"><ele>290.000</ele></trkpt>
      <trkpt lat="22.2657347033" lon="114.2145551260"><ele>290.000</ele></trkpt>
      <trkpt lat="22.2657324361" lon="114.2145573356"><ele>290.000</ele></trkpt>
      <trkpt lat="22.2657301328" lon="114.2145594665"><ele>290.000</ele></trkpt>
      <trkpt lat="22.2657277573" lon="114.2145615276"><ele>290.000</ele></trkpt>
      <trkpt lat="22.2657253348" lon="114.2145635266"><ele>292.000</ele></trkpt>
      <trkpt lat="22.2657228771" lon="114.2145654315"><ele>292.000</ele></trkpt>
      <trkpt lat="22.2657203499" lon="114.2145672742"><ele>292.000</ele></trkpt>
      <trkpt lat="22.2657177739" lon="114.2145690500"><ele>292.000</ele></trkpt>
      <trkpt lat="22.2657151673" lon="114.2145707356"><ele>292.000</ele></trkpt>
      <trkpt lat="22.2657125318" lon="114.2145723289"><ele>292.000</ele></trkpt>
      <trkpt lat="22.2657090798" lon="114.2145742743"><ele>292.000</ele></trkpt>
      <trkpt lat="22.2656704124" lon="114.2145972854"><ele>288.000</ele></trkpt>
      <trkpt lat="22.2656416332" lon="114.2146143207"><ele>286.000</ele></trkpt>
      <trkpt lat="22.2656254691" lon="114.2146226331"><ele>286.000</ele></trkpt>
      <trkpt lat="22.2656221291" lon="114.2146245164"><ele>286.000</ele></trkpt>
      <trkpt lat="22.2656189264" lon="114.2146263687"><ele>286.000</ele></trkpt>
      <trkpt lat="22.2656157617" lon="114.2146282724"><ele>286.000</ele></trkpt>
      <trkpt lat="22.2656126068" lon="114.2146302168"><ele>286.000</ele></trkpt>
      <trkpt lat="22.2656094826" lon="114.2146322176"><ele>286.000</ele></trkpt>
      <trkpt lat="22.2656063846" lon="114.2146342542"><ele>286.000</ele></trkpt>
      <trkpt lat="22.2656032469" lon="114.2146363898"><ele>286.000</ele></trkpt>
      <trkpt lat="22.2656002708" lon="114.2146384672"><ele>286.000</ele></trkpt>
      <trkpt lat="22.2655972514" lon="114.2146406426"><ele>286.000</ele></trkpt>
      <trkpt lat="22.2655942500" lon="114.2146428695"><ele>286.000</ele></trkpt>
      <trkpt lat="22.2655913000" lon="114.2146451283"><ele>286.000</ele></trkpt>
      <trkpt lat="22.2655883564" lon="114.2146474377"><ele>286.000</ele></trkpt>
      <trkpt lat="22.2655854633" lon="114.2146497877"><ele>286.000</ele></trkpt>
      <trkpt lat="22.2655825892" lon="114.2146521689"><ele>286.000</ele></trkpt>
      <trkpt lat="22.2655797241" lon="114.2146546257"><ele>286.000</ele></trkpt>
      <trkpt lat="22.2655769258" lon="114.2146570990"><ele>286.000</ele></trkpt>
      <trkpt lat="22.2655741474" lon="114.2146596131"><ele>286.000</ele></trkpt>
      <trkpt lat="22.2655713889" lon="114.2146621844"><ele>287.000</ele></trkpt>
      <trkpt lat="22.2655686962" lon="114.2146647703"><ele>287.000</ele></trkpt>
      <trkpt lat="22.2655659955" lon="114.2146674134"><ele>287.000</ele></trkpt>
      <trkpt lat="22.2655628078" lon="114.2146706619"><ele>287.000</ele></trkpt>
      <trkpt lat="22.2655602181" lon="114.2146733904"><ele>287.000</ele></trkpt>
      <trkpt lat="22.2655576690" lon="114.2146761287"><ele>286.000</ele></trkpt>
      <trkpt lat="22.2655551659" lon="114.2146788873"><ele>286.000</ele></trkpt>
      <trkpt lat="22.2655526900" lon="114.2146816557"><ele>286.000</ele></trkpt>
      <trkpt lat="22.2655502258" lon="114.2146844754"><ele>286.000</ele></trkpt>
      <trkpt lat="22.2655478067" lon="114.2146873040"><ele>286.000</ele></trkpt>
      <trkpt lat="22.2655454147" lon="114.2146901432"><ele>286.000</ele></trkpt>
      <trkpt lat="22.2655430254" lon="114.2146930328"><ele>286.000</ele></trkpt>
      <trkpt lat="22.2655406632" lon="114.2146959652"><ele>286.000</ele></trkpt>
      <trkpt lat="22.2655383480" lon="114.2146988966"><ele>286.000</ele></trkpt>
      <trkpt lat="22.2655360698" lon="114.2147018445"><ele>286.000</ele></trkpt>
      <trkpt lat="22.2655337997" lon="114.2147048157"><ele>286.000</ele></trkpt>
      <trkpt lat="22.2655315440" lon="114.2147078490"><ele>286.000</ele></trkpt>
      <trkpt lat="22.2655293389" lon="114.2147108813"><ele>286.000</ele></trkpt>
      <trkpt lat="22.2655271456" lon="114.2147139485"><ele>286.000</ele></trkpt>
      <trkpt lat="22.2655217678" lon="114.2147217031"><ele>286.000</ele></trkpt>
      <trkpt lat="22.2655196521" lon="114.2147248266"><ele>286.000</ele></trkpt>
      <trkpt lat="22.2655175816" lon="114.2147279560"><ele>286.000</ele></trkpt>
      <trkpt lat="22.2655155263" lon="114.2147311097"><ele>286.000</ele></trkpt>
      <trkpt lat="22.2655135009" lon="114.2147342973"><ele>286.000</ele></trkpt>
      <trkpt lat="22.2655115062" lon="114.2147375004"><ele>286.000</ele></trkpt>
      <trkpt lat="22.2655095359" lon="114.2147407375"><ele>286.000</ele></trkpt>
      <trkpt lat="22.2655076125" lon="114.2147439717"><ele>286.000</ele></trkpt>
      <trkpt lat="22.2655057081" lon="114.2147472360"><ele>286.000</ele></trkpt>
      <trkpt lat="22.2655038380" lon="114.2147505168"><ele>286.000</ele></trkpt>
      <trkpt lat="22.2655019931" lon="114.2147538200"><ele>286.000</ele></trkpt>
      <trkpt lat="22.2655001826" lon="114.2147571444"><ele>286.000</ele></trkpt>
      <trkpt lat="22.2654983965" lon="114.2147604854"><ele>286.000</ele></trkpt>
      <trkpt lat="22.2654966483" lon="114.2147638468"><ele>286.000</ele></trkpt>
      <trkpt lat="22.2654949307" lon="114.2147672120"><ele>286.000</ele></trkpt>
      <trkpt lat="22.2654932331" lon="114.2147706258"><ele>286.000</ele></trkpt>
      <trkpt lat="22.2654912354" lon="114.2147747477"><ele>286.000</ele></trkpt>
      <trkpt lat="22.2654639076" lon="114.2148218602"><ele>282.000</ele></trkpt>
      <trkpt lat="22.2654622734" lon="114.2148244193"><ele>282.000</ele></trkpt>
      <trkpt lat="22.2654605280" lon="114.2148269540"><ele>282.000</ele></trkpt>
      <trkpt lat="22.2654587223" lon="114.2148293820"><ele>282.000</ele></trkpt>
      <trkpt lat="22.2654567991" lon="114.2148317614"><ele>282.000</ele></trkpt>
      <trkpt lat="22.2654548145" lon="114.2148340652"><ele>282.000</ele></trkpt>
      <trkpt lat="22.2654527469" lon="114.2148362689"><ele>282.000</ele></trkpt>
      <trkpt lat="22.2654506106" lon="114.2148383990"><ele>282.000</ele></trkpt>
      <trkpt lat="22.2654483886" lon="114.2148404388"><ele>282.000</ele></trkpt>
      <trkpt lat="22.2654460989" lon="114.2148424028"><ele>282.000</ele></trkpt>
      <trkpt lat="22.2654437640" lon="114.2148442486"><ele>282.000</ele></trkpt>
      <trkpt lat="22.2654413470" lon="114.2148460118"><ele>282.000</ele></trkpt>
      <trkpt lat="22.2654389508" lon="114.2148476285"><ele>282.000</ele></trkpt>
      <trkpt lat="22.2654339092" lon="114.2148506523"><ele>282.000</ele></trkpt>
      <trkpt lat="22.2654308572" lon="114.2148526734"><ele>282.000</ele></trkpt>
      <trkpt lat="22.2654286951" lon="114.2148537236"><ele>282.000</ele></trkpt>
      <trkpt lat="22.2654258537" lon="114.2148550181"><ele>282.000</ele></trkpt>
      <trkpt lat="22.2654230115" lon="114.2148562165"><ele>283.000</ele></trkpt>
      <trkpt lat="22.2654201052" lon="114.2148573460"><ele>283.000</ele></trkpt>
      <trkpt lat="22.2654171880" lon="114.2148583960"><ele>283.000</ele></trkpt>
      <trkpt lat="22.2654142537" lon="114.2148593567"><ele>283.000</ele></trkpt>
      <trkpt lat="22.2654112942" lon="114.2148602397"><ele>283.000</ele></trkpt>
      <trkpt lat="22.2654083048" lon="114.2148610374"><ele>283.000</ele></trkpt>
      <trkpt lat="22.2654052957" lon="114.2148617575"><ele>283.000</ele></trkpt>
      <trkpt lat="22.2654022847" lon="114.2148623873"><ele>283.000</ele></trkpt>
      <trkpt lat="22.2653992512" lon="114.2148629347"><ele>283.000</ele></trkpt>
      <trkpt lat="22.2653961906" lon="114.2148634034"><ele>283.000</ele></trkpt>
      <trkpt lat="22.2653931435" lon="114.2148637839"><ele>283.000</ele></trkpt>
      <trkpt lat="22.2653900929" lon="114.2148640771"><ele>283.000</ele></trkpt>
      <trkpt lat="22.2653870215" lon="114.2148642839"><ele>283.000</ele></trkpt>
      <trkpt lat="22.2653839592" lon="114.2148644043"><ele>283.000</ele></trkpt>
      <trkpt lat="22.2653808707" lon="114.2148644384"><ele>283.000</ele></trkpt>
      <trkpt lat="22.2653777994" lon="114.2148643939"><ele>285.000</ele></trkpt>
      <trkpt lat="22.2653747290" lon="114.2148642553"><ele>285.000</ele></trkpt>
      <trkpt lat="22.2653716496" lon="114.2148640362"><ele>285.000</ele></trkpt>
      <trkpt lat="22.2653685946" lon="114.2148637327"><ele>285.000</ele></trkpt>
      <trkpt lat="22.2653655414" lon="114.2148633418"><ele>285.000</ele></trkpt>
      <trkpt lat="22.2653624919" lon="114.2148628636"><ele>285.000</ele></trkpt>
      <trkpt lat="22.2653594559" lon="114.2148623059"><ele>285.000</ele></trkpt>
      <trkpt lat="22.2653564453" lon="114.2148616647"><ele>285.000</ele></trkpt>
      <trkpt lat="22.2653534572" lon="114.2148609392"><ele>285.000</ele></trkpt>
      <trkpt lat="22.2653504773" lon="114.2148601224"><ele>285.000</ele></trkpt>
      <trkpt lat="22.2653474956" lon="114.2148592232"><ele>285.000</ele></trkpt>
      <trkpt lat="22.2653445608" lon="114.2148582522"><ele>285.000</ele></trkpt>
      <trkpt lat="22.2653416667" lon="114.2148572006"><ele>285.000</ele></trkpt>
      <trkpt lat="22.2653387628" lon="114.2148560492"><ele>285.000</ele></trkpt>
      <trkpt lat="22.2653358958" lon="114.2148548337"><ele>285.000</ele></trkpt>
      <trkpt lat="22.2653331526" lon="114.2148535697"><ele>282.000</ele></trkpt>
      <trkpt lat="22.2653276093" lon="114.2148507633"><ele>282.000</ele></trkpt>
      <trkpt lat="22.2653194097" lon="114.2148461079"><ele>282.000</ele></trkpt>
      <trkpt lat="22.2653099869" lon="114.2148392536"><ele>282.000</ele></trkpt>
      <trkpt lat="22.2652748199" lon="114.2148155173"><ele>282.000</ele></trkpt>
      <trkpt lat="22.2652513049" lon="114.2148003406"><ele>280.000</ele></trkpt>
      <trkpt lat="22.2652412282" lon="114.2147938888"><ele>280.000</ele></trkpt>
      <trkpt lat="22.2652347570" lon="114.2147891436"><ele>280.000</ele></trkpt>
      <trkpt lat="22.2652246137" lon="114.2147818458"><ele>280.000</ele></trkpt>
      <trkpt lat="22.2652219501" lon="114.2147797639"><ele>280.000</ele></trkpt>
      <trkpt lat="22.2652188974" lon="114.2147774675"><ele>280.000</ele></trkpt>
      <trkpt lat="22.2652157878" lon="114.2147752323"><ele>280.000</ele></trkpt>
      <trkpt lat="22.2652126519" lon="114.2147730795"><ele>280.000</ele></trkpt>
      <trkpt lat="22.2652094772" lon="114.2147709897"><ele>280.000</ele></trkpt>
      <trkpt lat="22.2652062628" lon="114.2147689727"><ele>280.000</ele></trkpt>
      <trkpt lat="22.2652029960" lon="114.2147670111"><ele>280.000</ele></trkpt>
      <trkpt lat="22.2651996876" lon="114.2147651328"><ele>280.000</ele></trkpt>
      <trkpt lat="22.2651963033" lon="114.2147633001"><ele>281.000</ele></trkpt>
      <trkpt lat="22.2651934347" lon="114.2147616014"><ele>281.000</ele></trkpt>
      <trkpt lat="22.2651902455" lon="114.2147597698"><ele>281.000</ele></trkpt>
      <trkpt lat="22.2651870554" lon="114.2147579837"><ele>281.000</ele></trkpt>
      <trkpt lat="22.2651838372" lon="114.2147562345"><ele>278.000</ele></trkpt>
      <trkpt lat="22.2651806010" lon="114.2147545250"><ele>278.000</ele></trkpt>
      <trkpt lat="22.2651773459" lon="114.2147528564"><ele>278.000</ele></trkpt>
      <trkpt lat="22.2651740718" lon="114.2147512284"><ele>278.000</ele></trkpt>
      <trkpt lat="22.2651707786" lon="114.2147496422"><ele>278.000</ele></trkpt>
      <trkpt lat="22.2651674738" lon="114.2147480986"><ele>278.000</ele></trkpt>
      <trkpt lat="22.2651641590" lon="114.2147465958"><ele>278.000</ele></trkpt>
      <trkpt lat="22.2651608252" lon="114.2147451338"><ele>278.000</ele></trkpt>
      <trkpt lat="22.2651574761" lon="114.2147437096"><ele>278.000</ele></trkpt>
      <trkpt lat="22.2651540881" lon="114.2147423222"><ele>278.000</ele></trkpt>
      <trkpt lat="22.2651507064" lon="114.2147409882"><ele>278.000</ele></trkpt>
      <trkpt lat="22.2651473256" lon="114.2147397018"><ele>278.000</ele></trkpt>
      <trkpt lat="22.2651439169" lon="114.2147384434"><ele>278.000</ele></trkpt>
      <trkpt lat="22.2651404819" lon="114.2147372287"><ele>278.000</ele></trkpt>
      <trkpt lat="22.2651370325" lon="114.2147360568"><ele>278.000</ele></trkpt>
      <trkpt lat="22.2651336002" lon="114.2147349411"><ele>278.000</ele></trkpt>
      <trkpt lat="22.2651301444" lon="114.2147338554"><ele>278.000</ele></trkpt>
      <trkpt lat="22.2651266615" lon="114.2147328144"><ele>278.000</ele></trkpt>
      <trkpt lat="22.2651231651" lon="114.2147318151"><ele>278.000</ele></trkpt>
      <trkpt lat="22.2651196894" lon="114.2147308731"><ele>278.000</ele></trkpt>
      <trkpt lat="22.2651161956" lon="114.2147299591"><ele>278.000</ele></trkpt>
      <trkpt lat="22.2651126477" lon="114.2147290879"><ele>278.000</ele></trkpt>
      <trkpt lat="22.2651084514" lon="114.2147281204"><ele>278.000</ele></trkpt>
      <trkpt lat="22.2651046704" lon="114.2147274383"><ele>280.000</ele></trkpt>
      <trkpt lat="22.2651010890" lon="114.2147268339"><ele>280.000</ele></trkpt>
      <trkpt lat="22.2650974913" lon="114.2147262905"><ele>280.000</ele></trkpt>
      <trkpt lat="22.2650939216" lon="114.2147257919"><ele>280.000</ele></trkpt>
      <trkpt lat="22.2650903302" lon="114.2147253426"><ele>280.000</ele></trkpt>
      <trkpt lat="22.2650867433" lon="114.2147249352"><ele>280.000</ele></trkpt>
      <trkpt lat="22.2650831357" lon="114.2147245762"><ele>280.000</ele></trkpt>
      <trkpt lat="22.2650795190" lon="114.2147242676"><ele>280.000</ele></trkpt>
      <trkpt lat="22.2650759203" lon="114.2147240125"><ele>280.000</ele></trkpt>
      <trkpt lat="22.2650723144" lon="114.2147237981"><ele>280.000</ele></trkpt>
      <trkpt lat="22.2650687167" lon="114.2147236341"><ele>280.000</ele></trkpt>
      <trkpt lat="22.2650650909" lon="114.2147235109"><ele>280.000</ele></trkpt>
      <trkpt lat="22.2650614651" lon="114.2147234488"><ele>280.000</ele></trkpt>
      <trkpt lat="22.2650578763" lon="114.2147234274"><ele>280.000</ele></trkpt>
      <trkpt lat="22.2650542505" lon="114.2147234468"><ele>280.000</ele></trkpt>
      <trkpt lat="22.2650506256" lon="114.2147235273"><ele>280.000</ele></trkpt>
      <trkpt lat="22.2650470178" lon="114.2147236486"><ele>280.000</ele></trkpt>
      <trkpt lat="22.2650434190" lon="114.2147238203"><ele>280.000</ele></trkpt>
      <trkpt lat="22.2650398040" lon="114.2147240348"><ele>280.000</ele></trkpt>
      <trkpt lat="22.2650361782" lon="114.2147243093"><ele>280.000</ele></trkpt>
      <trkpt lat="22.2650326074" lon="114.2147246227"><ele>280.000</ele></trkpt>
      <trkpt lat="22.2650290086" lon="114.2147249768"><ele>280.000</ele></trkpt>
      <trkpt lat="22.2650254107" lon="114.2147253853"><ele>280.000</ele></trkpt>
      <trkpt lat="22.2650217766" lon="114.2147258481"><ele>280.000</ele></trkpt>
      <trkpt lat="22.2650160067" lon="114.2147266916"><ele>278.000</ele></trkpt>
      <trkpt lat="22.2649937551" lon="114.2147309459"><ele>278.000</ele></trkpt>
      <trkpt lat="22.2649465973" lon="114.2147412951"><ele>276.000</ele></trkpt>
      <trkpt lat="22.2649399224" lon="114.2147427137"><ele>276.000</ele></trkpt>
      <trkpt lat="22.2649332178" lon="114.2147441090"><ele>276.000</ele></trkpt>
      <trkpt lat="22.2649231400" lon="114.2147461690"><ele>276.000</ele></trkpt>
      <trkpt lat="22.2649164434" lon="114.2147474925"><ele>276.000</ele></trkpt>
      <trkpt lat="22.2649063295" lon="114.2147494506"><ele>276.000</ele></trkpt>
      <trkpt lat="22.2648996186" lon="114.2147507276"><ele>276.000</ele></trkpt>
      <trkpt lat="22.2648895174" lon="114.2147525828"><ele>276.000</ele></trkpt>
      <trkpt lat="22.2648794134" lon="114.2147543818"><ele>276.000</ele></trkpt>
      <trkpt lat="22.2648692852" lon="114.2147561225"><ele>276.000</ele></trkpt>
      <trkpt lat="22.2648591605" lon="114.2147578158"><ele>278.000</ele></trkpt>
      <trkpt lat="22.2648524080" lon="114.2147589015"><ele>278.000</ele></trkpt>
      <trkpt lat="22.2648456546" lon="114.2147599689"><ele>278.000</ele></trkpt>
      <trkpt lat="22.2648388850" lon="114.2147610072"><ele>278.000</ele></trkpt>
      <trkpt lat="22.2648321750" lon="114.2147620173"><ele>278.000</ele></trkpt>
      <trkpt lat="22.2648219194" lon="114.2147637212"><ele>278.000</ele></trkpt>
      <trkpt lat="22.2648117948" lon="114.2147653261"><ele>278.000</ele></trkpt>
      <trkpt lat="22.2648016403" lon="114.2147668844"><ele>278.000</ele></trkpt>
      <trkpt lat="22.2647948951" lon="114.2147678800"><ele>278.000</ele></trkpt>
      <trkpt lat="22.2647847362" lon="114.2147693229"><ele>278.000</ele></trkpt>
      <trkpt lat="22.2647745845" lon="114.2147707056"><ele>278.000</ele></trkpt>
      <trkpt lat="22.2647644184" lon="114.2147720214"><ele>278.000</ele></trkpt>
      <trkpt lat="22.2647545313" lon="114.2147732393"><ele>278.000</ele></trkpt>
      <trkpt lat="22.2647511619" lon="114.2147737080"><ele>278.000</ele></trkpt>
      <trkpt lat="22.2647480625" lon="114.2147740680"><ele>278.000</ele></trkpt>
      <trkpt lat="22.2647449649" lon="114.2147743476"><ele>276.000</ele></trkpt>
      <trkpt lat="22.2647418475" lon="114.2147745486"><ele>276.000</ele></trkpt>
      <trkpt lat="22.2647387210" lon="114.2147746806"><ele>276.000</ele></trkpt>
      <trkpt lat="22.2647356136" lon="114.2147747322"><ele>276.000</ele></trkpt>
      <trkpt lat="22.2647325052" lon="114.2147747052"><ele>276.000</ele></trkpt>
      <trkpt lat="22.2647293798" lon="114.2147745986"><ele>276.000</ele></trkpt>
      <trkpt lat="22.2647262850" lon="114.2147744221"><ele>276.000</ele></trkpt>
      <trkpt lat="22.2647247038" lon="114.2147742868"><ele>276.000</ele></trkpt>
      <trkpt lat="22.2647072054" lon="114.2147726638"><ele>276.000</ele></trkpt>
      <trkpt lat="22.2646906196" lon="114.2147695798"><ele>275.000</ele></trkpt>
      <trkpt lat="22.2646740340" lon="114.2147651939"><ele>275.000</ele></trkpt>
      <trkpt lat="22.2646604890" lon="114.2147608281"><ele>275.000</ele></trkpt>
      <trkpt lat="22.2646477948" lon="114.2147563762"><ele>272.000</ele></trkpt>
      <trkpt lat="22.2646335611" lon="114.2147507092"><ele>272.000</ele></trkpt>
      <trkpt lat="22.2646221929" lon="114.2147445986"><ele>272.000</ele></trkpt>
      <trkpt lat="22.2646136965" lon="114.2147382405"><ele>272.000</ele></trkpt>
      <trkpt lat="22.2646064103" lon="114.2147319825"><ele>272.000</ele></trkpt>
      <trkpt lat="22.2646002259" lon="114.2147248633"><ele>272.000</ele></trkpt>
      <trkpt lat="22.2645946098" lon="114.2147168439"><ele>272.000</ele></trkpt>
      <trkpt lat="22.2645889432" lon="114.2147086023"><ele>272.000</ele></trkpt>
      <trkpt lat="22.2645845832" lon="114.2147007657"><ele>270.000</ele></trkpt>
      <trkpt lat="22.2645794878" lon="114.2146904111"><ele>270.000</ele></trkpt>
      <trkpt lat="22.2645742435" lon="114.2146798004"><ele>270.000</ele></trkpt>
      <trkpt lat="22.2645671392" lon="114.2146678493"><ele>270.000</ele></trkpt>
      <trkpt lat="22.2645590065" lon="114.2146547404"><ele>270.000</ele></trkpt>
      <trkpt lat="22.2645453959" lon="114.2146374523"><ele>270.000</ele></trkpt>
      <trkpt lat="22.2645360219" lon="114.2146266377"><ele>270.000</ele></trkpt>
      <trkpt lat="22.2645221473" lon="114.2146183075"><ele>270.000</ele></trkpt>
      <trkpt lat="22.2645166281" lon="114.2146169478"><ele>270.000</ele></trkpt>
      <trkpt lat="22.2645128408" lon="114.2146161414"><ele>270.000</ele></trkpt>
      <trkpt lat="22.2645090409" lon="114.2146154564"><ele>270.000</ele></trkpt>
      <trkpt lat="22.2645052482" lon="114.2146148936"><ele>270.000</ele></trkpt>
      <trkpt lat="22.2645014193" lon="114.2146144366"><ele>270.000</ele></trkpt>
      <trkpt lat="22.2644975903" lon="114.2146141096"><ele>270.000</ele></trkpt>
      <trkpt lat="22.2644937786" lon="114.2146138942"><ele>270.000</ele></trkpt>
      <trkpt lat="22.2644899315" lon="114.2146137845"><ele>270.000</ele></trkpt>
      <trkpt lat="22.2644860655" lon="114.2146138057"><ele>270.000</ele></trkpt>
      <trkpt lat="22.2644822365" lon="114.2146139444"><ele>270.000</ele></trkpt>
      <trkpt lat="22.2644783966" lon="114.2146141937"><ele>270.000</ele></trkpt>
      <trkpt lat="22.2644745305" lon="114.2146145759"><ele>268.000</ele></trkpt>
      <trkpt lat="22.2644696113" lon="114.2146152314"><ele>268.000</ele></trkpt>
      <trkpt lat="22.2644663837" lon="114.2146155042"><ele>268.000</ele></trkpt>
      <trkpt lat="22.2644627388" lon="114.2146158757"><ele>268.000</ele></trkpt>
      <trkpt lat="22.2644590768" lon="114.2146163104"><ele>268.000</ele></trkpt>
      <trkpt lat="22.2644554400" lon="114.2146168159"><ele>268.000</ele></trkpt>
      <trkpt lat="22.2644518313" lon="114.2146173699"><ele>268.000</ele></trkpt>
      <trkpt lat="22.2644481954" lon="114.2146179927"><ele>268.000</ele></trkpt>
      <trkpt lat="22.2644445694" lon="114.2146186874"><ele>268.000</ele></trkpt>
      <trkpt lat="22.2644409886" lon="114.2146194374"><ele>268.000</ele></trkpt>
      <trkpt lat="22.2644373960" lon="114.2146202436"><ele>268.000</ele></trkpt>
      <trkpt lat="22.2644337573" lon="114.2146211382"><ele>268.000</ele></trkpt>
      <trkpt lat="22.2644267581" lon="114.2146230418"><ele>266.000</ele></trkpt>
      <trkpt lat="22.2644232802" lon="114.2146241130"><ele>266.000</ele></trkpt>
      <trkpt lat="22.2644200786" lon="114.2146250775"><ele>266.000</ele></trkpt>
      <trkpt lat="22.2644168680" lon="114.2146260041"><ele>266.000</ele></trkpt>
      <trkpt lat="22.2644136267" lon="114.2146269192"><ele>266.000</ele></trkpt>
      <trkpt lat="22.2644104016" lon="114.2146278002"><ele>266.000</ele></trkpt>
      <trkpt lat="22.2644071693" lon="114.2146286531"><ele>266.000</ele></trkpt>
      <trkpt lat="22.2644039416" lon="114.2146294769"><ele>266.000</ele></trkpt>
      <trkpt lat="22.2644006958" lon="114.2146302736"><ele>266.000</ele></trkpt>
      <trkpt lat="22.2643974238" lon="114.2146310470"><ele>266.000</ele></trkpt>
      <trkpt lat="22.2643941744" lon="114.2146317970"><ele>266.000</ele></trkpt>
      <trkpt lat="22.2643909196" lon="114.2146325083"><ele>266.000</ele></trkpt>
      <trkpt lat="22.2643876377" lon="114.2146332050"><ele>266.000</ele></trkpt>
      <trkpt lat="22.2643843585" lon="114.2146338716"><ele>268.000</ele></trkpt>
      <trkpt lat="22.2643810911" lon="114.2146345092"><ele>268.000</ele></trkpt>
      <trkpt lat="22.2643778092" lon="114.2146351176"><ele>268.000</ele></trkpt>
      <trkpt lat="22.2643745219" lon="114.2146356988"><ele>268.000</ele></trkpt>
      <trkpt lat="22.2643712373" lon="114.2146362519"><ele>268.000</ele></trkpt>
      <trkpt lat="22.2643679256" lon="114.2146367788"><ele>268.000</ele></trkpt>
      <trkpt lat="22.2643646321" lon="114.2146372854"><ele>268.000</ele></trkpt>
      <trkpt lat="22.2643613303" lon="114.2146377541"><ele>268.000</ele></trkpt>
      <trkpt lat="22.2643580070" lon="114.2146382053"><ele>268.000</ele></trkpt>
      <trkpt lat="22.2643547233" lon="114.2146386245"><ele>268.000</ele></trkpt>
      <trkpt lat="22.2643514126" lon="114.2146390088"><ele>268.000</ele></trkpt>
      <trkpt lat="22.2643480811" lon="114.2146393766"><ele>268.000</ele></trkpt>
      <trkpt lat="22.2643447686" lon="114.2146397133"><ele>268.000</ele></trkpt>
      <trkpt lat="22.2643414579" lon="114.2146400219"><ele>268.000</ele></trkpt>
      <trkpt lat="22.2643381372" lon="114.2146403034"><ele>268.000</ele></trkpt>
      <trkpt lat="22.2643348166" lon="114.2146405557"><ele>268.000</ele></trkpt>
      <trkpt lat="22.2643314960" lon="114.2146407799"><ele>268.000</ele></trkpt>
      <trkpt lat="22.2643281663" lon="114.2146409760"><ele>268.000</ele></trkpt>
      <trkpt lat="22.2643240591" lon="114.2146411844"><ele>268.000</ele></trkpt>
      <trkpt lat="22.2643207665" lon="114.2146413320"><ele>268.000</ele></trkpt>
      <trkpt lat="22.2643175290" lon="114.2146414223"><ele>268.000</ele></trkpt>
      <trkpt lat="22.2643142816" lon="114.2146414671"><ele>268.000</ele></trkpt>
      <trkpt lat="22.2643110450" lon="114.2146414662"><ele>268.000</ele></trkpt>
      <trkpt lat="22.2643078265" lon="114.2146414110"><ele>268.000</ele></trkpt>
      <trkpt lat="22.2643045881" lon="114.2146413005"><ele>268.000</ele></trkpt>
      <trkpt lat="22.2643013516" lon="114.2146411444"><ele>268.000</ele></trkpt>
      <trkpt lat="22.2642981240" lon="114.2146409339"><ele>268.000</ele></trkpt>
      <trkpt lat="22.2642948947" lon="114.2146406769"><ele>268.000</ele></trkpt>
      <trkpt lat="22.2642916664" lon="114.2146403656"><ele>268.000</ele></trkpt>
      <trkpt lat="22.2642884299" lon="114.2146400077"><ele>268.000</ele></trkpt>
      <trkpt lat="22.2642852196" lon="114.2146396052"><ele>268.000</ele></trkpt>
      <trkpt lat="22.2642820264" lon="114.2146391502"><ele>268.000</ele></trkpt>
      <trkpt lat="22.2642788261" lon="114.2146386390"><ele>268.000</ele></trkpt>
      <trkpt lat="22.2642756167" lon="114.2146380784"><ele>268.000</ele></trkpt>
      <trkpt lat="22.2642724344" lon="114.2146374760"><ele>268.000</ele></trkpt>
      <trkpt lat="22.2642692603" lon="114.2146368183"><ele>268.000</ele></trkpt>
      <trkpt lat="22.2642660763" lon="114.2146361111"><ele>268.000</ele></trkpt>
      <trkpt lat="22.2642629193" lon="114.2146353632"><ele>268.000</ele></trkpt>
      <trkpt lat="22.2642597696" lon="114.2146345590"><ele>268.000</ele></trkpt>
      <trkpt lat="22.2642566326" lon="114.2146337112"><ele>268.000</ele></trkpt>
      <trkpt lat="22.2642535181" lon="114.2146328100"><ele>268.000</ele></trkpt>
      <trkpt lat="22.2642503982" lon="114.2146318574"><ele>268.000</ele></trkpt>
      <trkpt lat="22.2642472992" lon="114.2146308621"><ele>266.000</ele></trkpt>
      <trkpt lat="22.2642442552" lon="114.2146298280"><ele>266.000</ele></trkpt>
      <trkpt lat="22.2642381139" lon="114.2146275929"><ele>266.000</ele></trkpt>
      <trkpt lat="22.2642351169" lon="114.2146264045"><ele>266.000</ele></trkpt>
      <trkpt lat="22.2642288096" lon="114.2146238366"><ele>266.000</ele></trkpt>
      <trkpt lat="22.2642226035" lon="114.2146212241"><ele>266.000</ele></trkpt>
      <trkpt lat="22.2642162926" lon="114.2146184893"><ele>266.000</ele></trkpt>
      <trkpt lat="22.2642100765" lon="114.2146157080"><ele>266.000</ele></trkpt>
      <trkpt lat="22.2642038704" lon="114.2146128490"><ele>268.000</ele></trkpt>
      <trkpt lat="22.2642008094" lon="114.2146114103"><ele>268.000</ele></trkpt>
      <trkpt lat="22.2641946286" lon="114.2146084408"><ele>265.000</ele></trkpt>
      <trkpt lat="22.2641916064" lon="114.2146069575"><ele>265.000</ele></trkpt>
      <trkpt lat="22.2641854870" lon="114.2146038919"><ele>265.000</ele></trkpt>
      <trkpt lat="22.2641793830" lon="114.2146007439"><ele>265.000</ele></trkpt>
      <trkpt lat="22.2641763671" lon="114.2145991655"><ele>265.000</ele></trkpt>
      <trkpt lat="22.2641733811" lon="114.2145975745"><ele>265.000</ele></trkpt>
      <trkpt lat="22.2641673502" lon="114.2145942994"><ele>265.000</ele></trkpt>
      <trkpt lat="22.2641613664" lon="114.2145909593"><ele>265.000</ele></trkpt>
      <trkpt lat="22.2641583975" lon="114.2145892693"><ele>265.000</ele></trkpt>
      <trkpt lat="22.2641543568" lon="114.2145869397"><ele>265.000</ele></trkpt>
      <trkpt lat="22.2641237299" lon="114.2145690398"><ele>265.000</ele></trkpt>
      <trkpt lat="22.2640487363" lon="114.2145280426"><ele>264.000</ele></trkpt>
      <trkpt lat="22.2640460816" lon="114.2145263683"><ele>264.000</ele></trkpt>
      <trkpt lat="22.2640429728" lon="114.2145244445"><ele>264.000</ele></trkpt>
      <trkpt lat="22.2640397999" lon="114.2145225391"><ele>264.000</ele></trkpt>
      <trkpt lat="22.2640366224" lon="114.2145206939"><ele>264.000</ele></trkpt>
      <trkpt lat="22.2640334233" lon="114.2145188826"><ele>264.000</ele></trkpt>
      <trkpt lat="22.2640302160" lon="114.2145171228"><ele>264.000</ele></trkpt>
      <trkpt lat="22.2640269717" lon="114.2145153900"><ele>264.000</ele></trkpt>
      <trkpt lat="22.2640236940" lon="114.2145137000"><ele>262.000</ele></trkpt>
      <trkpt lat="22.2640204298" lon="114.2145120721"><ele>262.000</ele></trkpt>
      <trkpt lat="22.2640171366" lon="114.2145104743"><ele>262.000</ele></trkpt>
      <trkpt lat="22.2640138182" lon="114.2145089210"><ele>262.000</ele></trkpt>
      <trkpt lat="22.2640104881" lon="114.2145074153"><ele>262.000</ele></trkpt>
      <trkpt lat="22.2640071444" lon="114.2145059494"><ele>262.000</ele></trkpt>
      <trkpt lat="22.2640037790" lon="114.2145045281"><ele>262.000</ele></trkpt>
      <trkpt lat="22.2640004018" lon="114.2145031553"><ele>262.000</ele></trkpt>
      <trkpt lat="22.2639970102" lon="114.2145018213"><ele>262.000</ele></trkpt>
      <trkpt lat="22.2639935978" lon="114.2145005330"><ele>262.000</ele></trkpt>
      <trkpt lat="22.2639901791" lon="114.2144992941"><ele>262.000</ele></trkpt>
      <trkpt lat="22.2639867487" lon="114.2144980920"><ele>262.000</ele></trkpt>
      <trkpt lat="22.2639832775" lon="114.2144969336"><ele>262.000</ele></trkpt>
      <trkpt lat="22.2639798136" lon="114.2144958315"><ele>262.000</ele></trkpt>
      <trkpt lat="22.2639763479" lon="114.2144947750"><ele>260.000</ele></trkpt>
      <trkpt lat="22.2639728605" lon="114.2144937563"><ele>260.000</ele></trkpt>
      <trkpt lat="22.2639693469" lon="114.2144927832"><ele>260.000</ele></trkpt>
      <trkpt lat="22.2639658396" lon="114.2144918654"><ele>260.000</ele></trkpt>
      <trkpt lat="22.2639623368" lon="114.2144909922"><ele>260.000</ele></trkpt>
      <trkpt lat="22.2639587844" lon="114.2144901521"><ele>260.000</ele></trkpt>
      <trkpt lat="22.2639552536" lon="114.2144893779"><ele>260.000</ele></trkpt>
      <trkpt lat="22.2639516911" lon="114.2144886298"><ele>260.000</ele></trkpt>
      <trkpt lat="22.2639457447" lon="114.2144875038"><ele>260.000</ele></trkpt>
      <trkpt lat="22.2639422193" lon="114.2144868780"><ele>260.000</ele></trkpt>
      <trkpt lat="22.2639386740" lon="114.2144862794"><ele>260.000</ele></trkpt>
      <trkpt lat="22.2639350772" lon="114.2144857264"><ele>260.000</ele></trkpt>
      <trkpt lat="22.2639315247" lon="114.2144852287"><ele>259.000</ele></trkpt>
      <trkpt lat="22.2639279523" lon="114.2144847630"><ele>259.000</ele></trkpt>
      <trkpt lat="22.2639244385" lon="114.2144843536"><ele>259.000</ele></trkpt>
      <trkpt lat="22.2639242552" lon="114.2144843332"><ele>259.000</ele></trkpt>
      <trkpt lat="22.2639207776" lon="114.2144839771"><ele>259.000</ele></trkpt>
      <trkpt lat="22.2639172069" lon="114.2144836424"><ele>259.000</ele></trkpt>
      <trkpt lat="22.2639135884" lon="114.2144833553"><ele>259.000</ele></trkpt>
      <trkpt lat="22.2639100006" lon="114.2144831214"><ele>259.000</ele></trkpt>
      <trkpt lat="22.2639064218" lon="114.2144829177"><ele>259.000</ele></trkpt>
      <trkpt lat="22.2639027960" lon="114.2144827634"><ele>259.000</ele></trkpt>
      <trkpt lat="22.2638992073" lon="114.2144826616"><ele>259.000</ele></trkpt>
      <trkpt lat="22.2638956185" lon="114.2144825898"><ele>259.000</ele></trkpt>
      <trkpt lat="22.2638920207" lon="114.2144825685"><ele>259.000</ele></trkpt>
      <trkpt lat="22.2638884138" lon="114.2144825879"><ele>259.000</ele></trkpt>
      <trkpt lat="22.2638848061" lon="114.2144826577"><ele>259.000</ele></trkpt>
      <trkpt lat="22.2638812182" lon="114.2144827683"><ele>259.000</ele></trkpt>
      <trkpt lat="22.2638776104" lon="114.2144829197"><ele>259.000</ele></trkpt>
      <trkpt lat="22.2638740134" lon="114.2144831225"><ele>259.000</ele></trkpt>
      <trkpt lat="22.2638704255" lon="114.2144833641"><ele>259.000</ele></trkpt>
      <trkpt lat="22.2638668249" lon="114.2144836484"><ele>259.000</ele></trkpt>
      <trkpt lat="22.2638632117" lon="114.2144839850"><ele>259.000</ele></trkpt>
      <trkpt lat="22.2638577299" lon="114.2144845793"><ele>259.000</ele></trkpt>
      <trkpt lat="22.2638539929" lon="114.2144851526"><ele>259.000</ele></trkpt>
      <trkpt lat="22.2638436931" lon="114.2144868041"><ele>259.000</ele></trkpt>
      <trkpt lat="22.2638334104" lon="114.2144885235"><ele>259.000</ele></trkpt>
      <trkpt lat="22.2638231421" lon="114.2144903098"><ele>259.000</ele></trkpt>
      <trkpt lat="22.2638156147" lon="114.2144916651"><ele>259.000</ele></trkpt>
      <trkpt lat="22.2638117593" lon="114.2144927672"><ele>259.000</ele></trkpt>
      <trkpt lat="22.2638086489" lon="114.2144935988"><ele>259.000</ele></trkpt>
      <trkpt lat="22.2638055251" lon="114.2144943761"><ele>259.000</ele></trkpt>
      <trkpt lat="22.2638023795" lon="114.2144951000"><ele>259.000</ele></trkpt>
      <trkpt lat="22.2637992403" lon="114.2144957667"><ele>259.000</ele></trkpt>
      <trkpt lat="22.2637960749" lon="114.2144963732"><ele>260.000</ele></trkpt>
      <trkpt lat="22.2637929502" lon="114.2144969254"><ele>260.000</ele></trkpt>
      <trkpt lat="22.2637863820" lon="114.2144979025"><ele>260.000</ele></trkpt>
      <trkpt lat="22.2637830206" lon="114.2144985274"><ele>260.000</ele></trkpt>
      <trkpt lat="22.2637801623" lon="114.2144989409"><ele>260.000</ele></trkpt>
      <trkpt lat="22.2637773113" lon="114.2144992235"><ele>260.000</ele></trkpt>
      <trkpt lat="22.2637744359" lon="114.2144993857"><ele>260.000</ele></trkpt>
      <trkpt lat="22.2637715497" lon="114.2144994247"><ele>260.000</ele></trkpt>
      <trkpt lat="22.2637686644" lon="114.2144993434"><ele>260.000</ele></trkpt>
      <trkpt lat="22.2637658062" lon="114.2144991399"><ele>260.000</ele></trkpt>
      <trkpt lat="22.2637629382" lon="114.2144988063"><ele>260.000</ele></trkpt>
      <trkpt lat="22.2637600864" lon="114.2144983583"><ele>260.000</ele></trkpt>
      <trkpt lat="22.2637572563" lon="114.2144977822"><ele>260.000</ele></trkpt>
      <trkpt lat="22.2637544479" lon="114.2144970897"><ele>260.000</ele></trkpt>
      <trkpt lat="22.2637516829" lon="114.2144962798"><ele>260.000</ele></trkpt>
      <trkpt lat="22.2637489324" lon="114.2144953448"><ele>260.000</ele></trkpt>
      <trkpt lat="22.2637463264" lon="114.2144943360"><ele>260.000</ele></trkpt>
      <trkpt lat="22.2637413547" lon="114.2144920721"><ele>260.000</ele></trkpt>
      <trkpt lat="22.2637385952" lon="114.2144906617"><ele>260.000</ele></trkpt>
      <trkpt lat="22.2637356778" lon="114.2144891212"><ele>260.000</ele></trkpt>
      <trkpt lat="22.2637327775" lon="114.2144875341"><ele>260.000</ele></trkpt>
      <trkpt lat="22.2637299025" lon="114.2144859111"><ele>260.000</ele></trkpt>
      <trkpt lat="22.2637270366" lon="114.2144842377"><ele>260.000</ele></trkpt>
      <trkpt lat="22.2637241824" lon="114.2144825236"><ele>260.000</ele></trkpt>
      <trkpt lat="22.2637213670" lon="114.2144807813"><ele>260.000</ele></trkpt>
      <trkpt lat="22.2637185833" lon="114.2144790021"><ele>260.000</ele></trkpt>
      <trkpt lat="22.2637158230" lon="114.2144771764"><ele>260.000</ele></trkpt>
      <trkpt lat="22.2637121346" lon="114.2144746597"><ele>260.000</ele></trkpt>
      <trkpt lat="22.2636311144" lon="114.2144155395"><ele>258.000</ele></trkpt>
      <trkpt lat="22.2636286585" lon="114.2144136198"><ele>258.000</ele></trkpt>
      <trkpt lat="22.2636261756" lon="114.2144115758"><ele>258.000</ele></trkpt>
      <trkpt lat="22.2636237414" lon="114.2144094863"><ele>258.000</ele></trkpt>
      <trkpt lat="22.2636213650" lon="114.2144073347"><ele>258.000</ele></trkpt>
      <trkpt lat="22.2636190383" lon="114.2144051307"><ele>258.000</ele></trkpt>
      <trkpt lat="22.2636167595" lon="114.2144028560"><ele>258.000</ele></trkpt>
      <trkpt lat="22.2636145286" lon="114.2144005278"><ele>258.000</ele></trkpt>
      <trkpt lat="22.2636123374" lon="114.2143981299"><ele>258.000</ele></trkpt>
      <trkpt lat="22.2636102130" lon="114.2143956979"><ele>258.000</ele></trkpt>
      <trkpt lat="22.2636081474" lon="114.2143932059"><ele>258.000</ele></trkpt>
      <trkpt lat="22.2636061378" lon="114.2143906692"><ele>258.000</ele></trkpt>
      <trkpt lat="22.2636041760" lon="114.2143880598"><ele>258.000</ele></trkpt>
      <trkpt lat="22.2636022576" lon="114.2143853990"><ele>258.000</ele></trkpt>
      <trkpt lat="22.2636004205" lon="114.2143827168"><ele>258.000</ele></trkpt>
      <trkpt lat="22.2635986403" lon="114.2143799823"><ele>258.000</ele></trkpt>
      <trkpt lat="22.2635969142" lon="114.2143771847"><ele>258.000</ele></trkpt>
      <trkpt lat="22.2635952506" lon="114.2143743619"><ele>258.000</ele></trkpt>
      <trkpt lat="22.2635936600" lon="114.2143715003"><ele>258.000</ele></trkpt>
      <trkpt lat="22.2635921300" lon="114.2143685961"><ele>258.000</ele></trkpt>
      <trkpt lat="22.2635902209" lon="114.2143647526"><ele>256.000</ele></trkpt>
      <trkpt lat="22.2635885392" lon="114.2143615514"><ele>256.000</ele></trkpt>
      <trkpt lat="22.2635871248" lon="114.2143586734"><ele>256.000</ele></trkpt>
      <trkpt lat="22.2635857934" lon="114.2143557507"><ele>256.000</ele></trkpt>
      <trkpt lat="22.2635845353" lon="114.2143527699"><ele>256.000</ele></trkpt>
      <trkpt lat="22.2635833592" lon="114.2143497648"><ele>256.000</ele></trkpt>
      <trkpt lat="22.2635822718" lon="114.2143467259"><ele>256.000</ele></trkpt>
      <trkpt lat="22.2635812637" lon="114.2143436539"><ele>256.000</ele></trkpt>
      <trkpt lat="22.2635803460" lon="114.2143405577"><ele>256.000</ele></trkpt>
      <trkpt lat="22.2635795096" lon="114.2143374130"><ele>256.000</ele></trkpt>
      <trkpt lat="22.2635787527" lon="114.2143342422"><ele>256.000</ele></trkpt>
      <trkpt lat="22.2635780861" lon="114.2143310587"><ele>256.000</ele></trkpt>
      <trkpt lat="22.2635775097" lon="114.2143278744"><ele>256.000</ele></trkpt>
      <trkpt lat="22.2635770255" lon="114.2143246512"><ele>256.000</ele></trkpt>
      <trkpt lat="22.2635766199" lon="114.2143214193"><ele>256.000</ele></trkpt>
      <trkpt lat="22.2635763127" lon="114.2143181903"><ele>255.000</ele></trkpt>
      <trkpt lat="22.2635760886" lon="114.2143149090"><ele>255.000</ele></trkpt>
      <trkpt lat="22.2635759467" lon="114.2143116685"><ele>255.000</ele></trkpt>
      <trkpt lat="22.2635759077" lon="114.2143084183"><ele>255.000</ele></trkpt>
      <trkpt lat="22.2635759491" lon="114.2143051477"><ele>255.000</ele></trkpt>
      <trkpt lat="22.2635760853" lon="114.2143018772"><ele>255.000</ele></trkpt>
      <trkpt lat="22.2635763010" lon="114.2142986192"><ele>255.000</ele></trkpt>
      <trkpt lat="22.2635766096" lon="114.2142953972"><ele>255.000</ele></trkpt>
      <trkpt lat="22.2635770358" lon="114.2142919347"><ele>255.000</ele></trkpt>
      <trkpt lat="22.2635769698" lon="114.2142924110"><ele>255.000</ele></trkpt>
      <trkpt lat="22.2635775006" lon="114.2142889534"><ele>255.000</ele></trkpt>
      <trkpt lat="22.2635780766" lon="114.2142857314"><ele>255.000</ele></trkpt>
      <trkpt lat="22.2635787366" lon="114.2142825493"><ele>255.000</ele></trkpt>
      <trkpt lat="22.2635794824" lon="114.2142793973"><ele>255.000</ele></trkpt>
      <trkpt lat="22.2635803157" lon="114.2142762715"><ele>255.000</ele></trkpt>
      <trkpt lat="22.2635812403" lon="114.2142731583"><ele>255.000</ele></trkpt>
      <trkpt lat="22.2635822416" lon="114.2142700869"><ele>254.000</ele></trkpt>
      <trkpt lat="22.2635833305" lon="114.2142670485"><ele>254.000</ele></trkpt>
      <trkpt lat="22.2635844988" lon="114.2142640450"><ele>254.000</ele></trkpt>
      <trkpt lat="22.2635857593" lon="114.2142610649"><ele>254.000</ele></trkpt>
      <trkpt lat="22.2635870875" lon="114.2142581362"><ele>254.000</ele></trkpt>
      <trkpt lat="22.2635884526" lon="114.2142553520"><ele>254.000</ele></trkpt>
      <trkpt lat="22.2635917782" lon="114.2142492163"><ele>254.000</ele></trkpt>
      <trkpt lat="22.2635949930" lon="114.2142420958"><ele>254.000</ele></trkpt>
      <trkpt lat="22.2635980062" lon="114.2142355681"><ele>254.000</ele></trkpt>
      <trkpt lat="22.2635995232" lon="114.2142323386"><ele>254.000</ele></trkpt>
      <trkpt lat="22.2636026114" lon="114.2142258410"><ele>254.000</ele></trkpt>
      <trkpt lat="22.2636036061" lon="114.2142237990"><ele>254.000</ele></trkpt>
      <trkpt lat="22.2636057501" lon="114.2142194064"><ele>254.000</ele></trkpt>
      <trkpt lat="22.2636089394" lon="114.2142129767"><ele>254.000</ele></trkpt>
      <trkpt lat="22.2636121757" lon="114.2142065974"><ele>254.000</ele></trkpt>
      <trkpt lat="22.2636154724" lon="114.2142002337"><ele>254.000</ele></trkpt>
      <trkpt lat="22.2636183517" lon="114.2141947712"><ele>254.000</ele></trkpt>
      <trkpt lat="22.2636200882" lon="114.2141912110"><ele>254.000</ele></trkpt>
      <trkpt lat="22.2636217091" lon="114.2141878099"><ele>254.000</ele></trkpt>
      <trkpt lat="22.2636233156" lon="114.2141843913"><ele>254.000</ele></trkpt>
      <trkpt lat="22.2636248877" lon="114.2141809542"><ele>254.000</ele></trkpt>
      <trkpt lat="22.2636264336" lon="114.2141775133"><ele>254.000</ele></trkpt>
      <trkpt lat="22.2636279597" lon="114.2141740462"><ele>254.000</ele></trkpt>
      <trkpt lat="22.2636294578" lon="114.2141705596"><ele>254.000</ele></trkpt>
      <trkpt lat="22.2636309234" lon="114.2141670702"><ele>254.000</ele></trkpt>
      <trkpt lat="22.2636323618" lon="114.2141635700"><ele>254.000</ele></trkpt>
      <trkpt lat="22.2636337687" lon="114.2141600699"><ele>254.000</ele></trkpt>
      <trkpt lat="22.2636351639" lon="114.2141565319"><ele>254.000</ele></trkpt>
      <trkpt lat="22.2636365175" lon="114.2141529919"><ele>254.000</ele></trkpt>
      <trkpt lat="22.2636378539" lon="114.2141494423"><ele>254.000</ele></trkpt>
      <trkpt lat="22.2636391552" lon="114.2141458742"><ele>254.000</ele></trkpt>
      <trkpt lat="22.2636404365" lon="114.2141422877"><ele>254.000</ele></trkpt>
      <trkpt lat="22.2636416773" lon="114.2141387040"><ele>254.000</ele></trkpt>
      <trkpt lat="22.2636428954" lon="114.2141351311"><ele>254.000</ele></trkpt>
      <trkpt lat="22.2636440991" lon="114.2141314960"><ele>254.000</ele></trkpt>
      <trkpt lat="22.2636452577" lon="114.2141278755"><ele>254.000</ele></trkpt>
      <trkpt lat="22.2636463919" lon="114.2141242627"><ele>256.000</ele></trkpt>
      <trkpt lat="22.2636475071" lon="114.2141206102"><ele>256.000</ele></trkpt>
      <trkpt lat="22.2636485817" lon="114.2141169692"><ele>256.000</ele></trkpt>
      <trkpt lat="22.2636496337" lon="114.2141133205"><ele>256.000</ele></trkpt>
      <trkpt lat="22.2636506667" lon="114.2141096321"><ele>256.000</ele></trkpt>
      <trkpt lat="22.2636516555" lon="114.2141059562"><ele>256.000</ele></trkpt>
      <trkpt lat="22.2636526281" lon="114.2141022755"><ele>256.000</ele></trkpt>
      <trkpt lat="22.2636535663" lon="114.2140985559"><ele>256.000</ele></trkpt>
      <trkpt lat="22.2636544675" lon="114.2140948791"><ele>256.000</ele></trkpt>
      <trkpt lat="22.2636553552" lon="114.2140911682"><ele>256.000</ele></trkpt>
      <trkpt lat="22.2636562085" lon="114.2140874331"><ele>256.000</ele></trkpt>
      <trkpt lat="22.2636570303" lon="114.2140837174"><ele>256.000</ele></trkpt>
      <trkpt lat="22.2636578240" lon="114.2140799862"><ele>256.000</ele></trkpt>
      <trkpt lat="22.2636585907" lon="114.2140762463"><ele>254.000</ele></trkpt>
      <trkpt lat="22.2636593284" lon="114.2140724995"><ele>254.000</ele></trkpt>
      <trkpt lat="22.2636600409" lon="114.2140687343"><ele>254.000</ele></trkpt>
      <trkpt lat="22.2636607145" lon="114.2140649739"><ele>254.000</ele></trkpt>
      <trkpt lat="22.2636613674" lon="114.2140612077"><ele>254.000</ele></trkpt>
      <trkpt lat="22.2636619869" lon="114.2140574260"><ele>254.000</ele></trkpt>
      <trkpt lat="22.2636625720" lon="114.2140536782"><ele>254.000</ele></trkpt>
      <trkpt lat="22.2636631418" lon="114.2140498984"><ele>254.000</ele></trkpt>
      <trkpt lat="22.2636636773" lon="114.2140460925"><ele>253.000</ele></trkpt>
      <trkpt lat="22.2636641839" lon="114.2140422864"><ele>253.000</ele></trkpt>
      <trkpt lat="22.2636646507" lon="114.2140384930"><ele>253.000</ele></trkpt>
      <trkpt lat="22.2636650995" lon="114.2140347064"><ele>253.000</ele></trkpt>
      <trkpt lat="22.2636655104" lon="114.2140308994"><ele>253.000</ele></trkpt>
      <trkpt lat="22.2636659023" lon="114.2140271050"><ele>252.000</ele></trkpt>
      <trkpt lat="22.2636662599" lon="114.2140232776"><ele>252.000</ele></trkpt>
      <trkpt lat="22.2636665886" lon="114.2140194434"><ele>252.000</ele></trkpt>
      <trkpt lat="22.2636668784" lon="114.2140156383"><ele>252.000</ele></trkpt>
      <trkpt lat="22.2636671484" lon="114.2140118420"><ele>252.000</ele></trkpt>
      <trkpt lat="22.2636673931" lon="114.2140080068"><ele>252.000</ele></trkpt>
      <trkpt lat="22.2636676008" lon="114.2140041367"><ele>252.000</ele></trkpt>
      <trkpt lat="22.2636678949" lon="114.2139973782"><ele>252.000</ele></trkpt>
      <trkpt lat="22.2636700475" lon="114.2138803451"><ele>247.000</ele></trkpt>
      <trkpt lat="22.2636709941" lon="114.2138357388"><ele>247.000</ele></trkpt>
      <trkpt lat="22.2636711106" lon="114.2138320899"><ele>246.000</ele></trkpt>
      <trkpt lat="22.2636712135" lon="114.2138282838"><ele>246.000</ele></trkpt>
      <trkpt lat="22.2636712893" lon="114.2138244592"><ele>246.000</ele></trkpt>
      <trkpt lat="22.2636713362" lon="114.2138206531"><ele>246.000</ele></trkpt>
      <trkpt lat="22.2636713651" lon="114.2138168479"><ele>246.000</ele></trkpt>
      <trkpt lat="22.2636713660" lon="114.2138130234"><ele>246.000</ele></trkpt>
      <trkpt lat="22.2636645209" lon="114.2137250651"><ele>248.000</ele></trkpt>
      <trkpt lat="22.2636640630" lon="114.2137212433"><ele>248.000</ele></trkpt>
      <trkpt lat="22.2636634345" lon="114.2137170673"><ele>248.000</ele></trkpt>
      <trkpt lat="22.2636626624" lon="114.2137129243"><ele>246.000</ele></trkpt>
      <trkpt lat="22.2636617657" lon="114.2137087997"><ele>246.000</ele></trkpt>
      <trkpt lat="22.2636607227" lon="114.2137047148"><ele>246.000</ele></trkpt>
      <trkpt lat="22.2636595668" lon="114.2137006998"><ele>246.000</ele></trkpt>
      <trkpt lat="22.2636582781" lon="114.2136966993"><ele>246.000</ele></trkpt>
      <trkpt lat="22.2636568539" lon="114.2136927472"><ele>246.000</ele></trkpt>
      <trkpt lat="22.2636553115" lon="114.2136888679"><ele>244.000</ele></trkpt>
      <trkpt lat="22.2636536390" lon="114.2136850274"><ele>244.000</ele></trkpt>
      <trkpt lat="22.2636518427" lon="114.2136812654"><ele>244.000</ele></trkpt>
      <trkpt lat="22.2636499309" lon="114.2136775752"><ele>244.000</ele></trkpt>
      <trkpt lat="22.2636479043" lon="114.2136739596"><ele>244.000</ele></trkpt>
      <trkpt lat="22.2636457504" lon="114.2136703974"><ele>244.000</ele></trkpt>
      <trkpt lat="22.2636434899" lon="114.2136669516"><ele>244.000</ele></trkpt>
      <trkpt lat="22.2636411301" lon="114.2136635727"><ele>244.000</ele></trkpt>
      <trkpt lat="22.2636386392" lon="114.2136602850"><ele>244.000</ele></trkpt>
      <trkpt lat="22.2636360816" lon="114.2136571185"><ele>244.000</ele></trkpt>
      <trkpt lat="22.2636333875" lon="114.2136539996"><ele>244.000</ele></trkpt>
      <trkpt lat="22.2636306086" lon="114.2136510222"><ele>244.000</ele></trkpt>
      <trkpt lat="22.2636277456" lon="114.2136481341"><ele>244.000</ele></trkpt>
      <trkpt lat="22.2636247706" lon="114.2136453576"><ele>244.000</ele></trkpt>
      <trkpt lat="22.2636217225" lon="114.2136426897"><ele>244.000</ele></trkpt>
      <trkpt lat="22.2636185759" lon="114.2136401401"><ele>245.000</ele></trkpt>
      <trkpt lat="22.2636153660" lon="114.2136377098"><ele>244.000</ele></trkpt>
      <trkpt lat="22.2636120767" lon="114.2136354115"><ele>244.000</ele></trkpt>
      <trkpt lat="22.2636087160" lon="114.2136332180"><ele>244.000</ele></trkpt>
      <trkpt lat="22.2636052685" lon="114.2136311592"><ele>244.000</ele></trkpt>
      <trkpt lat="22.2636017804" lon="114.2136292344"><ele>244.000</ele></trkpt>
      <trkpt lat="22.2635982174" lon="114.2136274357"><ele>244.000</ele></trkpt>
      <trkpt lat="22.2635946055" lon="114.2136257766"><ele>244.000</ele></trkpt>
      <trkpt lat="22.2635909421" lon="114.2136242456"><ele>244.000</ele></trkpt>
      <trkpt lat="22.2635872281" lon="114.2136228583"><ele>244.000</ele></trkpt>
      <trkpt lat="22.2635834770" lon="114.2136216067"><ele>244.000</ele></trkpt>
      <trkpt lat="22.2635796510" lon="114.2136204889"><ele>244.000</ele></trkpt>
      <trkpt lat="22.2635746718" lon="114.2136192516"><ele>244.000</ele></trkpt>
      <trkpt lat="22.2635706867" lon="114.2136185559"><ele>244.000</ele></trkpt>
      <trkpt lat="22.2635669870" lon="114.2136179854"><ele>244.000</ele></trkpt>
      <trkpt lat="22.2635632412" lon="114.2136175061"><ele>244.000</ele></trkpt>
      <trkpt lat="22.2635595215" lon="114.2136171248"><ele>244.000</ele></trkpt>
      <trkpt lat="22.2635557937" lon="114.2136168182"><ele>244.000</ele></trkpt>
      <trkpt lat="22.2635520199" lon="114.2136166048"><ele>244.000</ele></trkpt>
      <trkpt lat="22.2635482659" lon="114.2136164874"><ele>244.000</ele></trkpt>
      <trkpt lat="22.2635445290" lon="114.2136164544"><ele>244.000</ele></trkpt>
      <trkpt lat="22.2635407921" lon="114.2136165068"><ele>244.000</ele></trkpt>
      <trkpt lat="22.2635370470" lon="114.2136166435"><ele>244.000</ele></trkpt>
      <trkpt lat="22.2635332911" lon="114.2136168754"><ele>244.000</ele></trkpt>
      <trkpt lat="22.2635295533" lon="114.2136171917"><ele>244.000</ele></trkpt>
      <trkpt lat="22.2635258172" lon="114.2136176040"><ele>244.000</ele></trkpt>
      <trkpt lat="22.2635221073" lon="114.2136180988"><ele>244.000</ele></trkpt>
      <trkpt lat="22.2635183902" lon="114.2136186800"><ele>244.000</ele></trkpt>
      <trkpt lat="22.2635146522" lon="114.2136193630"><ele>244.000</ele></trkpt>
      <trkpt lat="22.2635098829" lon="114.2136203688"><ele>244.000</ele></trkpt>
      <trkpt lat="22.2635028243" lon="114.2136215468"><ele>244.000</ele></trkpt>
      <trkpt lat="22.2634930861" lon="114.2136232033"><ele>244.000</ele></trkpt>
      <trkpt lat="22.2634828314" lon="114.2136250071"><ele>244.000</ele></trkpt>
      <trkpt lat="22.2634725911" lon="114.2136268595"><ele>244.000</ele></trkpt>
      <trkpt lat="22.2634623608" lon="114.2136287604"><ele>244.000</ele></trkpt>
      <trkpt lat="22.2634521313" lon="114.2136307107"><ele>244.000</ele></trkpt>
      <trkpt lat="22.2634410177" lon="114.2136328986"><ele>244.000</ele></trkpt>
      <trkpt lat="22.2634177790" lon="114.2136372866"><ele>244.000</ele></trkpt>
      <trkpt lat="22.2634144014" lon="114.2136378639"><ele>244.000</ele></trkpt>
      <trkpt lat="22.2634107746" lon="114.2136385382"><ele>244.000</ele></trkpt>
      <trkpt lat="22.2634071585" lon="114.2136392960"><ele>244.000</ele></trkpt>
      <trkpt lat="22.2634035876" lon="114.2136400974"><ele>244.000</ele></trkpt>
      <trkpt lat="22.2634000050" lon="114.2136409658"><ele>247.000</ele></trkpt>
      <trkpt lat="22.2633964367" lon="114.2136418972"><ele>247.000</ele></trkpt>
      <trkpt lat="22.2633928974" lon="114.2136428879"><ele>247.000</ele></trkpt>
      <trkpt lat="22.2633893526" lon="114.2136439425"><ele>246.000</ele></trkpt>
      <trkpt lat="22.2633858331" lon="114.2136450603"><ele>246.000</ele></trkpt>
      <trkpt lat="22.2633823217" lon="114.2136462411"><ele>246.000</ele></trkpt>
      <trkpt lat="22.2633788401" lon="114.2136474830"><ele>246.000</ele></trkpt>
      <trkpt lat="22.2633753676" lon="114.2136487880"><ele>246.000</ele></trkpt>
      <trkpt lat="22.2633719401" lon="114.2136501483"><ele>246.000</ele></trkpt>
      <trkpt lat="22.2633685235" lon="114.2136515600"><ele>246.000</ele></trkpt>
      <trkpt lat="22.2633651123" lon="114.2136530436"><ele>246.000</ele></trkpt>
      <trkpt lat="22.2633617363" lon="114.2136545824"><ele>246.000</ele></trkpt>
      <trkpt lat="22.2633583738" lon="114.2136561795"><ele>246.000</ele></trkpt>
      <trkpt lat="22.2633550465" lon="114.2136578425"><ele>246.000</ele></trkpt>
      <trkpt lat="22.2633517400" lon="114.2136595502"><ele>246.000</ele></trkpt>
      <trkpt lat="22.2633484552" lon="114.2136613335"><ele>246.000</ele></trkpt>
      <trkpt lat="22.2633452200" lon="114.2136631538"><ele>244.000</ele></trkpt>
      <trkpt lat="22.2633419965" lon="114.2136650332"><ele>244.000</ele></trkpt>
      <trkpt lat="22.2633387820" lon="114.2136669834"><ele>244.000</ele></trkpt>
      <trkpt lat="22.2633347439" lon="114.2136695496"><ele>244.000</ele></trkpt>
      <trkpt lat="22.2633258872" lon="114.2136746292"><ele>244.000</ele></trkpt>
      <trkpt lat="22.2633167669" lon="114.2136798902"><ele>244.000</ele></trkpt>
      <trkpt lat="22.2633046146" lon="114.2136869298"><ele>244.000</ele></trkpt>
      <trkpt lat="22.2632955141" lon="114.2136922441"><ele>246.000</ele></trkpt>
      <trkpt lat="22.2632834050" lon="114.2136993468"><ele>246.000</ele></trkpt>
      <trkpt lat="22.2632743262" lon="114.2137046980"><ele>246.000</ele></trkpt>
      <trkpt lat="22.2632652546" lon="114.2137100793"><ele>246.000</ele></trkpt>
      <trkpt lat="22.2632548661" lon="114.2137162753"><ele>245.000</ele></trkpt>
      <trkpt lat="22.2632428050" lon="114.2137231150"><ele>245.000</ele></trkpt>
      <trkpt lat="22.2632336504" lon="114.2137283411"><ele>245.000</ele></trkpt>
      <trkpt lat="22.2632214773" lon="114.2137353340"><ele>245.000</ele></trkpt>
      <trkpt lat="22.2632093385" lon="114.2137423552"><ele>244.000</ele></trkpt>
      <trkpt lat="22.2632093024" lon="114.2137423765"><ele>244.000</ele></trkpt>
      <trkpt lat="22.2631971816" lon="114.2137494374"><ele>244.000</ele></trkpt>
      <trkpt lat="22.2631850645" lon="114.2137565459"><ele>244.000</ele></trkpt>
      <trkpt lat="22.2631729627" lon="114.2137636844"><ele>244.000</ele></trkpt>
      <trkpt lat="22.2631635894" lon="114.2137692567"><ele>243.000</ele></trkpt>
      <trkpt lat="22.2631576149" lon="114.2137725966"><ele>243.000</ele></trkpt>
      <trkpt lat="22.2631484114" lon="114.2137778013"><ele>243.000</ele></trkpt>
      <trkpt lat="22.2631392450" lon="114.2137830545"><ele>243.000</ele></trkpt>
      <trkpt lat="22.2631331278" lon="114.2137865980"><ele>245.000</ele></trkpt>
      <trkpt lat="22.2631270313" lon="114.2137901697"><ele>245.000</ele></trkpt>
      <trkpt lat="22.2631209501" lon="114.2137937666"><ele>242.000</ele></trkpt>
      <trkpt lat="22.2631118740" lon="114.2137991809"><ele>242.000</ele></trkpt>
      <trkpt lat="22.2631058163" lon="114.2138028389"><ele>242.000</ele></trkpt>
      <trkpt lat="22.2631015062" lon="114.2138054603"><ele>242.000</ele></trkpt>
      <trkpt lat="22.2630933016" lon="114.2138106070"><ele>242.000</ele></trkpt>
      <trkpt lat="22.2630902470" lon="114.2138124292"><ele>242.000</ele></trkpt>
      <trkpt lat="22.2630869359" lon="114.2138145434"><ele>242.000</ele></trkpt>
      <trkpt lat="22.2630837115" lon="114.2138167362"><ele>242.000</ele></trkpt>
      <trkpt lat="22.2630805285" lon="114.2138190221"><ele>242.000</ele></trkpt>
      <trkpt lat="22.2630773944" lon="114.2138214216"><ele>242.000</ele></trkpt>
      <trkpt lat="22.2630743423" lon="114.2138239016"><ele>241.000</ele></trkpt>
      <trkpt lat="22.2630713418" lon="114.2138264748"><ele>241.000</ele></trkpt>
      <trkpt lat="22.2630684134" lon="114.2138291440"><ele>241.000</ele></trkpt>
      <trkpt lat="22.2630655654" lon="114.2138318783"><ele>241.000</ele></trkpt>
      <trkpt lat="22.2630627689" lon="114.2138347193"><ele>241.000</ele></trkpt>
      <trkpt lat="22.2630600626" lon="114.2138376360"><ele>241.000</ele></trkpt>
      <trkpt lat="22.2630574359" lon="114.2138406177"><ele>241.000</ele></trkpt>
      <trkpt lat="22.2630548704" lon="114.2138436975"><ele>241.000</ele></trkpt>
      <trkpt lat="22.2630523935" lon="114.2138468432"><ele>241.000</ele></trkpt>
      <trkpt lat="22.2630499988" lon="114.2138500627"><ele>241.000</ele></trkpt>
      <trkpt lat="22.2630476898" lon="114.2138533511"><ele>241.000</ele></trkpt>
      <trkpt lat="22.2630454611" lon="114.2138567074"><ele>241.000</ele></trkpt>
      <trkpt lat="22.2630433264" lon="114.2138601346"><ele>241.000</ele></trkpt>
      <trkpt lat="22.2630412838" lon="114.2138636084"><ele>241.000</ele></trkpt>
      <trkpt lat="22.2630392990" lon="114.2138671928"><ele>241.000</ele></trkpt>
      <trkpt lat="22.2630368831" lon="114.2138719258"><ele>241.000</ele></trkpt>
      <trkpt lat="22.2630351384" lon="114.2138755549"><ele>241.000</ele></trkpt>
      <trkpt lat="22.2630334913" lon="114.2138792092"><ele>241.000</ele></trkpt>
      <trkpt lat="22.2630319273" lon="114.2138828840"><ele>241.000</ele></trkpt>
      <trkpt lat="22.2630304382" lon="114.2138865898"><ele>238.000</ele></trkpt>
      <trkpt lat="22.2630290159" lon="114.2138903683"><ele>238.000</ele></trkpt>
      <trkpt lat="22.2630276884" lon="114.2138941761"><ele>238.000</ele></trkpt>
      <trkpt lat="22.2630264540" lon="114.2138979644"><ele>238.000</ele></trkpt>
      <trkpt lat="22.2630252746" lon="114.2139018255"><ele>238.000</ele></trkpt>
      <trkpt lat="22.2630241963" lon="114.2139057128"><ele>238.000</ele></trkpt>
      <trkpt lat="22.2630231930" lon="114.2139095983"><ele>238.000</ele></trkpt>
      <trkpt lat="22.2630222692" lon="114.2139135419"><ele>238.000</ele></trkpt>
      <trkpt lat="22.2630214375" lon="114.2139174924"><ele>238.000</ele></trkpt>
      <trkpt lat="22.2630206861" lon="114.2139214700"><ele>238.000</ele></trkpt>
      <trkpt lat="22.2630200196" lon="114.2139254846"><ele>238.000</ele></trkpt>
      <trkpt lat="22.2630192788" lon="114.2139307196"><ele>238.000</ele></trkpt>
      <trkpt lat="22.2630187785" lon="114.2139346915"><ele>238.000</ele></trkpt>
      <trkpt lat="22.2630183595" lon="114.2139387546"><ele>238.000</ele></trkpt>
      <trkpt lat="22.2630180389" lon="114.2139428382"><ele>238.000</ele></trkpt>
      <trkpt lat="22.2630178185" lon="114.2139469217"><ele>238.000</ele></trkpt>
      <trkpt lat="22.2630176884" lon="114.2139509936"><ele>238.000</ele></trkpt>
      <trkpt lat="22.2630176577" lon="114.2139551160"><ele>238.000</ele></trkpt>
      <trkpt lat="22.2630177362" lon="114.2139592181"><ele>238.000</ele></trkpt>
      <trkpt lat="22.2630179042" lon="114.2139632814"><ele>238.000</ele></trkpt>
      <trkpt lat="22.2630181633" lon="114.2139673747"><ele>238.000</ele></trkpt>
      <trkpt lat="22.2630185317" lon="114.2139714584"><ele>238.000</ele></trkpt>
      <trkpt lat="22.2630189887" lon="114.2139755111"><ele>238.000</ele></trkpt>
      <trkpt lat="22.2630195458" lon="114.2139795561"><ele>238.000</ele></trkpt>
      <trkpt lat="22.2630201951" lon="114.2139835991"><ele>241.000</ele></trkpt>
      <trkpt lat="22.2630209519" lon="114.2139876150"><ele>241.000</ele></trkpt>
      <trkpt lat="22.2630217890" lon="114.2139916037"><ele>241.000</ele></trkpt>
      <trkpt lat="22.2630227408" lon="114.2139955896"><ele>241.000</ele></trkpt>
      <trkpt lat="22.2630237730" lon="114.2139995066"><ele>241.000</ele></trkpt>
      <trkpt lat="22.2630249055" lon="114.2140034391"><ele>241.000</ele></trkpt>
      <trkpt lat="22.2630266444" lon="114.2140088941"><ele>241.000</ele></trkpt>
      <trkpt lat="22.2630363491" lon="114.2140339900"><ele>242.000</ele></trkpt>
      <trkpt lat="22.2631056429" lon="114.2142131826"><ele>244.000</ele></trkpt>
      <trkpt lat="22.2631069029" lon="114.2142162119"><ele>244.000</ele></trkpt>
      <trkpt lat="22.2631077033" lon="114.2142186260"><ele>244.000</ele></trkpt>
      <trkpt lat="22.2631083511" lon="114.2142211380"><ele>244.000</ele></trkpt>
      <trkpt lat="22.2631088211" lon="114.2142236655"><ele>244.000</ele></trkpt>
      <trkpt lat="22.2631091104" lon="114.2142262338"><ele>244.000</ele></trkpt>
      <trkpt lat="22.2631092299" lon="114.2142288194"><ele>244.000</ele></trkpt>
      <trkpt lat="22.2631091661" lon="114.2142313943"><ele>244.000</ele></trkpt>
      <trkpt lat="22.2631089262" lon="114.2142339692"><ele>244.000</ele></trkpt>
      <trkpt lat="22.2631085183" lon="114.2142364615"><ele>244.000</ele></trkpt>
      <trkpt lat="22.2631077825" lon="114.2142394971"><ele>244.000</ele></trkpt>
      <trkpt lat="22.2631069239" lon="114.2142423319"><ele>244.000</ele></trkpt>
      <trkpt lat="22.2631059028" lon="114.2142453373"><ele>244.000</ele></trkpt>
      <trkpt lat="22.2631047922" lon="114.2142483107"><ele>244.000</ele></trkpt>
      <trkpt lat="22.2631035941" lon="114.2142512239"><ele>244.000</ele></trkpt>
      <trkpt lat="22.2631022957" lon="114.2142541138"><ele>244.000</ele></trkpt>
      <trkpt lat="22.2631009025" lon="114.2142569775"><ele>244.000</ele></trkpt>
      <trkpt lat="22.2630994444" lon="114.2142597577"><ele>244.000</ele></trkpt>
      <trkpt lat="22.2630979013" lon="114.2142624729"><ele>244.000</ele></trkpt>
      <trkpt lat="22.2630962571" lon="114.2142651532"><ele>244.000</ele></trkpt>
      <trkpt lat="22.2630945389" lon="114.2142677742"><ele>244.000</ele></trkpt>
      <trkpt lat="22.2630927484" lon="114.2142703234"><ele>244.000</ele></trkpt>
      <trkpt lat="22.2630908776" lon="114.2142728008"><ele>245.000</ele></trkpt>
      <trkpt lat="22.2630885705" lon="114.2142756653"><ele>245.000</ele></trkpt>
      <trkpt lat="22.2630818234" lon="114.2142847980"><ele>245.000</ele></trkpt>
      <trkpt lat="22.2630795904" lon="114.2142872248"><ele>245.000</ele></trkpt>
      <trkpt lat="22.2630764751" lon="114.2142903151"><ele>245.000</ele></trkpt>
      <trkpt lat="22.2630740976" lon="114.2142927070"><ele>245.000</ele></trkpt>
      <trkpt lat="22.2630672282" lon="114.2142997702"><ele>245.000</ele></trkpt>
      <trkpt lat="22.2630654822" lon="114.2143012891"><ele>245.000</ele></trkpt>
      <trkpt lat="22.2630130618" lon="114.2142822484"><ele>245.000</ele></trkpt>
      <trkpt lat="22.2628952098" lon="114.2142397278"><ele>239.000</ele></trkpt>
      <trkpt lat="22.2628578739" lon="114.2142262572"><ele>239.000</ele></trkpt>
      <trkpt lat="22.2627711155" lon="114.2141949547"><ele>235.000</ele></trkpt>
      <trkpt lat="22.2627480527" lon="114.2141882435"><ele>235.000</ele></trkpt>
      <trkpt lat="22.2627452227" lon="114.2141874928"><ele>235.000</ele></trkpt>
      <trkpt lat="22.2627392672" lon="114.2141862416"><ele>235.000</ele></trkpt>
      <trkpt lat="22.2627333605" lon="114.2141854163"><ele>235.000</ele></trkpt>
      <trkpt lat="22.2627273137" lon="114.2141849879"><ele>235.000</ele></trkpt>
      <trkpt lat="22.2627244518" lon="114.2141849386"><ele>235.000</ele></trkpt>
      <trkpt lat="22.2627214835" lon="114.2141849795"><ele>235.000</ele></trkpt>
      <trkpt lat="22.2626990330" lon="114.2141861727"><ele>236.000</ele></trkpt>
      <trkpt lat="22.2626914344" lon="114.2141867796"><ele>236.000</ele></trkpt>
      <trkpt lat="22.2625113183" lon="114.2142011649"><ele>236.000</ele></trkpt>
      <trkpt lat="22.2625014060" lon="114.2142025119"><ele>236.000</ele></trkpt>
      <trkpt lat="22.2624963937" lon="114.2142033963"><ele>236.000</ele></trkpt>
      <trkpt lat="22.2624904675" lon="114.2142048433"><ele>236.000</ele></trkpt>
      <trkpt lat="22.2624878565" lon="114.2142056313"><ele>234.000</ele></trkpt>
      <trkpt lat="22.2624820132" lon="114.2142077342"><ele>234.000</ele></trkpt>
      <trkpt lat="22.2624794618" lon="114.2142088065"><ele>234.000</ele></trkpt>
      <trkpt lat="22.2624738279" lon="114.2142115129"><ele>234.000</ele></trkpt>
      <trkpt lat="22.2624714001" lon="114.2142128395"><ele>234.000</ele></trkpt>
      <trkpt lat="22.2624661616" lon="114.2142160650"><ele>234.000</ele></trkpt>
      <trkpt lat="22.2624611208" lon="114.2142196680"><ele>234.000</ele></trkpt>
      <trkpt lat="22.2624588184" lon="114.2142214874"><ele>234.000</ele></trkpt>
      <trkpt lat="22.2624565946" lon="114.2142233720"><ele>236.000</ele></trkpt>
      <trkpt lat="22.2624519365" lon="114.2142277463"><ele>236.000</ele></trkpt>
      <trkpt lat="22.2624499647" lon="114.2142297794"><ele>236.000</ele></trkpt>
      <trkpt lat="22.2624457462" lon="114.2142346040"><ele>236.000</ele></trkpt>
      <trkpt lat="22.2624439766" lon="114.2142368350"><ele>234.000</ele></trkpt>
      <trkpt lat="22.2624402828" lon="114.2142419965"><ele>234.000</ele></trkpt>
      <trkpt lat="22.2624369691" lon="114.2142473036"><ele>234.000</ele></trkpt>
      <trkpt lat="22.2624339308" lon="114.2142529406"><ele>234.000</ele></trkpt>
      <trkpt lat="22.2624326786" lon="114.2142555453"><ele>234.000</ele></trkpt>
      <trkpt lat="22.2624301757" lon="114.2142614745"><ele>234.000</ele></trkpt>
      <trkpt lat="22.2624280286" lon="114.2142675688"><ele>234.000</ele></trkpt>
      <trkpt lat="22.2624271899" lon="114.2142703686"><ele>234.000</ele></trkpt>
      <trkpt lat="22.2624256153" lon="114.2142766580"><ele>236.000</ele></trkpt>
      <trkpt lat="22.2624244535" lon="114.2142829262"><ele>236.000</ele></trkpt>
      <trkpt lat="22.2624235333" lon="114.2142904003"><ele>236.000</ele></trkpt>
      <trkpt lat="22.2624199214" lon="114.2143083035"><ele>236.000</ele></trkpt>
      <trkpt lat="22.2624173650" lon="114.2143194873"><ele>238.000</ele></trkpt>
      <trkpt lat="22.2624136681" lon="114.2143341471"><ele>238.000</ele></trkpt>
      <trkpt lat="22.2624106285" lon="114.2143451358"><ele>238.000</ele></trkpt>
      <trkpt lat="22.2624075114" lon="114.2143555947"><ele>238.000</ele></trkpt>
      <trkpt lat="22.2624061267" lon="114.2143609285"><ele>238.000</ele></trkpt>
      <trkpt lat="22.2624037589" lon="114.2143686061"><ele>240.000</ele></trkpt>
      <trkpt lat="22.2624023420" lon="114.2143726592"><ele>240.000</ele></trkpt>
      <trkpt lat="22.2623993791" lon="114.2143801639"><ele>240.000</ele></trkpt>
      <trkpt lat="22.2623960098" lon="114.2143875608"><ele>238.000</ele></trkpt>
      <trkpt lat="22.2623923156" lon="114.2143946724"><ele>238.000</ele></trkpt>
      <trkpt lat="22.2623902630" lon="114.2143982723"><ele>238.000</ele></trkpt>
      <trkpt lat="22.2623881183" lon="114.2144018149"><ele>238.000</ele></trkpt>
      <trkpt lat="22.2623837341" lon="114.2144084538"><ele>238.000</ele></trkpt>
      <trkpt lat="22.2623789554" lon="114.2144149034"><ele>238.000</ele></trkpt>
      <trkpt lat="22.2623739393" lon="114.2144209813"><ele>240.000</ele></trkpt>
      <trkpt lat="22.2623713550" lon="114.2144238728"><ele>240.000</ele></trkpt>
      <trkpt lat="22.2623710533" lon="114.2144241997"><ele>240.000</ele></trkpt>
      <trkpt lat="22.2623684003" lon="114.2144269970"><ele>240.000</ele></trkpt>
      <trkpt lat="22.2623628795" lon="114.2144323889"><ele>240.000</ele></trkpt>
      <trkpt lat="22.2623535616" lon="114.2144407544"><ele>238.000</ele></trkpt>
      <trkpt lat="22.2623473293" lon="114.2144456135"><ele>238.000</ele></trkpt>
      <trkpt lat="22.2623438844" lon="114.2144480565"><ele>238.000</ele></trkpt>
      <trkpt lat="22.2623372486" lon="114.2144522596"><ele>238.000</ele></trkpt>
      <trkpt lat="22.2623304107" lon="114.2144559843"><ele>238.000</ele></trkpt>
      <trkpt lat="22.2623266571" lon="114.2144578083"><ele>238.000</ele></trkpt>
      <trkpt lat="22.2623195050" lon="114.2144608334"><ele>238.000</ele></trkpt>
      <trkpt lat="22.2623121824" lon="114.2144633705"><ele>238.000</ele></trkpt>
      <trkpt lat="22.2623081969" lon="114.2144645210"><ele>238.000</ele></trkpt>
      <trkpt lat="22.2623007959" lon="114.2144662741"><ele>240.000</ele></trkpt>
      <trkpt lat="22.2622736161" lon="114.2144711286"><ele>240.000</ele></trkpt>
      <trkpt lat="22.2622161288" lon="114.2144788846"><ele>237.000</ele></trkpt>
      <trkpt lat="22.2620369233" lon="114.2145030625"><ele>232.000</ele></trkpt>
      <trkpt lat="22.2620294013" lon="114.2145044061"><ele>232.000</ele></trkpt>
      <trkpt lat="22.2620220601" lon="114.2145054171"><ele>232.000</ele></trkpt>
      <trkpt lat="22.2620146828" lon="114.2145061466"><ele>232.000</ele></trkpt>
      <trkpt lat="22.2620072387" lon="114.2145065861"><ele>232.000</ele></trkpt>
      <trkpt lat="22.2619962231" lon="114.2145067180"><ele>232.000</ele></trkpt>
      <trkpt lat="22.2619851471" lon="114.2145062144"><ele>235.000</ele></trkpt>
      <trkpt lat="22.2619741679" lon="114.2145050802"><ele>235.000</ele></trkpt>
      <trkpt lat="22.2619667865" lon="114.2145039528"><ele>235.000</ele></trkpt>
      <trkpt lat="22.2619595099" lon="114.2145025654"><ele>235.000</ele></trkpt>
      <trkpt lat="22.2619522198" lon="114.2145008782"><ele>235.000</ele></trkpt>
      <trkpt lat="22.2619416068" lon="114.2144978862"><ele>236.000</ele></trkpt>
      <trkpt lat="22.2619344939" lon="114.2144955082"><ele>236.000</ele></trkpt>
      <trkpt lat="22.2619275201" lon="114.2144928907"><ele>236.000</ele></trkpt>
      <trkpt lat="22.2619205627" lon="114.2144899724"><ele>236.000</ele></trkpt>
      <trkpt lat="22.2619104739" lon="114.2144851673"><ele>236.000</ele></trkpt>
      <trkpt lat="22.2619006570" lon="114.2144797975"><ele>237.000</ele></trkpt>
      <trkpt lat="22.2618941549" lon="114.2144758499"><ele>237.000</ele></trkpt>
      <trkpt lat="22.2618878561" lon="114.2144716871"><ele>237.000</ele></trkpt>
      <trkpt lat="22.2618817000" lon="114.2144672992"><ele>237.000</ele></trkpt>
      <trkpt lat="22.2618756758" lon="114.2144626629"><ele>234.000</ele></trkpt>
      <trkpt lat="22.2618698251" lon="114.2144578026"><ele>234.000</ele></trkpt>
      <trkpt lat="22.2618640819" lon="114.2144526803"><ele>234.000</ele></trkpt>
      <trkpt lat="22.2618559209" lon="114.2144447070"><ele>232.000</ele></trkpt>
      <trkpt lat="22.2618481565" lon="114.2144362777"><ele>232.000</ele></trkpt>
      <trkpt lat="22.2618429644" lon="114.2144301098"><ele>232.000</ele></trkpt>
      <trkpt lat="22.2618062050" lon="114.2143795196"><ele>230.000</ele></trkpt>
      <trkpt lat="22.2616950666" lon="114.2142265653"><ele>226.000</ele></trkpt>
      <trkpt lat="22.2616896453" lon="114.2142195280"><ele>226.000</ele></trkpt>
      <trkpt lat="22.2616830452" lon="114.2142099688"><ele>226.000</ele></trkpt>
      <trkpt lat="22.2616788204" lon="114.2142031676"><ele>226.000</ele></trkpt>
      <trkpt lat="22.2616731109" lon="114.2141929179"><ele>224.000</ele></trkpt>
      <trkpt lat="22.2616679406" lon="114.2141822540"><ele>224.000</ele></trkpt>
      <trkpt lat="22.2616633953" lon="114.2141713420"><ele>224.000</ele></trkpt>
      <trkpt lat="22.2616606363" lon="114.2141637310"><ele>224.000</ele></trkpt>
      <trkpt lat="22.2616571359" lon="114.2141524700"><ele>224.000</ele></trkpt>
      <trkpt lat="22.2616550842" lon="114.2141445982"><ele>224.000</ele></trkpt>
      <trkpt lat="22.2616539115" lon="114.2141390503"><ele>224.000</ele></trkpt>
      <trkpt lat="22.2616498042" lon="114.2141358243"><ele>224.000</ele></trkpt>
      <trkpt lat="22.2616417176" lon="114.2141300834"><ele>224.000</ele></trkpt>
      <trkpt lat="22.2616362675" lon="114.2141265436"><ele>224.000</ele></trkpt>
      <trkpt lat="22.2616307208" lon="114.2141231853"><ele>222.000</ele></trkpt>
      <trkpt lat="22.2616220389" lon="114.2141184174"><ele>222.000</ele></trkpt>
      <trkpt lat="22.2616162518" lon="114.2141155363"><ele>222.000</ele></trkpt>
      <trkpt lat="22.2616103978" lon="114.2141128521"><ele>222.000</ele></trkpt>
      <trkpt lat="22.2616012831" lon="114.2141091397"><ele>222.000</ele></trkpt>
      <trkpt lat="22.2615952457" lon="114.2141069639"><ele>222.000</ele></trkpt>
      <trkpt lat="22.2615899316" lon="114.2141052472"><ele>222.000</ele></trkpt>
      <trkpt lat="22.2615888001" lon="114.2141050752"><ele>222.000</ele></trkpt>
      <trkpt lat="22.2615483043" lon="114.2141154038"><ele>220.000</ele></trkpt>
      <trkpt lat="22.2614471975" lon="114.2141053772"><ele>220.000</ele></trkpt>
      <trkpt lat="22.2614222561" lon="114.2140957395"><ele>220.000</ele></trkpt>
      <trkpt lat="22.2614041585" lon="114.2140887619"><ele>220.000</ele></trkpt>
      <trkpt lat="22.2613935185" lon="114.2140771788"><ele>220.000</ele></trkpt>
      <trkpt lat="22.2613858187" lon="114.2140666395"><ele>218.000</ele></trkpt>
      <trkpt lat="22.2613794452" lon="114.2140572375"><ele>218.000</ele></trkpt>
      <trkpt lat="22.2613733635" lon="114.2140476349"><ele>218.000</ele></trkpt>
      <trkpt lat="22.2613675825" lon="114.2140378062"><ele>218.000</ele></trkpt>
      <trkpt lat="22.2613620851" lon="114.2140277487"><ele>218.000</ele></trkpt>
      <trkpt lat="22.2613552936" lon="114.2140141312"><ele>220.000</ele></trkpt>
      <trkpt lat="22.2613490611" lon="114.2140002033"><ele>220.000</ele></trkpt>
      <trkpt lat="22.2613447216" lon="114.2139894611"><ele>220.000</ele></trkpt>
      <trkpt lat="22.2613395133" lon="114.2139750533"><ele>218.000</ele></trkpt>
      <trkpt lat="22.2613350427" lon="114.2139608669"><ele>218.000</ele></trkpt>
      <trkpt lat="22.2613324256" lon="114.2139531454"><ele>218.000</ele></trkpt>
      <trkpt lat="22.2613290724" lon="114.2139419795"><ele>218.000</ele></trkpt>
      <trkpt lat="22.2613261572" lon="114.2139306304"><ele>216.000</ele></trkpt>
      <trkpt lat="22.2613237016" lon="114.2139192086"><ele>216.000</ele></trkpt>
      <trkpt lat="22.2613223046" lon="114.2139114340"><ele>216.000</ele></trkpt>
      <trkpt lat="22.2613211215" lon="114.2139036430"><ele>216.000</ele></trkpt>
      <trkpt lat="22.2613197343" lon="114.2138920120"><ele>216.000</ele></trkpt>
      <trkpt lat="22.2613188222" lon="114.2138803277"><ele>216.000</ele></trkpt>
      <trkpt lat="22.2613184700" lon="114.2138724923"><ele>216.000</ele></trkpt>
      <trkpt lat="22.2613178828" lon="114.2138497866"><ele>216.000</ele></trkpt>
      <trkpt lat="22.2613173884" lon="114.2138236901"><ele>216.000</ele></trkpt>
      <trkpt lat="22.2613172219" lon="114.2137975327"><ele>216.000</ele></trkpt>
      <trkpt lat="22.2613174914" lon="114.2137638951"><ele>214.000</ele></trkpt>
      <trkpt lat="22.2613174505" lon="114.2137492917"><ele>214.000</ele></trkpt>
      <trkpt lat="22.2613171331" lon="114.2137310218"><ele>213.000</ele></trkpt>
      <trkpt lat="22.2613165331" lon="114.2137127965"><ele>213.000</ele></trkpt>
      <trkpt lat="22.2613152114" lon="114.2136872412"><ele>212.000</ele></trkpt>
      <trkpt lat="22.2613133298" lon="114.2136617508"><ele>212.000</ele></trkpt>
      <trkpt lat="22.2613108864" lon="114.2136363184"><ele>210.000</ele></trkpt>
      <trkpt lat="22.2613078805" lon="114.2136109373"><ele>210.000</ele></trkpt>
      <trkpt lat="22.2613041091" lon="114.2135835390"><ele>208.000</ele></trkpt>
      <trkpt lat="22.2613017869" lon="114.2135694162"><ele>208.000</ele></trkpt>
      <trkpt lat="22.2612990430" lon="114.2135554602"><ele>208.000</ele></trkpt>
      <trkpt lat="22.2612949136" lon="114.2135377841"><ele>206.000</ele></trkpt>
      <trkpt lat="22.2612950715" lon="114.2135384041"><ele>206.000</ele></trkpt>
      <trkpt lat="22.2612879874" lon="114.2135126397"><ele>206.000</ele></trkpt>
      <trkpt lat="22.2612817853" lon="114.2134917633"><ele>206.000</ele></trkpt>
      <trkpt lat="22.2612774320" lon="114.2134779776"><ele>206.000</ele></trkpt>
      <trkpt lat="22.2612728855" lon="114.2134642676"><ele>206.000</ele></trkpt>
      <trkpt lat="22.2612721500" lon="114.2134621786"><ele>206.000</ele></trkpt>
      <trkpt lat="22.2612644344" lon="114.2134450148"><ele>206.000</ele></trkpt>
      <trkpt lat="22.2612618789" lon="114.2134403834"><ele>206.000</ele></trkpt>
      <trkpt lat="22.2612609872" lon="114.2134379344"><ele>206.000</ele></trkpt>
      <trkpt lat="22.2612599492" lon="114.2134355513"><ele>206.000</ele></trkpt>
      <trkpt lat="22.2612587640" lon="114.2134332827"><ele>206.000</ele></trkpt>
      <trkpt lat="22.2612574153" lon="114.2134310703"><ele>206.000</ele></trkpt>
      <trkpt lat="22.2612559429" lon="114.2134289791"><ele>206.000</ele></trkpt>
      <trkpt lat="22.2612543585" lon="114.2134270315"><ele>206.000</ele></trkpt>
      <trkpt lat="22.2612526277" lon="114.2134251916"><ele>206.000</ele></trkpt>
      <trkpt lat="22.2612507696" lon="114.2134234651"><ele>206.000</ele></trkpt>
      <trkpt lat="22.2612488301" lon="114.2134218997"><ele>206.000</ele></trkpt>
      <trkpt lat="22.2612467949" lon="114.2134204914"><ele>206.000</ele></trkpt>
      <trkpt lat="22.2612444076" lon="114.2134190772"><ele>206.000</ele></trkpt>
      <trkpt lat="22.2612410143" lon="114.2134172126"><ele>206.000</ele></trkpt>
      <trkpt lat="22.2612355043" lon="114.2134146537"><ele>206.000</ele></trkpt>
      <trkpt lat="22.2612330699" lon="114.2134136926"><ele>206.000</ele></trkpt>
      <trkpt lat="22.2612272789" lon="114.2134118244"><ele>206.000</ele></trkpt>
      <trkpt lat="22.2612247523" lon="114.2134111708"><ele>204.000</ele></trkpt>
      <trkpt lat="22.2612189666" lon="114.2134100672"><ele>204.000</ele></trkpt>
      <trkpt lat="22.2612129975" lon="114.2134094399"><ele>204.000</ele></trkpt>
      <trkpt lat="22.2612057089" lon="114.2134090159"><ele>204.000</ele></trkpt>
      <trkpt lat="22.2612038080" lon="114.2134091290"><ele>204.000</ele></trkpt>
      <trkpt lat="22.2612018401" lon="114.2134094651"><ele>204.000</ele></trkpt>
      <trkpt lat="22.2611998876" lon="114.2134100128"><ele>204.000</ele></trkpt>
      <trkpt lat="22.2611980135" lon="114.2134107564"><ele>204.000</ele></trkpt>
      <trkpt lat="22.2611961936" lon="114.2134117106"><ele>204.000</ele></trkpt>
      <trkpt lat="22.2611944739" lon="114.2134128414"><ele>204.000</ele></trkpt>
      <trkpt lat="22.2611928915" lon="114.2134141362"><ele>204.000</ele></trkpt>
      <trkpt lat="22.2611893755" lon="114.2134157866"><ele>204.000</ele></trkpt>
      <trkpt lat="22.2611823081" lon="114.2134195801"><ele>204.000</ele></trkpt>
      <trkpt lat="22.2611658974" lon="114.2134287704"><ele>205.000</ele></trkpt>
      <trkpt lat="22.2611625086" lon="114.2134308186"><ele>205.000</ele></trkpt>
      <trkpt lat="22.2611460508" lon="114.2134443107"><ele>205.000</ele></trkpt>
      <trkpt lat="22.2611318566" lon="114.2134553817"><ele>206.000</ele></trkpt>
      <trkpt lat="22.2611174376" lon="114.2134661190"><ele>206.000</ele></trkpt>
      <trkpt lat="22.2610998793" lon="114.2134785271"><ele>206.000</ele></trkpt>
      <trkpt lat="22.2610819986" lon="114.2134904393"><ele>206.000</ele></trkpt>
      <trkpt lat="22.2610610924" lon="114.2135034937"><ele>208.000</ele></trkpt>
      <trkpt lat="22.2610520613" lon="114.2135093416"><ele>208.000</ele></trkpt>
      <trkpt lat="22.2610395115" lon="114.2135167923"><ele>206.000</ele></trkpt>
      <trkpt lat="22.2610266349" lon="114.2135236735"><ele>206.000</ele></trkpt>
      <trkpt lat="22.2610134984" lon="114.2135299559"><ele>206.000</ele></trkpt>
      <trkpt lat="22.2610001227" lon="114.2135356310"><ele>206.000</ele></trkpt>
      <trkpt lat="22.2609865305" lon="114.2135406773"><ele>206.000</ele></trkpt>
      <trkpt lat="22.2609727947" lon="114.2135450832"><ele>208.000</ele></trkpt>
      <trkpt lat="22.2609623565" lon="114.2135479698"><ele>208.000</ele></trkpt>
      <trkpt lat="22.2609552300" lon="114.2135497298"><ele>208.000</ele></trkpt>
      <trkpt lat="22.2609412029" lon="114.2135526716"><ele>208.000</ele></trkpt>
      <trkpt lat="22.2609269899" lon="114.2135549896"><ele>208.000</ele></trkpt>
      <trkpt lat="22.2609126958" lon="114.2135566391"><ele>208.000</ele></trkpt>
      <trkpt lat="22.2608983910" lon="114.2135576259"><ele>206.000</ele></trkpt>
      <trkpt lat="22.2608875749" lon="114.2135579384"><ele>206.000</ele></trkpt>
      <trkpt lat="22.2608767526" lon="114.2135578744"><ele>206.000</ele></trkpt>
      <trkpt lat="22.2608624798" lon="114.2135572052"><ele>206.000</ele></trkpt>
      <trkpt lat="22.2608516532" lon="114.2135562739"><ele>206.000</ele></trkpt>
      <trkpt lat="22.2608374167" lon="114.2135544491"><ele>206.000</ele></trkpt>
      <trkpt lat="22.2608232590" lon="114.2135519772"><ele>206.000</ele></trkpt>
      <trkpt lat="22.2608126558" lon="114.2135496742"><ele>206.000</ele></trkpt>
      <trkpt lat="22.2608021573" lon="114.2135470160"><ele>206.000</ele></trkpt>
      <trkpt lat="22.2607917529" lon="114.2135440037"><ele>206.000</ele></trkpt>
      <trkpt lat="22.2607814659" lon="114.2135406432"><ele>203.000</ele></trkpt>
      <trkpt lat="22.2607745743" lon="114.2135381597"><ele>203.000</ele></trkpt>
      <trkpt lat="22.2607645267" lon="114.2135342268"><ele>203.000</ele></trkpt>
      <trkpt lat="22.2607577318" lon="114.2135313523"><ele>203.000</ele></trkpt>
      <trkpt lat="22.2607331249" lon="114.2135199316"><ele>203.000</ele></trkpt>
      <trkpt lat="22.2607175693" lon="114.2135133215"><ele>203.000</ele></trkpt>
      <trkpt lat="22.2607017815" lon="114.2135072663"><ele>203.000</ele></trkpt>
      <trkpt lat="22.2606922964" lon="114.2135039322"><ele>203.000</ele></trkpt>
      <trkpt lat="22.2606827120" lon="114.2135007931"><ele>203.000</ele></trkpt>
      <trkpt lat="22.2606730625" lon="114.2134978683"><ele>203.000</ele></trkpt>
      <trkpt lat="22.2606633615" lon="114.2134951493"><ele>203.000</ele></trkpt>
      <trkpt lat="22.2606536153" lon="114.2134926398"><ele>200.000</ele></trkpt>
      <trkpt lat="22.2606438193" lon="114.2134903475"><ele>200.000</ele></trkpt>
      <trkpt lat="22.2606339809" lon="114.2134882707"><ele>198.000</ele></trkpt>
      <trkpt lat="22.2606241126" lon="114.2134864015"><ele>198.000</ele></trkpt>
      <trkpt lat="22.2606142081" lon="114.2134847593"><ele>198.000</ele></trkpt>
      <trkpt lat="22.2606042937" lon="114.2134833267"><ele>198.000</ele></trkpt>
      <trkpt lat="22.2605909341" lon="114.2134817398"><ele>198.000</ele></trkpt>
      <trkpt lat="22.2605761088" lon="114.2134803001"><ele>198.000</ele></trkpt>
      <trkpt lat="22.2605664344" lon="114.2134797319"><ele>198.000</ele></trkpt>
      <trkpt lat="22.2605602105" lon="114.2134797041"><ele>198.000</ele></trkpt>
      <trkpt lat="22.2605539169" lon="114.2134799431"><ele>198.000</ele></trkpt>
      <trkpt lat="22.2605476324" lon="114.2134804566"><ele>198.000</ele></trkpt>
      <trkpt lat="22.2605413758" lon="114.2134812370"><ele>198.000</ele></trkpt>
      <trkpt lat="22.2605351534" lon="114.2134822841"><ele>198.000</ele></trkpt>
      <trkpt lat="22.2605289662" lon="114.2134836000"><ele>198.000</ele></trkpt>
      <trkpt lat="22.2605228340" lon="114.2134851721"><ele>198.000</ele></trkpt>
      <trkpt lat="22.2605167741" lon="114.2134870080"><ele>198.000</ele></trkpt>
      <trkpt lat="22.2605107863" lon="114.2134891031"><ele>198.000</ele></trkpt>
      <trkpt lat="22.2605048788" lon="114.2134914571"><ele>198.000</ele></trkpt>
      <trkpt lat="22.2604990642" lon="114.2134940587"><ele>198.000</ele></trkpt>
      <trkpt lat="22.2604900895" lon="114.2134985444"><ele>196.000</ele></trkpt>
      <trkpt lat="22.2604837244" lon="114.2135021207"><ele>196.000</ele></trkpt>
      <trkpt lat="22.2603236776" lon="114.2135920448"><ele>196.000</ele></trkpt>
      <trkpt lat="22.2603084635" lon="114.2136005901"><ele>194.000</ele></trkpt>
      <trkpt lat="22.2601875420" lon="114.2136684164"><ele>194.000</ele></trkpt>
      <trkpt lat="22.2601878871" lon="114.2136682156"><ele>194.000</ele></trkpt>
      <trkpt lat="22.2601760670" lon="114.2136752910"><ele>192.000</ele></trkpt>
      <trkpt lat="22.2601675706" lon="114.2136807645"><ele>192.000</ele></trkpt>
      <trkpt lat="22.2601591808" lon="114.2136864874"><ele>192.000</ele></trkpt>
      <trkpt lat="22.2601509425" lon="114.2136924597"><ele>194.000</ele></trkpt>
      <trkpt lat="22.2601428840" lon="114.2136986376"><ele>194.000</ele></trkpt>
      <trkpt lat="22.2601322954" lon="114.2137073142"><ele>191.000</ele></trkpt>
      <trkpt lat="22.2601246313" lon="114.2137140035"><ele>191.000</ele></trkpt>
      <trkpt lat="22.2601237868" lon="114.2137147892"><ele>191.000</ele></trkpt>
      <trkpt lat="22.2600846180" lon="114.2137591291"><ele>190.000</ele></trkpt>
      <trkpt lat="22.2600583850" lon="114.2137978598"><ele>192.000</ele></trkpt>
      <trkpt lat="22.2600379522" lon="114.2138376758"><ele>190.000</ele></trkpt>
      <trkpt lat="22.2600217150" lon="114.2138776394"><ele>190.000</ele></trkpt>
      <trkpt lat="22.2600196375" lon="114.2138876511"><ele>190.000</ele></trkpt>
      <trkpt lat="22.2600176299" lon="114.2138997382"><ele>190.000</ele></trkpt>
      <trkpt lat="22.2600165299" lon="114.2139079980"><ele>190.000</ele></trkpt>
      <trkpt lat="22.2600156430" lon="114.2139162939"><ele>190.000</ele></trkpt>
      <trkpt lat="22.2600146765" lon="114.2139292767"><ele>190.000</ele></trkpt>
      <trkpt lat="22.2600147669" lon="114.2139369741"><ele>190.000</ele></trkpt>
      <trkpt lat="22.2600144397" lon="114.2139418192"><ele>190.000</ele></trkpt>
      <trkpt lat="22.2600137315" lon="114.2139466369"><ele>190.000</ele></trkpt>
      <trkpt lat="22.2600126522" lon="114.2139513537"><ele>190.000</ele></trkpt>
      <trkpt lat="22.2600111141" lon="114.2139562450"><ele>190.000</ele></trkpt>
      <trkpt lat="22.2600103587" lon="114.2139582201"><ele>190.000</ele></trkpt>
      <trkpt lat="22.2600095346" lon="114.2139601505"><ele>190.000</ele></trkpt>
      <trkpt lat="22.2600072597" lon="114.2139646788"><ele>190.000</ele></trkpt>
      <trkpt lat="22.2600046859" lon="114.2139689032"><ele>188.000</ele></trkpt>
      <trkpt lat="22.2600020959" lon="114.2139725505"><ele>188.000</ele></trkpt>
      <trkpt lat="22.2600011420" lon="114.2139736737"><ele>188.000</ele></trkpt>
      <trkpt lat="22.2599998558" lon="114.2139750248"><ele>188.000</ele></trkpt>
      <trkpt lat="22.2599985316" lon="114.2139762595"><ele>188.000</ele></trkpt>
      <trkpt lat="22.2599971487" lon="114.2139773962"><ele>188.000</ele></trkpt>
      <trkpt lat="22.2599956801" lon="114.2139784582"><ele>188.000</ele></trkpt>
      <trkpt lat="22.2599941365" lon="114.2139794396"><ele>189.000</ele></trkpt>
      <trkpt lat="22.2599925596" lon="114.2139803104"><ele>189.000</ele></trkpt>
      <trkpt lat="22.2599909610" lon="114.2139810677"><ele>189.000</ele></trkpt>
      <trkpt lat="22.2599893073" lon="114.2139817241"><ele>189.000</ele></trkpt>
      <trkpt lat="22.2599876447" lon="114.2139822689"><ele>189.000</ele></trkpt>
      <trkpt lat="22.2599859116" lon="114.2139827099"><ele>189.000</ele></trkpt>
      <trkpt lat="22.2599841505" lon="114.2139830480"><ele>189.000</ele></trkpt>
      <trkpt lat="22.2599837514" lon="114.2139830983"><ele>189.000</ele></trkpt>
      <trkpt lat="22.2599821222" lon="114.2139830281"><ele>189.000</ele></trkpt>
      <trkpt lat="22.2599770490" lon="114.2139824359"><ele>189.000</ele></trkpt>
      <trkpt lat="22.2599753359" lon="114.2139821259"><ele>189.000</ele></trkpt>
      <trkpt lat="22.2599705716" lon="114.2139809313"><ele>189.000</ele></trkpt>
      <trkpt lat="22.2599658823" lon="114.2139793254"><ele>189.000</ele></trkpt>
      <trkpt lat="22.2599642516" lon="114.2139786488"><ele>188.000</ele></trkpt>
      <trkpt lat="22.2599587670" lon="114.2139759512"><ele>188.000</ele></trkpt>
      <trkpt lat="22.2599607887" lon="114.2139770548"><ele>188.000</ele></trkpt>
      <trkpt lat="22.2599555236" lon="114.2139738887"><ele>188.000</ele></trkpt>
      <trkpt lat="22.2599538017" lon="114.2139726997"><ele>188.000</ele></trkpt>
      <trkpt lat="22.2599521287" lon="114.2139714439"><ele>188.000</ele></trkpt>
      <trkpt lat="22.2599480440" lon="114.2139679637"><ele>188.000</ele></trkpt>
      <trkpt lat="22.2599467393" lon="114.2139667089"><ele>188.000</ele></trkpt>
      <trkpt lat="22.2599431063" lon="114.2139627603"><ele>188.000</ele></trkpt>
      <trkpt lat="22.2599419372" lon="114.2139613231"><ele>188.000</ele></trkpt>
      <trkpt lat="22.2599389083" lon="114.2139571369"><ele>188.000</ele></trkpt>
      <trkpt lat="22.2599362299" lon="114.2139527345"><ele>188.000</ele></trkpt>
      <trkpt lat="22.2599353534" lon="114.2139510811"><ele>188.000</ele></trkpt>
      <trkpt lat="22.2599349274" lon="114.2139500817"><ele>188.000</ele></trkpt>
      <trkpt lat="22.2599345439" lon="114.2139489348"><ele>188.000</ele></trkpt>
      <trkpt lat="22.2599342479" lon="114.2139477598"><ele>188.000</ele></trkpt>
      <trkpt lat="22.2599340595" lon="114.2139466412"><ele>188.000</ele></trkpt>
      <trkpt lat="22.2599339784" lon="114.2139457262"><ele>188.000</ele></trkpt>
      <trkpt lat="22.2599304820" lon="114.2139325987"><ele>188.000</ele></trkpt>
      <trkpt lat="22.2599349620" lon="114.2139133679"><ele>188.000</ele></trkpt>
      <trkpt lat="22.2599419558" lon="114.2138914290"><ele>188.000</ele></trkpt>
      <trkpt lat="22.2599428334" lon="114.2138882955"><ele>188.000</ele></trkpt>
      <trkpt lat="22.2599454116" lon="114.2138804794"><ele>188.000</ele></trkpt>
      <trkpt lat="22.2599485037" lon="114.2138727497"><ele>188.000</ele></trkpt>
      <trkpt lat="22.2599520581" lon="114.2138652482"><ele>188.000</ele></trkpt>
      <trkpt lat="22.2599560666" lon="114.2138580097"><ele>188.000</ele></trkpt>
      <trkpt lat="22.2599598925" lon="114.2138520286"><ele>188.000</ele></trkpt>
      <trkpt lat="22.2599728174" lon="114.2138276559"><ele>192.000</ele></trkpt>
      <trkpt lat="22.2600622239" lon="114.2136590601"><ele>193.000</ele></trkpt>
      <trkpt lat="22.2600670229" lon="114.2136504228"><ele>193.000</ele></trkpt>
      <trkpt lat="22.2600719025" lon="114.2136410763"><ele>193.000</ele></trkpt>
      <trkpt lat="22.2600749707" lon="114.2136348562"><ele>191.000</ele></trkpt>
      <trkpt lat="22.2600794223" lon="114.2136253156"><ele>191.000</ele></trkpt>
      <trkpt lat="22.2600849637" lon="114.2136123622"><ele>191.000</ele></trkpt>
      <trkpt lat="22.2600900663" lon="114.2135991583"><ele>191.000</ele></trkpt>
      <trkpt lat="22.2600923896" lon="114.2135926198"><ele>191.000</ele></trkpt>
      <trkpt lat="22.2600959257" lon="114.2135819254"><ele>188.000</ele></trkpt>
      <trkpt lat="22.2600988235" lon="114.2135744732"><ele>190.000</ele></trkpt>
      <trkpt lat="22.2601006942" lon="114.2135684886"><ele>190.000</ele></trkpt>
      <trkpt lat="22.2601021794" lon="114.2135623564"><ele>190.000</ele></trkpt>
      <trkpt lat="22.2601032717" lon="114.2135561194"><ele>190.000</ele></trkpt>
      <trkpt lat="22.2601039694" lon="114.2135498143"><ele>190.000</ele></trkpt>
      <trkpt lat="22.2601042571" lon="114.2135434897"><ele>190.000</ele></trkpt>
      <trkpt lat="22.2601041420" lon="114.2135371369"><ele>188.000</ele></trkpt>
      <trkpt lat="22.2601036251" lon="114.2135308199"><ele>188.000</ele></trkpt>
      <trkpt lat="22.2601027054" lon="114.2135245435"><ele>188.000</ele></trkpt>
      <trkpt lat="22.2601013928" lon="114.2135183640"><ele>188.000</ele></trkpt>
      <trkpt lat="22.2600996847" lon="114.2135122892"><ele>188.000</ele></trkpt>
      <trkpt lat="22.2600975999" lon="114.2135063618"><ele>188.000</ele></trkpt>
      <trkpt lat="22.2600951349" lon="114.2135006060"><ele>186.000</ele></trkpt>
      <trkpt lat="22.2600922564" lon="114.2134949258"><ele>186.000</ele></trkpt>
      <trkpt lat="22.2600902126" lon="114.2134913559"><ele>185.000</ele></trkpt>
      <trkpt lat="22.2600890058" lon="114.2134885712"><ele>185.000</ele></trkpt>
      <trkpt lat="22.2600858576" lon="114.2134854134"><ele>185.000</ele></trkpt>
      <trkpt lat="22.2600813268" lon="114.2134740125"><ele>185.000</ele></trkpt>
      <trkpt lat="22.2600774515" lon="114.2134628902"><ele>185.000</ele></trkpt>
      <trkpt lat="22.2600741136" lon="114.2134515304"><ele>185.000</ele></trkpt>
      <trkpt lat="22.2600713203" lon="114.2134400145"><ele>188.000</ele></trkpt>
      <trkpt lat="22.2600690788" lon="114.2134283640"><ele>188.000</ele></trkpt>
      <trkpt lat="22.2600673873" lon="114.2134165942"><ele>188.000</ele></trkpt>
      <trkpt lat="22.2600662675" lon="114.2134047333"><ele>188.000</ele></trkpt>
      <trkpt lat="22.2600657211" lon="114.2133928989"><ele>190.000</ele></trkpt>
      <trkpt lat="22.2600656741" lon="114.2133848967"><ele>190.000</ele></trkpt>
      <trkpt lat="22.2600658710" lon="114.2133768889"><ele>190.000</ele></trkpt>
      <trkpt lat="22.2600667209" lon="114.2133641641"><ele>190.000</ele></trkpt>
      <trkpt lat="22.2600676954" lon="114.2133560002"><ele>190.000</ele></trkpt>
      <trkpt lat="22.2600690373" lon="114.2133479325"><ele>190.000</ele></trkpt>
      <trkpt lat="22.2600717764" lon="114.2133353547"><ele>190.000</ele></trkpt>
      <trkpt lat="22.2600730224" lon="114.2133287238"><ele>190.000</ele></trkpt>
      <trkpt lat="22.2600757532" lon="114.2133088338"><ele>190.000</ele></trkpt>
      <trkpt lat="22.2600765368" lon="114.2133019136"><ele>190.000</ele></trkpt>
      <trkpt lat="22.2600774278" lon="114.2132913311"><ele>190.000</ele></trkpt>
      <trkpt lat="22.2600778014" lon="114.2132844263"><ele>190.000</ele></trkpt>
      <trkpt lat="22.2600798808" lon="114.2132496272"><ele>190.000</ele></trkpt>
      <trkpt lat="22.2600790211" lon="114.2132457763"><ele>190.000</ele></trkpt>
      <trkpt lat="22.2600778119" lon="114.2132415004"><ele>190.000</ele></trkpt>
      <trkpt lat="22.2600717827" lon="114.2132230236"><ele>190.000</ele></trkpt>
      <trkpt lat="22.2600653959" lon="114.2132042304"><ele>190.000</ele></trkpt>
      <trkpt lat="22.2600635336" lon="114.2131969603"><ele>189.000</ele></trkpt>
      <trkpt lat="22.2600607453" lon="114.2131912364"><ele>189.000</ele></trkpt>
      <trkpt lat="22.2600584423" lon="114.2131878741"><ele>189.000</ele></trkpt>
      <trkpt lat="22.2600647256" lon="114.2131728999"><ele>189.000</ele></trkpt>
      <trkpt lat="22.2600646986" lon="114.2131726535"><ele>189.000</ele></trkpt>
      <trkpt lat="22.2600740030" lon="114.2131679592"><ele>189.000</ele></trkpt>
      <trkpt lat="22.2600804986" lon="114.2131643906"><ele>189.000</ele></trkpt>
      <trkpt lat="22.2600899441" lon="114.2131588649"><ele>189.000</ele></trkpt>
      <trkpt lat="22.2601022195" lon="114.2131510629"><ele>188.000</ele></trkpt>
      <trkpt lat="22.2601113319" lon="114.2131447775"><ele>188.000</ele></trkpt>
      <trkpt lat="22.2601230358" lon="114.2131360614"><ele>188.000</ele></trkpt>
      <trkpt lat="22.2601288842" lon="114.2131314031"><ele>188.000</ele></trkpt>
      <trkpt lat="22.2601367522" lon="114.2131248011"><ele>188.000</ele></trkpt>
      <trkpt lat="22.2601453951" lon="114.2131185961"><ele>186.000</ele></trkpt>
      <trkpt lat="22.2601542069" lon="114.2131117566"><ele>186.000</ele></trkpt>
      <trkpt lat="22.2601655154" lon="114.2131021983"><ele>183.000</ele></trkpt>
      <trkpt lat="22.2601764222" lon="114.2130920422"><ele>183.000</ele></trkpt>
      <trkpt lat="22.2601868649" lon="114.2130813467"><ele>184.000</ele></trkpt>
      <trkpt lat="22.2601968319" lon="114.2130701261"><ele>184.000</ele></trkpt>
      <trkpt lat="22.2602062986" lon="114.2130584164"><ele>184.000</ele></trkpt>
      <trkpt lat="22.2602152345" lon="114.2130462380"><ele>184.000</ele></trkpt>
      <trkpt lat="22.2602236295" lon="114.2130336258"><ele>184.000</ele></trkpt>
      <trkpt lat="22.2602312894" lon="114.2130208931"><ele>184.000</ele></trkpt>
      <trkpt lat="22.2602316372" lon="114.2130202819"><ele>184.000</ele></trkpt>
      <trkpt lat="22.2602387102" lon="114.2130071949"><ele>186.000</ele></trkpt>
      <trkpt lat="22.2602456571" lon="114.2129929524"><ele>186.000</ele></trkpt>
      <trkpt lat="22.2602518335" lon="114.2129790658"><ele>186.000</ele></trkpt>
      <trkpt lat="22.2602561354" lon="114.2129683143"><ele>186.000</ele></trkpt>
      <trkpt lat="22.2602612915" lon="114.2129538957"><ele>186.000</ele></trkpt>
      <trkpt lat="22.2602658471" lon="114.2129391927"><ele>186.000</ele></trkpt>
      <trkpt lat="22.2602697824" lon="114.2129242790"><ele>186.000</ele></trkpt>
      <trkpt lat="22.2602736198" lon="114.2129066497"><ele>186.000</ele></trkpt>
      <trkpt lat="22.2602755098" lon="114.2128949099"><ele>186.000</ele></trkpt>
      <trkpt lat="22.2602764346" lon="114.2128869158"><ele>186.000</ele></trkpt>
      <trkpt lat="22.2602770748" lon="114.2128788770"><ele>186.000</ele></trkpt>
      <trkpt lat="22.2602774721" lon="114.2128670495"><ele>186.000</ele></trkpt>
      <trkpt lat="22.2602773854" lon="114.2128589145"><ele>185.000</ele></trkpt>
      <trkpt lat="22.2602767233" lon="114.2128470955"><ele>185.000</ele></trkpt>
      <trkpt lat="22.2602759096" lon="114.2128390825"><ele>185.000</ele></trkpt>
      <trkpt lat="22.2602748106" lon="114.2128310995"><ele>185.000</ele></trkpt>
      <trkpt lat="22.2602728776" lon="114.2128206306"><ele>185.000</ele></trkpt>
      <trkpt lat="22.2602717437" lon="114.2128069953"><ele>185.000</ele></trkpt>
      <trkpt lat="22.2602693030" lon="114.2127974160"><ele>185.000</ele></trkpt>
      <trkpt lat="22.2602680248" lon="114.2127909174"><ele>185.000</ele></trkpt>
      <trkpt lat="22.2602675523" lon="114.2127878699"><ele>185.000</ele></trkpt>
      <trkpt lat="22.2602668808" lon="114.2127821708"><ele>185.000</ele></trkpt>
      <trkpt lat="22.2602670449" lon="114.2127789411"><ele>185.000</ele></trkpt>
      <trkpt lat="22.2602638070" lon="114.2127522504"><ele>185.000</ele></trkpt>
      <trkpt lat="22.2602616499" lon="114.2127304730"><ele>185.000</ele></trkpt>
      <trkpt lat="22.2602601882" lon="114.2127123253"><ele>184.000</ele></trkpt>
      <trkpt lat="22.2602586118" lon="114.2126864131"><ele>184.000</ele></trkpt>
      <trkpt lat="22.2602581767" lon="114.2126812263"><ele>184.000</ele></trkpt>
      <trkpt lat="22.2602581031" lon="114.2126750549"><ele>184.000</ele></trkpt>
      <trkpt lat="22.2602585262" lon="114.2126689952"><ele>185.000</ele></trkpt>
      <trkpt lat="22.2602594713" lon="114.2126628406"><ele>185.000</ele></trkpt>
      <trkpt lat="22.2602600453" lon="114.2126602077"><ele>185.000</ele></trkpt>
      <trkpt lat="22.2602617453" lon="114.2126542346"><ele>185.000</ele></trkpt>
      <trkpt lat="22.2602638642" lon="114.2126486023"><ele>185.000</ele></trkpt>
      <trkpt lat="22.2602669650" lon="114.2126421067"><ele>185.000</ele></trkpt>
      <trkpt lat="22.2602691010" lon="114.2126366460"><ele>185.000</ele></trkpt>
      <trkpt lat="22.2602702403" lon="114.2126341491"><ele>185.000</ele></trkpt>
      <trkpt lat="22.2602731214" lon="114.2126287536"><ele>185.000</ele></trkpt>
      <trkpt lat="22.2602763600" lon="114.2126237900"><ele>185.000</ele></trkpt>
      <trkpt lat="22.2602799977" lon="114.2126191447"><ele>184.000</ele></trkpt>
      <trkpt lat="22.2602843840" lon="114.2126144617"><ele>184.000</ele></trkpt>
      <trkpt lat="22.2602846170" lon="114.2126142105"><ele>184.000</ele></trkpt>
      <trkpt lat="22.2602997102" lon="114.2125969469"><ele>184.000</ele></trkpt>
      <trkpt lat="22.2603138203" lon="114.2125818039"><ele>184.000</ele></trkpt>
      <trkpt lat="22.2603171361" lon="114.2125787118"><ele>184.000</ele></trkpt>
      <trkpt lat="22.2603226379" lon="114.2125730609"><ele>182.000</ele></trkpt>
      <trkpt lat="22.2603278861" lon="114.2125670363"><ele>183.000</ele></trkpt>
      <trkpt lat="22.2603327360" lon="114.2125607828"><ele>183.000</ele></trkpt>
      <trkpt lat="22.2603351904" lon="114.2125573412"><ele>183.000</ele></trkpt>
      <trkpt lat="22.2603395392" lon="114.2125506625"><ele>183.000</ele></trkpt>
      <trkpt lat="22.2603430697" lon="114.2125445270"><ele>183.000</ele></trkpt>
      <trkpt lat="22.2603459036" lon="114.2125403995"><ele>183.000</ele></trkpt>
      <trkpt lat="22.2603519813" lon="114.2125319614"><ele>183.000</ele></trkpt>
      <trkpt lat="22.2603604743" lon="114.2125209684"><ele>183.000</ele></trkpt>
      <trkpt lat="22.2603670720" lon="114.2125129990"><ele>183.000</ele></trkpt>
      <trkpt lat="22.2603714115" lon="114.2125079988"><ele>182.000</ele></trkpt>
      <trkpt lat="22.2603767670" lon="114.2125024312"><ele>182.000</ele></trkpt>
      <trkpt lat="22.2603819790" lon="114.2124964921"><ele>182.000</ele></trkpt>
      <trkpt lat="22.2603891405" lon="114.2124873625"><ele>182.000</ele></trkpt>
      <trkpt lat="22.2603937024" lon="114.2124808372"><ele>182.000</ele></trkpt>
      <trkpt lat="22.2603979374" lon="114.2124741750"><ele>181.000</ele></trkpt>
      <trkpt lat="22.2604019341" lon="114.2124672566"><ele>181.000</ele></trkpt>
      <trkpt lat="22.2604073060" lon="114.2124566994"><ele>181.000</ele></trkpt>
      <trkpt lat="22.2604120044" lon="114.2124457792"><ele>181.000</ele></trkpt>
      <trkpt lat="22.2604147983" lon="114.2124381988"><ele>180.000</ele></trkpt>
      <trkpt lat="22.2604172871" lon="114.2124304952"><ele>180.000</ele></trkpt>
      <trkpt lat="22.2604203510" lon="114.2124189264"><ele>179.000</ele></trkpt>
      <trkpt lat="22.2604227151" lon="114.2124070868"><ele>179.000</ele></trkpt>
      <trkpt lat="22.2604243423" lon="114.2123950937"><ele>179.000</ele></trkpt>
      <trkpt lat="22.2604252155" lon="114.2123831073"><ele>179.000</ele></trkpt>
      <trkpt lat="22.2604253862" lon="114.2123749422"><ele>180.000</ele></trkpt>
      <trkpt lat="22.2604252334" lon="114.2123674814"><ele>180.000</ele></trkpt>
      <trkpt lat="22.2604253022" lon="114.2123624229"><ele>180.000</ele></trkpt>
      <trkpt lat="22.2604255460" lon="114.2123461480"><ele>180.000</ele></trkpt>
      <trkpt lat="22.2604249306" lon="114.2123272049"><ele>180.000</ele></trkpt>
      <trkpt lat="22.2604245925" lon="114.2122708503"><ele>178.000</ele></trkpt>
      <trkpt lat="22.2604243935" lon="114.2122352579"><ele>178.000</ele></trkpt>
      <trkpt lat="22.2604252504" lon="114.2121943637"><ele>177.000</ele></trkpt>
      <trkpt lat="22.2604246721" lon="114.2121836264"><ele>176.000</ele></trkpt>
      <trkpt lat="22.2604246066" lon="114.2121732299"><ele>176.000</ele></trkpt>
      <trkpt lat="22.2604248411" lon="114.2121664124"><ele>176.000</ele></trkpt>
      <trkpt lat="22.2604253040" lon="114.2121595513"><ele>176.000</ele></trkpt>
      <trkpt lat="22.2604259864" lon="114.2121526894"><ele>176.000</ele></trkpt>
      <trkpt lat="22.2604270249" lon="114.2121448136"><ele>176.000</ele></trkpt>
      <trkpt lat="22.2604272722" lon="114.2121369726"><ele>176.000</ele></trkpt>
      <trkpt lat="22.2604271340" lon="114.2121287657"><ele>176.000</ele></trkpt>
      <trkpt lat="22.2604265750" lon="114.2121205656"><ele>176.000</ele></trkpt>
      <trkpt lat="22.2604256141" lon="114.2121124031"><ele>176.000</ele></trkpt>
      <trkpt lat="22.2604242314" lon="114.2121043065"><ele>176.000</ele></trkpt>
      <trkpt lat="22.2604224478" lon="114.2120963107"><ele>176.000</ele></trkpt>
      <trkpt lat="22.2604202515" lon="114.2120884187"><ele>176.000</ele></trkpt>
      <trkpt lat="22.2604177029" lon="114.2120807933"><ele>176.000</ele></trkpt>
      <trkpt lat="22.2604161974" lon="114.2120767880"><ele>176.000</ele></trkpt>
      <trkpt lat="22.2604130690" lon="114.2120693905"><ele>176.000</ele></trkpt>
      <trkpt lat="22.2604095865" lon="114.2120621918"><ele>176.000</ele></trkpt>
      <trkpt lat="22.2604075816" lon="114.2120584347"><ele>176.000</ele></trkpt>
      <trkpt lat="22.2604035527" lon="114.2120515735"><ele>176.000</ele></trkpt>
      <trkpt lat="22.2603991906" lon="114.2120449489"><ele>176.000</ele></trkpt>
      <trkpt lat="22.2603967918" lon="114.2120416079"><ele>176.000</ele></trkpt>
      <trkpt lat="22.2603944933" lon="114.2120385833"><ele>176.000</ele></trkpt>
      <trkpt lat="22.2603893029" lon="114.2120322690"><ele>176.000</ele></trkpt>
      <trkpt lat="22.2603839833" lon="114.2120264989"><ele>176.000</ele></trkpt>
      <trkpt lat="22.2603810562" lon="114.2120235663"><ele>176.000</ele></trkpt>
      <trkpt lat="22.2603754023" lon="114.2120183414"><ele>176.000</ele></trkpt>
      <trkpt lat="22.2603720074" lon="114.2120154610"><ele>176.000</ele></trkpt>
      <trkpt lat="22.2603613439" lon="114.2120078928"><ele>176.000</ele></trkpt>
      <trkpt lat="22.2603535978" lon="114.2120017476"><ele>176.000</ele></trkpt>
      <trkpt lat="22.2603460586" lon="114.2119951513"><ele>176.000</ele></trkpt>
      <trkpt lat="22.2603412652" lon="114.2119906116"><ele>176.000</ele></trkpt>
      <trkpt lat="22.2603366109" lon="114.2119859157"><ele>176.000</ele></trkpt>
      <trkpt lat="22.2603297953" lon="114.2119784620"><ele>176.000</ele></trkpt>
      <trkpt lat="22.2603233148" lon="114.2119706833"><ele>176.000</ele></trkpt>
      <trkpt lat="22.2603121642" lon="114.2119561442"><ele>177.000</ele></trkpt>
      <trkpt lat="22.2603054508" lon="114.2119478212"><ele>177.000</ele></trkpt>
      <trkpt lat="22.2603014143" lon="114.2119424405"><ele>177.000</ele></trkpt>
      <trkpt lat="22.2602974971" lon="114.2119368871"><ele>176.000</ele></trkpt>
      <trkpt lat="22.2602937506" lon="114.2119312552"><ele>176.000</ele></trkpt>
      <trkpt lat="22.2602883612" lon="114.2119224960"><ele>176.000</ele></trkpt>
      <trkpt lat="22.2602833430" lon="114.2119135282"><ele>176.000</ele></trkpt>
      <trkpt lat="22.2602786861" lon="114.2119043375"><ele>176.000</ele></trkpt>
      <trkpt lat="22.2602744229" lon="114.2118949712"><ele>179.000</ele></trkpt>
      <trkpt lat="22.2602674378" lon="114.2118776331"><ele>176.000</ele></trkpt>
      <trkpt lat="22.2602614390" lon="114.2118637657"><ele>176.000</ele></trkpt>
      <trkpt lat="22.2602375024" lon="114.2118133187"><ele>174.000</ele></trkpt>
      <trkpt lat="22.2602374825" lon="114.2118132779"><ele>174.000</ele></trkpt>
      <trkpt lat="22.2602369193" lon="114.2118120990"><ele>174.000</ele></trkpt>
      <trkpt lat="22.2602311326" lon="114.2117989525"><ele>174.000</ele></trkpt>
      <trkpt lat="22.2602259666" lon="114.2117885469"><ele>173.000</ele></trkpt>
      <trkpt lat="22.2602204113" lon="114.2117784313"><ele>173.000</ele></trkpt>
      <trkpt lat="22.2602145064" lon="114.2117686348"><ele>173.000</ele></trkpt>
      <trkpt lat="22.2602103067" lon="114.2117621684"><ele>173.000</ele></trkpt>
      <trkpt lat="22.2602059328" lon="114.2117558349"><ele>173.000</ele></trkpt>
      <trkpt lat="22.2601996339" lon="114.2117473452"><ele>172.000</ele></trkpt>
      <trkpt lat="22.2601957321" lon="114.2117413068"><ele>172.000</ele></trkpt>
      <trkpt lat="22.2601900953" lon="114.2117322981"><ele>172.000</ele></trkpt>
      <trkpt lat="22.2601846518" lon="114.2117232343"><ele>172.000</ele></trkpt>
      <trkpt lat="22.2601754638" lon="114.2117071026"><ele>172.000</ele></trkpt>
      <trkpt lat="22.2601703541" lon="114.2116995213"><ele>172.000</ele></trkpt>
      <trkpt lat="22.2601664191" lon="114.2116929754"><ele>172.000</ele></trkpt>
      <trkpt lat="22.2601619620" lon="114.2116865837"><ele>172.000</ele></trkpt>
      <trkpt lat="22.2601577470" lon="114.2116800368"><ele>172.000</ele></trkpt>
      <trkpt lat="22.2601541889" lon="114.2116759640"><ele>172.000</ele></trkpt>
      <trkpt lat="22.2601505123" lon="114.2116725345"><ele>172.000</ele></trkpt>
      <trkpt lat="22.2601465277" lon="114.2116695181"><ele>172.000</ele></trkpt>
      <trkpt lat="22.2601422658" lon="114.2116669597"><ele>172.000</ele></trkpt>
      <trkpt lat="22.2601378123" lon="114.2116648882"><ele>172.000</ele></trkpt>
      <trkpt lat="22.2601331673" lon="114.2116633056"><ele>172.000</ele></trkpt>
      <trkpt lat="22.2601283795" lon="114.2116622421"><ele>172.000</ele></trkpt>
      <trkpt lat="22.2601235383" lon="114.2116617199"><ele>172.000</ele></trkpt>
      <trkpt lat="22.2601186698" lon="114.2116617187"><ele>172.000</ele></trkpt>
      <trkpt lat="22.2601136342" lon="114.2116622889"><ele>172.000</ele></trkpt>
      <trkpt lat="22.2601031156" lon="114.2116649494"><ele>172.000</ele></trkpt>
      <trkpt lat="22.2600959069" lon="114.2116671937"><ele>172.000</ele></trkpt>
      <trkpt lat="22.2600888642" lon="114.2116697134"><ele>172.000</ele></trkpt>
      <trkpt lat="22.2600818613" lon="114.2116725388"><ele>172.000</ele></trkpt>
      <trkpt lat="22.2600717640" lon="114.2116772214"><ele>172.000</ele></trkpt>
      <trkpt lat="22.2600650426" lon="114.2116807667"><ele>172.000</ele></trkpt>
      <trkpt lat="22.2600585135" lon="114.2116845439"><ele>172.000</ele></trkpt>
      <trkpt lat="22.2600521108" lon="114.2116886094"><ele>172.000</ele></trkpt>
      <trkpt lat="22.2600455852" lon="114.2116931356"><ele>172.000</ele></trkpt>
      <trkpt lat="22.2600397983" lon="114.2116974942"><ele>172.000</ele></trkpt>
      <trkpt lat="22.2600347493" lon="114.2117016027"><ele>172.000</ele></trkpt>
      <trkpt lat="22.2600263722" lon="114.2117069240"><ele>172.000</ele></trkpt>
      <trkpt lat="22.2600087015" lon="114.2117174986"><ele>172.000</ele></trkpt>
      <trkpt lat="22.2599907247" lon="114.2117274114"><ele>171.000</ele></trkpt>
      <trkpt lat="22.2599786331" lon="114.2117336282"><ele>171.000</ele></trkpt>
      <trkpt lat="22.2599663926" lon="114.2117395608"><ele>171.000</ele></trkpt>
      <trkpt lat="22.2599508854" lon="114.2117465811"><ele>170.000</ele></trkpt>
      <trkpt lat="22.2599346983" lon="114.2117533364"><ele>171.000</ele></trkpt>
      <trkpt lat="22.2598996025" lon="114.2117703001"><ele>171.000</ele></trkpt>
      <trkpt lat="22.2598926391" lon="114.2117734631"><ele>171.000</ele></trkpt>
      <trkpt lat="22.2598826727" lon="114.2117785900"><ele>171.000</ele></trkpt>
      <trkpt lat="22.2598729987" lon="114.2117843185"><ele>171.000</ele></trkpt>
      <trkpt lat="22.2598666439" lon="114.2117885033"><ele>172.000</ele></trkpt>
      <trkpt lat="22.2598604714" lon="114.2117929074"><ele>172.000</ele></trkpt>
      <trkpt lat="22.2598544081" lon="114.2117976064"><ele>170.000</ele></trkpt>
      <trkpt lat="22.2598457678" lon="114.2118049767"><ele>170.000</ele></trkpt>
      <trkpt lat="22.2598375156" lon="114.2118128535"><ele>170.000</ele></trkpt>
      <trkpt lat="22.2598321593" lon="114.2118184579"><ele>170.000</ele></trkpt>
      <trkpt lat="22.2598274405" lon="114.2118237957"><ele>170.000</ele></trkpt>
      <trkpt lat="22.2598236513" lon="114.2118277220"><ele>171.000</ele></trkpt>
      <trkpt lat="22.2598138419" lon="114.2118374564"><ele>171.000</ele></trkpt>
      <trkpt lat="22.2598010808" lon="114.2118491808"><ele>172.000</ele></trkpt>
      <trkpt lat="22.2597903323" lon="114.2118586326"><ele>172.000</ele></trkpt>
      <trkpt lat="22.2597853077" lon="114.2118627148"><ele>172.000</ele></trkpt>
      <trkpt lat="22.2597801477" lon="114.2118665264"><ele>173.000</ele></trkpt>
      <trkpt lat="22.2597749100" lon="114.2118700440"><ele>173.000</ele></trkpt>
      <trkpt lat="22.2597666179" lon="114.2118749307"><ele>173.000</ele></trkpt>
      <trkpt lat="22.2597581119" lon="114.2118791799"><ele>173.000</ele></trkpt>
      <trkpt lat="22.2597492168" lon="114.2118828624"><ele>173.000</ele></trkpt>
      <trkpt lat="22.2597467242" lon="114.2118837583"><ele>173.000</ele></trkpt>
      <trkpt lat="22.2597423350" lon="114.2118849728"><ele>173.000</ele></trkpt>
      <trkpt lat="22.2597368893" lon="114.2118859135"><ele>173.000</ele></trkpt>
      <trkpt lat="22.2597314537" lon="114.2118862498"><ele>173.000</ele></trkpt>
      <trkpt lat="22.2597258240" lon="114.2118859777"><ele>173.000</ele></trkpt>
      <trkpt lat="22.2597234599" lon="114.2118856744"><ele>173.000</ele></trkpt>
      <trkpt lat="22.2597179424" lon="114.2118844991"><ele>173.000</ele></trkpt>
      <trkpt lat="22.2597127312" lon="114.2118827825"><ele>173.000</ele></trkpt>
      <trkpt lat="22.2597077016" lon="114.2118805023"><ele>173.000</ele></trkpt>
      <trkpt lat="22.2597029132" lon="114.2118776905"><ele>173.000</ele></trkpt>
      <trkpt lat="22.2596984140" lon="114.2118743713"><ele>173.000</ele></trkpt>
      <trkpt lat="22.2596942408" lon="114.2118705720"><ele>173.000</ele></trkpt>
      <trkpt lat="22.2596903947" lon="114.2118662819"><ele>173.000</ele></trkpt>
      <trkpt lat="22.2596846086" lon="114.2118585393"><ele>175.000</ele></trkpt>
      <trkpt lat="22.2596791293" lon="114.2118522192"><ele>175.000</ele></trkpt>
      <trkpt lat="22.2596732615" lon="114.2118465780"><ele>175.000</ele></trkpt>
      <trkpt lat="22.2596646532" lon="114.2118391132"><ele>172.000</ele></trkpt>
      <trkpt lat="22.2596518152" lon="114.2118265820"><ele>172.000</ele></trkpt>
      <trkpt lat="22.2596466446" lon="114.2118208460"><ele>172.000</ele></trkpt>
      <trkpt lat="22.2596389513" lon="114.2118127780"><ele>174.000</ele></trkpt>
      <trkpt lat="22.2596310394" lon="114.2118049913"><ele>174.000</ele></trkpt>
      <trkpt lat="22.2596255291" lon="114.2117998498"><ele>174.000</ele></trkpt>
      <trkpt lat="22.2596144416" lon="114.2117901588"><ele>171.000</ele></trkpt>
      <trkpt lat="22.2596033665" lon="114.2117812915"><ele>171.000</ele></trkpt>
      <trkpt lat="22.2595812716" lon="114.2117622103"><ele>172.000</ele></trkpt>
      <trkpt lat="22.2595487480" lon="114.2117356395"><ele>172.000</ele></trkpt>
      <trkpt lat="22.2595393287" lon="114.2117289885"><ele>172.000</ele></trkpt>
      <trkpt lat="22.2595296202" lon="114.2117230777"><ele>172.000</ele></trkpt>
      <trkpt lat="22.2595228335" lon="114.2117194563"><ele>172.000</ele></trkpt>
      <trkpt lat="22.2595159077" lon="114.2117161618"><ele>172.000</ele></trkpt>
      <trkpt lat="22.2595054556" lon="114.2117119253"><ele>172.000</ele></trkpt>
      <trkpt lat="22.2594946891" lon="114.2117084125"><ele>172.000</ele></trkpt>
      <trkpt lat="22.2594837472" lon="114.2117056826"><ele>172.000</ele></trkpt>
      <trkpt lat="22.2594727212" lon="114.2117037347"><ele>172.000</ele></trkpt>
      <trkpt lat="22.2594649496" lon="114.2117028528"><ele>172.000</ele></trkpt>
      <trkpt lat="22.2594654291" lon="114.2117029169"><ele>172.000</ele></trkpt>
      <trkpt lat="22.2594590203" lon="114.2117019481"><ele>172.000</ele></trkpt>
      <trkpt lat="22.2594529809" lon="114.2117006426"><ele>172.000</ele></trkpt>
      <trkpt lat="22.2594502185" lon="114.2116999114"><ele>172.000</ele></trkpt>
      <trkpt lat="22.2594442984" lon="114.2116980569"><ele>170.000</ele></trkpt>
      <trkpt lat="22.2594385798" lon="114.2116958648"><ele>170.000</ele></trkpt>
      <trkpt lat="22.2594329100" lon="114.2116932914"><ele>170.000</ele></trkpt>
      <trkpt lat="22.2594303501" lon="114.2116919791"><ele>170.000</ele></trkpt>
      <trkpt lat="22.2594248818" lon="114.2116888741"><ele>170.000</ele></trkpt>
      <trkpt lat="22.2594196863" lon="114.2116854908"><ele>170.000</ele></trkpt>
      <trkpt lat="22.2594146805" lon="114.2116817980"><ele>171.000</ele></trkpt>
      <trkpt lat="22.2594098824" lon="114.2116777977"><ele>171.000</ele></trkpt>
      <trkpt lat="22.2594052994" lon="114.2116735065"><ele>171.000</ele></trkpt>
      <trkpt lat="22.2594008898" lon="114.2116688621"><ele>171.000</ele></trkpt>
      <trkpt lat="22.2593988828" lon="114.2116665555"><ele>171.000</ele></trkpt>
      <trkpt lat="22.2593969300" lon="114.2116641829"><ele>171.000</ele></trkpt>
      <trkpt lat="22.2593924764" lon="114.2116582695"><ele>171.000</ele></trkpt>
      <trkpt lat="22.2593835446" lon="114.2116479950"><ele>170.000</ele></trkpt>
      <trkpt lat="22.2593760906" lon="114.2116397931"><ele>170.000</ele></trkpt>
      <trkpt lat="22.2593634605" lon="114.2116266247"><ele>171.000</ele></trkpt>
      <trkpt lat="22.2593556181" lon="114.2116188758"><ele>171.000</ele></trkpt>
      <trkpt lat="22.2593476312" lon="114.2116112928"><ele>171.000</ele></trkpt>
      <trkpt lat="22.2593341320" lon="114.2115991739"><ele>169.000</ele></trkpt>
      <trkpt lat="22.2593257784" lon="114.2115920672"><ele>169.000</ele></trkpt>
      <trkpt lat="22.2593173172" lon="114.2115851612"><ele>169.000</ele></trkpt>
      <trkpt lat="22.2593059071" lon="114.2115763007"><ele>169.000</ele></trkpt>
      <trkpt lat="22.2592838740" lon="114.2115599128"><ele>172.000</ele></trkpt>
      <trkpt lat="22.2592676486" lon="114.2115469830"><ele>169.000</ele></trkpt>
      <trkpt lat="22.2592517991" lon="114.2115334984"><ele>169.000</ele></trkpt>
      <trkpt lat="22.2592363353" lon="114.2115194561"><ele>170.000</ele></trkpt>
      <trkpt lat="22.2592263007" lon="114.2115098537"><ele>170.000</ele></trkpt>
      <trkpt lat="22.2592164341" lon="114.2114999903"><ele>168.000</ele></trkpt>
      <trkpt lat="22.2592067572" lon="114.2114899029"><ele>168.000</ele></trkpt>
      <trkpt lat="22.2591972997" lon="114.2114796244"><ele>168.000</ele></trkpt>
      <trkpt lat="22.2591857460" lon="114.2114664465"><ele>171.000</ele></trkpt>
      <trkpt lat="22.2591722477" lon="114.2114501238"><ele>168.000</ele></trkpt>
      <trkpt lat="22.2591712095" lon="114.2114488206"><ele>168.000</ele></trkpt>
      <trkpt lat="22.2591694493" lon="114.2114450364"><ele>168.000</ele></trkpt>
      <trkpt lat="22.2591637444" lon="114.2114378246"><ele>168.000</ele></trkpt>
      <trkpt lat="22.2591587625" lon="114.2114319257"><ele>168.000</ele></trkpt>
      <trkpt lat="22.2591512219" lon="114.2114237209"><ele>168.000</ele></trkpt>
      <trkpt lat="22.2591494334" lon="114.2114211418"><ele>168.000</ele></trkpt>
      <trkpt lat="22.2591464857" lon="114.2114174912"><ele>168.000</ele></trkpt>
      <trkpt lat="22.2591432715" lon="114.2114140754"><ele>168.000</ele></trkpt>
      <trkpt lat="22.2591398171" lon="114.2114109360"><ele>168.000</ele></trkpt>
      <trkpt lat="22.2591361620" lon="114.2114081012"><ele>168.000</ele></trkpt>
      <trkpt lat="22.2591323047" lon="114.2114055623"><ele>164.000</ele></trkpt>
      <trkpt lat="22.2591282666" lon="114.2114033541"><ele>164.000</ele></trkpt>
      <trkpt lat="22.2591241238" lon="114.2114015010"><ele>164.000</ele></trkpt>
      <trkpt lat="22.2591198418" lon="114.2113999749"><ele>164.000</ele></trkpt>
      <trkpt lat="22.2591154441" lon="114.2113988086"><ele>164.000</ele></trkpt>
      <trkpt lat="22.2591109966" lon="114.2113980197"><ele>164.000</ele></trkpt>
      <trkpt lat="22.2591065076" lon="114.2113975859"><ele>164.000</ele></trkpt>
      <trkpt lat="22.2591019805" lon="114.2113975343"><ele>164.000</ele></trkpt>
      <trkpt lat="22.2590974787" lon="114.2113978515"><ele>164.000</ele></trkpt>
      <trkpt lat="22.2590930174" lon="114.2113985382"><ele>164.000</ele></trkpt>
      <trkpt lat="22.2590886093" lon="114.2113995937"><ele>164.000</ele></trkpt>
      <trkpt lat="22.2590843095" lon="114.2114010013"><ele>164.000</ele></trkpt>
      <trkpt lat="22.2590800927" lon="114.2114027612"><ele>164.000</ele></trkpt>
      <trkpt lat="22.2590760167" lon="114.2114048790"><ele>164.000</ele></trkpt>
      <trkpt lat="22.2590721258" lon="114.2114073045"><ele>164.000</ele></trkpt>
      <trkpt lat="22.2590683495" lon="114.2114100938"><ele>165.000</ele></trkpt>
      <trkpt lat="22.2590649172" lon="114.2114131287"><ele>165.000</ele></trkpt>
      <trkpt lat="22.2590567530" lon="114.2114194231"><ele>164.000</ele></trkpt>
      <trkpt lat="22.2590482356" lon="114.2114263598"><ele>164.000</ele></trkpt>
      <trkpt lat="22.2590398555" lon="114.2114335555"><ele>164.000</ele></trkpt>
      <trkpt lat="22.2590290220" lon="114.2114434845"><ele>164.000</ele></trkpt>
      <trkpt lat="22.2590184954" lon="114.2114538328"><ele>164.000</ele></trkpt>
      <trkpt lat="22.2590083039" lon="114.2114645964"><ele>164.000</ele></trkpt>
      <trkpt lat="22.2589961456" lon="114.2114784805"><ele>164.000</ele></trkpt>
      <trkpt lat="22.2589890800" lon="114.2114871571"><ele>164.000</ele></trkpt>
      <trkpt lat="22.2589847107" lon="114.2114927588"><ele>164.000</ele></trkpt>
      <trkpt lat="22.2589591296" lon="114.2115221596"><ele>164.000</ele></trkpt>
      <trkpt lat="22.2589520296" lon="114.2115308565"><ele>164.000</ele></trkpt>
      <trkpt lat="22.2589451915" lon="114.2115397736"><ele>164.000</ele></trkpt>
      <trkpt lat="22.2589386035" lon="114.2115489082"><ele>164.000</ele></trkpt>
      <trkpt lat="22.2589322737" lon="114.2115582495"><ele>166.000</ele></trkpt>
      <trkpt lat="22.2589262121" lon="114.2115677965"><ele>166.000</ele></trkpt>
      <trkpt lat="22.2589203924" lon="114.2115775579"><ele>162.000</ele></trkpt>
      <trkpt lat="22.2589131479" lon="114.2115907312"><ele>162.000</ele></trkpt>
      <trkpt lat="22.2589097727" lon="114.2115973101"><ele>162.000</ele></trkpt>
      <trkpt lat="22.2589034746" lon="114.2116104380"><ele>163.000</ele></trkpt>
      <trkpt lat="22.2588986647" lon="114.2116196933"><ele>163.000</ele></trkpt>
      <trkpt lat="22.2588917897" lon="114.2116319129"><ele>163.000</ele></trkpt>
      <trkpt lat="22.2588863956" lon="114.2116407761"><ele>163.000</ele></trkpt>
      <trkpt lat="22.2588787731" lon="114.2116524465"><ele>168.000</ele></trkpt>
      <trkpt lat="22.2588707505" lon="114.2116637529"><ele>165.000</ele></trkpt>
      <trkpt lat="22.2588623397" lon="114.2116746915"><ele>165.000</ele></trkpt>
      <trkpt lat="22.2588559904" lon="114.2116822806"><ele>165.000</ele></trkpt>
      <trkpt lat="22.2588442984" lon="114.2116952907"><ele>165.000</ele></trkpt>
      <trkpt lat="22.2588321349" lon="114.2117083124"><ele>165.000</ele></trkpt>
      <trkpt lat="22.2588252571" lon="114.2117167454"><ele>165.000</ele></trkpt>
      <trkpt lat="22.2588209593" lon="114.2117214827"><ele>165.000</ele></trkpt>
      <trkpt lat="22.2588139103" lon="114.2117285012"><ele>165.000</ele></trkpt>
      <trkpt lat="22.2588091339" lon="114.2117327794"><ele>165.000</ele></trkpt>
      <trkpt lat="22.2588040741" lon="114.2117369383"><ele>165.000</ele></trkpt>
      <trkpt lat="22.2587732455" lon="114.2117607000"><ele>165.000</ele></trkpt>
      <trkpt lat="22.2587475925" lon="114.2117799109"><ele>165.000</ele></trkpt>
      <trkpt lat="22.2587460751" lon="114.2117811650"><ele>165.000</ele></trkpt>
      <trkpt lat="22.2587423305" lon="114.2117834052"><ele>165.000</ele></trkpt>
      <trkpt lat="22.2587363951" lon="114.2117896652"><ele>164.000</ele></trkpt>
      <trkpt lat="22.2587358053" lon="114.2117903268"><ele>164.000</ele></trkpt>
      <trkpt lat="22.2587339896" lon="114.2117924908"><ele>164.000</ele></trkpt>
      <trkpt lat="22.2587327702" lon="114.2117936712"><ele>164.000</ele></trkpt>
      <trkpt lat="22.2587287808" lon="114.2117964818"><ele>167.000</ele></trkpt>
      <trkpt lat="22.2587230953" lon="114.2117996383"><ele>167.000</ele></trkpt>
      <trkpt lat="22.2587166637" lon="114.2118035174"><ele>167.000</ele></trkpt>
      <trkpt lat="22.2587103576" lon="114.2118076527"><ele>167.000</ele></trkpt>
      <trkpt lat="22.2587042032" lon="114.2118120276"><ele>167.000</ele></trkpt>
      <trkpt lat="22.2586981977" lon="114.2118166180"><ele>167.000</ele></trkpt>
      <trkpt lat="22.2586923331" lon="114.2118214470"><ele>162.000</ele></trkpt>
      <trkpt lat="22.2586866490" lon="114.2118264905"><ele>162.000</ele></trkpt>
      <trkpt lat="22.2586811202" lon="114.2118317514"><ele>162.000</ele></trkpt>
      <trkpt lat="22.2586757259" lon="114.2118372713"><ele>162.000</ele></trkpt>
      <trkpt lat="22.2586681446" lon="114.2118457517"><ele>165.000</ele></trkpt>
      <trkpt lat="22.2586632262" lon="114.2118517549"><ele>165.000</ele></trkpt>
      <trkpt lat="22.2586585497" lon="114.2118578901"><ele>165.000</ele></trkpt>
      <trkpt lat="22.2586540745" lon="114.2118642039"><ele>165.000</ele></trkpt>
      <trkpt lat="22.2586498115" lon="114.2118706846"><ele>161.000</ele></trkpt>
      <trkpt lat="22.2586457662" lon="114.2118773245"><ele>161.000</ele></trkpt>
      <trkpt lat="22.2586419420" lon="114.2118841031"><ele>161.000</ele></trkpt>
      <trkpt lat="22.2586383382" lon="114.2118910399"><ele>161.000</ele></trkpt>
      <trkpt lat="22.2586349393" lon="114.2118981612"><ele>162.000</ele></trkpt>
      <trkpt lat="22.2586303738" lon="114.2119088815"><ele>162.000</ele></trkpt>
      <trkpt lat="22.2586273459" lon="114.2119169574"><ele>162.000</ele></trkpt>
      <trkpt lat="22.2586212085" lon="114.2119346810"><ele>162.000</ele></trkpt>
      <trkpt lat="22.2586154954" lon="114.2119525658"><ele>165.000</ele></trkpt>
      <trkpt lat="22.2586092090" lon="114.2119741313"><ele>165.000</ele></trkpt>
      <trkpt lat="22.2586062681" lon="114.2119850955"><ele>162.000</ele></trkpt>
      <trkpt lat="22.2586031146" lon="114.2119976187"><ele>164.000</ele></trkpt>
      <trkpt lat="22.2585960093" lon="114.2120222264"><ele>164.000</ele></trkpt>
      <trkpt lat="22.2585881934" lon="114.2120508845"><ele>165.000</ele></trkpt>
      <trkpt lat="22.2585826312" lon="114.2120724957"><ele>165.000</ele></trkpt>
      <trkpt lat="22.2585781734" lon="114.2120905933"><ele>166.000</ele></trkpt>
      <trkpt lat="22.2585684536" lon="114.2121326043"><ele>166.000</ele></trkpt>
      <trkpt lat="22.2585644843" lon="114.2121507971"><ele>167.000</ele></trkpt>
      <trkpt lat="22.2585599272" lon="114.2121726249"><ele>160.000</ele></trkpt>
      <trkpt lat="22.2585573633" lon="114.2121854442"><ele>161.000</ele></trkpt>
      <trkpt lat="22.2585561507" lon="114.2121928531"><ele>161.000</ele></trkpt>
      <trkpt lat="22.2585542086" lon="114.2122033490"><ele>161.000</ele></trkpt>
      <trkpt lat="22.2585511902" lon="114.2122173188"><ele>161.000</ele></trkpt>
      <trkpt lat="22.2585486341" lon="114.2122276495"><ele>161.000</ele></trkpt>
      <trkpt lat="22.2585467913" lon="114.2122344257"><ele>161.000</ele></trkpt>
      <trkpt lat="22.2585438306" lon="114.2122444828"><ele>161.000</ele></trkpt>
      <trkpt lat="22.2585421354" lon="114.2122493381"><ele>161.000</ele></trkpt>
      <trkpt lat="22.2585381976" lon="114.2122596802"><ele>161.000</ele></trkpt>
      <trkpt lat="22.2585078259" lon="114.2122133893"><ele>158.000</ele></trkpt>
      <trkpt lat="22.2584832931" lon="114.2121847251"><ele>158.000</ele></trkpt>
      <trkpt lat="22.2584502772" lon="114.2121461640"><ele>156.000</ele></trkpt>
      <trkpt lat="22.2584153928" lon="114.2121054165"><ele>156.000</ele></trkpt>
      <trkpt lat="22.2582931264" lon="114.2119626014"><ele>156.000</ele></trkpt>
      <trkpt lat="22.2581708599" lon="114.2118197865"><ele>156.000</ele></trkpt>
      <trkpt lat="22.2580485932" lon="114.2116769718"><ele>156.000</ele></trkpt>
      <trkpt lat="22.2579263264" lon="114.2115341574"><ele>158.000</ele></trkpt>
      <trkpt lat="22.2579221575" lon="114.2115274360"><ele>158.000</ele></trkpt>
      <trkpt lat="22.2579364448" lon="114.2114941800"><ele>156.000</ele></trkpt>
      <trkpt lat="22.2578838879" lon="114.2114319538"><ele>158.000</ele></trkpt>
      <trkpt lat="22.2578613389" lon="114.2114417451"><ele>158.000</ele></trkpt>
      <trkpt lat="22.2578513727" lon="114.2114460880"><ele>158.000</ele></trkpt>
      <trkpt lat="22.2577562540" lon="114.2113349371"><ele>156.000</ele></trkpt>
      <trkpt lat="22.2576340152" lon="114.2111920954"><ele>156.000</ele></trkpt>
      <trkpt lat="22.2576318231" lon="114.2111895326"><ele>156.000</ele></trkpt>
      <trkpt lat="22.2575994389" lon="114.2111521722"><ele>158.000</ele></trkpt>
      <trkpt lat="22.2575850332" lon="114.2111351150"><ele>158.000</ele></trkpt>
      <trkpt lat="22.2575805840" lon="114.2111299303"><ele>158.000</ele></trkpt>
      <trkpt lat="22.2575774655" lon="114.2111263574"><ele>158.000</ele></trkpt>
      <trkpt lat="22.2575762512" lon="114.2111249649"><ele>158.000</ele></trkpt>
      <trkpt lat="22.2575762341" lon="114.2111249455"><ele>158.000</ele></trkpt>
      <trkpt lat="22.2575995134" lon="114.2111032591"><ele>161.000</ele></trkpt>
      <trkpt lat="22.2576093317" lon="114.2110934948"><ele>161.000</ele></trkpt>
      <trkpt lat="22.2576258234" lon="114.2110768352"><ele>158.000</ele></trkpt>
      <trkpt lat="22.2576422447" lon="114.2110601911"><ele>163.000</ele></trkpt>
      <trkpt lat="22.2576586569" lon="114.2110436779"><ele>158.000</ele></trkpt>
      <trkpt lat="22.2576751702" lon="114.2110273928"><ele>158.000</ele></trkpt>
      <trkpt lat="22.2576836697" lon="114.2110191949"><ele>163.000</ele></trkpt>
      <trkpt lat="22.2576918053" lon="114.2110115044"><ele>163.000</ele></trkpt>
      <trkpt lat="22.2577003581" lon="114.2110035744"><ele>163.000</ele></trkpt>
      <trkpt lat="22.2577086661" lon="114.2109960760"><ele>161.000</ele></trkpt>
      <trkpt lat="22.2577192908" lon="114.2109867805"><ele>161.000</ele></trkpt>
      <trkpt lat="22.2577227158" lon="114.2109838766"><ele>161.000</ele></trkpt>
      <trkpt lat="22.2577256332" lon="114.2109815062"><ele>161.000</ele></trkpt>
      <trkpt lat="22.2577296299" lon="114.2109784308"><ele>161.000</ele></trkpt>
      <trkpt lat="22.2577338569" lon="114.2109753661"><ele>161.000</ele></trkpt>
      <trkpt lat="22.2577384307" lon="114.2109722296"><ele>161.000</ele></trkpt>
      <trkpt lat="22.2577433414" lon="114.2109690157"><ele>163.000</ele></trkpt>
      <trkpt lat="22.2577518214" lon="114.2109637711"><ele>160.000</ele></trkpt>
      <trkpt lat="22.2577626595" lon="114.2109573977"><ele>160.000</ele></trkpt>
      <trkpt lat="22.2577826630" lon="114.2109457615"><ele>160.000</ele></trkpt>
      <trkpt lat="22.2577919315" lon="114.2109400814"><ele>160.000</ele></trkpt>
      <trkpt lat="22.2578024428" lon="114.2109332472"><ele>159.000</ele></trkpt>
      <trkpt lat="22.2578219272" lon="114.2109209424"><ele>161.000</ele></trkpt>
      <trkpt lat="22.2578327538" lon="114.2109139985"><ele>161.000</ele></trkpt>
      <trkpt lat="22.2578416096" lon="114.2109080438"><ele>159.000</ele></trkpt>
      <trkpt lat="22.2578468951" lon="114.2109043148"><ele>159.000</ele></trkpt>
      <trkpt lat="22.2578518365" lon="114.2109006652"><ele>159.000</ele></trkpt>
      <trkpt lat="22.2578564881" lon="114.2108970632"><ele>159.000</ele></trkpt>
      <trkpt lat="22.2578609401" lon="114.2108934280"><ele>159.000</ele></trkpt>
      <trkpt lat="22.2578652196" lon="114.2108897230"><ele>159.000</ele></trkpt>
      <trkpt lat="22.2578698044" lon="114.2108855369"><ele>159.000</ele></trkpt>
      <trkpt lat="22.2578743035" lon="114.2108812255"><ele>159.000</ele></trkpt>
      <trkpt lat="22.2578788035" lon="114.2108766998"><ele>159.000</ele></trkpt>
      <trkpt lat="22.2578829161" lon="114.2108723845"><ele>162.000</ele></trkpt>
      <trkpt lat="22.2578870061" lon="114.2108679217"><ele>160.000</ele></trkpt>
      <trkpt lat="22.2578911088" lon="114.2108632746"><ele>160.000</ele></trkpt>
      <trkpt lat="22.2578952513" lon="114.2108584199"><ele>160.000</ele></trkpt>
      <trkpt lat="22.2579027270" lon="114.2108492148"><ele>160.000</ele></trkpt>
      <trkpt lat="22.2579103076" lon="114.2108393616"><ele>160.000</ele></trkpt>
      <trkpt lat="22.2579166236" lon="114.2108307577"><ele>160.000</ele></trkpt>
      <trkpt lat="22.2579190175" lon="114.2108272492"><ele>160.000</ele></trkpt>
      <trkpt lat="22.2579205586" lon="114.2108246291"><ele>162.000</ele></trkpt>
      <trkpt lat="22.2579219761" lon="114.2108219440"><ele>162.000</ele></trkpt>
      <trkpt lat="22.2579232789" lon="114.2108191580"><ele>162.000</ele></trkpt>
      <trkpt lat="22.2579245258" lon="114.2108162332"><ele>162.000</ele></trkpt>
      <trkpt lat="22.2579261531" lon="114.2108118523"><ele>162.000</ele></trkpt>
      <trkpt lat="22.2579277227" lon="114.2108070280"><ele>162.000</ele></trkpt>
      <trkpt lat="22.2579320426" lon="114.2107917382"><ele>159.000</ele></trkpt>
      <trkpt lat="22.2579345946" lon="114.2107833691"><ele>159.000</ele></trkpt>
      <trkpt lat="22.2579393551" lon="114.2107684257"><ele>160.000</ele></trkpt>
      <trkpt lat="22.2579434406" lon="114.2107550713"><ele>160.000</ele></trkpt>
      <trkpt lat="22.2579450683" lon="114.2107492681"><ele>160.000</ele></trkpt>
      <trkpt lat="22.2579464746" lon="114.2107438597"><ele>160.000</ele></trkpt>
      <trkpt lat="22.2579480347" lon="114.2107370573"><ele>160.000</ele></trkpt>
      <trkpt lat="22.2579492859" lon="114.2107305235"><ele>160.000</ele></trkpt>
      <trkpt lat="22.2579502390" lon="114.2107242040"><ele>160.000</ele></trkpt>
      <trkpt lat="22.2579508652" lon="114.2107181037"><ele>160.000</ele></trkpt>
      <trkpt lat="22.2579510963" lon="114.2107144346"><ele>160.000</ele></trkpt>
      <trkpt lat="22.2579512108" lon="114.2107109119"><ele>160.000</ele></trkpt>
      <trkpt lat="22.2579512115" lon="114.2107073950"><ele>160.000</ele></trkpt>
      <trkpt lat="22.2579510993" lon="114.2107043681"><ele>160.000</ele></trkpt>
      <trkpt lat="22.2579506831" lon="114.2106994084"><ele>160.000</ele></trkpt>
      <trkpt lat="22.2579495570" lon="114.2106860566"><ele>160.000</ele></trkpt>
      <trkpt lat="22.2579448433" lon="114.2106672720"><ele>158.000</ele></trkpt>
      <trkpt lat="22.2579371899" lon="114.2106496829"><ele>158.000</ele></trkpt>
      <trkpt lat="22.2579361111" lon="114.2106480110"><ele>158.000</ele></trkpt>
      <trkpt lat="22.2579359143" lon="114.2106477053"><ele>158.000</ele></trkpt>
      <trkpt lat="22.2579268034" lon="114.2106337249"><ele>160.000</ele></trkpt>
      <trkpt lat="22.2579206649" lon="114.2106270943"><ele>157.000</ele></trkpt>
      <trkpt lat="22.2579140207" lon="114.2106199425"><ele>157.000</ele></trkpt>
      <trkpt lat="22.2578992452" lon="114.2106087781"><ele>157.000</ele></trkpt>
      <trkpt lat="22.2578910490" lon="114.2106045685"><ele>157.000</ele></trkpt>
      <trkpt lat="22.2578851029" lon="114.2106016983"><ele>157.000</ele></trkpt>
      <trkpt lat="22.2578794647" lon="114.2105991512"><ele>159.000</ele></trkpt>
      <trkpt lat="22.2578740197" lon="114.2105968884"><ele>159.000</ele></trkpt>
      <trkpt lat="22.2578686839" lon="114.2105948711"><ele>159.000</ele></trkpt>
      <trkpt lat="22.2578628766" lon="114.2105929352"><ele>159.000</ele></trkpt>
      <trkpt lat="22.2578571497" lon="114.2105913039"><ele>159.000</ele></trkpt>
      <trkpt lat="22.2578516955" lon="114.2105900433"><ele>159.000</ele></trkpt>
      <trkpt lat="22.2578449805" lon="114.2105887397"><ele>159.000</ele></trkpt>
      <trkpt lat="22.2578395930" lon="114.2105878391"><ele>159.000</ele></trkpt>
      <trkpt lat="22.2578340032" lon="114.2105870257"><ele>161.000</ele></trkpt>
      <trkpt lat="22.2578281046" lon="114.2105862899"><ele>161.000</ele></trkpt>
      <trkpt lat="22.2578217670" lon="114.2105855996"><ele>161.000</ele></trkpt>
      <trkpt lat="22.2578125017" lon="114.2105847300"><ele>161.000</ele></trkpt>
      <trkpt lat="22.2577990291" lon="114.2105836169"><ele>161.000</ele></trkpt>
      <trkpt lat="22.2577864126" lon="114.2105825273"><ele>158.000</ele></trkpt>
      <trkpt lat="22.2577773342" lon="114.2105815966"><ele>158.000</ele></trkpt>
      <trkpt lat="22.2577493937" lon="114.2105758145"><ele>158.000</ele></trkpt>
      <trkpt lat="22.2577251697" lon="114.2105678523"><ele>159.000</ele></trkpt>
      <trkpt lat="22.2577165183" lon="114.2105593719"><ele>159.000</ele></trkpt>
      <trkpt lat="22.2576996475" lon="114.2105535420"><ele>162.000</ele></trkpt>
      <trkpt lat="22.2576757666" lon="114.2105457225"><ele>162.000</ele></trkpt>
      <trkpt lat="22.2576526852" lon="114.2105279008"><ele>166.000</ele></trkpt>
      <trkpt lat="22.2576344715" lon="114.2105137892"><ele>166.000</ele></trkpt>
      <trkpt lat="22.2576252572" lon="114.2105064642"><ele>166.000</ele></trkpt>
      <trkpt lat="22.2576166624" lon="114.2104994322"><ele>166.000</ele></trkpt>
      <trkpt lat="22.2576155166" lon="114.2104984773"><ele>166.000</ele></trkpt>
      <trkpt lat="22.2576012922" lon="114.2104864729"><ele>168.000</ele></trkpt>
      <trkpt lat="22.2575990539" lon="114.2104845844"><ele>166.000</ele></trkpt>
      <trkpt lat="22.2575977997" lon="114.2104835121"><ele>166.000</ele></trkpt>
      <trkpt lat="22.2575814463" lon="114.2104694921"><ele>166.000</ele></trkpt>
      <trkpt lat="22.2575636464" lon="114.2104544464"><ele>166.000</ele></trkpt>
      <trkpt lat="22.2575563933" lon="114.2104484791"><ele>166.000</ele></trkpt>
      <trkpt lat="22.2575456188" lon="114.2104397711"><ele>166.000</ele></trkpt>
      <trkpt lat="22.2575385472" lon="114.2104338611"><ele>165.000</ele></trkpt>
      <trkpt lat="22.2575278694" lon="114.2104247361"><ele>165.000</ele></trkpt>
      <trkpt lat="22.2575176675" lon="114.2104160826"><ele>165.000</ele></trkpt>
      <trkpt lat="22.2575095873" lon="114.2104094671"><ele>165.000</ele></trkpt>
      <trkpt lat="22.2575044650" lon="114.2104054484"><ele>165.000</ele></trkpt>
      <trkpt lat="22.2574995739" lon="114.2104017654"><ele>165.000</ele></trkpt>
      <trkpt lat="22.2574948263" lon="114.2103983600"><ele>165.000</ele></trkpt>
      <trkpt lat="22.2574901951" lon="114.2103952155"><ele>165.000</ele></trkpt>
      <trkpt lat="22.2574847603" lon="114.2103917497"><ele>165.000</ele></trkpt>
      <trkpt lat="22.2574793804" lon="114.2103886090"><ele>160.000</ele></trkpt>
      <trkpt lat="22.2574738308" lon="114.2103856525"><ele>158.000</ele></trkpt>
      <trkpt lat="22.2574689935" lon="114.2103833753"><ele>158.000</ele></trkpt>
      <trkpt lat="22.2574633959" lon="114.2103811805"><ele>158.000</ele></trkpt>
      <trkpt lat="22.2574575453" lon="114.2103792998"><ele>158.000</ele></trkpt>
      <trkpt lat="22.2574513696" lon="114.2103777083"><ele>158.000</ele></trkpt>
      <trkpt lat="22.2574449680" lon="114.2103764242"><ele>158.000</ele></trkpt>
      <trkpt lat="22.2574392409" lon="114.2103755429"><ele>158.000</ele></trkpt>
      <trkpt lat="22.2574333007" lon="114.2103748691"><ele>158.000</ele></trkpt>
      <trkpt lat="22.2574271085" lon="114.2103743748"><ele>158.000</ele></trkpt>
      <trkpt lat="22.2574205866" lon="114.2103740676"><ele>158.000</ele></trkpt>
      <trkpt lat="22.2574132853" lon="114.2103739349"><ele>158.000</ele></trkpt>
      <trkpt lat="22.2574056996" lon="114.2103740059"><ele>158.000</ele></trkpt>
      <trkpt lat="22.2574009900" lon="114.2103743676"><ele>158.000</ele></trkpt>
      <trkpt lat="22.2573961630" lon="114.2103750708"><ele>158.000</ele></trkpt>
      <trkpt lat="22.2573912122" lon="114.2103760941"><ele>158.000</ele></trkpt>
      <trkpt lat="22.2573859867" lon="114.2103774482"><ele>159.000</ele></trkpt>
      <trkpt lat="22.2573803630" lon="114.2103791417"><ele>159.000</ele></trkpt>
      <trkpt lat="22.2573728607" lon="114.2103816071"><ele>159.000</ele></trkpt>
      <trkpt lat="22.2573645212" lon="114.2103843012"><ele>159.000</ele></trkpt>
      <trkpt lat="22.2573580459" lon="114.2103861197"><ele>159.000</ele></trkpt>
      <trkpt lat="22.2573363175" lon="114.2103935809"><ele>165.000</ele></trkpt>
      <trkpt lat="22.2573148474" lon="114.2104009180"><ele>165.000</ele></trkpt>
      <trkpt lat="22.2572933754" lon="114.2104082581"><ele>163.000</ele></trkpt>
      <trkpt lat="22.2572718963" lon="114.2104156214"><ele>163.000</ele></trkpt>
      <trkpt lat="22.2572504171" lon="114.2104230254"><ele>161.000</ele></trkpt>
      <trkpt lat="22.2572289551" lon="114.2104304819"><ele>161.000</ele></trkpt>
      <trkpt lat="22.2572075012" lon="114.2104380285"><ele>164.000</ele></trkpt>
      <trkpt lat="22.2571860798" lon="114.2104456722"><ele>160.000</ele></trkpt>
      <trkpt lat="22.2571646999" lon="114.2104533683"><ele>160.000</ele></trkpt>
      <trkpt lat="22.2571433318" lon="114.2104610974"><ele>158.000</ele></trkpt>
      <trkpt lat="22.2571219880" lon="114.2104688235"><ele>158.000</ele></trkpt>
      <trkpt lat="22.2571006461" lon="114.2104765148"><ele>159.000</ele></trkpt>
      <trkpt lat="22.2570792825" lon="114.2104841594"><ele>159.000</ele></trkpt>
      <trkpt lat="22.2570579026" lon="114.2104917973"><ele>165.000</ele></trkpt>
      <trkpt lat="22.2570365309" lon="114.2104994118"><ele>165.000</ele></trkpt>
      <trkpt lat="22.2570151709" lon="114.2105069711"><ele>164.000</ele></trkpt>
      <trkpt lat="22.2569937820" lon="114.2105144188"><ele>164.000</ele></trkpt>
      <trkpt lat="22.2569804762" lon="114.2105189706"><ele>163.000</ele></trkpt>
      <trkpt lat="22.2569724817" lon="114.2105216279"><ele>163.000</ele></trkpt>
      <trkpt lat="22.2569509503" lon="114.2105284284"><ele>163.000</ele></trkpt>
      <trkpt lat="22.2569292762" lon="114.2105351077"><ele>165.000</ele></trkpt>
      <trkpt lat="22.2569176087" lon="114.2105387896"><ele>165.000</ele></trkpt>
      <trkpt lat="22.2569074666" lon="114.2105421187"><ele>165.000</ele></trkpt>
      <trkpt lat="22.2568961784" lon="114.2105460064"><ele>165.000</ele></trkpt>
      <trkpt lat="22.2568857309" lon="114.2105498438"><ele>158.000</ele></trkpt>
      <trkpt lat="22.2568740741" lon="114.2105544211"><ele>158.000</ele></trkpt>
      <trkpt lat="22.2568640862" lon="114.2105586244"><ele>158.000</ele></trkpt>
      <trkpt lat="22.2568582771" lon="114.2105612522"><ele>158.000</ele></trkpt>
      <trkpt lat="22.2568527959" lon="114.2105638868"><ele>158.000</ele></trkpt>
      <trkpt lat="22.2568475621" lon="114.2105665496"><ele>158.000</ele></trkpt>
      <trkpt lat="22.2568425594" lon="114.2105692756"><ele>158.000</ele></trkpt>
      <trkpt lat="22.2568363058" lon="114.2105729626"><ele>158.000</ele></trkpt>
      <trkpt lat="22.2568302996" lon="114.2105768525"><ele>158.000</ele></trkpt>
      <trkpt lat="22.2568261386" lon="114.2105799056"><ele>158.000</ele></trkpt>
      <trkpt lat="22.2568219395" lon="114.2105833855"><ele>160.000</ele></trkpt>
      <trkpt lat="22.2568182714" lon="114.2105867754"><ele>160.000</ele></trkpt>
      <trkpt lat="22.2568145040" lon="114.2105905096"><ele>160.000</ele></trkpt>
      <trkpt lat="22.2568105124" lon="114.2105946842"><ele>160.000</ele></trkpt>
      <trkpt lat="22.2568047369" lon="114.2106009647"><ele>160.000</ele></trkpt>
      <trkpt lat="22.2567997699" lon="114.2106062693"><ele>158.000</ele></trkpt>
      <trkpt lat="22.2567950043" lon="114.2106110957"><ele>158.000</ele></trkpt>
      <trkpt lat="22.2567675860" lon="114.2106469600"><ele>160.000</ele></trkpt>
      <trkpt lat="22.2567398953" lon="114.2106882110"><ele>162.000</ele></trkpt>
      <trkpt lat="22.2566342511" lon="114.2108455893"><ele>163.000</ele></trkpt>
      <trkpt lat="22.2566242501" lon="114.2108604915"><ele>163.000</ele></trkpt>
      <trkpt lat="22.2566199687" lon="114.2108690192"><ele>160.000</ele></trkpt>
      <trkpt lat="22.2566135090" lon="114.2108824748"><ele>160.000</ele></trkpt>
      <trkpt lat="22.2566038145" lon="114.2109041401"><ele>160.000</ele></trkpt>
      <trkpt lat="22.2565957922" lon="114.2109234017"><ele>160.000</ele></trkpt>
      <trkpt lat="22.2565882195" lon="114.2109428497"><ele>160.000</ele></trkpt>
      <trkpt lat="22.2565820733" lon="114.2109597746"><ele>160.000</ele></trkpt>
      <trkpt lat="22.2565786367" lon="114.2109701885"><ele>160.000</ele></trkpt>
      <trkpt lat="22.2565742547" lon="114.2109846487"><ele>159.000</ele></trkpt>
      <trkpt lat="22.2565702691" lon="114.2109992593"><ele>159.000</ele></trkpt>
      <trkpt lat="22.2565673687" lon="114.2110110811"><ele>159.000</ele></trkpt>
      <trkpt lat="22.2565647446" lon="114.2110229465"><ele>160.000</ele></trkpt>
      <trkpt lat="22.2565591161" lon="114.2110513738"><ele>160.000</ele></trkpt>
      <trkpt lat="22.2565563668" lon="114.2110661429"><ele>160.000</ele></trkpt>
      <trkpt lat="22.2565519849" lon="114.2110927573"><ele>159.000</ele></trkpt>
      <trkpt lat="22.2565482884" lon="114.2111196328"><ele>159.000</ele></trkpt>
      <trkpt lat="22.2565411505" lon="114.2111926300"><ele>161.000</ele></trkpt>
      <trkpt lat="22.2565405689" lon="114.2112010800"><ele>161.000</ele></trkpt>
      <trkpt lat="22.2565397743" lon="114.2112094271"><ele>161.000</ele></trkpt>
      <trkpt lat="22.2565379146" lon="114.2112234425"><ele>165.000</ele></trkpt>
      <trkpt lat="22.2565354075" lon="114.2112373482"><ele>165.000</ele></trkpt>
      <trkpt lat="22.2565330491" lon="114.2112481417"><ele>165.000</ele></trkpt>
      <trkpt lat="22.2565310462" lon="114.2112563517"><ele>165.000</ele></trkpt>
      <trkpt lat="22.2565280574" lon="114.2112673061"><ele>164.000</ele></trkpt>
      <trkpt lat="22.2565256237" lon="114.2112753452"><ele>164.000</ele></trkpt>
      <trkpt lat="22.2565220363" lon="114.2112860869"><ele>164.000</ele></trkpt>
      <trkpt lat="22.2565191484" lon="114.2112940027"><ele>164.000</ele></trkpt>
      <trkpt lat="22.2565149812" lon="114.2113046677"><ele>164.000</ele></trkpt>
      <trkpt lat="22.2565117512" lon="114.2113120760"><ele>162.000</ele></trkpt>
      <trkpt lat="22.2565068843" lon="114.2113217959"><ele>162.000</ele></trkpt>
      <trkpt lat="22.2565029599" lon="114.2113286947"><ele>162.000</ele></trkpt>
      <trkpt lat="22.2564971404" lon="114.2113377827"><ele>162.000</ele></trkpt>
      <trkpt lat="22.2564924946" lon="114.2113442322"><ele>162.000</ele></trkpt>
      <trkpt lat="22.2564773181" lon="114.2113635027"><ele>159.000</ele></trkpt>
      <trkpt lat="22.2564593415" lon="114.2113855123"><ele>159.000</ele></trkpt>
      <trkpt lat="22.2564455031" lon="114.2114016456"><ele>159.000</ele></trkpt>
      <trkpt lat="22.2564283985" lon="114.2114209951"><ele>158.000</ele></trkpt>
      <trkpt lat="22.2564137877" lon="114.2114383361"><ele>158.000</ele></trkpt>
      <trkpt lat="22.2563951995" lon="114.2114613418"><ele>161.000</ele></trkpt>
      <trkpt lat="22.2563768838" lon="114.2114855215"><ele>158.000</ele></trkpt>
      <trkpt lat="22.2563541769" lon="114.2115159586"><ele>161.000</ele></trkpt>
      <trkpt lat="22.2563423278" lon="114.2115327948"><ele>158.000</ele></trkpt>
      <trkpt lat="22.2563307350" lon="114.2115502044"><ele>158.000</ele></trkpt>
      <trkpt lat="22.2563217416" lon="114.2115658674"><ele>159.000</ele></trkpt>
      <trkpt lat="22.2563133397" lon="114.2115816993"><ele>159.000</ele></trkpt>
      <trkpt lat="22.2563080048" lon="114.2115924939"><ele>159.000</ele></trkpt>
      <trkpt lat="22.2563027023" lon="114.2116038280"><ele>156.000</ele></trkpt>
      <trkpt lat="22.2563002472" lon="114.2116105778"><ele>156.000</ele></trkpt>
      <trkpt lat="22.2562973067" lon="114.2116193444"><ele>156.000</ele></trkpt>
      <trkpt lat="22.2562946254" lon="114.2116282750"><ele>156.000</ele></trkpt>
      <trkpt lat="22.2562922331" lon="114.2116372892"><ele>156.000</ele></trkpt>
      <trkpt lat="22.2562901297" lon="114.2116463189"><ele>156.000</ele></trkpt>
      <trkpt lat="22.2562883127" lon="114.2116550887"><ele>158.000</ele></trkpt>
      <trkpt lat="22.2562867123" lon="114.2116643437"><ele>158.000</ele></trkpt>
      <trkpt lat="22.2562854342" lon="114.2116736909"><ele>158.000</ele></trkpt>
      <trkpt lat="22.2562844867" lon="114.2116831284"><ele>158.000</ele></trkpt>
      <trkpt lat="22.2562837688" lon="114.2116956064"><ele>158.000</ele></trkpt>
      <trkpt lat="22.2562836132" lon="114.2117050480"><ele>158.000</ele></trkpt>
      <trkpt lat="22.2562837066" lon="114.2117119313"><ele>158.000</ele></trkpt>
      <trkpt lat="22.2562847160" lon="114.2117213343"><ele>158.000</ele></trkpt>
      <trkpt lat="22.2562860650" lon="114.2117306511"><ele>158.000</ele></trkpt>
      <trkpt lat="22.2562871907" lon="114.2117369555"><ele>158.000</ele></trkpt>
      <trkpt lat="22.2562891348" lon="114.2117461541"><ele>158.000</ele></trkpt>
      <trkpt lat="22.2562914420" lon="114.2117552897"><ele>158.000</ele></trkpt>
      <trkpt lat="22.2562933966" lon="114.2117620115"><ele>158.000</ele></trkpt>
      <trkpt lat="22.2562970930" lon="114.2117735942"><ele>158.000</ele></trkpt>
      <trkpt lat="22.2563001210" lon="114.2117822662"><ele>158.000</ele></trkpt>
      <trkpt lat="22.2563033160" lon="114.2117908267"><ele>158.000</ele></trkpt>
      <trkpt lat="22.2563067034" lon="114.2117993107"><ele>160.000</ele></trkpt>
      <trkpt lat="22.2563102921" lon="114.2118077238"><ele>160.000</ele></trkpt>
      <trkpt lat="22.2563152882" lon="114.2118186860"><ele>160.000</ele></trkpt>
      <trkpt lat="22.2563273894" lon="114.2118810703"><ele>158.000</ele></trkpt>
      <trkpt lat="22.2563099124" lon="114.2119561710"><ele>155.000</ele></trkpt>
      <trkpt lat="22.2563087932" lon="114.2119603471"><ele>155.000</ele></trkpt>
      <trkpt lat="22.2562588208" lon="114.2121468046"><ele>151.000</ele></trkpt>
      <trkpt lat="22.2562156210" lon="114.2122908995"><ele>156.000</ele></trkpt>
      <trkpt lat="22.2561939908" lon="114.2123570784"><ele>158.000</ele></trkpt>
      <trkpt lat="22.2561556088" lon="114.2124139637"><ele>156.000</ele></trkpt>
      <trkpt lat="22.2560350689" lon="114.2125352721"><ele>156.000</ele></trkpt>
      <trkpt lat="22.2560072188" lon="114.2125662141"><ele>156.000</ele></trkpt>
      <trkpt lat="22.2559849146" lon="114.2126084288"><ele>156.000</ele></trkpt>
      <trkpt lat="22.2559811368" lon="114.2126138510"><ele>156.000</ele></trkpt>
      <trkpt lat="22.2559777112" lon="114.2126190560"><ele>156.000</ele></trkpt>
      <trkpt lat="22.2559747255" lon="114.2126238847"><ele>159.000</ele></trkpt>
      <trkpt lat="22.2559713838" lon="114.2126296330"><ele>159.000</ele></trkpt>
      <trkpt lat="22.2559655676" lon="114.2126398832"><ele>159.000</ele></trkpt>
      <trkpt lat="22.2559596158" lon="114.2126505738"><ele>159.000</ele></trkpt>
      <trkpt lat="22.2559481973" lon="114.2126716175"><ele>162.000</ele></trkpt>
      <trkpt lat="22.2559370082" lon="114.2126928049"><ele>159.000</ele></trkpt>
      <trkpt lat="22.2559259996" lon="114.2127140388"><ele>159.000</ele></trkpt>
      <trkpt lat="22.2559150877" lon="114.2127352854"><ele>162.000</ele></trkpt>
      <trkpt lat="22.2559042182" lon="114.2127564933"><ele>162.000</ele></trkpt>
      <trkpt lat="22.2558933063" lon="114.2127776137"><ele>160.000</ele></trkpt>
      <trkpt lat="22.2558822517" lon="114.2127987584"><ele>160.000</ele></trkpt>
      <trkpt lat="22.2558713443" lon="114.2128200768"><ele>161.000</ele></trkpt>
      <trkpt lat="22.2558605768" lon="114.2128413826"><ele>161.000</ele></trkpt>
      <trkpt lat="22.2558497922" lon="114.2128625594"><ele>160.000</ele></trkpt>
      <trkpt lat="22.2558441312" lon="114.2128734586"><ele>160.000</ele></trkpt>
      <trkpt lat="22.2558388532" lon="114.2128834218"><ele>160.000</ele></trkpt>
      <trkpt lat="22.2558331056" lon="114.2128940406"><ele>160.000</ele></trkpt>
      <trkpt lat="22.2558275965" lon="114.2129039105"><ele>160.000</ele></trkpt>
      <trkpt lat="22.2558215734" lon="114.2129143566"><ele>158.000</ele></trkpt>
      <trkpt lat="22.2558158432" lon="114.2129238501"><ele>158.000</ele></trkpt>
      <trkpt lat="22.2558097571" lon="114.2129334764"><ele>158.000</ele></trkpt>
      <trkpt lat="22.2558033034" lon="114.2129432888"><ele>160.000</ele></trkpt>
      <trkpt lat="22.2557968624" lon="114.2129527084"><ele>160.000</ele></trkpt>
      <trkpt lat="22.2557900710" lon="114.2129623015"><ele>158.000</ele></trkpt>
      <trkpt lat="22.2557833583" lon="114.2129714814"><ele>158.000</ele></trkpt>
      <trkpt lat="22.2557762283" lon="114.2129809687"><ele>158.000</ele></trkpt>
      <trkpt lat="22.2557619954" lon="114.2129997269"><ele>158.000</ele></trkpt>
      <trkpt lat="22.2557477065" lon="114.2130184763"><ele>158.000</ele></trkpt>
      <trkpt lat="22.2557401430" lon="114.2130281110"><ele>158.000</ele></trkpt>
      <trkpt lat="22.2557332860" lon="114.2130365515"><ele>158.000</ele></trkpt>
      <trkpt lat="22.2557256539" lon="114.2130455371"><ele>158.000</ele></trkpt>
      <trkpt lat="22.2557183725" lon="114.2130536467"><ele>158.000</ele></trkpt>
      <trkpt lat="22.2557143638" lon="114.2130578843"><ele>158.000</ele></trkpt>
      <trkpt lat="22.2557145480" lon="114.2130576932"><ele>158.000</ele></trkpt>
      <trkpt lat="22.2557105393" lon="114.2130617795"><ele>158.000</ele></trkpt>
      <trkpt lat="22.2557066878" lon="114.2130655669"><ele>158.000</ele></trkpt>
      <trkpt lat="22.2557028634" lon="114.2130691546"><ele>158.000</ele></trkpt>
      <trkpt lat="22.2556946023" lon="114.2130765091"><ele>158.000</ele></trkpt>
      <trkpt lat="22.2556859990" lon="114.2130837113"><ele>158.000</ele></trkpt>
      <trkpt lat="22.2556772594" lon="114.2130905904"><ele>158.000</ele></trkpt>
      <trkpt lat="22.2556681938" lon="114.2130973083"><ele>158.000</ele></trkpt>
      <trkpt lat="22.2556590091" lon="114.2131037294"><ele>158.000</ele></trkpt>
      <trkpt lat="22.2556496195" lon="114.2131099098"><ele>155.000</ele></trkpt>
      <trkpt lat="22.2556401269" lon="114.2131157942"><ele>155.000</ele></trkpt>
      <trkpt lat="22.2556304881" lon="114.2131214196"><ele>155.000</ele></trkpt>
      <trkpt lat="22.2556206390" lon="114.2131268238"><ele>155.000</ele></trkpt>
      <trkpt lat="22.2556110193" lon="114.2131317487"><ele>155.000</ele></trkpt>
      <trkpt lat="22.2556064502" lon="114.2131339294"><ele>155.000</ele></trkpt>
      <trkpt lat="22.2556016391" lon="114.2131360945"><ele>155.000</ele></trkpt>
      <trkpt lat="22.2555966239" lon="114.2131382188"><ele>155.000</ele></trkpt>
      <trkpt lat="22.2555913667" lon="114.2131403334"><ele>155.000</ele></trkpt>
      <trkpt lat="22.2555815893" lon="114.2131439981"><ele>155.000</ele></trkpt>
      <trkpt lat="22.2555705954" lon="114.2131477992"><ele>152.000</ele></trkpt>
      <trkpt lat="22.2555611531" lon="114.2131508702"><ele>152.000</ele></trkpt>
      <trkpt lat="22.2555491677" lon="114.2131546255"><ele>150.000</ele></trkpt>
      <trkpt lat="22.2555273255" lon="114.2131614255"><ele>148.000</ele></trkpt>
      <trkpt lat="22.2555167769" lon="114.2131648707"><ele>148.000</ele></trkpt>
      <trkpt lat="22.2555063322" lon="114.2131684702"><ele>148.000</ele></trkpt>
      <trkpt lat="22.2554620111" lon="114.2131943852"><ele>148.000</ele></trkpt>
      <trkpt lat="22.2553593850" lon="114.2132176483"><ele>146.000</ele></trkpt>
      <trkpt lat="22.2553103362" lon="114.2132205266"><ele>145.000</ele></trkpt>
      <trkpt lat="22.2552873241" lon="114.2132251891"><ele>145.000</ele></trkpt>
      <trkpt lat="22.2552651465" lon="114.2132295384"><ele>145.000</ele></trkpt>
      <trkpt lat="22.2552428994" lon="114.2132340361"><ele>143.000</ele></trkpt>
      <trkpt lat="22.2552312447" lon="114.2132365176"><ele>143.000</ele></trkpt>
      <trkpt lat="22.2552205302" lon="114.2132389267"><ele>143.000</ele></trkpt>
      <trkpt lat="22.2552094147" lon="114.2132415781"><ele>145.000</ele></trkpt>
      <trkpt lat="22.2551982142" lon="114.2132444459"><ele>145.000</ele></trkpt>
      <trkpt lat="22.2551874689" lon="114.2132473361"><ele>145.000</ele></trkpt>
      <trkpt lat="22.2551760850" lon="114.2132505405"><ele>144.000</ele></trkpt>
      <trkpt lat="22.2551542077" lon="114.2132570106"><ele>144.000</ele></trkpt>
      <trkpt lat="22.2551324603" lon="114.2132636826"><ele>144.000</ele></trkpt>
      <trkpt lat="22.2551107536" lon="114.2132703739"><ele>146.000</ele></trkpt>
      <trkpt lat="22.2550890478" lon="114.2132771855"><ele>146.000</ele></trkpt>
      <trkpt lat="22.2550673826" lon="114.2132841815"><ele>146.000</ele></trkpt>
      <trkpt lat="22.2550458022" lon="114.2132912581"><ele>146.000</ele></trkpt>
      <trkpt lat="22.2550242760" lon="114.2132983278"><ele>146.000</ele></trkpt>
      <trkpt lat="22.2550027291" lon="114.2133053073"><ele>147.000</ele></trkpt>
      <trkpt lat="22.2549811081" lon="114.2133123014"><ele>148.000</ele></trkpt>
      <trkpt lat="22.2549594699" lon="114.2133194817"><ele>148.000</ele></trkpt>
      <trkpt lat="22.2549482467" lon="114.2133233245"><ele>149.000</ele></trkpt>
      <trkpt lat="22.2549378145" lon="114.2133270141"><ele>149.000</ele></trkpt>
      <trkpt lat="22.2549163333" lon="114.2133347552"><ele>149.000</ele></trkpt>
      <trkpt lat="22.2549046801" lon="114.2133390762"><ele>149.000</ele></trkpt>
      <trkpt lat="22.2548946714" lon="114.2133429513"><ele>148.000</ele></trkpt>
      <trkpt lat="22.2548834028" lon="114.2133475847"><ele>150.000</ele></trkpt>
      <trkpt lat="22.2548730843" lon="114.2133521747"><ele>150.000</ele></trkpt>
      <trkpt lat="22.2548650804" lon="114.2133560212"><ele>150.000</ele></trkpt>
      <trkpt lat="22.2548520911" lon="114.2133626285"><ele>148.000</ele></trkpt>
      <trkpt lat="22.2548413884" lon="114.2133683389"><ele>148.000</ele></trkpt>
      <trkpt lat="22.2548314182" lon="114.2133739108"><ele>148.000</ele></trkpt>
      <trkpt lat="22.2548209404" lon="114.2133801258"><ele>148.000</ele></trkpt>
      <trkpt lat="22.2548111524" lon="114.2133863274"><ele>146.000</ele></trkpt>
      <trkpt lat="22.2548059924" lon="114.2133897759"><ele>146.000</ele></trkpt>
      <trkpt lat="22.2548010076" lon="114.2133932526"><ele>146.000</ele></trkpt>
      <trkpt lat="22.2547962396" lon="114.2133967070"><ele>148.000</ele></trkpt>
      <trkpt lat="22.2547914977" lon="114.2134002915"><ele>148.000</ele></trkpt>
      <trkpt lat="22.2547821655" lon="114.2134076418"><ele>148.000</ele></trkpt>
      <trkpt lat="22.2547729878" lon="114.2134152406"><ele>148.000</ele></trkpt>
      <trkpt lat="22.2547639129" lon="114.2134231275"><ele>146.000</ele></trkpt>
      <trkpt lat="22.2547550547" lon="114.2134312124"><ele>146.000</ele></trkpt>
      <trkpt lat="22.2547463274" lon="114.2134395534"><ele>146.000</ele></trkpt>
      <trkpt lat="22.2547378484" lon="114.2134480885"><ele>146.000</ele></trkpt>
      <trkpt lat="22.2547295472" lon="114.2134568420"><ele>146.000</ele></trkpt>
      <trkpt lat="22.2547214898" lon="114.2134657846"><ele>142.000</ele></trkpt>
      <trkpt lat="22.2547136085" lon="114.2134750407"><ele>142.000</ele></trkpt>
      <trkpt lat="22.2547059763" lon="114.2134845656"><ele>142.000</ele></trkpt>
      <trkpt lat="22.2546985735" lon="114.2134944059"><ele>144.000</ele></trkpt>
      <trkpt lat="22.2546914912" lon="114.2135044082"><ele>144.000</ele></trkpt>
      <trkpt lat="22.2546879798" lon="114.2135096461"><ele>144.000</ele></trkpt>
      <trkpt lat="22.2546846174" lon="114.2135148249"><ele>144.000</ele></trkpt>
      <trkpt lat="22.2546813435" lon="114.2135200269"><ele>144.000</ele></trkpt>
      <trkpt lat="22.2546781527" lon="114.2135253086"><ele>144.000</ele></trkpt>
      <trkpt lat="22.2546747757" lon="114.2135311150"><ele>141.000</ele></trkpt>
      <trkpt lat="22.2546714863" lon="114.2135370117"><ele>141.000</ele></trkpt>
      <trkpt lat="22.2546688464" lon="114.2135419898"><ele>142.000</ele></trkpt>
      <trkpt lat="22.2546662453" lon="114.2135471639"><ele>142.000</ele></trkpt>
      <trkpt lat="22.2546637137" lon="114.2135524574"><ele>142.000</ele></trkpt>
      <trkpt lat="22.2546612020" lon="114.2135579730"><ele>142.000</ele></trkpt>
      <trkpt lat="22.2546586802" lon="114.2135637816"><ele>142.000</ele></trkpt>
      <trkpt lat="22.2546561069" lon="114.2135699530"><ele>142.000</ele></trkpt>
      <trkpt lat="22.2546519911" lon="114.2135803490"><ele>142.000</ele></trkpt>
      <trkpt lat="22.2546472769" lon="114.2135927890"><ele>143.000</ele></trkpt>
      <trkpt lat="22.2546388995" lon="114.2136153651"><ele>143.000</ele></trkpt>
      <trkpt lat="22.2546343363" lon="114.2136274209"><ele>143.000</ele></trkpt>
      <trkpt lat="22.2546304741" lon="114.2136382584"><ele>140.000</ele></trkpt>
      <trkpt lat="22.2546269552" lon="114.2136486624"><ele>140.000</ele></trkpt>
      <trkpt lat="22.2546227747" lon="114.2136614595"><ele>140.000</ele></trkpt>
      <trkpt lat="22.2546153608" lon="114.2136843686"><ele>140.000</ele></trkpt>
      <trkpt lat="22.2546113304" lon="114.2136963179"><ele>140.000</ele></trkpt>
      <trkpt lat="22.2546076797" lon="114.2137065762"><ele>140.000</ele></trkpt>
      <trkpt lat="22.2546033686" lon="114.2137178104"><ele>140.000</ele></trkpt>
      <trkpt lat="22.2546012714" lon="114.2137229177"><ele>140.000</ele></trkpt>
      <trkpt lat="22.2545991002" lon="114.2137279697"><ele>140.000</ele></trkpt>
      <trkpt lat="22.2545992213" lon="114.2137276942"><ele>140.000</ele></trkpt>
      <trkpt lat="22.2545970158" lon="114.2137325618"><ele>140.000</ele></trkpt>
      <trkpt lat="22.2545948872" lon="114.2137370608"><ele>140.000</ele></trkpt>
      <trkpt lat="22.2545891826" lon="114.2137482907"><ele>140.000</ele></trkpt>
      <trkpt lat="22.2545837077" lon="114.2137586844"><ele>136.000</ele></trkpt>
      <trkpt lat="22.2545781533" lon="114.2137689054"><ele>136.000</ele></trkpt>
      <trkpt lat="22.2545723732" lon="114.2137791768"><ele>136.000</ele></trkpt>
      <trkpt lat="22.2545665118" lon="114.2137892503"><ele>137.000</ele></trkpt>
      <trkpt lat="22.2545604427" lon="114.2137993441"><ele>137.000</ele></trkpt>
      <trkpt lat="22.2545543014" lon="114.2138091953"><ele>137.000</ele></trkpt>
      <trkpt lat="22.2545479298" lon="114.2138190591"><ele>137.000</ele></trkpt>
      <trkpt lat="22.2545414996" lon="114.2138286696"><ele>135.000</ele></trkpt>
      <trkpt lat="22.2545348572" lon="114.2138382491"><ele>136.000</ele></trkpt>
      <trkpt lat="22.2545281543" lon="114.2138475384"><ele>136.000</ele></trkpt>
      <trkpt lat="22.2545212230" lon="114.2138567802"><ele>136.000</ele></trkpt>
      <trkpt lat="22.2545142628" lon="114.2138656979"><ele>136.000</ele></trkpt>
      <trkpt lat="22.2545070589" lon="114.2138744962"><ele>136.000</ele></trkpt>
      <trkpt lat="22.2545034700" lon="114.2138786718"><ele>136.000</ele></trkpt>
      <trkpt lat="22.2544998071" lon="114.2138827891"><ele>138.000</ele></trkpt>
      <trkpt lat="22.2544921717" lon="114.2138909878"><ele>136.000</ele></trkpt>
      <trkpt lat="22.2544841515" lon="114.2138991038"><ele>136.000</ele></trkpt>
      <trkpt lat="22.2544760537" lon="114.2139068348"><ele>136.000</ele></trkpt>
      <trkpt lat="22.2544675523" lon="114.2139145171"><ele>136.000</ele></trkpt>
      <trkpt lat="22.2544590447" lon="114.2139218278"><ele>136.000</ele></trkpt>
      <trkpt lat="22.2544501812" lon="114.2139290579"><ele>134.000</ele></trkpt>
      <trkpt lat="22.2544413603" lon="114.2139359194"><ele>134.000</ele></trkpt>
      <trkpt lat="22.2544322324" lon="114.2139426886"><ele>134.000</ele></trkpt>
      <trkpt lat="22.2544233023" lon="114.2139490243"><ele>134.000</ele></trkpt>
      <trkpt lat="22.2544138304" lon="114.2139554752"><ele>134.000</ele></trkpt>
      <trkpt lat="22.2544046195" lon="114.2139615178"><ele>132.000</ele></trkpt>
      <trkpt lat="22.2543949363" lon="114.2139676543"><ele>132.000</ele></trkpt>
      <trkpt lat="22.2543855747" lon="114.2139734106"><ele>132.000</ele></trkpt>
      <trkpt lat="22.2543756369" lon="114.2139793608"><ele>133.000</ele></trkpt>
      <trkpt lat="22.2543568588" lon="114.2139902516"><ele>132.000</ele></trkpt>
      <trkpt lat="22.2543559872" lon="114.2139907500"><ele>132.000</ele></trkpt>
      <trkpt lat="22.2543360558" lon="114.2140019665"><ele>132.000</ele></trkpt>
      <trkpt lat="22.2543345890" lon="114.2140027830"><ele>132.000</ele></trkpt>
      <trkpt lat="22.2543160115" lon="114.2140131053"><ele>131.000</ele></trkpt>
      <trkpt lat="22.2542958958" lon="114.2140243314"><ele>131.000</ele></trkpt>
      <trkpt lat="22.2542758370" lon="114.2140357631"><ele>132.000</ele></trkpt>
      <trkpt lat="22.2542665206" lon="114.2140412042"><ele>130.000</ele></trkpt>
      <trkpt lat="22.2542465721" lon="114.2140520723"><ele>130.000</ele></trkpt>
      <trkpt lat="22.2542264772" lon="114.2140631606"><ele>130.000</ele></trkpt>
      <trkpt lat="22.2542064428" lon="114.2140742645"><ele>129.000</ele></trkpt>
      <trkpt lat="22.2541864266" lon="114.2140853188"><ele>129.000</ele></trkpt>
      <trkpt lat="22.2541664202" lon="114.2140962568"><ele>126.000</ele></trkpt>
      <trkpt lat="22.2541463751" lon="114.2141070172"><ele>126.000</ele></trkpt>
      <trkpt lat="22.2541262785" lon="114.2141175166"><ele>124.000</ele></trkpt>
      <trkpt lat="22.2541060674" lon="114.2141277172"><ele>126.000</ele></trkpt>
      <trkpt lat="22.2540857208" lon="114.2141376151"><ele>126.000</ele></trkpt>
      <trkpt lat="22.2540652181" lon="114.2141472024"><ele>126.000</ele></trkpt>
      <trkpt lat="22.2540548914" lon="114.2141518739"><ele>126.000</ele></trkpt>
      <trkpt lat="22.2540446432" lon="114.2141564017"><ele>126.000</ele></trkpt>
      <trkpt lat="22.2540342271" lon="114.2141608898"><ele>126.000</ele></trkpt>
      <trkpt lat="22.2540239113" lon="114.2141652197"><ele>126.000</ele></trkpt>
      <trkpt lat="22.2540134438" lon="114.2141694827"><ele>126.000</ele></trkpt>
      <trkpt lat="22.2540030946" lon="114.2141735798"><ele>127.000</ele></trkpt>
      <trkpt lat="22.2539820450" lon="114.2141815478"><ele>124.000</ele></trkpt>
      <trkpt lat="22.2539608663" lon="114.2141892248"><ele>124.000</ele></trkpt>
      <trkpt lat="22.2539395712" lon="114.2141966611"><ele>122.000</ele></trkpt>
      <trkpt lat="22.2539181895" lon="114.2142038908"><ele>122.000</ele></trkpt>
      <trkpt lat="22.2538967292" lon="114.2142109215"><ele>120.000</ele></trkpt>
      <trkpt lat="22.2538752003" lon="114.2142177970"><ele>120.000</ele></trkpt>
      <trkpt lat="22.2538536272" lon="114.2142245513"><ele>120.000</ele></trkpt>
      <trkpt lat="22.2538320460" lon="114.2142311978"><ele>120.000</ele></trkpt>
      <trkpt lat="22.2538214956" lon="114.2142343626"><ele>120.000</ele></trkpt>
      <trkpt lat="22.2538121564" lon="114.2142370105"><ele>118.000</ele></trkpt>
      <trkpt lat="22.2538106310" lon="114.2142374428"><ele>118.000</ele></trkpt>
      <trkpt lat="22.2538001051" lon="114.2142402786"><ele>118.000</ele></trkpt>
      <trkpt lat="22.2537890347" lon="114.2142431211"><ele>118.000</ele></trkpt>
      <trkpt lat="22.2537863064" lon="114.2142437946"><ele>118.000</ele></trkpt>
      <trkpt lat="22.2537784989" lon="114.2142457183"><ele>118.000</ele></trkpt>
      <trkpt lat="22.2537672903" lon="114.2142483725"><ele>118.000</ele></trkpt>
      <trkpt lat="22.2537453609" lon="114.2142533232"><ele>118.000</ele></trkpt>
      <trkpt lat="22.2537234108" lon="114.2142580429"><ele>118.000</ele></trkpt>
      <trkpt lat="22.2537013912" lon="114.2142625434"><ele>118.000</ele></trkpt>
      <trkpt lat="22.2536793048" lon="114.2142668789"><ele>118.000</ele></trkpt>
      <trkpt lat="22.2536571525" lon="114.2142711348"><ele>121.000</ele></trkpt>
      <trkpt lat="22.2536349650" lon="114.2142753578"><ele>121.000</ele></trkpt>
      <trkpt lat="22.2536127567" lon="114.2142796166"><ele>121.000</ele></trkpt>
      <trkpt lat="22.2535905520" lon="114.2142839444"><ele>120.000</ele></trkpt>
      <trkpt lat="22.2535683699" lon="114.2142883167"><ele>120.000</ele></trkpt>
      <trkpt lat="22.2535462049" lon="114.2142927065"><ele>119.000</ele></trkpt>
      <trkpt lat="22.2535240562" lon="114.2142970828"><ele>119.000</ele></trkpt>
      <trkpt lat="22.2535019201" lon="114.2143014183"><ele>117.000</ele></trkpt>
      <trkpt lat="22.2534797814" lon="114.2143057023"><ele>117.000</ele></trkpt>
      <trkpt lat="22.2534576480" lon="114.2143098865"><ele>116.000</ele></trkpt>
      <trkpt lat="22.2534355057" lon="114.2143139736"><ele>116.000</ele></trkpt>
      <trkpt lat="22.2534132523" lon="114.2143179792"><ele>118.000</ele></trkpt>
      <trkpt lat="22.2533909257" lon="114.2143222012"><ele>118.000</ele></trkpt>
      <trkpt lat="22.2533686569" lon="114.2143265386"><ele>118.000</ele></trkpt>
      <trkpt lat="22.2533464549" lon="114.2143308614"><ele>116.000</ele></trkpt>
      <trkpt lat="22.2533243171" lon="114.2143350232"><ele>116.000</ele></trkpt>
      <trkpt lat="22.2533022118" lon="114.2143388882"><ele>115.000</ele></trkpt>
      <trkpt lat="22.2532909800" lon="114.2143407033"><ele>115.000</ele></trkpt>
      <trkpt lat="22.2532802286" lon="114.2143423176"><ele>115.000</ele></trkpt>
      <trkpt lat="22.2532690356" lon="114.2143438630"><ele>114.000</ele></trkpt>
      <trkpt lat="22.2532582753" lon="114.2143451941"><ele>114.000</ele></trkpt>
      <trkpt lat="22.2532471637" lon="114.2143463902"><ele>114.000</ele></trkpt>
      <trkpt lat="22.2532363881" lon="114.2143473652"><ele>114.000</ele></trkpt>
      <trkpt lat="22.2532250860" lon="114.2143481577"><ele>114.000</ele></trkpt>
      <trkpt lat="22.2532254716" lon="114.2143481365"><ele>114.000</ele></trkpt>
      <trkpt lat="22.2532146988" lon="114.2143485721"><ele>114.000</ele></trkpt>
      <trkpt lat="22.2532040246" lon="114.2143486915"><ele>114.000</ele></trkpt>
      <trkpt lat="22.2531928961" lon="114.2143485091"><ele>114.000</ele></trkpt>
      <trkpt lat="22.2531821506" lon="114.2143480813"><ele>114.000</ele></trkpt>
      <trkpt lat="22.2531708733" lon="114.2143473953"><ele>114.000</ele></trkpt>
      <trkpt lat="22.2531601459" lon="114.2143465465"><ele>114.000</ele></trkpt>
      <trkpt lat="22.2531487025" lon="114.2143454637"><ele>114.000</ele></trkpt>
      <trkpt lat="22.2531381026" lon="114.2143443316"><ele>114.000</ele></trkpt>
      <trkpt lat="22.2531264624" lon="114.2143429664"><ele>114.000</ele></trkpt>
      <trkpt lat="22.2531041672" lon="114.2143401422"><ele>114.000</ele></trkpt>
      <trkpt lat="22.2530926336" lon="114.2143385743"><ele>114.000</ele></trkpt>
      <trkpt lat="22.2530825802" lon="114.2143368758"><ele>114.000</ele></trkpt>
      <trkpt lat="22.2530721421" lon="114.2143347708"><ele>114.000</ele></trkpt>
      <trkpt lat="22.2530612174" lon="114.2143322213"><ele>114.000</ele></trkpt>
      <trkpt lat="22.2530509032" lon="114.2143295400"><ele>114.000</ele></trkpt>
      <trkpt lat="22.2530398459" lon="114.2143264132"><ele>114.000</ele></trkpt>
      <trkpt lat="22.2530296536" lon="114.2143233516"><ele>114.000</ele></trkpt>
      <trkpt lat="22.2530185359" lon="114.2143198571"><ele>114.000</ele></trkpt>
      <trkpt lat="22.2530082905" lon="114.2143164444"><ele>113.000</ele></trkpt>
      <trkpt lat="22.2529975295" lon="114.2143126444"><ele>112.000</ele></trkpt>
      <trkpt lat="22.2529874612" lon="114.2143089125"><ele>112.000</ele></trkpt>
      <trkpt lat="22.2529765974" lon="114.2143047380"><ele>112.000</ele></trkpt>
      <trkpt lat="22.2529555777" lon="114.2142963533"><ele>111.000</ele></trkpt>
      <trkpt lat="22.2529345319" lon="114.2142877688"><ele>111.000</ele></trkpt>
      <trkpt lat="22.2529134653" lon="114.2142792095"><ele>110.000</ele></trkpt>
      <trkpt lat="22.2528924493" lon="114.2142706026"><ele>110.000</ele></trkpt>
      <trkpt lat="22.2528714406" lon="114.2142619366"><ele>108.000</ele></trkpt>
      <trkpt lat="22.2528504517" lon="114.2142532192"><ele>108.000</ele></trkpt>
      <trkpt lat="22.2528294638" lon="114.2142444698"><ele>108.000</ele></trkpt>
      <trkpt lat="22.2528084686" lon="114.2142356874"><ele>108.000</ele></trkpt>
      <trkpt lat="22.2527874788" lon="114.2142269040"><ele>108.000</ele></trkpt>
      <trkpt lat="22.2527664927" lon="114.2142181090"><ele>107.000</ele></trkpt>
      <trkpt lat="22.2527454803" lon="114.2142093198"><ele>107.000</ele></trkpt>
      <trkpt lat="22.2527244589" lon="114.2142005461"><ele>107.000</ele></trkpt>
      <trkpt lat="22.2527034213" lon="114.2141918180"><ele>107.000</ele></trkpt>
      <trkpt lat="22.2526823620" lon="114.2141831317"><ele>107.000</ele></trkpt>
      <trkpt lat="22.2526613135" lon="114.2141744783"><ele>107.000</ele></trkpt>
      <trkpt lat="22.2526402704" lon="114.2141658308"><ele>104.000</ele></trkpt>
      <trkpt lat="22.2526192481" lon="114.2141571696"><ele>104.000</ele></trkpt>
      <trkpt lat="22.2525982529" lon="114.2141484726"><ele>104.000</ele></trkpt>
      <trkpt lat="22.2525772884" lon="114.2141397319"><ele>104.000</ele></trkpt>
      <trkpt lat="22.2525563646" lon="114.2141309108"><ele>104.000</ele></trkpt>
      <trkpt lat="22.2525354723" lon="114.2141219907"><ele>102.000</ele></trkpt>
      <trkpt lat="22.2525145296" lon="114.2141129697"><ele>102.000</ele></trkpt>
      <trkpt lat="22.2524934387" lon="114.2141040873"><ele>100.000</ele></trkpt>
      <trkpt lat="22.2524723776" lon="114.2140952943"><ele>100.000</ele></trkpt>
      <trkpt lat="22.2524514474" lon="114.2140864547"><ele>100.000</ele></trkpt>
      <trkpt lat="22.2524306835" lon="114.2140773891"><ele>100.000</ele></trkpt>
      <trkpt lat="22.2524201837" lon="114.2140726346"><ele>100.000</ele></trkpt>
      <trkpt lat="22.2524102709" lon="114.2140680054"><ele>100.000</ele></trkpt>
      <trkpt lat="22.2523999509" lon="114.2140630308"><ele>100.000</ele></trkpt>
      <trkpt lat="22.2523901872" lon="114.2140581300"><ele>100.000</ele></trkpt>
      <trkpt lat="22.2523801282" lon="114.2140528760"><ele>100.000</ele></trkpt>
      <trkpt lat="22.2523705695" lon="114.2140476396"><ele>98.000</ele></trkpt>
      <trkpt lat="22.2523611103" lon="114.2140421704"><ele>98.000</ele></trkpt>
      <trkpt lat="22.2523516159" lon="114.2140363044"><ele>98.000</ele></trkpt>
      <trkpt lat="22.2523425342" lon="114.2140303289"><ele>98.000</ele></trkpt>
      <trkpt lat="22.2523331040" lon="114.2140238042"><ele>98.000</ele></trkpt>
      <trkpt lat="22.2523242329" lon="114.2140173970"><ele>98.000</ele></trkpt>
      <trkpt lat="22.2523148579" lon="114.2140103775"><ele>98.000</ele></trkpt>
      <trkpt lat="22.2523062343" lon="114.2140037250"><ele>98.000</ele></trkpt>
      <trkpt lat="22.2522968206" lon="114.2139962894"><ele>98.000</ele></trkpt>
      <trkpt lat="22.2522788204" lon="114.2139817627"><ele>98.000</ele></trkpt>
      <trkpt lat="22.2522610540" lon="114.2139672797"><ele>98.000</ele></trkpt>
      <trkpt lat="22.2522572511" lon="114.2139640064"><ele>98.000</ele></trkpt>
      <trkpt lat="22.2522533416" lon="114.2139604683"><ele>98.000</ele></trkpt>
      <trkpt lat="22.2522492724" lon="114.2139566003"><ele>98.000</ele></trkpt>
      <trkpt lat="22.2522449991" lon="114.2139523771"><ele>98.000</ele></trkpt>
      <trkpt lat="22.2522379966" lon="114.2139451430"><ele>98.000</ele></trkpt>
      <trkpt lat="22.2522292254" lon="114.2139357158"><ele>98.000</ele></trkpt>
      <trkpt lat="22.2522193646" lon="114.2139249738"><ele>98.000</ele></trkpt>
      <trkpt lat="22.2522137174" lon="114.2139186568"><ele>98.000</ele></trkpt>
      <trkpt lat="22.2522068721" lon="114.2139107571"><ele>98.000</ele></trkpt>
      <trkpt lat="22.2521986934" lon="114.2139010827"><ele>98.000</ele></trkpt>
      <trkpt lat="22.2521835342" lon="114.2138829644"><ele>96.000</ele></trkpt>
      <trkpt lat="22.2521820255" lon="114.2138812479"><ele>96.000</ele></trkpt>
      <trkpt lat="22.2521190727" lon="114.2137982830"><ele>91.000</ele></trkpt>
      <trkpt lat="22.2520537423" lon="114.2137737283"><ele>89.000</ele></trkpt>
      <trkpt lat="22.2520058207" lon="114.2137554191"><ele>92.000</ele></trkpt>
      <trkpt lat="22.2519843916" lon="114.2137526098"><ele>92.000</ele></trkpt>
      <trkpt lat="22.2519351319" lon="114.2137409844"><ele>94.000</ele></trkpt>
      <trkpt lat="22.2519215953" lon="114.2137393413"><ele>94.000</ele></trkpt>
      <trkpt lat="22.2519180012" lon="114.2137391367"><ele>94.000</ele></trkpt>
      <trkpt lat="22.2519144340" lon="114.2137392133"><ele>94.000</ele></trkpt>
      <trkpt lat="22.2519126640" lon="114.2137394457"><ele>94.000</ele></trkpt>
      <trkpt lat="22.2519068571" lon="114.2137398565"><ele>94.000</ele></trkpt>
      <trkpt lat="22.2518953184" lon="114.2137410031"><ele>94.000</ele></trkpt>
      <trkpt lat="22.2518871723" lon="114.2137429218"><ele>94.000</ele></trkpt>
      <trkpt lat="22.2518770214" lon="114.2137446266"><ele>94.000</ele></trkpt>
      <trkpt lat="22.2518662832" lon="114.2137482617"><ele>94.000</ele></trkpt>
      <trkpt lat="22.2518593196" lon="114.2137521016"><ele>94.000</ele></trkpt>
      <trkpt lat="22.2518500618" lon="114.2137581140"><ele>94.000</ele></trkpt>
      <trkpt lat="22.2518441085" lon="114.2137674063"><ele>94.000</ele></trkpt>
      <trkpt lat="22.2518091968" lon="114.2138035636"><ele>96.000</ele></trkpt>
      <trkpt lat="22.2517756666" lon="114.2138402257"><ele>96.000</ele></trkpt>
      <trkpt lat="22.2517469510" lon="114.2138712235"><ele>96.000</ele></trkpt>
      <trkpt lat="22.2517340881" lon="114.2138852482"><ele>96.000</ele></trkpt>
      <trkpt lat="22.2517203230" lon="114.2138958190"><ele>96.000</ele></trkpt>
      <trkpt lat="22.2517115981" lon="114.2139014726"><ele>96.000</ele></trkpt>
      <trkpt lat="22.2517042647" lon="114.2139034303"><ele>96.000</ele></trkpt>
      <trkpt lat="22.2516989908" lon="114.2139034192"><ele>96.000</ele></trkpt>
      <trkpt lat="22.2516932657" lon="114.2139019334"><ele>96.000</ele></trkpt>
      <trkpt lat="22.2516879923" lon="114.2138997007"><ele>96.000</ele></trkpt>
      <trkpt lat="22.2516829630" lon="114.2138964883"><ele>96.000</ele></trkpt>
      <trkpt lat="22.2516792975" lon="114.2138922866"><ele>96.000</ele></trkpt>
      <trkpt lat="22.2516506938" lon="114.2138683169"><ele>96.000</ele></trkpt>
      <trkpt lat="22.2516472628" lon="114.2138651825"><ele>96.000</ele></trkpt>
      <trkpt lat="22.2516446087" lon="114.2138612819"><ele>96.000</ele></trkpt>
      <trkpt lat="22.2516428668" lon="114.2138568188"><ele>96.000</ele></trkpt>
      <trkpt lat="22.2516421545" lon="114.2138520359"><ele>96.000</ele></trkpt>
      <trkpt lat="22.2516436375" lon="114.2138431596"><ele>96.000</ele></trkpt>
      <trkpt lat="22.2516377589" lon="114.2138022283"><ele>94.000</ele></trkpt>
      <trkpt lat="22.2516311934" lon="114.2137632759"><ele>94.000</ele></trkpt>
      <trkpt lat="22.2516304991" lon="114.2137584833"><ele>94.000</ele></trkpt>
      <trkpt lat="22.2516292630" lon="114.2137538166"><ele>94.000</ele></trkpt>
      <trkpt lat="22.2516274940" lon="114.2137493633"><ele>94.000</ele></trkpt>
      <trkpt lat="22.2516252373" lon="114.2137451620"><ele>94.000</ele></trkpt>
      <trkpt lat="22.2516225109" lon="114.2137413002"><ele>94.000</ele></trkpt>
      <trkpt lat="22.2516193600" lon="114.2137378263"><ele>94.000</ele></trkpt>
      <trkpt lat="22.2516158387" lon="114.2137347986"><ele>94.000</ele></trkpt>
      <trkpt lat="22.2516119922" lon="114.2137322655"><ele>92.000</ele></trkpt>
      <trkpt lat="22.2516078837" lon="114.2137302563"><ele>92.000</ele></trkpt>
      <trkpt lat="22.2516035764" lon="114.2137288000"><ele>92.000</ele></trkpt>
      <trkpt lat="22.2515991425" lon="114.2137279354"><ele>92.000</ele></trkpt>
      <trkpt lat="22.2515904641" lon="114.2137279428"><ele>92.000</ele></trkpt>
      <trkpt lat="22.2515859760" lon="114.2137273790"><ele>92.000</ele></trkpt>
      <trkpt lat="22.2515814878" lon="114.2137268831"><ele>92.000</ele></trkpt>
      <trkpt lat="22.2515769907" lon="114.2137264259"><ele>92.000</ele></trkpt>
      <trkpt lat="22.2515724844" lon="114.2137260367"><ele>92.000</ele></trkpt>
      <trkpt lat="22.2515679872" lon="114.2137256960"><ele>92.000</ele></trkpt>
      <trkpt lat="22.2515634810" lon="114.2137254134"><ele>92.000</ele></trkpt>
      <trkpt lat="22.2515589657" lon="114.2137251794"><ele>92.000</ele></trkpt>
      <trkpt lat="22.2515544504" lon="114.2137250036"><ele>92.000</ele></trkpt>
      <trkpt lat="22.2515499441" lon="114.2137248860"><ele>92.000</ele></trkpt>
      <trkpt lat="22.2515454288" lon="114.2137248169"><ele>92.000</ele></trkpt>
      <trkpt lat="22.2515409135" lon="114.2137248157"><ele>92.000</ele></trkpt>
      <trkpt lat="22.2515363982" lon="114.2137248534"><ele>92.000</ele></trkpt>
      <trkpt lat="22.2515318828" lon="114.2137249589"><ele>92.000</ele></trkpt>
      <trkpt lat="22.2515273674" lon="114.2137251129"><ele>92.000</ele></trkpt>
      <trkpt lat="22.2515228611" lon="114.2137253252"><ele>92.000</ele></trkpt>
      <trkpt lat="22.2515183457" lon="114.2137255859"><ele>92.000</ele></trkpt>
      <trkpt lat="22.2515138393" lon="114.2137259049"><ele>92.000</ele></trkpt>
      <trkpt lat="22.2515093419" lon="114.2137262821"><ele>92.000</ele></trkpt>
      <trkpt lat="22.2515048446" lon="114.2137267077"><ele>92.000</ele></trkpt>
      <trkpt lat="22.2515003472" lon="114.2137271916"><ele>92.000</ele></trkpt>
      <trkpt lat="22.2514958588" lon="114.2137277337"><ele>92.000</ele></trkpt>
      <trkpt lat="22.2514903048" lon="114.2137284793"><ele>92.000</ele></trkpt>
      <trkpt lat="22.2514854816" lon="114.2137321645"><ele>92.000</ele></trkpt>
      <trkpt lat="22.2514813444" lon="114.2137373342"><ele>92.000</ele></trkpt>
      <trkpt lat="22.2514778933" lon="114.2137434839"><ele>92.000</ele></trkpt>
      <trkpt lat="22.2514765195" lon="114.2137481110"><ele>92.000</ele></trkpt>
      <trkpt lat="22.2514752181" lon="114.2137527576"><ele>92.000</ele></trkpt>
      <trkpt lat="22.2514739979" lon="114.2137574236"><ele>92.000</ele></trkpt>
      <trkpt lat="22.2514728589" lon="114.2137621187"><ele>92.000</ele></trkpt>
      <trkpt lat="22.2514718103" lon="114.2137668333"><ele>92.000</ele></trkpt>
      <trkpt lat="22.2514708339" lon="114.2137715673"><ele>92.000</ele></trkpt>
      <trkpt lat="22.2514699388" lon="114.2137763206"><ele>92.000</ele></trkpt>
      <trkpt lat="22.2514691250" lon="114.2137810935"><ele>92.000</ele></trkpt>
      <trkpt lat="22.2514683924" lon="114.2137858857"><ele>93.000</ele></trkpt>
      <trkpt lat="22.2514677411" lon="114.2137906780"><ele>93.000</ele></trkpt>
      <trkpt lat="22.2514671801" lon="114.2137954993"><ele>93.000</ele></trkpt>
      <trkpt lat="22.2514667004" lon="114.2138003208"><ele>93.000</ele></trkpt>
      <trkpt lat="22.2514662929" lon="114.2138051519"><ele>93.000</ele></trkpt>
      <trkpt lat="22.2514659847" lon="114.2138099830"><ele>93.000</ele></trkpt>
      <trkpt lat="22.2514657488" lon="114.2138148336"><ele>93.000</ele></trkpt>
      <trkpt lat="22.2514655942" lon="114.2138196842"><ele>93.000</ele></trkpt>
      <trkpt lat="22.2514655299" lon="114.2138245251"><ele>93.000</ele></trkpt>
      <trkpt lat="22.2514655825" lon="114.2138314616"><ele>94.000</ele></trkpt>
      <trkpt lat="22.2514649131" lon="114.2138362538"><ele>94.000</ele></trkpt>
      <trkpt lat="22.2514634491" lon="114.2138408325"><ele>94.000</ele></trkpt>
      <trkpt lat="22.2514588960" lon="114.2138482042"><ele>94.000</ele></trkpt>
      <trkpt lat="22.2514237371" lon="114.2138989133"><ele>93.000</ele></trkpt>
      <trkpt lat="22.2514203137" lon="114.2139020750"><ele>93.000</ele></trkpt>
      <trkpt lat="22.2514171793" lon="114.2139055666"><ele>93.000</ele></trkpt>
      <trkpt lat="22.2514143609" lon="114.2139093591"><ele>93.000</ele></trkpt>
      <trkpt lat="22.2514118855" lon="114.2139134135"><ele>93.000</ele></trkpt>
      <trkpt lat="22.2514097804" lon="114.2139176913"><ele>93.000</ele></trkpt>
      <trkpt lat="22.2514080455" lon="114.2139221728"><ele>93.000</ele></trkpt>
      <trkpt lat="22.2514067169" lon="114.2139268096"><ele>93.000</ele></trkpt>
      <trkpt lat="22.2514057947" lon="114.2139315533"><ele>92.000</ele></trkpt>
      <trkpt lat="22.2514052879" lon="114.2139363747"><ele>92.000</ele></trkpt>
      <trkpt lat="22.2514052055" lon="114.2139412253"><ele>92.000</ele></trkpt>
      <trkpt lat="22.2514055476" lon="114.2139460567"><ele>92.000</ele></trkpt>
      <trkpt lat="22.2514063051" lon="114.2139508396"><ele>92.000</ele></trkpt>
      <trkpt lat="22.2514080375" lon="114.2139573011"><ele>92.000</ele></trkpt>
      <trkpt lat="22.2514168755" lon="114.2140100687"><ele>92.000</ele></trkpt>
      <trkpt lat="22.2514175878" lon="114.2140148613"><ele>92.000</ele></trkpt>
      <trkpt lat="22.2514183092" lon="114.2140196442"><ele>92.000</ele></trkpt>
      <trkpt lat="22.2514190305" lon="114.2140244368"><ele>92.000</ele></trkpt>
      <trkpt lat="22.2514197609" lon="114.2140292197"><ele>91.000</ele></trkpt>
      <trkpt lat="22.2514204913" lon="114.2140340124"><ele>91.000</ele></trkpt>
      <trkpt lat="22.2514212307" lon="114.2140387953"><ele>91.000</ele></trkpt>
      <trkpt lat="22.2514219701" lon="114.2140435782"><ele>91.000</ele></trkpt>
      <trkpt lat="22.2514227186" lon="114.2140483611"><ele>91.000</ele></trkpt>
      <trkpt lat="22.2514234670" lon="114.2140531441"><ele>91.000</ele></trkpt>
      <trkpt lat="22.2514242245" lon="114.2140579270"><ele>91.000</ele></trkpt>
      <trkpt lat="22.2514249820" lon="114.2140627099"><ele>91.000</ele></trkpt>
      <trkpt lat="22.2514257485" lon="114.2140674929"><ele>91.000</ele></trkpt>
      <trkpt lat="22.2514265150" lon="114.2140722661"><ele>91.000</ele></trkpt>
      <trkpt lat="22.2514272906" lon="114.2140770490"><ele>92.000</ele></trkpt>
      <trkpt lat="22.2514280661" lon="114.2140818320"><ele>92.000</ele></trkpt>
      <trkpt lat="22.2514288416" lon="114.2140866052"><ele>92.000</ele></trkpt>
      <trkpt lat="22.2514296262" lon="114.2140913784"><ele>92.000</ele></trkpt>
      <trkpt lat="22.2514304198" lon="114.2140961614"><ele>92.000</ele></trkpt>
      <trkpt lat="22.2514312134" lon="114.2141009346"><ele>92.000</ele></trkpt>
      <trkpt lat="22.2514320070" lon="114.2141057078"><ele>92.000</ele></trkpt>
      <trkpt lat="22.2514328097" lon="114.2141104811"><ele>92.000</ele></trkpt>
      <trkpt lat="22.2514336213" lon="114.2141152543"><ele>92.000</ele></trkpt>
      <trkpt lat="22.2514344330" lon="114.2141200276"><ele>92.000</ele></trkpt>
      <trkpt lat="22.2514352447" lon="114.2141248008"><ele>92.000</ele></trkpt>
      <trkpt lat="22.2514360653" lon="114.2141295644"><ele>92.000</ele></trkpt>
      <trkpt lat="22.2514368860" lon="114.2141343376"><ele>92.000</ele></trkpt>
      <trkpt lat="22.2514377158" lon="114.2141391011"><ele>92.000</ele></trkpt>
      <trkpt lat="22.2514385455" lon="114.2141438744"><ele>92.000</ele></trkpt>
      <trkpt lat="22.2514393843" lon="114.2141486380"><ele>92.000</ele></trkpt>
      <trkpt lat="22.2514402230" lon="114.2141534015"><ele>92.000</ele></trkpt>
      <trkpt lat="22.2514417923" lon="114.2141622010"><ele>92.000</ele></trkpt>
      <trkpt lat="22.2514427485" lon="114.2141669451"><ele>92.000</ele></trkpt>
      <trkpt lat="22.2514435511" lon="114.2141717184"><ele>92.000</ele></trkpt>
      <trkpt lat="22.2514442002" lon="114.2141765207"><ele>92.000</ele></trkpt>
      <trkpt lat="22.2514446958" lon="114.2141813424"><ele>92.000</ele></trkpt>
      <trkpt lat="22.2514450379" lon="114.2141861737"><ele>92.000</ele></trkpt>
      <trkpt lat="22.2514452174" lon="114.2141910244"><ele>92.000</ele></trkpt>
      <trkpt lat="22.2514452433" lon="114.2141958750"><ele>92.000</ele></trkpt>
      <trkpt lat="22.2514451158" lon="114.2142007256"><ele>92.000</ele></trkpt>
      <trkpt lat="22.2514448347" lon="114.2142055665"><ele>92.000</ele></trkpt>
      <trkpt lat="22.2514443911" lon="114.2142103879"><ele>92.000</ele></trkpt>
      <trkpt lat="22.2514437940" lon="114.2142151996"><ele>92.000</ele></trkpt>
      <trkpt lat="22.2514430343" lon="114.2142199821"><ele>94.000</ele></trkpt>
      <trkpt lat="22.2514421302" lon="114.2142247355"><ele>94.000</ele></trkpt>
      <trkpt lat="22.2514400511" lon="114.2142334370"><ele>94.000</ele></trkpt>
      <trkpt lat="22.2514390657" lon="114.2142381709"><ele>94.000</ele></trkpt>
      <trkpt lat="22.2514380441" lon="114.2142428952"><ele>94.000</ele></trkpt>
      <trkpt lat="22.2514369864" lon="114.2142476097"><ele>94.000</ele></trkpt>
      <trkpt lat="22.2514358926" lon="114.2142523146"><ele>94.000</ele></trkpt>
      <trkpt lat="22.2514347627" lon="114.2142570194"><ele>94.000</ele></trkpt>
      <trkpt lat="22.2514335967" lon="114.2142617048"><ele>94.000</ele></trkpt>
      <trkpt lat="22.2514323945" lon="114.2142663708"><ele>94.000</ele></trkpt>
      <trkpt lat="22.2514311472" lon="114.2142710368"><ele>94.000</ele></trkpt>
      <trkpt lat="22.2514298728" lon="114.2142756930"><ele>94.000</ele></trkpt>
      <trkpt lat="22.2514285533" lon="114.2142803299"><ele>94.000</ele></trkpt>
      <trkpt lat="22.2514272066" lon="114.2142849571"><ele>94.000</ele></trkpt>
      <trkpt lat="22.2514258149" lon="114.2142895745"><ele>94.000</ele></trkpt>
      <trkpt lat="22.2514236549" lon="114.2142965103"><ele>94.000</ele></trkpt>
      <trkpt lat="22.2514065926" lon="114.2143502024"><ele>96.000</ele></trkpt>
      <trkpt lat="22.2513927666" lon="114.2143898672"><ele>96.000</ele></trkpt>
      <trkpt lat="22.2513903905" lon="114.2143939896"><ele>96.000</ele></trkpt>
      <trkpt lat="22.2513882403" lon="114.2143982479"><ele>96.000</ele></trkpt>
      <trkpt lat="22.2513863067" lon="114.2144026420"><ele>96.000</ele></trkpt>
      <trkpt lat="22.2513846079" lon="114.2144071333"><ele>96.000</ele></trkpt>
      <trkpt lat="22.2513831529" lon="114.2144117216"><ele>96.000</ele></trkpt>
      <trkpt lat="22.2513819327" lon="114.2144163876"><ele>96.000</ele></trkpt>
      <trkpt lat="22.2513809562" lon="114.2144211312"><ele>96.000</ele></trkpt>
      <trkpt lat="22.2513802327" lon="114.2144259138"><ele>96.000</ele></trkpt>
      <trkpt lat="22.2513797529" lon="114.2144307352"><ele>96.000</ele></trkpt>
      <trkpt lat="22.2513795351" lon="114.2144355760"><ele>96.000</ele></trkpt>
      <trkpt lat="22.2513795611" lon="114.2144404267"><ele>96.000</ele></trkpt>
      <trkpt lat="22.2513798489" lon="114.2144452677"><ele>96.000</ele></trkpt>
      <trkpt lat="22.2513803806" lon="114.2144500894"><ele>96.000</ele></trkpt>
      <trkpt lat="22.2513811652" lon="114.2144548626"><ele>96.000</ele></trkpt>
      <trkpt lat="22.2513822026" lon="114.2144595874"><ele>96.000</ele></trkpt>
      <trkpt lat="22.2513834749" lon="114.2144642347"><ele>96.000</ele></trkpt>
      <trkpt lat="22.2513849910" lon="114.2144688044"><ele>96.000</ele></trkpt>
      <trkpt lat="22.2513867419" lon="114.2144732771"><ele>96.000</ele></trkpt>
      <trkpt lat="22.2513887276" lon="114.2144776335"><ele>96.000</ele></trkpt>
      <trkpt lat="22.2513909391" lon="114.2144818639"><ele>96.000</ele></trkpt>
      <trkpt lat="22.2513933584" lon="114.2144859585"><ele>96.000</ele></trkpt>
      <trkpt lat="22.2513959944" lon="114.2144898979"><ele>96.000</ele></trkpt>
      <trkpt lat="22.2513988292" lon="114.2144936724"><ele>96.000</ele></trkpt>
      <trkpt lat="22.2514018536" lon="114.2144972627"><ele>96.000</ele></trkpt>
      <trkpt lat="22.2514050678" lon="114.2145006784"><ele>96.000</ele></trkpt>
      <trkpt lat="22.2514084445" lon="114.2145038905"><ele>96.000</ele></trkpt>
      <trkpt lat="22.2514119929" lon="114.2145068891"><ele>96.000</ele></trkpt>
      <trkpt lat="22.2514156858" lon="114.2145096840"><ele>96.000</ele></trkpt>
      <trkpt lat="22.2514195232" lon="114.2145122365"><ele>96.000</ele></trkpt>
      <trkpt lat="22.2514234871" lon="114.2145145659"><ele>96.000</ele></trkpt>
      <trkpt lat="22.2514275595" lon="114.2145166430"><ele>96.000</ele></trkpt>
      <trkpt lat="22.2514317402" lon="114.2145184777"><ele>96.000</ele></trkpt>
      <trkpt lat="22.2514376639" lon="114.2145205942"><ele>96.000</ele></trkpt>
      <trkpt lat="22.2514417272" lon="114.2145227101"><ele>96.000</ele></trkpt>
      <trkpt lat="22.2514458176" lon="114.2145247582"><ele>96.000</ele></trkpt>
      <trkpt lat="22.2514499442" lon="114.2145267384"><ele>96.000</ele></trkpt>
      <trkpt lat="22.2514540888" lon="114.2145286700"><ele>96.000</ele></trkpt>
      <trkpt lat="22.2514582515" lon="114.2145305338"><ele>96.000</ele></trkpt>
      <trkpt lat="22.2514624413" lon="114.2145323393"><ele>96.000</ele></trkpt>
      <trkpt lat="22.2514666582" lon="114.2145340770"><ele>96.000</ele></trkpt>
      <trkpt lat="22.2514708932" lon="114.2145357565"><ele>96.000</ele></trkpt>
      <trkpt lat="22.2514751553" lon="114.2145373680"><ele>96.000</ele></trkpt>
      <trkpt lat="22.2514794355" lon="114.2145389214"><ele>96.000</ele></trkpt>
      <trkpt lat="22.2514837247" lon="114.2145404068"><ele>96.000</ele></trkpt>
      <trkpt lat="22.2514880410" lon="114.2145418340"><ele>96.000</ele></trkpt>
      <trkpt lat="22.2514923754" lon="114.2145431934"><ele>96.000</ele></trkpt>
      <trkpt lat="22.2514967279" lon="114.2145444945"><ele>96.000</ele></trkpt>
      <trkpt lat="22.2515010985" lon="114.2145457278"><ele>96.000</ele></trkpt>
      <trkpt lat="22.2515054781" lon="114.2145468931"><ele>96.000</ele></trkpt>
      <trkpt lat="22.2515098758" lon="114.2145479905"><ele>96.000</ele></trkpt>
      <trkpt lat="22.2515142915" lon="114.2145490297"><ele>96.000</ele></trkpt>
      <trkpt lat="22.2515187073" lon="114.2145500010"><ele>98.000</ele></trkpt>
      <trkpt lat="22.2515231502" lon="114.2145509044"><ele>98.000</ele></trkpt>
      <trkpt lat="22.2515275931" lon="114.2145517496"><ele>98.000</ele></trkpt>
      <trkpt lat="22.2515320540" lon="114.2145525270"><ele>98.000</ele></trkpt>
      <trkpt lat="22.2515365150" lon="114.2145532266"><ele>98.000</ele></trkpt>
      <trkpt lat="22.2515409941" lon="114.2145538681"><ele>98.000</ele></trkpt>
      <trkpt lat="22.2515454732" lon="114.2145544514"><ele>98.000</ele></trkpt>
      <trkpt lat="22.2515499703" lon="114.2145549571"><ele>98.000</ele></trkpt>
      <trkpt lat="22.2515544675" lon="114.2145554045"><ele>98.000</ele></trkpt>
      <trkpt lat="22.2515589647" lon="114.2145557744"><ele>98.000</ele></trkpt>
      <trkpt lat="22.2515634709" lon="114.2145560860"><ele>98.000</ele></trkpt>
      <trkpt lat="22.2515679772" lon="114.2145563298"><ele>98.000</ele></trkpt>
      <trkpt lat="22.2515724924" lon="114.2145565056"><ele>98.000</ele></trkpt>
      <trkpt lat="22.2515770078" lon="114.2145566135"><ele>98.000</ele></trkpt>
      <trkpt lat="22.2515815231" lon="114.2145566535"><ele>98.000</ele></trkpt>
      <trkpt lat="22.2515860384" lon="114.2145566353"><ele>98.000</ele></trkpt>
      <trkpt lat="22.2515905538" lon="114.2145565396"><ele>98.000</ele></trkpt>
      <trkpt lat="22.2515950691" lon="114.2145563855"><ele>98.000</ele></trkpt>
      <trkpt lat="22.2515995755" lon="114.2145561636"><ele>98.000</ele></trkpt>
      <trkpt lat="22.2516040819" lon="114.2145558641"><ele>98.000</ele></trkpt>
      <trkpt lat="22.2516117852" lon="114.2145552162"><ele>98.000</ele></trkpt>
      <trkpt lat="22.2516461647" lon="114.2145560209"><ele>98.000</ele></trkpt>
      <trkpt lat="22.2516842016" lon="114.2145575833"><ele>98.000</ele></trkpt>
      <trkpt lat="22.2516984158" lon="114.2145576065"><ele>100.000</ele></trkpt>
      <trkpt lat="22.2517126208" lon="114.2145586289"><ele>100.000</ele></trkpt>
      <trkpt lat="22.2517183554" lon="114.2145581454"><ele>100.000</ele></trkpt>
      <trkpt lat="22.2517224731" lon="114.2145596308"><ele>98.000</ele></trkpt>
      <trkpt lat="22.2517259040" lon="114.2145626003"><ele>98.000</ele></trkpt>
      <trkpt lat="22.2517501650" lon="114.2145816214"><ele>100.000</ele></trkpt>
      <trkpt lat="22.2517684663" lon="114.2145984289"><ele>100.000</ele></trkpt>
      <trkpt lat="22.2517717798" lon="114.2146017283"><ele>100.000</ele></trkpt>
      <trkpt lat="22.2517747771" lon="114.2146053476"><ele>100.000</ele></trkpt>
      <trkpt lat="22.2517774402" lon="114.2146092677"><ele>99.000</ele></trkpt>
      <trkpt lat="22.2517797421" lon="114.2146134398"><ele>99.000</ele></trkpt>
      <trkpt lat="22.2517816556" lon="114.2146178254"><ele>99.000</ele></trkpt>
      <trkpt lat="22.2517831807" lon="114.2146223854"><ele>99.000</ele></trkpt>
      <trkpt lat="22.2517842904" lon="114.2146270908"><ele>99.000</ele></trkpt>
      <trkpt lat="22.2517849846" lon="114.2146318834"><ele>99.000</ele></trkpt>
      <trkpt lat="22.2517852454" lon="114.2146367245"><ele>99.000</ele></trkpt>
      <trkpt lat="22.2517850727" lon="114.2146415654"><ele>99.000</ele></trkpt>
      <trkpt lat="22.2517837251" lon="114.2146499760"><ele>99.000</ele></trkpt>
      <trkpt lat="22.2517832093" lon="114.2146547877"><ele>99.000</ele></trkpt>
      <trkpt lat="22.2517826663" lon="114.2146596091"><ele>99.000</ele></trkpt>
      <trkpt lat="22.2517821053" lon="114.2146644208"><ele>99.000</ele></trkpt>
      <trkpt lat="22.2517815172" lon="114.2146692325"><ele>99.000</ele></trkpt>
      <trkpt lat="22.2517809020" lon="114.2146740345"><ele>99.000</ele></trkpt>
      <trkpt lat="22.2517802597" lon="114.2146788365"><ele>99.000</ele></trkpt>
      <trkpt lat="22.2517795903" lon="114.2146836287"><ele>99.000</ele></trkpt>
      <trkpt lat="22.2517789028" lon="114.2146884307"><ele>99.000</ele></trkpt>
      <trkpt lat="22.2517781883" lon="114.2146932132"><ele>99.000</ele></trkpt>
      <trkpt lat="22.2517774467" lon="114.2146980055"><ele>99.000</ele></trkpt>
      <trkpt lat="22.2517766780" lon="114.2147027783"><ele>99.000</ele></trkpt>
      <trkpt lat="22.2517758912" lon="114.2147075608"><ele>99.000</ele></trkpt>
      <trkpt lat="22.2517750773" lon="114.2147123337"><ele>99.000</ele></trkpt>
      <trkpt lat="22.2517742363" lon="114.2147170968"><ele>99.000</ele></trkpt>
      <trkpt lat="22.2517733773" lon="114.2147218599"><ele>99.000</ele></trkpt>
      <trkpt lat="22.2517724822" lon="114.2147266133"><ele>99.000</ele></trkpt>
      <trkpt lat="22.2517715690" lon="114.2147313570"><ele>99.000</ele></trkpt>
      <trkpt lat="22.2517706287" lon="114.2147361104"><ele>99.000</ele></trkpt>
      <trkpt lat="22.2517696703" lon="114.2147408443"><ele>99.000</ele></trkpt>
      <trkpt lat="22.2517686758" lon="114.2147455783"><ele>99.000</ele></trkpt>
      <trkpt lat="22.2517676633" lon="114.2147503026"><ele>99.000</ele></trkpt>
      <trkpt lat="22.2517666327" lon="114.2147550268"><ele>98.000</ele></trkpt>
      <trkpt lat="22.2517655660" lon="114.2147597413"><ele>98.000</ele></trkpt>
      <trkpt lat="22.2517644812" lon="114.2147644462"><ele>98.000</ele></trkpt>
      <trkpt lat="22.2517633693" lon="114.2147691510"><ele>98.000</ele></trkpt>
      <trkpt lat="22.2517622304" lon="114.2147738461"><ele>98.000</ele></trkpt>
      <trkpt lat="22.2517610733" lon="114.2147785316"><ele>98.000</ele></trkpt>
      <trkpt lat="22.2517598892" lon="114.2147832170"><ele>98.000</ele></trkpt>
      <trkpt lat="22.2517580092" lon="114.2147904245"><ele>98.000</ele></trkpt>
      <trkpt lat="22.2517462415" lon="114.2148320496"><ele>98.000</ele></trkpt>
      <trkpt lat="22.2517407104" lon="114.2148505291"><ele>96.000</ele></trkpt>
      <trkpt lat="22.2517385962" lon="114.2148548165"><ele>96.000</ele></trkpt>
      <trkpt lat="22.2517370238" lon="114.2148593563"><ele>96.000</ele></trkpt>
      <trkpt lat="22.2517360113" lon="114.2148640806"><ele>96.000</ele></trkpt>
      <trkpt lat="22.2517355767" lon="114.2148689020"><ele>96.000</ele></trkpt>
      <trkpt lat="22.2517357201" lon="114.2148737527"><ele>96.000</ele></trkpt>
      <trkpt lat="22.2517364504" lon="114.2148785356"><ele>96.000</ele></trkpt>
      <trkpt lat="22.2517377498" lon="114.2148831732"><ele>96.000</ele></trkpt>
      <trkpt lat="22.2517401777" lon="114.2148887327"><ele>96.000</ele></trkpt>
      <trkpt lat="22.2517436448" lon="114.2148918380"><ele>96.000</ele></trkpt>
      <trkpt lat="22.2517471479" lon="114.2148948949"><ele>96.000</ele></trkpt>
      <trkpt lat="22.2517506873" lon="114.2148979129"><ele>96.000</ele></trkpt>
      <trkpt lat="22.2517542446" lon="114.2149009019"><ele>96.000</ele></trkpt>
      <trkpt lat="22.2517578382" lon="114.2149038424"><ele>96.000</ele></trkpt>
      <trkpt lat="22.2517614497" lon="114.2149067440"><ele>96.000</ele></trkpt>
      <trkpt lat="22.2517650975" lon="114.2149096069"><ele>96.000</ele></trkpt>
      <trkpt lat="22.2517687632" lon="114.2149124310"><ele>96.000</ele></trkpt>
      <trkpt lat="22.2517724652" lon="114.2149152163"><ele>96.000</ele></trkpt>
      <trkpt lat="22.2517761942" lon="114.2149179530"><ele>96.000</ele></trkpt>
      <trkpt lat="22.2517799413" lon="114.2149206510"><ele>96.000</ele></trkpt>
      <trkpt lat="22.2517837155" lon="114.2149233102"><ele>96.000</ele></trkpt>
      <trkpt lat="22.2517875258" lon="114.2149259306"><ele>96.000</ele></trkpt>
      <trkpt lat="22.2517913452" lon="114.2149285024"><ele>96.000</ele></trkpt>
      <trkpt lat="22.2517952007" lon="114.2149310355"><ele>96.000</ele></trkpt>
      <trkpt lat="22.2517990743" lon="114.2149335201"><ele>96.000</ele></trkpt>
      <trkpt lat="22.2518029749" lon="114.2149359756"><ele>96.000</ele></trkpt>
      <trkpt lat="22.2518068937" lon="114.2149383729"><ele>96.000</ele></trkpt>
      <trkpt lat="22.2518136387" lon="114.2149423716"><ele>96.000</ele></trkpt>
      <trkpt lat="22.2518337932" lon="114.2149505456"><ele>97.000</ele></trkpt>
      <trkpt lat="22.2518466247" lon="114.2149550117"><ele>97.000</ele></trkpt>
      <trkpt lat="22.2518509953" lon="114.2149561964"><ele>97.000</ele></trkpt>
      <trkpt lat="22.2518551038" lon="114.2149581863"><ele>97.000</ele></trkpt>
      <trkpt lat="22.2518588328" lon="114.2149609133"><ele>97.000</ele></trkpt>
      <trkpt lat="22.2518620559" lon="114.2149643097"><ele>97.000</ele></trkpt>
      <trkpt lat="22.2518646739" lon="114.2149682491"><ele>97.000</ele></trkpt>
      <trkpt lat="22.2518674356" lon="114.2149755162"><ele>97.000</ele></trkpt>
      <trkpt lat="22.2518681930" lon="114.2149802991"><ele>97.000</ele></trkpt>
      <trkpt lat="22.2518688150" lon="114.2149851014"><ele>97.000</ele></trkpt>
      <trkpt lat="22.2518693016" lon="114.2149899231"><ele>97.000</ele></trkpt>
      <trkpt lat="22.2518696526" lon="114.2149947641"><ele>97.000</ele></trkpt>
      <trkpt lat="22.2518698682" lon="114.2149996051"><ele>97.000</ele></trkpt>
      <trkpt lat="22.2518699484" lon="114.2150044558"><ele>97.000</ele></trkpt>
      <trkpt lat="22.2518699021" lon="114.2150093065"><ele>97.000</ele></trkpt>
      <trkpt lat="22.2518697113" lon="114.2150141474"><ele>97.000</ele></trkpt>
      <trkpt lat="22.2518693941" lon="114.2150189882"><ele>97.000</ele></trkpt>
      <trkpt lat="22.2518689414" lon="114.2150238194"><ele>97.000</ele></trkpt>
      <trkpt lat="22.2518683533" lon="114.2150286214"><ele>97.000</ele></trkpt>
      <trkpt lat="22.2518676297" lon="114.2150334136"><ele>97.000</ele></trkpt>
      <trkpt lat="22.2518667797" lon="114.2150381767"><ele>97.000</ele></trkpt>
      <trkpt lat="22.2518657942" lon="114.2150429107"><ele>97.000</ele></trkpt>
      <trkpt lat="22.2518646824" lon="114.2150476058"><ele>98.000</ele></trkpt>
      <trkpt lat="22.2518633989" lon="114.2150524076"><ele>98.000</ele></trkpt>
      <trkpt lat="22.2518623231" lon="114.2150571222"><ele>98.000</ele></trkpt>
      <trkpt lat="22.2518612022" lon="114.2150618173"><ele>98.000</ele></trkpt>
      <trkpt lat="22.2518600181" lon="114.2150665027"><ele>98.000</ele></trkpt>
      <trkpt lat="22.2518587708" lon="114.2150711687"><ele>98.000</ele></trkpt>
      <trkpt lat="22.2518574693" lon="114.2150758153"><ele>98.000</ele></trkpt>
      <trkpt lat="22.2518561136" lon="114.2150804327"><ele>98.000</ele></trkpt>
      <trkpt lat="22.2518547037" lon="114.2150850404"><ele>98.000</ele></trkpt>
      <trkpt lat="22.2518532306" lon="114.2150896288"><ele>98.000</ele></trkpt>
      <trkpt lat="22.2518517034" lon="114.2150941977"><ele>99.000</ele></trkpt>
      <trkpt lat="22.2518501129" lon="114.2150987374"><ele>99.000</ele></trkpt>
      <trkpt lat="22.2518484773" lon="114.2151032578"><ele>99.000</ele></trkpt>
      <trkpt lat="22.2518467785" lon="114.2151077491"><ele>99.000</ele></trkpt>
      <trkpt lat="22.2518450255" lon="114.2151122209"><ele>99.000</ele></trkpt>
      <trkpt lat="22.2518432183" lon="114.2151166636"><ele>99.000</ele></trkpt>
      <trkpt lat="22.2518413569" lon="114.2151210869"><ele>99.000</ele></trkpt>
      <trkpt lat="22.2518394414" lon="114.2151254810"><ele>99.000</ele></trkpt>
      <trkpt lat="22.2518374717" lon="114.2151298461"><ele>99.000</ele></trkpt>
      <trkpt lat="22.2518336588" lon="114.2151378874"><ele>99.000</ele></trkpt>
      <trkpt lat="22.2518314453" lon="114.2151421069"><ele>98.000</ele></trkpt>
      <trkpt lat="22.2518291325" lon="114.2151462778"><ele>98.000</ele></trkpt>
      <trkpt lat="22.2518267294" lon="114.2151503808"><ele>98.000</ele></trkpt>
      <trkpt lat="22.2518242359" lon="114.2151544256"><ele>98.000</ele></trkpt>
      <trkpt lat="22.2518216522" lon="114.2151584024"><ele>98.000</ele></trkpt>
      <trkpt lat="22.2518189692" lon="114.2151623113"><ele>98.000</ele></trkpt>
      <trkpt lat="22.2518162139" lon="114.2151661426"><ele>98.000</ele></trkpt>
      <trkpt lat="22.2518133594" lon="114.2151699059"><ele>98.000</ele></trkpt>
      <trkpt lat="22.2518104326" lon="114.2151736013"><ele>98.000</ele></trkpt>
      <trkpt lat="22.2518074155" lon="114.2151772094"><ele>98.000</ele></trkpt>
      <trkpt lat="22.2518043171" lon="114.2151807398"><ele>98.000</ele></trkpt>
      <trkpt lat="22.2518011465" lon="114.2151841926"><ele>98.000</ele></trkpt>
      <trkpt lat="22.2517978947" lon="114.2151875581"><ele>98.000</ele></trkpt>
      <trkpt lat="22.2517945706" lon="114.2151908362"><ele>98.000</ele></trkpt>
      <trkpt lat="22.2517911743" lon="114.2151940367"><ele>98.000</ele></trkpt>
      <trkpt lat="22.2517877058" lon="114.2151971402"><ele>93.000</ele></trkpt>
      <trkpt lat="22.2517835780" lon="114.2152006412"><ele>93.000</ele></trkpt>
      <trkpt lat="22.2517800373" lon="114.2152036380"><ele>93.000</ele></trkpt>
      <trkpt lat="22.2517771014" lon="114.2152073140"><ele>93.000</ele></trkpt>
      <trkpt lat="22.2517748879" lon="114.2152115334"><ele>93.000</ele></trkpt>
      <trkpt lat="22.2517734690" lon="114.2152161315"><ele>93.000</ele></trkpt>
      <trkpt lat="22.2517729080" lon="114.2152209334"><ele>93.000</ele></trkpt>
      <trkpt lat="22.2517734394" lon="114.2152269872"><ele>93.000</ele></trkpt>
      <trkpt lat="22.2517730770" lon="114.2152318280"><ele>93.000</ele></trkpt>
      <trkpt lat="22.2517727959" lon="114.2152366689"><ele>93.000</ele></trkpt>
      <trkpt lat="22.2517725961" lon="114.2152415098"><ele>93.000</ele></trkpt>
      <trkpt lat="22.2517724685" lon="114.2152463604"><ele>93.000</ele></trkpt>
      <trkpt lat="22.2517724222" lon="114.2152512111"><ele>93.000</ele></trkpt>
      <trkpt lat="22.2517724481" lon="114.2152560617"><ele>93.000</ele></trkpt>
      <trkpt lat="22.2517725554" lon="114.2152609124"><ele>93.000</ele></trkpt>
      <trkpt lat="22.2517727348" lon="114.2152657631"><ele>93.000</ele></trkpt>
      <trkpt lat="22.2517730046" lon="114.2152706041"><ele>93.000</ele></trkpt>
      <trkpt lat="22.2517733376" lon="114.2152754355"><ele>93.000</ele></trkpt>
      <trkpt lat="22.2517737609" lon="114.2152802668"><ele>93.000</ele></trkpt>
      <trkpt lat="22.2517742564" lon="114.2152850885"><ele>93.000</ele></trkpt>
      <trkpt lat="22.2517748242" lon="114.2152899005"><ele>94.000</ele></trkpt>
      <trkpt lat="22.2517754733" lon="114.2152947028"><ele>94.000</ele></trkpt>
      <trkpt lat="22.2517762758" lon="114.2152999611"><ele>94.000</ele></trkpt>
      <trkpt lat="22.2517745048" lon="114.2153041031"><ele>94.000</ele></trkpt>
      <trkpt lat="22.2517717225" lon="114.2153079247"><ele>94.000</ele></trkpt>
      <trkpt lat="22.2517688498" lon="114.2153116686"><ele>94.000</ele></trkpt>
      <trkpt lat="22.2517658869" lon="114.2153153252"><ele>94.000</ele></trkpt>
      <trkpt lat="22.2517628337" lon="114.2153188944"><ele>94.000</ele></trkpt>
      <trkpt lat="22.2517596902" lon="114.2153223763"><ele>94.000</ele></trkpt>
      <trkpt lat="22.2517564654" lon="114.2153257709"><ele>94.000</ele></trkpt>
      <trkpt lat="22.2517531594" lon="114.2153290781"><ele>94.000</ele></trkpt>
      <trkpt lat="22.2517497722" lon="114.2153322883"><ele>94.000</ele></trkpt>
      <trkpt lat="22.2517463036" lon="114.2153354015"><ele>97.000</ele></trkpt>
      <trkpt lat="22.2517427719" lon="114.2153384079"><ele>97.000</ele></trkpt>
      <trkpt lat="22.2517391590" lon="114.2153413173"><ele>94.000</ele></trkpt>
      <trkpt lat="22.2517354738" lon="114.2153441297"><ele>94.000</ele></trkpt>
      <trkpt lat="22.2517317254" lon="114.2153468354"><ele>94.000</ele></trkpt>
      <trkpt lat="22.2517252946" lon="114.2153511216"><ele>94.000</ele></trkpt>
      <trkpt lat="22.2516927062" lon="114.2153754629"><ele>92.000</ele></trkpt>
      <trkpt lat="22.2516888675" lon="114.2153780133"><ele>92.000</ele></trkpt>
      <trkpt lat="22.2516851553" lon="114.2153807771"><ele>92.000</ele></trkpt>
      <trkpt lat="22.2516815874" lon="114.2153837448"><ele>93.000</ele></trkpt>
      <trkpt lat="22.2516781550" lon="114.2153868967"><ele>93.000</ele></trkpt>
      <trkpt lat="22.2516748852" lon="114.2153902428"><ele>93.000</ele></trkpt>
      <trkpt lat="22.2516717687" lon="114.2153937538"><ele>93.000</ele></trkpt>
      <trkpt lat="22.2516688329" lon="114.2153974395"><ele>93.000</ele></trkpt>
      <trkpt lat="22.2516660776" lon="114.2154012804"><ele>93.000</ele></trkpt>
      <trkpt lat="22.2516635029" lon="114.2154052670"><ele>93.000</ele></trkpt>
      <trkpt lat="22.2516611179" lon="114.2154093797"><ele>93.000</ele></trkpt>
      <trkpt lat="22.2516589405" lon="114.2154136282"><ele>93.000</ele></trkpt>
      <trkpt lat="22.2516569617" lon="114.2154179933"><ele>93.000</ele></trkpt>
      <trkpt lat="22.2516551997" lon="114.2154224554"><ele>93.000</ele></trkpt>
      <trkpt lat="22.2516536453" lon="114.2154270049"><ele>93.000</ele></trkpt>
      <trkpt lat="22.2516523167" lon="114.2154316417"><ele>93.000</ele></trkpt>
      <trkpt lat="22.2516508703" lon="114.2154379860"><ele>93.000</ele></trkpt>
      <trkpt lat="22.2516491083" lon="114.2154424481"><ele>93.000</ele></trkpt>
      <trkpt lat="22.2516473643" lon="114.2154469296"><ele>93.000</ele></trkpt>
      <trkpt lat="22.2516456564" lon="114.2154514111"><ele>93.000</ele></trkpt>
      <trkpt lat="22.2516439666" lon="114.2154559121"><ele>93.000</ele></trkpt>
      <trkpt lat="22.2516423129" lon="114.2154604227"><ele>93.000</ele></trkpt>
      <trkpt lat="22.2516406773" lon="114.2154649528"><ele>93.000</ele></trkpt>
      <trkpt lat="22.2516390778" lon="114.2154694828"><ele>93.000</ele></trkpt>
      <trkpt lat="22.2516375054" lon="114.2154740323"><ele>93.000</ele></trkpt>
      <trkpt lat="22.2516359510" lon="114.2154785818"><ele>93.000</ele></trkpt>
      <trkpt lat="22.2516344328" lon="114.2154831507"><ele>96.000</ele></trkpt>
      <trkpt lat="22.2516329416" lon="114.2154877293"><ele>96.000</ele></trkpt>
      <trkpt lat="22.2516314776" lon="114.2154923176"><ele>96.000</ele></trkpt>
      <trkpt lat="22.2516300316" lon="114.2154969156"><ele>96.000</ele></trkpt>
      <trkpt lat="22.2516286217" lon="114.2155015233"><ele>96.000</ele></trkpt>
      <trkpt lat="22.2516272389" lon="114.2155061408"><ele>96.000</ele></trkpt>
      <trkpt lat="22.2516252867" lon="114.2155128632"><ele>96.000</ele></trkpt>
      <trkpt lat="22.2516239310" lon="114.2155174904"><ele>96.000</ele></trkpt>
      <trkpt lat="22.2516224759" lon="114.2155220884"><ele>96.000</ele></trkpt>
      <trkpt lat="22.2516209216" lon="114.2155266379"><ele>96.000</ele></trkpt>
      <trkpt lat="22.2516192769" lon="114.2155311582"><ele>97.000</ele></trkpt>
      <trkpt lat="22.2516175329" lon="114.2155356300"><ele>97.000</ele></trkpt>
      <trkpt lat="22.2516156896" lon="114.2155400533"><ele>97.000</ele></trkpt>
      <trkpt lat="22.2516137470" lon="114.2155444377"><ele>97.000</ele></trkpt>
      <trkpt lat="22.2516116960" lon="114.2155488222"><ele>97.000</ele></trkpt>
      <trkpt lat="22.2516106202" lon="114.2155534785"><ele>97.000</ele></trkpt>
      <trkpt lat="22.2516075129" lon="114.2155569216"><ele>97.000</ele></trkpt>
      <trkpt lat="22.2516032230" lon="114.2155582204"><ele>97.000</ele></trkpt>
      <trkpt lat="22.2515988976" lon="114.2155570162"><ele>97.000</ele></trkpt>
      <trkpt lat="22.2515956383" lon="114.2155534744"><ele>97.000</ele></trkpt>
      <trkpt lat="22.2515606230" lon="114.2155299876"><ele>97.000</ele></trkpt>
      <trkpt lat="22.2514880654" lon="114.2154761062"><ele>94.000</ele></trkpt>
      <trkpt lat="22.2514537367" lon="114.2154511354"><ele>94.000</ele></trkpt>
      <trkpt lat="22.2514504323" lon="114.2154478360"><ele>94.000</ele></trkpt>
      <trkpt lat="22.2514468297" lon="114.2154449247"><ele>94.000</ele></trkpt>
      <trkpt lat="22.2514429652" lon="114.2154424110"><ele>94.000</ele></trkpt>
      <trkpt lat="22.2514388838" lon="114.2154403338"><ele>94.000</ele></trkpt>
      <trkpt lat="22.2514346308" lon="114.2154387222"><ele>94.000</ele></trkpt>
      <trkpt lat="22.2514302421" lon="114.2154375859"><ele>94.000</ele></trkpt>
      <trkpt lat="22.2514257721" lon="114.2154369347"><ele>92.000</ele></trkpt>
      <trkpt lat="22.2514212568" lon="114.2154367686"><ele>92.000</ele></trkpt>
      <trkpt lat="22.2514157209" lon="114.2154372521"><ele>92.000</ele></trkpt>
      <trkpt lat="22.2514112328" lon="114.2154366688"><ele>92.000</ele></trkpt>
      <trkpt lat="22.2514067356" lon="114.2154363086"><ele>92.000</ele></trkpt>
      <trkpt lat="22.2514022203" lon="114.2154361716"><ele>92.000</ele></trkpt>
      <trkpt lat="22.2513977050" lon="114.2154362576"><ele>92.000</ele></trkpt>
      <trkpt lat="22.2513931986" lon="114.2154365571"><ele>92.000</ele></trkpt>
      <trkpt lat="22.2513887102" lon="114.2154370895"><ele>92.000</ele></trkpt>
      <trkpt lat="22.2513842489" lon="114.2154378450"><ele>92.000</ele></trkpt>
      <trkpt lat="22.2513798327" lon="114.2154388139"><ele>90.000</ele></trkpt>
      <trkpt lat="22.2513754525" lon="114.2154400059"><ele>90.000</ele></trkpt>
      <trkpt lat="22.2513711355" lon="114.2154414114"><ele>90.000</ele></trkpt>
      <trkpt lat="22.2513668726" lon="114.2154430304"><ele>90.000</ele></trkpt>
      <trkpt lat="22.2513588616" lon="114.2154467535"><ele>90.000</ele></trkpt>
      <trkpt lat="22.2513189418" lon="114.2154644182"><ele>88.000</ele></trkpt>
      <trkpt lat="22.2513054122" lon="114.2154712927"><ele>88.000</ele></trkpt>
      <trkpt lat="22.2513018716" lon="114.2154739596"><ele>88.000</ele></trkpt>
      <trkpt lat="22.2512982944" lon="114.2154781787"><ele>88.000</ele></trkpt>
      <trkpt lat="22.2512957651" lon="114.2154811369"><ele>89.000</ele></trkpt>
      <trkpt lat="22.2512931092" lon="114.2154850555"><ele>89.000</ele></trkpt>
      <trkpt lat="22.2512903991" lon="114.2154889352"><ele>88.000</ele></trkpt>
      <trkpt lat="22.2512876438" lon="114.2154927762"><ele>88.000</ele></trkpt>
      <trkpt lat="22.2512848343" lon="114.2154965783"><ele>88.000</ele></trkpt>
      <trkpt lat="22.2512819798" lon="114.2155003319"><ele>88.000</ele></trkpt>
      <trkpt lat="22.2512790710" lon="114.2155040467"><ele>88.000</ele></trkpt>
      <trkpt lat="22.2512761171" lon="114.2155077129"><ele>88.000</ele></trkpt>
      <trkpt lat="22.2512731181" lon="114.2155113404"><ele>88.000</ele></trkpt>
      <trkpt lat="22.2512700739" lon="114.2155149193"><ele>88.000</ele></trkpt>
      <trkpt lat="22.2512669845" lon="114.2155184594"><ele>88.000</ele></trkpt>
      <trkpt lat="22.2512638410" lon="114.2155219413"><ele>88.000</ele></trkpt>
      <trkpt lat="22.2512606614" lon="114.2155253844"><ele>88.000</ele></trkpt>
      <trkpt lat="22.2512574276" lon="114.2155287693"><ele>88.000</ele></trkpt>
      <trkpt lat="22.2512541577" lon="114.2155321153"><ele>88.000</ele></trkpt>
      <trkpt lat="22.2512508427" lon="114.2155354128"><ele>88.000</ele></trkpt>
      <trkpt lat="22.2512474825" lon="114.2155386521"><ele>88.000</ele></trkpt>
      <trkpt lat="22.2512440862" lon="114.2155418429"><ele>86.000</ele></trkpt>
      <trkpt lat="22.2512371853" lon="114.2155480595"><ele>86.000</ele></trkpt>
      <trkpt lat="22.2512335904" lon="114.2155509883"><ele>86.000</ele></trkpt>
      <trkpt lat="22.2512299865" lon="114.2155539074"><ele>86.000</ele></trkpt>
      <trkpt lat="22.2512263825" lon="114.2155568265"><ele>86.000</ele></trkpt>
      <trkpt lat="22.2512227696" lon="114.2155597359"><ele>86.000</ele></trkpt>
      <trkpt lat="22.2512191566" lon="114.2155626453"><ele>86.000</ele></trkpt>
      <trkpt lat="22.2512155346" lon="114.2155655449"><ele>86.000</ele></trkpt>
      <trkpt lat="22.2512119126" lon="114.2155684446"><ele>86.000</ele></trkpt>
      <trkpt lat="22.2512082907" lon="114.2155713443"><ele>86.000</ele></trkpt>
      <trkpt lat="22.2512046596" lon="114.2155742246"><ele>86.000</ele></trkpt>
      <trkpt lat="22.2512010286" lon="114.2155771145"><ele>86.000</ele></trkpt>
      <trkpt lat="22.2511973976" lon="114.2155799948"><ele>86.000</ele></trkpt>
      <trkpt lat="22.2511937576" lon="114.2155828654"><ele>86.000</ele></trkpt>
      <trkpt lat="22.2511901175" lon="114.2155857360"><ele>86.000</ele></trkpt>
      <trkpt lat="22.2511864775" lon="114.2155885968"><ele>86.000</ele></trkpt>
      <trkpt lat="22.2511828284" lon="114.2155914577"><ele>86.000</ele></trkpt>
      <trkpt lat="22.2511791793" lon="114.2155943089"><ele>86.000</ele></trkpt>
      <trkpt lat="22.2511755212" lon="114.2155971600"><ele>86.000</ele></trkpt>
      <trkpt lat="22.2511718631" lon="114.2156000015"><ele>86.000</ele></trkpt>
      <trkpt lat="22.2511682050" lon="114.2156028430"><ele>86.000</ele></trkpt>
      <trkpt lat="22.2511645379" lon="114.2156056747"><ele>86.000</ele></trkpt>
      <trkpt lat="22.2511573030" lon="114.2156112412"><ele>86.000</ele></trkpt>
      <trkpt lat="22.2511414698" lon="114.2156215590"><ele>84.000</ele></trkpt>
      <trkpt lat="22.2511270090" lon="114.2156328764"><ele>86.000</ele></trkpt>
      <trkpt lat="22.2511230530" lon="114.2156352133"><ele>86.000</ele></trkpt>
      <trkpt lat="22.2511192053" lon="114.2156377346"><ele>86.000</ele></trkpt>
      <trkpt lat="22.2511154479" lon="114.2156404402"><ele>86.000</ele></trkpt>
      <trkpt lat="22.2511118079" lon="114.2156433108"><ele>86.000</ele></trkpt>
      <trkpt lat="22.2511082942" lon="114.2156463463"><ele>84.000</ele></trkpt>
      <trkpt lat="22.2511048979" lon="114.2156495468"><ele>84.000</ele></trkpt>
      <trkpt lat="22.2511016371" lon="114.2156529025"><ele>84.000</ele></trkpt>
      <trkpt lat="22.2510985116" lon="114.2156564038"><ele>84.000</ele></trkpt>
      <trkpt lat="22.2510955396" lon="114.2156600506"><ele>84.000</ele></trkpt>
      <trkpt lat="22.2510927031" lon="114.2156638236"><ele>84.000</ele></trkpt>
      <trkpt lat="22.2510900291" lon="114.2156677325"><ele>84.000</ele></trkpt>
      <trkpt lat="22.2510875176" lon="114.2156717675"><ele>84.000</ele></trkpt>
      <trkpt lat="22.2510851687" lon="114.2156759093"><ele>86.000</ele></trkpt>
      <trkpt lat="22.2510829912" lon="114.2156801579"><ele>86.000</ele></trkpt>
      <trkpt lat="22.2510809854" lon="114.2156844938"><ele>86.000</ele></trkpt>
      <trkpt lat="22.2510791511" lon="114.2156889364"><ele>86.000</ele></trkpt>
      <trkpt lat="22.2510774974" lon="114.2156934471"><ele>86.000</ele></trkpt>
      <trkpt lat="22.2510760334" lon="114.2156980354"><ele>86.000</ele></trkpt>
      <trkpt lat="22.2510747589" lon="114.2157026819"><ele>86.000</ele></trkpt>
      <trkpt lat="22.2510736651" lon="114.2157073964"><ele>86.000</ele></trkpt>
      <trkpt lat="22.2510727609" lon="114.2157121401"><ele>86.000</ele></trkpt>
      <trkpt lat="22.2510720553" lon="114.2157169323"><ele>86.000</ele></trkpt>
      <trkpt lat="22.2510715394" lon="114.2157217537"><ele>86.000</ele></trkpt>
      <trkpt lat="22.2510712222" lon="114.2157265945"><ele>86.000</ele></trkpt>
      <trkpt lat="22.2510710946" lon="114.2157314451"><ele>86.000</ele></trkpt>
      <trkpt lat="22.2510711657" lon="114.2157362861"><ele>86.000</ele></trkpt>
      <trkpt lat="22.2510714355" lon="114.2157411270"><ele>86.000</ele></trkpt>
      <trkpt lat="22.2510718949" lon="114.2157459584"><ele>86.000</ele></trkpt>
      <trkpt lat="22.2510725530" lon="114.2157507510"><ele>86.000</ele></trkpt>
      <trkpt lat="22.2510734007" lon="114.2157555145"><ele>86.000</ele></trkpt>
      <trkpt lat="22.2510744381" lon="114.2157602394"><ele>86.000</ele></trkpt>
      <trkpt lat="22.2510767841" lon="114.2157685831"><ele>86.000</ele></trkpt>
      <trkpt lat="22.2510782821" lon="114.2157731625"><ele>84.000</ele></trkpt>
      <trkpt lat="22.2510798072" lon="114.2157777225"><ele>84.000</ele></trkpt>
      <trkpt lat="22.2510813684" lon="114.2157822825"><ele>84.000</ele></trkpt>
      <trkpt lat="22.2510829567" lon="114.2157868231"><ele>84.000</ele></trkpt>
      <trkpt lat="22.2510845721" lon="114.2157913444"><ele>84.000</ele></trkpt>
      <trkpt lat="22.2510862236" lon="114.2157958656"><ele>84.000</ele></trkpt>
      <trkpt lat="22.2510879022" lon="114.2158003675"><ele>84.000</ele></trkpt>
      <trkpt lat="22.2510896170" lon="114.2158048596"><ele>84.000</ele></trkpt>
      <trkpt lat="22.2510913588" lon="114.2158093324"><ele>84.000</ele></trkpt>
      <trkpt lat="22.2510931278" lon="114.2158137954"><ele>84.000</ele></trkpt>
      <trkpt lat="22.2510949238" lon="114.2158182391"><ele>84.000</ele></trkpt>
      <trkpt lat="22.2510967560" lon="114.2158226731"><ele>84.000</ele></trkpt>
      <trkpt lat="22.2510986152" lon="114.2158270974"><ele>84.000</ele></trkpt>
      <trkpt lat="22.2511005016" lon="114.2158315023"><ele>84.000</ele></trkpt>
      <trkpt lat="22.2511024150" lon="114.2158358975"><ele>84.000</ele></trkpt>
      <trkpt lat="22.2511043646" lon="114.2158402733"><ele>84.000</ele></trkpt>
      <trkpt lat="22.2511063413" lon="114.2158446297"><ele>84.000</ele></trkpt>
      <trkpt lat="22.2511083450" lon="114.2158489764"><ele>84.000</ele></trkpt>
      <trkpt lat="22.2511103849" lon="114.2158533134"><ele>86.000</ele></trkpt>
      <trkpt lat="22.2511130476" lon="114.2158588730"><ele>86.000</ele></trkpt>
      <trkpt lat="22.2511303958" lon="114.2158956359"><ele>84.000</ele></trkpt>
      <trkpt lat="22.2511422641" lon="114.2159245004"><ele>84.000</ele></trkpt>
      <trkpt lat="22.2511511537" lon="114.2159481836"><ele>84.000</ele></trkpt>
      <trkpt lat="22.2511547897" lon="114.2159619992"><ele>84.000</ele></trkpt>
      <trkpt lat="22.2511562425" lon="114.2159665883"><ele>84.000</ele></trkpt>
      <trkpt lat="22.2511578760" lon="114.2159711095"><ele>84.000</ele></trkpt>
      <trkpt lat="22.2511597081" lon="114.2159755435"><ele>84.000</ele></trkpt>
      <trkpt lat="22.2511617209" lon="114.2159798903"><ele>84.000</ele></trkpt>
      <trkpt lat="22.2511639144" lon="114.2159841303"><ele>84.000</ele></trkpt>
      <trkpt lat="22.2511662794" lon="114.2159882540"><ele>84.000</ele></trkpt>
      <trkpt lat="22.2511688251" lon="114.2159922613"><ele>84.000</ele></trkpt>
      <trkpt lat="22.2511715334" lon="114.2159961426"><ele>84.000</ele></trkpt>
      <trkpt lat="22.2511744042" lon="114.2159998881"><ele>84.000</ele></trkpt>
      <trkpt lat="22.2511774286" lon="114.2160034881"><ele>84.000</ele></trkpt>
      <trkpt lat="22.2511806066" lon="114.2160069329"><ele>84.000</ele></trkpt>
      <trkpt lat="22.2511839200" lon="114.2160102226"><ele>84.000</ele></trkpt>
      <trkpt lat="22.2511873780" lon="114.2160133473"><ele>84.000</ele></trkpt>
      <trkpt lat="22.2511909535" lon="114.2160163072"><ele>82.000</ele></trkpt>
      <trkpt lat="22.2511946554" lon="114.2160190828"><ele>82.000</ele></trkpt>
      <trkpt lat="22.2511984747" lon="114.2160216741"><ele>82.000</ele></trkpt>
      <trkpt lat="22.2512023934" lon="114.2160240811"><ele>84.000</ele></trkpt>
      <trkpt lat="22.2512064116" lon="114.2160262941"><ele>84.000</ele></trkpt>
      <trkpt lat="22.2512105200" lon="114.2160283131"><ele>84.000</ele></trkpt>
      <trkpt lat="22.2512153961" lon="114.2160304003"><ele>84.000</ele></trkpt>
      <trkpt lat="22.2512196672" lon="114.2160319730"><ele>84.000</ele></trkpt>
      <trkpt lat="22.2512239654" lon="114.2160334585"><ele>84.000</ele></trkpt>
      <trkpt lat="22.2512282998" lon="114.2160348276"><ele>84.000</ele></trkpt>
      <trkpt lat="22.2512326523" lon="114.2160360997"><ele>84.000</ele></trkpt>
      <trkpt lat="22.2512370409" lon="114.2160372651"><ele>84.000</ele></trkpt>
      <trkpt lat="22.2512414386" lon="114.2160383334"><ele>84.000</ele></trkpt>
      <trkpt lat="22.2512458724" lon="114.2160392951"><ele>86.000</ele></trkpt>
      <trkpt lat="22.2512503153" lon="114.2160401500"><ele>86.000</ele></trkpt>
      <trkpt lat="22.2512547763" lon="114.2160408983"><ele>86.000</ele></trkpt>
      <trkpt lat="22.2512592463" lon="114.2160415398"><ele>86.000</ele></trkpt>
      <trkpt lat="22.2512637344" lon="114.2160420746"><ele>86.000</ele></trkpt>
      <trkpt lat="22.2512682316" lon="114.2160425124"><ele>86.000</ele></trkpt>
      <trkpt lat="22.2512729004" lon="114.2160428436"><ele>86.000</ele></trkpt>
      <trkpt lat="22.2512773704" lon="114.2160435433"><ele>86.000</ele></trkpt>
      <trkpt lat="22.2512818495" lon="114.2160441363"><ele>86.000</ele></trkpt>
      <trkpt lat="22.2512863466" lon="114.2160446032"><ele>86.000</ele></trkpt>
      <trkpt lat="22.2512908438" lon="114.2160449440"><ele>86.000</ele></trkpt>
      <trkpt lat="22.2512953591" lon="114.2160451684"><ele>87.000</ele></trkpt>
      <trkpt lat="22.2512998744" lon="114.2160452764"><ele>87.000</ele></trkpt>
      <trkpt lat="22.2513088780" lon="114.2160451334"><ele>87.000</ele></trkpt>
      <trkpt lat="22.2513133842" lon="114.2160454936"><ele>87.000</ele></trkpt>
      <trkpt lat="22.2513178000" lon="114.2160464552"><ele>87.000</ele></trkpt>
      <trkpt lat="22.2513220711" lon="114.2160480086"><ele>87.000</ele></trkpt>
      <trkpt lat="22.2513261344" lon="114.2160501343"><ele>87.000</ele></trkpt>
      <trkpt lat="22.2513298996" lon="114.2160528032"><ele>87.000</ele></trkpt>
      <trkpt lat="22.2513333304" lon="114.2160559474"><ele>87.000</ele></trkpt>
      <trkpt lat="22.2513363549" lon="114.2160595474"><ele>88.000</ele></trkpt>
      <trkpt lat="22.2513389367" lon="114.2160635160"><ele>86.000</ele></trkpt>
      <trkpt lat="22.2513410307" lon="114.2160678142"><ele>86.000</ele></trkpt>
      <trkpt lat="22.2513426010" lon="114.2160723646"><ele>86.000</ele></trkpt>
      <trkpt lat="22.2513436203" lon="114.2160770797"><ele>86.000</ele></trkpt>
      <trkpt lat="22.2513441065" lon="114.2160831625"><ele>86.000</ele></trkpt>
      <trkpt lat="22.2513435725" lon="114.2160879839"><ele>86.000</ele></trkpt>
      <trkpt lat="22.2513428399" lon="114.2160927664"><ele>86.000</ele></trkpt>
      <trkpt lat="22.2513418995" lon="114.2160975101"><ele>86.000</ele></trkpt>
      <trkpt lat="22.2513407515" lon="114.2161022051"><ele>86.000</ele></trkpt>
      <trkpt lat="22.2513393958" lon="114.2161068323"><ele>86.000</ele></trkpt>
      <trkpt lat="22.2513378414" lon="114.2161113817"><ele>84.000</ele></trkpt>
      <trkpt lat="22.2513360884" lon="114.2161158535"><ele>84.000</ele></trkpt>
      <trkpt lat="22.2513341457" lon="114.2161202283"><ele>84.000</ele></trkpt>
      <trkpt lat="22.2513320044" lon="114.2161245059"><ele>84.000</ele></trkpt>
      <trkpt lat="22.2513296916" lon="114.2161286671"><ele>84.000</ele></trkpt>
      <trkpt lat="22.2513258973" lon="114.2161346420"><ele>84.000</ele></trkpt>
      <trkpt lat="22.2513237289" lon="114.2161389003"><ele>84.000</ele></trkpt>
      <trkpt lat="22.2513215244" lon="114.2161431294"><ele>84.000</ele></trkpt>
      <trkpt lat="22.2513192657" lon="114.2161473391"><ele>84.000</ele></trkpt>
      <trkpt lat="22.2513169709" lon="114.2161515101"><ele>84.000</ele></trkpt>
      <trkpt lat="22.2513146400" lon="114.2161556616"><ele>84.000</ele></trkpt>
      <trkpt lat="22.2513122549" lon="114.2161597839"><ele>84.000</ele></trkpt>
      <trkpt lat="22.2513098337" lon="114.2161638772"><ele>84.000</ele></trkpt>
      <trkpt lat="22.2513073673" lon="114.2161679413"><ele>84.000</ele></trkpt>
      <trkpt lat="22.2513048648" lon="114.2161719763"><ele>84.000</ele></trkpt>
      <trkpt lat="22.2513023172" lon="114.2161759823"><ele>84.000</ele></trkpt>
      <trkpt lat="22.2512997335" lon="114.2161799591"><ele>84.000</ele></trkpt>
      <trkpt lat="22.2512971046" lon="114.2161839067"><ele>84.000</ele></trkpt>
      <trkpt lat="22.2512944396" lon="114.2161878156"><ele>84.000</ele></trkpt>
      <trkpt lat="22.2512917295" lon="114.2161917051"><ele>84.000</ele></trkpt>
      <trkpt lat="22.2512889832" lon="114.2161955557"><ele>82.000</ele></trkpt>
      <trkpt lat="22.2512861918" lon="114.2161993675"><ele>82.000</ele></trkpt>
      <trkpt lat="22.2512833733" lon="114.2162031502"><ele>82.000</ele></trkpt>
      <trkpt lat="22.2512805097" lon="114.2162069038"><ele>82.000</ele></trkpt>
      <trkpt lat="22.2512776009" lon="114.2162106186"><ele>81.000</ele></trkpt>
      <trkpt lat="22.2512746650" lon="114.2162143042"><ele>81.000</ele></trkpt>
      <trkpt lat="22.2512709523" lon="114.2162188337"><ele>81.000</ele></trkpt>
      <trkpt lat="22.2512495786" lon="114.2162486106"><ele>81.000</ele></trkpt>
      <trkpt lat="22.2512387740" lon="114.2162646147"><ele>78.000</ele></trkpt>
      <trkpt lat="22.2512361812" lon="114.2162685818"><ele>78.000</ele></trkpt>
      <trkpt lat="22.2512337781" lon="114.2162726847"><ele>78.000</ele></trkpt>
      <trkpt lat="22.2512315555" lon="114.2162769138"><ele>78.000</ele></trkpt>
      <trkpt lat="22.2512295316" lon="114.2162812497"><ele>78.000</ele></trkpt>
      <trkpt lat="22.2512277154" lon="114.2162856827"><ele>78.000</ele></trkpt>
      <trkpt lat="22.2512260978" lon="114.2162902127"><ele>78.000</ele></trkpt>
      <trkpt lat="22.2512246969" lon="114.2162948204"><ele>78.000</ele></trkpt>
      <trkpt lat="22.2512235037" lon="114.2162995058"><ele>78.000</ele></trkpt>
      <trkpt lat="22.2512225363" lon="114.2163042398"><ele>78.000</ele></trkpt>
      <trkpt lat="22.2512217765" lon="114.2163090223"><ele>78.000</ele></trkpt>
      <trkpt lat="22.2512212426" lon="114.2163138339"><ele>78.000</ele></trkpt>
      <trkpt lat="22.2512209253" lon="114.2163186748"><ele>78.000</ele></trkpt>
      <trkpt lat="22.2512208338" lon="114.2163235254"><ele>78.000</ele></trkpt>
      <trkpt lat="22.2512209681" lon="114.2163283761"><ele>78.000</ele></trkpt>
      <trkpt lat="22.2512213282" lon="114.2163332074"><ele>78.000</ele></trkpt>
      <trkpt lat="22.2512219049" lon="114.2163380194"><ele>78.000</ele></trkpt>
      <trkpt lat="22.2512226985" lon="114.2163427926"><ele>78.000</ele></trkpt>
      <trkpt lat="22.2512237178" lon="114.2163475174"><ele>78.000</ele></trkpt>
      <trkpt lat="22.2512249448" lon="114.2163521841"><ele>78.000</ele></trkpt>
      <trkpt lat="22.2512263886" lon="114.2163567829"><ele>78.000</ele></trkpt>
      <trkpt lat="22.2512280401" lon="114.2163612944"><ele>78.000</ele></trkpt>
      <trkpt lat="22.2512298994" lon="114.2163657090"><ele>78.000</ele></trkpt>
      <trkpt lat="22.2512319573" lon="114.2163700267"><ele>78.000</ele></trkpt>
      <trkpt lat="22.2512342140" lon="114.2163742279"><ele>78.000</ele></trkpt>
      <trkpt lat="22.2512366603" lon="114.2163783129"><ele>78.000</ele></trkpt>
      <trkpt lat="22.2512392873" lon="114.2163822523"><ele>78.000</ele></trkpt>
      <trkpt lat="22.2512420949" lon="114.2163860463"><ele>78.000</ele></trkpt>
      <trkpt lat="22.2512450741" lon="114.2163896948"><ele>78.000</ele></trkpt>
      <trkpt lat="22.2512495250" lon="114.2163945370"><ele>78.000</ele></trkpt>
      <trkpt lat="22.2512531908" lon="114.2163973708"><ele>78.000</ele></trkpt>
      <trkpt lat="22.2512569017" lon="114.2164001367"><ele>78.000</ele></trkpt>
      <trkpt lat="22.2512606488" lon="114.2164028444"><ele>78.000</ele></trkpt>
      <trkpt lat="22.2512644320" lon="114.2164054842"><ele>78.000</ele></trkpt>
      <trkpt lat="22.2512682604" lon="114.2164080561"><ele>78.000</ele></trkpt>
      <trkpt lat="22.2512721249" lon="114.2164105698"><ele>78.000</ele></trkpt>
      <trkpt lat="22.2512760256" lon="114.2164130157"><ele>78.000</ele></trkpt>
      <trkpt lat="22.2512799624" lon="114.2164153839"><ele>78.000</ele></trkpt>
      <trkpt lat="22.2512839353" lon="114.2164176939"><ele>78.000</ele></trkpt>
      <trkpt lat="22.2512879444" lon="114.2164199360"><ele>78.000</ele></trkpt>
      <trkpt lat="22.2512919805" lon="114.2164221005"><ele>78.000</ele></trkpt>
      <trkpt lat="22.2512960529" lon="114.2164242068"><ele>78.000</ele></trkpt>
      <trkpt lat="22.2513001523" lon="114.2164262356"><ele>78.000</ele></trkpt>
      <trkpt lat="22.2513042788" lon="114.2164281964"><ele>78.000</ele></trkpt>
      <trkpt lat="22.2513084415" lon="114.2164300796"><ele>78.000</ele></trkpt>
      <trkpt lat="22.2513126223" lon="114.2164318949"><ele>78.000</ele></trkpt>
      <trkpt lat="22.2513168392" lon="114.2164336423"><ele>78.000</ele></trkpt>
      <trkpt lat="22.2513210741" lon="114.2164353121"><ele>78.000</ele></trkpt>
      <trkpt lat="22.2513253362" lon="114.2164369140"><ele>78.000</ele></trkpt>
      <trkpt lat="22.2513296254" lon="114.2164384383"><ele>78.000</ele></trkpt>
      <trkpt lat="22.2513339327" lon="114.2164398947"><ele>78.000</ele></trkpt>
      <trkpt lat="22.2513382671" lon="114.2164412735"><ele>79.000</ele></trkpt>
      <trkpt lat="22.2513426105" lon="114.2164425747"><ele>79.000</ele></trkpt>
      <trkpt lat="22.2513469810" lon="114.2164438080"><ele>79.000</ele></trkpt>
      <trkpt lat="22.2513513697" lon="114.2164449540"><ele>79.000</ele></trkpt>
      <trkpt lat="22.2513589821" lon="114.2164467703"><ele>79.000</ele></trkpt>
      <trkpt lat="22.2513633978" lon="114.2164477611"><ele>79.000</ele></trkpt>
      <trkpt lat="22.2513678317" lon="114.2164487033"><ele>79.000</ele></trkpt>
      <trkpt lat="22.2513722655" lon="114.2164495971"><ele>79.000</ele></trkpt>
      <trkpt lat="22.2513767174" lon="114.2164504424"><ele>79.000</ele></trkpt>
      <trkpt lat="22.2513811693" lon="114.2164512294"><ele>77.000</ele></trkpt>
      <trkpt lat="22.2513856303" lon="114.2164519680"><ele>77.000</ele></trkpt>
      <trkpt lat="22.2513901003" lon="114.2164526580"><ele>77.000</ele></trkpt>
      <trkpt lat="22.2513945794" lon="114.2164532996"><ele>77.000</ele></trkpt>
      <trkpt lat="22.2513990585" lon="114.2164538829"><ele>77.000</ele></trkpt>
      <trkpt lat="22.2514035466" lon="114.2164544177"><ele>77.000</ele></trkpt>
      <trkpt lat="22.2514080437" lon="114.2164549041"><ele>77.000</ele></trkpt>
      <trkpt lat="22.2514125409" lon="114.2164553419"><ele>77.000</ele></trkpt>
      <trkpt lat="22.2514170381" lon="114.2164557215"><ele>77.000</ele></trkpt>
      <trkpt lat="22.2514215443" lon="114.2164560526"><ele>77.000</ele></trkpt>
      <trkpt lat="22.2514260505" lon="114.2164563352"><ele>77.000</ele></trkpt>
      <trkpt lat="22.2514305658" lon="114.2164565596"><ele>78.000</ele></trkpt>
      <trkpt lat="22.2514366614" lon="114.2164567942"><ele>78.000</ele></trkpt>
      <trkpt lat="22.2514439941" lon="114.2164577954"><ele>78.000</ele></trkpt>
      <trkpt lat="22.2514483374" lon="114.2164597757"><ele>78.000</ele></trkpt>
      <trkpt lat="22.2514522288" lon="114.2164629879"><ele>78.000</ele></trkpt>
      <trkpt lat="22.2514568064" lon="114.2164669377"><ele>78.000</ele></trkpt>
      <trkpt lat="22.2514686862" lon="114.2164854511"><ele>78.000</ele></trkpt>
      <trkpt lat="22.2515267111" lon="114.2165846630"><ele>76.000</ele></trkpt>
      <trkpt lat="22.2515286607" lon="114.2165890388"><ele>76.000</ele></trkpt>
      <trkpt lat="22.2515307367" lon="114.2165933468"><ele>76.000</ele></trkpt>
      <trkpt lat="22.2515329482" lon="114.2165975772"><ele>74.000</ele></trkpt>
      <trkpt lat="22.2515352771" lon="114.2166017300"><ele>74.000</ele></trkpt>
      <trkpt lat="22.2515377324" lon="114.2166057955"><ele>74.000</ele></trkpt>
      <trkpt lat="22.2515403052" lon="114.2166097835"><ele>74.000</ele></trkpt>
      <trkpt lat="22.2515430044" lon="114.2166136745"><ele>74.000</ele></trkpt>
      <trkpt lat="22.2515458120" lon="114.2166174684"><ele>74.000</ele></trkpt>
      <trkpt lat="22.2515487370" lon="114.2166211655"><ele>74.000</ele></trkpt>
      <trkpt lat="22.2515517614" lon="114.2166247655"><ele>74.000</ele></trkpt>
      <trkpt lat="22.2515549032" lon="114.2166282491"><ele>74.000</ele></trkpt>
      <trkpt lat="22.2515581444" lon="114.2166316261"><ele>74.000</ele></trkpt>
      <trkpt lat="22.2515614850" lon="114.2166348964"><ele>74.000</ele></trkpt>
      <trkpt lat="22.2515649159" lon="114.2166380406"><ele>76.000</ele></trkpt>
      <trkpt lat="22.2515684461" lon="114.2166410684"><ele>76.000</ele></trkpt>
      <trkpt lat="22.2515720667" lon="114.2166439701"><ele>76.000</ele></trkpt>
      <trkpt lat="22.2515757686" lon="114.2166467457"><ele>74.000</ele></trkpt>
      <trkpt lat="22.2515795518" lon="114.2166493855"><ele>74.000</ele></trkpt>
      <trkpt lat="22.2515834163" lon="114.2166518992"><ele>74.000</ele></trkpt>
      <trkpt lat="22.2515873441" lon="114.2166542869"><ele>74.000</ele></trkpt>
      <trkpt lat="22.2515913531" lon="114.2166565193"><ele>74.000</ele></trkpt>
      <trkpt lat="22.2515954254" lon="114.2166586256"><ele>74.000</ele></trkpt>
      <trkpt lat="22.2515995520" lon="114.2166605865"><ele>74.000</ele></trkpt>
      <trkpt lat="22.2516037418" lon="114.2166624018"><ele>74.000</ele></trkpt>
      <trkpt lat="22.2516079767" lon="114.2166640716"><ele>74.000</ele></trkpt>
      <trkpt lat="22.2516122659" lon="114.2166655959"><ele>74.000</ele></trkpt>
      <trkpt lat="22.2516165913" lon="114.2166669650"><ele>74.000</ele></trkpt>
      <trkpt lat="22.2516209618" lon="114.2166681886"><ele>74.000</ele></trkpt>
      <trkpt lat="22.2516253685" lon="114.2166692570"><ele>74.000</ele></trkpt>
      <trkpt lat="22.2516298024" lon="114.2166701799"><ele>74.000</ele></trkpt>
      <trkpt lat="22.2516342633" lon="114.2166709378"><ele>74.000</ele></trkpt>
      <trkpt lat="22.2516387424" lon="114.2166715503"><ele>74.000</ele></trkpt>
      <trkpt lat="22.2516432395" lon="114.2166720075"><ele>74.000</ele></trkpt>
      <trkpt lat="22.2516477458" lon="114.2166722998"><ele>74.000</ele></trkpt>
      <trkpt lat="22.2516522520" lon="114.2166724466"><ele>76.000</ele></trkpt>
      <trkpt lat="22.2516567674" lon="114.2166724285"><ele>76.000</ele></trkpt>
      <trkpt lat="22.2516612828" lon="114.2166722552"><ele>76.000</ele></trkpt>
      <trkpt lat="22.2516657891" lon="114.2166719363"><ele>76.000</ele></trkpt>
      <trkpt lat="22.2516702775" lon="114.2166714525"><ele>76.000</ele></trkpt>
      <trkpt lat="22.2516747569" lon="114.2166708135"><ele>76.000</ele></trkpt>
      <trkpt lat="22.2516792092" lon="114.2166700192"><ele>76.000</ele></trkpt>
      <trkpt lat="22.2516836435" lon="114.2166690795"><ele>76.000</ele></trkpt>
      <trkpt lat="22.2516880327" lon="114.2166679748"><ele>76.000</ele></trkpt>
      <trkpt lat="22.2516924038" lon="114.2166667245"><ele>76.000</ele></trkpt>
      <trkpt lat="22.2516993670" lon="114.2166643885"><ele>76.000</ele></trkpt>
      <trkpt lat="22.2517037111" lon="114.2166630412"><ele>76.000</ele></trkpt>
      <trkpt lat="22.2517080281" lon="114.2166616164"><ele>76.000</ele></trkpt>
      <trkpt lat="22.2517123180" lon="114.2166601139"><ele>76.000</ele></trkpt>
      <trkpt lat="22.2517165809" lon="114.2166585241"><ele>76.000</ele></trkpt>
      <trkpt lat="22.2517208257" lon="114.2166568567"><ele>76.000</ele></trkpt>
      <trkpt lat="22.2517285026" lon="114.2166535992"><ele>76.000</ele></trkpt>
      <trkpt lat="22.2517328286" lon="114.2166522325"><ele>76.000</ele></trkpt>
      <trkpt lat="22.2517372088" lon="114.2166510308"><ele>76.000</ele></trkpt>
      <trkpt lat="22.2517416160" lon="114.2166499746"><ele>76.000</ele></trkpt>
      <trkpt lat="22.2517460503" lon="114.2166490736"><ele>74.000</ele></trkpt>
      <trkpt lat="22.2517505116" lon="114.2166483376"><ele>74.000</ele></trkpt>
      <trkpt lat="22.2517550994" lon="114.2166477374"><ele>74.000</ele></trkpt>
      <trkpt lat="22.2517638044" lon="114.2166497286"><ele>74.000</ele></trkpt>
      <trkpt lat="22.2517686081" lon="114.2166522038"><ele>74.000</ele></trkpt>
      <trkpt lat="22.2517708920" lon="114.2166559104"><ele>74.000</ele></trkpt>
      <trkpt lat="22.2517688231" lon="114.2166593538"><ele>74.000</ele></trkpt>
      <trkpt lat="22.2517658420" lon="114.2166632916"><ele>74.000</ele></trkpt>
      <trkpt lat="22.2517625992" lon="114.2166666668"><ele>74.000</ele></trkpt>
      <trkpt lat="22.2517593112" lon="114.2166699934"><ele>74.000</ele></trkpt>
      <trkpt lat="22.2517559600" lon="114.2166732424"><ele>74.000</ele></trkpt>
      <trkpt lat="22.2517525547" lon="114.2166764331"><ele>74.000</ele></trkpt>
      <trkpt lat="22.2517491042" lon="114.2166795560"><ele>74.000</ele></trkpt>
      <trkpt lat="22.2517455905" lon="114.2166826109"><ele>74.000</ele></trkpt>
      <trkpt lat="22.2517420317" lon="114.2166855882"><ele>76.000</ele></trkpt>
      <trkpt lat="22.2517384278" lon="114.2166885073"><ele>76.000</ele></trkpt>
      <trkpt lat="22.2517347697" lon="114.2166913487"><ele>76.000</ele></trkpt>
      <trkpt lat="22.2517310664" lon="114.2166941222"><ele>73.000</ele></trkpt>
      <trkpt lat="22.2517273090" lon="114.2166968278"><ele>73.000</ele></trkpt>
      <trkpt lat="22.2517235155" lon="114.2166994558"><ele>73.000</ele></trkpt>
      <trkpt lat="22.2517196768" lon="114.2167020062"><ele>73.000</ele></trkpt>
      <trkpt lat="22.2517157930" lon="114.2167044886"><ele>73.000</ele></trkpt>
      <trkpt lat="22.2517118731" lon="114.2167068837"><ele>73.000</ele></trkpt>
      <trkpt lat="22.2517079081" lon="114.2167092109"><ele>73.000</ele></trkpt>
      <trkpt lat="22.2517039069" lon="114.2167114605"><ele>73.000</ele></trkpt>
      <trkpt lat="22.2516998697" lon="114.2167136324"><ele>73.000</ele></trkpt>
      <trkpt lat="22.2516957963" lon="114.2167157267"><ele>74.000</ele></trkpt>
      <trkpt lat="22.2516916869" lon="114.2167177337"><ele>74.000</ele></trkpt>
      <trkpt lat="22.2516875504" lon="114.2167196631"><ele>74.000</ele></trkpt>
      <trkpt lat="22.2516833778" lon="114.2167215149"><ele>74.000</ele></trkpt>
      <trkpt lat="22.2516791690" lon="114.2167232890"><ele>74.000</ele></trkpt>
      <trkpt lat="22.2516749423" lon="114.2167249758"><ele>74.000</ele></trkpt>
      <trkpt lat="22.2516706794" lon="114.2167265851"><ele>74.000</ele></trkpt>
      <trkpt lat="22.2516663895" lon="114.2167281070"><ele>74.000</ele></trkpt>
      <trkpt lat="22.2516620815" lon="114.2167295415"><ele>74.000</ele></trkpt>
      <trkpt lat="22.2516577464" lon="114.2167308985"><ele>74.000</ele></trkpt>
      <trkpt lat="22.2516533843" lon="114.2167321681"><ele>74.000</ele></trkpt>
      <trkpt lat="22.2516490041" lon="114.2167333504"><ele>73.000</ele></trkpt>
      <trkpt lat="22.2516446059" lon="114.2167344551"><ele>73.000</ele></trkpt>
      <trkpt lat="22.2516401897" lon="114.2167354628"><ele>73.000</ele></trkpt>
      <trkpt lat="22.2516357644" lon="114.2167363929"><ele>73.000</ele></trkpt>
      <trkpt lat="22.2516313121" lon="114.2167372356"><ele>73.000</ele></trkpt>
      <trkpt lat="22.2516256587" lon="114.2167381847"><ele>73.000</ele></trkpt>
      <trkpt lat="22.2516212337" lon="114.2167380283"><ele>73.000</ele></trkpt>
      <trkpt lat="22.2516177561" lon="114.2167409571"><ele>73.000</ele></trkpt>
      <trkpt lat="22.2516168429" lon="114.2167456037"><ele>70.000</ele></trkpt>
      <trkpt lat="22.2516194426" lon="114.2167502514"><ele>70.000</ele></trkpt>
      <trkpt lat="22.2516308820" lon="114.2167601305"><ele>70.000</ele></trkpt>
      <trkpt lat="22.2516337800" lon="114.2167638567"><ele>70.000</ele></trkpt>
      <trkpt lat="22.2516366418" lon="114.2167676022"><ele>70.000</ele></trkpt>
      <trkpt lat="22.2516394765" lon="114.2167713768"><ele>70.000</ele></trkpt>
      <trkpt lat="22.2516422750" lon="114.2167751805"><ele>70.000</ele></trkpt>
      <trkpt lat="22.2516450465" lon="114.2167790133"><ele>70.000</ele></trkpt>
      <trkpt lat="22.2516477818" lon="114.2167828752"><ele>70.000</ele></trkpt>
      <trkpt lat="22.2516504901" lon="114.2167867565"><ele>70.000</ele></trkpt>
      <trkpt lat="22.2516531622" lon="114.2167906668"><ele>65.000</ele></trkpt>
      <trkpt lat="22.2516557982" lon="114.2167946063"><ele>65.000</ele></trkpt>
      <trkpt lat="22.2516583981" lon="114.2167985652"><ele>65.000</ele></trkpt>
      <trkpt lat="22.2516609708" lon="114.2168025531"><ele>65.000</ele></trkpt>
      <trkpt lat="22.2516635074" lon="114.2168065702"><ele>65.000</ele></trkpt>
      <trkpt lat="22.2516660170" lon="114.2168106066"><ele>65.000</ele></trkpt>
      <trkpt lat="22.2516684904" lon="114.2168146625"><ele>65.000</ele></trkpt>
      <trkpt lat="22.2516709186" lon="114.2168187474"><ele>65.000</ele></trkpt>
      <trkpt lat="22.2516733288" lon="114.2168228517"><ele>65.000</ele></trkpt>
      <trkpt lat="22.2516756938" lon="114.2168269852"><ele>65.000</ele></trkpt>
      <trkpt lat="22.2516780227" lon="114.2168311380"><ele>65.000</ele></trkpt>
      <trkpt lat="22.2516818410" lon="114.2168381240"><ele>65.000</ele></trkpt>
      <trkpt lat="22.2516830951" lon="114.2168427907"><ele>64.000</ele></trkpt>
      <trkpt lat="22.2516845118" lon="114.2168473895"><ele>64.000</ele></trkpt>
      <trkpt lat="22.2516860910" lon="114.2168519399"><ele>64.000</ele></trkpt>
      <trkpt lat="22.2516878148" lon="114.2168564126"><ele>64.000</ele></trkpt>
      <trkpt lat="22.2516897101" lon="114.2168608273"><ele>64.000</ele></trkpt>
      <trkpt lat="22.2516917500" lon="114.2168651546"><ele>64.000</ele></trkpt>
      <trkpt lat="22.2516939344" lon="114.2168693947"><ele>64.000</ele></trkpt>
      <trkpt lat="22.2516962723" lon="114.2168735475"><ele>64.000</ele></trkpt>
      <trkpt lat="22.2516987457" lon="114.2168776034"><ele>64.000</ele></trkpt>
      <trkpt lat="22.2517013636" lon="114.2168815525"><ele>64.000</ele></trkpt>
      <trkpt lat="22.2517041170" lon="114.2168853950"><ele>64.000</ele></trkpt>
      <trkpt lat="22.2517070059" lon="114.2168891212"><ele>65.000</ele></trkpt>
      <trkpt lat="22.2517100213" lon="114.2168927406"><ele>65.000</ele></trkpt>
      <trkpt lat="22.2517131540" lon="114.2168962242"><ele>65.000</ele></trkpt>
      <trkpt lat="22.2517197629" lon="114.2169027842"><ele>65.000</ele></trkpt>
      <trkpt lat="22.2517241044" lon="114.2169119144"><ele>65.000</ele></trkpt>
      <trkpt lat="22.2517272462" lon="114.2169153980"><ele>65.000</ele></trkpt>
      <trkpt lat="22.2517302164" lon="114.2169190466"><ele>65.000</ele></trkpt>
      <trkpt lat="22.2517330059" lon="114.2169228600"><ele>65.000</ele></trkpt>
      <trkpt lat="22.2517356058" lon="114.2169268285"><ele>65.000</ele></trkpt>
      <trkpt lat="22.2517380159" lon="114.2169309232"><ele>65.000</ele></trkpt>
      <trkpt lat="22.2517402274" lon="114.2169351536"><ele>65.000</ele></trkpt>
      <trkpt lat="22.2517422311" lon="114.2169395003"><ele>66.000</ele></trkpt>
      <trkpt lat="22.2517440181" lon="114.2169439537"><ele>66.000</ele></trkpt>
      <trkpt lat="22.2517455974" lon="114.2169485041"><ele>66.000</ele></trkpt>
      <trkpt lat="22.2517469508" lon="114.2169531320"><ele>66.000</ele></trkpt>
      <trkpt lat="22.2517487549" lon="114.2169612622"><ele>66.000</ele></trkpt>
      <trkpt lat="22.2517498284" lon="114.2169659773"><ele>66.000</ele></trkpt>
      <trkpt lat="22.2517508748" lon="114.2169706925"><ele>66.000</ele></trkpt>
      <trkpt lat="22.2517518761" lon="114.2169754270"><ele>66.000</ele></trkpt>
      <trkpt lat="22.2517528412" lon="114.2169801615"><ele>66.000</ele></trkpt>
      <trkpt lat="22.2517537702" lon="114.2169849154"><ele>68.000</ele></trkpt>
      <trkpt lat="22.2517546630" lon="114.2169896693"><ele>68.000</ele></trkpt>
      <trkpt lat="22.2517555107" lon="114.2169944329"><ele>68.000</ele></trkpt>
      <trkpt lat="22.2517563313" lon="114.2169991964"><ele>68.000</ele></trkpt>
      <trkpt lat="22.2517571158" lon="114.2170039794"><ele>68.000</ele></trkpt>
      <trkpt lat="22.2517578552" lon="114.2170087623"><ele>68.000</ele></trkpt>
      <trkpt lat="22.2517585674" lon="114.2170135550"><ele>68.000</ele></trkpt>
      <trkpt lat="22.2517592345" lon="114.2170183476"><ele>68.000</ele></trkpt>
      <trkpt lat="22.2517598654" lon="114.2170231499"><ele>68.000</ele></trkpt>
      <trkpt lat="22.2517604603" lon="114.2170279619"><ele>68.000</ele></trkpt>
      <trkpt lat="22.2517610190" lon="114.2170327740"><ele>68.000</ele></trkpt>
      <trkpt lat="22.2517615325" lon="114.2170375956"><ele>68.000</ele></trkpt>
      <trkpt lat="22.2517620190" lon="114.2170424173"><ele>68.000</ele></trkpt>
      <trkpt lat="22.2517624603" lon="114.2170472390"><ele>68.000</ele></trkpt>
      <trkpt lat="22.2517628655" lon="114.2170520704"><ele>68.000</ele></trkpt>
      <trkpt lat="22.2517632346" lon="114.2170569114"><ele>68.000</ele></trkpt>
      <trkpt lat="22.2517635675" lon="114.2170617428"><ele>68.000</ele></trkpt>
      <trkpt lat="22.2517638643" lon="114.2170665838"><ele>68.000</ele></trkpt>
      <trkpt lat="22.2517641250" lon="114.2170714248"><ele>68.000</ele></trkpt>
      <trkpt lat="22.2517643495" lon="114.2170764114"><ele>68.000</ele></trkpt>
      <trkpt lat="22.2517645470" lon="114.2170812524"><ele>68.000</ele></trkpt>
      <trkpt lat="22.2517650064" lon="114.2170860740"><ele>68.000</ele></trkpt>
      <trkpt lat="22.2517657276" lon="114.2170908667"><ele>68.000</ele></trkpt>
      <trkpt lat="22.2517666927" lon="114.2170956012"><ele>68.000</ele></trkpt>
      <trkpt lat="22.2517679107" lon="114.2171002776"><ele>68.000</ele></trkpt>
      <trkpt lat="22.2517693816" lon="114.2171048570"><ele>68.000</ele></trkpt>
      <trkpt lat="22.2517710873" lon="114.2171093492"><ele>68.000</ele></trkpt>
      <trkpt lat="22.2517730278" lon="114.2171137250"><ele>68.000</ele></trkpt>
      <trkpt lat="22.2517759523" lon="114.2171193235"><ele>68.000</ele></trkpt>
      <trkpt lat="22.2517848616" lon="114.2171356049"><ele>68.000</ele></trkpt>
      <trkpt lat="22.2518209507" lon="114.2171978005"><ele>68.000</ele></trkpt>
      <trkpt lat="22.2518246064" lon="114.2172047089"><ele>68.000</ele></trkpt>
      <trkpt lat="22.2518268797" lon="114.2172148183"><ele>68.000</ele></trkpt>
      <trkpt lat="22.2518278357" lon="114.2172195625"><ele>68.000</ele></trkpt>
      <trkpt lat="22.2518288099" lon="114.2172242970"><ele>68.000</ele></trkpt>
      <trkpt lat="22.2518298111" lon="114.2172290219"><ele>68.000</ele></trkpt>
      <trkpt lat="22.2518308394" lon="114.2172337467"><ele>68.000</ele></trkpt>
      <trkpt lat="22.2518318768" lon="114.2172384715"><ele>68.000</ele></trkpt>
      <trkpt lat="22.2518329502" lon="114.2172431867"><ele>69.000</ele></trkpt>
      <trkpt lat="22.2518340328" lon="114.2172478921"><ele>69.000</ele></trkpt>
      <trkpt lat="22.2518351424" lon="114.2172525976"><ele>69.000</ele></trkpt>
      <trkpt lat="22.2518362791" lon="114.2172572933"><ele>69.000</ele></trkpt>
      <trkpt lat="22.2518374248" lon="114.2172619794"><ele>69.000</ele></trkpt>
      <trkpt lat="22.2518385976" lon="114.2172666654"><ele>69.000</ele></trkpt>
      <trkpt lat="22.2518397975" lon="114.2172713418"><ele>69.000</ele></trkpt>
      <trkpt lat="22.2518410155" lon="114.2172760085"><ele>68.000</ele></trkpt>
      <trkpt lat="22.2518422515" lon="114.2172806752"><ele>68.000</ele></trkpt>
      <trkpt lat="22.2518435147" lon="114.2172853322"><ele>68.000</ele></trkpt>
      <trkpt lat="22.2518447959" lon="114.2172899892"><ele>68.000</ele></trkpt>
      <trkpt lat="22.2518460951" lon="114.2172946268"><ele>68.000</ele></trkpt>
      <trkpt lat="22.2518474215" lon="114.2172992644"><ele>68.000</ele></trkpt>
      <trkpt lat="22.2518487659" lon="114.2173038923"><ele>68.000</ele></trkpt>
      <trkpt lat="22.2518501374" lon="114.2173085202"><ele>68.000</ele></trkpt>
      <trkpt lat="22.2518515270" lon="114.2173131384"><ele>68.000</ele></trkpt>
      <trkpt lat="22.2518529346" lon="114.2173177469"><ele>68.000</ele></trkpt>
      <trkpt lat="22.2518543603" lon="114.2173223458"><ele>68.000</ele></trkpt>
      <trkpt lat="22.2518558131" lon="114.2173269349"><ele>66.000</ele></trkpt>
      <trkpt lat="22.2518572840" lon="114.2173315240"><ele>66.000</ele></trkpt>
      <trkpt lat="22.2518587819" lon="114.2173361035"><ele>66.000</ele></trkpt>
      <trkpt lat="22.2518602979" lon="114.2173406733"><ele>66.000</ele></trkpt>
      <trkpt lat="22.2518618320" lon="114.2173452333"><ele>66.000</ele></trkpt>
      <trkpt lat="22.2518646566" lon="114.2173534317"><ele>66.000</ele></trkpt>
      <trkpt lat="22.2518662629" lon="114.2173579627"><ele>66.000</ele></trkpt>
      <trkpt lat="22.2518678873" lon="114.2173624840"><ele>66.000</ele></trkpt>
      <trkpt lat="22.2518695297" lon="114.2173670052"><ele>66.000</ele></trkpt>
      <trkpt lat="22.2518711993" lon="114.2173715071"><ele>66.000</ele></trkpt>
      <trkpt lat="22.2518728869" lon="114.2173760090"><ele>64.000</ele></trkpt>
      <trkpt lat="22.2518745926" lon="114.2173805012"><ele>64.000</ele></trkpt>
      <trkpt lat="22.2518763163" lon="114.2173849837"><ele>64.000</ele></trkpt>
      <trkpt lat="22.2518780671" lon="114.2173894565"><ele>66.000</ele></trkpt>
      <trkpt lat="22.2518798360" lon="114.2173939196"><ele>66.000</ele></trkpt>
      <trkpt lat="22.2518816230" lon="114.2173983731"><ele>66.000</ele></trkpt>
      <trkpt lat="22.2518847186" lon="114.2174059701"><ele>66.000</ele></trkpt>
      <trkpt lat="22.2518866140" lon="114.2174103750"><ele>66.000</ele></trkpt>
      <trkpt lat="22.2518886990" lon="114.2174146733"><ele>66.000</ele></trkpt>
      <trkpt lat="22.2518909737" lon="114.2174188649"><ele>66.000</ele></trkpt>
      <trkpt lat="22.2518934380" lon="114.2174229305"><ele>64.000</ele></trkpt>
      <trkpt lat="22.2518960921" lon="114.2174268603"><ele>64.000</ele></trkpt>
      <trkpt lat="22.2518989087" lon="114.2174306446"><ele>64.000</ele></trkpt>
      <trkpt lat="22.2519018969" lon="114.2174342737"><ele>64.000</ele></trkpt>
      <trkpt lat="22.2519050478" lon="114.2174377574"><ele>64.000</ele></trkpt>
      <trkpt lat="22.2519096342" lon="114.2174422601"><ele>64.000</ele></trkpt>
      <trkpt lat="22.2519127760" lon="114.2174457341"><ele>64.000</ele></trkpt>
      <trkpt lat="22.2519159630" lon="114.2174491693"><ele>64.000</ele></trkpt>
      <trkpt lat="22.2519191951" lon="114.2174525657"><ele>64.000</ele></trkpt>
      <trkpt lat="22.2519224543" lon="114.2174559136"><ele>64.000</ele></trkpt>
      <trkpt lat="22.2519257587" lon="114.2174592227"><ele>64.000</ele></trkpt>
      <trkpt lat="22.2519290993" lon="114.2174624930"><ele>64.000</ele></trkpt>
      <trkpt lat="22.2519324759" lon="114.2174657051"><ele>64.000</ele></trkpt>
      <trkpt lat="22.2519358887" lon="114.2174688881"><ele>64.000</ele></trkpt>
      <trkpt lat="22.2519393377" lon="114.2174720129"><ele>62.000</ele></trkpt>
      <trkpt lat="22.2519428227" lon="114.2174750990"><ele>62.000</ele></trkpt>
      <trkpt lat="22.2519463439" lon="114.2174781365"><ele>62.000</ele></trkpt>
      <trkpt lat="22.2519498922" lon="114.2174811255"><ele>62.000</ele></trkpt>
      <trkpt lat="22.2519534857" lon="114.2174840757"><ele>62.000</ele></trkpt>
      <trkpt lat="22.2519571063" lon="114.2174869678"><ele>62.000</ele></trkpt>
      <trkpt lat="22.2519607630" lon="114.2174898210"><ele>62.000</ele></trkpt>
      <trkpt lat="22.2519644468" lon="114.2174926161"><ele>62.000</ele></trkpt>
      <trkpt lat="22.2519681667" lon="114.2174953723"><ele>62.000</ele></trkpt>
      <trkpt lat="22.2519719138" lon="114.2174980704"><ele>62.000</ele></trkpt>
      <trkpt lat="22.2519756970" lon="114.2175007296"><ele>62.000</ele></trkpt>
      <trkpt lat="22.2519795073" lon="114.2175033307"><ele>62.000</ele></trkpt>
      <trkpt lat="22.2519946494" lon="114.2175123573"><ele>62.000</ele></trkpt>
      <trkpt lat="22.2519977710" lon="114.2175967208"><ele>59.000</ele></trkpt>
      <trkpt lat="22.2519983867" lon="114.2176621758"><ele>58.000</ele></trkpt>
      <trkpt lat="22.2519502829" lon="114.2177597667"><ele>64.000</ele></trkpt>
      <trkpt lat="22.2519473379" lon="114.2177634233"><ele>64.000</ele></trkpt>
      <trkpt lat="22.2519436527" lon="114.2177662065"><ele>64.000</ele></trkpt>
      <trkpt lat="22.2519383332" lon="114.2177681840"><ele>64.000</ele></trkpt>
      <trkpt lat="22.2519307647" lon="114.2177711213"><ele>64.000</ele></trkpt>
      <trkpt lat="22.2519265019" lon="114.2177727208"><ele>64.000</ele></trkpt>
      <trkpt lat="22.2519222570" lon="114.2177743978"><ele>64.000</ele></trkpt>
      <trkpt lat="22.2519180483" lon="114.2177761429"><ele>64.000</ele></trkpt>
      <trkpt lat="22.2519138666" lon="114.2177779655"><ele>64.000</ele></trkpt>
      <trkpt lat="22.2519097120" lon="114.2177798754"><ele>64.000</ele></trkpt>
      <trkpt lat="22.2519055936" lon="114.2177818533"><ele>64.000</ele></trkpt>
      <trkpt lat="22.2519015021" lon="114.2177838991"><ele>64.000</ele></trkpt>
      <trkpt lat="22.2518974378" lon="114.2177860225"><ele>64.000</ele></trkpt>
      <trkpt lat="22.2518934186" lon="114.2177882235"><ele>64.000</ele></trkpt>
      <trkpt lat="22.2518894265" lon="114.2177904925"><ele>64.000</ele></trkpt>
      <trkpt lat="22.2518854705" lon="114.2177928390"><ele>64.000</ele></trkpt>
      <trkpt lat="22.2518815505" lon="114.2177952535"><ele>64.000</ele></trkpt>
      <trkpt lat="22.2518776758" lon="114.2177977359"><ele>64.000</ele></trkpt>
      <trkpt lat="22.2518738371" lon="114.2178002863"><ele>66.000</ele></trkpt>
      <trkpt lat="22.2518700435" lon="114.2178029142"><ele>66.000</ele></trkpt>
      <trkpt lat="22.2518662861" lon="114.2178056004"><ele>66.000</ele></trkpt>
      <trkpt lat="22.2518625738" lon="114.2178083642"><ele>66.000</ele></trkpt>
      <trkpt lat="22.2518588976" lon="114.2178111862"><ele>66.000</ele></trkpt>
      <trkpt lat="22.2518552756" lon="114.2178140858"><ele>66.000</ele></trkpt>
      <trkpt lat="22.2518516987" lon="114.2178170437"><ele>66.000</ele></trkpt>
      <trkpt lat="22.2518481669" lon="114.2178200597"><ele>66.000</ele></trkpt>
      <trkpt lat="22.2518446803" lon="114.2178231437"><ele>66.000</ele></trkpt>
      <trkpt lat="22.2518412479" lon="114.2178262957"><ele>66.000</ele></trkpt>
      <trkpt lat="22.2518378606" lon="114.2178295058"><ele>66.000</ele></trkpt>
      <trkpt lat="22.2518345274" lon="114.2178327742"><ele>66.000</ele></trkpt>
      <trkpt lat="22.2518312484" lon="114.2178361105"><ele>68.000</ele></trkpt>
      <trkpt lat="22.2518280146" lon="114.2178394953"><ele>68.000</ele></trkpt>
      <trkpt lat="22.2518248349" lon="114.2178429480"><ele>68.000</ele></trkpt>
      <trkpt lat="22.2518217185" lon="114.2178464493"><ele>68.000</ele></trkpt>
      <trkpt lat="22.2518176173" lon="114.2178512503"><ele>68.000</ele></trkpt>
      <trkpt lat="22.2518147808" lon="114.2178550232"><ele>68.000</ele></trkpt>
      <trkpt lat="22.2518122602" lon="114.2178590485"><ele>70.000</ele></trkpt>
      <trkpt lat="22.2518100647" lon="114.2178632777"><ele>70.000</ele></trkpt>
      <trkpt lat="22.2518082032" lon="114.2178677009"><ele>70.000</ele></trkpt>
      <trkpt lat="22.2518067030" lon="114.2178722698"><ele>70.000</ele></trkpt>
      <trkpt lat="22.2518055549" lon="114.2178769649"><ele>70.000</ele></trkpt>
      <trkpt lat="22.2518047861" lon="114.2178817377"><ele>70.000</ele></trkpt>
      <trkpt lat="22.2518043966" lon="114.2178865688"><ele>70.000</ele></trkpt>
      <trkpt lat="22.2518043863" lon="114.2178914195"><ele>70.000</ele></trkpt>
      <trkpt lat="22.2518047553" lon="114.2178962508"><ele>70.000</ele></trkpt>
      <trkpt lat="22.2518062794" lon="114.2179044683"><ele>70.000</ele></trkpt>
      <trkpt lat="22.2518096691" lon="114.2179278882"><ele>70.000</ele></trkpt>
      <trkpt lat="22.2518102284" lon="114.2179302555"><ele>70.000</ele></trkpt>
      <trkpt lat="22.2518164889" lon="114.2179567419"><ele>72.000</ele></trkpt>
      <trkpt lat="22.2518248859" lon="114.2179984211"><ele>72.000</ele></trkpt>
      <trkpt lat="22.2518275094" lon="114.2180159134"><ele>72.000</ele></trkpt>
      <trkpt lat="22.2518285197" lon="114.2180206479"><ele>72.000</ele></trkpt>
      <trkpt lat="22.2518291867" lon="114.2180254405"><ele>72.000</ele></trkpt>
      <trkpt lat="22.2518294925" lon="114.2180302816"><ele>72.000</ele></trkpt>
      <trkpt lat="22.2518294371" lon="114.2180351322"><ele>72.000</ele></trkpt>
      <trkpt lat="22.2518290386" lon="114.2180399536"><ele>72.000</ele></trkpt>
      <trkpt lat="22.2518282788" lon="114.2180447362"><ele>72.000</ele></trkpt>
      <trkpt lat="22.2518271668" lon="114.2180494410"><ele>72.000</ele></trkpt>
      <trkpt lat="22.2518257207" lon="114.2180540293"><ele>72.000</ele></trkpt>
      <trkpt lat="22.2518219076" lon="114.2180626429"><ele>72.000</ele></trkpt>
      <trkpt lat="22.2518199739" lon="114.2180670176"><ele>72.000</ele></trkpt>
      <trkpt lat="22.2518178416" lon="114.2180712953"><ele>72.000</ele></trkpt>
      <trkpt lat="22.2518155377" lon="114.2180754662"><ele>72.000</ele></trkpt>
      <trkpt lat="22.2518130533" lon="114.2180795206"><ele>72.000</ele></trkpt>
      <trkpt lat="22.2518103973" lon="114.2180834391"><ele>72.000</ele></trkpt>
      <trkpt lat="22.2518075697" lon="114.2180872218"><ele>72.000</ele></trkpt>
      <trkpt lat="22.2518045887" lon="114.2180908589"><ele>72.000</ele></trkpt>
      <trkpt lat="22.2518014541" lon="114.2180943505"><ele>72.000</ele></trkpt>
      <trkpt lat="22.2517976603" lon="114.2180981717"><ele>72.000</ele></trkpt>
      <trkpt lat="22.2517946973" lon="114.2181018282"><ele>72.000</ele></trkpt>
      <trkpt lat="22.2517916711" lon="114.2181054362"><ele>72.000</ele></trkpt>
      <trkpt lat="22.2517885998" lon="114.2181089860"><ele>72.000</ele></trkpt>
      <trkpt lat="22.2517854652" lon="114.2181124775"><ele>73.000</ele></trkpt>
      <trkpt lat="22.2517822765" lon="114.2181159108"><ele>73.000</ele></trkpt>
      <trkpt lat="22.2517790337" lon="114.2181192859"><ele>73.000</ele></trkpt>
      <trkpt lat="22.2517757366" lon="114.2181226028"><ele>73.000</ele></trkpt>
      <trkpt lat="22.2517723854" lon="114.2181258615"><ele>73.000</ele></trkpt>
      <trkpt lat="22.2517689891" lon="114.2181290522"><ele>73.000</ele></trkpt>
      <trkpt lat="22.2517655386" lon="114.2181321750"><ele>73.000</ele></trkpt>
      <trkpt lat="22.2517608235" lon="114.2181362870"><ele>73.000</ele></trkpt>
      <trkpt lat="22.2517575175" lon="114.2181395942"><ele>73.000</ele></trkpt>
      <trkpt lat="22.2517541482" lon="114.2181428140"><ele>73.000</ele></trkpt>
      <trkpt lat="22.2517506977" lon="114.2181459465"><ele>73.000</ele></trkpt>
      <trkpt lat="22.2517471750" lon="114.2181489917"><ele>73.000</ele></trkpt>
      <trkpt lat="22.2517435890" lon="114.2181519301"><ele>73.000</ele></trkpt>
      <trkpt lat="22.2517399399" lon="114.2181547812"><ele>74.000</ele></trkpt>
      <trkpt lat="22.2517362186" lon="114.2181575353"><ele>74.000</ele></trkpt>
      <trkpt lat="22.2517323528" lon="114.2181602408"><ele>74.000</ele></trkpt>
      <trkpt lat="22.2517287488" lon="114.2181631599"><ele>74.000</ele></trkpt>
      <trkpt lat="22.2517253705" lon="114.2181663700"><ele>74.000</ele></trkpt>
      <trkpt lat="22.2517222450" lon="114.2181698810"><ele>74.000</ele></trkpt>
      <trkpt lat="22.2517193994" lon="114.2181736442"><ele>74.000</ele></trkpt>
      <trkpt lat="22.2517168517" lon="114.2181776501"><ele>74.000</ele></trkpt>
      <trkpt lat="22.2517146201" lon="114.2181818598"><ele>74.000</ele></trkpt>
      <trkpt lat="22.2517127044" lon="114.2181862539"><ele>74.000</ele></trkpt>
      <trkpt lat="22.2517111410" lon="114.2181908034"><ele>74.000</ele></trkpt>
      <trkpt lat="22.2517099207" lon="114.2181954693"><ele>74.000</ele></trkpt>
      <trkpt lat="22.2517090615" lon="114.2182002324"><ele>74.000</ele></trkpt>
      <trkpt lat="22.2517085636" lon="114.2182050538"><ele>74.000</ele></trkpt>
      <trkpt lat="22.2517084360" lon="114.2182098947"><ele>74.000</ele></trkpt>
      <trkpt lat="22.2517091922" lon="114.2182189754"><ele>74.000</ele></trkpt>
      <trkpt lat="22.2517082028" lon="114.2182387463"><ele>74.000</ele></trkpt>
      <trkpt lat="22.2517084037" lon="114.2182656578"><ele>74.000</ele></trkpt>
      <trkpt lat="22.2517089353" lon="114.2182704698"><ele>74.000</ele></trkpt>
      <trkpt lat="22.2517090153" lon="114.2182753205"><ele>74.000</ele></trkpt>
      <trkpt lat="22.2517086438" lon="114.2182801516"><ele>74.000</ele></trkpt>
      <trkpt lat="22.2517078389" lon="114.2182849244"><ele>74.000</ele></trkpt>
      <trkpt lat="22.2517065915" lon="114.2182895806"><ele>74.000</ele></trkpt>
      <trkpt lat="22.2517049196" lon="114.2182940815"><ele>76.000</ele></trkpt>
      <trkpt lat="22.2517028415" lon="114.2182983883"><ele>76.000</ele></trkpt>
      <trkpt lat="22.2517003751" lon="114.2183024524"><ele>76.000</ele></trkpt>
      <trkpt lat="22.2516975475" lon="114.2183062254"><ele>76.000</ele></trkpt>
      <trkpt lat="22.2516943859" lon="114.2183096878"><ele>76.000</ele></trkpt>
      <trkpt lat="22.2516909173" lon="114.2183127912"><ele>76.000</ele></trkpt>
      <trkpt lat="22.2516871779" lon="114.2183155162"><ele>76.000</ele></trkpt>
      <trkpt lat="22.2516813072" lon="114.2183187450"><ele>76.000</ele></trkpt>
      <trkpt lat="22.2516614200" lon="114.2183250935"><ele>76.000</ele></trkpt>
      <trkpt lat="22.2516465720" lon="114.2183314046"><ele>78.000</ele></trkpt>
      <trkpt lat="22.2516243996" lon="114.2183395084"><ele>78.000</ele></trkpt>
      <trkpt lat="22.2516189262" lon="114.2183427664"><ele>80.000</ele></trkpt>
      <trkpt lat="22.2516129923" lon="114.2183457818"><ele>80.000</ele></trkpt>
      <trkpt lat="22.2516104812" lon="114.2183480220"><ele>80.000</ele></trkpt>
      <trkpt lat="22.2516072292" lon="114.2183516784"><ele>80.000</ele></trkpt>
      <trkpt lat="22.2516054945" lon="114.2183547338"><ele>82.000</ele></trkpt>
      <trkpt lat="22.2516048260" lon="114.2183557911"><ele>82.000</ele></trkpt>
      <trkpt lat="22.2516039047" lon="114.2183564796"><ele>82.000</ele></trkpt>
      <trkpt lat="22.2516018455" lon="114.2183572357"><ele>82.000</ele></trkpt>
      <trkpt lat="22.2515945300" lon="114.2183600178"><ele>82.000</ele></trkpt>
      <trkpt lat="22.2515885510" lon="114.2183626645"><ele>82.000</ele></trkpt>
      <trkpt lat="22.2515844688" lon="114.2183640409"><ele>82.000</ele></trkpt>
      <trkpt lat="22.2515804857" lon="114.2183663001"><ele>82.000</ele></trkpt>
      <trkpt lat="22.2515770713" lon="114.2183694520"><ele>82.000</ele></trkpt>
      <trkpt lat="22.2515743972" lon="114.2183733511"><ele>82.000</ele></trkpt>
      <trkpt lat="22.2515717851" lon="114.2183822076"><ele>82.000</ele></trkpt>
      <trkpt lat="22.2515673460" lon="114.2184019970"><ele>82.000</ele></trkpt>
      <trkpt lat="22.2515628809" lon="114.2184171005"><ele>82.000</ele></trkpt>
      <trkpt lat="22.2515619044" lon="114.2184218345"><ele>82.000</ele></trkpt>
      <trkpt lat="22.2515604854" lon="114.2184264422"><ele>82.000</ele></trkpt>
      <trkpt lat="22.2515586420" lon="114.2184308654"><ele>82.000</ele></trkpt>
      <trkpt lat="22.2515564014" lon="114.2184350751"><ele>82.000</ele></trkpt>
      <trkpt lat="22.2515537724" lon="114.2184390131"><ele>82.000</ele></trkpt>
      <trkpt lat="22.2515507914" lon="114.2184426501"><ele>82.000</ele></trkpt>
      <trkpt lat="22.2515474853" lon="114.2184459573"><ele>82.000</ele></trkpt>
      <trkpt lat="22.2515438903" lon="114.2184488763"><ele>82.000</ele></trkpt>
      <trkpt lat="22.2515400336" lon="114.2184514072"><ele>82.000</ele></trkpt>
      <trkpt lat="22.2515359602" lon="114.2184535015"><ele>82.000</ele></trkpt>
      <trkpt lat="22.2515317154" lon="114.2184551495"><ele>82.000</ele></trkpt>
      <trkpt lat="22.2515273352" lon="114.2184563220"><ele>82.000</ele></trkpt>
      <trkpt lat="22.2515228739" lon="114.2184570289"><ele>82.000</ele></trkpt>
      <trkpt lat="22.2515183675" lon="114.2184572410"><ele>82.000</ele></trkpt>
      <trkpt lat="22.2515100054" lon="114.2184563460"><ele>82.000</ele></trkpt>
      <trkpt lat="22.2514816035" lon="114.2184578316"><ele>82.000</ele></trkpt>
      <trkpt lat="22.2514550345" lon="114.2184610349"><ele>82.000</ele></trkpt>
      <trkpt lat="22.2514505551" lon="114.2184615671"><ele>82.000</ele></trkpt>
      <trkpt lat="22.2514460848" lon="114.2184622837"><ele>82.000</ele></trkpt>
      <trkpt lat="22.2514416415" lon="114.2184631555"><ele>82.000</ele></trkpt>
      <trkpt lat="22.2514372342" lon="114.2184642116"><ele>82.000</ele></trkpt>
      <trkpt lat="22.2514328631" lon="114.2184654327"><ele>82.000</ele></trkpt>
      <trkpt lat="22.2514285370" lon="114.2184668187"><ele>82.000</ele></trkpt>
      <trkpt lat="22.2514242651" lon="114.2184683793"><ele>82.000</ele></trkpt>
      <trkpt lat="22.2514200383" lon="114.2184700952"><ele>82.000</ele></trkpt>
      <trkpt lat="22.2514158837" lon="114.2184719760"><ele>82.000</ele></trkpt>
      <trkpt lat="22.2514117833" lon="114.2184740121"><ele>82.000</ele></trkpt>
      <trkpt lat="22.2514077550" lon="114.2184762131"><ele>82.000</ele></trkpt>
      <trkpt lat="22.2514038080" lon="114.2184785596"><ele>82.000</ele></trkpt>
      <trkpt lat="22.2513999423" lon="114.2184810614"><ele>82.000</ele></trkpt>
      <trkpt lat="22.2513961577" lon="114.2184837185"><ele>82.000</ele></trkpt>
      <trkpt lat="22.2513924364" lon="114.2184865404"><ele>82.000</ele></trkpt>
      <trkpt lat="22.2513888234" lon="114.2184894497"><ele>84.000</ele></trkpt>
      <trkpt lat="22.2513850750" lon="114.2184921553"><ele>84.000</ele></trkpt>
      <trkpt lat="22.2513812002" lon="114.2184946474"><ele>84.000</ele></trkpt>
      <trkpt lat="22.2513772170" lon="114.2184969260"><ele>84.000</ele></trkpt>
      <trkpt lat="22.2513731256" lon="114.2184989717"><ele>84.000</ele></trkpt>
      <trkpt lat="22.2513689349" lon="114.2185007846"><ele>84.000</ele></trkpt>
      <trkpt lat="22.2513646721" lon="114.2185023744"><ele>84.000</ele></trkpt>
      <trkpt lat="22.2513603280" lon="114.2185037119"><ele>84.000</ele></trkpt>
      <trkpt lat="22.2513559388" lon="114.2185048165"><ele>84.000</ele></trkpt>
      <trkpt lat="22.2513476663" lon="114.2185062014"><ele>84.000</ele></trkpt>
      <trkpt lat="22.2513412543" lon="114.2185069950"><ele>84.000</ele></trkpt>
      <trkpt lat="22.2513367569" lon="114.2185074884"><ele>84.000</ele></trkpt>
      <trkpt lat="22.2513322776" lon="114.2185081177"><ele>82.000</ele></trkpt>
      <trkpt lat="22.2513278253" lon="114.2185088730"><ele>82.000</ele></trkpt>
      <trkpt lat="22.2513233819" lon="114.2185097545"><ele>82.000</ele></trkpt>
      <trkpt lat="22.2513189657" lon="114.2185107622"><ele>82.000</ele></trkpt>
      <trkpt lat="22.2513145765" lon="114.2185119056"><ele>82.000</ele></trkpt>
      <trkpt lat="22.2513102144" lon="114.2185131655"><ele>82.000</ele></trkpt>
      <trkpt lat="22.2513058883" lon="114.2185145612"><ele>82.000</ele></trkpt>
      <trkpt lat="22.2513016074" lon="114.2185160733"><ele>82.000</ele></trkpt>
      <trkpt lat="22.2512973535" lon="114.2185177213"><ele>82.000</ele></trkpt>
      <trkpt lat="22.2512931538" lon="114.2185194857"><ele>82.000</ele></trkpt>
      <trkpt lat="22.2512889902" lon="114.2185213665"><ele>82.000</ele></trkpt>
      <trkpt lat="22.2512848807" lon="114.2185233734"><ele>82.000</ele></trkpt>
      <trkpt lat="22.2512808164" lon="114.2185254968"><ele>82.000</ele></trkpt>
      <trkpt lat="22.2512768152" lon="114.2185277463"><ele>82.000</ele></trkpt>
      <trkpt lat="22.2512728682" lon="114.2185301025"><ele>82.000</ele></trkpt>
      <trkpt lat="22.2512689844" lon="114.2185325752"><ele>82.000</ele></trkpt>
      <trkpt lat="22.2512651637" lon="114.2185351546"><ele>82.000</ele></trkpt>
      <trkpt lat="22.2512614063" lon="114.2185378505"><ele>85.000</ele></trkpt>
      <trkpt lat="22.2512577211" lon="114.2185406530"><ele>85.000</ele></trkpt>
      <trkpt lat="22.2512517054" lon="114.2185455795"><ele>85.000</ele></trkpt>
      <trkpt lat="22.2512478577" lon="114.2185481298"><ele>85.000</ele></trkpt>
      <trkpt lat="22.2512440190" lon="114.2185506898"><ele>82.000</ele></trkpt>
      <trkpt lat="22.2512401893" lon="114.2185532595"><ele>82.000</ele></trkpt>
      <trkpt lat="22.2512363687" lon="114.2185558389"><ele>82.000</ele></trkpt>
      <trkpt lat="22.2512325571" lon="114.2185584280"><ele>82.000</ele></trkpt>
      <trkpt lat="22.2512287454" lon="114.2185610365"><ele>82.000</ele></trkpt>
      <trkpt lat="22.2512259996" lon="114.2185629274"><ele>82.000</ele></trkpt>
      <trkpt lat="22.2512249429" lon="114.2185636547"><ele>82.000</ele></trkpt>
      <trkpt lat="22.2512211493" lon="114.2185662826"><ele>82.000</ele></trkpt>
      <trkpt lat="22.2512173648" lon="114.2185689300"><ele>82.000</ele></trkpt>
      <trkpt lat="22.2512135893" lon="114.2185715870"><ele>82.000</ele></trkpt>
      <trkpt lat="22.2512098138" lon="114.2185742537"><ele>82.000</ele></trkpt>
      <trkpt lat="22.2512060473" lon="114.2185769301"><ele>82.000</ele></trkpt>
      <trkpt lat="22.2512022898" lon="114.2185796163"><ele>82.000</ele></trkpt>
      <trkpt lat="22.2511985414" lon="114.2185823218"><ele>80.000</ele></trkpt>
      <trkpt lat="22.2511948020" lon="114.2185850371"><ele>82.000</ele></trkpt>
      <trkpt lat="22.2511910626" lon="114.2185877620"><ele>82.000</ele></trkpt>
      <trkpt lat="22.2511873413" lon="114.2185904967"><ele>82.000</ele></trkpt>
      <trkpt lat="22.2511836199" lon="114.2185932507"><ele>82.000</ele></trkpt>
      <trkpt lat="22.2511799076" lon="114.2185960145"><ele>82.000</ele></trkpt>
      <trkpt lat="22.2511762043" lon="114.2185987879"><ele>82.000</ele></trkpt>
      <trkpt lat="22.2511725011" lon="114.2186015711"><ele>82.000</ele></trkpt>
      <trkpt lat="22.2511684997" lon="114.2186046064"><ele>82.000</ele></trkpt>
      <trkpt lat="22.2511593859" lon="114.2186115983"><ele>82.000</ele></trkpt>
      <trkpt lat="22.2511561340" lon="114.2186149637"><ele>82.000</ele></trkpt>
      <trkpt lat="22.2511525932" lon="114.2186179700"><ele>80.000</ele></trkpt>
      <trkpt lat="22.2511487907" lon="114.2186205882"><ele>80.000</ele></trkpt>
      <trkpt lat="22.2511447714" lon="114.2186227989"><ele>80.000</ele></trkpt>
      <trkpt lat="22.2511405808" lon="114.2186245827"><ele>80.000</ele></trkpt>
      <trkpt lat="22.2511362367" lon="114.2186259105"><ele>80.000</ele></trkpt>
      <trkpt lat="22.2511317934" lon="114.2186267823"><ele>80.000</ele></trkpt>
      <trkpt lat="22.2511262665" lon="114.2186272075"><ele>80.000</ele></trkpt>
      <trkpt lat="22.2511114011" lon="114.2186305500"><ele>80.000</ele></trkpt>
      <trkpt lat="22.2510937725" lon="114.2186334261"><ele>82.000</ele></trkpt>
      <trkpt lat="22.2510893022" lon="114.2186341426"><ele>82.000</ele></trkpt>
      <trkpt lat="22.2510848589" lon="114.2186349853"><ele>82.000</ele></trkpt>
      <trkpt lat="22.2510804426" lon="114.2186359735"><ele>82.000</ele></trkpt>
      <trkpt lat="22.2510760444" lon="114.2186370976"><ele>82.000</ele></trkpt>
      <trkpt lat="22.2510716822" lon="114.2186383477"><ele>82.000</ele></trkpt>
      <trkpt lat="22.2510673562" lon="114.2186397434"><ele>82.000</ele></trkpt>
      <trkpt lat="22.2510630753" lon="114.2186412653"><ele>81.000</ele></trkpt>
      <trkpt lat="22.2510588304" lon="114.2186429132"><ele>81.000</ele></trkpt>
      <trkpt lat="22.2510546307" lon="114.2186446970"><ele>81.000</ele></trkpt>
      <trkpt lat="22.2510504761" lon="114.2186466069"><ele>81.000</ele></trkpt>
      <trkpt lat="22.2510463757" lon="114.2186486430"><ele>81.000</ele></trkpt>
      <trkpt lat="22.2510423384" lon="114.2186508051"><ele>81.000</ele></trkpt>
      <trkpt lat="22.2510383553" lon="114.2186530935"><ele>81.000</ele></trkpt>
      <trkpt lat="22.2510344354" lon="114.2186554982"><ele>81.000</ele></trkpt>
      <trkpt lat="22.2510305786" lon="114.2186580291"><ele>81.000</ele></trkpt>
      <trkpt lat="22.2510267941" lon="114.2186606667"><ele>81.000</ele></trkpt>
      <trkpt lat="22.2510230818" lon="114.2186634304"><ele>81.000</ele></trkpt>
      <trkpt lat="22.2510194417" lon="114.2186663009"><ele>81.000</ele></trkpt>
      <trkpt lat="22.2510143743" lon="114.2186706456"><ele>79.000</ele></trkpt>
      <trkpt lat="22.2510131549" lon="114.2186716833"><ele>79.000</ele></trkpt>
      <trkpt lat="22.2509988388" lon="114.2186815064"><ele>79.000</ele></trkpt>
      <trkpt lat="22.2509976014" lon="114.2186824179"><ele>84.000</ele></trkpt>
      <trkpt lat="22.2509887224" lon="114.2186894099"><ele>84.000</ele></trkpt>
      <trkpt lat="22.2509822189" lon="114.2186948697"><ele>84.000</ele></trkpt>
      <trkpt lat="22.2509740985" lon="114.2187021239"><ele>81.000</ele></trkpt>
      <trkpt lat="22.2509528809" lon="114.2187198708"><ele>81.000</ele></trkpt>
      <trkpt lat="22.2509440019" lon="114.2187268725"><ele>81.000</ele></trkpt>
      <trkpt lat="22.2509433516" lon="114.2187273477"><ele>81.000</ele></trkpt>
      <trkpt lat="22.2509413373" lon="114.2187291127"><ele>81.000</ele></trkpt>
      <trkpt lat="22.2509377062" lon="114.2187320026"><ele>85.000</ele></trkpt>
      <trkpt lat="22.2509339578" lon="114.2187346984"><ele>85.000</ele></trkpt>
      <trkpt lat="22.2509301010" lon="114.2187372196"><ele>85.000</ele></trkpt>
      <trkpt lat="22.2509261360" lon="114.2187395370"><ele>82.000</ele></trkpt>
      <trkpt lat="22.2509234084" lon="114.2187409526"><ele>82.000</ele></trkpt>
      <trkpt lat="22.2509220716" lon="114.2187416507"><ele>82.000</ele></trkpt>
      <trkpt lat="22.2509179170" lon="114.2187435606"><ele>82.000</ele></trkpt>
      <trkpt lat="22.2509136902" lon="114.2187452667"><ele>82.000</ele></trkpt>
      <trkpt lat="22.2509093913" lon="114.2187467497"><ele>82.000</ele></trkpt>
      <trkpt lat="22.2509050382" lon="114.2187480193"><ele>82.000</ele></trkpt>
      <trkpt lat="22.2509006309" lon="114.2187490754"><ele>82.000</ele></trkpt>
      <trkpt lat="22.2508961786" lon="114.2187499084"><ele>82.000</ele></trkpt>
      <trkpt lat="22.2508916992" lon="114.2187505085"><ele>82.000</ele></trkpt>
      <trkpt lat="22.2508872018" lon="114.2187508952"><ele>82.000</ele></trkpt>
      <trkpt lat="22.2508826865" lon="114.2187510491"><ele>80.000</ele></trkpt>
      <trkpt lat="22.2508771688" lon="114.2187509408"><ele>80.000</ele></trkpt>
      <trkpt lat="22.2508726535" lon="114.2187508133"><ele>80.000</ele></trkpt>
      <trkpt lat="22.2508681381" lon="114.2187508411"><ele>80.000</ele></trkpt>
      <trkpt lat="22.2508636227" lon="114.2187510337"><ele>80.000</ele></trkpt>
      <trkpt lat="22.2508591163" lon="114.2187513817"><ele>80.000</ele></trkpt>
      <trkpt lat="22.2508546280" lon="114.2187518848"><ele>80.000</ele></trkpt>
      <trkpt lat="22.2508501576" lon="114.2187525431"><ele>80.000</ele></trkpt>
      <trkpt lat="22.2508457053" lon="114.2187533664"><ele>80.000</ele></trkpt>
      <trkpt lat="22.2508412800" lon="114.2187543449"><ele>80.000</ele></trkpt>
      <trkpt lat="22.2508368908" lon="114.2187554690"><ele>77.000</ele></trkpt>
      <trkpt lat="22.2508325377" lon="114.2187567579"><ele>77.000</ele></trkpt>
      <trkpt lat="22.2508282297" lon="114.2187581924"><ele>77.000</ele></trkpt>
      <trkpt lat="22.2508239578" lon="114.2187597822"><ele>77.000</ele></trkpt>
      <trkpt lat="22.2508197400" lon="114.2187615174"><ele>77.000</ele></trkpt>
      <trkpt lat="22.2508155854" lon="114.2187633982"><ele>77.000</ele></trkpt>
      <trkpt lat="22.2508114850" lon="114.2187654246"><ele>77.000</ele></trkpt>
      <trkpt lat="22.2508074387" lon="114.2187675964"><ele>77.000</ele></trkpt>
      <trkpt lat="22.2508034736" lon="114.2187699041"><ele>77.000</ele></trkpt>
      <trkpt lat="22.2507995808" lon="114.2187723574"><ele>77.000</ele></trkpt>
      <trkpt lat="22.2507957601" lon="114.2187749368"><ele>77.000</ele></trkpt>
      <trkpt lat="22.2507891484" lon="114.2187798728"><ele>79.000</ele></trkpt>
      <trkpt lat="22.2507854361" lon="114.2187826462"><ele>79.000</ele></trkpt>
      <trkpt lat="22.2507816876" lon="114.2187853517"><ele>79.000</ele></trkpt>
      <trkpt lat="22.2507778941" lon="114.2187879796"><ele>79.000</ele></trkpt>
      <trkpt lat="22.2507740644" lon="114.2187905396"><ele>79.000</ele></trkpt>
      <trkpt lat="22.2507701806" lon="114.2187930220"><ele>79.000</ele></trkpt>
      <trkpt lat="22.2507662697" lon="114.2187954364"><ele>79.000</ele></trkpt>
      <trkpt lat="22.2507623137" lon="114.2187977732"><ele>79.000</ele></trkpt>
      <trkpt lat="22.2507583215" lon="114.2188000421"><ele>79.000</ele></trkpt>
      <trkpt lat="22.2507542933" lon="114.2188022334"><ele>79.000</ele></trkpt>
      <trkpt lat="22.2507502289" lon="114.2188043471"><ele>79.000</ele></trkpt>
      <trkpt lat="22.2507461285" lon="114.2188063928"><ele>76.000</ele></trkpt>
      <trkpt lat="22.2507412333" lon="114.2188087002"><ele>76.000</ele></trkpt>
      <trkpt lat="22.2507225190" lon="114.2188189974"><ele>76.000</ele></trkpt>
      <trkpt lat="22.2507183193" lon="114.2188207617"><ele>76.000</ele></trkpt>
      <trkpt lat="22.2507141918" lon="114.2188227492"><ele>76.000</ele></trkpt>
      <trkpt lat="22.2507101636" lon="114.2188249405"><ele>76.000</ele></trkpt>
      <trkpt lat="22.2507062436" lon="114.2188273356"><ele>80.000</ele></trkpt>
      <trkpt lat="22.2507024320" lon="114.2188299343"><ele>77.000</ele></trkpt>
      <trkpt lat="22.2506987377" lon="114.2188327272"><ele>77.000</ele></trkpt>
      <trkpt lat="22.2506951789" lon="114.2188357044"><ele>77.000</ele></trkpt>
      <trkpt lat="22.2506917464" lon="114.2188388660"><ele>77.000</ele></trkpt>
      <trkpt lat="22.2506884674" lon="114.2188421925"><ele>77.000</ele></trkpt>
      <trkpt lat="22.2506853419" lon="114.2188456937"><ele>77.000</ele></trkpt>
      <trkpt lat="22.2506823699" lon="114.2188493502"><ele>77.000</ele></trkpt>
      <trkpt lat="22.2506790093" lon="114.2188539573"><ele>77.000</ele></trkpt>
      <trkpt lat="22.2506763081" lon="114.2188578467"><ele>77.000</ele></trkpt>
      <trkpt lat="22.2506734264" lon="114.2188615711"><ele>77.000</ele></trkpt>
      <trkpt lat="22.2506703550" lon="114.2188651305"><ele>77.000</ele></trkpt>
      <trkpt lat="22.2506671121" lon="114.2188685056"><ele>77.000</ele></trkpt>
      <trkpt lat="22.2506637158" lon="114.2188716963"><ele>77.000</ele></trkpt>
      <trkpt lat="22.2506601569" lon="114.2188746832"><ele>77.000</ele></trkpt>
      <trkpt lat="22.2506564626" lon="114.2188774663"><ele>78.000</ele></trkpt>
      <trkpt lat="22.2506526330" lon="114.2188800360"><ele>78.000</ele></trkpt>
      <trkpt lat="22.2506486769" lon="114.2188823825"><ele>78.000</ele></trkpt>
      <trkpt lat="22.2506446126" lon="114.2188844962"><ele>78.000</ele></trkpt>
      <trkpt lat="22.2506391574" lon="114.2188869102"><ele>78.000</ele></trkpt>
      <trkpt lat="22.2506352736" lon="114.2188893925"><ele>78.000</ele></trkpt>
      <trkpt lat="22.2506314259" lon="114.2188919234"><ele>78.000</ele></trkpt>
      <trkpt lat="22.2506276052" lon="114.2188945125"><ele>78.000</ele></trkpt>
      <trkpt lat="22.2506238207" lon="114.2188971501"><ele>78.000</ele></trkpt>
      <trkpt lat="22.2506200633" lon="114.2188998459"><ele>78.000</ele></trkpt>
      <trkpt lat="22.2506163419" lon="114.2189025902"><ele>78.000</ele></trkpt>
      <trkpt lat="22.2506126567" lon="114.2189053928"><ele>75.000</ele></trkpt>
      <trkpt lat="22.2506089985" lon="114.2189082438"><ele>75.000</ele></trkpt>
      <trkpt lat="22.2506053765" lon="114.2189111434"><ele>75.000</ele></trkpt>
      <trkpt lat="22.2506017996" lon="114.2189140915"><ele>75.000</ele></trkpt>
      <trkpt lat="22.2505982497" lon="114.2189170978"><ele>75.000</ele></trkpt>
      <trkpt lat="22.2505947360" lon="114.2189201430"><ele>75.000</ele></trkpt>
      <trkpt lat="22.2505912674" lon="114.2189232463"><ele>75.000</ele></trkpt>
      <trkpt lat="22.2505878350" lon="114.2189263982"><ele>78.000</ele></trkpt>
      <trkpt lat="22.2505844386" lon="114.2189295889"><ele>78.000</ele></trkpt>
      <trkpt lat="22.2505810783" lon="114.2189328378"><ele>78.000</ele></trkpt>
      <trkpt lat="22.2505777632" lon="114.2189361255"><ele>78.000</ele></trkpt>
      <trkpt lat="22.2505717382" lon="114.2189423325"><ele>78.000</ele></trkpt>
      <trkpt lat="22.2505686939" lon="114.2189459210"><ele>78.000</ele></trkpt>
      <trkpt lat="22.2505655955" lon="114.2189494416"><ele>74.000</ele></trkpt>
      <trkpt lat="22.2505624338" lon="114.2189529137"><ele>74.000</ele></trkpt>
      <trkpt lat="22.2505592180" lon="114.2189563179"><ele>74.000</ele></trkpt>
      <trkpt lat="22.2505559571" lon="114.2189596638"><ele>74.000</ele></trkpt>
      <trkpt lat="22.2505526330" lon="114.2189629515"><ele>74.000</ele></trkpt>
      <trkpt lat="22.2505492637" lon="114.2189661811"><ele>74.000</ele></trkpt>
      <trkpt lat="22.2505458312" lon="114.2189693426"><ele>74.000</ele></trkpt>
      <trkpt lat="22.2505423626" lon="114.2189724363"><ele>74.000</ele></trkpt>
      <trkpt lat="22.2505388309" lon="114.2189754620"><ele>76.000</ele></trkpt>
      <trkpt lat="22.2505352630" lon="114.2189784295"><ele>76.000</ele></trkpt>
      <trkpt lat="22.2505316409" lon="114.2189813291"><ele>76.000</ele></trkpt>
      <trkpt lat="22.2505279737" lon="114.2189841607"><ele>76.000</ele></trkpt>
      <trkpt lat="22.2505242614" lon="114.2189869148"><ele>76.000</ele></trkpt>
      <trkpt lat="22.2505205040" lon="114.2189896106"><ele>73.000</ele></trkpt>
      <trkpt lat="22.2505167014" lon="114.2189922288"><ele>73.000</ele></trkpt>
      <trkpt lat="22.2505128627" lon="114.2189947790"><ele>73.000</ele></trkpt>
      <trkpt lat="22.2505089788" lon="114.2189972614"><ele>73.000</ele></trkpt>
      <trkpt lat="22.2505050589" lon="114.2189996661"><ele>73.000</ele></trkpt>
      <trkpt lat="22.2505006874" lon="114.2190022356"><ele>73.000</ele></trkpt>
      <trkpt lat="22.2504724249" lon="114.2190234825"><ele>72.000</ele></trkpt>
      <trkpt lat="22.2504684779" lon="114.2190258387"><ele>72.000</ele></trkpt>
      <trkpt lat="22.2504646934" lon="114.2190284763"><ele>72.000</ele></trkpt>
      <trkpt lat="22.2504610894" lon="114.2190313856"><ele>72.000</ele></trkpt>
      <trkpt lat="22.2504576750" lon="114.2190345666"><ele>72.000</ele></trkpt>
      <trkpt lat="22.2504544682" lon="114.2190379804"><ele>72.000</ele></trkpt>
      <trkpt lat="22.2504514961" lon="114.2190416272"><ele>72.000</ele></trkpt>
      <trkpt lat="22.2504487589" lon="114.2190454875"><ele>72.000</ele></trkpt>
      <trkpt lat="22.2504462834" lon="114.2190495418"><ele>72.000</ele></trkpt>
      <trkpt lat="22.2504440608" lon="114.2190537612"><ele>72.000</ele></trkpt>
      <trkpt lat="22.2504421271" lon="114.2190581455"><ele>72.000</ele></trkpt>
      <trkpt lat="22.2504404733" lon="114.2190626561"><ele>72.000</ele></trkpt>
      <trkpt lat="22.2504391084" lon="114.2190672832"><ele>72.000</ele></trkpt>
      <trkpt lat="22.2504380506" lon="114.2190719977"><ele>74.000</ele></trkpt>
      <trkpt lat="22.2504372908" lon="114.2190767704"><ele>74.000</ele></trkpt>
      <trkpt lat="22.2504368380" lon="114.2190816015"><ele>74.000</ele></trkpt>
      <trkpt lat="22.2504367013" lon="114.2190864521"><ele>74.000</ele></trkpt>
      <trkpt lat="22.2504368716" lon="114.2190912930"><ele>74.000</ele></trkpt>
      <trkpt lat="22.2504373580" lon="114.2190961147"><ele>74.000</ele></trkpt>
      <trkpt lat="22.2504381876" lon="114.2191010819"><ele>74.000</ele></trkpt>
      <trkpt lat="22.2504379966" lon="114.2191059228"><ele>74.000</ele></trkpt>
      <trkpt lat="22.2504377154" lon="114.2191107636"><ele>74.000</ele></trkpt>
      <trkpt lat="22.2504373530" lon="114.2191156044"><ele>74.000</ele></trkpt>
      <trkpt lat="22.2504369002" lon="114.2191204257"><ele>74.000</ele></trkpt>
      <trkpt lat="22.2504363571" lon="114.2191252471"><ele>74.000</ele></trkpt>
      <trkpt lat="22.2504357327" lon="114.2191300490"><ele>74.000</ele></trkpt>
      <trkpt lat="22.2504350180" lon="114.2191348315"><ele>74.000</ele></trkpt>
      <trkpt lat="22.2504342131" lon="114.2191396042"><ele>74.000</ele></trkpt>
      <trkpt lat="22.2504333268" lon="114.2191443672"><ele>74.000</ele></trkpt>
      <trkpt lat="22.2504323503" lon="114.2191491011"><ele>74.000</ele></trkpt>
      <trkpt lat="22.2504312925" lon="114.2191538156"><ele>71.000</ele></trkpt>
      <trkpt lat="22.2504292494" lon="114.2191619058"><ele>71.000</ele></trkpt>
      <trkpt lat="22.2504251062" lon="114.2191896015"><ele>71.000</ele></trkpt>
      <trkpt lat="22.2504198859" lon="114.2192261929"><ele>71.000</ele></trkpt>
      <trkpt lat="22.2504186616" lon="114.2192459636"><ele>71.000</ele></trkpt>
      <trkpt lat="22.2504181152" lon="114.2192635032"><ele>71.000</ele></trkpt>
      <trkpt lat="22.2504178791" lon="114.2192683440"><ele>73.000</ele></trkpt>
      <trkpt lat="22.2504177244" lon="114.2192731946"><ele>73.000</ele></trkpt>
      <trkpt lat="22.2504176599" lon="114.2192780452"><ele>73.000</ele></trkpt>
      <trkpt lat="22.2504176767" lon="114.2192828958"><ele>73.000</ele></trkpt>
      <trkpt lat="22.2504177747" lon="114.2192877367"><ele>73.000</ele></trkpt>
      <trkpt lat="22.2504179631" lon="114.2192925874"><ele>73.000</ele></trkpt>
      <trkpt lat="22.2504182328" lon="114.2192974284"><ele>73.000</ele></trkpt>
      <trkpt lat="22.2504185837" lon="114.2193022693"><ele>73.000</ele></trkpt>
      <trkpt lat="22.2504190159" lon="114.2193070910"><ele>73.000</ele></trkpt>
      <trkpt lat="22.2504195384" lon="114.2193119126"><ele>73.000</ele></trkpt>
      <trkpt lat="22.2504201422" lon="114.2193167149"><ele>74.000</ele></trkpt>
      <trkpt lat="22.2504208273" lon="114.2193215172"><ele>74.000</ele></trkpt>
      <trkpt lat="22.2504215937" lon="114.2193262904"><ele>74.000</ele></trkpt>
      <trkpt lat="22.2504224503" lon="114.2193310540"><ele>74.000</ele></trkpt>
      <trkpt lat="22.2504233793" lon="114.2193357982"><ele>74.000</ele></trkpt>
      <trkpt lat="22.2504243985" lon="114.2193405327"><ele>74.000</ele></trkpt>
      <trkpt lat="22.2504254900" lon="114.2193452381"><ele>74.000</ele></trkpt>
      <trkpt lat="22.2504266718" lon="114.2193499144"><ele>74.000</ele></trkpt>
      <trkpt lat="22.2504279258" lon="114.2193545714"><ele>74.000</ele></trkpt>
      <trkpt lat="22.2504292702" lon="114.2193592090"><ele>74.000</ele></trkpt>
      <trkpt lat="22.2504312643" lon="114.2193656124"><ele>74.000</ele></trkpt>
      <trkpt lat="22.2504338799" lon="114.2193779434"><ele>74.000</ele></trkpt>
      <trkpt lat="22.2504351069" lon="114.2193826100"><ele>74.000</ele></trkpt>
      <trkpt lat="22.2504359635" lon="114.2193873639"><ele>74.000</ele></trkpt>
      <trkpt lat="22.2504364590" lon="114.2193921855"><ele>74.000</ele></trkpt>
      <trkpt lat="22.2504365841" lon="114.2193970362"><ele>74.000</ele></trkpt>
      <trkpt lat="22.2504363390" lon="114.2194018770"><ele>74.000</ele></trkpt>
      <trkpt lat="22.2504357237" lon="114.2194066789"><ele>74.000</ele></trkpt>
      <trkpt lat="22.2504347471" lon="114.2194114128"><ele>76.000</ele></trkpt>
      <trkpt lat="22.2504334094" lon="114.2194160496"><ele>76.000</ele></trkpt>
      <trkpt lat="22.2504317285" lon="114.2194205407"><ele>74.000</ele></trkpt>
      <trkpt lat="22.2504297045" lon="114.2194248766"><ele>74.000</ele></trkpt>
      <trkpt lat="22.2504273554" lon="114.2194290183"><ele>74.000</ele></trkpt>
      <trkpt lat="22.2504246994" lon="114.2194329465"><ele>74.000</ele></trkpt>
      <trkpt lat="22.2504217544" lon="114.2194366126"><ele>74.000</ele></trkpt>
      <trkpt lat="22.2504185296" lon="114.2194400168"><ele>74.000</ele></trkpt>
      <trkpt lat="22.2504150700" lon="114.2194431298"><ele>74.000</ele></trkpt>
      <trkpt lat="22.2504113757" lon="114.2194459129"><ele>74.000</ele></trkpt>
      <trkpt lat="22.2504074829" lon="114.2194483759"><ele>74.000</ele></trkpt>
      <trkpt lat="22.2504034185" lon="114.2194504798"><ele>74.000</ele></trkpt>
      <trkpt lat="22.2503992008" lon="114.2194522150"><ele>74.000</ele></trkpt>
      <trkpt lat="22.2503948747" lon="114.2194535816"><ele>74.000</ele></trkpt>
      <trkpt lat="22.2503904494" lon="114.2194545601"><ele>74.000</ele></trkpt>
      <trkpt lat="22.2503856540" lon="114.2194551698"><ele>72.000</ele></trkpt>
      <trkpt lat="22.2503812197" lon="114.2194560804"><ele>72.000</ele></trkpt>
      <trkpt lat="22.2503767764" lon="114.2194569521"><ele>72.000</ele></trkpt>
      <trkpt lat="22.2503723330" lon="114.2194577851"><ele>74.000</ele></trkpt>
      <trkpt lat="22.2503678807" lon="114.2194585793"><ele>74.000</ele></trkpt>
      <trkpt lat="22.2503634194" lon="114.2194593346"><ele>74.000</ele></trkpt>
      <trkpt lat="22.2503589490" lon="114.2194600414"><ele>74.000</ele></trkpt>
      <trkpt lat="22.2503544786" lon="114.2194607192"><ele>74.000</ele></trkpt>
      <trkpt lat="22.2503499993" lon="114.2194613484"><ele>74.000</ele></trkpt>
      <trkpt lat="22.2503455199" lon="114.2194619388"><ele>74.000</ele></trkpt>
      <trkpt lat="22.2503410315" lon="114.2194624904"><ele>72.000</ele></trkpt>
      <trkpt lat="22.2503365431" lon="114.2194629935"><ele>72.000</ele></trkpt>
      <trkpt lat="22.2503281896" lon="114.2194638350"><ele>72.000</ele></trkpt>
      <trkpt lat="22.2503236922" lon="114.2194641732"><ele>72.000</ele></trkpt>
      <trkpt lat="22.2503192038" lon="114.2194647054"><ele>72.000</ele></trkpt>
      <trkpt lat="22.2503147425" lon="114.2194654316"><ele>72.000</ele></trkpt>
      <trkpt lat="22.2503103082" lon="114.2194663519"><ele>72.000</ele></trkpt>
      <trkpt lat="22.2503059099" lon="114.2194674759"><ele>72.000</ele></trkpt>
      <trkpt lat="22.2503015658" lon="114.2194687842"><ele>72.000</ele></trkpt>
      <trkpt lat="22.2502972759" lon="114.2194702866"><ele>72.000</ele></trkpt>
      <trkpt lat="22.2502930400" lon="114.2194719733"><ele>72.000</ele></trkpt>
      <trkpt lat="22.2502888764" lon="114.2194738444"><ele>72.000</ele></trkpt>
      <trkpt lat="22.2502847850" lon="114.2194758901"><ele>72.000</ele></trkpt>
      <trkpt lat="22.2502804045" lon="114.2194783335"><ele>72.000</ele></trkpt>
      <trkpt lat="22.2502763672" lon="114.2194805054"><ele>72.000</ele></trkpt>
      <trkpt lat="22.2502722397" lon="114.2194824637"><ele>72.000</ele></trkpt>
      <trkpt lat="22.2502680219" lon="114.2194841990"><ele>72.000</ele></trkpt>
      <trkpt lat="22.2502637319" lon="114.2194857111"><ele>72.000</ele></trkpt>
      <trkpt lat="22.2502593788" lon="114.2194870000"><ele>72.000</ele></trkpt>
      <trkpt lat="22.2502549716" lon="114.2194880561"><ele>72.000</ele></trkpt>
      <trkpt lat="22.2502505192" lon="114.2194888794"><ele>70.000</ele></trkpt>
      <trkpt lat="22.2502460399" lon="114.2194894601"><ele>70.000</ele></trkpt>
      <trkpt lat="22.2502415335" lon="114.2194898177"><ele>70.000</ele></trkpt>
      <trkpt lat="22.2502370181" lon="114.2194899230"><ele>70.000</ele></trkpt>
      <trkpt lat="22.2502325118" lon="114.2194897955"><ele>70.000</ele></trkpt>
      <trkpt lat="22.2502243303" lon="114.2194889587"><ele>70.000</ele></trkpt>
      <trkpt lat="22.2502216846" lon="114.2194875804"><ele>70.000</ele></trkpt>
      <trkpt lat="22.2502171875" lon="114.2194871619"><ele>70.000</ele></trkpt>
      <trkpt lat="22.2502126722" lon="114.2194869568"><ele>70.000</ele></trkpt>
      <trkpt lat="22.2502081569" lon="114.2194869748"><ele>70.000</ele></trkpt>
      <trkpt lat="22.2502036505" lon="114.2194872063"><ele>68.000</ele></trkpt>
      <trkpt lat="22.2501991531" lon="114.2194876415"><ele>68.000</ele></trkpt>
      <trkpt lat="22.2501946827" lon="114.2194882998"><ele>68.000</ele></trkpt>
      <trkpt lat="22.2501902394" lon="114.2194891715"><ele>68.000</ele></trkpt>
      <trkpt lat="22.2501858322" lon="114.2194902567"><ele>68.000</ele></trkpt>
      <trkpt lat="22.2501814791" lon="114.2194915457"><ele>68.000</ele></trkpt>
      <trkpt lat="22.2501732603" lon="114.2194946088"><ele>68.000</ele></trkpt>
      <trkpt lat="22.2501689433" lon="114.2194960044"><ele>68.000</ele></trkpt>
      <trkpt lat="22.2501647346" lon="114.2194977591"><ele>68.000</ele></trkpt>
      <trkpt lat="22.2501606702" lon="114.2194998630"><ele>66.000</ele></trkpt>
      <trkpt lat="22.2501567593" lon="114.2195022968"><ele>66.000</ele></trkpt>
      <trkpt lat="22.2501530470" lon="114.2195050508"><ele>66.000</ele></trkpt>
      <trkpt lat="22.2501495332" lon="114.2195080959"><ele>67.000</ele></trkpt>
      <trkpt lat="22.2501462542" lon="114.2195114321"><ele>67.000</ele></trkpt>
      <trkpt lat="22.2501432280" lon="114.2195150304"><ele>67.000</ele></trkpt>
      <trkpt lat="22.2501404726" lon="114.2195188615"><ele>67.000</ele></trkpt>
      <trkpt lat="22.2501379972" lon="114.2195229255"><ele>67.000</ele></trkpt>
      <trkpt lat="22.2501345727" lon="114.2195300161"><ele>67.000</ele></trkpt>
      <trkpt lat="22.2501323320" lon="114.2195342257"><ele>67.000</ele></trkpt>
      <trkpt lat="22.2501303080" lon="114.2195385615"><ele>67.000</ele></trkpt>
      <trkpt lat="22.2501285097" lon="114.2195430138"><ele>67.000</ele></trkpt>
      <trkpt lat="22.2501269372" lon="114.2195475632"><ele>67.000</ele></trkpt>
      <trkpt lat="22.2501255994" lon="114.2195521903"><ele>67.000</ele></trkpt>
      <trkpt lat="22.2501244964" lon="114.2195568950"><ele>68.000</ele></trkpt>
      <trkpt lat="22.2501236282" lon="114.2195616483"><ele>68.000</ele></trkpt>
      <trkpt lat="22.2501230038" lon="114.2195664599"><ele>68.000</ele></trkpt>
      <trkpt lat="22.2501226233" lon="114.2195712910"><ele>68.000</ele></trkpt>
      <trkpt lat="22.2501224866" lon="114.2195761415"><ele>68.000</ele></trkpt>
      <trkpt lat="22.2501225936" lon="114.2195809825"><ele>68.000</ele></trkpt>
      <trkpt lat="22.2501230887" lon="114.2195871623"><ele>68.000</ele></trkpt>
      <trkpt lat="22.2501233042" lon="114.2195920129"><ele>68.000</ele></trkpt>
      <trkpt lat="22.2501235558" lon="114.2195968539"><ele>68.000</ele></trkpt>
      <trkpt lat="22.2501238615" lon="114.2196016949"><ele>68.000</ele></trkpt>
      <trkpt lat="22.2501242124" lon="114.2196065262"><ele>70.000</ele></trkpt>
      <trkpt lat="22.2501246085" lon="114.2196113575"><ele>70.000</ele></trkpt>
      <trkpt lat="22.2501250588" lon="114.2196161888"><ele>70.000</ele></trkpt>
      <trkpt lat="22.2501255542" lon="114.2196210105"><ele>70.000</ele></trkpt>
      <trkpt lat="22.2501260948" lon="114.2196258224"><ele>70.000</ele></trkpt>
      <trkpt lat="22.2501266805" lon="114.2196306344"><ele>70.000</ele></trkpt>
      <trkpt lat="22.2501273114" lon="114.2196354367"><ele>70.000</ele></trkpt>
      <trkpt lat="22.2501283300" lon="114.2196424315"><ele>70.000</ele></trkpt>
      <trkpt lat="22.2501290873" lon="114.2196472145"><ele>70.000</ele></trkpt>
      <trkpt lat="22.2501299259" lon="114.2196519780"><ele>70.000</ele></trkpt>
      <trkpt lat="22.2501308277" lon="114.2196567318"><ele>70.000</ele></trkpt>
      <trkpt lat="22.2501318108" lon="114.2196614663"><ele>70.000</ele></trkpt>
      <trkpt lat="22.2501328571" lon="114.2196661814"><ele>70.000</ele></trkpt>
      <trkpt lat="22.2501339847" lon="114.2196708771"><ele>70.000</ele></trkpt>
      <trkpt lat="22.2501351756" lon="114.2196755632"><ele>70.000</ele></trkpt>
      <trkpt lat="22.2501364386" lon="114.2196802201"><ele>70.000</ele></trkpt>
      <trkpt lat="22.2501377739" lon="114.2196848480"><ele>70.000</ele></trkpt>
      <trkpt lat="22.2501391815" lon="114.2196894565"><ele>70.000</ele></trkpt>
      <trkpt lat="22.2501406523" lon="114.2196940456"><ele>70.000</ele></trkpt>
      <trkpt lat="22.2501421953" lon="114.2196986056"><ele>70.000</ele></trkpt>
      <trkpt lat="22.2501438106" lon="114.2197031366"><ele>69.000</ele></trkpt>
      <trkpt lat="22.2501454892" lon="114.2197076384"><ele>69.000</ele></trkpt>
      <trkpt lat="22.2501472399" lon="114.2197121112"><ele>69.000</ele></trkpt>
      <trkpt lat="22.2501490539" lon="114.2197165452"><ele>69.000</ele></trkpt>
      <trkpt lat="22.2501509402" lon="114.2197209598"><ele>69.000</ele></trkpt>
      <trkpt lat="22.2501528896" lon="114.2197253259"><ele>69.000</ele></trkpt>
      <trkpt lat="22.2501549114" lon="114.2197296727"><ele>69.000</ele></trkpt>
      <trkpt lat="22.2501569873" lon="114.2197339710"><ele>69.000</ele></trkpt>
      <trkpt lat="22.2501600110" lon="114.2197399381"><ele>69.000</ele></trkpt>
      <trkpt lat="22.2501618611" lon="114.2197443624"><ele>72.000</ele></trkpt>
      <trkpt lat="22.2501634674" lon="114.2197488934"><ele>70.000</ele></trkpt>
      <trkpt lat="22.2501648388" lon="114.2197535115"><ele>70.000</ele></trkpt>
      <trkpt lat="22.2501659664" lon="114.2197582073"><ele>70.000</ele></trkpt>
      <trkpt lat="22.2501668411" lon="114.2197629708"><ele>70.000</ele></trkpt>
      <trkpt lat="22.2501674720" lon="114.2197677731"><ele>70.000</ele></trkpt>
      <trkpt lat="22.2501678410" lon="114.2197726044"><ele>70.000</ele></trkpt>
      <trkpt lat="22.2501679571" lon="114.2197774550"><ele>70.000</ele></trkpt>
      <trkpt lat="22.2501678203" lon="114.2197822959"><ele>70.000</ele></trkpt>
      <trkpt lat="22.2501674307" lon="114.2197871367"><ele>70.000</ele></trkpt>
      <trkpt lat="22.2501667883" lon="114.2197919289"><ele>70.000</ele></trkpt>
      <trkpt lat="22.2501655042" lon="114.2197984088"><ele>70.000</ele></trkpt>
      <trkpt lat="22.2501642297" lon="114.2198030650"><ele>70.000</ele></trkpt>
      <trkpt lat="22.2501630725" lon="114.2198077504"><ele>70.000</ele></trkpt>
      <trkpt lat="22.2501620327" lon="114.2198124745"><ele>70.000</ele></trkpt>
      <trkpt lat="22.2501611104" lon="114.2198172278"><ele>70.000</ele></trkpt>
      <trkpt lat="22.2501603144" lon="114.2198220006"><ele>67.000</ele></trkpt>
      <trkpt lat="22.2501596358" lon="114.2198267927"><ele>67.000</ele></trkpt>
      <trkpt lat="22.2501590837" lon="114.2198316044"><ele>67.000</ele></trkpt>
      <trkpt lat="22.2501586580" lon="114.2198364354"><ele>67.000</ele></trkpt>
      <trkpt lat="22.2501583496" lon="114.2198412762"><ele>67.000</ele></trkpt>
      <trkpt lat="22.2501581587" lon="114.2198461171"><ele>66.000</ele></trkpt>
      <trkpt lat="22.2501581032" lon="114.2198509676"><ele>66.000</ele></trkpt>
      <trkpt lat="22.2501581561" lon="114.2198558182"><ele>66.000</ele></trkpt>
      <trkpt lat="22.2501583445" lon="114.2198606689"><ele>66.000</ele></trkpt>
      <trkpt lat="22.2501586503" lon="114.2198655099"><ele>66.000</ele></trkpt>
      <trkpt lat="22.2501590825" lon="114.2198703315"><ele>66.000</ele></trkpt>
      <trkpt lat="22.2501596321" lon="114.2198751532"><ele>66.000</ele></trkpt>
      <trkpt lat="22.2501603081" lon="114.2198799458"><ele>66.000</ele></trkpt>
      <trkpt lat="22.2501611015" lon="114.2198847190"><ele>70.000</ele></trkpt>
      <trkpt lat="22.2501620124" lon="114.2198894728"><ele>70.000</ele></trkpt>
      <trkpt lat="22.2501630496" lon="114.2198941879"><ele>70.000</ele></trkpt>
      <trkpt lat="22.2501646825" lon="114.2199006494"><ele>69.000</ele></trkpt>
      <trkpt lat="22.2501657739" lon="114.2199053548"><ele>69.000</ele></trkpt>
      <trkpt lat="22.2501669828" lon="114.2199100312"><ele>69.000</ele></trkpt>
      <trkpt lat="22.2501683091" lon="114.2199146688"><ele>69.000</ele></trkpt>
      <trkpt lat="22.2501697528" lon="114.2199192676"><ele>69.000</ele></trkpt>
      <trkpt lat="22.2501713048" lon="114.2199238179"><ele>69.000</ele></trkpt>
      <trkpt lat="22.2501729653" lon="114.2199283295"><ele>69.000</ele></trkpt>
      <trkpt lat="22.2501747431" lon="114.2199327925"><ele>69.000</ele></trkpt>
      <trkpt lat="22.2501766294" lon="114.2199371975"><ele>69.000</ele></trkpt>
      <trkpt lat="22.2501799057" lon="114.2199442221"><ele>68.000</ele></trkpt>
      <trkpt lat="22.2501864312" lon="114.2199579998"><ele>68.000</ele></trkpt>
      <trkpt lat="22.2501936167" lon="114.2199687995"><ele>68.000</ele></trkpt>
      <trkpt lat="22.2501962255" lon="114.2199727583"><ele>68.000</ele></trkpt>
      <trkpt lat="22.2501985002" lon="114.2199769499"><ele>68.000</ele></trkpt>
      <trkpt lat="22.2502004225" lon="114.2199813355"><ele>68.000</ele></trkpt>
      <trkpt lat="22.2502019836" lon="114.2199858858"><ele>68.000</ele></trkpt>
      <trkpt lat="22.2502031654" lon="114.2199905622"><ele>68.000</ele></trkpt>
      <trkpt lat="22.2502039679" lon="114.2199953354"><ele>68.000</ele></trkpt>
      <trkpt lat="22.2502043820" lon="114.2200001667"><ele>68.000</ele></trkpt>
      <trkpt lat="22.2502043988" lon="114.2200050076"><ele>68.000</ele></trkpt>
      <trkpt lat="22.2502040272" lon="114.2200098484"><ele>68.000</ele></trkpt>
      <trkpt lat="22.2502032583" lon="114.2200146211"><ele>68.000</ele></trkpt>
      <trkpt lat="22.2502021102" lon="114.2200193064"><ele>68.000</ele></trkpt>
      <trkpt lat="22.2502005828" lon="114.2200238753"><ele>68.000</ele></trkpt>
      <trkpt lat="22.2501982063" lon="114.2200292587"><ele>68.000</ele></trkpt>
      <trkpt lat="22.2501882414" lon="114.2200446514"><ele>68.000</ele></trkpt>
      <trkpt lat="22.2501828115" lon="114.2200538368"><ele>68.000</ele></trkpt>
      <trkpt lat="22.2501795506" lon="114.2200571827"><ele>68.000</ele></trkpt>
      <trkpt lat="22.2501758292" lon="114.2200599270"><ele>68.000</ele></trkpt>
      <trkpt lat="22.2501717558" lon="114.2200620018"><ele>68.000</ele></trkpt>
      <trkpt lat="22.2501674207" lon="114.2200633489"><ele>68.000</ele></trkpt>
      <trkpt lat="22.2501629413" lon="114.2200639490"><ele>68.000</ele></trkpt>
      <trkpt lat="22.2501584351" lon="114.2200637633"><ele>68.000</ele></trkpt>
      <trkpt lat="22.2501523940" lon="114.2200622675"><ele>68.000</ele></trkpt>
      <trkpt lat="22.2501479240" lon="114.2200615967"><ele>68.000</ele></trkpt>
      <trkpt lat="22.2501434087" lon="114.2200614304"><ele>68.000</ele></trkpt>
      <trkpt lat="22.2501389113" lon="114.2200617880"><ele>68.000</ele></trkpt>
      <trkpt lat="22.2501344680" lon="114.2200626500"><ele>68.000</ele></trkpt>
      <trkpt lat="22.2501301419" lon="114.2200640165"><ele>68.000</ele></trkpt>
      <trkpt lat="22.2501259693" lon="114.2200658682"><ele>68.000</ele></trkpt>
      <trkpt lat="22.2501219500" lon="114.2200682146"><ele>68.000</ele></trkpt>
      <trkpt lat="22.2501073540" lon="114.2200772323"><ele>70.000</ele></trkpt>
      <trkpt lat="22.2500970846" lon="114.2200832536"><ele>70.000</ele></trkpt>
      <trkpt lat="22.2500935076" lon="114.2200862113"><ele>70.000</ele></trkpt>
      <trkpt lat="22.2500896780" lon="114.2200887713"><ele>70.000</ele></trkpt>
      <trkpt lat="22.2500856226" lon="114.2200909043"><ele>70.000</ele></trkpt>
      <trkpt lat="22.2500813958" lon="114.2200926007"><ele>70.000</ele></trkpt>
      <trkpt lat="22.2500770337" lon="114.2200938314"><ele>70.000</ele></trkpt>
      <trkpt lat="22.2500725723" lon="114.2200945867"><ele>70.000</ele></trkpt>
      <trkpt lat="22.2500680659" lon="114.2200948570"><ele>70.000</ele></trkpt>
      <trkpt lat="22.2500635597" lon="114.2200946519"><ele>70.000</ele></trkpt>
      <trkpt lat="22.2500590897" lon="114.2200939617"><ele>70.000</ele></trkpt>
      <trkpt lat="22.2500547101" lon="114.2200927865"><ele>70.000</ele></trkpt>
      <trkpt lat="22.2500492381" lon="114.2200905924"><ele>70.000</ele></trkpt>
      <trkpt lat="22.2500400457" lon="114.2200874657"><ele>70.000</ele></trkpt>
      <trkpt lat="22.2500359192" lon="114.2200855145"><ele>70.000</ele></trkpt>
      <trkpt lat="22.2500317295" lon="114.2200836991"><ele>70.000</ele></trkpt>
      <trkpt lat="22.2500274855" lon="114.2200820292"><ele>70.000</ele></trkpt>
      <trkpt lat="22.2500232054" lon="114.2200805145"><ele>68.000</ele></trkpt>
      <trkpt lat="22.2500188710" lon="114.2200791453"><ele>68.000</ele></trkpt>
      <trkpt lat="22.2500145005" lon="114.2200779217"><ele>68.000</ele></trkpt>
      <trkpt lat="22.2500100938" lon="114.2200768532"><ele>68.000</ele></trkpt>
      <trkpt lat="22.2500056600" lon="114.2200759399"><ele>68.000</ele></trkpt>
      <trkpt lat="22.2500011991" lon="114.2200751818"><ele>68.000</ele></trkpt>
      <trkpt lat="22.2499967200" lon="114.2200745790"><ele>68.000</ele></trkpt>
      <trkpt lat="22.2499922229" lon="114.2200741217"><ele>68.000</ele></trkpt>
      <trkpt lat="22.2499877166" lon="114.2200738292"><ele>68.000</ele></trkpt>
      <trkpt lat="22.2499832104" lon="114.2200736920"><ele>68.000</ele></trkpt>
      <trkpt lat="22.2499786950" lon="114.2200737003"><ele>66.000</ele></trkpt>
      <trkpt lat="22.2499741797" lon="114.2200738736"><ele>66.000</ele></trkpt>
      <trkpt lat="22.2499696733" lon="114.2200742020"><ele>66.000</ele></trkpt>
      <trkpt lat="22.2499651849" lon="114.2200746857"><ele>66.000</ele></trkpt>
      <trkpt lat="22.2499606513" lon="114.2200753343"><ele>66.000</ele></trkpt>
      <trkpt lat="22.2499561450" lon="114.2200754202"><ele>66.000</ele></trkpt>
      <trkpt lat="22.2499516296" lon="114.2200754964"><ele>66.000</ele></trkpt>
      <trkpt lat="22.2499471143" lon="114.2200755630"><ele>66.000</ele></trkpt>
      <trkpt lat="22.2499425989" lon="114.2200756198"><ele>66.000</ele></trkpt>
      <trkpt lat="22.2499380836" lon="114.2200756572"><ele>66.000</ele></trkpt>
      <trkpt lat="22.2499335682" lon="114.2200756849"><ele>64.000</ele></trkpt>
      <trkpt lat="22.2499290529" lon="114.2200756932"><ele>64.000</ele></trkpt>
      <trkpt lat="22.2499245376" lon="114.2200757016"><ele>64.000</ele></trkpt>
      <trkpt lat="22.2499200222" lon="114.2200756905"><ele>64.000</ele></trkpt>
      <trkpt lat="22.2499155069" lon="114.2200756600"><ele>64.000</ele></trkpt>
      <trkpt lat="22.2499109916" lon="114.2200756295"><ele>64.000</ele></trkpt>
      <trkpt lat="22.2499064763" lon="114.2200755796"><ele>64.000</ele></trkpt>
      <trkpt lat="22.2499019609" lon="114.2200755200"><ele>64.000</ele></trkpt>
      <trkpt lat="22.2498974456" lon="114.2200754507"><ele>64.000</ele></trkpt>
      <trkpt lat="22.2498929303" lon="114.2200753717"><ele>64.000</ele></trkpt>
      <trkpt lat="22.2498884150" lon="114.2200752733"><ele>66.000</ele></trkpt>
      <trkpt lat="22.2498838997" lon="114.2200751652"><ele>66.000</ele></trkpt>
      <trkpt lat="22.2498793844" lon="114.2200750377"><ele>66.000</ele></trkpt>
      <trkpt lat="22.2498748691" lon="114.2200749102"><ele>66.000</ele></trkpt>
      <trkpt lat="22.2498680600" lon="114.2200746850"><ele>66.000</ele></trkpt>
      <trkpt lat="22.2498180934" lon="114.2200746405"><ele>66.000</ele></trkpt>
      <trkpt lat="22.2498031928" lon="114.2200742770"><ele>66.000</ele></trkpt>
      <trkpt lat="22.2497987319" lon="114.2200735190"><ele>65.000</ele></trkpt>
      <trkpt lat="22.2497942347" lon="114.2200730616"><ele>65.000</ele></trkpt>
      <trkpt lat="22.2497897285" lon="114.2200729244"><ele>65.000</ele></trkpt>
      <trkpt lat="22.2497852131" lon="114.2200731074"><ele>65.000</ele></trkpt>
      <trkpt lat="22.2497807247" lon="114.2200735910"><ele>65.000</ele></trkpt>
      <trkpt lat="22.2497762634" lon="114.2200743852"><ele>65.000</ele></trkpt>
      <trkpt lat="22.2497718742" lon="114.2200754898"><ele>65.000</ele></trkpt>
      <trkpt lat="22.2497675481" lon="114.2200769048"><ele>65.000</ele></trkpt>
      <trkpt lat="22.2497633213" lon="114.2200786012"><ele>65.000</ele></trkpt>
      <trkpt lat="22.2497592118" lon="114.2200805984"><ele>65.000</ele></trkpt>
      <trkpt lat="22.2497552196" lon="114.2200828672"><ele>65.000</ele></trkpt>
      <trkpt lat="22.2497513809" lon="114.2200854175"><ele>64.000</ele></trkpt>
      <trkpt lat="22.2497476957" lon="114.2200882200"><ele>66.000</ele></trkpt>
      <trkpt lat="22.2497441910" lon="114.2200912748"><ele>66.000</ele></trkpt>
      <trkpt lat="22.2497408758" lon="114.2200945624"><ele>66.000</ele></trkpt>
      <trkpt lat="22.2497377593" lon="114.2200980830"><ele>66.000</ele></trkpt>
      <trkpt lat="22.2497348685" lon="114.2201018073"><ele>66.000</ele></trkpt>
      <trkpt lat="22.2497312457" lon="114.2201072680"><ele>66.000</ele></trkpt>
      <trkpt lat="22.2497284904" lon="114.2201111088"><ele>66.000</ele></trkpt>
      <trkpt lat="22.2497254822" lon="114.2201147264"><ele>66.000</ele></trkpt>
      <trkpt lat="22.2497222483" lon="114.2201181111"><ele>66.000</ele></trkpt>
      <trkpt lat="22.2497187978" lon="114.2201212338"><ele>66.000</ele></trkpt>
      <trkpt lat="22.2497151486" lon="114.2201240848"><ele>66.000</ele></trkpt>
      <trkpt lat="22.2497113189" lon="114.2201266545"><ele>66.000</ele></trkpt>
      <trkpt lat="22.2497073268" lon="114.2201289233"><ele>66.000</ele></trkpt>
      <trkpt lat="22.2497031992" lon="114.2201308817"><ele>66.000</ele></trkpt>
      <trkpt lat="22.2496966062" lon="114.2201332564"><ele>66.000</ele></trkpt>
      <trkpt lat="22.2496924967" lon="114.2201352730"><ele>66.000</ele></trkpt>
      <trkpt lat="22.2496884865" lon="114.2201374933"><ele>68.000</ele></trkpt>
      <trkpt lat="22.2496845756" lon="114.2201399174"><ele>68.000</ele></trkpt>
      <trkpt lat="22.2496807820" lon="114.2201425453"><ele>68.000</ele></trkpt>
      <trkpt lat="22.2496771148" lon="114.2201453769"><ele>68.000</ele></trkpt>
      <trkpt lat="22.2496735740" lon="114.2201483832"><ele>68.000</ele></trkpt>
      <trkpt lat="22.2496701776" lon="114.2201515835"><ele>68.000</ele></trkpt>
      <trkpt lat="22.2496669347" lon="114.2201549488"><ele>68.000</ele></trkpt>
      <trkpt lat="22.2496638452" lon="114.2201584888"><ele>68.000</ele></trkpt>
      <trkpt lat="22.2496609183" lon="114.2201621840"><ele>68.000</ele></trkpt>
      <trkpt lat="22.2496581629" lon="114.2201660248"><ele>68.000</ele></trkpt>
      <trkpt lat="22.2496551816" lon="114.2201706707"><ele>68.000</ele></trkpt>
      <trkpt lat="22.2496402210" lon="114.2201922900"><ele>70.000</ele></trkpt>
      <trkpt lat="22.2496286661" lon="114.2202099232"><ele>70.000</ele></trkpt>
      <trkpt lat="22.2496236878" lon="114.2202188564"><ele>70.000</ele></trkpt>
      <trkpt lat="22.2496205167" lon="114.2202238224"><ele>70.000</ele></trkpt>
      <trkpt lat="22.2496153127" lon="114.2202327653"><ele>70.000</ele></trkpt>
      <trkpt lat="22.2496127469" lon="114.2202367516"><ele>70.000</ele></trkpt>
      <trkpt lat="22.2496102714" lon="114.2202408059"><ele>70.000</ele></trkpt>
      <trkpt lat="22.2496078772" lon="114.2202449185"><ele>70.000</ele></trkpt>
      <trkpt lat="22.2496055823" lon="114.2202490990"><ele>70.000</ele></trkpt>
      <trkpt lat="22.2496033867" lon="114.2202533377"><ele>70.000</ele></trkpt>
      <trkpt lat="22.2496012724" lon="114.2202576250"><ele>70.000</ele></trkpt>
      <trkpt lat="22.2495992664" lon="114.2202619705"><ele>70.000</ele></trkpt>
      <trkpt lat="22.2495973597" lon="114.2202663645"><ele>70.000</ele></trkpt>
      <trkpt lat="22.2495955434" lon="114.2202708071"><ele>70.000</ele></trkpt>
      <trkpt lat="22.2495938264" lon="114.2202752885"><ele>70.000</ele></trkpt>
      <trkpt lat="22.2495922177" lon="114.2202798281"><ele>70.000</ele></trkpt>
      <trkpt lat="22.2495907083" lon="114.2202843969"><ele>69.000</ele></trkpt>
      <trkpt lat="22.2495892983" lon="114.2202890045"><ele>69.000</ele></trkpt>
      <trkpt lat="22.2495879967" lon="114.2202936509"><ele>69.000</ele></trkpt>
      <trkpt lat="22.2495867943" lon="114.2202983265"><ele>69.000</ele></trkpt>
      <trkpt lat="22.2495857004" lon="114.2203030312"><ele>69.000</ele></trkpt>
      <trkpt lat="22.2495847148" lon="114.2203077651"><ele>69.000</ele></trkpt>
      <trkpt lat="22.2495838285" lon="114.2203125184"><ele>69.000</ele></trkpt>
      <trkpt lat="22.2495830506" lon="114.2203173008"><ele>69.000</ele></trkpt>
      <trkpt lat="22.2495820914" lon="114.2203244309"><ele>69.000</ele></trkpt>
      <trkpt lat="22.2495794419" lon="114.2203375363"><ele>68.000</ele></trkpt>
      <trkpt lat="22.2495789530" lon="114.2203423576"><ele>68.000</ele></trkpt>
      <trkpt lat="22.2495779764" lon="114.2203470915"><ele>68.000</ele></trkpt>
      <trkpt lat="22.2495765122" lon="114.2203516797"><ele>68.000</ele></trkpt>
      <trkpt lat="22.2495745785" lon="114.2203560640"><ele>68.000</ele></trkpt>
      <trkpt lat="22.2495722113" lon="114.2203601863"><ele>66.000</ele></trkpt>
      <trkpt lat="22.2495694288" lon="114.2203640077"><ele>66.000</ele></trkpt>
      <trkpt lat="22.2495662762" lon="114.2203674700"><ele>66.000</ele></trkpt>
      <trkpt lat="22.2495627805" lon="114.2203705345"><ele>66.000</ele></trkpt>
      <trkpt lat="22.2495589869" lon="114.2203731720"><ele>66.000</ele></trkpt>
      <trkpt lat="22.2495549496" lon="114.2203753341"><ele>66.000</ele></trkpt>
      <trkpt lat="22.2495507138" lon="114.2203770111"><ele>66.000</ele></trkpt>
      <trkpt lat="22.2495453763" lon="114.2203783385"><ele>66.000</ele></trkpt>
      <trkpt lat="22.2495070268" lon="114.2203981946"><ele>67.000</ele></trkpt>
      <trkpt lat="22.2495029444" lon="114.2204002694"><ele>67.000</ele></trkpt>
      <trkpt lat="22.2494988980" lon="114.2204024315"><ele>67.000</ele></trkpt>
      <trkpt lat="22.2494948969" lon="114.2204046809"><ele>67.000</ele></trkpt>
      <trkpt lat="22.2494909408" lon="114.2204070080"><ele>67.000</ele></trkpt>
      <trkpt lat="22.2494870208" lon="114.2204094126"><ele>67.000</ele></trkpt>
      <trkpt lat="22.2494831460" lon="114.2204119046"><ele>66.000</ele></trkpt>
      <trkpt lat="22.2494793163" lon="114.2204144839"><ele>66.000</ele></trkpt>
      <trkpt lat="22.2494755408" lon="114.2204171409"><ele>66.000</ele></trkpt>
      <trkpt lat="22.2494718104" lon="114.2204198658"><ele>66.000</ele></trkpt>
      <trkpt lat="22.2494681251" lon="114.2204226779"><ele>66.000</ele></trkpt>
      <trkpt lat="22.2494645030" lon="114.2204255678"><ele>66.000</ele></trkpt>
      <trkpt lat="22.2494609261" lon="114.2204285255"><ele>68.000</ele></trkpt>
      <trkpt lat="22.2494574033" lon="114.2204315609"><ele>68.000</ele></trkpt>
      <trkpt lat="22.2494539347" lon="114.2204346738"><ele>68.000</ele></trkpt>
      <trkpt lat="22.2494505293" lon="114.2204378548"><ele>68.000</ele></trkpt>
      <trkpt lat="22.2494471781" lon="114.2204411133"><ele>68.000</ele></trkpt>
      <trkpt lat="22.2494438900" lon="114.2204444301"><ele>68.000</ele></trkpt>
      <trkpt lat="22.2494406651" lon="114.2204478245"><ele>68.000</ele></trkpt>
      <trkpt lat="22.2494374944" lon="114.2204512771"><ele>66.000</ele></trkpt>
      <trkpt lat="22.2494343960" lon="114.2204548074"><ele>66.000</ele></trkpt>
      <trkpt lat="22.2494313517" lon="114.2204583861"><ele>66.000</ele></trkpt>
      <trkpt lat="22.2494283796" lon="114.2204620425"><ele>66.000</ele></trkpt>
      <trkpt lat="22.2494254798" lon="114.2204657572"><ele>66.000</ele></trkpt>
      <trkpt lat="22.2494226341" lon="114.2204695300"><ele>66.000</ele></trkpt>
      <trkpt lat="22.2494198697" lon="114.2204733611"><ele>66.000</ele></trkpt>
      <trkpt lat="22.2494171685" lon="114.2204772505"><ele>68.000</ele></trkpt>
      <trkpt lat="22.2494136993" lon="114.2204824977"><ele>68.000</ele></trkpt>
      <trkpt lat="22.2493780613" lon="114.2205272574"><ele>66.000</ele></trkpt>
      <trkpt lat="22.2493754774" lon="114.2205312438"><ele>66.000</ele></trkpt>
      <trkpt lat="22.2493728304" lon="114.2205351719"><ele>66.000</ele></trkpt>
      <trkpt lat="22.2493701201" lon="114.2205390515"><ele>66.000</ele></trkpt>
      <trkpt lat="22.2493673557" lon="114.2205428826"><ele>66.000</ele></trkpt>
      <trkpt lat="22.2493645191" lon="114.2205466652"><ele>66.000</ele></trkpt>
      <trkpt lat="22.2493616373" lon="114.2205503895"><ele>66.000</ele></trkpt>
      <trkpt lat="22.2493586923" lon="114.2205540653"><ele>66.000</ele></trkpt>
      <trkpt lat="22.2493556841" lon="114.2205576926"><ele>66.000</ele></trkpt>
      <trkpt lat="22.2493526217" lon="114.2205612520"><ele>66.000</ele></trkpt>
      <trkpt lat="22.2493495052" lon="114.2205647628"><ele>66.000</ele></trkpt>
      <trkpt lat="22.2493463345" lon="114.2205682154"><ele>64.000</ele></trkpt>
      <trkpt lat="22.2493431006" lon="114.2205716098"><ele>64.000</ele></trkpt>
      <trkpt lat="22.2493398216" lon="114.2205749363"><ele>64.000</ele></trkpt>
      <trkpt lat="22.2493364884" lon="114.2205782142"><ele>64.000</ele></trkpt>
      <trkpt lat="22.2493331101" lon="114.2205814243"><ele>64.000</ele></trkpt>
      <trkpt lat="22.2493296776" lon="114.2205845761"><ele>64.000</ele></trkpt>
      <trkpt lat="22.2493261909" lon="114.2205876599"><ele>64.000</ele></trkpt>
      <trkpt lat="22.2493226591" lon="114.2205906856"><ele>64.000</ele></trkpt>
      <trkpt lat="22.2493190821" lon="114.2205936433"><ele>64.000</ele></trkpt>
      <trkpt lat="22.2493154601" lon="114.2205965332"><ele>64.000</ele></trkpt>
      <trkpt lat="22.2493096341" lon="114.2206009648"><ele>64.000</ele></trkpt>
      <trkpt lat="22.2492772794" lon="114.2206261970"><ele>62.000</ele></trkpt>
      <trkpt lat="22.2492389994" lon="114.2206559288"><ele>61.000</ele></trkpt>
      <trkpt lat="22.2491970793" lon="114.2206884048"><ele>60.000</ele></trkpt>
      <trkpt lat="22.2491936198" lon="114.2206915178"><ele>60.000</ele></trkpt>
      <trkpt lat="22.2491900157" lon="114.2206944367"><ele>60.000</ele></trkpt>
      <trkpt lat="22.2491862673" lon="114.2206971518"><ele>60.000</ele></trkpt>
      <trkpt lat="22.2491824015" lon="114.2206996438"><ele>60.000</ele></trkpt>
      <trkpt lat="22.2491784093" lon="114.2207019126"><ele>60.000</ele></trkpt>
      <trkpt lat="22.2491743179" lon="114.2207039583"><ele>60.000</ele></trkpt>
      <trkpt lat="22.2491701271" lon="114.2207057711"><ele>60.000</ele></trkpt>
      <trkpt lat="22.2491658552" lon="114.2207073414"><ele>60.000</ele></trkpt>
      <trkpt lat="22.2491615111" lon="114.2207086594"><ele>60.000</ele></trkpt>
      <trkpt lat="22.2491571129" lon="114.2207097445"><ele>60.000</ele></trkpt>
      <trkpt lat="22.2491526605" lon="114.2207105677"><ele>60.000</ele></trkpt>
      <trkpt lat="22.2491481812" lon="114.2207111484"><ele>60.000</ele></trkpt>
      <trkpt lat="22.2491436748" lon="114.2207114671"><ele>60.000</ele></trkpt>
      <trkpt lat="22.2491391594" lon="114.2207115336"><ele>60.000</ele></trkpt>
      <trkpt lat="22.2491346441" lon="114.2207113479"><ele>60.000</ele></trkpt>
      <trkpt lat="22.2491301470" lon="114.2207109002"><ele>60.000</ele></trkpt>
      <trkpt lat="22.2491256860" lon="114.2207102004"><ele>60.000</ele></trkpt>
      <trkpt lat="22.2491212522" lon="114.2207092483"><ele>62.000</ele></trkpt>
      <trkpt lat="22.2491168817" lon="114.2207080537"><ele>62.000</ele></trkpt>
      <trkpt lat="22.2491114999" lon="114.2207062088"><ele>62.000</ele></trkpt>
      <trkpt lat="22.2491070751" lon="114.2207052179"><ele>62.000</ele></trkpt>
      <trkpt lat="22.2491026685" lon="114.2207041494"><ele>62.000</ele></trkpt>
      <trkpt lat="22.2490982889" lon="114.2207029936"><ele>62.000</ele></trkpt>
      <trkpt lat="22.2490939184" lon="114.2207017505"><ele>62.000</ele></trkpt>
      <trkpt lat="22.2490895750" lon="114.2207004201"><ele>62.000</ele></trkpt>
      <trkpt lat="22.2490852587" lon="114.2206990121"><ele>62.000</ele></trkpt>
      <trkpt lat="22.2490809605" lon="114.2206975168"><ele>62.000</ele></trkpt>
      <trkpt lat="22.2490766894" lon="114.2206959439"><ele>60.000</ele></trkpt>
      <trkpt lat="22.2490724455" lon="114.2206942934"><ele>60.000</ele></trkpt>
      <trkpt lat="22.2490682286" lon="114.2206925458"><ele>60.000</ele></trkpt>
      <trkpt lat="22.2490640479" lon="114.2206907304"><ele>60.000</ele></trkpt>
      <trkpt lat="22.2490598943" lon="114.2206888277"><ele>60.000</ele></trkpt>
      <trkpt lat="22.2490557678" lon="114.2206868474"><ele>60.000</ele></trkpt>
      <trkpt lat="22.2490516865" lon="114.2206847895"><ele>60.000</ele></trkpt>
      <trkpt lat="22.2490476323" lon="114.2206826540"><ele>60.000</ele></trkpt>
      <trkpt lat="22.2490436143" lon="114.2206804312"><ele>60.000</ele></trkpt>
      <trkpt lat="22.2490360929" lon="114.2206760148"><ele>60.000</ele></trkpt>
      <trkpt lat="22.2490119040" lon="114.2206604273"><ele>60.000</ele></trkpt>
      <trkpt lat="22.2490079492" lon="114.2206580784"><ele>60.000</ele></trkpt>
      <trkpt lat="22.2490040486" lon="114.2206556325"><ele>60.000</ele></trkpt>
      <trkpt lat="22.2490002022" lon="114.2206530994"><ele>60.000</ele></trkpt>
      <trkpt lat="22.2489964190" lon="114.2206504595"><ele>60.000</ele></trkpt>
      <trkpt lat="22.2489926811" lon="114.2206477323"><ele>60.000</ele></trkpt>
      <trkpt lat="22.2489890154" lon="114.2206449081"><ele>60.000</ele></trkpt>
      <trkpt lat="22.2489854039" lon="114.2206419967"><ele>60.000</ele></trkpt>
      <trkpt lat="22.2489818557" lon="114.2206389882"><ele>60.000</ele></trkpt>
      <trkpt lat="22.2489783797" lon="114.2206359022"><ele>60.000</ele></trkpt>
      <trkpt lat="22.2489749670" lon="114.2206327192"><ele>60.000</ele></trkpt>
      <trkpt lat="22.2489716265" lon="114.2206294586"><ele>60.000</ele></trkpt>
      <trkpt lat="22.2489683583" lon="114.2206261107"><ele>60.000</ele></trkpt>
      <trkpt lat="22.2489651623" lon="114.2206226852"><ele>60.000</ele></trkpt>
      <trkpt lat="22.2489620387" lon="114.2206191821"><ele>58.000</ele></trkpt>
      <trkpt lat="22.2489589963" lon="114.2206156015"><ele>58.000</ele></trkpt>
      <trkpt lat="22.2489560262" lon="114.2206119432"><ele>58.000</ele></trkpt>
      <trkpt lat="22.2489530561" lon="114.2206081104"><ele>58.000</ele></trkpt>
      <trkpt lat="22.2489391806" lon="114.2205909448"><ele>58.000</ele></trkpt>
      <trkpt lat="22.2489363912" lon="114.2205871314"><ele>58.000</ele></trkpt>
      <trkpt lat="22.2489335204" lon="114.2205833859"><ele>58.000</ele></trkpt>
      <trkpt lat="22.2489305684" lon="114.2205797179"><ele>58.000</ele></trkpt>
      <trkpt lat="22.2489275350" lon="114.2205761276"><ele>58.000</ele></trkpt>
      <trkpt lat="22.2489244204" lon="114.2205726051"><ele>56.000</ele></trkpt>
      <trkpt lat="22.2489212335" lon="114.2205691699"><ele>56.000</ele></trkpt>
      <trkpt lat="22.2489179743" lon="114.2205658221"><ele>56.000</ele></trkpt>
      <trkpt lat="22.2489146429" lon="114.2205625420"><ele>56.000</ele></trkpt>
      <trkpt lat="22.2489112302" lon="114.2205593590"><ele>56.000</ele></trkpt>
      <trkpt lat="22.2489077632" lon="114.2205562633"><ele>56.000</ele></trkpt>
      <trkpt lat="22.2489042150" lon="114.2205532549"><ele>56.000</ele></trkpt>
      <trkpt lat="22.2489006125" lon="114.2205503337"><ele>56.000</ele></trkpt>
      <trkpt lat="22.2488969468" lon="114.2205475095"><ele>56.000</ele></trkpt>
      <trkpt lat="22.2488932089" lon="114.2205447824"><ele>57.000</ele></trkpt>
      <trkpt lat="22.2488894257" lon="114.2205421425"><ele>57.000</ele></trkpt>
      <trkpt lat="22.2488855793" lon="114.2205395996"><ele>57.000</ele></trkpt>
      <trkpt lat="22.2488816697" lon="114.2205371634"><ele>57.000</ele></trkpt>
      <trkpt lat="22.2488770919" lon="114.2205344554"><ele>57.000</ele></trkpt>
      <trkpt lat="22.2488528594" lon="114.2205129405"><ele>56.000</ele></trkpt>
      <trkpt lat="22.2488494286" lon="114.2205097963"><ele>56.000</ele></trkpt>
      <trkpt lat="22.2488459797" lon="114.2205066715"><ele>56.000</ele></trkpt>
      <trkpt lat="22.2488425037" lon="114.2205035758"><ele>56.000</ele></trkpt>
      <trkpt lat="22.2488390006" lon="114.2205004994"><ele>56.000</ele></trkpt>
      <trkpt lat="22.2488354885" lon="114.2204974619"><ele>56.000</ele></trkpt>
      <trkpt lat="22.2488319493" lon="114.2204944535"><ele>56.000</ele></trkpt>
      <trkpt lat="22.2488283920" lon="114.2204914644"><ele>56.000</ele></trkpt>
      <trkpt lat="22.2488248076" lon="114.2204885045"><ele>56.000</ele></trkpt>
      <trkpt lat="22.2488212052" lon="114.2204855833"><ele>56.000</ele></trkpt>
      <trkpt lat="22.2488175847" lon="114.2204826816"><ele>56.000</ele></trkpt>
      <trkpt lat="22.2488139461" lon="114.2204798089"><ele>56.000</ele></trkpt>
      <trkpt lat="22.2488102894" lon="114.2204769654"><ele>56.000</ele></trkpt>
      <trkpt lat="22.2488066147" lon="114.2204741606"><ele>54.000</ele></trkpt>
      <trkpt lat="22.2488029129" lon="114.2204713753"><ele>56.000</ele></trkpt>
      <trkpt lat="22.2487991930" lon="114.2204686190"><ele>56.000</ele></trkpt>
      <trkpt lat="22.2487954550" lon="114.2204658918"><ele>56.000</ele></trkpt>
      <trkpt lat="22.2487917080" lon="114.2204632035"><ele>56.000</ele></trkpt>
      <trkpt lat="22.2487879339" lon="114.2204605345"><ele>56.000</ele></trkpt>
      <trkpt lat="22.2487841417" lon="114.2204579043"><ele>56.000</ele></trkpt>
      <trkpt lat="22.2487774602" lon="114.2204533621"><ele>56.000</ele></trkpt>
      <trkpt lat="22.2487735777" lon="114.2204508969"><ele>56.000</ele></trkpt>
      <trkpt lat="22.2487696681" lon="114.2204484704"><ele>56.000</ele></trkpt>
      <trkpt lat="22.2487657313" lon="114.2204460827"><ele>56.000</ele></trkpt>
      <trkpt lat="22.2487617856" lon="114.2204437435"><ele>56.000</ele></trkpt>
      <trkpt lat="22.2487578037" lon="114.2204414431"><ele>56.000</ele></trkpt>
      <trkpt lat="22.2487538037" lon="114.2204391815"><ele>56.000</ele></trkpt>
      <trkpt lat="22.2487497856" lon="114.2204369684"><ele>56.000</ele></trkpt>
      <trkpt lat="22.2487457495" lon="114.2204348038"><ele>56.000</ele></trkpt>
      <trkpt lat="22.2487416953" lon="114.2204326780"><ele>56.000</ele></trkpt>
      <trkpt lat="22.2487376140" lon="114.2204306008"><ele>56.000</ele></trkpt>
      <trkpt lat="22.2487330360" lon="114.2204283293"><ele>56.000</ele></trkpt>
      <trkpt lat="22.2487058844" lon="114.2204149916"><ele>56.000</ele></trkpt>
      <trkpt lat="22.2487019206" lon="114.2204126718"><ele>56.000</ele></trkpt>
      <trkpt lat="22.2486978664" lon="114.2204105363"><ele>56.000</ele></trkpt>
      <trkpt lat="22.2486937399" lon="114.2204085754"><ele>56.000</ele></trkpt>
      <trkpt lat="22.2486895320" lon="114.2204068085"><ele>56.000</ele></trkpt>
      <trkpt lat="22.2486852610" lon="114.2204052356"><ele>56.000</ele></trkpt>
      <trkpt lat="22.2486809356" lon="114.2204038470"><ele>56.000</ele></trkpt>
      <trkpt lat="22.2486765561" lon="114.2204026524"><ele>56.000</ele></trkpt>
      <trkpt lat="22.2486721404" lon="114.2204016615"><ele>56.000</ele></trkpt>
      <trkpt lat="22.2486676884" lon="114.2204008647"><ele>55.000</ele></trkpt>
      <trkpt lat="22.2486632094" lon="114.2204002715"><ele>55.000</ele></trkpt>
      <trkpt lat="22.2486587032" lon="114.2203998724"><ele>55.000</ele></trkpt>
      <trkpt lat="22.2486541969" lon="114.2203996770"><ele>55.000</ele></trkpt>
      <trkpt lat="22.2486496816" lon="114.2203996853"><ele>55.000</ele></trkpt>
      <trkpt lat="22.2486451662" lon="114.2203998973"><ele>55.000</ele></trkpt>
      <trkpt lat="22.2486406688" lon="114.2204003131"><ele>55.000</ele></trkpt>
      <trkpt lat="22.2486361894" lon="114.2204009228"><ele>55.000</ele></trkpt>
      <trkpt lat="22.2486317371" lon="114.2204017363"><ele>55.000</ele></trkpt>
      <trkpt lat="22.2486273208" lon="114.2204027439"><ele>55.000</ele></trkpt>
      <trkpt lat="22.2486229497" lon="114.2204039552"><ele>54.000</ele></trkpt>
      <trkpt lat="22.2486157516" lon="114.2204064073"><ele>54.000</ele></trkpt>
      <trkpt lat="22.2486114345" lon="114.2204078418"><ele>54.000</ele></trkpt>
      <trkpt lat="22.2486071446" lon="114.2204093538"><ele>54.000</ele></trkpt>
      <trkpt lat="22.2486028816" lon="114.2204109531"><ele>54.000</ele></trkpt>
      <trkpt lat="22.2485986458" lon="114.2204126398"><ele>54.000</ele></trkpt>
      <trkpt lat="22.2485944461" lon="114.2204144041"><ele>54.000</ele></trkpt>
      <trkpt lat="22.2485902644" lon="114.2204162460"><ele>54.000</ele></trkpt>
      <trkpt lat="22.2485861278" lon="114.2204181753"><ele>54.000</ele></trkpt>
      <trkpt lat="22.2485820183" lon="114.2204201918"><ele>54.000</ele></trkpt>
      <trkpt lat="22.2485779359" lon="114.2204222763"><ele>54.000</ele></trkpt>
      <trkpt lat="22.2485738986" lon="114.2204244481"><ele>54.000</ele></trkpt>
      <trkpt lat="22.2485698974" lon="114.2204266975"><ele>54.000</ele></trkpt>
      <trkpt lat="22.2485659414" lon="114.2204290245"><ele>52.000</ele></trkpt>
      <trkpt lat="22.2485620214" lon="114.2204314292"><ele>52.000</ele></trkpt>
      <trkpt lat="22.2485581375" lon="114.2204339115"><ele>52.000</ele></trkpt>
      <trkpt lat="22.2485542988" lon="114.2204364617"><ele>52.000</ele></trkpt>
      <trkpt lat="22.2485505052" lon="114.2204390992"><ele>52.000</ele></trkpt>
      <trkpt lat="22.2485467568" lon="114.2204417949"><ele>52.000</ele></trkpt>
      <trkpt lat="22.2485395127" lon="114.2204473417"><ele>52.000</ele></trkpt>
      <trkpt lat="22.2485362607" lon="114.2204507070"><ele>52.000</ele></trkpt>
      <trkpt lat="22.2485330178" lon="114.2204540819"><ele>52.000</ele></trkpt>
      <trkpt lat="22.2485297749" lon="114.2204574569"><ele>52.000</ele></trkpt>
      <trkpt lat="22.2485265320" lon="114.2204608319"><ele>52.000</ele></trkpt>
      <trkpt lat="22.2485208682" lon="114.2204667672"><ele>52.000</ele></trkpt>
      <trkpt lat="22.2485182121" lon="114.2204706953"><ele>52.000</ele></trkpt>
      <trkpt lat="22.2485151227" lon="114.2204742255"><ele>52.000</ele></trkpt>
      <trkpt lat="22.2485116450" lon="114.2204773094"><ele>52.000</ele></trkpt>
      <trkpt lat="22.2485078244" lon="114.2204798984"><ele>52.000</ele></trkpt>
      <trkpt lat="22.2485037329" lon="114.2204819440"><ele>52.000</ele></trkpt>
      <trkpt lat="22.2484950990" lon="114.2204842890"><ele>52.000</ele></trkpt>
      <trkpt lat="22.2484910707" lon="114.2204864802"><ele>52.000</ele></trkpt>
      <trkpt lat="22.2484870876" lon="114.2204887587"><ele>50.000</ele></trkpt>
      <trkpt lat="22.2484831405" lon="114.2204911149"><ele>50.000</ele></trkpt>
      <trkpt lat="22.2484792386" lon="114.2204935583"><ele>50.000</ele></trkpt>
      <trkpt lat="22.2484753818" lon="114.2204960794"><ele>50.000</ele></trkpt>
      <trkpt lat="22.2484715702" lon="114.2204986878"><ele>50.000</ele></trkpt>
      <trkpt lat="22.2484678127" lon="114.2205013642"><ele>50.000</ele></trkpt>
      <trkpt lat="22.2484641004" lon="114.2205041278"><ele>50.000</ele></trkpt>
      <trkpt lat="22.2484604332" lon="114.2205069594"><ele>50.000</ele></trkpt>
      <trkpt lat="22.2484568201" lon="114.2205098686"><ele>50.000</ele></trkpt>
      <trkpt lat="22.2484532612" lon="114.2205128554"><ele>50.000</ele></trkpt>
      <trkpt lat="22.2484497565" lon="114.2205159199"><ele>50.000</ele></trkpt>
      <trkpt lat="22.2484463150" lon="114.2205190522"><ele>50.000</ele></trkpt>
      <trkpt lat="22.2484429186" lon="114.2205222525"><ele>50.000</ele></trkpt>
      <trkpt lat="22.2484395854" lon="114.2205255208"><ele>50.000</ele></trkpt>
      <trkpt lat="22.2484333525" lon="114.2205320089"><ele>50.000</ele></trkpt>
      <trkpt lat="22.2484178879" lon="114.2205472056"><ele>50.000</ele></trkpt>
      <trkpt lat="22.2484144012" lon="114.2205502992"><ele>50.000</ele></trkpt>
      <trkpt lat="22.2484109326" lon="114.2205533928"><ele>50.000</ele></trkpt>
      <trkpt lat="22.2484074640" lon="114.2205565057"><ele>50.000</ele></trkpt>
      <trkpt lat="22.2484040044" lon="114.2205596187"><ele>50.000</ele></trkpt>
      <trkpt lat="22.2484005448" lon="114.2205627413"><ele>50.000</ele></trkpt>
      <trkpt lat="22.2483970942" lon="114.2205658640"><ele>50.000</ele></trkpt>
      <trkpt lat="22.2483936527" lon="114.2205690061"><ele>50.000</ele></trkpt>
      <trkpt lat="22.2483902112" lon="114.2205721482"><ele>50.000</ele></trkpt>
      <trkpt lat="22.2483867877" lon="114.2205753097"><ele>52.000</ele></trkpt>
      <trkpt lat="22.2483833552" lon="114.2205784614"><ele>52.000</ele></trkpt>
      <trkpt lat="22.2483794168" lon="114.2205821175"><ele>52.000</ele></trkpt>
      <trkpt lat="22.2483666715" lon="114.2205933474"><ele>52.000</ele></trkpt>
      <trkpt lat="22.2483630310" lon="114.2205978282"><ele>52.000</ele></trkpt>
      <trkpt lat="22.2483591832" lon="114.2206003395"><ele>52.000</ele></trkpt>
      <trkpt lat="22.2483556424" lon="114.2206033555"><ele>52.000</ele></trkpt>
      <trkpt lat="22.2483524898" lon="114.2206068275"><ele>52.000</ele></trkpt>
      <trkpt lat="22.2483497705" lon="114.2206106876"><ele>52.000</ele></trkpt>
      <trkpt lat="22.2483475117" lon="114.2206148875"><ele>52.000</ele></trkpt>
      <trkpt lat="22.2483457676" lon="114.2206193592"><ele>52.000</ele></trkpt>
      <trkpt lat="22.2483445472" lon="114.2206240250"><ele>53.000</ele></trkpt>
      <trkpt lat="22.2483438866" lon="114.2206288171"><ele>53.000</ele></trkpt>
      <trkpt lat="22.2483437860" lon="114.2206336676"><ele>53.000</ele></trkpt>
      <trkpt lat="22.2483445609" lon="114.2206402161"><ele>53.000</ele></trkpt>
      <trkpt lat="22.2483445144" lon="114.2206450666"><ele>53.000</ele></trkpt>
      <trkpt lat="22.2483440796" lon="114.2206498879"><ele>53.000</ele></trkpt>
      <trkpt lat="22.2483432746" lon="114.2206546605"><ele>53.000</ele></trkpt>
      <trkpt lat="22.2483421084" lon="114.2206593458"><ele>53.000</ele></trkpt>
      <trkpt lat="22.2483405720" lon="114.2206639048"><ele>53.000</ele></trkpt>
      <trkpt lat="22.2483386924" lon="114.2206683182"><ele>53.000</ele></trkpt>
      <trkpt lat="22.2483364697" lon="114.2206725375"><ele>56.000</ele></trkpt>
      <trkpt lat="22.2483339400" lon="114.2206765529"><ele>56.000</ele></trkpt>
      <trkpt lat="22.2483306607" lon="114.2206808398"><ele>56.000</ele></trkpt>
      <trkpt lat="22.2483279054" lon="114.2206846806"><ele>56.000</ele></trkpt>
      <trkpt lat="22.2483250958" lon="114.2206884728"><ele>56.000</ele></trkpt>
      <trkpt lat="22.2483222501" lon="114.2206922359"><ele>56.000</ele></trkpt>
      <trkpt lat="22.2483193503" lon="114.2206959602"><ele>56.000</ele></trkpt>
      <trkpt lat="22.2483164143" lon="114.2206996457"><ele>56.000</ele></trkpt>
      <trkpt lat="22.2483134332" lon="114.2207032924"><ele>56.000</ele></trkpt>
      <trkpt lat="22.2483104160" lon="114.2207068905"><ele>56.000</ele></trkpt>
      <trkpt lat="22.2483073536" lon="114.2207104596"><ele>54.000</ele></trkpt>
      <trkpt lat="22.2483042461" lon="114.2207139801"><ele>54.000</ele></trkpt>
      <trkpt lat="22.2483000095" lon="114.2207186450"><ele>58.000</ele></trkpt>
      <trkpt lat="22.2482969291" lon="114.2207221946"><ele>58.000</ele></trkpt>
      <trkpt lat="22.2482938938" lon="114.2207257734"><ele>58.000</ele></trkpt>
      <trkpt lat="22.2482908766" lon="114.2207293909"><ele>58.000</ele></trkpt>
      <trkpt lat="22.2482879045" lon="114.2207330473"><ele>58.000</ele></trkpt>
      <trkpt lat="22.2482849685" lon="114.2207367328"><ele>58.000</ele></trkpt>
      <trkpt lat="22.2482820687" lon="114.2207404474"><ele>58.000</ele></trkpt>
      <trkpt lat="22.2482792049" lon="114.2207442008"><ele>58.000</ele></trkpt>
      <trkpt lat="22.2482763863" lon="114.2207479833"><ele>58.000</ele></trkpt>
      <trkpt lat="22.2482735948" lon="114.2207517950"><ele>58.000</ele></trkpt>
      <trkpt lat="22.2482708394" lon="114.2207556454"><ele>58.000</ele></trkpt>
      <trkpt lat="22.2482681292" lon="114.2207595153"><ele>58.000</ele></trkpt>
      <trkpt lat="22.2482654551" lon="114.2207634240"><ele>58.000</ele></trkpt>
      <trkpt lat="22.2482616606" lon="114.2207691173"><ele>56.000</ele></trkpt>
      <trkpt lat="22.2482592303" lon="114.2207732104"><ele>56.000</ele></trkpt>
      <trkpt lat="22.2482568270" lon="114.2207773132"><ele>56.000</ele></trkpt>
      <trkpt lat="22.2482544418" lon="114.2207814257"><ele>56.000</ele></trkpt>
      <trkpt lat="22.2482520746" lon="114.2207855576"><ele>56.000</ele></trkpt>
      <trkpt lat="22.2482497346" lon="114.2207897090"><ele>56.000</ele></trkpt>
      <trkpt lat="22.2482474216" lon="114.2207938700"><ele>56.000</ele></trkpt>
      <trkpt lat="22.2482451267" lon="114.2207980504"><ele>56.000</ele></trkpt>
      <trkpt lat="22.2482428498" lon="114.2208022406"><ele>56.000</ele></trkpt>
      <trkpt lat="22.2482406091" lon="114.2208064501"><ele>56.000</ele></trkpt>
      <trkpt lat="22.2482383774" lon="114.2208106694"><ele>56.000</ele></trkpt>
      <trkpt lat="22.2482361818" lon="114.2208149081"><ele>56.000</ele></trkpt>
      <trkpt lat="22.2482340042" lon="114.2208191565"><ele>57.000</ele></trkpt>
      <trkpt lat="22.2482318447" lon="114.2208234145"><ele>57.000</ele></trkpt>
      <trkpt lat="22.2482297123" lon="114.2208276920"><ele>57.000</ele></trkpt>
      <trkpt lat="22.2482276070" lon="114.2208319793"><ele>57.000</ele></trkpt>
      <trkpt lat="22.2482255288" lon="114.2208362859"><ele>57.000</ele></trkpt>
      <trkpt lat="22.2482234686" lon="114.2208406022"><ele>57.000</ele></trkpt>
      <trkpt lat="22.2482214265" lon="114.2208449282"><ele>57.000</ele></trkpt>
      <trkpt lat="22.2482180652" lon="114.2208522321"><ele>56.000</ele></trkpt>
      <trkpt lat="22.2482163030" lon="114.2208566940"><ele>56.000</ele></trkpt>
      <trkpt lat="22.2482145679" lon="114.2208611754"><ele>56.000</ele></trkpt>
      <trkpt lat="22.2482128779" lon="114.2208656761"><ele>56.000</ele></trkpt>
      <trkpt lat="22.2482112241" lon="114.2208701866"><ele>56.000</ele></trkpt>
      <trkpt lat="22.2482096154" lon="114.2208747165"><ele>56.000</ele></trkpt>
      <trkpt lat="22.2482080338" lon="114.2208792658"><ele>56.000</ele></trkpt>
      <trkpt lat="22.2482064973" lon="114.2208838248"><ele>56.000</ele></trkpt>
      <trkpt lat="22.2482045993" lon="114.2208896448"><ele>56.000</ele></trkpt>
      <trkpt lat="22.2482026273" lon="114.2209017608"><ele>56.000</ele></trkpt>
      <trkpt lat="22.2482006484" lon="114.2209061063"><ele>56.000</ele></trkpt>
      <trkpt lat="22.2481993739" lon="114.2209107624"><ele>56.000</ele></trkpt>
      <trkpt lat="22.2481988488" lon="114.2209155739"><ele>56.000</ele></trkpt>
      <trkpt lat="22.2481990823" lon="114.2209204051"><ele>56.000</ele></trkpt>
      <trkpt lat="22.2482000653" lon="114.2209251396"><ele>56.000</ele></trkpt>
      <trkpt lat="22.2482021590" lon="114.2209304079"><ele>56.000</ele></trkpt>
      <trkpt lat="22.2482072942" lon="114.2209424582"><ele>56.000</ele></trkpt>
      <trkpt lat="22.2482285473" lon="114.2209946177"><ele>60.000</ele></trkpt>
      <trkpt lat="22.2482334652" lon="114.2210084045"><ele>60.000</ele></trkpt>
      <trkpt lat="22.2482351889" lon="114.2210128869"><ele>60.000</ele></trkpt>
      <trkpt lat="22.2482367048" lon="114.2210174566"><ele>60.000</ele></trkpt>
      <trkpt lat="22.2482380220" lon="114.2210220941"><ele>60.000</ele></trkpt>
      <trkpt lat="22.2482391134" lon="114.2210267995"><ele>60.000</ele></trkpt>
      <trkpt lat="22.2482400062" lon="114.2210315630"><ele>60.000</ele></trkpt>
      <trkpt lat="22.2482406731" lon="114.2210363555"><ele>60.000</ele></trkpt>
      <trkpt lat="22.2482411234" lon="114.2210411771"><ele>60.000</ele></trkpt>
      <trkpt lat="22.2482413568" lon="114.2210460277"><ele>60.000</ele></trkpt>
      <trkpt lat="22.2482413736" lon="114.2210508782"><ele>60.000</ele></trkpt>
      <trkpt lat="22.2482409561" lon="114.2210584643"><ele>58.000</ele></trkpt>
      <trkpt lat="22.2482413521" lon="114.2210632955"><ele>58.000</ele></trkpt>
      <trkpt lat="22.2482412424" lon="114.2210681460"><ele>58.000</ele></trkpt>
      <trkpt lat="22.2482406451" lon="114.2210729479"><ele>58.000</ele></trkpt>
      <trkpt lat="22.2482395602" lon="114.2210776525"><ele>58.000</ele></trkpt>
      <trkpt lat="22.2482379876" lon="114.2210822018"><ele>58.000</ele></trkpt>
      <trkpt lat="22.2482359726" lon="114.2210865376"><ele>58.000</ele></trkpt>
      <trkpt lat="22.2482335151" lon="114.2210906016"><ele>58.000</ele></trkpt>
      <trkpt lat="22.2482300009" lon="114.2210951114"><ele>58.000</ele></trkpt>
      <trkpt lat="22.2482277241" lon="114.2210993016"><ele>58.000</ele></trkpt>
      <trkpt lat="22.2482257091" lon="114.2211036373"><ele>58.000</ele></trkpt>
      <trkpt lat="22.2482239830" lon="114.2211081187"><ele>56.000</ele></trkpt>
      <trkpt lat="22.2482225368" lon="114.2211127165"><ele>56.000</ele></trkpt>
      <trkpt lat="22.2482213796" lon="114.2211174018"><ele>56.000</ele></trkpt>
      <trkpt lat="22.2482203666" lon="114.2211233482"><ele>56.000</ele></trkpt>
      <trkpt lat="22.2482190739" lon="114.2211279946"><ele>58.000</ele></trkpt>
      <trkpt lat="22.2482176277" lon="114.2211325924"><ele>58.000</ele></trkpt>
      <trkpt lat="22.2482160461" lon="114.2211371320"><ele>58.000</ele></trkpt>
      <trkpt lat="22.2482143201" lon="114.2211416134"><ele>58.000</ele></trkpt>
      <trkpt lat="22.2482124495" lon="114.2211460365"><ele>58.000</ele></trkpt>
      <trkpt lat="22.2482104435" lon="114.2211503819"><ele>58.000</ele></trkpt>
      <trkpt lat="22.2482083021" lon="114.2211546497"><ele>58.000</ele></trkpt>
      <trkpt lat="22.2482060252" lon="114.2211588301"><ele>58.000</ele></trkpt>
      <trkpt lat="22.2482036129" lon="114.2211629329"><ele>58.000</ele></trkpt>
      <trkpt lat="22.2482010742" lon="114.2211669484"><ele>58.000</ele></trkpt>
      <trkpt lat="22.2481984091" lon="114.2211708570"><ele>58.000</ele></trkpt>
      <trkpt lat="22.2481956176" lon="114.2211746784"><ele>58.000</ele></trkpt>
      <trkpt lat="22.2481914620" lon="114.2211799059"><ele>58.000</ele></trkpt>
      <trkpt lat="22.2481886886" lon="114.2211837467"><ele>58.000</ele></trkpt>
      <trkpt lat="22.2481860234" lon="114.2211876554"><ele>58.000</ele></trkpt>
      <trkpt lat="22.2481834667" lon="114.2211916514"><ele>58.000</ele></trkpt>
      <trkpt lat="22.2481810182" lon="114.2211957251"><ele>58.000</ele></trkpt>
      <trkpt lat="22.2481786782" lon="114.2211998764"><ele>58.000</ele></trkpt>
      <trkpt lat="22.2481764464" lon="114.2212040956"><ele>60.000</ele></trkpt>
      <trkpt lat="22.2481728049" lon="114.2212121173"><ele>60.000</ele></trkpt>
      <trkpt lat="22.2481716520" lon="114.2212143016"><ele>60.000</ele></trkpt>
      <trkpt lat="22.2481701123" lon="114.2212174898"><ele>60.000</ele></trkpt>
      <trkpt lat="22.2481689099" lon="114.2212221653"><ele>60.000</ele></trkpt>
      <trkpt lat="22.2481682590" lon="114.2212249590"><ele>60.000</ele></trkpt>
      <trkpt lat="22.2481678069" lon="114.2212268700"><ele>60.000</ele></trkpt>
      <trkpt lat="22.2481668122" lon="114.2212316038"><ele>60.000</ele></trkpt>
      <trkpt lat="22.2481659169" lon="114.2212363570"><ele>60.000</ele></trkpt>
      <trkpt lat="22.2481657450" lon="114.2212373853"><ele>60.000</ele></trkpt>
      <trkpt lat="22.2481651299" lon="114.2212411297"><ele>60.000</ele></trkpt>
      <trkpt lat="22.2481644513" lon="114.2212459315"><ele>60.000</ele></trkpt>
      <trkpt lat="22.2481639806" lon="114.2212498991"><ele>60.000</ele></trkpt>
      <trkpt lat="22.2481638811" lon="114.2212507431"><ele>60.000</ele></trkpt>
      <trkpt lat="22.2481630838" lon="114.2212600849"><ele>60.000</ele></trkpt>
      <trkpt lat="22.2481628026" lon="114.2212647995"><ele>60.000</ele></trkpt>
      <trkpt lat="22.2481627935" lon="114.2212649160"><ele>60.000</ele></trkpt>
      <trkpt lat="22.2481619794" lon="114.2212696886"><ele>60.000</ele></trkpt>
      <trkpt lat="22.2481606507" lon="114.2212743253"><ele>60.000</ele></trkpt>
      <trkpt lat="22.2481588343" lon="114.2212787581"><ele>60.000</ele></trkpt>
      <trkpt lat="22.2481565394" lon="114.2212829288"><ele>60.000</ele></trkpt>
      <trkpt lat="22.2481538020" lon="114.2212867890"><ele>60.000</ele></trkpt>
      <trkpt lat="22.2481495744" lon="114.2212913083"><ele>60.000</ele></trkpt>
      <trkpt lat="22.2481463859" lon="114.2212938102"><ele>60.000</ele></trkpt>
      <trkpt lat="22.2481427638" lon="114.2212967000"><ele>60.000</ele></trkpt>
      <trkpt lat="22.2481390966" lon="114.2212995315"><ele>60.000</ele></trkpt>
      <trkpt lat="22.2481353752" lon="114.2213022757"><ele>60.000</ele></trkpt>
      <trkpt lat="22.2481316087" lon="114.2213049520"><ele>60.000</ele></trkpt>
      <trkpt lat="22.2481277970" lon="114.2213075507"><ele>60.000</ele></trkpt>
      <trkpt lat="22.2481239402" lon="114.2213100718"><ele>60.000</ele></trkpt>
      <trkpt lat="22.2481200383" lon="114.2213125152"><ele>60.000</ele></trkpt>
      <trkpt lat="22.2481161003" lon="114.2213148810"><ele>60.000</ele></trkpt>
      <trkpt lat="22.2481121171" lon="114.2213171692"><ele>60.000</ele></trkpt>
      <trkpt lat="22.2481080979" lon="114.2213193798"><ele>60.000</ele></trkpt>
      <trkpt lat="22.2481040335" lon="114.2213215030"><ele>60.000</ele></trkpt>
      <trkpt lat="22.2480999421" lon="114.2213235487"><ele>60.000</ele></trkpt>
      <trkpt lat="22.2480958145" lon="114.2213255167"><ele>60.000</ele></trkpt>
      <trkpt lat="22.2480916508" lon="114.2213273973"><ele>60.000</ele></trkpt>
      <trkpt lat="22.2480874601" lon="114.2213291907"><ele>60.000</ele></trkpt>
      <trkpt lat="22.2480832333" lon="114.2213309065"><ele>61.000</ele></trkpt>
      <trkpt lat="22.2480789794" lon="114.2213325349"><ele>61.000</ele></trkpt>
      <trkpt lat="22.2480746984" lon="114.2213340760"><ele>61.000</ele></trkpt>
      <trkpt lat="22.2480690267" lon="114.2213359756"><ele>61.000</ele></trkpt>
      <trkpt lat="22.2480662198" lon="114.2213365161"><ele>61.000</ele></trkpt>
      <trkpt lat="22.2480631610" lon="114.2213368731"><ele>61.000</ele></trkpt>
      <trkpt lat="22.2480588081" lon="114.2213371142"><ele>61.000</ele></trkpt>
      <trkpt lat="22.2480542929" lon="114.2213368702"><ele>61.000</ele></trkpt>
      <trkpt lat="22.2480498319" lon="114.2213361510"><ele>61.000</ele></trkpt>
      <trkpt lat="22.2480454614" lon="114.2213349564"><ele>61.000</ele></trkpt>
      <trkpt lat="22.2480412174" lon="114.2213332961"><ele>61.000</ele></trkpt>
      <trkpt lat="22.2480371542" lon="114.2213311897"><ele>60.000</ele></trkpt>
      <trkpt lat="22.2480332988" lon="114.2213286662"><ele>60.000</ele></trkpt>
      <trkpt lat="22.2480297054" lon="114.2213257354"><ele>60.000</ele></trkpt>
      <trkpt lat="22.2480261122" lon="114.2213221255"><ele>60.000</ele></trkpt>
      <trkpt lat="22.2480225007" lon="114.2213192140"><ele>60.000</ele></trkpt>
      <trkpt lat="22.2480190067" lon="114.2213161474"><ele>60.000</ele></trkpt>
      <trkpt lat="22.2480156211" lon="114.2213129353"><ele>60.000</ele></trkpt>
      <trkpt lat="22.2480123619" lon="114.2213095777"><ele>60.000</ele></trkpt>
      <trkpt lat="22.2480092292" lon="114.2213060843"><ele>60.000</ele></trkpt>
      <trkpt lat="22.2480062320" lon="114.2213024649"><ele>60.000</ele></trkpt>
      <trkpt lat="22.2480013934" lon="114.2212959345"><ele>60.000</ele></trkpt>
      <trkpt lat="22.2479787160" lon="114.2212677362"><ele>58.000</ele></trkpt>
      <trkpt lat="22.2479575999" lon="114.2212434381"><ele>58.000</ele></trkpt>
      <trkpt lat="22.2479546659" lon="114.2212400515"><ele>58.000</ele></trkpt>
      <trkpt lat="22.2479496917" lon="114.2212337346"><ele>58.000</ele></trkpt>
      <trkpt lat="22.2479475251" lon="114.2212309788"><ele>56.000</ele></trkpt>
      <trkpt lat="22.2479415757" lon="114.2212243899"><ele>56.000</ele></trkpt>
      <trkpt lat="22.2479371159" lon="114.2212195962"><ele>56.000</ele></trkpt>
      <trkpt lat="22.2479328454" lon="114.2212156757"><ele>56.000</ele></trkpt>
      <trkpt lat="22.2479283854" lon="114.2212114058"><ele>56.000</ele></trkpt>
      <trkpt lat="22.2479246656" lon="114.2212084070"><ele>56.000</ele></trkpt>
      <trkpt lat="22.2479237266" lon="114.2212077276"><ele>56.000</ele></trkpt>
      <trkpt lat="22.2479206478" lon="114.2212055148"><ele>56.000</ele></trkpt>
      <trkpt lat="22.2479170453" lon="114.2212025840"><ele>57.000</ele></trkpt>
      <trkpt lat="22.2479133706" lon="114.2211997695"><ele>57.000</ele></trkpt>
      <trkpt lat="22.2479127205" lon="114.2211993037"><ele>57.000</ele></trkpt>
      <trkpt lat="22.2479096236" lon="114.2211970618"><ele>57.000</ele></trkpt>
      <trkpt lat="22.2479058134" lon="114.2211944607"><ele>57.000</ele></trkpt>
      <trkpt lat="22.2479019399" lon="114.2211919663"><ele>57.000</ele></trkpt>
      <trkpt lat="22.2478980122" lon="114.2211895786"><ele>57.000</ele></trkpt>
      <trkpt lat="22.2478907617" lon="114.2211855698"><ele>57.000</ele></trkpt>
      <trkpt lat="22.2478750943" lon="114.2211826739"><ele>57.000</ele></trkpt>
      <trkpt lat="22.2478744694" lon="114.2211825583"><ele>57.000</ele></trkpt>
      <trkpt lat="22.2478732000" lon="114.2211913305"><ele>57.000</ele></trkpt>
    </trkseg>
  </trk>
</gpx>
