<?xml version="1.0" encoding="UTF-8"?>
<gpx xmlns:xsi="http://www.w3.org/2001/XMLSchema-instance"
     xsi:schemaLocation="http://www.topografix.com/GPX/1/1 http://www.topografix.com/GPX/1/1/gpx.xsd"
     version="1.1" creator="json3d_batch_to_gpx"
     xmlns="http://www.topografix.com/GPX/1/1">
  <metadata>
    <name>LantauTrail(Section5)ShamWatRoadtoManCheungPo</name>
  </metadata>
  <trk>
    <name>LantauTrail(Section5)ShamWatRoadtoManCheungPo</name>
    <type>hike</type>
    <trkseg>
      <trkpt lat="22.2446940329" lon="113.8917058711"><ele>262.000</ele></trkpt>
      <trkpt lat="22.2446784973" lon="113.8916969721"><ele>263.000</ele></trkpt>
      <trkpt lat="22.2446629617" lon="113.8916880720"><ele>263.000</ele></trkpt>
      <trkpt lat="22.2446507489" lon="113.8916773794"><ele>263.000</ele></trkpt>
      <trkpt lat="22.2445880121" lon="113.8916179663"><ele>264.000</ele></trkpt>
      <trkpt lat="22.2444655478" lon="113.8914962811"><ele>264.000</ele></trkpt>
      <trkpt lat="22.2443390813" lon="113.8913577680"><ele>269.000</ele></trkpt>
      <trkpt lat="22.2443160722" lon="113.8913325673"><ele>269.000</ele></trkpt>
      <trkpt lat="22.2442372701" lon="113.8912378222"><ele>268.000</ele></trkpt>
      <trkpt lat="22.2441752918" lon="113.8911553377"><ele>270.000</ele></trkpt>
      <trkpt lat="22.2441757546" lon="113.8911417179"><ele>270.000</ele></trkpt>
      <trkpt lat="22.2441757123" lon="113.8911176244"><ele>270.000</ele></trkpt>
      <trkpt lat="22.2441744245" lon="113.8910955483"><ele>270.000</ele></trkpt>
      <trkpt lat="22.2441499258" lon="113.8910911056"><ele>270.000</ele></trkpt>
      <trkpt lat="22.2441331946" lon="113.8910879315"><ele>277.000</ele></trkpt>
      <trkpt lat="22.2441098917" lon="113.8910841285"><ele>278.000</ele></trkpt>
      <trkpt lat="22.2440919633" lon="113.8910790323"><ele>278.000</ele></trkpt>
      <trkpt lat="22.2440758235" lon="113.8910726480"><ele>280.000</ele></trkpt>
      <trkpt lat="22.2440566961" lon="113.8910656286"><ele>280.000</ele></trkpt>
      <trkpt lat="22.2440381608" lon="113.8910553999"><ele>280.000</ele></trkpt>
      <trkpt lat="22.2440256007" lon="113.8910464416"><ele>280.000</ele></trkpt>
      <trkpt lat="22.2440142441" lon="113.8910419732"><ele>280.000</ele></trkpt>
      <trkpt lat="22.2440022964" lon="113.8910413562"><ele>280.000</ele></trkpt>
      <trkpt lat="22.2439891554" lon="113.8910420241"><ele>280.000</ele></trkpt>
      <trkpt lat="22.2439772145" lon="113.8910452563"><ele>280.000</ele></trkpt>
      <trkpt lat="22.2439628920" lon="113.8910529858"><ele>280.000</ele></trkpt>
      <trkpt lat="22.2439527552" lon="113.8910632726"><ele>278.000</ele></trkpt>
      <trkpt lat="22.2439348575" lon="113.8910761419"><ele>278.000</ele></trkpt>
      <trkpt lat="22.2439193547" lon="113.8910915732"><ele>280.000</ele></trkpt>
      <trkpt lat="22.2439068216" lon="113.8910980156"><ele>280.000</ele></trkpt>
      <trkpt lat="22.2438936950" lon="113.8911063838"><ele>280.000</ele></trkpt>
      <trkpt lat="22.2438775799" lon="113.8911141159"><ele>280.000</ele></trkpt>
      <trkpt lat="22.2438656492" lon="113.8911231239"><ele>280.000</ele></trkpt>
      <trkpt lat="22.2438489395" lon="113.8911321406"><ele>280.000</ele></trkpt>
      <trkpt lat="22.2438358117" lon="113.8911398676"><ele>282.000</ele></trkpt>
      <trkpt lat="22.2438202990" lon="113.8911501653"><ele>282.000</ele></trkpt>
      <trkpt lat="22.2438047885" lon="113.8911617473"><ele>278.000</ele></trkpt>
      <trkpt lat="22.2437898747" lon="113.8911726850"><ele>278.000</ele></trkpt>
      <trkpt lat="22.2437815228" lon="113.8911791189"><ele>278.000</ele></trkpt>
      <trkpt lat="22.2437707800" lon="113.8911842743"><ele>282.000</ele></trkpt>
      <trkpt lat="22.2437594338" lon="113.8911862219"><ele>282.000</ele></trkpt>
      <trkpt lat="22.2437492810" lon="113.8911868846"><ele>282.000</ele></trkpt>
      <trkpt lat="22.2437385272" lon="113.8911862643"><ele>282.000</ele></trkpt>
      <trkpt lat="22.2437307561" lon="113.8911830720"><ele>279.000</ele></trkpt>
      <trkpt lat="22.2437211889" lon="113.8911773166"><ele>282.000</ele></trkpt>
      <trkpt lat="22.2437098258" lon="113.8911696392"><ele>282.000</ele></trkpt>
      <trkpt lat="22.2437002597" lon="113.8911645251"><ele>282.000</ele></trkpt>
      <trkpt lat="22.2436883053" lon="113.8911600579"><ele>282.000</ele></trkpt>
      <trkpt lat="22.2436763520" lon="113.8911562319"><ele>284.000</ele></trkpt>
      <trkpt lat="22.2436644001" lon="113.8911536903"><ele>284.000</ele></trkpt>
      <trkpt lat="22.2436524535" lon="113.8911537146"><ele>284.000</ele></trkpt>
      <trkpt lat="22.2436399135" lon="113.8911556646"><ele>284.000</ele></trkpt>
      <trkpt lat="22.2436249875" lon="113.8911601863"><ele>285.000</ele></trkpt>
      <trkpt lat="22.2436136480" lon="113.8911659841"><ele>285.000</ele></trkpt>
      <trkpt lat="22.2436052959" lon="113.8911717758"><ele>285.000</ele></trkpt>
      <trkpt lat="22.2435987422" lon="113.8911814141"><ele>285.000</ele></trkpt>
      <trkpt lat="22.2435927887" lon="113.8911929767"><ele>284.000</ele></trkpt>
      <trkpt lat="22.2435862373" lon="113.8912038974"><ele>284.000</ele></trkpt>
      <trkpt lat="22.2435796892" lon="113.8912167446"><ele>284.000</ele></trkpt>
      <trkpt lat="22.2435719418" lon="113.8912270265"><ele>284.000</ele></trkpt>
      <trkpt lat="22.2435641888" lon="113.8912341004"><ele>284.000</ele></trkpt>
      <trkpt lat="22.2435564347" lon="113.8912405331"><ele>284.000</ele></trkpt>
      <trkpt lat="22.2435480826" lon="113.8912463249"><ele>284.000</ele></trkpt>
      <trkpt lat="22.2435367431" lon="113.8912521226"><ele>284.000</ele></trkpt>
      <trkpt lat="22.2435248056" lon="113.8912572804"><ele>284.000</ele></trkpt>
      <trkpt lat="22.2435140605" lon="113.8912611514"><ele>284.000</ele></trkpt>
      <trkpt lat="22.2435015173" lon="113.8912618190"><ele>284.000</ele></trkpt>
      <trkpt lat="22.2434949467" lon="113.8912618323"><ele>284.000</ele></trkpt>
      <trkpt lat="22.2434883704" lon="113.8912586376"><ele>284.000</ele></trkpt>
      <trkpt lat="22.2434847772" lon="113.8912535114"><ele>284.000</ele></trkpt>
      <trkpt lat="22.2434847636" lon="113.8912458110"><ele>284.000</ele></trkpt>
      <trkpt lat="22.2434871385" lon="113.8912374646"><ele>284.000</ele></trkpt>
      <trkpt lat="22.2434901125" lon="113.8912304004"><ele>284.000</ele></trkpt>
      <trkpt lat="22.2434930865" lon="113.8912233362"><ele>284.000</ele></trkpt>
      <trkpt lat="22.2434966561" lon="113.8912149874"><ele>284.000</ele></trkpt>
      <trkpt lat="22.2435002223" lon="113.8912047139"><ele>284.000</ele></trkpt>
      <trkpt lat="22.2435043752" lon="113.8911886636"><ele>282.000</ele></trkpt>
      <trkpt lat="22.2435061385" lon="113.8911719768"><ele>284.000</ele></trkpt>
      <trkpt lat="22.2435084910" lon="113.8911514397"><ele>284.000</ele></trkpt>
      <trkpt lat="22.2435078614" lon="113.8911328322"><ele>284.000</ele></trkpt>
      <trkpt lat="22.2435072317" lon="113.8911142257"><ele>284.000</ele></trkpt>
      <trkpt lat="22.2435053997" lon="113.8910917715"><ele>284.000</ele></trkpt>
      <trkpt lat="22.2435029719" lon="113.8910699596"><ele>290.000</ele></trkpt>
      <trkpt lat="22.2435005486" lon="113.8910507146"><ele>290.000</ele></trkpt>
      <trkpt lat="22.2434939418" lon="113.8910301956"><ele>293.000</ele></trkpt>
      <trkpt lat="22.2434903258" lon="113.8910115952"><ele>293.000</ele></trkpt>
      <trkpt lat="22.2434849185" lon="113.8909942808"><ele>293.000</ele></trkpt>
      <trkpt lat="22.2434795133" lon="113.8909776086"><ele>294.000</ele></trkpt>
      <trkpt lat="22.2434765043" lon="113.8909647817"><ele>294.000</ele></trkpt>
      <trkpt lat="22.2434782746" lon="113.8909525863"><ele>294.000</ele></trkpt>
      <trkpt lat="22.2434836333" lon="113.8909423093"><ele>294.000</ele></trkpt>
      <trkpt lat="22.2434889979" lon="113.8909358814"><ele>295.000</ele></trkpt>
      <trkpt lat="22.2434955573" lon="113.8909294521"><ele>295.000</ele></trkpt>
      <trkpt lat="22.2435080928" lon="113.8909249353"><ele>292.000</ele></trkpt>
      <trkpt lat="22.2435218218" lon="113.8909191317"><ele>292.000</ele></trkpt>
      <trkpt lat="22.2435397274" lon="113.8909107537"><ele>292.000</ele></trkpt>
      <trkpt lat="22.2435564371" lon="113.8909017370"><ele>290.000</ele></trkpt>
      <trkpt lat="22.2435701628" lon="113.8908946510"><ele>290.000</ele></trkpt>
      <trkpt lat="22.2435814967" lon="113.8908856442"><ele>292.000</ele></trkpt>
      <trkpt lat="22.2435886450" lon="113.8908747223"><ele>292.000</ele></trkpt>
      <trkpt lat="22.2435981736" lon="113.8908580198"><ele>292.000</ele></trkpt>
      <trkpt lat="22.2436071010" lon="113.8908393929"><ele>294.000</ele></trkpt>
      <trkpt lat="22.2436142381" lon="113.8908220540"><ele>294.000</ele></trkpt>
      <trkpt lat="22.2436165915" lon="113.8908015159"><ele>294.000</ele></trkpt>
      <trkpt lat="22.2436171679" lon="113.8907893239"><ele>294.000</ele></trkpt>
      <trkpt lat="22.2436147468" lon="113.8907713622"><ele>294.000</ele></trkpt>
      <trkpt lat="22.2436111343" lon="113.8907553276"><ele>294.000</ele></trkpt>
      <trkpt lat="22.2436069227" lon="113.8907380117"><ele>296.000</ele></trkpt>
      <trkpt lat="22.2435997192" lon="113.8907181352"><ele>296.000</ele></trkpt>
      <trkpt lat="22.2435949073" lon="113.8906988950"><ele>296.000</ele></trkpt>
      <trkpt lat="22.2435906936" lon="113.8906809370"><ele>297.000</ele></trkpt>
      <trkpt lat="22.2435858782" lon="113.8906597712"><ele>297.000</ele></trkpt>
      <trkpt lat="22.2435816612" lon="113.8906398886"><ele>298.000</ele></trkpt>
      <trkpt lat="22.2435768413" lon="113.8906161570"><ele>298.000</ele></trkpt>
      <trkpt lat="22.2435732209" lon="113.8905956310"><ele>300.000</ele></trkpt>
      <trkpt lat="22.2435713897" lon="113.8905731777"><ele>300.000</ele></trkpt>
      <trkpt lat="22.2435701579" lon="113.8905526469"><ele>300.000</ele></trkpt>
      <trkpt lat="22.2435671297" lon="113.8905289116"><ele>300.000</ele></trkpt>
      <trkpt lat="22.2435635113" lon="113.8905090278"><ele>300.000</ele></trkpt>
      <trkpt lat="22.2435604901" lon="113.8904897840"><ele>302.000</ele></trkpt>
      <trkpt lat="22.2435520894" lon="113.8904679843"><ele>302.000</ele></trkpt>
      <trkpt lat="22.2435472799" lon="113.8904506697"><ele>302.000</ele></trkpt>
      <trkpt lat="22.2435436663" lon="113.8904339939"><ele>302.000</ele></trkpt>
      <trkpt lat="22.2435382474" lon="113.8904096213"><ele>302.000</ele></trkpt>
      <trkpt lat="22.2435334083" lon="113.8903749824"><ele>302.000</ele></trkpt>
      <trkpt lat="22.2435279804" lon="113.8903454763"><ele>302.000</ele></trkpt>
      <trkpt lat="22.2435237520" lon="113.8903191777"><ele>302.000</ele></trkpt>
      <trkpt lat="22.2435171384" lon="113.8902948077"><ele>305.000</ele></trkpt>
      <trkpt lat="22.2435075259" lon="113.8902633864"><ele>305.000</ele></trkpt>
      <trkpt lat="22.2434943202" lon="113.8902268380"><ele>308.000</ele></trkpt>
      <trkpt lat="22.2434793140" lon="113.8901858028"><ele>308.000</ele></trkpt>
      <trkpt lat="22.2434655237" lon="113.8901563147"><ele>307.000</ele></trkpt>
      <trkpt lat="22.2434487428" lon="113.8901249071"><ele>306.000</ele></trkpt>
      <trkpt lat="22.2434295655" lon="113.8900896552"><ele>306.000</ele></trkpt>
      <trkpt lat="22.2434133881" lon="113.8900614554"><ele>308.000</ele></trkpt>
      <trkpt lat="22.2433918292" lon="113.8900306998"><ele>305.000</ele></trkpt>
      <trkpt lat="22.2433780607" lon="113.8900140447"><ele>307.000</ele></trkpt>
      <trkpt lat="22.2433654969" lon="113.8900025207"><ele>306.000</ele></trkpt>
      <trkpt lat="22.2433535356" lon="113.8899942034"><ele>306.000</ele></trkpt>
      <trkpt lat="22.2433397818" lon="113.8899858899"><ele>306.000</ele></trkpt>
      <trkpt lat="22.2433278262" lon="113.8899807806"><ele>306.000</ele></trkpt>
      <trkpt lat="22.2433152773" lon="113.8899782394"><ele>306.000</ele></trkpt>
      <trkpt lat="22.2433057226" lon="113.8899795422"><ele>306.000</ele></trkpt>
      <trkpt lat="22.2432967658" lon="113.8899814851"><ele>306.000</ele></trkpt>
      <trkpt lat="22.2432878193" lon="113.8899892036"><ele>306.000</ele></trkpt>
      <trkpt lat="22.2432758943" lon="113.8900014197"><ele>308.000</ele></trkpt>
      <trkpt lat="22.2432645684" lon="113.8900149169"><ele>308.000</ele></trkpt>
      <trkpt lat="22.2432550340" lon="113.8900277693"><ele>310.000</ele></trkpt>
      <trkpt lat="22.2432276269" lon="113.8900676083"><ele>310.000</ele></trkpt>
      <trkpt lat="22.2432067768" lon="113.8900997336"><ele>312.000</ele></trkpt>
      <trkpt lat="22.2431805567" lon="113.8901357200"><ele>312.000</ele></trkpt>
      <trkpt lat="22.2431561258" lon="113.8901697772"><ele>315.000</ele></trkpt>
      <trkpt lat="22.2431376494" lon="113.8901929139"><ele>314.000</ele></trkpt>
      <trkpt lat="22.2431185737" lon="113.8902147694"><ele>316.000</ele></trkpt>
      <trkpt lat="22.2431024746" lon="113.8902314852"><ele>316.000</ele></trkpt>
      <trkpt lat="22.2430780210" lon="113.8902527095"><ele>318.000</ele></trkpt>
      <trkpt lat="22.2430535740" lon="113.8902771427"><ele>319.000</ele></trkpt>
      <trkpt lat="22.2430309109" lon="113.8902977211"><ele>318.000</ele></trkpt>
      <trkpt lat="22.2430130212" lon="113.8903150827"><ele>320.000</ele></trkpt>
      <trkpt lat="22.2429933466" lon="113.8903362972"><ele>320.000</ele></trkpt>
      <trkpt lat="22.2429826129" lon="113.8903465852"><ele>320.000</ele></trkpt>
      <trkpt lat="22.2429676892" lon="113.8903523913"><ele>320.000</ele></trkpt>
      <trkpt lat="22.2429533611" lon="113.8903569118"><ele>324.000</ele></trkpt>
      <trkpt lat="22.2429420136" lon="113.8903575761"><ele>324.000</ele></trkpt>
      <trkpt lat="22.2429264783" lon="113.8903550409"><ele>324.000</ele></trkpt>
      <trkpt lat="22.2429115399" lon="113.8903525054"><ele>324.000</ele></trkpt>
      <trkpt lat="22.2428977915" lon="113.8903467577"><ele>324.000</ele></trkpt>
      <trkpt lat="22.2428876231" lon="113.8903390790"><ele>324.000</ele></trkpt>
      <trkpt lat="22.2428762543" lon="113.8903281938"><ele>324.000</ele></trkpt>
      <trkpt lat="22.2428648832" lon="113.8903160252"><ele>326.000</ele></trkpt>
      <trkpt lat="22.2428535017" lon="113.8902974406"><ele>326.000</ele></trkpt>
      <trkpt lat="22.2428385282" lon="113.8902750132"><ele>326.000</ele></trkpt>
      <trkpt lat="22.2428241549" lon="113.8902538680"><ele>326.000</ele></trkpt>
      <trkpt lat="22.2428139695" lon="113.8902365634"><ele>326.000</ele></trkpt>
      <trkpt lat="22.2428061724" lon="113.8902186138"><ele>326.000</ele></trkpt>
      <trkpt lat="22.2428013649" lon="113.8902019405"><ele>328.000</ele></trkpt>
      <trkpt lat="22.2427977445" lon="113.8901814146"><ele>328.000</ele></trkpt>
      <trkpt lat="22.2427959237" lon="113.8901653764"><ele>328.000</ele></trkpt>
      <trkpt lat="22.2427970879" lon="113.8901480498"><ele>328.000</ele></trkpt>
      <trkpt lat="22.2427970584" lon="113.8901313667"><ele>328.000</ele></trkpt>
      <trkpt lat="22.2427964287" lon="113.8901127594"><ele>328.000</ele></trkpt>
      <trkpt lat="22.2427916169" lon="113.8900941615"><ele>328.000</ele></trkpt>
      <trkpt lat="22.2427856169" lon="113.8900787740"><ele>328.000</ele></trkpt>
      <trkpt lat="22.2427754338" lon="113.8900627538"><ele>333.000</ele></trkpt>
      <trkpt lat="22.2427628475" lon="113.8900390382"><ele>333.000</ele></trkpt>
      <trkpt lat="22.2427472658" lon="113.8900101951"><ele>335.000</ele></trkpt>
      <trkpt lat="22.2427424674" lon="113.8899986554"><ele>335.000</ele></trkpt>
      <trkpt lat="22.2427400564" lon="113.8899864686"><ele>335.000</ele></trkpt>
      <trkpt lat="22.2427412319" lon="113.8899755579"><ele>335.000</ele></trkpt>
      <trkpt lat="22.2427394167" lon="113.8899627287"><ele>336.000</ele></trkpt>
      <trkpt lat="22.2427346160" lon="113.8899499055"><ele>336.000</ele></trkpt>
      <trkpt lat="22.2427292188" lon="113.8899383670"><ele>338.000</ele></trkpt>
      <trkpt lat="22.2427220309" lon="113.8899268311"><ele>338.000</ele></trkpt>
      <trkpt lat="22.2427166335" lon="113.8899146514"><ele>336.000</ele></trkpt>
      <trkpt lat="22.2427118296" lon="113.8899005449"><ele>336.000</ele></trkpt>
      <trkpt lat="22.2427088228" lon="113.8898890005"><ele>336.000</ele></trkpt>
      <trkpt lat="22.2427070008" lon="113.8898723212"><ele>336.000</ele></trkpt>
      <trkpt lat="22.2427039872" lon="113.8898569276"><ele>336.000</ele></trkpt>
      <trkpt lat="22.2427021717" lon="113.8898434572"><ele>336.000</ele></trkpt>
      <trkpt lat="22.2426997551" lon="113.8898280624"><ele>336.000</ele></trkpt>
      <trkpt lat="22.2426985320" lon="113.8898120231"><ele>336.000</ele></trkpt>
      <trkpt lat="22.2426955229" lon="113.8897991963"><ele>336.000</ele></trkpt>
      <trkpt lat="22.2426895232" lon="113.8897844500"><ele>336.000</ele></trkpt>
      <trkpt lat="22.2426823250" lon="113.8897671404"><ele>334.000</ele></trkpt>
      <trkpt lat="22.2426763275" lon="113.8897536775"><ele>334.000</ele></trkpt>
      <trkpt lat="22.2426703266" lon="113.8897382901"><ele>334.000</ele></trkpt>
      <trkpt lat="22.2426655225" lon="113.8897235424"><ele>334.000</ele></trkpt>
      <trkpt lat="22.2426643051" lon="113.8897107110"><ele>334.000</ele></trkpt>
      <trkpt lat="22.2426636732" lon="113.8896914634"><ele>334.000</ele></trkpt>
      <trkpt lat="22.2426636358" lon="113.8896702890"><ele>334.000</ele></trkpt>
      <trkpt lat="22.2426642065" lon="113.8896548872"><ele>334.000</ele></trkpt>
      <trkpt lat="22.2426653729" lon="113.8896388440"><ele>334.000</ele></trkpt>
      <trkpt lat="22.2426641464" lon="113.8896208800"><ele>336.000</ele></trkpt>
      <trkpt lat="22.2426629244" lon="113.8896054828"><ele>336.000</ele></trkpt>
      <trkpt lat="22.2426587218" lon="113.8895932997"><ele>336.000</ele></trkpt>
      <trkpt lat="22.2426521273" lon="113.8895798390"><ele>336.000</ele></trkpt>
      <trkpt lat="22.2426449441" lon="113.8895715121"><ele>336.000</ele></trkpt>
      <trkpt lat="22.2426371640" lon="113.8895631865"><ele>338.000</ele></trkpt>
      <trkpt lat="22.2426299840" lon="113.8895561430"><ele>338.000</ele></trkpt>
      <trkpt lat="22.2426186230" lon="113.8895497492"><ele>338.000</ele></trkpt>
      <trkpt lat="22.2426066685" lon="113.8895452822"><ele>338.000</ele></trkpt>
      <trkpt lat="22.2425959124" lon="113.8895433785"><ele>341.000</ele></trkpt>
      <trkpt lat="22.2425863486" lon="113.8895395489"><ele>341.000</ele></trkpt>
      <trkpt lat="22.2425773817" lon="113.8895357170"><ele>339.000</ele></trkpt>
      <trkpt lat="22.2425696118" lon="113.8895331661"><ele>339.000</ele></trkpt>
      <trkpt lat="22.2425600502" lon="113.8895306188"><ele>339.000</ele></trkpt>
      <trkpt lat="22.2425504854" lon="113.8895267891"><ele>342.000</ele></trkpt>
      <trkpt lat="22.2425421140" lon="113.8895216726"><ele>342.000</ele></trkpt>
      <trkpt lat="22.2425349297" lon="113.8895127036"><ele>342.000</ele></trkpt>
      <trkpt lat="22.2425265436" lon="113.8894992466"><ele>342.000</ele></trkpt>
      <trkpt lat="22.2425163638" lon="113.8894851510"><ele>340.000</ele></trkpt>
      <trkpt lat="22.2425025929" lon="113.8894672127"><ele>343.000</ele></trkpt>
      <trkpt lat="22.2424900291" lon="113.8894556888"><ele>343.000</ele></trkpt>
      <trkpt lat="22.2424792580" lon="113.8894448025"><ele>343.000</ele></trkpt>
      <trkpt lat="22.2424667000" lon="113.8894371278"><ele>342.000</ele></trkpt>
      <trkpt lat="22.2424517569" lon="113.8894313835"><ele>344.000</ele></trkpt>
      <trkpt lat="22.2424332297" lon="113.8894262878"><ele>344.000</ele></trkpt>
      <trkpt lat="22.2424212786" lon="113.8894237463"><ele>344.000</ele></trkpt>
      <trkpt lat="22.2424057411" lon="113.8894199279"><ele>347.000</ele></trkpt>
      <trkpt lat="22.2423884096" lon="113.8894148297"><ele>347.000</ele></trkpt>
      <trkpt lat="22.2423740633" lon="113.8894090842"><ele>347.000</ele></trkpt>
      <trkpt lat="22.2423591182" lon="113.8894026978"><ele>349.000</ele></trkpt>
      <trkpt lat="22.2423435715" lon="113.8893937468"><ele>349.000</ele></trkpt>
      <trkpt lat="22.2423250396" lon="113.8893854430"><ele>348.000</ele></trkpt>
      <trkpt lat="22.2423118858" lon="113.8893784117"><ele>348.000</ele></trkpt>
      <trkpt lat="22.2422987343" lon="113.8893726638"><ele>348.000</ele></trkpt>
      <trkpt lat="22.2422915568" lon="113.8893675449"><ele>348.000</ele></trkpt>
      <trkpt lat="22.2422855772" lon="113.8893637070"><ele>348.000</ele></trkpt>
      <trkpt lat="22.2422777982" lon="113.8893560235"><ele>350.000</ele></trkpt>
      <trkpt lat="22.2422706138" lon="113.8893470545"><ele>350.000</ele></trkpt>
      <trkpt lat="22.2422610386" lon="113.8893368079"><ele>348.000</ele></trkpt>
      <trkpt lat="22.2422532528" lon="113.8893252743"><ele>348.000</ele></trkpt>
      <trkpt lat="22.2422448678" lon="113.8893124586"><ele>348.000</ele></trkpt>
      <trkpt lat="22.2422382759" lon="113.8893009216"><ele>348.000</ele></trkpt>
      <trkpt lat="22.2422352690" lon="113.8892893782"><ele>350.000</ele></trkpt>
      <trkpt lat="22.2422352475" lon="113.8892771866"><ele>350.000</ele></trkpt>
      <trkpt lat="22.2422322270" lon="113.8892579430"><ele>350.000</ele></trkpt>
      <trkpt lat="22.2422274140" lon="113.8892387040"><ele>350.000</ele></trkpt>
      <trkpt lat="22.2422220018" lon="113.8892181819"><ele>350.000</ele></trkpt>
      <trkpt lat="22.2422148002" lon="113.8891989468"><ele>350.000</ele></trkpt>
      <trkpt lat="22.2422040123" lon="113.8891790778"><ele>350.000</ele></trkpt>
      <trkpt lat="22.2421944257" lon="113.8891624144"><ele>350.000</ele></trkpt>
      <trkpt lat="22.2421854327" lon="113.8891438252"><ele>353.000</ele></trkpt>
      <trkpt lat="22.2421818167" lon="113.8891258662"><ele>353.000</ele></trkpt>
      <trkpt lat="22.2421794045" lon="113.8891130382"><ele>353.000</ele></trkpt>
      <trkpt lat="22.2421775867" lon="113.8890982835"><ele>352.000</ele></trkpt>
      <trkpt lat="22.2421745821" lon="113.8890880235"><ele>352.000</ele></trkpt>
      <trkpt lat="22.2421661860" lon="113.8890694321"><ele>352.000</ele></trkpt>
      <trkpt lat="22.2421512190" lon="113.8890502139"><ele>350.000</ele></trkpt>
      <trkpt lat="22.2421350608" lon="113.8890335629"><ele>354.000</ele></trkpt>
      <trkpt lat="22.2421195017" lon="113.8890175539"><ele>354.000</ele></trkpt>
      <trkpt lat="22.2421009482" lon="113.8889970586"><ele>352.000</ele></trkpt>
      <trkpt lat="22.2420818045" lon="113.8889804147"><ele>354.000</ele></trkpt>
      <trkpt lat="22.2420662513" lon="113.8889682558"><ele>354.000</ele></trkpt>
      <trkpt lat="22.2420507032" lon="113.8889580205"><ele>354.000</ele></trkpt>
      <trkpt lat="22.2420327648" lon="113.8889477911"><ele>352.000</ele></trkpt>
      <trkpt lat="22.2420190121" lon="113.8889401199"><ele>352.000</ele></trkpt>
      <trkpt lat="22.2420058583" lon="113.8889330877"><ele>354.000</ele></trkpt>
      <trkpt lat="22.2419933015" lon="113.8889260552"><ele>354.000</ele></trkpt>
      <trkpt lat="22.2419795530" lon="113.8889203086"><ele>354.000</ele></trkpt>
      <trkpt lat="22.2419652079" lon="113.8889152053"><ele>354.000</ele></trkpt>
      <trkpt lat="22.2419538526" lon="113.8889120196"><ele>358.000</ele></trkpt>
      <trkpt lat="22.2419466808" lon="113.8889101097"><ele>358.000</ele></trkpt>
      <trkpt lat="22.2419395143" lon="113.8889107655"><ele>358.000</ele></trkpt>
      <trkpt lat="22.2419359346" lon="113.8889133396"><ele>358.000</ele></trkpt>
      <trkpt lat="22.2419347456" lon="113.8889165500"><ele>358.000</ele></trkpt>
      <trkpt lat="22.2419329687" lon="113.8889248951"><ele>358.000</ele></trkpt>
      <trkpt lat="22.2419317899" lon="113.8889338812"><ele>358.000</ele></trkpt>
      <trkpt lat="22.2419318092" lon="113.8889447894"><ele>358.000</ele></trkpt>
      <trkpt lat="22.2419300323" lon="113.8889531345"><ele>358.000</ele></trkpt>
      <trkpt lat="22.2419264583" lon="113.8889589165"><ele>356.000</ele></trkpt>
      <trkpt lat="22.2419204891" lon="113.8889614955"><ele>356.000</ele></trkpt>
      <trkpt lat="22.2419127203" lon="113.8889595858"><ele>360.000</ele></trkpt>
      <trkpt lat="22.2419037531" lon="113.8889551128"><ele>360.000</ele></trkpt>
      <trkpt lat="22.2418965676" lon="113.8889455026"><ele>360.000</ele></trkpt>
      <trkpt lat="22.2418893796" lon="113.8889339678"><ele>360.000</ele></trkpt>
      <trkpt lat="22.2418833866" lon="113.8889230718"><ele>360.000</ele></trkpt>
      <trkpt lat="22.2418767887" lon="113.8889076857"><ele>360.000</ele></trkpt>
      <trkpt lat="22.2418684050" lon="113.8888961534"><ele>360.000</ele></trkpt>
      <trkpt lat="22.2418576203" lon="113.8888775669"><ele>360.000</ele></trkpt>
      <trkpt lat="22.2418480371" lon="113.8888628291"><ele>360.000</ele></trkpt>
      <trkpt lat="22.2418366568" lon="113.8888455272"><ele>358.000</ele></trkpt>
      <trkpt lat="22.2418270781" lon="113.8888333561"><ele>360.000</ele></trkpt>
      <trkpt lat="22.2418181021" lon="113.8888243908"><ele>360.000</ele></trkpt>
      <trkpt lat="22.2418073344" lon="113.8888154301"><ele>360.000</ele></trkpt>
      <trkpt lat="22.2417953711" lon="113.8888064709"><ele>358.000</ele></trkpt>
      <trkpt lat="22.2417840064" lon="113.8887975115"><ele>361.000</ele></trkpt>
      <trkpt lat="22.2417726443" lon="113.8887904766"><ele>361.000</ele></trkpt>
      <trkpt lat="22.2417636728" lon="113.8887840780"><ele>361.000</ele></trkpt>
      <trkpt lat="22.2417541112" lon="113.8887815318"><ele>361.000</ele></trkpt>
      <trkpt lat="22.2417433540" lon="113.8887789870"><ele>361.000</ele></trkpt>
      <trkpt lat="22.2417337913" lon="113.8887757976"><ele>364.000</ele></trkpt>
      <trkpt lat="22.2417248254" lon="113.8887726080"><ele>364.000</ele></trkpt>
      <trkpt lat="22.2417164540" lon="113.8887674916"><ele>364.000</ele></trkpt>
      <trkpt lat="22.2417074803" lon="113.8887598106"><ele>360.000</ele></trkpt>
      <trkpt lat="22.2416985076" lon="113.8887527709"><ele>360.000</ele></trkpt>
      <trkpt lat="22.2416889392" lon="113.8887463736"><ele>364.000</ele></trkpt>
      <trkpt lat="22.2416775782" lon="113.8887399809"><ele>364.000</ele></trkpt>
      <trkpt lat="22.2416668174" lon="113.8887348694"><ele>364.000</ele></trkpt>
      <trkpt lat="22.2416596444" lon="113.8887323173"><ele>364.000</ele></trkpt>
      <trkpt lat="22.2416530737" lon="113.8887323307"><ele>364.000</ele></trkpt>
      <trkpt lat="22.2416483016" lon="113.8887361906"><ele>368.000</ele></trkpt>
      <trkpt lat="22.2416465179" lon="113.8887406856"><ele>368.000</ele></trkpt>
      <trkpt lat="22.2416441386" lon="113.8887464652"><ele>368.000</ele></trkpt>
      <trkpt lat="22.2416441500" lon="113.8887528820"><ele>368.000</ele></trkpt>
      <trkpt lat="22.2416459564" lon="113.8887612198"><ele>368.000</ele></trkpt>
      <trkpt lat="22.2416477774" lon="113.8887772568"><ele>368.000</ele></trkpt>
      <trkpt lat="22.2416495929" lon="113.8887907281"><ele>366.000</ele></trkpt>
      <trkpt lat="22.2416550018" lon="113.8888093246"><ele>366.000</ele></trkpt>
      <trkpt lat="22.2416580198" lon="113.8888266435"><ele>370.000</ele></trkpt>
      <trkpt lat="22.2416616224" lon="113.8888375434"><ele>370.000</ele></trkpt>
      <trkpt lat="22.2416628308" lon="113.8888452412"><ele>370.000</ele></trkpt>
      <trkpt lat="22.2416562636" lon="113.8888471792"><ele>370.000</ele></trkpt>
      <trkpt lat="22.2416496918" lon="113.8888465515"><ele>370.000</ele></trkpt>
      <trkpt lat="22.2416407283" lon="113.8888446452"><ele>371.000</ele></trkpt>
      <trkpt lat="22.2416317625" lon="113.8888414546"><ele>371.000</ele></trkpt>
      <trkpt lat="22.2416221986" lon="113.8888376240"><ele>371.000</ele></trkpt>
      <trkpt lat="22.2416126313" lon="113.8888318689"><ele>371.000</ele></trkpt>
      <trkpt lat="22.2416018650" lon="113.8888241916"><ele>373.000</ele></trkpt>
      <trkpt lat="22.2415904981" lon="113.8888139478"><ele>373.000</ele></trkpt>
      <trkpt lat="22.2415803228" lon="113.8888024191"><ele>372.000</ele></trkpt>
      <trkpt lat="22.2415701509" lon="113.8887928151"><ele>372.000</ele></trkpt>
      <trkpt lat="22.2415575906" lon="113.8887838581"><ele>374.000</ele></trkpt>
      <trkpt lat="22.2415456350" lon="113.8887787490"><ele>374.000</ele></trkpt>
      <trkpt lat="22.2415300871" lon="113.8887691560"><ele>374.000</ele></trkpt>
      <trkpt lat="22.2415121498" lon="113.8887595678"><ele>376.000</ele></trkpt>
      <trkpt lat="22.2414942112" lon="113.8887486962"><ele>376.000</ele></trkpt>
      <trkpt lat="22.2414804516" lon="113.8887371750"><ele>376.000</ele></trkpt>
      <trkpt lat="22.2414643103" lon="113.8887295087"><ele>379.000</ele></trkpt>
      <trkpt lat="22.2414529459" lon="113.8887211904"><ele>379.000</ele></trkpt>
      <trkpt lat="22.2414469608" lon="113.8887147858"><ele>379.000</ele></trkpt>
      <trkpt lat="22.2414397796" lon="113.8887071012"><ele>378.000</ele></trkpt>
      <trkpt lat="22.2414355805" lon="113.8886974849"><ele>378.000</ele></trkpt>
      <trkpt lat="22.2414301852" lon="113.8886865878"><ele>378.000</ele></trkpt>
      <trkpt lat="22.2414241942" lon="113.8886763340"><ele>378.000</ele></trkpt>
      <trkpt lat="22.2414164141" lon="113.8886680084"><ele>381.000</ele></trkpt>
      <trkpt lat="22.2414074346" lon="113.8886571186"><ele>379.000</ele></trkpt>
      <trkpt lat="22.2413972638" lon="113.8886481557"><ele>379.000</ele></trkpt>
      <trkpt lat="22.2413870953" lon="113.8886404773"><ele>379.000</ele></trkpt>
      <trkpt lat="22.2413757363" lon="113.8886347258"><ele>381.000</ele></trkpt>
      <trkpt lat="22.2413631806" lon="113.8886283346"><ele>381.000</ele></trkpt>
      <trkpt lat="22.2413524175" lon="113.8886219407"><ele>381.000</ele></trkpt>
      <trkpt lat="22.2413422467" lon="113.8886129779"><ele>380.000</ele></trkpt>
      <trkpt lat="22.2413284859" lon="113.8886008144"><ele>383.000</ele></trkpt>
      <trkpt lat="22.2413177069" lon="113.8885854370"><ele>383.000</ele></trkpt>
      <trkpt lat="22.2413063311" lon="113.8885707029"><ele>383.000</ele></trkpt>
      <trkpt lat="22.2412955497" lon="113.8885540420"><ele>382.000</ele></trkpt>
      <trkpt lat="22.2412823686" lon="113.8885316114"><ele>385.000</ele></trkpt>
      <trkpt lat="22.2412703879" lon="113.8885123862"><ele>384.000</ele></trkpt>
      <trkpt lat="22.2412632001" lon="113.8885014927"><ele>384.000</ele></trkpt>
      <trkpt lat="22.2412554313" lon="113.8884995841"><ele>384.000</ele></trkpt>
      <trkpt lat="22.2412494597" lon="113.8885002375"><ele>384.000</ele></trkpt>
      <trkpt lat="22.2412440863" lon="113.8885021740"><ele>384.000</ele></trkpt>
      <trkpt lat="22.2412411113" lon="113.8885085960"><ele>389.000</ele></trkpt>
      <trkpt lat="22.2412405303" lon="113.8885175808"><ele>389.000</ele></trkpt>
      <trkpt lat="22.2412411442" lon="113.8885272044"><ele>389.000</ele></trkpt>
      <trkpt lat="22.2412405735" lon="113.8885419629"><ele>389.000</ele></trkpt>
      <trkpt lat="22.2412394026" lon="113.8885554403"><ele>389.000</ele></trkpt>
      <trkpt lat="22.2412364333" lon="113.8885650711"><ele>389.000</ele></trkpt>
      <trkpt lat="22.2412310656" lon="113.8885702147"><ele>390.000</ele></trkpt>
      <trkpt lat="22.2412250951" lon="113.8885715102"><ele>390.000</ele></trkpt>
      <trkpt lat="22.2412191134" lon="113.8885670312"><ele>389.000</ele></trkpt>
      <trkpt lat="22.2412125291" lon="113.8885593454"><ele>389.000</ele></trkpt>
      <trkpt lat="22.2412071350" lon="113.8885490894"><ele>389.000</ele></trkpt>
      <trkpt lat="22.2411999435" lon="113.8885356301"><ele>389.000</ele></trkpt>
      <trkpt lat="22.2411921520" lon="113.8885208878"><ele>392.000</ele></trkpt>
      <trkpt lat="22.2411789734" lon="113.8885003817"><ele>392.000</ele></trkpt>
      <trkpt lat="22.2411699880" lon="113.8884856428"><ele>392.000</ele></trkpt>
      <trkpt lat="22.2411616100" lon="113.8884773185"><ele>392.000</ele></trkpt>
      <trkpt lat="22.2411550303" lon="113.8884721984"><ele>392.000</ele></trkpt>
      <trkpt lat="22.2411472637" lon="113.8884715731"><ele>394.000</ele></trkpt>
      <trkpt lat="22.2411412934" lon="113.8884735099"><ele>395.000</ele></trkpt>
      <trkpt lat="22.2411371225" lon="113.8884792931"><ele>395.000</ele></trkpt>
      <trkpt lat="22.2411371373" lon="113.8884876345"><ele>395.000</ele></trkpt>
      <trkpt lat="22.2411371601" lon="113.8885004673"><ele>395.000</ele></trkpt>
      <trkpt lat="22.2411407739" lon="113.8885171428"><ele>395.000</ele></trkpt>
      <trkpt lat="22.2411408080" lon="113.8885363923"><ele>396.000</ele></trkpt>
      <trkpt lat="22.2411402407" lon="113.8885530764"><ele>396.000</ele></trkpt>
      <trkpt lat="22.2411384777" lon="113.8885697629"><ele>397.000</ele></trkpt>
      <trkpt lat="22.2411361144" lon="113.8885845250"><ele>397.000</ele></trkpt>
      <trkpt lat="22.2411301666" lon="113.8885986543"><ele>397.000</ele></trkpt>
      <trkpt lat="22.2411200299" lon="113.8886089411"><ele>397.000</ele></trkpt>
      <trkpt lat="22.2411134684" lon="113.8886140880"><ele>397.000</ele></trkpt>
      <trkpt lat="22.2411075049" lon="113.8886198749"><ele>397.000</ele></trkpt>
      <trkpt lat="22.2411033385" lon="113.8886282248"><ele>400.000</ele></trkpt>
      <trkpt lat="22.2410979774" lon="113.8886365772"><ele>400.000</ele></trkpt>
      <trkpt lat="22.2410920162" lon="113.8886436475"><ele>400.000</ele></trkpt>
      <trkpt lat="22.2410806766" lon="113.8886488032"><ele>400.000</ele></trkpt>
      <trkpt lat="22.2410651606" lon="113.8886571764"><ele>400.000</ele></trkpt>
      <trkpt lat="22.2410526242" lon="113.8886616943"><ele>400.000</ele></trkpt>
      <trkpt lat="22.2410335206" lon="113.8886681493"><ele>400.000</ele></trkpt>
      <trkpt lat="22.2410162072" lon="113.8886733182"><ele>400.000</ele></trkpt>
      <trkpt lat="22.2409863507" lon="113.8886791539"><ele>400.000</ele></trkpt>
      <trkpt lat="22.2409547025" lon="113.8886849933"><ele>402.000</ele></trkpt>
      <trkpt lat="22.2409260418" lon="113.8886914688"><ele>402.000</ele></trkpt>
      <trkpt lat="22.2408967776" lon="113.8886947365"><ele>402.000</ele></trkpt>
      <trkpt lat="22.2408669176" lon="113.8886986477"><ele>402.000</ele></trkpt>
      <trkpt lat="22.2408394460" lon="113.8887019118"><ele>402.000</ele></trkpt>
      <trkpt lat="22.2408131680" lon="113.8887045323"><ele>400.000</ele></trkpt>
      <trkpt lat="22.2407958470" lon="113.8887058511"><ele>400.000</ele></trkpt>
      <trkpt lat="22.2407803173" lon="113.8887065240"><ele>400.000</ele></trkpt>
      <trkpt lat="22.2407600130" lon="113.8887091323"><ele>400.000</ele></trkpt>
      <trkpt lat="22.2407403079" lon="113.8887130227"><ele>400.000</ele></trkpt>
      <trkpt lat="22.2407211963" lon="113.8887149863"><ele>400.000</ele></trkpt>
      <trkpt lat="22.2407074641" lon="113.8887188645"><ele>402.000</ele></trkpt>
      <trkpt lat="22.2406961176" lon="113.8887201711"><ele>402.000</ele></trkpt>
      <trkpt lat="22.2406853649" lon="113.8887201931"><ele>402.000</ele></trkpt>
      <trkpt lat="22.2406746075" lon="113.8887170071"><ele>402.000</ele></trkpt>
      <trkpt lat="22.2406650459" lon="113.8887144599"><ele>400.000</ele></trkpt>
      <trkpt lat="22.2406518932" lon="113.8887080700"><ele>402.000</ele></trkpt>
      <trkpt lat="22.2406399344" lon="113.8887016786"><ele>402.000</ele></trkpt>
      <trkpt lat="22.2406315619" lon="113.8886959210"><ele>402.000</ele></trkpt>
      <trkpt lat="22.2406231871" lon="113.8886888791"><ele>402.000</ele></trkpt>
      <trkpt lat="22.2406130140" lon="113.8886786339"><ele>402.000</ele></trkpt>
      <trkpt lat="22.2406046371" lon="113.8886709518"><ele>402.000</ele></trkpt>
      <trkpt lat="22.2405950664" lon="113.8886632712"><ele>402.000</ele></trkpt>
      <trkpt lat="22.2405854992" lon="113.8886575161"><ele>402.000</ele></trkpt>
      <trkpt lat="22.2405741404" lon="113.8886524058"><ele>402.000</ele></trkpt>
      <trkpt lat="22.2405639765" lon="113.8886472941"><ele>403.000</ele></trkpt>
      <trkpt lat="22.2405508272" lon="113.8886428287"><ele>403.000</ele></trkpt>
      <trkpt lat="22.2405305084" lon="113.8886377378"><ele>403.000</ele></trkpt>
      <trkpt lat="22.2405083945" lon="113.8886307250"><ele>404.000</ele></trkpt>
      <trkpt lat="22.2404892636" lon="113.8886217805"><ele>404.000</ele></trkpt>
      <trkpt lat="22.2404719263" lon="113.8886134746"><ele>406.000</ele></trkpt>
      <trkpt lat="22.2404545857" lon="113.8886032441"><ele>406.000</ele></trkpt>
      <trkpt lat="22.2404396291" lon="113.8885904420"><ele>406.000</ele></trkpt>
      <trkpt lat="22.2404228852" lon="113.8885795681"><ele>408.000</ele></trkpt>
      <trkpt lat="22.2404067304" lon="113.8885648429"><ele>408.000</ele></trkpt>
      <trkpt lat="22.2403863865" lon="113.8885456350"><ele>408.000</ele></trkpt>
      <trkpt lat="22.2403666359" lon="113.8885238601"><ele>410.000</ele></trkpt>
      <trkpt lat="22.2403522703" lon="113.8885072067"><ele>410.000</ele></trkpt>
      <trkpt lat="22.2403331130" lon="113.8884828629"><ele>411.000</ele></trkpt>
      <trkpt lat="22.2403175458" lon="113.8884623628"><ele>411.000</ele></trkpt>
      <trkpt lat="22.2403049742" lon="113.8884469891"><ele>411.000</ele></trkpt>
      <trkpt lat="22.2402804366" lon="113.8884207318"><ele>412.000</ele></trkpt>
      <trkpt lat="22.2402558979" lon="113.8883938333"><ele>412.000</ele></trkpt>
      <trkpt lat="22.2402421324" lon="113.8883784621"><ele>412.000</ele></trkpt>
      <trkpt lat="22.2402337532" lon="113.8883694957"><ele>412.000</ele></trkpt>
      <trkpt lat="22.2402235847" lon="113.8883618173"><ele>412.000</ele></trkpt>
      <trkpt lat="22.2402152099" lon="113.8883547764"><ele>412.000</ele></trkpt>
      <trkpt lat="22.2402056403" lon="113.8883477370"><ele>412.000</ele></trkpt>
      <trkpt lat="22.2401960676" lon="113.8883394161"><ele>411.000</ele></trkpt>
      <trkpt lat="22.2401864866" lon="113.8883259609"><ele>410.000</ele></trkpt>
      <trkpt lat="22.2401798898" lon="113.8883112162"><ele>410.000</ele></trkpt>
      <trkpt lat="22.2401691038" lon="113.8882919888"><ele>410.000</ele></trkpt>
      <trkpt lat="22.2401583124" lon="113.8882701956"><ele>410.000</ele></trkpt>
      <trkpt lat="22.2401487224" lon="113.8882516079"><ele>409.000</ele></trkpt>
      <trkpt lat="22.2401409262" lon="113.8882342990"><ele>409.000</ele></trkpt>
      <trkpt lat="22.2401313407" lon="113.8882182780"><ele>408.000</ele></trkpt>
      <trkpt lat="22.2401193614" lon="113.8882003364"><ele>408.000</ele></trkpt>
      <trkpt lat="22.2401097816" lon="113.8881875234"><ele>408.000</ele></trkpt>
      <trkpt lat="22.2401002029" lon="113.8881753515"><ele>408.000</ele></trkpt>
      <trkpt lat="22.2400900218" lon="113.8881606142"><ele>408.000</ele></trkpt>
      <trkpt lat="22.2400810355" lon="113.8881458753"><ele>408.000</ele></trkpt>
      <trkpt lat="22.2400720480" lon="113.8881304944"><ele>406.000</ele></trkpt>
      <trkpt lat="22.2400654568" lon="113.8881189576"><ele>406.000</ele></trkpt>
      <trkpt lat="22.2400588623" lon="113.8881054972"><ele>406.000</ele></trkpt>
      <trkpt lat="22.2400516708" lon="113.8880920371"><ele>406.000</ele></trkpt>
      <trkpt lat="22.2400432859" lon="113.8880798628"><ele>405.000</ele></trkpt>
      <trkpt lat="22.2400331140" lon="113.8880702590"><ele>405.000</ele></trkpt>
      <trkpt lat="22.2400259316" lon="113.8880619323"><ele>405.000</ele></trkpt>
      <trkpt lat="22.2400169578" lon="113.8880542515"><ele>405.000</ele></trkpt>
      <trkpt lat="22.2400103667" lon="113.8880427157"><ele>405.000</ele></trkpt>
      <trkpt lat="22.2400037698" lon="113.8880279710"><ele>402.000</ele></trkpt>
      <trkpt lat="22.2399977699" lon="113.8880132261"><ele>402.000</ele></trkpt>
      <trkpt lat="22.2399905738" lon="113.8879971993"><ele>402.000</ele></trkpt>
      <trkpt lat="22.2399833746" lon="113.8879798901"><ele>401.000</ele></trkpt>
      <trkpt lat="22.2399791740" lon="113.8879689906"><ele>401.000</ele></trkpt>
      <trkpt lat="22.2399737799" lon="113.8879587348"><ele>401.000</ele></trkpt>
      <trkpt lat="22.2399683892" lon="113.8879504044"><ele>401.000</ele></trkpt>
      <trkpt lat="22.2399600089" lon="113.8879407978"><ele>398.000</ele></trkpt>
      <trkpt lat="22.2399534212" lon="113.8879311866"><ele>398.000</ele></trkpt>
      <trkpt lat="22.2399480236" lon="113.8879190062"><ele>398.000</ele></trkpt>
      <trkpt lat="22.2399432195" lon="113.8879049001"><ele>398.000</ele></trkpt>
      <trkpt lat="22.2399396134" lon="113.8878920748"><ele>398.000</ele></trkpt>
      <trkpt lat="22.2399360064" lon="113.8878792486"><ele>398.000</ele></trkpt>
      <trkpt lat="22.2399311932" lon="113.8878600099"><ele>398.000</ele></trkpt>
      <trkpt lat="22.2399263823" lon="113.8878420537"><ele>396.000</ele></trkpt>
      <trkpt lat="22.2399203821" lon="113.8878266666"><ele>396.000</ele></trkpt>
      <trkpt lat="22.2399107988" lon="113.8878119281"><ele>396.000</ele></trkpt>
      <trkpt lat="22.2399012192" lon="113.8877997563"><ele>396.000</ele></trkpt>
      <trkpt lat="22.2398928409" lon="113.8877907909"><ele>395.000</ele></trkpt>
      <trkpt lat="22.2398862566" lon="113.8877831052"><ele>395.000</ele></trkpt>
      <trkpt lat="22.2398760823" lon="113.8877722180"><ele>395.000</ele></trkpt>
      <trkpt lat="22.2398647110" lon="113.8877600499"><ele>395.000</ele></trkpt>
      <trkpt lat="22.2398545334" lon="113.8877472381"><ele>394.000</ele></trkpt>
      <trkpt lat="22.2398407701" lon="113.8877331503"><ele>394.000</ele></trkpt>
      <trkpt lat="22.2398288064" lon="113.8877235501"><ele>394.000</ele></trkpt>
      <trkpt lat="22.2398180343" lon="113.8877126641"><ele>394.000</ele></trkpt>
      <trkpt lat="22.2398048737" lon="113.8877017831"><ele>394.000</ele></trkpt>
      <trkpt lat="22.2397905205" lon="113.8876921878"><ele>394.000</ele></trkpt>
      <trkpt lat="22.2397827437" lon="113.8876857879"><ele>394.000</ele></trkpt>
      <trkpt lat="22.2397737745" lon="113.8876806729"><ele>394.000</ele></trkpt>
      <trkpt lat="22.2397642072" lon="113.8876749179"><ele>394.000</ele></trkpt>
      <trkpt lat="22.2397546433" lon="113.8876710874"><ele>394.000</ele></trkpt>
      <trkpt lat="22.2397450819" lon="113.8876691825"><ele>394.000</ele></trkpt>
      <trkpt lat="22.2397331342" lon="113.8876685648"><ele>394.000</ele></trkpt>
      <trkpt lat="22.2397164076" lon="113.8876679579"><ele>394.000</ele></trkpt>
      <trkpt lat="22.2397038632" lon="113.8876679837"><ele>393.000</ele></trkpt>
      <trkpt lat="22.2396907219" lon="113.8876680106"><ele>393.000</ele></trkpt>
      <trkpt lat="22.2396745897" lon="113.8876654770"><ele>393.000</ele></trkpt>
      <trkpt lat="22.2396608414" lon="113.8876603718"><ele>393.000</ele></trkpt>
      <trkpt lat="22.2396482923" lon="113.8876571896"><ele>392.000</ele></trkpt>
      <trkpt lat="22.2396351419" lon="113.8876520832"><ele>392.000</ele></trkpt>
      <trkpt lat="22.2396231830" lon="113.8876456919"><ele>392.000</ele></trkpt>
      <trkpt lat="22.2396136157" lon="113.8876399369"><ele>392.000</ele></trkpt>
      <trkpt lat="22.2396010611" lon="113.8876341870"><ele>392.000</ele></trkpt>
      <trkpt lat="22.2395920904" lon="113.8876277896"><ele>392.000</ele></trkpt>
      <trkpt lat="22.2395795369" lon="113.8876226819"><ele>392.000</ele></trkpt>
      <trkpt lat="22.2395687774" lon="113.8876188540"><ele>392.000</ele></trkpt>
      <trkpt lat="22.2395556315" lon="113.8876163152"><ele>392.000</ele></trkpt>
      <trkpt lat="22.2395418888" lon="113.8876137767"><ele>392.000</ele></trkpt>
      <trkpt lat="22.2395293433" lon="113.8876131603"><ele>392.000</ele></trkpt>
      <trkpt lat="22.2395161963" lon="113.8876099793"><ele>390.000</ele></trkpt>
      <trkpt lat="22.2395006575" lon="113.8876055199"><ele>390.000</ele></trkpt>
      <trkpt lat="22.2394773545" lon="113.8876017177"><ele>388.000</ele></trkpt>
      <trkpt lat="22.2394528557" lon="113.8875972767"><ele>388.000</ele></trkpt>
      <trkpt lat="22.2394325434" lon="113.8875953929"><ele>388.000</ele></trkpt>
      <trkpt lat="22.2394116344" lon="113.8875941524"><ele>388.000</ele></trkpt>
      <trkpt lat="22.2393883360" lon="113.8875929179"><ele>386.000</ele></trkpt>
      <trkpt lat="22.2393698154" lon="113.8875910303"><ele>386.000</ele></trkpt>
      <trkpt lat="22.2393483075" lon="113.8875891499"><ele>386.000</ele></trkpt>
      <trkpt lat="22.2393315797" lon="113.8875879009"><ele>384.000</ele></trkpt>
      <trkpt lat="22.2393142516" lon="113.8875847286"><ele>384.000</ele></trkpt>
      <trkpt lat="22.2392969214" lon="113.8875809141"><ele>383.000</ele></trkpt>
      <trkpt lat="22.2392843722" lon="113.8875777319"><ele>383.000</ele></trkpt>
      <trkpt lat="22.2392706171" lon="113.8875687767"><ele>383.000</ele></trkpt>
      <trkpt lat="22.2392538756" lon="113.8875598285"><ele>383.000</ele></trkpt>
      <trkpt lat="22.2392365395" lon="113.8875521639"><ele>380.000</ele></trkpt>
      <trkpt lat="22.2392215952" lon="113.8875457788"><ele>380.000</ele></trkpt>
      <trkpt lat="22.2392078458" lon="113.8875400315"><ele>378.000</ele></trkpt>
      <trkpt lat="22.2391923082" lon="113.8875362142"><ele>378.000</ele></trkpt>
      <trkpt lat="22.2391743810" lon="113.8875324010"><ele>378.000</ele></trkpt>
      <trkpt lat="22.2391540608" lon="113.8875260259"><ele>377.000</ele></trkpt>
      <trkpt lat="22.2391403091" lon="113.8875189962"><ele>377.000</ele></trkpt>
      <trkpt lat="22.2391265575" lon="113.8875119664"><ele>377.000</ele></trkpt>
      <trkpt lat="22.2391140049" lon="113.8875068588"><ele>376.000</ele></trkpt>
      <trkpt lat="22.2391026404" lon="113.8874985418"><ele>374.000</ele></trkpt>
      <trkpt lat="22.2390942598" lon="113.8874882921"><ele>374.000</ele></trkpt>
      <trkpt lat="22.2390828874" lon="113.8874754829"><ele>374.000</ele></trkpt>
      <trkpt lat="22.2390733064" lon="113.8874620278"><ele>374.000</ele></trkpt>
      <trkpt lat="22.2390601402" lon="113.8874485811"><ele>371.000</ele></trkpt>
      <trkpt lat="22.2390451799" lon="113.8874332126"><ele>371.000</ele></trkpt>
      <trkpt lat="22.2390356048" lon="113.8874236075"><ele>371.000</ele></trkpt>
      <trkpt lat="22.2390206490" lon="113.8874108057"><ele>370.000</ele></trkpt>
      <trkpt lat="22.2390051011" lon="113.8874012129"><ele>368.000</ele></trkpt>
      <trkpt lat="22.2389913480" lon="113.8873928999"><ele>368.000</ele></trkpt>
      <trkpt lat="22.2389722228" lon="113.8873871636"><ele>367.000</ele></trkpt>
      <trkpt lat="22.2389524937" lon="113.8873775804"><ele>367.000</ele></trkpt>
      <trkpt lat="22.2389381328" lon="113.8873641352"><ele>367.000</ele></trkpt>
      <trkpt lat="22.2389213831" lon="113.8873500537"><ele>364.000</ele></trkpt>
      <trkpt lat="22.2389046267" lon="113.8873327633"><ele>364.000</ele></trkpt>
      <trkpt lat="22.2388842873" lon="113.8873161234"><ele>362.000</ele></trkpt>
      <trkpt lat="22.2388657438" lon="113.8873014035"><ele>361.000</ele></trkpt>
      <trkpt lat="22.2388531857" lon="113.8872937291"><ele>361.000</ele></trkpt>
      <trkpt lat="22.2388364520" lon="113.8872886311"><ele>359.000</ele></trkpt>
      <trkpt lat="22.2388227083" lon="113.8872860926"><ele>359.000</ele></trkpt>
      <trkpt lat="22.2388083666" lon="113.8872829132"><ele>359.000</ele></trkpt>
      <trkpt lat="22.2387958176" lon="113.8872803733"><ele>357.000</ele></trkpt>
      <trkpt lat="22.2387802743" lon="113.8872733472"><ele>357.000</ele></trkpt>
      <trkpt lat="22.2387677171" lon="113.8872656729"><ele>357.000</ele></trkpt>
      <trkpt lat="22.2387581455" lon="113.8872579935"><ele>357.000</ele></trkpt>
      <trkpt lat="22.2387437923" lon="113.8872483983"><ele>356.000</ele></trkpt>
      <trkpt lat="22.2387276498" lon="113.8872400902"><ele>356.000</ele></trkpt>
      <trkpt lat="22.2387103193" lon="113.8872356345"><ele>354.000</ele></trkpt>
      <trkpt lat="22.2386947783" lon="113.8872298909"><ele>354.000</ele></trkpt>
      <trkpt lat="22.2386786383" lon="113.8872235083"><ele>354.000</ele></trkpt>
      <trkpt lat="22.2386624934" lon="113.8872139168"><ele>352.000</ele></trkpt>
      <trkpt lat="22.2386451484" lon="113.8872017611"><ele>352.000</ele></trkpt>
      <trkpt lat="22.2386349796" lon="113.8871934407"><ele>352.000</ele></trkpt>
      <trkpt lat="22.2386272016" lon="113.8871863988"><ele>352.000</ele></trkpt>
      <trkpt lat="22.2386170342" lon="113.8871793617"><ele>352.000</ele></trkpt>
      <trkpt lat="22.2386098566" lon="113.8871742431"><ele>352.000</ele></trkpt>
      <trkpt lat="22.2385990303" lon="113.8871720168"><ele>352.000</ele></trkpt>
      <trkpt lat="22.2385868629" lon="113.8871651352"><ele>352.000</ele></trkpt>
      <trkpt lat="22.2385680507" lon="113.8871592567"><ele>350.000</ele></trkpt>
      <trkpt lat="22.2384948833" lon="113.8871381828"><ele>350.000</ele></trkpt>
      <trkpt lat="22.2384857030" lon="113.8871352431"><ele>350.000</ele></trkpt>
      <trkpt lat="22.2384550594" lon="113.8871235590"><ele>350.000</ele></trkpt>
      <trkpt lat="22.2384418643" lon="113.8871176787"><ele>350.000</ele></trkpt>
      <trkpt lat="22.2384274818" lon="113.8871093466"><ele>348.000</ele></trkpt>
      <trkpt lat="22.2384156385" lon="113.8871019502"><ele>348.000</ele></trkpt>
      <trkpt lat="22.2384035397" lon="113.8870930799"><ele>348.000</ele></trkpt>
      <trkpt lat="22.2383909300" lon="113.8870812618"><ele>348.000</ele></trkpt>
      <trkpt lat="22.2383575836" lon="113.8870528600"><ele>348.000</ele></trkpt>
      <trkpt lat="22.2383419245" lon="113.8870376530"><ele>348.000</ele></trkpt>
      <trkpt lat="22.2383276273" lon="113.8870214247"><ele>348.000</ele></trkpt>
      <trkpt lat="22.2383006207" lon="113.8869881986"><ele>348.000</ele></trkpt>
      <trkpt lat="22.2382895990" lon="113.8869756012"><ele>348.000</ele></trkpt>
      <trkpt lat="22.2382729878" lon="113.8869581943"><ele>348.000</ele></trkpt>
      <trkpt lat="22.2382499931" lon="113.8869312942"><ele>350.000</ele></trkpt>
      <trkpt lat="22.2382396365" lon="113.8869169591"><ele>349.000</ele></trkpt>
      <trkpt lat="22.2382215540" lon="113.8868948990"><ele>349.000</ele></trkpt>
      <trkpt lat="22.2382090512" lon="113.8868771927"><ele>350.000</ele></trkpt>
      <trkpt lat="22.2382042287" lon="113.8868720323"><ele>350.000</ele></trkpt>
      <trkpt lat="22.2381952687" lon="113.8868609536"><ele>350.000</ele></trkpt>
      <trkpt lat="22.2381853987" lon="113.8868511185"><ele>350.000</ele></trkpt>
      <trkpt lat="22.2381697904" lon="113.8868390640"><ele>350.000</ele></trkpt>
      <trkpt lat="22.2381589983" lon="113.8868336638"><ele>352.000</ele></trkpt>
      <trkpt lat="22.2381491397" lon="113.8868302308"><ele>352.000</ele></trkpt>
      <trkpt lat="22.2381406471" lon="113.8868280269"><ele>350.000</ele></trkpt>
      <trkpt lat="22.2381268922" lon="113.8868273083"><ele>350.000</ele></trkpt>
      <trkpt lat="22.2381098598" lon="113.8868249386"><ele>352.000</ele></trkpt>
      <trkpt lat="22.2380979099" lon="113.8868230387"><ele>352.000</ele></trkpt>
      <trkpt lat="22.2380871558" lon="113.8868217775"><ele>352.000</ele></trkpt>
      <trkpt lat="22.2380781922" lon="113.8868198714"><ele>352.000</ele></trkpt>
      <trkpt lat="22.2380680374" lon="113.8868198923"><ele>354.000</ele></trkpt>
      <trkpt lat="22.2380578848" lon="113.8868211965"><ele>354.000</ele></trkpt>
      <trkpt lat="22.2380453416" lon="113.8868218635"><ele>354.000</ele></trkpt>
      <trkpt lat="22.2380327970" lon="113.8868212481"><ele>355.000</ele></trkpt>
      <trkpt lat="22.2380220443" lon="113.8868212703"><ele>355.000</ele></trkpt>
      <trkpt lat="22.2380088984" lon="113.8868187306"><ele>355.000</ele></trkpt>
      <trkpt lat="22.2379987399" lon="113.8868161848"><ele>355.000</ele></trkpt>
      <trkpt lat="22.2379885793" lon="113.8868129979"><ele>355.000</ele></trkpt>
      <trkpt lat="22.2379796100" lon="113.8868078829"><ele>356.000</ele></trkpt>
      <trkpt lat="22.2379724289" lon="113.8868008398"><ele>356.000</ele></trkpt>
      <trkpt lat="22.2379646498" lon="113.8867931558"><ele>356.000</ele></trkpt>
      <trkpt lat="22.2379526895" lon="113.8867854813"><ele>356.000</ele></trkpt>
      <trkpt lat="22.2379389376" lon="113.8867778095"><ele>354.000</ele></trkpt>
      <trkpt lat="22.2379192110" lon="113.8867701510"><ele>354.000</ele></trkpt>
      <trkpt lat="22.2379048636" lon="113.8867637638"><ele>354.000</ele></trkpt>
      <trkpt lat="22.2378917120" lon="113.8867580163"><ele>355.000</ele></trkpt>
      <trkpt lat="22.2378791514" lon="113.8867484176"><ele>355.000</ele></trkpt>
      <trkpt lat="22.2378683803" lon="113.8867381740"><ele>355.000</ele></trkpt>
      <trkpt lat="22.2378582092" lon="113.8867285703"><ele>354.000</ele></trkpt>
      <trkpt lat="22.2378444438" lon="113.8867138417"><ele>356.000</ele></trkpt>
      <trkpt lat="22.2378318765" lon="113.8867010341"><ele>356.000</ele></trkpt>
      <trkpt lat="22.2378193102" lon="113.8866882275"><ele>356.000</ele></trkpt>
      <trkpt lat="22.2378103249" lon="113.8866741302"><ele>354.000</ele></trkpt>
      <trkpt lat="22.2378043305" lon="113.8866625934"><ele>356.000</ele></trkpt>
      <trkpt lat="22.2377941539" lon="113.8866504231"><ele>356.000</ele></trkpt>
      <trkpt lat="22.2377875684" lon="113.8866420954"><ele>356.000</ele></trkpt>
      <trkpt lat="22.2377785956" lon="113.8866350560"><ele>356.000</ele></trkpt>
      <trkpt lat="22.2377696218" lon="113.8866273744"><ele>356.000</ele></trkpt>
      <trkpt lat="22.2377570634" lon="113.8866190590"><ele>356.000</ele></trkpt>
      <trkpt lat="22.2377456989" lon="113.8866107422"><ele>356.000</ele></trkpt>
      <trkpt lat="22.2377313434" lon="113.8865998638"><ele>356.000</ele></trkpt>
      <trkpt lat="22.2377199778" lon="113.8865909038"><ele>356.000</ele></trkpt>
      <trkpt lat="22.2377122032" lon="113.8865857874"><ele>356.000</ele></trkpt>
      <trkpt lat="22.2377050219" lon="113.8865781022"><ele>356.000</ele></trkpt>
      <trkpt lat="22.2376966450" lon="113.8865704203"><ele>356.000</ele></trkpt>
      <trkpt lat="22.2376894602" lon="113.8865608106"><ele>356.000</ele></trkpt>
      <trkpt lat="22.2376810776" lon="113.8865499199"><ele>356.000</ele></trkpt>
      <trkpt lat="22.2376756811" lon="113.8865383819"><ele>356.000</ele></trkpt>
      <trkpt lat="22.2376696911" lon="113.8865287697"><ele>356.000</ele></trkpt>
      <trkpt lat="22.2376619050" lon="113.8865172356"><ele>356.000</ele></trkpt>
      <trkpt lat="22.2376529277" lon="113.8865076305"><ele>356.000</ele></trkpt>
      <trkpt lat="22.2376475415" lon="113.8865018661"><ele>356.000</ele></trkpt>
      <trkpt lat="22.2376379744" lon="113.8864967534"><ele>356.000</ele></trkpt>
      <trkpt lat="22.2376260153" lon="113.8864897201"><ele>356.000</ele></trkpt>
      <trkpt lat="22.2376122622" lon="113.8864814072"><ele>357.000</ele></trkpt>
      <trkpt lat="22.2375997029" lon="113.8864730919"><ele>357.000</ele></trkpt>
      <trkpt lat="22.2375889385" lon="113.8864660562"><ele>357.000</ele></trkpt>
      <trkpt lat="22.2375787699" lon="113.8864583771"><ele>358.000</ele></trkpt>
      <trkpt lat="22.2375662095" lon="113.8864494205"><ele>358.000</ele></trkpt>
      <trkpt lat="22.2375566376" lon="113.8864410990"><ele>358.000</ele></trkpt>
      <trkpt lat="22.2375488607" lon="113.8864346983"><ele>358.000</ele></trkpt>
      <trkpt lat="22.2375398937" lon="113.8864308668"><ele>358.000</ele></trkpt>
      <trkpt lat="22.2375291330" lon="113.8864263978"><ele>358.000</ele></trkpt>
      <trkpt lat="22.2375195679" lon="113.8864219263"><ele>358.000</ele></trkpt>
      <trkpt lat="22.2375094059" lon="113.8864174560"><ele>358.000</ele></trkpt>
      <trkpt lat="22.2375004355" lon="113.8864116999"><ele>358.000</ele></trkpt>
      <trkpt lat="22.2374920562" lon="113.8864027338"><ele>358.000</ele></trkpt>
      <trkpt lat="22.2374842760" lon="113.8863944086"><ele>356.000</ele></trkpt>
      <trkpt lat="22.2374776893" lon="113.8863854398"><ele>356.000</ele></trkpt>
      <trkpt lat="22.2374699067" lon="113.8863758313"><ele>356.000</ele></trkpt>
      <trkpt lat="22.2374633166" lon="113.8863649369"><ele>356.000</ele></trkpt>
      <trkpt lat="22.2374579178" lon="113.8863521156"><ele>356.000</ele></trkpt>
      <trkpt lat="22.2374531136" lon="113.8863380098"><ele>356.000</ele></trkpt>
      <trkpt lat="22.2374477182" lon="113.8863271130"><ele>356.000</ele></trkpt>
      <trkpt lat="22.2374405334" lon="113.8863175032"><ele>355.000</ele></trkpt>
      <trkpt lat="22.2374321519" lon="113.8863072548"><ele>355.000</ele></trkpt>
      <trkpt lat="22.2374225742" lon="113.8862957245"><ele>355.000</ele></trkpt>
      <trkpt lat="22.2374129977" lon="113.8862848373"><ele>355.000</ele></trkpt>
      <trkpt lat="22.2374046150" lon="113.8862739467"><ele>355.000</ele></trkpt>
      <trkpt lat="22.2373962320" lon="113.8862624139"><ele>354.000</ele></trkpt>
      <trkpt lat="22.2373884506" lon="113.8862534475"><ele>354.000</ele></trkpt>
      <trkpt lat="22.2373818641" lon="113.8862451199"><ele>354.000</ele></trkpt>
      <trkpt lat="22.2373740870" lon="113.8862380780"><ele>354.000</ele></trkpt>
      <trkpt lat="22.2373663125" lon="113.8862329607"><ele>354.000</ele></trkpt>
      <trkpt lat="22.2373573432" lon="113.8862278468"><ele>354.000</ele></trkpt>
      <trkpt lat="22.2373489685" lon="113.8862214474"><ele>352.000</ele></trkpt>
      <trkpt lat="22.2373405901" lon="113.8862124823"><ele>352.000</ele></trkpt>
      <trkpt lat="22.2373340046" lon="113.8862041546"><ele>352.000</ele></trkpt>
      <trkpt lat="22.2373262186" lon="113.8861926206"><ele>352.000</ele></trkpt>
      <trkpt lat="22.2373196261" lon="113.8861804440"><ele>352.000</ele></trkpt>
      <trkpt lat="22.2373136364" lon="113.8861714730"><ele>352.000</ele></trkpt>
      <trkpt lat="22.2373058572" lon="113.8861637899"><ele>350.000</ele></trkpt>
      <trkpt lat="22.2372950905" lon="113.8861554709"><ele>350.000</ele></trkpt>
      <trkpt lat="22.2372843229" lon="113.8861471519"><ele>350.000</ele></trkpt>
      <trkpt lat="22.2372723635" lon="113.8861394766"><ele>350.000</ele></trkpt>
      <trkpt lat="22.2372627929" lon="113.8861324384"><ele>348.000</ele></trkpt>
      <trkpt lat="22.2372484454" lon="113.8861260523"><ele>348.000</ele></trkpt>
      <trkpt lat="22.2372346960" lon="113.8861203052"><ele>348.000</ele></trkpt>
      <trkpt lat="22.2372233404" lon="113.8861164795"><ele>348.000</ele></trkpt>
      <trkpt lat="22.2372125808" lon="113.8861126517"><ele>346.000</ele></trkpt>
      <trkpt lat="22.2372006240" lon="113.8861069018"><ele>346.000</ele></trkpt>
      <trkpt lat="22.2371868743" lon="113.8861005135"><ele>346.000</ele></trkpt>
      <trkpt lat="22.2371719301" lon="113.8860947698"><ele>345.000</ele></trkpt>
      <trkpt lat="22.2371575826" lon="113.8860883827"><ele>345.000</ele></trkpt>
      <trkpt lat="22.2371414446" lon="113.8860826415"><ele>345.000</ele></trkpt>
      <trkpt lat="22.2371271006" lon="113.8860781799"><ele>344.000</ele></trkpt>
      <trkpt lat="22.2371169411" lon="113.8860756342"><ele>344.000</ele></trkpt>
      <trkpt lat="22.2371061859" lon="113.8860737318"><ele>344.000</ele></trkpt>
      <trkpt lat="22.2370954297" lon="113.8860718285"><ele>344.000</ele></trkpt>
      <trkpt lat="22.2370840776" lon="113.8860699274"><ele>344.000</ele></trkpt>
      <trkpt lat="22.2370745173" lon="113.8860686638"><ele>342.000</ele></trkpt>
      <trkpt lat="22.2370655583" lon="113.8860693244"><ele>342.000</ele></trkpt>
      <trkpt lat="22.2370571995" lon="113.8860712662"><ele>342.000</ele></trkpt>
      <trkpt lat="22.2370488406" lon="113.8860732080"><ele>342.000</ele></trkpt>
      <trkpt lat="22.2370410798" lon="113.8860757907"><ele>342.000</ele></trkpt>
      <trkpt lat="22.2370327235" lon="113.8860796579"><ele>342.000</ele></trkpt>
      <trkpt lat="22.2370237691" lon="113.8860828842"><ele>342.000</ele></trkpt>
      <trkpt lat="22.2370148124" lon="113.8860848282"><ele>342.000</ele></trkpt>
      <trkpt lat="22.2370070459" lon="113.8860842021"><ele>342.000</ele></trkpt>
      <trkpt lat="22.2369986813" lon="113.8860829360"><ele>342.000</ele></trkpt>
      <trkpt lat="22.2369897143" lon="113.8860791054"><ele>340.000</ele></trkpt>
      <trkpt lat="22.2369831356" lon="113.8860746269"><ele>340.000</ele></trkpt>
      <trkpt lat="22.2369771504" lon="113.8860682235"><ele>340.000</ele></trkpt>
      <trkpt lat="22.2369711650" lon="113.8860611780"><ele>340.000</ele></trkpt>
      <trkpt lat="22.2369651832" lon="113.8860566982"><ele>340.000</ele></trkpt>
      <trkpt lat="22.2369568152" lon="113.8860535076"><ele>343.000</ele></trkpt>
      <trkpt lat="22.2369466557" lon="113.8860509619"><ele>341.000</ele></trkpt>
      <trkpt lat="22.2369358970" lon="113.8860471350"><ele>341.000</ele></trkpt>
      <trkpt lat="22.2369227431" lon="113.8860401043"><ele>341.000</ele></trkpt>
      <trkpt lat="22.2369083842" lon="113.8860273006"><ele>341.000</ele></trkpt>
      <trkpt lat="22.2368958214" lon="113.8860170608"><ele>340.000</ele></trkpt>
      <trkpt lat="22.2368808600" lon="113.8860016926"><ele>340.000</ele></trkpt>
      <trkpt lat="22.2368629086" lon="113.8859837640"><ele>340.000</ele></trkpt>
      <trkpt lat="22.2368461509" lon="113.8859658328"><ele>338.000</ele></trkpt>
      <trkpt lat="22.2368281928" lon="113.8859446963"><ele>340.000</ele></trkpt>
      <trkpt lat="22.2368102427" lon="113.8859280510"><ele>338.000</ele></trkpt>
      <trkpt lat="22.2367898994" lon="113.8859088440"><ele>338.000</ele></trkpt>
      <trkpt lat="22.2367701510" lon="113.8858889945"><ele>338.000</ele></trkpt>
      <trkpt lat="22.2367516040" lon="113.8858723504"><ele>338.000</ele></trkpt>
      <trkpt lat="22.2367288680" lon="113.8858518650"><ele>338.000</ele></trkpt>
      <trkpt lat="22.2367061364" lon="113.8858333051"><ele>336.000</ele></trkpt>
      <trkpt lat="22.2366899857" lon="113.8858205060"><ele>336.000</ele></trkpt>
      <trkpt lat="22.2366666563" lon="113.8858019474"><ele>338.000</ele></trkpt>
      <trkpt lat="22.2366451162" lon="113.8857821007"><ele>338.000</ele></trkpt>
      <trkpt lat="22.2366235804" lon="113.8857641795"><ele>338.000</ele></trkpt>
      <trkpt lat="22.2366044390" lon="113.8857494621"><ele>338.000</ele></trkpt>
      <trkpt lat="22.2365864946" lon="113.8857360247"><ele>338.000</ele></trkpt>
      <trkpt lat="22.2365733304" lon="113.8857232195"><ele>338.000</ele></trkpt>
      <trkpt lat="22.2365637538" lon="113.8857123315"><ele>340.000</ele></trkpt>
      <trkpt lat="22.2365565681" lon="113.8857027218"><ele>340.000</ele></trkpt>
      <trkpt lat="22.2365487775" lon="113.8856886222"><ele>340.000</ele></trkpt>
      <trkpt lat="22.2365373966" lon="113.8856706801"><ele>340.000</ele></trkpt>
      <trkpt lat="22.2365260194" lon="113.8856553046"><ele>342.000</ele></trkpt>
      <trkpt lat="22.2365152446" lon="113.8856424945"><ele>342.000</ele></trkpt>
      <trkpt lat="22.2364967036" lon="113.8856297004"><ele>342.000</ele></trkpt>
      <trkpt lat="22.2364781611" lon="113.8856156231"><ele>344.000</ele></trkpt>
      <trkpt lat="22.2364673967" lon="113.8856085875"><ele>344.000</ele></trkpt>
      <trkpt lat="22.2364542370" lon="113.8855983480"><ele>344.000</ele></trkpt>
      <trkpt lat="22.2364386775" lon="113.8855823400"><ele>346.000</ele></trkpt>
      <trkpt lat="22.2364273060" lon="113.8855701724"><ele>348.000</ele></trkpt>
      <trkpt lat="22.2364183298" lon="113.8855612086"><ele>348.000</ele></trkpt>
      <trkpt lat="22.2364087647" lon="113.8855567362"><ele>348.000</ele></trkpt>
      <trkpt lat="22.2363986076" lon="113.8855554748"><ele>349.000</ele></trkpt>
      <trkpt lat="22.2363902444" lon="113.8855554921"><ele>349.000</ele></trkpt>
      <trkpt lat="22.2363806908" lon="113.8855574364"><ele>349.000</ele></trkpt>
      <trkpt lat="22.2363699436" lon="113.8855600252"><ele>349.000</ele></trkpt>
      <trkpt lat="22.2363585939" lon="113.8855600487"><ele>351.000</ele></trkpt>
      <trkpt lat="22.2363478387" lon="113.8855581454"><ele>351.000</ele></trkpt>
      <trkpt lat="22.2363376758" lon="113.8855536753"><ele>351.000</ele></trkpt>
      <trkpt lat="22.2363215331" lon="113.8855453675"><ele>351.000</ele></trkpt>
      <trkpt lat="22.2362898393" lon="113.8855261840"><ele>352.000</ele></trkpt>
      <trkpt lat="22.2362611362" lon="113.8855089198"><ele>355.000</ele></trkpt>
      <trkpt lat="22.2362234707" lon="113.8854903899"><ele>356.000</ele></trkpt>
      <trkpt lat="22.2361893952" lon="113.8854750623"><ele>358.000</ele></trkpt>
      <trkpt lat="22.2361690647" lon="113.8854635544"><ele>359.000</ele></trkpt>
      <trkpt lat="22.2361487329" lon="113.8854507641"><ele>359.000</ele></trkpt>
      <trkpt lat="22.2361343750" lon="113.8854386027"><ele>359.000</ele></trkpt>
      <trkpt lat="22.2361218100" lon="113.8854270797"><ele>362.000</ele></trkpt>
      <trkpt lat="22.2361116298" lon="113.8854129851"><ele>362.000</ele></trkpt>
      <trkpt lat="22.2361032583" lon="113.8854078691"><ele>362.000</ele></trkpt>
      <trkpt lat="22.2360942924" lon="113.8854046798"><ele>362.000</ele></trkpt>
      <trkpt lat="22.2360841398" lon="113.8854059841"><ele>365.000</ele></trkpt>
      <trkpt lat="22.2360751900" lon="113.8854117771"><ele>365.000</ele></trkpt>
      <trkpt lat="22.2360656433" lon="113.8854175713"><ele>365.000</ele></trkpt>
      <trkpt lat="22.2360537129" lon="113.8854265783"><ele>365.000</ele></trkpt>
      <trkpt lat="22.2360411835" lon="113.8854349463"><ele>366.000</ele></trkpt>
      <trkpt lat="22.2360280479" lon="113.8854381813"><ele>366.000</ele></trkpt>
      <trkpt lat="22.2360119249" lon="113.8854407813"><ele>366.000</ele></trkpt>
      <trkpt lat="22.2359922143" lon="113.8854421054"><ele>369.000</ele></trkpt>
      <trkpt lat="22.2359653394" lon="113.8854447276"><ele>369.000</ele></trkpt>
      <trkpt lat="22.2359366697" lon="113.8854460692"><ele>372.000</ele></trkpt>
      <trkpt lat="22.2359199430" lon="113.8854454626"><ele>372.000</ele></trkpt>
      <trkpt lat="22.2358978382" lon="113.8854435838"><ele>374.000</ele></trkpt>
      <trkpt lat="22.2358775227" lon="113.8854404170"><ele>374.000</ele></trkpt>
      <trkpt lat="22.2358572184" lon="113.8854430256"><ele>376.000</ele></trkpt>
      <trkpt lat="22.2358333256" lon="113.8854437172"><ele>376.000</ele></trkpt>
      <trkpt lat="22.2358022698" lon="113.8854469892"><ele>378.000</ele></trkpt>
      <trkpt lat="22.2357777789" lon="113.8854470398"><ele>378.000</ele></trkpt>
      <trkpt lat="22.2357616512" lon="113.8854470732"><ele>380.000</ele></trkpt>
      <trkpt lat="22.2357407434" lon="113.8854464742"><ele>380.000</ele></trkpt>
      <trkpt lat="22.2357258072" lon="113.8854452228"><ele>382.000</ele></trkpt>
      <trkpt lat="22.2357114666" lon="113.8854426858"><ele>382.000</ele></trkpt>
      <trkpt lat="22.2357007045" lon="113.8854369335"><ele>382.000</ele></trkpt>
      <trkpt lat="22.2356893387" lon="113.8854279738"><ele>383.000</ele></trkpt>
      <trkpt lat="22.2356725891" lon="113.8854145340"><ele>384.000</ele></trkpt>
      <trkpt lat="22.2356522365" lon="113.8853901949"><ele>384.000</ele></trkpt>
      <trkpt lat="22.2356121447" lon="113.8853511388"><ele>388.000</ele></trkpt>
      <trkpt lat="22.2355846226" lon="113.8853261724"><ele>390.000</ele></trkpt>
      <trkpt lat="22.2355702532" lon="113.8853075954"><ele>390.000</ele></trkpt>
      <trkpt lat="22.2355612597" lon="113.8852890063"><ele>390.000</ele></trkpt>
      <trkpt lat="22.2355582422" lon="113.8852716892"><ele>392.000</ele></trkpt>
      <trkpt lat="22.2355558194" lon="113.8852530875"><ele>392.000</ele></trkpt>
      <trkpt lat="22.2355533977" lon="113.8852351269"><ele>392.000</ele></trkpt>
      <trkpt lat="22.2355509656" lon="113.8852113919"><ele>394.000</ele></trkpt>
      <trkpt lat="22.2355479424" lon="113.8851908660"><ele>394.000</ele></trkpt>
      <trkpt lat="22.2355449192" lon="113.8851703401"><ele>397.000</ele></trkpt>
      <trkpt lat="22.2355401091" lon="113.8851530266"><ele>397.000</ele></trkpt>
      <trkpt lat="22.2355359061" lon="113.8851408443"><ele>397.000</ele></trkpt>
      <trkpt lat="22.2355275199" lon="113.8851280294"><ele>398.000</ele></trkpt>
      <trkpt lat="22.2355041941" lon="113.8851085426"><ele>398.000</ele></trkpt>
      <trkpt lat="22.2354711752" lon="113.8851018500"><ele>400.000</ele></trkpt>
      <trkpt lat="22.2354370607" lon="113.8850985062"><ele>403.000</ele></trkpt>
      <trkpt lat="22.2354259702" lon="113.8850980344"><ele>403.000</ele></trkpt>
      <trkpt lat="22.2354089220" lon="113.8851039383"><ele>406.000</ele></trkpt>
      <trkpt lat="22.2353957065" lon="113.8851068950"><ele>406.000</ele></trkpt>
      <trkpt lat="22.2353799301" lon="113.8851069277"><ele>406.000</ele></trkpt>
      <trkpt lat="22.2353650078" lon="113.8851098880"><ele>408.000</ele></trkpt>
      <trkpt lat="22.2353339075" lon="113.8851255792"><ele>408.000</ele></trkpt>
      <trkpt lat="22.2353027902" lon="113.8851368763"><ele>410.000</ele></trkpt>
      <trkpt lat="22.2352874321" lon="113.8851334936"><ele>410.000</ele></trkpt>
      <trkpt lat="22.2352788959" lon="113.8851271577"><ele>410.000</ele></trkpt>
      <trkpt lat="22.2352724757" lon="113.8851174031"><ele>412.000</ele></trkpt>
      <trkpt lat="22.2352724661" lon="113.8851120292"><ele>412.000</ele></trkpt>
      <trkpt lat="22.2352771506" lon="113.8851056757"><ele>410.000</ele></trkpt>
      <trkpt lat="22.2353086859" lon="113.8850958425"><ele>410.000</ele></trkpt>
      <trkpt lat="22.2353253088" lon="113.8850894545"><ele>408.000</ele></trkpt>
      <trkpt lat="22.2353368052" lon="113.8850796627"><ele>412.000</ele></trkpt>
      <trkpt lat="22.2353427446" lon="113.8850630439"><ele>412.000</ele></trkpt>
      <trkpt lat="22.2353550228" lon="113.8850107642"><ele>415.000</ele></trkpt>
      <trkpt lat="22.2353677636" lon="113.8849848483"><ele>414.000</ele></trkpt>
      <trkpt lat="22.2353818037" lon="113.8849633335"><ele>414.000</ele></trkpt>
      <trkpt lat="22.2353855558" lon="113.8849154558"><ele>416.000</ele></trkpt>
      <trkpt lat="22.2353863441" lon="113.8848817561"><ele>418.000</ele></trkpt>
      <trkpt lat="22.2353841945" lon="113.8848715076"><ele>418.000</ele></trkpt>
      <trkpt lat="22.2353773580" lon="113.8848612591"><ele>418.000</ele></trkpt>
      <trkpt lat="22.2353662553" lon="113.8848539585"><ele>418.000</ele></trkpt>
      <trkpt lat="22.2353487616" lon="113.8848481359"><ele>421.000</ele></trkpt>
      <trkpt lat="22.2353351004" lon="113.8848442551"><ele>422.000</ele></trkpt>
      <trkpt lat="22.2353214350" lon="113.8848330507"><ele>422.000</ele></trkpt>
      <trkpt lat="22.2353086241" lon="113.8848198948"><ele>424.000</ele></trkpt>
      <trkpt lat="22.2352979528" lon="113.8848164928"><ele>424.000</ele></trkpt>
      <trkpt lat="22.2352898533" lon="113.8848170043"><ele>424.000</ele></trkpt>
      <trkpt lat="22.2352813440" lon="113.8848306893"><ele>424.000</ele></trkpt>
      <trkpt lat="22.2352630689" lon="113.8848624755"><ele>427.000</ele></trkpt>
      <trkpt lat="22.2352503147" lon="113.8848859470"><ele>427.000</ele></trkpt>
      <trkpt lat="22.2352464819" lon="113.8848888844"><ele>427.000</ele></trkpt>
      <trkpt lat="22.2352417863" lon="113.8848840149"><ele>427.000</ele></trkpt>
      <trkpt lat="22.2352353661" lon="113.8848742603"><ele>427.000</ele></trkpt>
      <trkpt lat="22.2352246443" lon="113.8848376453"><ele>430.000</ele></trkpt>
      <trkpt lat="22.2352193242" lon="113.8848018534"><ele>430.000</ele></trkpt>
      <trkpt lat="22.2352171342" lon="113.8847691299"><ele>430.000</ele></trkpt>
      <trkpt lat="22.2352102773" lon="113.8847525376"><ele>430.000</ele></trkpt>
      <trkpt lat="22.2351987317" lon="113.8847349850"><ele>432.000</ele></trkpt>
      <trkpt lat="22.2351906006" lon="113.8847179006"><ele>432.000</ele></trkpt>
      <trkpt lat="22.2351627987" lon="113.8846744922"><ele>434.000</ele></trkpt>
      <trkpt lat="22.2351358766" lon="113.8846432944"><ele>436.000</ele></trkpt>
      <trkpt lat="22.2351110936" lon="113.8846164766"><ele>436.000</ele></trkpt>
      <trkpt lat="22.2350923009" lon="113.8846013835"><ele>436.000</ele></trkpt>
      <trkpt lat="22.2350756633" lon="113.8845945794"><ele>436.000</ele></trkpt>
      <trkpt lat="22.2350586045" lon="113.8845946148"><ele>436.000</ele></trkpt>
      <trkpt lat="22.2350300274" lon="113.8845922296"><ele>436.000</ele></trkpt>
      <trkpt lat="22.2350227680" lon="113.8845878505"><ele>436.000</ele></trkpt>
      <trkpt lat="22.2350108120" lon="113.8845781074"><ele>436.000</ele></trkpt>
      <trkpt lat="22.2349675146" lon="113.8845553923"><ele>434.000</ele></trkpt>
      <trkpt lat="22.2349188396" lon="113.8845252097"><ele>434.000</ele></trkpt>
      <trkpt lat="22.2348910897" lon="113.8845057313"><ele>432.000</ele></trkpt>
      <trkpt lat="22.2348654593" lon="113.8844847839"><ele>432.000</ele></trkpt>
      <trkpt lat="22.2348436698" lon="113.8844604044"><ele>432.000</ele></trkpt>
      <trkpt lat="22.2348214512" lon="113.8844384799"><ele>430.000</ele></trkpt>
      <trkpt lat="22.2347971122" lon="113.8844175298"><ele>430.000</ele></trkpt>
      <trkpt lat="22.2347719372" lon="113.8844087841"><ele>429.000</ele></trkpt>
      <trkpt lat="22.2347470010" lon="113.8843972442"><ele>429.000</ele></trkpt>
      <trkpt lat="22.2347222487" lon="113.8843875277"><ele>429.000</ele></trkpt>
      <trkpt lat="22.2346979077" lon="113.8843704867"><ele>429.000</ele></trkpt>
      <trkpt lat="22.2346680142" lon="113.8843441743"><ele>428.000</ele></trkpt>
      <trkpt lat="22.2346304094" lon="113.8843032212"><ele>426.000</ele></trkpt>
      <trkpt lat="22.2345902366" lon="113.8842554447"><ele>424.000</ele></trkpt>
      <trkpt lat="22.2345423869" lon="113.8842071894"><ele>422.000</ele></trkpt>
      <trkpt lat="22.2345099086" lon="113.8841696498"><ele>422.000</ele></trkpt>
      <trkpt lat="22.2344533502" lon="113.8841196279"><ele>422.000</ele></trkpt>
      <trkpt lat="22.2344187493" lon="113.8840869719"><ele>422.000</ele></trkpt>
      <trkpt lat="22.2343811480" lon="113.8840479783"><ele>422.000</ele></trkpt>
      <trkpt lat="22.2343452595" lon="113.8840124053"><ele>422.000</ele></trkpt>
      <trkpt lat="22.2343050866" lon="113.8839646192"><ele>422.000</ele></trkpt>
      <trkpt lat="22.2342642908" lon="113.8839219658"><ele>424.000</ele></trkpt>
      <trkpt lat="22.2342305391" lon="113.8838844290"><ele>424.000</ele></trkpt>
      <trkpt lat="22.2341997674" lon="113.8838468860"><ele>424.000</ele></trkpt>
      <trkpt lat="22.2341847932" lon="113.8838210376"><ele>426.000</ele></trkpt>
      <trkpt lat="22.2341792256" lon="113.8838083421"><ele>426.000</ele></trkpt>
      <trkpt lat="22.2341680744" lon="113.8837741825"><ele>426.000</ele></trkpt>
      <trkpt lat="22.2341595170" lon="113.8837561292"><ele>426.000</ele></trkpt>
      <trkpt lat="22.2341385560" lon="113.8837205156"><ele>424.000</ele></trkpt>
      <trkpt lat="22.2341218733" lon="113.8836936910"><ele>424.000</ele></trkpt>
      <trkpt lat="22.2341094621" lon="113.8836668576"><ele>424.000</ele></trkpt>
      <trkpt lat="22.2340824684" lon="113.8835960941"><ele>422.000</ele></trkpt>
      <trkpt lat="22.2340552701" lon="113.8835319852"><ele>420.000</ele></trkpt>
      <trkpt lat="22.2340274610" lon="113.8834797795"><ele>418.000</ele></trkpt>
      <trkpt lat="22.2340026708" lon="113.8834490628"><ele>420.000</ele></trkpt>
      <trkpt lat="22.2339527011" lon="113.8834071659"><ele>419.000</ele></trkpt>
      <trkpt lat="22.2339159572" lon="113.8833730499"><ele>418.000</ele></trkpt>
      <trkpt lat="22.2339039950" lon="113.8833598925"><ele>418.000</ele></trkpt>
      <trkpt lat="22.2338706323" lon="113.8833028194"><ele>418.000</ele></trkpt>
      <trkpt lat="22.2338588340" lon="113.8832803983"><ele>418.000</ele></trkpt>
      <trkpt lat="22.2338546172" lon="113.8832701677"><ele>418.000</ele></trkpt>
      <trkpt lat="22.2338510165" lon="113.8832605519"><ele>418.000</ele></trkpt>
      <trkpt lat="22.2338474149" lon="113.8832509351"><ele>418.000</ele></trkpt>
      <trkpt lat="22.2338438168" lon="113.8832432427"><ele>418.000</ele></trkpt>
      <trkpt lat="22.2338372253" lon="113.8832317077"><ele>418.000</ele></trkpt>
      <trkpt lat="22.2338336202" lon="113.8832201664"><ele>418.000</ele></trkpt>
      <trkpt lat="22.2338288236" lon="113.8832099099"><ele>418.000</ele></trkpt>
      <trkpt lat="22.2338252231" lon="113.8832009353"><ele>418.000</ele></trkpt>
      <trkpt lat="22.2338234118" lon="113.8831900314"><ele>417.000</ele></trkpt>
      <trkpt lat="22.2338227943" lon="113.8831791251"><ele>417.000</ele></trkpt>
      <trkpt lat="22.2338209829" lon="113.8831682212"><ele>417.000</ele></trkpt>
      <trkpt lat="22.2338191718" lon="113.8831579595"><ele>417.000</ele></trkpt>
      <trkpt lat="22.2338149733" lon="113.8831483440"><ele>418.000</ele></trkpt>
      <trkpt lat="22.2338101746" lon="113.8831374463"><ele>418.000</ele></trkpt>
      <trkpt lat="22.2338029873" lon="113.8831265547"><ele>418.000</ele></trkpt>
      <trkpt lat="22.2337975952" lon="113.8831175828"><ele>418.000</ele></trkpt>
      <trkpt lat="22.2337916088" lon="113.8831105375"><ele>418.000</ele></trkpt>
      <trkpt lat="22.2337838306" lon="113.8831034960"><ele>418.000</ele></trkpt>
      <trkpt lat="22.2337754533" lon="113.8830951725"><ele>418.000</ele></trkpt>
      <trkpt lat="22.2337658814" lon="113.8830874936"><ele>418.000</ele></trkpt>
      <trkpt lat="22.2337539209" lon="113.8830798187"><ele>418.000</ele></trkpt>
      <trkpt lat="22.2337389764" lon="113.8830734333"><ele>418.000</ele></trkpt>
      <trkpt lat="22.2337276164" lon="113.8830676826"><ele>416.000</ele></trkpt>
      <trkpt lat="22.2337174534" lon="113.8830632127"><ele>416.000</ele></trkpt>
      <trkpt lat="22.2337072846" lon="113.8830555350"><ele>418.000</ele></trkpt>
      <trkpt lat="22.2336989107" lon="113.8830491359"><ele>418.000</ele></trkpt>
      <trkpt lat="22.2336893421" lon="113.8830427393"><ele>418.000</ele></trkpt>
      <trkpt lat="22.2336797690" lon="113.8830344183"><ele>418.000</ele></trkpt>
      <trkpt lat="22.2336690056" lon="113.8830280252"><ele>418.000</ele></trkpt>
      <trkpt lat="22.2336576444" lon="113.8830216323"><ele>418.000</ele></trkpt>
      <trkpt lat="22.2336480781" lon="113.8830165200"><ele>418.000</ele></trkpt>
      <trkpt lat="22.2336402977" lon="113.8830081952"><ele>417.000</ele></trkpt>
      <trkpt lat="22.2336301266" lon="113.8829992333"><ele>420.000</ele></trkpt>
      <trkpt lat="22.2336169656" lon="113.8829883531"><ele>420.000</ele></trkpt>
      <trkpt lat="22.2336032102" lon="113.8829793996"><ele>420.000</ele></trkpt>
      <trkpt lat="22.2335954344" lon="113.8829736414"><ele>418.000</ele></trkpt>
      <trkpt lat="22.2335882541" lon="113.8829665987"><ele>418.000</ele></trkpt>
      <trkpt lat="22.2335792650" lon="113.8829505766"><ele>420.000</ele></trkpt>
      <trkpt lat="22.2335702793" lon="113.8829364800"><ele>420.000</ele></trkpt>
      <trkpt lat="22.2335606933" lon="113.8829204592"><ele>420.000</ele></trkpt>
      <trkpt lat="22.2335522976" lon="113.8829025124"><ele>420.000</ele></trkpt>
      <trkpt lat="22.2335433039" lon="113.8828839237"><ele>420.000</ele></trkpt>
      <trkpt lat="22.2335325231" lon="113.8828679063"><ele>420.000</ele></trkpt>
      <trkpt lat="22.2335235386" lon="113.8828544509"><ele>422.000</ele></trkpt>
      <trkpt lat="22.2335145541" lon="113.8828409964"><ele>422.000</ele></trkpt>
      <trkpt lat="22.2335049704" lon="113.8828262589"><ele>420.000</ele></trkpt>
      <trkpt lat="22.2334947854" lon="113.8828095981"><ele>422.000</ele></trkpt>
      <trkpt lat="22.2334875969" lon="113.8827980644"><ele>422.000</ele></trkpt>
      <trkpt lat="22.2334821990" lon="113.8827858847"><ele>422.000</ele></trkpt>
      <trkpt lat="22.2334750004" lon="113.8827692178"><ele>422.000</ele></trkpt>
      <trkpt lat="22.2334683995" lon="113.8827525496"><ele>423.000</ele></trkpt>
      <trkpt lat="22.2334618092" lon="113.8827416557"><ele>422.000</ele></trkpt>
      <trkpt lat="22.2334546082" lon="113.8827237055"><ele>422.000</ele></trkpt>
      <trkpt lat="22.2334486018" lon="113.8827051116"><ele>423.000</ele></trkpt>
      <trkpt lat="22.2334426014" lon="113.8826903675"><ele>423.000</ele></trkpt>
      <trkpt lat="22.2334342240" lon="113.8826820440"><ele>423.000</ele></trkpt>
      <trkpt lat="22.2334258468" lon="113.8826743617"><ele>423.000</ele></trkpt>
      <trkpt lat="22.2334138945" lon="113.8826711789"><ele>422.000</ele></trkpt>
      <trkpt lat="22.2333989511" lon="113.8826654357"><ele>424.000</ele></trkpt>
      <trkpt lat="22.2333780328" lon="113.8826590628"><ele>424.000</ele></trkpt>
      <trkpt lat="22.2333517343" lon="113.8826507767"><ele>424.000</ele></trkpt>
      <trkpt lat="22.2333200572" lon="113.8826405774"><ele>424.000</ele></trkpt>
      <trkpt lat="22.2333057131" lon="113.8826361162"><ele>424.000</ele></trkpt>
      <trkpt lat="22.2332907711" lon="113.8826316554"><ele>424.000</ele></trkpt>
      <trkpt lat="22.2332758277" lon="113.8826259122"><ele>425.000</ele></trkpt>
      <trkpt lat="22.2332686453" lon="113.8826182284"><ele>426.000</ele></trkpt>
      <trkpt lat="22.2332602679" lon="113.8826099049"><ele>426.000</ele></trkpt>
      <trkpt lat="22.2332518952" lon="113.8826041480"><ele>426.000</ele></trkpt>
      <trkpt lat="22.2332315692" lon="113.8825952073"><ele>426.000</ele></trkpt>
      <trkpt lat="22.2332106416" lon="113.8825837022"><ele>426.000</ele></trkpt>
      <trkpt lat="22.2332010729" lon="113.8825773057"><ele>426.000</ele></trkpt>
      <trkpt lat="22.2331938882" lon="113.8825683386"><ele>427.000</ele></trkpt>
      <trkpt lat="22.2331837125" lon="113.8825568111"><ele>428.000</ele></trkpt>
      <trkpt lat="22.2331765252" lon="113.8825459185"><ele>428.000</ele></trkpt>
      <trkpt lat="22.2331705363" lon="113.8825375900"><ele>428.000</ele></trkpt>
      <trkpt lat="22.2331621624" lon="113.8825311910"><ele>428.000</ele></trkpt>
      <trkpt lat="22.2331537830" lon="113.8825222264"><ele>428.000</ele></trkpt>
      <trkpt lat="22.2331489875" lon="113.8825126121"><ele>428.000</ele></trkpt>
      <trkpt lat="22.2331447880" lon="113.8825029966"><ele>428.000</ele></trkpt>
      <trkpt lat="22.2331376007" lon="113.8824921041"><ele>428.000</ele></trkpt>
      <trkpt lat="22.2331304148" lon="113.8824824948"><ele>428.000</ele></trkpt>
      <trkpt lat="22.2331226378" lon="113.8824760955"><ele>428.000</ele></trkpt>
      <trkpt lat="22.2331130668" lon="113.8824684157"><ele>430.000</ele></trkpt>
      <trkpt lat="22.2331011110" lon="113.8824633075"><ele>430.000</ele></trkpt>
      <trkpt lat="22.2330903522" lon="113.8824594810"><ele>430.000</ele></trkpt>
      <trkpt lat="22.2330783978" lon="113.8824556561"><ele>430.000</ele></trkpt>
      <trkpt lat="22.2330676437" lon="113.8824543952"><ele>430.000</ele></trkpt>
      <trkpt lat="22.2330550959" lon="113.8824524970"><ele>430.000</ele></trkpt>
      <trkpt lat="22.2330425501" lon="113.8824512399"><ele>430.000</ele></trkpt>
      <trkpt lat="22.2330311981" lon="113.8824499793"><ele>430.000</ele></trkpt>
      <trkpt lat="22.2330150600" lon="113.8824442396"><ele>430.000</ele></trkpt>
      <trkpt lat="22.2330019073" lon="113.8824384917"><ele>429.000</ele></trkpt>
      <trkpt lat="22.2329887568" lon="113.8824333870"><ele>429.000</ele></trkpt>
      <trkpt lat="22.2329779934" lon="113.8824269930"><ele>429.000</ele></trkpt>
      <trkpt lat="22.2329678257" lon="113.8824199565"><ele>428.000</ele></trkpt>
      <trkpt lat="22.2329582524" lon="113.8824109944"><ele>428.000</ele></trkpt>
      <trkpt lat="22.2329492702" lon="113.8823988223"><ele>428.000</ele></trkpt>
      <trkpt lat="22.2329396971" lon="113.8823905014"><ele>428.000</ele></trkpt>
      <trkpt lat="22.2329277378" lon="113.8823834687"><ele>428.000</ele></trkpt>
      <trkpt lat="22.2329139950" lon="113.8823809308"><ele>428.000</ele></trkpt>
      <trkpt lat="22.2328978650" lon="113.8823796812"><ele>428.000</ele></trkpt>
      <trkpt lat="22.2328745630" lon="113.8823765221"><ele>428.000</ele></trkpt>
      <trkpt lat="22.2328446904" lon="113.8823733758"><ele>428.000</ele></trkpt>
      <trkpt lat="22.2328172122" lon="113.8823734332"><ele>428.000</ele></trkpt>
      <trkpt lat="22.2327927189" lon="113.8823722020"><ele>428.000</ele></trkpt>
      <trkpt lat="22.2327682243" lon="113.8823696866"><ele>428.000</ele></trkpt>
      <trkpt lat="22.2327395464" lon="113.8823665387"><ele>427.000</ele></trkpt>
      <trkpt lat="22.2327102754" lon="113.8823659577"><ele>427.000</ele></trkpt>
      <trkpt lat="22.2326839928" lon="113.8823660126"><ele>428.000</ele></trkpt>
      <trkpt lat="22.2326582967" lon="113.8823602919"><ele>428.000</ele></trkpt>
      <trkpt lat="22.2326314035" lon="113.8823532905"><ele>428.000</ele></trkpt>
      <trkpt lat="22.2325931616" lon="113.8823463127"><ele>429.000</ele></trkpt>
      <trkpt lat="22.2325555167" lon="113.8823393337"><ele>430.000</ele></trkpt>
      <trkpt lat="22.2325280301" lon="113.8823342580"><ele>430.000</ele></trkpt>
      <trkpt lat="22.2325077157" lon="113.8823317338"><ele>430.000</ele></trkpt>
      <trkpt lat="22.2324832222" lon="113.8823298605"><ele>428.000</ele></trkpt>
      <trkpt lat="22.2324587290" lon="113.8823286284"><ele>428.000</ele></trkpt>
      <trkpt lat="22.2324258679" lon="113.8823248472"><ele>428.000</ele></trkpt>
      <trkpt lat="22.2324013732" lon="113.8823223317"><ele>428.000</ele></trkpt>
      <trkpt lat="22.2323762775" lon="113.8823185353"><ele>430.000</ele></trkpt>
      <trkpt lat="22.2323487921" lon="113.8823141007"><ele>430.000</ele></trkpt>
      <trkpt lat="22.2323272769" lon="113.8823077301"><ele>430.000</ele></trkpt>
      <trkpt lat="22.2323033736" lon="113.8823026469"><ele>430.000</ele></trkpt>
      <trkpt lat="22.2322836524" lon="113.8822975549"><ele>432.000</ele></trkpt>
      <trkpt lat="22.2322657240" lon="113.8822931013"><ele>432.000</ele></trkpt>
      <trkpt lat="22.2322543697" lon="113.8822905585"><ele>432.000</ele></trkpt>
      <trkpt lat="22.2322424115" lon="113.8822841680"><ele>434.000</ele></trkpt>
      <trkpt lat="22.2322256674" lon="113.8822739366"><ele>434.000</ele></trkpt>
      <trkpt lat="22.2322089207" lon="113.8822617818"><ele>434.000</ele></trkpt>
      <trkpt lat="22.2321993523" lon="113.8822560275"><ele>436.000</ele></trkpt>
      <trkpt lat="22.2321873849" lon="113.8822445028"><ele>436.000</ele></trkpt>
      <trkpt lat="22.2321778115" lon="113.8822355408"><ele>436.000</ele></trkpt>
      <trkpt lat="22.2321628544" lon="113.8822227401"><ele>436.000</ele></trkpt>
      <trkpt lat="22.2321449121" lon="113.8822105868"><ele>438.000</ele></trkpt>
      <trkpt lat="22.2321245823" lon="113.8821990806"><ele>438.000</ele></trkpt>
      <trkpt lat="22.2321096310" lon="113.8821894877"><ele>438.000</ele></trkpt>
      <trkpt lat="22.2320970713" lon="113.8821805309"><ele>440.000</ele></trkpt>
      <trkpt lat="22.2320886988" lon="113.8821754162"><ele>440.000</ele></trkpt>
      <trkpt lat="22.2320773445" lon="113.8821728734"><ele>440.000</ele></trkpt>
      <trkpt lat="22.2320647920" lon="113.8821684086"><ele>440.000</ele></trkpt>
      <trkpt lat="22.2320528336" lon="113.8821613760"><ele>442.000</ele></trkpt>
      <trkpt lat="22.2320414712" lon="113.8821543411"><ele>442.000</ele></trkpt>
      <trkpt lat="22.2320283113" lon="113.8821441033"><ele>442.000</ele></trkpt>
      <trkpt lat="22.2320145478" lon="113.8821306580"><ele>444.000</ele></trkpt>
      <trkpt lat="22.2320037786" lon="113.8821210573"><ele>444.000</ele></trkpt>
      <trkpt lat="22.2319924057" lon="113.8821082482"><ele>444.000</ele></trkpt>
      <trkpt lat="22.2319810340" lon="113.8820960821"><ele>444.000</ele></trkpt>
      <trkpt lat="22.2319684684" lon="113.8820839177"><ele>446.000</ele></trkpt>
      <trkpt lat="22.2319547061" lon="113.8820711145"><ele>446.000</ele></trkpt>
      <trkpt lat="22.2319421452" lon="113.8820615166"><ele>446.000</ele></trkpt>
      <trkpt lat="22.2319253952" lon="113.8820480776"><ele>447.000</ele></trkpt>
      <trkpt lat="22.2319146251" lon="113.8820384759"><ele>447.000</ele></trkpt>
      <trkpt lat="22.2319062453" lon="113.8820288692"><ele>447.000</ele></trkpt>
      <trkpt lat="22.2319020456" lon="113.8820186127"><ele>447.000</ele></trkpt>
      <trkpt lat="22.2318978437" lon="113.8820077140"><ele>447.000</ele></trkpt>
      <trkpt lat="22.2318930436" lon="113.8819955333"><ele>447.000</ele></trkpt>
      <trkpt lat="22.2318900397" lon="113.8819859163"><ele>448.000</ele></trkpt>
      <trkpt lat="22.2318846455" lon="113.8819763034"><ele>448.000</ele></trkpt>
      <trkpt lat="22.2318792533" lon="113.8819673317"><ele>448.000</ele></trkpt>
      <trkpt lat="22.2318738564" lon="113.8819557944"><ele>448.000</ele></trkpt>
      <trkpt lat="22.2318684631" lon="113.8819461815"><ele>448.000</ele></trkpt>
      <trkpt lat="22.2318612725" lon="113.8819340057"><ele>450.000</ele></trkpt>
      <trkpt lat="22.2318552834" lon="113.8819250362"><ele>450.000</ele></trkpt>
      <trkpt lat="22.2318510825" lon="113.8819141375"><ele>450.000</ele></trkpt>
      <trkpt lat="22.2318474727" lon="113.8819000299"><ele>450.000</ele></trkpt>
      <trkpt lat="22.2318432717" lon="113.8818891312"><ele>450.000</ele></trkpt>
      <trkpt lat="22.2318420560" lon="113.8818775851"><ele>450.000</ele></trkpt>
      <trkpt lat="22.2318402390" lon="113.8818641149"><ele>450.000</ele></trkpt>
      <trkpt lat="22.2318384229" lon="113.8818506456"><ele>450.000</ele></trkpt>
      <trkpt lat="22.2318372003" lon="113.8818352497"><ele>452.000</ele></trkpt>
      <trkpt lat="22.2318365812" lon="113.8818230602"><ele>452.000</ele></trkpt>
      <trkpt lat="22.2318365615" lon="113.8818121528"><ele>452.000</ele></trkpt>
      <trkpt lat="22.2318413174" lon="113.8817999521"><ele>450.000</ele></trkpt>
      <trkpt lat="22.2318442838" lon="113.8817883973"><ele>452.000</ele></trkpt>
      <trkpt lat="22.2318508323" lon="113.8817761928"><ele>452.000</ele></trkpt>
      <trkpt lat="22.2318573797" lon="113.8817633472"><ele>452.000</ele></trkpt>
      <trkpt lat="22.2318615445" lon="113.8817543564"><ele>452.000</ele></trkpt>
      <trkpt lat="22.2318657024" lon="113.8817415148"><ele>452.000</ele></trkpt>
      <trkpt lat="22.2318692540" lon="113.8817235433"><ele>452.000</ele></trkpt>
      <trkpt lat="22.2318710178" lon="113.8817081411"><ele>452.000</ele></trkpt>
      <trkpt lat="22.2318727815" lon="113.8816927389"><ele>454.000</ele></trkpt>
      <trkpt lat="22.2318739434" lon="113.8816741293"><ele>454.000</ele></trkpt>
      <trkpt lat="22.2318745089" lon="113.8816568052"><ele>454.000</ele></trkpt>
      <trkpt lat="22.2318774650" lon="113.8816401172"><ele>454.000</ele></trkpt>
      <trkpt lat="22.2318786318" lon="113.8816247163"><ele>454.000</ele></trkpt>
      <trkpt lat="22.2318809922" lon="113.8816086707"><ele>454.000</ele></trkpt>
      <trkpt lat="22.2318839506" lon="113.8815932660"><ele>455.000</ele></trkpt>
      <trkpt lat="22.2318869158" lon="113.8815810691"><ele>455.000</ele></trkpt>
      <trkpt lat="22.2318880861" lon="113.8815675935"><ele>455.000</ele></trkpt>
      <trkpt lat="22.2318880616" lon="113.8815541195"><ele>456.000</ele></trkpt>
      <trkpt lat="22.2318874347" lon="113.8815380812"><ele>456.000</ele></trkpt>
      <trkpt lat="22.2318868145" lon="113.8815252506"><ele>456.000</ele></trkpt>
      <trkpt lat="22.2318867970" lon="113.8815156264"><ele>456.000</ele></trkpt>
      <trkpt lat="22.2318885724" lon="113.8815066397"><ele>458.000</ele></trkpt>
      <trkpt lat="22.2318927337" lon="113.8814957235"><ele>458.000</ele></trkpt>
      <trkpt lat="22.2318980805" lon="113.8814796727"><ele>458.000</ele></trkpt>
      <trkpt lat="22.2319028327" lon="113.8814649054"><ele>458.000</ele></trkpt>
      <trkpt lat="22.2319063948" lon="113.8814527071"><ele>458.000</ele></trkpt>
      <trkpt lat="22.2319123384" lon="113.8814366550"><ele>458.000</ele></trkpt>
      <trkpt lat="22.2319159017" lon="113.8814250989"><ele>458.000</ele></trkpt>
      <trkpt lat="22.2319188657" lon="113.8814122598"><ele>458.000</ele></trkpt>
      <trkpt lat="22.2319218276" lon="113.8813987805"><ele>459.000</ele></trkpt>
      <trkpt lat="22.2319241927" lon="113.8813853015"><ele>459.000</ele></trkpt>
      <trkpt lat="22.2319247628" lon="113.8813705440"><ele>459.000</ele></trkpt>
      <trkpt lat="22.2319241414" lon="113.8813570712"><ele>460.000</ele></trkpt>
      <trkpt lat="22.2319229222" lon="113.8813435997"><ele>460.000</ele></trkpt>
      <trkpt lat="22.2319193158" lon="113.8813314175"><ele>460.000</ele></trkpt>
      <trkpt lat="22.2319175043" lon="113.8813205138"><ele>460.000</ele></trkpt>
      <trkpt lat="22.2319150927" lon="113.8813083281"><ele>460.000</ele></trkpt>
      <trkpt lat="22.2319150635" lon="113.8812922885"><ele>460.000</ele></trkpt>
      <trkpt lat="22.2319150285" lon="113.8812730402"><ele>460.000</ele></trkpt>
      <trkpt lat="22.2319155940" lon="113.8812557151"><ele>459.000</ele></trkpt>
      <trkpt lat="22.2319155730" lon="113.8812441666"><ele>459.000</ele></trkpt>
      <trkpt lat="22.2319167491" lon="113.8812338987"><ele>459.000</ele></trkpt>
      <trkpt lat="22.2319191281" lon="113.8812281194"><ele>459.000</ele></trkpt>
      <trkpt lat="22.2319250843" lon="113.8812184828"><ele>459.000</ele></trkpt>
      <trkpt lat="22.2319310408" lon="113.8812094873"><ele>458.000</ele></trkpt>
      <trkpt lat="22.2319334163" lon="113.8812017835"><ele>458.000</ele></trkpt>
      <trkpt lat="22.2319310105" lon="113.8811928055"><ele>458.000</ele></trkpt>
      <trkpt lat="22.2319256241" lon="113.8811870425"><ele>458.000</ele></trkpt>
      <trkpt lat="22.2319184460" lon="113.8811812833"><ele>458.000</ele></trkpt>
      <trkpt lat="22.2319070824" lon="113.8811736083"><ele>458.000</ele></trkpt>
      <trkpt lat="22.2318981129" lon="113.8811684940"><ele>458.000</ele></trkpt>
      <trkpt lat="22.2318903476" lon="113.8811685103"><ele>458.000</ele></trkpt>
      <trkpt lat="22.2318819820" lon="113.8811672445"><ele>455.000</ele></trkpt>
      <trkpt lat="22.2318736150" lon="113.8811646955"><ele>454.000</ele></trkpt>
      <trkpt lat="22.2318652411" lon="113.8811582976"><ele>454.000</ele></trkpt>
      <trkpt lat="22.2318544744" lon="113.8811506204"><ele>454.000</ele></trkpt>
      <trkpt lat="22.2318449045" lon="113.8811435829"><ele>454.000</ele></trkpt>
      <trkpt lat="22.2318359292" lon="113.8811352608"><ele>452.000</ele></trkpt>
      <trkpt lat="22.2318317317" lon="113.8811262866"><ele>452.000</ele></trkpt>
      <trkpt lat="22.2318287313" lon="113.8811185942"><ele>451.000</ele></trkpt>
      <trkpt lat="22.2318227471" lon="113.8811128324"><ele>451.000</ele></trkpt>
      <trkpt lat="22.2318131725" lon="113.8811032283"><ele>451.000</ele></trkpt>
      <trkpt lat="22.2318018078" lon="113.8810949113"><ele>451.000</ele></trkpt>
      <trkpt lat="22.2317904441" lon="113.8810872363"><ele>449.000</ele></trkpt>
      <trkpt lat="22.2317820643" lon="113.8810776297"><ele>449.000</ele></trkpt>
      <trkpt lat="22.2317718850" lon="113.8810641771"><ele>448.000</ele></trkpt>
      <trkpt lat="22.2317599174" lon="113.8810526536"><ele>448.000</ele></trkpt>
      <trkpt lat="22.2317461666" lon="113.8810462660"><ele>448.000</ele></trkpt>
      <trkpt lat="22.2317359954" lon="113.8810373053"><ele>446.000</ele></trkpt>
      <trkpt lat="22.2317252226" lon="113.8810257783"><ele>446.000</ele></trkpt>
      <trkpt lat="22.2317180364" lon="113.8810155280"><ele>444.000</ele></trkpt>
      <trkpt lat="22.2317120358" lon="113.8810007843"><ele>444.000</ele></trkpt>
      <trkpt lat="22.2317078220" lon="113.8809828281"><ele>444.000</ele></trkpt>
      <trkpt lat="22.2317042109" lon="113.8809680783"><ele>442.000</ele></trkpt>
      <trkpt lat="22.2316970110" lon="113.8809507705"><ele>442.000</ele></trkpt>
      <trkpt lat="22.2316868115" lon="113.8809257693"><ele>441.000</ele></trkpt>
      <trkpt lat="22.2316784086" lon="113.8809039720"><ele>441.000</ele></trkpt>
      <trkpt lat="22.2316718099" lon="113.8808885874"><ele>441.000</ele></trkpt>
      <trkpt lat="22.2316622342" lon="113.8808783422"><ele>441.000</ele></trkpt>
      <trkpt lat="22.2316508635" lon="113.8808668165"><ele>440.000</ele></trkpt>
      <trkpt lat="22.2316382935" lon="113.8808527277"><ele>440.000</ele></trkpt>
      <trkpt lat="22.2316299090" lon="113.8808405546"><ele>440.000</ele></trkpt>
      <trkpt lat="22.2316239213" lon="113.8808328684"><ele>440.000</ele></trkpt>
      <trkpt lat="22.2316131309" lon="113.8808117183"><ele>438.000</ele></trkpt>
      <trkpt lat="22.2316041358" lon="113.8807924888"><ele>438.000</ele></trkpt>
      <trkpt lat="22.2315915503" lon="113.8807694181"><ele>438.000</ele></trkpt>
      <trkpt lat="22.2315813569" lon="113.8807482657"><ele>438.000</ele></trkpt>
      <trkpt lat="22.2315723453" lon="113.8807200543"><ele>438.000</ele></trkpt>
      <trkpt lat="22.2315639401" lon="113.8806969748"><ele>438.000</ele></trkpt>
      <trkpt lat="22.2315603275" lon="113.8806809418"><ele>439.000</ele></trkpt>
      <trkpt lat="22.2315579159" lon="113.8806687561"><ele>439.000</ele></trkpt>
      <trkpt lat="22.2315572958" lon="113.8806565677"><ele>439.000</ele></trkpt>
      <trkpt lat="22.2315560777" lon="113.8806437383"><ele>439.000</ele></trkpt>
      <trkpt lat="22.2315554528" lon="113.8806283402"><ele>439.000</ele></trkpt>
      <trkpt lat="22.2315530294" lon="113.8806097391"><ele>439.000</ele></trkpt>
      <trkpt lat="22.2315517961" lon="113.8805885690"><ele>439.000</ele></trkpt>
      <trkpt lat="22.2315511679" lon="113.8805718885"><ele>439.000</ele></trkpt>
      <trkpt lat="22.2315505499" lon="113.8805603412"><ele>439.000</ele></trkpt>
      <trkpt lat="22.2315463407" lon="113.8805449516"><ele>439.000</ele></trkpt>
      <trkpt lat="22.2315421338" lon="113.8805308453"><ele>439.000</ele></trkpt>
      <trkpt lat="22.2315355258" lon="113.8805103276"><ele>439.000</ele></trkpt>
      <trkpt lat="22.2315313189" lon="113.8804962213"><ele>439.000</ele></trkpt>
      <trkpt lat="22.2315277055" lon="113.8804801883"><ele>438.000</ele></trkpt>
      <trkpt lat="22.2315264862" lon="113.8804667178"><ele>438.000</ele></trkpt>
      <trkpt lat="22.2315246700" lon="113.8804532476"><ele>438.000</ele></trkpt>
      <trkpt lat="22.2315234553" lon="113.8804423427"><ele>438.000</ele></trkpt>
      <trkpt lat="22.2315204446" lon="113.8804295172"><ele>438.000</ele></trkpt>
      <trkpt lat="22.2315162424" lon="113.8804179774"><ele>440.000</ele></trkpt>
      <trkpt lat="22.2315096473" lon="113.8804045173"><ele>440.000</ele></trkpt>
      <trkpt lat="22.2315048496" lon="113.8803942620"><ele>440.000</ele></trkpt>
      <trkpt lat="22.2315030369" lon="113.8803827163"><ele>438.000</ele></trkpt>
      <trkpt lat="22.2314982240" lon="113.8803641202"><ele>438.000</ele></trkpt>
      <trkpt lat="22.2314963925" lon="113.8803423092"><ele>438.000</ele></trkpt>
      <trkpt lat="22.2314945634" lon="113.8803217824"><ele>438.000</ele></trkpt>
      <trkpt lat="22.2314921295" lon="113.8802974061"><ele>438.000</ele></trkpt>
      <trkpt lat="22.2314903112" lon="113.8802832948"><ele>438.000</ele></trkpt>
      <trkpt lat="22.2314926773" lon="113.8802704579"><ele>438.000</ele></trkpt>
      <trkpt lat="22.2314974352" lon="113.8802588993"><ele>438.000</ele></trkpt>
      <trkpt lat="22.2315051772" lon="113.8802460511"><ele>438.000</ele></trkpt>
      <trkpt lat="22.2315129169" lon="113.8802319187"><ele>438.000</ele></trkpt>
      <trkpt lat="22.2315194618" lon="113.8802177898"><ele>436.000</ele></trkpt>
      <trkpt lat="22.2315224259" lon="113.8802055938"><ele>436.000</ele></trkpt>
      <trkpt lat="22.2315241951" lon="113.8801927572"><ele>438.000</ele></trkpt>
      <trkpt lat="22.2315247710" lon="113.8801812074"><ele>438.000</ele></trkpt>
      <trkpt lat="22.2315247312" lon="113.8801593926"><ele>438.000</ele></trkpt>
      <trkpt lat="22.2315246844" lon="113.8801337289"><ele>438.000</ele></trkpt>
      <trkpt lat="22.2315240359" lon="113.8801055000"><ele>438.000</ele></trkpt>
      <trkpt lat="22.2315239821" lon="113.8800759865"><ele>438.000</ele></trkpt>
      <trkpt lat="22.2315263145" lon="113.8800451846"><ele>437.000</ele></trkpt>
      <trkpt lat="22.2315256625" lon="113.8800150303"><ele>437.000</ele></trkpt>
      <trkpt lat="22.2315256098" lon="113.8799861579"><ele>437.000</ele></trkpt>
      <trkpt lat="22.2315261588" lon="113.8799598518"><ele>437.000</ele></trkpt>
      <trkpt lat="22.2315254939" lon="113.8799226399"><ele>438.000</ele></trkpt>
      <trkpt lat="22.2315248387" lon="113.8798912023"><ele>438.000</ele></trkpt>
      <trkpt lat="22.2315241879" lon="113.8798616900"><ele>438.000</ele></trkpt>
      <trkpt lat="22.2315223552" lon="113.8798392378"><ele>439.000</ele></trkpt>
      <trkpt lat="22.2315205392" lon="113.8798264098"><ele>439.000</ele></trkpt>
      <trkpt lat="22.2315181275" lon="113.8798142241"><ele>440.000</ele></trkpt>
      <trkpt lat="22.2315151247" lon="113.8798052484"><ele>440.000</ele></trkpt>
      <trkpt lat="22.2315103281" lon="113.8797956344"><ele>440.000</ele></trkpt>
      <trkpt lat="22.2315007465" lon="113.8797821806"><ele>440.000</ele></trkpt>
      <trkpt lat="22.2314929612" lon="113.8797712895"><ele>440.000</ele></trkpt>
      <trkpt lat="22.2314863718" lon="113.8797610381"><ele>440.000</ele></trkpt>
      <trkpt lat="22.2314809713" lon="113.8797475755"><ele>440.000</ele></trkpt>
      <trkpt lat="22.2314755649" lon="113.8797309051"><ele>440.000</ele></trkpt>
      <trkpt lat="22.2314677667" lon="113.8797129575"><ele>438.000</ele></trkpt>
      <trkpt lat="22.2314629654" lon="113.8797007769"><ele>438.000</ele></trkpt>
      <trkpt lat="22.2314605549" lon="113.8796892334"><ele>438.000</ele></trkpt>
      <trkpt lat="22.2314569484" lon="113.8796770503"><ele>438.000</ele></trkpt>
      <trkpt lat="22.2314569273" lon="113.8796655018"><ele>438.000</ele></trkpt>
      <trkpt lat="22.2314551039" lon="113.8796481817"><ele>438.000</ele></trkpt>
      <trkpt lat="22.2314556516" lon="113.8796212335"><ele>438.000</ele></trkpt>
      <trkpt lat="22.2314567995" lon="113.8795955664"><ele>438.000</ele></trkpt>
      <trkpt lat="22.2314567385" lon="113.8795622040"><ele>438.000</ele></trkpt>
      <trkpt lat="22.2314578863" lon="113.8795365369"><ele>438.000</ele></trkpt>
      <trkpt lat="22.2314584513" lon="113.8795185707"><ele>438.000</ele></trkpt>
      <trkpt lat="22.2314602207" lon="113.8795063772"><ele>438.000</ele></trkpt>
      <trkpt lat="22.2314631822" lon="113.8794922548"><ele>438.000</ele></trkpt>
      <trkpt lat="22.2314667315" lon="113.8794736412"><ele>438.000</ele></trkpt>
      <trkpt lat="22.2314750361" lon="113.8794415435"><ele>438.000</ele></trkpt>
      <trkpt lat="22.2314827545" lon="113.8794158634"><ele>440.000</ele></trkpt>
      <trkpt lat="22.2314857104" lon="113.8793991755"><ele>440.000</ele></trkpt>
      <trkpt lat="22.2314904507" lon="113.8793779927"><ele>440.000</ele></trkpt>
      <trkpt lat="22.2314957926" lon="113.8793593743"><ele>442.000</ele></trkpt>
      <trkpt lat="22.2315035274" lon="113.8793426763"><ele>442.000</ele></trkpt>
      <trkpt lat="22.2315124582" lon="113.8793266178"><ele>442.000</ele></trkpt>
      <trkpt lat="22.2315184005" lon="113.8793099235"><ele>444.000</ele></trkpt>
      <trkpt lat="22.2315213526" lon="113.8792906690"><ele>444.000</ele></trkpt>
      <trkpt lat="22.2315231009" lon="113.8792669260"><ele>444.000</ele></trkpt>
      <trkpt lat="22.2315248609" lon="113.8792495994"><ele>444.000</ele></trkpt>
      <trkpt lat="22.2315307935" lon="113.8792271308"><ele>444.000</ele></trkpt>
      <trkpt lat="22.2315361353" lon="113.8792085124"><ele>444.000</ele></trkpt>
      <trkpt lat="22.2315450473" lon="113.8791821877"><ele>444.000</ele></trkpt>
      <trkpt lat="22.2315527822" lon="113.8791654896"><ele>443.000</ele></trkpt>
      <trkpt lat="22.2315652902" lon="113.8791455737"><ele>442.000</ele></trkpt>
      <trkpt lat="22.2315736208" lon="113.8791282332"><ele>442.000</ele></trkpt>
      <trkpt lat="22.2315837392" lon="113.8791083224"><ele>442.000</ele></trkpt>
      <trkpt lat="22.2315962531" lon="113.8790916142"><ele>442.000</ele></trkpt>
      <trkpt lat="22.2316081691" lon="113.8790749073"><ele>440.000</ele></trkpt>
      <trkpt lat="22.2316212810" lon="113.8790588390"><ele>440.000</ele></trkpt>
      <trkpt lat="22.2316349945" lon="113.8790453370"><ele>440.000</ele></trkpt>
      <trkpt lat="22.2316481182" lon="113.8790356851"><ele>440.000</ele></trkpt>
      <trkpt lat="22.2316606461" lon="113.8790266757"><ele>438.000</ele></trkpt>
      <trkpt lat="22.2316743711" lon="113.8790189479"><ele>438.000</ele></trkpt>
      <trkpt lat="22.2316880917" lon="113.8790092948"><ele>438.000</ele></trkpt>
      <trkpt lat="22.2316988188" lon="113.8789957981"><ele>438.000</ele></trkpt>
      <trkpt lat="22.2317059626" lon="113.8789823090"><ele>438.000</ele></trkpt>
      <trkpt lat="22.2317125039" lon="113.8789662555"><ele>438.000</ele></trkpt>
      <trkpt lat="22.2317184470" lon="113.8789495612"><ele>438.000</ele></trkpt>
      <trkpt lat="22.2317231957" lon="113.8789335115"><ele>438.000</ele></trkpt>
      <trkpt lat="22.2317261537" lon="113.8789174647"><ele>438.000</ele></trkpt>
      <trkpt lat="22.2317279159" lon="113.8789014204"><ele>438.000</ele></trkpt>
      <trkpt lat="22.2317278936" lon="113.8788892306"><ele>438.000</ele></trkpt>
      <trkpt lat="22.2317254771" lon="113.8788744784"><ele>439.000</ele></trkpt>
      <trkpt lat="22.2317242600" lon="113.8788622912"><ele>439.000</ele></trkpt>
      <trkpt lat="22.2317224425" lon="113.8788481789"><ele>439.000</ele></trkpt>
      <trkpt lat="22.2317230206" lon="113.8788379124"><ele>438.000</ele></trkpt>
      <trkpt lat="22.2317259844" lon="113.8788250742"><ele>438.000</ele></trkpt>
      <trkpt lat="22.2317271580" lon="113.8788135231"><ele>438.000</ele></trkpt>
      <trkpt lat="22.2317295254" lon="113.8788019685"><ele>438.000</ele></trkpt>
      <trkpt lat="22.2317306908" lon="113.8787859264"><ele>438.000</ele></trkpt>
      <trkpt lat="22.2317318561" lon="113.8787698834"><ele>438.000</ele></trkpt>
      <trkpt lat="22.2317324316" lon="113.8787576924"><ele>438.000</ele></trkpt>
      <trkpt lat="22.2317300174" lon="113.8787442234"><ele>438.000</ele></trkpt>
      <trkpt lat="22.2317246251" lon="113.8787352528"><ele>438.000</ele></trkpt>
      <trkpt lat="22.2317162454" lon="113.8787262875"><ele>438.000</ele></trkpt>
      <trkpt lat="22.2317084635" lon="113.8787173219"><ele>438.000</ele></trkpt>
      <trkpt lat="22.2316982946" lon="113.8787096437"><ele>438.000</ele></trkpt>
      <trkpt lat="22.2316893224" lon="113.8787026051"><ele>436.000</ele></trkpt>
      <trkpt lat="22.2316839289" lon="113.8786929923"><ele>435.000</ele></trkpt>
      <trkpt lat="22.2316797280" lon="113.8786827359"><ele>435.000</ele></trkpt>
      <trkpt lat="22.2316749287" lon="113.8786711974"><ele>435.000</ele></trkpt>
      <trkpt lat="22.2316707232" lon="113.8786583735"><ele>435.000</ele></trkpt>
      <trkpt lat="22.2316647280" lon="113.8786461964"><ele>434.000</ele></trkpt>
      <trkpt lat="22.2316569332" lon="113.8786301723"><ele>434.000</ele></trkpt>
      <trkpt lat="22.2316473494" lon="113.8786160774"><ele>433.000</ele></trkpt>
      <trkpt lat="22.2316365670" lon="113.8785994184"><ele>433.000</ele></trkpt>
      <trkpt lat="22.2316269817" lon="113.8785840402"><ele>432.000</ele></trkpt>
      <trkpt lat="22.2316144068" lon="113.8785673851"><ele>432.000</ele></trkpt>
      <trkpt lat="22.2316042236" lon="113.8785520082"><ele>430.000</ele></trkpt>
      <trkpt lat="22.2315904572" lon="113.8785366388"><ele>430.000</ele></trkpt>
      <trkpt lat="22.2315826730" lon="113.8785263900"><ele>430.000</ele></trkpt>
      <trkpt lat="22.2315748900" lon="113.8785167823"><ele>430.000</ele></trkpt>
      <trkpt lat="22.2315635227" lon="113.8785071822"><ele>430.000</ele></trkpt>
      <trkpt lat="22.2315521554" lon="113.8784975821"><ele>427.000</ele></trkpt>
      <trkpt lat="22.2315389977" lon="113.8784886279"><ele>427.000</ele></trkpt>
      <trkpt lat="22.2315258470" lon="113.8784835226"><ele>427.000</ele></trkpt>
      <trkpt lat="22.2315126927" lon="113.8784764929"><ele>426.000</ele></trkpt>
      <trkpt lat="22.2314977506" lon="113.8784720335"><ele>426.000</ele></trkpt>
      <trkpt lat="22.2314780211" lon="113.8784624511"><ele>426.000</ele></trkpt>
      <trkpt lat="22.2314547061" lon="113.8784522341"><ele>422.000</ele></trkpt>
      <trkpt lat="22.2314367691" lon="113.8784426480"><ele>422.000</ele></trkpt>
      <trkpt lat="22.2314176376" lon="113.8784337064"><ele>420.000</ele></trkpt>
      <trkpt lat="22.2314080735" lon="113.8784298768"><ele>420.000</ele></trkpt>
      <trkpt lat="22.2314038808" lon="113.8784241114"><ele>420.000</ele></trkpt>
      <trkpt lat="22.2314044633" lon="113.8784157693"><ele>420.000</ele></trkpt>
      <trkpt lat="22.2314068258" lon="113.8784010080"><ele>420.000</ele></trkpt>
      <trkpt lat="22.2314097816" lon="113.8783843200"><ele>420.000</ele></trkpt>
      <trkpt lat="22.2314133352" lon="113.8783676308"><ele>420.000</ele></trkpt>
      <trkpt lat="22.2314168829" lon="113.8783477328"><ele>418.000</ele></trkpt>
      <trkpt lat="22.2314198281" lon="113.8783252706"><ele>418.000</ele></trkpt>
      <trkpt lat="22.2314233688" lon="113.8783015238"><ele>416.000</ele></trkpt>
      <trkpt lat="22.2314286987" lon="113.8782764899"><ele>417.000</ele></trkpt>
      <trkpt lat="22.2314310426" lon="113.8782521045"><ele>414.000</ele></trkpt>
      <trkpt lat="22.2314327975" lon="113.8782315692"><ele>414.000</ele></trkpt>
      <trkpt lat="22.2314351528" lon="113.8782129580"><ele>414.000</ele></trkpt>
      <trkpt lat="22.2314392962" lon="113.8781924177"><ele>412.000</ele></trkpt>
      <trkpt lat="22.2314392680" lon="113.8781770193"><ele>412.000</ele></trkpt>
      <trkpt lat="22.2314386498" lon="113.8781654720"><ele>412.000</ele></trkpt>
      <trkpt lat="22.2314332518" lon="113.8781539349"><ele>410.000</ele></trkpt>
      <trkpt lat="22.2314278571" lon="113.8781436800"><ele>410.000</ele></trkpt>
      <trkpt lat="22.2314212711" lon="113.8781353531"><ele>408.000</ele></trkpt>
      <trkpt lat="22.2314134928" lon="113.8781283120"><ele>408.000</ele></trkpt>
      <trkpt lat="22.2314033250" lon="113.8781212760"><ele>408.000</ele></trkpt>
      <trkpt lat="22.2313931639" lon="113.8781174477"><ele>408.000</ele></trkpt>
      <trkpt lat="22.2313835942" lon="113.8781110525"><ele>406.000</ele></trkpt>
      <trkpt lat="22.2313752201" lon="113.8781046538"><ele>405.000</ele></trkpt>
      <trkpt lat="22.2313650499" lon="113.8780963345"><ele>405.000</ele></trkpt>
      <trkpt lat="22.2313560744" lon="113.8780880127"><ele>405.000</ele></trkpt>
      <trkpt lat="22.2313494908" lon="113.8780809691"><ele>405.000</ele></trkpt>
      <trkpt lat="22.2313423080" lon="113.8780726434"><ele>405.000</ele></trkpt>
      <trkpt lat="22.2313285535" lon="113.8780643317"><ele>402.000</ele></trkpt>
      <trkpt lat="22.2313171886" lon="113.8780560149"><ele>402.000</ele></trkpt>
      <trkpt lat="22.2313088133" lon="113.8780489751"><ele>402.000</ele></trkpt>
      <trkpt lat="22.2312956591" lon="113.8780419454"><ele>402.000</ele></trkpt>
      <trkpt lat="22.2312872841" lon="113.8780355477"><ele>402.000</ele></trkpt>
      <trkpt lat="22.2312771198" lon="113.8780304361"><ele>402.000</ele></trkpt>
      <trkpt lat="22.2312681511" lon="113.8780253220"><ele>402.000</ele></trkpt>
      <trkpt lat="22.2312609756" lon="113.8780214874"><ele>402.000</ele></trkpt>
      <trkpt lat="22.2312525991" lon="113.8780138064"><ele>400.000</ele></trkpt>
      <trkpt lat="22.2312340563" lon="113.8780003717"><ele>400.000</ele></trkpt>
      <trkpt lat="22.2312185031" lon="113.8779882150"><ele>400.000</ele></trkpt>
      <trkpt lat="22.2312047473" lon="113.8779786200"><ele>400.000</ele></trkpt>
      <trkpt lat="22.2311945782" lon="113.8779709418"><ele>400.000</ele></trkpt>
      <trkpt lat="22.2311862080" lon="113.8779671097"><ele>398.000</ele></trkpt>
      <trkpt lat="22.2311760457" lon="113.8779626403"><ele>398.000</ele></trkpt>
      <trkpt lat="22.2311652871" lon="113.8779594554"><ele>398.000</ele></trkpt>
      <trkpt lat="22.2311527319" lon="113.8779530656"><ele>396.000</ele></trkpt>
      <trkpt lat="22.2311419695" lon="113.8779473141"><ele>396.000</ele></trkpt>
      <trkpt lat="22.2311323962" lon="113.8779389936"><ele>396.000</ele></trkpt>
      <trkpt lat="22.2311198398" lon="113.8779319626"><ele>396.000</ele></trkpt>
      <trkpt lat="22.2311096755" lon="113.8779268510"><ele>396.000</ele></trkpt>
      <trkpt lat="22.2311025011" lon="113.8779236585"><ele>396.000</ele></trkpt>
      <trkpt lat="22.2310935375" lon="113.8779217531"><ele>396.000</ele></trkpt>
      <trkpt lat="22.2310827821" lon="113.8779198505"><ele>394.000</ele></trkpt>
      <trkpt lat="22.2310762103" lon="113.8779192233"><ele>394.000</ele></trkpt>
      <trkpt lat="22.2310702319" lon="113.8779166694"><ele>394.000</ele></trkpt>
      <trkpt lat="22.2310660354" lon="113.8779083374"><ele>394.000</ele></trkpt>
      <trkpt lat="22.2310600366" lon="113.8778942350"><ele>393.000</ele></trkpt>
      <trkpt lat="22.2310570257" lon="113.8778814096"><ele>393.000</ele></trkpt>
      <trkpt lat="22.2310528175" lon="113.8778666613"><ele>392.000</ele></trkpt>
      <trkpt lat="22.2310521946" lon="113.8778525475"><ele>392.000</ele></trkpt>
      <trkpt lat="22.2310485573" lon="113.8778236828"><ele>392.000</ele></trkpt>
      <trkpt lat="22.2310449282" lon="113.8777993101"><ele>390.000</ele></trkpt>
      <trkpt lat="22.2310431024" lon="113.8777807079"><ele>390.000</ele></trkpt>
      <trkpt lat="22.2310442617" lon="113.8777614572"><ele>388.000</ele></trkpt>
      <trkpt lat="22.2310453998" lon="113.8777306580"><ele>388.000</ele></trkpt>
      <trkpt lat="22.2310453538" lon="113.8777056356"><ele>388.000</ele></trkpt>
      <trkpt lat="22.2310459271" lon="113.8776928025"><ele>388.000</ele></trkpt>
      <trkpt lat="22.2310482954" lon="113.8776812480"><ele>388.000</ele></trkpt>
      <trkpt lat="22.2310536489" lon="113.8776690469"><ele>386.000</ele></trkpt>
      <trkpt lat="22.2310631717" lon="113.8776504196"><ele>386.000</ele></trkpt>
      <trkpt lat="22.2310714995" lon="113.8776311546"><ele>386.000</ele></trkpt>
      <trkpt lat="22.2310750448" lon="113.8776099735"><ele>384.000</ele></trkpt>
      <trkpt lat="22.2310809786" lon="113.8775887882"><ele>384.000</ele></trkpt>
      <trkpt lat="22.2310857198" lon="113.8775682466"><ele>384.000</ele></trkpt>
      <trkpt lat="22.2310928437" lon="113.8775444922"><ele>384.000</ele></trkpt>
      <trkpt lat="22.2311017649" lon="113.8775233006"><ele>383.000</ele></trkpt>
      <trkpt lat="22.2311124754" lon="113.8775008219"><ele>382.000</ele></trkpt>
      <trkpt lat="22.2311291513" lon="113.8774738395"><ele>382.000</ele></trkpt>
      <trkpt lat="22.2311398603" lon="113.8774500775"><ele>382.000</ele></trkpt>
      <trkpt lat="22.2311475879" lon="113.8774295296"><ele>381.000</ele></trkpt>
      <trkpt lat="22.2311582936" lon="113.8774044843"><ele>379.000</ele></trkpt>
      <trkpt lat="22.2311725753" lon="113.8773749404"><ele>379.000</ele></trkpt>
      <trkpt lat="22.2311910263" lon="113.8773389713"><ele>379.000</ele></trkpt>
      <trkpt lat="22.2312106721" lon="113.8773030006"><ele>376.000</ele></trkpt>
      <trkpt lat="22.2312249502" lon="113.8772715313"><ele>378.000</ele></trkpt>
      <trkpt lat="22.2312410327" lon="113.8772464746"><ele>378.000</ele></trkpt>
      <trkpt lat="22.2312499657" lon="113.8772316993"><ele>375.000</ele></trkpt>
      <trkpt lat="22.2312559148" lon="113.8772188538"><ele>375.000</ele></trkpt>
      <trkpt lat="22.2312600735" lon="113.8772066552"><ele>375.000</ele></trkpt>
      <trkpt lat="22.2312624335" lon="113.8771906097"><ele>374.000</ele></trkpt>
      <trkpt lat="22.2312641953" lon="113.8771739242"><ele>374.000</ele></trkpt>
      <trkpt lat="22.2312641729" lon="113.8771617346"><ele>374.000</ele></trkpt>
      <trkpt lat="22.2312623555" lon="113.8771482644"><ele>374.000</ele></trkpt>
      <trkpt lat="22.2312593407" lon="113.8771328724"><ele>374.000</ele></trkpt>
      <trkpt lat="22.2312545298" lon="113.8771155588"><ele>374.000</ele></trkpt>
      <trkpt lat="22.2312473185" lon="113.8770918349"><ele>375.000</ele></trkpt>
      <trkpt lat="22.2312377085" lon="113.8770636250"><ele>378.000</ele></trkpt>
      <trkpt lat="22.2312239041" lon="113.8770277244"><ele>378.000</ele></trkpt>
      <trkpt lat="22.2312125048" lon="113.8770008017"><ele>378.000</ele></trkpt>
      <trkpt lat="22.2311987075" lon="113.8769687509"><ele>378.000</ele></trkpt>
      <trkpt lat="22.2311909113" lon="113.8769520858"><ele>379.000</ele></trkpt>
      <trkpt lat="22.2311879027" lon="113.8769405436"><ele>378.000</ele></trkpt>
      <trkpt lat="22.2311854896" lon="113.8769277169"><ele>378.000</ele></trkpt>
      <trkpt lat="22.2311860673" lon="113.8769168083"><ele>378.000</ele></trkpt>
      <trkpt lat="22.2311860401" lon="113.8769020511"><ele>378.000</ele></trkpt>
      <trkpt lat="22.2311872135" lon="113.8768905000"><ele>377.000</ele></trkpt>
      <trkpt lat="22.2311877939" lon="113.8768815168"><ele>377.000</ele></trkpt>
      <trkpt lat="22.2311901633" lon="113.8768706043"><ele>377.000</ele></trkpt>
      <trkpt lat="22.2311925350" lon="113.8768609751"><ele>377.000</ele></trkpt>
      <trkpt lat="22.2311925137" lon="113.8768494266"><ele>376.000</ele></trkpt>
      <trkpt lat="22.2311936812" lon="113.8768346669"><ele>376.000</ele></trkpt>
      <trkpt lat="22.2311918647" lon="113.8768211968"><ele>376.000</ele></trkpt>
      <trkpt lat="22.2311912397" lon="113.8768064418"><ele>376.000</ele></trkpt>
      <trkpt lat="22.2311876282" lon="113.8767916922"><ele>374.000</ele></trkpt>
      <trkpt lat="22.2311834175" lon="113.8767756616"><ele>374.000</ele></trkpt>
      <trkpt lat="22.2311792126" lon="113.8767628387"><ele>374.000</ele></trkpt>
      <trkpt lat="22.2311726183" lon="113.8767500200"><ele>373.000</ele></trkpt>
      <trkpt lat="22.2311678145" lon="113.8767365572"><ele>373.000</ele></trkpt>
      <trkpt lat="22.2311612119" lon="113.8767192474"><ele>373.000</ele></trkpt>
      <trkpt lat="22.2311552003" lon="113.8766987296"><ele>372.000</ele></trkpt>
      <trkpt lat="22.2311443988" lon="113.8766718047"><ele>372.000</ele></trkpt>
      <trkpt lat="22.2311371981" lon="113.8766538551"><ele>372.000</ele></trkpt>
      <trkpt lat="22.2311312007" lon="113.8766410360"><ele>372.000</ele></trkpt>
      <trkpt lat="22.2311216152" lon="113.8766256580"><ele>372.000</ele></trkpt>
      <trkpt lat="22.2311114366" lon="113.8766128478"><ele>372.000</ele></trkpt>
      <trkpt lat="22.2310994605" lon="113.8765968328"><ele>372.000</ele></trkpt>
      <trkpt lat="22.2310838954" lon="113.8765782598"><ele>372.000</ele></trkpt>
      <trkpt lat="22.2310743126" lon="113.8765648072"><ele>372.000</ele></trkpt>
      <trkpt lat="22.2310599528" lon="113.8765520050"><ele>371.000</ele></trkpt>
      <trkpt lat="22.2310443972" lon="113.8765385652"><ele>371.000</ele></trkpt>
      <trkpt lat="22.2310282458" lon="113.8765257677"><ele>371.000</ele></trkpt>
      <trkpt lat="22.2310132880" lon="113.8765123256"><ele>370.000</ele></trkpt>
      <trkpt lat="22.2309983328" lon="113.8765008089"><ele>370.000</ele></trkpt>
      <trkpt lat="22.2309833821" lon="113.8764912167"><ele>370.000</ele></trkpt>
      <trkpt lat="22.2309654453" lon="113.8764822719"><ele>370.000</ele></trkpt>
      <trkpt lat="22.2309463137" lon="113.8764733307"><ele>370.000</ele></trkpt>
      <trkpt lat="22.2309295775" lon="113.8764675921"><ele>370.000</ele></trkpt>
      <trkpt lat="22.2309092592" lon="113.8764625022"><ele>369.000</ele></trkpt>
      <trkpt lat="22.2308889423" lon="113.8764586957"><ele>369.000</ele></trkpt>
      <trkpt lat="22.2308674307" lon="113.8764548926"><ele>369.000</ele></trkpt>
      <trkpt lat="22.2308495043" lon="113.8764510810"><ele>369.000</ele></trkpt>
      <trkpt lat="22.2308309791" lon="113.8764472706"><ele>370.000</ele></trkpt>
      <trkpt lat="22.2308166407" lon="113.8764460179"><ele>370.000</ele></trkpt>
      <trkpt lat="22.2308082736" lon="113.8764434692"><ele>370.000</ele></trkpt>
      <trkpt lat="22.2307969157" lon="113.8764390024"><ele>370.000</ele></trkpt>
      <trkpt lat="22.2307867466" lon="113.8764313244"><ele>370.000</ele></trkpt>
      <trkpt lat="22.2307759759" lon="113.8764210821"><ele>370.000</ele></trkpt>
      <trkpt lat="22.2307652039" lon="113.8764101977"><ele>370.000</ele></trkpt>
      <trkpt lat="22.2307562225" lon="113.8763986683"><ele>370.000</ele></trkpt>
      <trkpt lat="22.2307472387" lon="113.8763858556"><ele>370.000</ele></trkpt>
      <trkpt lat="22.2307412412" lon="113.8763730366"><ele>370.000</ele></trkpt>
      <trkpt lat="22.2307352388" lon="113.8763570089"><ele>370.000</ele></trkpt>
      <trkpt lat="22.2307268412" lon="113.8763384207"><ele>370.000</ele></trkpt>
      <trkpt lat="22.2307202433" lon="113.8763236775"><ele>370.000</ele></trkpt>
      <trkpt lat="22.2307142420" lon="113.8763082920"><ele>368.000</ele></trkpt>
      <trkpt lat="22.2307088436" lon="113.8762961138"><ele>368.000</ele></trkpt>
      <trkpt lat="22.2307052369" lon="113.8762839308"><ele>368.000</ele></trkpt>
      <trkpt lat="22.2307034230" lon="113.8762723862"><ele>368.000</ele></trkpt>
      <trkpt lat="22.2307028023" lon="113.8762595547"><ele>368.000</ele></trkpt>
      <trkpt lat="22.2307027810" lon="113.8762480063"><ele>368.000</ele></trkpt>
      <trkpt lat="22.2307033577" lon="113.8762370976"><ele>368.000</ele></trkpt>
      <trkpt lat="22.2307051207" lon="113.8762210544"><ele>367.000</ele></trkpt>
      <trkpt lat="22.2307086800" lon="113.8762075729"><ele>367.000</ele></trkpt>
      <trkpt lat="22.2307128351" lon="113.8761934489"><ele>367.000</ele></trkpt>
      <trkpt lat="22.2307175871" lon="113.8761793237"><ele>367.000</ele></trkpt>
      <trkpt lat="22.2307229354" lon="113.8761639139"><ele>367.000</ele></trkpt>
      <trkpt lat="22.2307276803" lon="113.8761459389"><ele>367.000</ele></trkpt>
      <trkpt lat="22.2307312360" lon="113.8761305330"><ele>367.000</ele></trkpt>
      <trkpt lat="22.2307365692" lon="113.8761074235"><ele>367.000</ele></trkpt>
      <trkpt lat="22.2307419012" lon="113.8760836730"><ele>367.000</ele></trkpt>
      <trkpt lat="22.2307436609" lon="113.8760663464"><ele>366.000</ele></trkpt>
      <trkpt lat="22.2307460145" lon="113.8760464521"><ele>366.000</ele></trkpt>
      <trkpt lat="22.2307471786" lon="113.8760304091"><ele>366.000</ele></trkpt>
      <trkpt lat="22.2307465580" lon="113.8760175786"><ele>366.000</ele></trkpt>
      <trkpt lat="22.2307465331" lon="113.8760041047"><ele>366.000</ele></trkpt>
      <trkpt lat="22.2307441199" lon="113.8759912781"><ele>366.000</ele></trkpt>
      <trkpt lat="22.2307399150" lon="113.8759784552"><ele>366.000</ele></trkpt>
      <trkpt lat="22.2307333147" lon="113.8759624288"><ele>366.000</ele></trkpt>
      <trkpt lat="22.2307267143" lon="113.8759464034"><ele>366.000</ele></trkpt>
      <trkpt lat="22.2307171220" lon="113.8759278178"><ele>364.000</ele></trkpt>
      <trkpt lat="22.2307093266" lon="113.8759111528"><ele>364.000</ele></trkpt>
      <trkpt lat="22.2307009385" lon="113.8758976968"><ele>364.000</ele></trkpt>
      <trkpt lat="22.2306943417" lon="113.8758835958"><ele>364.000</ele></trkpt>
      <trkpt lat="22.2306859557" lon="113.8758707819"><ele>364.000</ele></trkpt>
      <trkpt lat="22.2306775735" lon="113.8758605336"><ele>364.000</ele></trkpt>
      <trkpt lat="22.2306685932" lon="113.8758496463"><ele>364.000</ele></trkpt>
      <trkpt lat="22.2306602154" lon="113.8758413234"><ele>364.000</ele></trkpt>
      <trkpt lat="22.2306488468" lon="113.8758310815"><ele>364.000</ele></trkpt>
      <trkpt lat="22.2306392696" lon="113.8758201945"><ele>364.000</ele></trkpt>
      <trkpt lat="22.2306279010" lon="113.8758099536"><ele>364.000</ele></trkpt>
      <trkpt lat="22.2306189219" lon="113.8757997075"><ele>364.000</ele></trkpt>
      <trkpt lat="22.2306087480" lon="113.8757894630"><ele>364.000</ele></trkpt>
      <trkpt lat="22.2305985717" lon="113.8757779362"><ele>362.000</ele></trkpt>
      <trkpt lat="22.2305919845" lon="113.8757689683"><ele>362.000</ele></trkpt>
      <trkpt lat="22.2305859903" lon="113.8757574316"><ele>362.000</ele></trkpt>
      <trkpt lat="22.2305811923" lon="113.8757471766"><ele>362.000</ele></trkpt>
      <trkpt lat="22.2305769922" lon="113.8757369204"><ele>360.000</ele></trkpt>
      <trkpt lat="22.2305686099" lon="113.8757266720"><ele>360.000</ele></trkpt>
      <trkpt lat="22.2305602274" lon="113.8757157836"><ele>360.000</ele></trkpt>
      <trkpt lat="22.2305500488" lon="113.8757029725"><ele>360.000</ele></trkpt>
      <trkpt lat="22.2305434568" lon="113.8756914381"><ele>360.000</ele></trkpt>
      <trkpt lat="22.2305362643" lon="113.8756779796"><ele>359.000</ele></trkpt>
      <trkpt lat="22.2305326551" lon="113.8756645143"><ele>359.000</ele></trkpt>
      <trkpt lat="22.2305290424" lon="113.8756491237"><ele>359.000</ele></trkpt>
      <trkpt lat="22.2305260310" lon="113.8756356562"><ele>358.000</ele></trkpt>
      <trkpt lat="22.2305242076" lon="113.8756189785"><ele>358.000</ele></trkpt>
      <trkpt lat="22.2305229698" lon="113.8755952420"><ele>358.000</ele></trkpt>
      <trkpt lat="22.2305223244" lon="113.8755695798"><ele>358.000</ele></trkpt>
      <trkpt lat="22.2305204816" lon="113.8755419948"><ele>356.000</ele></trkpt>
      <trkpt lat="22.2305192370" lon="113.8755150506"><ele>356.000</ele></trkpt>
      <trkpt lat="22.2305191978" lon="113.8754938771"><ele>356.000</ele></trkpt>
      <trkpt lat="22.2305179650" lon="113.8754733493"><ele>356.000</ele></trkpt>
      <trkpt lat="22.2305173374" lon="113.8754573101"><ele>356.000</ele></trkpt>
      <trkpt lat="22.2305167060" lon="113.8754387054"><ele>356.000</ele></trkpt>
      <trkpt lat="22.2305154578" lon="113.8754098359"><ele>356.000</ele></trkpt>
      <trkpt lat="22.2305142250" lon="113.8753893071"><ele>356.000</ele></trkpt>
      <trkpt lat="22.2305129958" lon="113.8753707037"><ele>356.000</ele></trkpt>
      <trkpt lat="22.2305129649" lon="113.8753540221"><ele>356.000</ele></trkpt>
      <trkpt lat="22.2305117380" lon="113.8753367020"><ele>356.000</ele></trkpt>
      <trkpt lat="22.2305123001" lon="113.8753174526"><ele>356.000</ele></trkpt>
      <trkpt lat="22.2305116655" lon="113.8752975646"><ele>356.000</ele></trkpt>
      <trkpt lat="22.2305110352" lon="113.8752796011"><ele>356.000</ele></trkpt>
      <trkpt lat="22.2305098119" lon="113.8752642054"><ele>356.000</ele></trkpt>
      <trkpt lat="22.2305079929" lon="113.8752494521"><ele>356.000</ele></trkpt>
      <trkpt lat="22.2305067720" lon="113.8752353396"><ele>356.000</ele></trkpt>
      <trkpt lat="22.2305043516" lon="113.8752186632"><ele>356.000</ele></trkpt>
      <trkpt lat="22.2305007328" lon="113.8752000649"><ele>354.000</ele></trkpt>
      <trkpt lat="22.2304977122" lon="113.8751821065"><ele>354.000</ele></trkpt>
      <trkpt lat="22.2304964910" lon="113.8751673519"><ele>354.000</ele></trkpt>
      <trkpt lat="22.2304958670" lon="113.8751532382"><ele>354.000</ele></trkpt>
      <trkpt lat="22.2304958385" lon="113.8751378399"><ele>354.000</ele></trkpt>
      <trkpt lat="22.2304976063" lon="113.8751250043"><ele>354.000</ele></trkpt>
      <trkpt lat="22.2305017693" lon="113.8751147302"><ele>354.000</ele></trkpt>
      <trkpt lat="22.2305071226" lon="113.8751025281"><ele>353.000</ele></trkpt>
      <trkpt lat="22.2305136671" lon="113.8750883990"><ele>353.000</ele></trkpt>
      <trkpt lat="22.2305208105" lon="113.8750749098"><ele>352.000</ele></trkpt>
      <trkpt lat="22.2305285521" lon="113.8750620615"><ele>352.000</ele></trkpt>
      <trkpt lat="22.2305339066" lon="113.8750505015"><ele>352.000</ele></trkpt>
      <trkpt lat="22.2305368739" lon="113.8750402299"><ele>352.000</ele></trkpt>
      <trkpt lat="22.2305374492" lon="113.8750280381"><ele>352.000</ele></trkpt>
      <trkpt lat="22.2305404034" lon="113.8750107080"><ele>352.000</ele></trkpt>
      <trkpt lat="22.2305427524" lon="113.8749888892"><ele>352.000</ele></trkpt>
      <trkpt lat="22.2305457019" lon="113.8749689926"><ele>352.000</ele></trkpt>
      <trkpt lat="22.2305480497" lon="113.8749465317"><ele>352.000</ele></trkpt>
      <trkpt lat="22.2305509933" lon="113.8749234284"><ele>352.000</ele></trkpt>
      <trkpt lat="22.2305521535" lon="113.8749048189"><ele>352.000</ele></trkpt>
      <trkpt lat="22.2305539106" lon="113.8748862091"><ele>352.000</ele></trkpt>
      <trkpt lat="22.2305562763" lon="113.8748733722"><ele>352.000</ele></trkpt>
      <trkpt lat="22.2305604300" lon="113.8748586061"><ele>354.000</ele></trkpt>
      <trkpt lat="22.2305651780" lon="113.8748419143"><ele>354.000</ele></trkpt>
      <trkpt lat="22.2305687301" lon="113.8748245840"><ele>354.000</ele></trkpt>
      <trkpt lat="22.2305734698" lon="113.8748034012"><ele>354.000</ele></trkpt>
      <trkpt lat="22.2305770150" lon="113.8747828622"><ele>354.000</ele></trkpt>
      <trkpt lat="22.2305793806" lon="113.8747700253"><ele>354.000</ele></trkpt>
      <trkpt lat="22.2305793496" lon="113.8747533437"><ele>354.000</ele></trkpt>
      <trkpt lat="22.2305829065" lon="113.8747385789"><ele>354.000</ele></trkpt>
      <trkpt lat="22.2305870626" lon="113.8747250971"><ele>354.000</ele></trkpt>
      <trkpt lat="22.2305906182" lon="113.8747096911"><ele>354.000</ele></trkpt>
      <trkpt lat="22.2305935689" lon="113.8746904366"><ele>354.000</ele></trkpt>
      <trkpt lat="22.2305959274" lon="113.8746737499"><ele>354.000</ele></trkpt>
      <trkpt lat="22.2305988733" lon="113.8746519289"><ele>356.000</ele></trkpt>
      <trkpt lat="22.2306006360" lon="113.8746358856"><ele>356.000</ele></trkpt>
      <trkpt lat="22.2306024015" lon="113.8746217668"><ele>356.000</ele></trkpt>
      <trkpt lat="22.2306035700" lon="113.8746076492"><ele>356.000</ele></trkpt>
      <trkpt lat="22.2306077225" lon="113.8745922419"><ele>356.000</ele></trkpt>
      <trkpt lat="22.2306130686" lon="113.8745761900"><ele>356.000</ele></trkpt>
      <trkpt lat="22.2306196095" lon="113.8745601365"><ele>356.000</ele></trkpt>
      <trkpt lat="22.2306255581" lon="113.8745466498"><ele>356.000</ele></trkpt>
      <trkpt lat="22.2306279226" lon="113.8745331708"><ele>356.000</ele></trkpt>
      <trkpt lat="22.2306296868" lon="113.8745184108"><ele>356.000</ele></trkpt>
      <trkpt lat="22.2306314544" lon="113.8745049331"><ele>356.000</ele></trkpt>
      <trkpt lat="22.2306338131" lon="113.8744888885"><ele>356.000</ele></trkpt>
      <trkpt lat="22.2306355699" lon="113.8744696366"><ele>356.000</ele></trkpt>
      <trkpt lat="22.2306373306" lon="113.8744529512"><ele>356.000</ele></trkpt>
      <trkpt lat="22.2306373019" lon="113.8744375529"><ele>356.000</ele></trkpt>
      <trkpt lat="22.2306372817" lon="113.8744266456"><ele>358.000</ele></trkpt>
      <trkpt lat="22.2306390563" lon="113.8744170177"><ele>358.000</ele></trkpt>
      <trkpt lat="22.2306444131" lon="113.8744067410"><ele>358.000</ele></trkpt>
      <trkpt lat="22.2306491697" lon="113.8743951822"><ele>358.000</ele></trkpt>
      <trkpt lat="22.2306557213" lon="113.8743849020"><ele>358.000</ele></trkpt>
      <trkpt lat="22.2306598783" lon="113.8743714201"><ele>358.000</ele></trkpt>
      <trkpt lat="22.2306640260" lon="113.8743534463"><ele>358.000</ele></trkpt>
      <trkpt lat="22.2306663773" lon="113.8743329098"><ele>358.000</ele></trkpt>
      <trkpt lat="22.2306675435" lon="113.8743175089"><ele>358.000</ele></trkpt>
      <trkpt lat="22.2306693041" lon="113.8743008235"><ele>358.000</ele></trkpt>
      <trkpt lat="22.2306680807" lon="113.8742854278"><ele>358.000</ele></trkpt>
      <trkpt lat="22.2306662592" lon="113.8742693912"><ele>360.000</ele></trkpt>
      <trkpt lat="22.2306662258" lon="113.8742514274"><ele>360.000</ele></trkpt>
      <trkpt lat="22.2306679912" lon="113.8742373075"><ele>360.000</ele></trkpt>
      <trkpt lat="22.2306721461" lon="113.8742231835"><ele>360.000</ele></trkpt>
      <trkpt lat="22.2306751048" lon="113.8742077788"><ele>360.000</ele></trkpt>
      <trkpt lat="22.2306780661" lon="113.8741942995"><ele>360.000</ele></trkpt>
      <trkpt lat="22.2306786332" lon="113.8741782578"><ele>360.000</ele></trkpt>
      <trkpt lat="22.2306786105" lon="113.8741660672"><ele>360.000</ele></trkpt>
      <trkpt lat="22.2306773823" lon="113.8741481059"><ele>360.000</ele></trkpt>
      <trkpt lat="22.2306767508" lon="113.8741295002"><ele>360.000</ele></trkpt>
      <trkpt lat="22.2306767161" lon="113.8741108943"><ele>360.000</ele></trkpt>
      <trkpt lat="22.2306731056" lon="113.8740967869"><ele>360.000</ele></trkpt>
      <trkpt lat="22.2306677071" lon="113.8740846079"><ele>360.000</ele></trkpt>
      <trkpt lat="22.2306611137" lon="113.8740724314"><ele>360.000</ele></trkpt>
      <trkpt lat="22.2306539163" lon="113.8740564073"><ele>360.000</ele></trkpt>
      <trkpt lat="22.2306491170" lon="113.8740455103"><ele>362.000</ele></trkpt>
      <trkpt lat="22.2306461142" lon="113.8740371759"><ele>362.000</ele></trkpt>
      <trkpt lat="22.2306442986" lon="113.8740243480"><ele>362.000</ele></trkpt>
      <trkpt lat="22.2306406893" lon="113.8740108818"><ele>362.000</ele></trkpt>
      <trkpt lat="22.2306358862" lon="113.8739974192"><ele>362.000</ele></trkpt>
      <trkpt lat="22.2306322745" lon="113.8739826698"><ele>362.000</ele></trkpt>
      <trkpt lat="22.2306286628" lon="113.8739679203"><ele>362.000</ele></trkpt>
      <trkpt lat="22.2306268436" lon="113.8739531680"><ele>362.000</ele></trkpt>
      <trkpt lat="22.2306250307" lon="113.8739422645"><ele>362.000</ele></trkpt>
      <trkpt lat="22.2306226230" lon="113.8739320045"><ele>362.000</ele></trkpt>
      <trkpt lat="22.2306202204" lon="113.8739249521"><ele>362.000</ele></trkpt>
      <trkpt lat="22.2306172164" lon="113.8739159756"><ele>362.000</ele></trkpt>
      <trkpt lat="22.2306124216" lon="113.8739070040"><ele>362.000</ele></trkpt>
      <trkpt lat="22.2306082225" lon="113.8738973889"><ele>362.000</ele></trkpt>
      <trkpt lat="22.2306040249" lon="113.8738890571"><ele>364.000</ele></trkpt>
      <trkpt lat="22.2306004189" lon="113.8738768742"><ele>364.000</ele></trkpt>
      <trkpt lat="22.2305968107" lon="113.8738640502"><ele>364.000</ele></trkpt>
      <trkpt lat="22.2305926012" lon="113.8738493020"><ele>364.000</ele></trkpt>
      <trkpt lat="22.2305895873" lon="113.8738345523"><ele>364.000</ele></trkpt>
      <trkpt lat="22.2305835739" lon="113.8738127505"><ele>364.000</ele></trkpt>
      <trkpt lat="22.2305805602" lon="113.8737986419"><ele>364.000</ele></trkpt>
      <trkpt lat="22.2305775463" lon="113.8737838912"><ele>364.000</ele></trkpt>
      <trkpt lat="22.2305733473" lon="113.8737742771"><ele>364.000</ele></trkpt>
      <trkpt lat="22.2305685515" lon="113.8737653045"><ele>364.000</ele></trkpt>
      <trkpt lat="22.2305583704" lon="113.8737512113"><ele>366.000</ele></trkpt>
      <trkpt lat="22.2305517830" lon="113.8737422435"><ele>366.000</ele></trkpt>
      <trkpt lat="22.2305445963" lon="113.8737319927"><ele>366.000</ele></trkpt>
      <trkpt lat="22.2305362020" lon="113.8737153292"><ele>366.000</ele></trkpt>
      <trkpt lat="22.2305248103" lon="113.8736922566"><ele>365.000</ele></trkpt>
      <trkpt lat="22.2305164124" lon="113.8736736677"><ele>365.000</ele></trkpt>
      <trkpt lat="22.2305110126" lon="113.8736608475"><ele>368.000</ele></trkpt>
      <trkpt lat="22.2305068063" lon="113.8736473836"><ele>368.000</ele></trkpt>
      <trkpt lat="22.2305043989" lon="113.8736377647"><ele>368.000</ele></trkpt>
      <trkpt lat="22.2304984120" lon="113.8736307200"><ele>368.000</ele></trkpt>
      <trkpt lat="22.2304894432" lon="113.8736256062"><ele>368.000</ele></trkpt>
      <trkpt lat="22.2304768905" lon="113.8736211423"><ele>368.000</ele></trkpt>
      <trkpt lat="22.2304637361" lon="113.8736141130"><ele>368.000</ele></trkpt>
      <trkpt lat="22.2304458014" lon="113.8736064519"><ele>368.000</ele></trkpt>
      <trkpt lat="22.2304308542" lon="113.8735987854"><ele>366.000</ele></trkpt>
      <trkpt lat="22.2304111234" lon="113.8735892038"><ele>366.000</ele></trkpt>
      <trkpt lat="22.2303943847" lon="113.8735821822"><ele>366.000</ele></trkpt>
      <trkpt lat="22.2303842152" lon="113.8735738633"><ele>366.000</ele></trkpt>
      <trkpt lat="22.2303758376" lon="113.8735661817"><ele>368.000</ele></trkpt>
      <trkpt lat="22.2303686521" lon="113.8735565731"><ele>367.000</ele></trkpt>
      <trkpt lat="22.2303620576" lon="113.8735437555"><ele>367.000</ele></trkpt>
      <trkpt lat="22.2303584518" lon="113.8735322147"><ele>367.000</ele></trkpt>
      <trkpt lat="22.2303542396" lon="113.8735155422"><ele>367.000</ele></trkpt>
      <trkpt lat="22.2303524183" lon="113.8735001478"><ele>366.000</ele></trkpt>
      <trkpt lat="22.2303500061" lon="113.8734879624"><ele>366.000</ele></trkpt>
      <trkpt lat="22.2303452041" lon="113.8734751410"><ele>366.000</ele></trkpt>
      <trkpt lat="22.2303356270" lon="113.8734648963"><ele>366.000</ele></trkpt>
      <trkpt lat="22.2303266510" lon="113.8734559327"><ele>366.000</ele></trkpt>
      <trkpt lat="22.2303099039" lon="113.8734444203"><ele>366.000</ele></trkpt>
      <trkpt lat="22.2302901717" lon="113.8734335554"><ele>366.000</ele></trkpt>
      <trkpt lat="22.2302668516" lon="113.8734207738"><ele>367.000</ele></trkpt>
      <trkpt lat="22.2302530957" lon="113.8734118205"><ele>367.000</ele></trkpt>
      <trkpt lat="22.2302375482" lon="113.8734028720"><ele>366.000</ele></trkpt>
      <trkpt lat="22.2302194236" lon="113.8733964869"><ele>366.000</ele></trkpt>
      <trkpt lat="22.2301994877" lon="113.8733911542"><ele>366.000</ele></trkpt>
      <trkpt lat="22.2301653808" lon="113.8733785278"><ele>366.000</ele></trkpt>
      <trkpt lat="22.2301474129" lon="113.8733772269"><ele>368.000</ele></trkpt>
      <trkpt lat="22.2301297534" lon="113.8733810139"><ele>368.000</ele></trkpt>
      <trkpt lat="22.2301207522" lon="113.8733812922"><ele>368.000</ele></trkpt>
      <trkpt lat="22.2301078946" lon="113.8733770229"><ele>368.000</ele></trkpt>
      <trkpt lat="22.2301006108" lon="113.8733713362"><ele>368.000</ele></trkpt>
      <trkpt lat="22.2300609889" lon="113.8733185115"><ele>368.000</ele></trkpt>
      <trkpt lat="22.2300494017" lon="113.8732977150"><ele>366.000</ele></trkpt>
      <trkpt lat="22.2300293170" lon="113.8732542910"><ele>366.000</ele></trkpt>
      <trkpt lat="22.2300133378" lon="113.8732250061"><ele>367.000</ele></trkpt>
      <trkpt lat="22.2299956007" lon="113.8731969151"><ele>366.000</ele></trkpt>
      <trkpt lat="22.2299704452" lon="113.8731626489"><ele>366.000</ele></trkpt>
      <trkpt lat="22.2299630932" lon="113.8731504372"><ele>366.000</ele></trkpt>
      <trkpt lat="22.2299523666" lon="113.8731237813"><ele>366.000</ele></trkpt>
      <trkpt lat="22.2299474277" lon="113.8730952380"><ele>366.000</ele></trkpt>
      <trkpt lat="22.2299484039" lon="113.8730710565"><ele>366.000</ele></trkpt>
      <trkpt lat="22.2299555973" lon="113.8730331103"><ele>366.000</ele></trkpt>
      <trkpt lat="22.2299544450" lon="113.8730089528"><ele>368.000</ele></trkpt>
      <trkpt lat="22.2299496203" lon="113.8729902903"><ele>368.000</ele></trkpt>
      <trkpt lat="22.2299319896" lon="113.8729457077"><ele>368.000</ele></trkpt>
      <trkpt lat="22.2299185201" lon="113.8728894067"><ele>370.000</ele></trkpt>
      <trkpt lat="22.2299068018" lon="113.8728632185"><ele>370.000</ele></trkpt>
      <trkpt lat="22.2298888654" lon="113.8728352852"><ele>370.000</ele></trkpt>
      <trkpt lat="22.2298799126" lon="113.8728184445"><ele>370.000</ele></trkpt>
      <trkpt lat="22.2298724573" lon="113.8728007829"><ele>370.000</ele></trkpt>
      <trkpt lat="22.2298602908" lon="113.8727642675"><ele>370.000</ele></trkpt>
      <trkpt lat="22.2298482079" lon="113.8727382460"><ele>370.000</ele></trkpt>
      <trkpt lat="22.2298330998" lon="113.8727141157"><ele>370.000</ele></trkpt>
      <trkpt lat="22.2298040143" lon="113.8726770936"><ele>370.000</ele></trkpt>
      <trkpt lat="22.2297917665" lon="113.8726512160"><ele>370.000</ele></trkpt>
      <trkpt lat="22.2297869481" lon="113.8726325409"><ele>370.000</ele></trkpt>
      <trkpt lat="22.2297849596" lon="113.8726132807"><ele>370.000</ele></trkpt>
      <trkpt lat="22.2297865246" lon="113.8725891309"><ele>370.000</ele></trkpt>
      <trkpt lat="22.2297939215" lon="113.8725562252"><ele>371.000</ele></trkpt>
      <trkpt lat="22.2297929796" lon="113.8725417553"><ele>371.000</ele></trkpt>
      <trkpt lat="22.2297884712" lon="113.8725280827"><ele>370.000</ele></trkpt>
      <trkpt lat="22.2297775138" lon="113.8725127934"><ele>370.000</ele></trkpt>
      <trkpt lat="22.2297446000" lon="113.8724872204"><ele>370.000</ele></trkpt>
      <trkpt lat="22.2297327009" lon="113.8724802982"><ele>370.000</ele></trkpt>
      <trkpt lat="22.2297155461" lon="113.8724743447"><ele>370.000</ele></trkpt>
      <trkpt lat="22.2297021258" lon="113.8724724803"><ele>370.000</ele></trkpt>
      <trkpt lat="22.2296750565" lon="113.8724728957"><ele>370.000</ele></trkpt>
      <trkpt lat="22.2296570601" lon="113.8724713399"><ele>370.000</ele></trkpt>
      <trkpt lat="22.2296042473" lon="113.8724587842"><ele>372.000</ele></trkpt>
      <trkpt lat="22.2295817310" lon="113.8724590918"><ele>372.000</ele></trkpt>
      <trkpt lat="22.2295599735" lon="113.8724653291"><ele>374.000</ele></trkpt>
      <trkpt lat="22.2295481357" lon="113.8724723103"><ele>374.000</ele></trkpt>
      <trkpt lat="22.2295098924" lon="113.8725063029"><ele>374.000</ele></trkpt>
      <trkpt lat="22.2293961986" lon="113.8725939956"><ele>376.000</ele></trkpt>
      <trkpt lat="22.2292945667" lon="113.8726747657"><ele>379.000</ele></trkpt>
      <trkpt lat="22.2292346221" lon="113.8727180429"><ele>382.000</ele></trkpt>
      <trkpt lat="22.2291870666" lon="113.8727458913"><ele>382.000</ele></trkpt>
      <trkpt lat="22.2291374528" lon="113.8727692532"><ele>383.000</ele></trkpt>
      <trkpt lat="22.2290779178" lon="113.8727920293"><ele>384.000</ele></trkpt>
      <trkpt lat="22.2290513015" lon="113.8727971353"><ele>384.000</ele></trkpt>
      <trkpt lat="22.2290287627" lon="113.8727965399"><ele>384.000</ele></trkpt>
      <trkpt lat="22.2290022685" lon="113.8727906356"><ele>384.000</ele></trkpt>
      <trkpt lat="22.2289842678" lon="113.8727896337"><ele>384.000</ele></trkpt>
      <trkpt lat="22.2289664971" lon="113.8727928738"><ele>384.000</ele></trkpt>
      <trkpt lat="22.2289459057" lon="113.8728026295"><ele>384.000</ele></trkpt>
      <trkpt lat="22.2289371137" lon="113.8728046505"><ele>384.000</ele></trkpt>
      <trkpt lat="22.2289281821" lon="113.8728035475"><ele>383.000</ele></trkpt>
      <trkpt lat="22.2289165509" lon="113.8727963745"><ele>383.000</ele></trkpt>
      <trkpt lat="22.2289036041" lon="113.8727767926"><ele>386.000</ele></trkpt>
      <trkpt lat="22.2288845357" lon="113.8727640749"><ele>383.000</ele></trkpt>
      <trkpt lat="22.2288733132" lon="113.8727490288"><ele>383.000</ele></trkpt>
      <trkpt lat="22.2288681827" lon="113.8727305533"><ele>384.000</ele></trkpt>
      <trkpt lat="22.2288705192" lon="113.8726968508"><ele>384.000</ele></trkpt>
      <trkpt lat="22.2288659127" lon="113.8726732140"><ele>387.000</ele></trkpt>
      <trkpt lat="22.2288574318" lon="113.8726561445"><ele>387.000</ele></trkpt>
      <trkpt lat="22.2288392446" lon="113.8726346525"><ele>386.000</ele></trkpt>
      <trkpt lat="22.2288271145" lon="113.8726142629"><ele>386.000</ele></trkpt>
      <trkpt lat="22.2288207032" lon="113.8725961559"><ele>386.000</ele></trkpt>
      <trkpt lat="22.2288155295" lon="113.8725676288"><ele>388.000</ele></trkpt>
      <trkpt lat="22.2288088620" lon="113.8725496417"><ele>388.000</ele></trkpt>
      <trkpt lat="22.2287987223" lon="113.8725336349"><ele>389.000</ele></trkpt>
      <trkpt lat="22.2287891234" lon="113.8725233915"><ele>388.000</ele></trkpt>
      <trkpt lat="22.2287817675" lon="113.8725177962"><ele>388.000</ele></trkpt>
      <trkpt lat="22.2287690479" lon="113.8725129922"><ele>388.000</ele></trkpt>
      <trkpt lat="22.2287555391" lon="113.8725125287"><ele>388.000</ele></trkpt>
      <trkpt lat="22.2287421094" lon="113.8725143307"><ele>388.000</ele></trkpt>
      <trkpt lat="22.2286834705" lon="113.8725357722"><ele>388.000</ele></trkpt>
      <trkpt lat="22.2286547167" lon="113.8725428432"><ele>387.000</ele></trkpt>
      <trkpt lat="22.2286460862" lon="113.8725423565"><ele>387.000</ele></trkpt>
      <trkpt lat="22.2285954256" lon="113.8725221994"><ele>390.000</ele></trkpt>
      <trkpt lat="22.2285688099" lon="113.8725285907"><ele>390.000</ele></trkpt>
      <trkpt lat="22.2285506518" lon="113.8725438495"><ele>389.000</ele></trkpt>
      <trkpt lat="22.2284802140" lon="113.8725747910"><ele>390.000</ele></trkpt>
      <trkpt lat="22.2284603573" lon="113.8725925337"><ele>390.000</ele></trkpt>
      <trkpt lat="22.2284359996" lon="113.8726082772"><ele>390.000</ele></trkpt>
      <trkpt lat="22.2284006056" lon="113.8726350983"><ele>390.000</ele></trkpt>
      <trkpt lat="22.2283349263" lon="113.8726473325"><ele>392.000</ele></trkpt>
      <trkpt lat="22.2283112752" lon="113.8726502585"><ele>392.000</ele></trkpt>
      <trkpt lat="22.2283011582" lon="113.8726613368"><ele>392.000</ele></trkpt>
      <trkpt lat="22.2282952986" lon="113.8726750918"><ele>392.000</ele></trkpt>
      <trkpt lat="22.2282900647" lon="113.8726824302"><ele>392.000</ele></trkpt>
      <trkpt lat="22.2282717272" lon="113.8726930966"><ele>392.000</ele></trkpt>
      <trkpt lat="22.2282300507" lon="113.8727055273"><ele>392.000</ele></trkpt>
      <trkpt lat="22.2282075380" lon="113.8727058436"><ele>392.000</ele></trkpt>
      <trkpt lat="22.2281725666" lon="113.8726964299"><ele>392.000</ele></trkpt>
      <trkpt lat="22.2281546527" lon="113.8726940873"><ele>392.000</ele></trkpt>
      <trkpt lat="22.2281366131" lon="113.8726945472"><ele>392.000</ele></trkpt>
      <trkpt lat="22.2281008466" lon="113.8726994314"><ele>392.000</ele></trkpt>
      <trkpt lat="22.2280740272" lon="113.8726958839"><ele>392.000</ele></trkpt>
      <trkpt lat="22.2280268510" lon="113.8726792403"><ele>392.000</ele></trkpt>
      <trkpt lat="22.2279849756" lon="113.8726611236"><ele>392.000</ele></trkpt>
      <trkpt lat="22.2279487395" lon="113.8726414030"><ele>392.000</ele></trkpt>
      <trkpt lat="22.2279181586" lon="113.8726207769"><ele>394.000</ele></trkpt>
      <trkpt lat="22.2278963715" lon="113.8726034899"><ele>394.000</ele></trkpt>
      <trkpt lat="22.2278475888" lon="113.8725603632"><ele>396.000</ele></trkpt>
      <trkpt lat="22.2278248311" lon="113.8725445943"><ele>398.000</ele></trkpt>
      <trkpt lat="22.2278008404" lon="113.8725310968"><ele>400.000</ele></trkpt>
      <trkpt lat="22.2277715548" lon="113.8725183692"><ele>400.000</ele></trkpt>
      <trkpt lat="22.2277242124" lon="113.8725022624"><ele>403.000</ele></trkpt>
      <trkpt lat="22.2276760513" lon="113.8724892526"><ele>404.000</ele></trkpt>
      <trkpt lat="22.2276405149" lon="113.8724824426"><ele>404.000</ele></trkpt>
      <trkpt lat="22.2276134561" lon="113.8724822517"><ele>404.000</ele></trkpt>
      <trkpt lat="22.2275867524" lon="113.8724869516"><ele>404.000</ele></trkpt>
      <trkpt lat="22.2275653216" lon="113.8724945111"><ele>405.000</ele></trkpt>
      <trkpt lat="22.2275197902" lon="113.8725157766"><ele>406.000</ele></trkpt>
      <trkpt lat="22.2274854885" lon="113.8725279033"><ele>408.000</ele></trkpt>
      <trkpt lat="22.2274196129" lon="113.8725447616"><ele>408.000</ele></trkpt>
      <trkpt lat="22.2274067236" lon="113.8725486605"><ele>408.000</ele></trkpt>
      <trkpt lat="22.2273977702" lon="113.8725498913"><ele>408.000</ele></trkpt>
      <trkpt lat="22.2273887455" lon="113.8725501261"><ele>408.000</ele></trkpt>
      <trkpt lat="22.2273752870" lon="113.8725486090"><ele>408.000</ele></trkpt>
      <trkpt lat="22.2273510407" lon="113.8725413567"><ele>408.000</ele></trkpt>
      <trkpt lat="22.2273302639" lon="113.8725325710"><ele>408.000</ele></trkpt>
      <trkpt lat="22.2272961280" lon="113.8725199500"><ele>410.000</ele></trkpt>
      <trkpt lat="22.2272884912" lon="113.8725148054"><ele>410.000</ele></trkpt>
      <trkpt lat="22.2272850879" lon="113.8725116206"><ele>410.000</ele></trkpt>
      <trkpt lat="22.2272792962" lon="113.8725042023"><ele>410.000</ele></trkpt>
      <trkpt lat="22.2272724475" lon="113.8724917076"><ele>410.000</ele></trkpt>
      <trkpt lat="22.2272655717" lon="113.8724854905"><ele>410.000</ele></trkpt>
      <trkpt lat="22.2272615032" lon="113.8724834022"><ele>410.000</ele></trkpt>
      <trkpt lat="22.2272526804" lon="113.8724815600"><ele>411.000</ele></trkpt>
      <trkpt lat="22.2272391496" lon="113.8724819025"><ele>411.000</ele></trkpt>
      <trkpt lat="22.2272211462" lon="113.8724804670"><ele>411.000</ele></trkpt>
      <trkpt lat="22.2272077891" lon="113.8724780671"><ele>412.000</ele></trkpt>
      <trkpt lat="22.2271903309" lon="113.8724731308"><ele>412.000</ele></trkpt>
      <trkpt lat="22.2271791710" lon="113.8724659550"><ele>412.000</ele></trkpt>
      <trkpt lat="22.2271606020" lon="113.8724479646"><ele>414.000</ele></trkpt>
      <trkpt lat="22.2271370381" lon="113.8724337611"><ele>414.000</ele></trkpt>
      <trkpt lat="22.2271153963" lon="113.8724270114"><ele>414.000</ele></trkpt>
      <trkpt lat="22.2270707949" lon="113.8724197234"><ele>414.000</ele></trkpt>
      <trkpt lat="22.2270404570" lon="113.8724102698"><ele>414.000</ele></trkpt>
      <trkpt lat="22.2270031185" lon="113.8723930950"><ele>416.000</ele></trkpt>
      <trkpt lat="22.2268852619" lon="113.8723318208"><ele>416.000</ele></trkpt>
      <trkpt lat="22.2268603675" lon="113.8723203544"><ele>416.000</ele></trkpt>
      <trkpt lat="22.2268131266" lon="113.8723039838"><ele>416.000</ele></trkpt>
      <trkpt lat="22.2267556119" lon="113.8722915976"><ele>420.000</ele></trkpt>
      <trkpt lat="22.2267348438" lon="113.8722822340"><ele>420.000</ele></trkpt>
      <trkpt lat="22.2267167061" lon="113.8722678917"><ele>420.000</ele></trkpt>
      <trkpt lat="22.2267022135" lon="113.8722493728"><ele>420.000</ele></trkpt>
      <trkpt lat="22.2266881249" lon="113.8722190322"><ele>420.000</ele></trkpt>
      <trkpt lat="22.2266777249" lon="113.8721869950"><ele>422.000</ele></trkpt>
      <trkpt lat="22.2266702072" lon="113.8721490766"><ele>422.000</ele></trkpt>
      <trkpt lat="22.2266664674" lon="113.8721007648"><ele>423.000</ele></trkpt>
      <trkpt lat="22.2266665663" lon="113.8720522818"><ele>423.000</ele></trkpt>
      <trkpt lat="22.2266717810" lon="113.8719797786"><ele>423.000</ele></trkpt>
      <trkpt lat="22.2266710358" lon="113.8719555529"><ele>422.000</ele></trkpt>
      <trkpt lat="22.2266673361" lon="113.8719267428"><ele>422.000</ele></trkpt>
      <trkpt lat="22.2266592167" lon="113.8718939596"><ele>422.000</ele></trkpt>
      <trkpt lat="22.2266437610" lon="113.8718536219"><ele>421.000</ele></trkpt>
      <trkpt lat="22.2266237792" lon="113.8718156471"><ele>422.000</ele></trkpt>
      <trkpt lat="22.2266024633" lon="113.8717843493"><ele>422.000</ele></trkpt>
      <trkpt lat="22.2265872367" lon="113.8717664644"><ele>420.000</ele></trkpt>
      <trkpt lat="22.2265666026" lon="113.8717476436"><ele>422.000</ele></trkpt>
      <trkpt lat="22.2265437665" lon="113.8717320294"><ele>422.000</ele></trkpt>
      <trkpt lat="22.2265233641" lon="113.8717216796"><ele>423.000</ele></trkpt>
      <trkpt lat="22.2265062379" lon="113.8717155507"><ele>423.000</ele></trkpt>
      <trkpt lat="22.2264885684" lon="113.8717115859"><ele>423.000</ele></trkpt>
      <trkpt lat="22.2264346400" lon="113.8717080362"><ele>424.000</ele></trkpt>
      <trkpt lat="22.2264301921" lon="113.8717088577"><ele>424.000</ele></trkpt>
      <trkpt lat="22.2264211781" lon="113.8717090392"><ele>424.000</ele></trkpt>
      <trkpt lat="22.2264123140" lon="113.8717072737"><ele>424.000</ele></trkpt>
      <trkpt lat="22.2264080513" lon="113.8717056805"><ele>424.000</ele></trkpt>
      <trkpt lat="22.2264039602" lon="113.8717036341"><ele>424.000</ele></trkpt>
      <trkpt lat="22.2263964565" lon="113.8716982681"><ele>425.000</ele></trkpt>
      <trkpt lat="22.2263800952" lon="113.8716816020"><ele>425.000</ele></trkpt>
      <trkpt lat="22.2263617330" lon="113.8716675135"><ele>423.000</ele></trkpt>
      <trkpt lat="22.2263275405" lon="113.8716439325"><ele>424.000</ele></trkpt>
      <trkpt lat="22.2262885132" lon="113.8716195510"><ele>424.000</ele></trkpt>
      <trkpt lat="22.2262762930" lon="113.8716133117"><ele>424.000</ele></trkpt>
      <trkpt lat="22.2262633003" lon="113.8716092515"><ele>424.000</ele></trkpt>
      <trkpt lat="22.2262498641" lon="113.8716075676"><ele>424.000</ele></trkpt>
      <trkpt lat="22.2262318554" lon="113.8716085736"><ele>424.000</ele></trkpt>
      <trkpt lat="22.2262188866" lon="113.8716057258"><ele>425.000</ele></trkpt>
      <trkpt lat="22.2262065881" lon="113.8715991248"><ele>425.000</ele></trkpt>
      <trkpt lat="22.2261878549" lon="113.8715855949"><ele>425.000</ele></trkpt>
      <trkpt lat="22.2261372461" lon="113.8715449416"><ele>424.000</ele></trkpt>
      <trkpt lat="22.2261210968" lon="113.8715363586"><ele>424.000</ele></trkpt>
      <trkpt lat="22.2261079911" lon="113.8715327584"><ele>424.000</ele></trkpt>
      <trkpt lat="22.2261034951" lon="113.8715324141"><ele>424.000</ele></trkpt>
      <trkpt lat="22.2259228859" lon="113.8715334489"><ele>422.000</ele></trkpt>
      <trkpt lat="22.2257422767" lon="113.8715344836"><ele>418.000</ele></trkpt>
      <trkpt lat="22.2255954477" lon="113.8715353248"><ele>418.000</ele></trkpt>
      <trkpt lat="22.2255581956" lon="113.8715363260"><ele>416.000</ele></trkpt>
      <trkpt lat="22.2255357590" lon="113.8715391582"><ele>416.000</ele></trkpt>
      <trkpt lat="22.2255175685" lon="113.8715433781"><ele>416.000</ele></trkpt>
      <trkpt lat="22.2255044458" lon="113.8715480428"><ele>416.000</ele></trkpt>
      <trkpt lat="22.2254942873" lon="113.8715485303"><ele>416.000</ele></trkpt>
      <trkpt lat="22.2254591318" lon="113.8715407199"><ele>416.000</ele></trkpt>
      <trkpt lat="22.2254460095" lon="113.8715407483"><ele>414.000</ele></trkpt>
      <trkpt lat="22.2254244296" lon="113.8715477495"><ele>414.000</ele></trkpt>
      <trkpt lat="22.2254045474" lon="113.8715552222"><ele>414.000</ele></trkpt>
      <trkpt lat="22.2253859260" lon="113.8715603644"><ele>414.000</ele></trkpt>
      <trkpt lat="22.2253647513" lon="113.8715576265"><ele>414.000</ele></trkpt>
      <trkpt lat="22.2253406198" lon="113.8715576778"><ele>414.000</ele></trkpt>
      <trkpt lat="22.2253104727" lon="113.8715643105"><ele>414.000</ele></trkpt>
      <trkpt lat="22.2252762652" lon="113.8715924167"><ele>416.000</ele></trkpt>
      <trkpt lat="22.2252156504" lon="113.8716321136"><ele>416.000</ele></trkpt>
      <trkpt lat="22.2251713654" lon="113.8716490960"><ele>416.000</ele></trkpt>
      <trkpt lat="22.2251484654" lon="113.8716605530"><ele>416.000</ele></trkpt>
      <trkpt lat="22.2251330747" lon="113.8716740975"><ele>416.000</ele></trkpt>
      <trkpt lat="22.2250826611" lon="113.8717119973"><ele>416.000</ele></trkpt>
      <trkpt lat="22.2250620587" lon="113.8717207034"><ele>416.000</ele></trkpt>
      <trkpt lat="22.2250559937" lon="113.8717245410"><ele>416.000</ele></trkpt>
      <trkpt lat="22.2250426674" lon="113.8717202982"><ele>418.000</ele></trkpt>
      <trkpt lat="22.2250311275" lon="113.8717127373"><ele>418.000</ele></trkpt>
      <trkpt lat="22.2250186851" lon="113.8716987739"><ele>418.000</ele></trkpt>
      <trkpt lat="22.2250121574" lon="113.8716860595"><ele>418.000</ele></trkpt>
      <trkpt lat="22.2250026875" lon="113.8716588374"><ele>418.000</ele></trkpt>
      <trkpt lat="22.2249883062" lon="113.8716342467"><ele>418.000</ele></trkpt>
      <trkpt lat="22.2249727262" lon="113.8716167459"><ele>418.000</ele></trkpt>
      <trkpt lat="22.2249467623" lon="113.8715974898"><ele>420.000</ele></trkpt>
      <trkpt lat="22.2249334196" lon="113.8715844769"><ele>420.000</ele></trkpt>
      <trkpt lat="22.2249231211" lon="113.8715685913"><ele>420.000</ele></trkpt>
      <trkpt lat="22.2249163876" lon="113.8715506349"><ele>420.000</ele></trkpt>
      <trkpt lat="22.2249135585" lon="113.8715315178"><ele>420.000</ele></trkpt>
      <trkpt lat="22.2249142259" lon="113.8715209498"><ele>420.000</ele></trkpt>
      <trkpt lat="22.2249147784" lon="113.8715122037"><ele>420.000</ele></trkpt>
      <trkpt lat="22.2249335794" lon="113.8714526041"><ele>422.000</ele></trkpt>
      <trkpt lat="22.2249404008" lon="113.8714096299"><ele>422.000</ele></trkpt>
      <trkpt lat="22.2249409422" lon="113.8713757130"><ele>422.000</ele></trkpt>
      <trkpt lat="22.2249352167" lon="113.8713227524"><ele>424.000</ele></trkpt>
      <trkpt lat="22.2249348243" lon="113.8712936756"><ele>424.000</ele></trkpt>
      <trkpt lat="22.2249385051" lon="113.8712599866"><ele>424.000</ele></trkpt>
      <trkpt lat="22.2249485490" lon="113.8712177154"><ele>425.000</ele></trkpt>
      <trkpt lat="22.2249529373" lon="113.8711890191"><ele>426.000</ele></trkpt>
      <trkpt lat="22.2249539473" lon="113.8711551167"><ele>426.000</ele></trkpt>
      <trkpt lat="22.2249505156" lon="113.8711213975"><ele>427.000</ele></trkpt>
      <trkpt lat="22.2249440887" lon="113.8710931485"><ele>428.000</ele></trkpt>
      <trkpt lat="22.2249287873" lon="113.8710475355"><ele>428.000</ele></trkpt>
      <trkpt lat="22.2249120926" lon="113.8710077530"><ele>429.000</ele></trkpt>
      <trkpt lat="22.2248927175" lon="113.8709693972"><ele>430.000</ele></trkpt>
      <trkpt lat="22.2248733287" lon="113.8709366710"><ele>432.000</ele></trkpt>
      <trkpt lat="22.2248491871" lon="113.8709015729"><ele>432.000</ele></trkpt>
      <trkpt lat="22.2248227068" lon="113.8708684780"><ele>433.000</ele></trkpt>
      <trkpt lat="22.2247962730" lon="113.8708399843"><ele>436.000</ele></trkpt>
      <trkpt lat="22.2247962730" lon="113.8708399873"><ele>436.000</ele></trkpt>
      <trkpt lat="22.2247742060" lon="113.8708084153"><ele>436.000</ele></trkpt>
      <trkpt lat="22.2247513429" lon="113.8707760885"><ele>437.000</ele></trkpt>
      <trkpt lat="22.2247277743" lon="113.8707431522"><ele>440.000</ele></trkpt>
      <trkpt lat="22.2247072098" lon="113.8707085896"><ele>440.000</ele></trkpt>
      <trkpt lat="22.2246838339" lon="113.8706725006"><ele>440.000</ele></trkpt>
      <trkpt lat="22.2246577378" lon="113.8706353603"><ele>442.000</ele></trkpt>
      <trkpt lat="22.2246330941" lon="113.8705926106"><ele>444.000</ele></trkpt>
      <trkpt lat="22.2246025138" lon="113.8705528419"><ele>445.000</ele></trkpt>
      <trkpt lat="22.2245711792" lon="113.8705153057"><ele>446.000</ele></trkpt>
      <trkpt lat="22.2245499382" lon="113.8704860210"><ele>447.000</ele></trkpt>
      <trkpt lat="22.2245334838" lon="113.8704616824"><ele>449.000</ele></trkpt>
      <trkpt lat="22.2245196851" lon="113.8704281624"><ele>449.000</ele></trkpt>
      <trkpt lat="22.2245057056" lon="113.8703945264"><ele>450.000</ele></trkpt>
      <trkpt lat="22.2244969116" lon="113.8703763011"><ele>450.000</ele></trkpt>
      <trkpt lat="22.2244875392" lon="113.8703338869"><ele>452.000</ele></trkpt>
      <trkpt lat="22.2244837028" lon="113.8703059806"><ele>452.000</ele></trkpt>
      <trkpt lat="22.2244684374" lon="113.8702704949"><ele>452.000</ele></trkpt>
      <trkpt lat="22.2244567757" lon="113.8702448170"><ele>452.000</ele></trkpt>
      <trkpt lat="22.2244449433" lon="113.8702004683"><ele>452.000</ele></trkpt>
      <trkpt lat="22.2244296490" lon="113.8701688430"><ele>452.000</ele></trkpt>
      <trkpt lat="22.2244133164" lon="113.8701324673"><ele>452.000</ele></trkpt>
      <trkpt lat="22.2243878357" lon="113.8700960921"><ele>451.000</ele></trkpt>
      <trkpt lat="22.2243674405" lon="113.8700651859"><ele>452.000</ele></trkpt>
      <trkpt lat="22.2243511759" lon="113.8700266568"><ele>452.000</ele></trkpt>
      <trkpt lat="22.2243313871" lon="113.8699868939"><ele>452.000</ele></trkpt>
      <trkpt lat="22.2243070434" lon="113.8699500507"><ele>451.000</ele></trkpt>
      <trkpt lat="22.2242777995" lon="113.8699198525"><ele>452.000</ele></trkpt>
      <trkpt lat="22.2242523247" lon="113.8698914308"><ele>452.000</ele></trkpt>
      <trkpt lat="22.2242211512" lon="113.8698675607"><ele>452.000</ele></trkpt>
      <trkpt lat="22.2241895023" lon="113.8698454182"><ele>452.000</ele></trkpt>
      <trkpt lat="22.2241560515" lon="113.8698350837"><ele>454.000</ele></trkpt>
      <trkpt lat="22.2241315987" lon="113.8698218489"><ele>454.000</ele></trkpt>
      <trkpt lat="22.2241023344" lon="113.8698143471"><ele>454.000</ele></trkpt>
      <trkpt lat="22.2240705119" lon="113.8697911187"><ele>454.000</ele></trkpt>
      <trkpt lat="22.2240297633" lon="113.8697706643"><ele>456.000</ele></trkpt>
      <trkpt lat="22.2239897208" lon="113.8697463190"><ele>456.000</ele></trkpt>
      <trkpt lat="22.2239459952" lon="113.8697275006"><ele>455.000</ele></trkpt>
      <trkpt lat="22.2239136683" lon="113.8697241083"><ele>454.000</ele></trkpt>
      <trkpt lat="22.2238854752" lon="113.8697291551"><ele>454.000</ele></trkpt>
      <trkpt lat="22.2238854743" lon="113.8697291571"><ele>454.000</ele></trkpt>
      <trkpt lat="22.2238735113" lon="113.8697357398"><ele>454.000</ele></trkpt>
      <trkpt lat="22.2238551463" lon="113.8697474975"><ele>454.000</ele></trkpt>
      <trkpt lat="22.2238307968" lon="113.8697564545"><ele>454.000</ele></trkpt>
      <trkpt lat="22.2238085723" lon="113.8697621188"><ele>454.000</ele></trkpt>
      <trkpt lat="22.2237504447" lon="113.8697748932"><ele>454.000</ele></trkpt>
      <trkpt lat="22.2237230980" lon="113.8697843222"><ele>452.000</ele></trkpt>
      <trkpt lat="22.2236991738" lon="113.8697937438"><ele>452.000</ele></trkpt>
      <trkpt lat="22.2236726929" lon="113.8698073911"><ele>452.000</ele></trkpt>
      <trkpt lat="22.2236530456" lon="113.8698191505"><ele>452.000</ele></trkpt>
      <trkpt lat="22.2236436419" lon="113.8698229159"><ele>452.000</ele></trkpt>
      <trkpt lat="22.2236090131" lon="113.8698262687"><ele>452.000</ele></trkpt>
      <trkpt lat="22.2234985644" lon="113.8698325604"><ele>451.000</ele></trkpt>
      <trkpt lat="22.2234801782" lon="113.8698330660"><ele>451.000</ele></trkpt>
      <trkpt lat="22.2234656400" lon="113.8698293528"><ele>451.000</ele></trkpt>
      <trkpt lat="22.2234403865" lon="113.8698186309"><ele>450.000</ele></trkpt>
      <trkpt lat="22.2234220048" lon="113.8698167990"><ele>450.000</ele></trkpt>
      <trkpt lat="22.2233856505" lon="113.8698149955"><ele>450.000</ele></trkpt>
      <trkpt lat="22.2233574390" lon="113.8698159968"><ele>450.000</ele></trkpt>
      <trkpt lat="22.2233292264" lon="113.8698212085"><ele>450.000</ele></trkpt>
      <trkpt lat="22.2232713823" lon="113.8698359026"><ele>450.000</ele></trkpt>
      <trkpt lat="22.2232320637" lon="113.8698472306"><ele>450.000</ele></trkpt>
      <trkpt lat="22.2231965940" lon="113.8698548053"><ele>450.000</ele></trkpt>
      <trkpt lat="22.2231619714" lon="113.8698614374"><ele>450.000</ele></trkpt>
      <trkpt lat="22.2231350394" lon="113.8698657142"><ele>450.000</ele></trkpt>
      <trkpt lat="22.2231140829" lon="113.8698680391"><ele>450.000</ele></trkpt>
      <trkpt lat="22.2230804213" lon="113.8698426887"><ele>450.000</ele></trkpt>
      <trkpt lat="22.2230360539" lon="113.8698154112"><ele>450.000</ele></trkpt>
      <trkpt lat="22.2230010487" lon="113.8697963295"><ele>450.000</ele></trkpt>
      <trkpt lat="22.2229781272" lon="113.8697862815"><ele>450.000</ele></trkpt>
      <trkpt lat="22.2229590628" lon="113.8697719866"><ele>450.000</ele></trkpt>
      <trkpt lat="22.2229367149" lon="113.8697505205"><ele>450.000</ele></trkpt>
      <trkpt lat="22.2229215012" lon="113.8697238303"><ele>450.000</ele></trkpt>
      <trkpt lat="22.2229123439" lon="113.8696949544"><ele>450.000</ele></trkpt>
      <trkpt lat="22.2228977213" lon="113.8696656539"><ele>452.000</ele></trkpt>
      <trkpt lat="22.2228723542" lon="113.8696230190"><ele>452.000</ele></trkpt>
      <trkpt lat="22.2228613042" lon="113.8695966399"><ele>452.000</ele></trkpt>
      <trkpt lat="22.2228547244" lon="113.8695793789"><ele>452.000</ele></trkpt>
      <trkpt lat="22.2228533248" lon="113.8695722589"><ele>452.000</ele></trkpt>
      <trkpt lat="22.2228490255" lon="113.8695503888"><ele>452.000</ele></trkpt>
      <trkpt lat="22.2228400735" lon="113.8695350923"><ele>452.000</ele></trkpt>
      <trkpt lat="22.2228358827" lon="113.8695204352"><ele>452.000</ele></trkpt>
      <trkpt lat="22.2228333141" lon="113.8694896914"><ele>454.000</ele></trkpt>
      <trkpt lat="22.2228267582" lon="113.8694802587"><ele>454.000</ele></trkpt>
      <trkpt lat="22.2228139546" lon="113.8694721383"><ele>454.000</ele></trkpt>
      <trkpt lat="22.2227972812" lon="113.8694663056"><ele>454.000</ele></trkpt>
      <trkpt lat="22.2227502761" lon="113.8694582597"><ele>454.000</ele></trkpt>
      <trkpt lat="22.2226928446" lon="113.8694427382"><ele>454.000</ele></trkpt>
      <trkpt lat="22.2226082357" lon="113.8694210965"><ele>456.000</ele></trkpt>
      <trkpt lat="22.2225891963" lon="113.8694152690"><ele>456.000</ele></trkpt>
      <trkpt lat="22.2225719165" lon="113.8694038994"><ele>456.000</ele></trkpt>
      <trkpt lat="22.2225448209" lon="113.8693837531"><ele>457.000</ele></trkpt>
      <trkpt lat="22.2225102891" lon="113.8693662331"><ele>458.000</ele></trkpt>
      <trkpt lat="22.2224843834" lon="113.8693545516"><ele>458.000</ele></trkpt>
      <trkpt lat="22.2224697990" lon="113.8693454555"><ele>458.000</ele></trkpt>
      <trkpt lat="22.2224450723" lon="113.8693215505"><ele>460.000</ele></trkpt>
      <trkpt lat="22.2224241991" lon="113.8692968224"><ele>460.000</ele></trkpt>
      <trkpt lat="22.2224030546" lon="113.8692809027"><ele>461.000</ele></trkpt>
      <trkpt lat="22.2223229623" lon="113.8692360983"><ele>464.000</ele></trkpt>
      <trkpt lat="22.2222836664" lon="113.8692159787"><ele>466.000</ele></trkpt>
      <trkpt lat="22.2222214522" lon="113.8691832013"><ele>468.000</ele></trkpt>
      <trkpt lat="22.2221927892" lon="113.8691651157"><ele>469.000</ele></trkpt>
      <trkpt lat="22.2221743638" lon="113.8691497129"><ele>470.000</ele></trkpt>
      <trkpt lat="22.2221820131" lon="113.8691260293"><ele>470.000</ele></trkpt>
      <trkpt lat="22.2221879148" lon="113.8691041816"><ele>470.000</ele></trkpt>
      <trkpt lat="22.2221905550" lon="113.8690820220"><ele>470.000</ele></trkpt>
      <trkpt lat="22.2221898908" lon="113.8690455226"><ele>470.000</ele></trkpt>
      <trkpt lat="22.2221805785" lon="113.8689973061"><ele>470.000</ele></trkpt>
      <trkpt lat="22.2221676980" lon="113.8689481167"><ele>470.000</ele></trkpt>
      <trkpt lat="22.2221539894" lon="113.8689007818"><ele>472.000</ele></trkpt>
      <trkpt lat="22.2221506759" lon="113.8688773258"><ele>470.000</ele></trkpt>
      <trkpt lat="22.2221506337" lon="113.8688545115"><ele>470.000</ele></trkpt>
      <trkpt lat="22.2221552894" lon="113.8688285250"><ele>472.000</ele></trkpt>
      <trkpt lat="22.2221751059" lon="113.8687720976"><ele>472.000</ele></trkpt>
      <trkpt lat="22.2221800971" lon="113.8687491695"><ele>472.000</ele></trkpt>
      <trkpt lat="22.2221788841" lon="113.8687472023"><ele>472.000</ele></trkpt>
      <trkpt lat="22.2221844526" lon="113.8687201120"><ele>472.000</ele></trkpt>
      <trkpt lat="22.2221874660" lon="113.8686995568"><ele>472.000</ele></trkpt>
      <trkpt lat="22.2221927231" lon="113.8686406442"><ele>472.000</ele></trkpt>
      <trkpt lat="22.2221942447" lon="113.8686057831"><ele>474.000</ele></trkpt>
      <trkpt lat="22.2221943144" lon="113.8685825156"><ele>474.000</ele></trkpt>
      <trkpt lat="22.2221918812" lon="113.8685318437"><ele>474.000</ele></trkpt>
      <trkpt lat="22.2221891920" lon="113.8685109169"><ele>476.000</ele></trkpt>
      <trkpt lat="22.2221851505" lon="113.8684902423"><ele>476.000</ele></trkpt>
      <trkpt lat="22.2221673900" lon="113.8684278398"><ele>478.000</ele></trkpt>
      <trkpt lat="22.2221613608" lon="113.8684038030"><ele>478.000</ele></trkpt>
      <trkpt lat="22.2221580498" lon="113.8683864681"><ele>478.000</ele></trkpt>
      <trkpt lat="22.2221517200" lon="113.8683701321"><ele>478.000</ele></trkpt>
      <trkpt lat="22.2221426027" lon="113.8683553928"><ele>478.000</ele></trkpt>
      <trkpt lat="22.2221330315" lon="113.8683446147"><ele>478.000</ele></trkpt>
      <trkpt lat="22.2221232223" lon="113.8683364210"><ele>478.000</ele></trkpt>
      <trkpt lat="22.2221152195" lon="113.8683312824"><ele>478.000</ele></trkpt>
      <trkpt lat="22.2220942338" lon="113.8683201238"><ele>478.000</ele></trkpt>
      <trkpt lat="22.2220798938" lon="113.8683099245"><ele>478.000</ele></trkpt>
      <trkpt lat="22.2220686015" lon="113.8682997418"><ele>478.000</ele></trkpt>
      <trkpt lat="22.2220482520" lon="113.8682773638"><ele>478.000</ele></trkpt>
      <trkpt lat="22.2220301952" lon="113.8682601990"><ele>478.000</ele></trkpt>
      <trkpt lat="22.2220147898" lon="113.8682477247"><ele>478.000</ele></trkpt>
      <trkpt lat="22.2219886027" lon="113.8682295854"><ele>478.000</ele></trkpt>
      <trkpt lat="22.2219718824" lon="113.8682161867"><ele>478.000</ele></trkpt>
      <trkpt lat="22.2219504350" lon="113.8681949081"><ele>479.000</ele></trkpt>
      <trkpt lat="22.2219275269" lon="113.8681672167"><ele>479.000</ele></trkpt>
      <trkpt lat="22.2219137954" lon="113.8681550540"><ele>480.000</ele></trkpt>
      <trkpt lat="22.2219037288" lon="113.8681482944"><ele>480.000</ele></trkpt>
      <trkpt lat="22.2218948734" lon="113.8681435505"><ele>480.000</ele></trkpt>
      <trkpt lat="22.2218617154" lon="113.8681310074"><ele>480.000</ele></trkpt>
      <trkpt lat="22.2218424137" lon="113.8681202565"><ele>480.000</ele></trkpt>
      <trkpt lat="22.2218324409" lon="113.8681129186"><ele>481.000</ele></trkpt>
      <trkpt lat="22.2218231020" lon="113.8681046753"><ele>481.000</ele></trkpt>
      <trkpt lat="22.2218053370" lon="113.8680846525"><ele>482.000</ele></trkpt>
      <trkpt lat="22.2217975433" lon="113.8680769229"><ele>482.000</ele></trkpt>
      <trkpt lat="22.2217890407" lon="113.8680701114"><ele>482.000</ele></trkpt>
      <trkpt lat="22.2217814800" lon="113.8680651911"><ele>482.000</ele></trkpt>
      <trkpt lat="22.2217653061" lon="113.8680575612"><ele>482.000</ele></trkpt>
      <trkpt lat="22.2217447555" lon="113.8680520331"><ele>482.000</ele></trkpt>
      <trkpt lat="22.2217346897" lon="113.8680485305"><ele>482.000</ele></trkpt>
      <trkpt lat="22.2217250209" lon="113.8680439164"><ele>484.000</ele></trkpt>
      <trkpt lat="22.2217158540" lon="113.8680382421"><ele>484.000</ele></trkpt>
      <trkpt lat="22.2217019618" lon="113.8680266026"><ele>484.000</ele></trkpt>
      <trkpt lat="22.2216779974" lon="113.8679990969"><ele>484.000</ele></trkpt>
      <trkpt lat="22.2216563690" lon="113.8679790438"><ele>485.000</ele></trkpt>
      <trkpt lat="22.2216396052" lon="113.8679665289"><ele>486.000</ele></trkpt>
      <trkpt lat="22.2216097953" lon="113.8679475838"><ele>486.000</ele></trkpt>
      <trkpt lat="22.2215874473" lon="113.8679323499"><ele>487.000</ele></trkpt>
      <trkpt lat="22.2215443388" lon="113.8678995361"><ele>488.000</ele></trkpt>
      <trkpt lat="22.2215192231" lon="113.8678768167"><ele>488.000</ele></trkpt>
      <trkpt lat="22.2214960473" lon="113.8678518321"><ele>489.000</ele></trkpt>
      <trkpt lat="22.2214764865" lon="113.8678268153"><ele>489.000</ele></trkpt>
      <trkpt lat="22.2214683061" lon="113.8678142331"><ele>490.000</ele></trkpt>
      <trkpt lat="22.2214609627" lon="113.8678010671"><ele>488.000</ele></trkpt>
      <trkpt lat="22.2214515957" lon="113.8677803694"><ele>488.000</ele></trkpt>
      <trkpt lat="22.2214406486" lon="113.8677483834"><ele>488.000</ele></trkpt>
      <trkpt lat="22.2214315328" lon="113.8677254058"><ele>488.000</ele></trkpt>
      <trkpt lat="22.2214237274" lon="113.8677086522"><ele>488.000</ele></trkpt>
      <trkpt lat="22.2214046768" lon="113.8676718034"><ele>488.000</ele></trkpt>
      <trkpt lat="22.2213840484" lon="113.8676257924"><ele>489.000</ele></trkpt>
      <trkpt lat="22.2213796826" lon="113.8676122988"><ele>490.000</ele></trkpt>
      <trkpt lat="22.2213766544" lon="113.8675983892"><ele>490.000</ele></trkpt>
      <trkpt lat="22.2213749975" lon="113.8675842157"><ele>490.000</ele></trkpt>
      <trkpt lat="22.2213747292" lon="113.8675699333"><ele>490.000</ele></trkpt>
      <trkpt lat="22.2213769903" lon="113.8675475011"><ele>490.000</ele></trkpt>
      <trkpt lat="22.2213825464" lon="113.8675235545"><ele>490.000</ele></trkpt>
      <trkpt lat="22.2213911525" lon="113.8675006719"><ele>490.000</ele></trkpt>
      <trkpt lat="22.2214016041" lon="113.8674809801"><ele>490.000</ele></trkpt>
      <trkpt lat="22.2214153312" lon="113.8674608709"><ele>488.000</ele></trkpt>
      <trkpt lat="22.2214309407" lon="113.8674424142"><ele>488.000</ele></trkpt>
      <trkpt lat="22.2214452638" lon="113.8674284413"><ele>488.000</ele></trkpt>
      <trkpt lat="22.2214755437" lon="113.8674024947"><ele>486.000</ele></trkpt>
      <trkpt lat="22.2214793811" lon="113.8673983303"><ele>486.000</ele></trkpt>
      <trkpt lat="22.2214804479" lon="113.8673956616"><ele>486.000</ele></trkpt>
      <trkpt lat="22.2214807828" lon="113.8673899045"><ele>486.000</ele></trkpt>
      <trkpt lat="22.2214787137" lon="113.8673845803"><ele>486.000</ele></trkpt>
      <trkpt lat="22.2213947912" lon="113.8672980457"><ele>480.000</ele></trkpt>
      <trkpt lat="22.2213933353" lon="113.8672956163"><ele>480.000</ele></trkpt>
      <trkpt lat="22.2213929145" lon="113.8672927628"><ele>480.000</ele></trkpt>
      <trkpt lat="22.2213935991" lon="113.8672899689"><ele>480.000</ele></trkpt>
      <trkpt lat="22.2213952745" lon="113.8672877092"><ele>480.000</ele></trkpt>
      <trkpt lat="22.2213976560" lon="113.8672863655"><ele>480.000</ele></trkpt>
      <trkpt lat="22.2214182119" lon="113.8672861274"><ele>480.000</ele></trkpt>
      <trkpt lat="22.2214370049" lon="113.8672682068"><ele>477.000</ele></trkpt>
      <trkpt lat="22.2214502295" lon="113.8672583322"><ele>477.000</ele></trkpt>
      <trkpt lat="22.2214530277" lon="113.8672534164"><ele>477.000</ele></trkpt>
      <trkpt lat="22.2214535144" lon="113.8672505619"><ele>477.000</ele></trkpt>
      <trkpt lat="22.2214533419" lon="113.8672476651"><ele>477.000</ele></trkpt>
      <trkpt lat="22.2214501243" lon="113.8672429623"><ele>477.000</ele></trkpt>
      <trkpt lat="22.2214455797" lon="113.8672398559"><ele>477.000</ele></trkpt>
      <trkpt lat="22.2214429285" lon="113.8672390092"><ele>477.000</ele></trkpt>
      <trkpt lat="22.2212893386" lon="113.8672366286"><ele>472.000</ele></trkpt>
      <trkpt lat="22.2212867815" lon="113.8672349165"><ele>472.000</ele></trkpt>
      <trkpt lat="22.2212831421" lon="113.8672306453"><ele>472.000</ele></trkpt>
      <trkpt lat="22.2212810838" lon="113.8672252939"><ele>472.000</ele></trkpt>
      <trkpt lat="22.2212807343" lon="113.8672224121"><ele>470.000</ele></trkpt>
      <trkpt lat="22.2212814476" lon="113.8672166736"><ele>470.000</ele></trkpt>
      <trkpt lat="22.2213076722" lon="113.8671477175"><ele>469.000</ele></trkpt>
      <trkpt lat="22.2213084233" lon="113.8671390467"><ele>469.000</ele></trkpt>
      <trkpt lat="22.2213063761" lon="113.8671276693"><ele>469.000</ele></trkpt>
      <trkpt lat="22.2213026696" lon="113.8671199250"><ele>466.000</ele></trkpt>
      <trkpt lat="22.2211951633" lon="113.8669640507"><ele>459.000</ele></trkpt>
      <trkpt lat="22.2211931158" lon="113.8669610820"><ele>459.000</ele></trkpt>
      <trkpt lat="22.2211921504" lon="113.8669553733"><ele>459.000</ele></trkpt>
      <trkpt lat="22.2211926162" lon="113.8669495926"><ele>459.000</ele></trkpt>
      <trkpt lat="22.2211944806" lon="113.8669441463"><ele>459.000</ele></trkpt>
      <trkpt lat="22.2211976115" lon="113.8669394189"><ele>459.000</ele></trkpt>
      <trkpt lat="22.2211987815" lon="113.8669358907"><ele>459.000</ele></trkpt>
      <trkpt lat="22.2212008215" lon="113.8669244859"><ele>458.000</ele></trkpt>
      <trkpt lat="22.2212009143" lon="113.8669186711"><ele>458.000</ele></trkpt>
      <trkpt lat="22.2211998855" lon="113.8669100227"><ele>458.000</ele></trkpt>
      <trkpt lat="22.2211963959" lon="113.8668990306"><ele>458.000</ele></trkpt>
      <trkpt lat="22.2211906607" lon="113.8668891860"><ele>458.000</ele></trkpt>
      <trkpt lat="22.2211597363" lon="113.8668213759"><ele>454.000</ele></trkpt>
      <trkpt lat="22.2210890687" lon="113.8666956235"><ele>452.000</ele></trkpt>
      <trkpt lat="22.2210739730" lon="113.8666713963"><ele>452.000</ele></trkpt>
      <trkpt lat="22.2210572128" lon="113.8666484658"><ele>452.000</ele></trkpt>
      <trkpt lat="22.2210436079" lon="113.8666321993"><ele>452.000</ele></trkpt>
      <trkpt lat="22.2210241722" lon="113.8666118507"><ele>452.000</ele></trkpt>
      <trkpt lat="22.2210086839" lon="113.8665976591"><ele>450.000</ele></trkpt>
      <trkpt lat="22.2209924704" lon="113.8665844342"><ele>450.000</ele></trkpt>
      <trkpt lat="22.2208445967" lon="113.8664730565"><ele>445.000</ele></trkpt>
      <trkpt lat="22.2208376693" lon="113.8664678388"><ele>445.000</ele></trkpt>
      <trkpt lat="22.2208199610" lon="113.8664535532"><ele>444.000</ele></trkpt>
      <trkpt lat="22.2207931522" lon="113.8664338222"><ele>444.000</ele></trkpt>
      <trkpt lat="22.2207660766" lon="113.8664096545"><ele>442.000</ele></trkpt>
      <trkpt lat="22.2207524305" lon="113.8663955142"><ele>442.000</ele></trkpt>
      <trkpt lat="22.2207394857" lon="113.8663806323"><ele>442.000</ele></trkpt>
      <trkpt lat="22.2207272763" lon="113.8663650495"><ele>442.000</ele></trkpt>
      <trkpt lat="22.2207158361" lon="113.8663488084"><ele>442.000</ele></trkpt>
      <trkpt lat="22.2207008866" lon="113.8663245500"><ele>442.000</ele></trkpt>
      <trkpt lat="22.2206888947" lon="113.8663017545"><ele>442.000</ele></trkpt>
      <trkpt lat="22.2206567217" lon="113.8662272057"><ele>443.000</ele></trkpt>
      <trkpt lat="22.2206265940" lon="113.8661653309"><ele>445.000</ele></trkpt>
      <trkpt lat="22.2205991896" lon="113.8661151337"><ele>446.000</ele></trkpt>
      <trkpt lat="22.2205684379" lon="113.8660642048"><ele>446.000</ele></trkpt>
      <trkpt lat="22.2205335471" lon="113.8660314921"><ele>446.000</ele></trkpt>
      <trkpt lat="22.2204975599" lon="113.8660006295"><ele>443.000</ele></trkpt>
      <trkpt lat="22.2204625257" lon="113.8659732216"><ele>442.000</ele></trkpt>
      <trkpt lat="22.2204378181" lon="113.8659553279"><ele>440.000</ele></trkpt>
      <trkpt lat="22.2204191777" lon="113.8659429048"><ele>440.000</ele></trkpt>
      <trkpt lat="22.2204129513" lon="113.8659373163"><ele>440.000</ele></trkpt>
      <trkpt lat="22.2204064532" lon="113.8659280438"><ele>440.000</ele></trkpt>
      <trkpt lat="22.2203972441" lon="113.8659041191"><ele>437.000</ele></trkpt>
      <trkpt lat="22.2203867482" lon="113.8658854066"><ele>437.000</ele></trkpt>
      <trkpt lat="22.2203791855" lon="113.8658757214"><ele>436.000</ele></trkpt>
      <trkpt lat="22.2203540059" lon="113.8658537455"><ele>434.000</ele></trkpt>
      <trkpt lat="22.2203390814" lon="113.8658368934"><ele>434.000</ele></trkpt>
      <trkpt lat="22.2203279846" lon="113.8658203936"><ele>434.000</ele></trkpt>
      <trkpt lat="22.2203212841" lon="113.8658077550"><ele>432.000</ele></trkpt>
      <trkpt lat="22.2203157908" lon="113.8657949857"><ele>432.000</ele></trkpt>
      <trkpt lat="22.2203039682" lon="113.8657771976"><ele>432.000</ele></trkpt>
      <trkpt lat="22.2202949863" lon="113.8657662720"><ele>430.000</ele></trkpt>
      <trkpt lat="22.2202800168" lon="113.8657514675"><ele>430.000</ele></trkpt>
      <trkpt lat="22.2202691391" lon="113.8657427546"><ele>430.000</ele></trkpt>
      <trkpt lat="22.2202576274" lon="113.8657350353"><ele>430.000</ele></trkpt>
      <trkpt lat="22.2202489308" lon="113.8657274019"><ele>430.000</ele></trkpt>
      <trkpt lat="22.2202381876" lon="113.8657144144"><ele>429.000</ele></trkpt>
      <trkpt lat="22.2202296157" lon="113.8657002611"><ele>429.000</ele></trkpt>
      <trkpt lat="22.2202229616" lon="113.8656849629"><ele>429.000</ele></trkpt>
      <trkpt lat="22.2202183559" lon="113.8656688193"><ele>428.000</ele></trkpt>
      <trkpt lat="22.2202160776" lon="113.8656542467"><ele>428.000</ele></trkpt>
      <trkpt lat="22.2202148016" lon="113.8656335111"><ele>428.000</ele></trkpt>
      <trkpt lat="22.2202148154" lon="113.8656114361"><ele>427.000</ele></trkpt>
      <trkpt lat="22.2202162642" lon="113.8655894161"><ele>427.000</ele></trkpt>
      <trkpt lat="22.2202191393" lon="113.8655675579"><ele>426.000</ele></trkpt>
      <trkpt lat="22.2202249681" lon="113.8655338186"><ele>426.000</ele></trkpt>
      <trkpt lat="22.2202278769" lon="113.8654984437"><ele>425.000</ele></trkpt>
      <trkpt lat="22.2202280344" lon="113.8654806825"><ele>425.000</ele></trkpt>
      <trkpt lat="22.2202268973" lon="113.8654570329"><ele>424.000</ele></trkpt>
      <trkpt lat="22.2202242272" lon="113.8654335255"><ele>424.000</ele></trkpt>
      <trkpt lat="22.2202205431" lon="113.8654129940"><ele>422.000</ele></trkpt>
      <trkpt lat="22.2202120810" lon="113.8653825946"><ele>420.000</ele></trkpt>
      <trkpt lat="22.2202021248" lon="113.8653575834"><ele>422.000</ele></trkpt>
      <trkpt lat="22.2201809798" lon="113.8653143007"><ele>420.000</ele></trkpt>
      <trkpt lat="22.2201547337" lon="113.8652687849"><ele>420.000</ele></trkpt>
      <trkpt lat="22.2201420278" lon="113.8652448224"><ele>420.000</ele></trkpt>
      <trkpt lat="22.2201305082" lon="113.8652201784"><ele>418.000</ele></trkpt>
      <trkpt lat="22.2201229783" lon="113.8652007485"><ele>418.000</ele></trkpt>
      <trkpt lat="22.2201189777" lon="113.8651847103"><ele>416.000</ele></trkpt>
      <trkpt lat="22.2201166741" lon="113.8651659012"><ele>416.000</ele></trkpt>
      <trkpt lat="22.2201166757" lon="113.8651492984"><ele>416.000</ele></trkpt>
      <trkpt lat="22.2201192577" lon="113.8651248890"><ele>415.000</ele></trkpt>
      <trkpt lat="22.2201196656" lon="113.8651119836"><ele>415.000</ele></trkpt>
      <trkpt lat="22.2201187690" lon="113.8650965195"><ele>415.000</ele></trkpt>
      <trkpt lat="22.2201163719" lon="113.8650812401"><ele>414.000</ele></trkpt>
      <trkpt lat="22.2201125008" lon="113.8650663151"><ele>414.000</ele></trkpt>
      <trkpt lat="22.2201071975" lon="113.8650519054"><ele>414.000</ele></trkpt>
      <trkpt lat="22.2201017255" lon="113.8650404067"><ele>412.000</ele></trkpt>
      <trkpt lat="22.2200881388" lon="113.8650162638"><ele>412.000</ele></trkpt>
      <trkpt lat="22.2200806075" lon="113.8649975430"><ele>412.000</ele></trkpt>
      <trkpt lat="22.2200760647" lon="113.8649803760"><ele>412.000</ele></trkpt>
      <trkpt lat="22.2200718861" lon="113.8649477937"><ele>412.000</ele></trkpt>
      <trkpt lat="22.2200676843" lon="113.8649318461"><ele>411.000</ele></trkpt>
      <trkpt lat="22.2200617461" lon="113.8649183573"><ele>410.000</ele></trkpt>
      <trkpt lat="22.2200539155" lon="113.8649060326"><ele>410.000</ele></trkpt>
      <trkpt lat="22.2200419152" lon="113.8648921604"><ele>410.000</ele></trkpt>
      <trkpt lat="22.2200300859" lon="113.8648812384"><ele>410.000</ele></trkpt>
      <trkpt lat="22.2200158578" lon="113.8648706998"><ele>410.000</ele></trkpt>
      <trkpt lat="22.2199972780" lon="113.8648592699"><ele>410.000</ele></trkpt>
      <trkpt lat="22.2199817899" lon="113.8648514063"><ele>410.000</ele></trkpt>
      <trkpt lat="22.2199623803" lon="113.8648428646"><ele>408.000</ele></trkpt>
      <trkpt lat="22.2199479745" lon="113.8648347929"><ele>408.000</ele></trkpt>
      <trkpt lat="22.2199322719" lon="113.8648233935"><ele>408.000</ele></trkpt>
      <trkpt lat="22.2199160658" lon="113.8648079643"><ele>406.000</ele></trkpt>
      <trkpt lat="22.2198658931" lon="113.8647493372"><ele>404.000</ele></trkpt>
      <trkpt lat="22.2198372664" lon="113.8647109139"><ele>404.000</ele></trkpt>
      <trkpt lat="22.2198243651" lon="113.8646910071"><ele>404.000</ele></trkpt>
      <trkpt lat="22.2198124521" lon="113.8646704018"><ele>404.000</ele></trkpt>
      <trkpt lat="22.2197893435" lon="113.8646246552"><ele>402.000</ele></trkpt>
      <trkpt lat="22.2197829622" lon="113.8646094419"><ele>402.000</ele></trkpt>
      <trkpt lat="22.2197775851" lon="113.8645937870"><ele>402.000</ele></trkpt>
      <trkpt lat="22.2197706677" lon="113.8645655608"><ele>402.000</ele></trkpt>
      <trkpt lat="22.2197631970" lon="113.8645064610"><ele>400.000</ele></trkpt>
      <trkpt lat="22.2197594258" lon="113.8644669246"><ele>400.000</ele></trkpt>
      <trkpt lat="22.2197749911" lon="113.8644815647"><ele>400.000</ele></trkpt>
      <trkpt lat="22.2197943401" lon="113.8644956921"><ele>400.000</ele></trkpt>
      <trkpt lat="22.2198120990" lon="113.8645057078"><ele>400.000</ele></trkpt>
      <trkpt lat="22.2198339118" lon="113.8645147959"><ele>400.000</ele></trkpt>
      <trkpt lat="22.2198557902" lon="113.8645208355"><ele>400.000</ele></trkpt>
      <trkpt lat="22.2198639021" lon="113.8645211638"><ele>400.000</ele></trkpt>
      <trkpt lat="22.2198719488" lon="113.8645200122"><ele>400.000</ele></trkpt>
      <trkpt lat="22.2198771619" lon="113.8645184372"><ele>400.000</ele></trkpt>
      <trkpt lat="22.2198845873" lon="113.8645149146"><ele>400.000</ele></trkpt>
      <trkpt lat="22.2198913501" lon="113.8645100928"><ele>400.000</ele></trkpt>
      <trkpt lat="22.2198972564" lon="113.8645041109"><ele>400.000</ele></trkpt>
      <trkpt lat="22.2199021340" lon="113.8644971420"><ele>400.000</ele></trkpt>
      <trkpt lat="22.2199047440" lon="113.8644920453"><ele>400.000</ele></trkpt>
      <trkpt lat="22.2199076118" lon="113.8644838888"><ele>400.000</ele></trkpt>
      <trkpt lat="22.2199087651" lon="113.8644782580"><ele>400.000</ele></trkpt>
      <trkpt lat="22.2199506300" lon="113.8643620536"><ele>399.000</ele></trkpt>
      <trkpt lat="22.2200119270" lon="113.8641795870"><ele>396.000</ele></trkpt>
      <trkpt lat="22.2200169418" lon="113.8641646589"><ele>395.000</ele></trkpt>
      <trkpt lat="22.2200242252" lon="113.8641506248"><ele>396.000</ele></trkpt>
      <trkpt lat="22.2200326197" lon="113.8641373253"><ele>396.000</ele></trkpt>
      <trkpt lat="22.2200420626" lon="113.8641248634"><ele>396.000</ele></trkpt>
      <trkpt lat="22.2200524807" lon="113.8641133334"><ele>394.000</ele></trkpt>
      <trkpt lat="22.2200637948" lon="113.8641028228"><ele>394.000</ele></trkpt>
      <trkpt lat="22.2200734348" lon="113.8640952022"><ele>394.000</ele></trkpt>
      <trkpt lat="22.2200861408" lon="113.8640867233"><ele>394.000</ele></trkpt>
      <trkpt lat="22.2200994876" lon="113.8640794660"><ele>394.000</ele></trkpt>
      <trkpt lat="22.2201133724" lon="113.8640734858"><ele>392.000</ele></trkpt>
      <trkpt lat="22.2201305960" lon="113.8640680598"><ele>392.000</ele></trkpt>
      <trkpt lat="22.2201482532" lon="113.8640645979"><ele>392.000</ele></trkpt>
      <trkpt lat="22.2201661509" lon="113.8640631373"><ele>392.000</ele></trkpt>
      <trkpt lat="22.2201840922" lon="113.8640636960"><ele>392.000</ele></trkpt>
      <trkpt lat="22.2201959802" lon="113.8640651865"><ele>392.000</ele></trkpt>
      <trkpt lat="22.2202530974" lon="113.8640752429"><ele>392.000</ele></trkpt>
      <trkpt lat="22.2202855913" lon="113.8640794801"><ele>392.000</ele></trkpt>
      <trkpt lat="22.2203082212" lon="113.8640861184"><ele>390.000</ele></trkpt>
      <trkpt lat="22.2203370239" lon="113.8640920049"><ele>390.000</ele></trkpt>
      <trkpt lat="22.2203603426" lon="113.8640947582"><ele>390.000</ele></trkpt>
      <trkpt lat="22.2203837826" lon="113.8640957556"><ele>390.000</ele></trkpt>
      <trkpt lat="22.2204072309" lon="113.8640949947"><ele>390.000</ele></trkpt>
      <trkpt lat="22.2204305729" lon="113.8640924784"><ele>390.000</ele></trkpt>
      <trkpt lat="22.2204536939" lon="113.8640882187"><ele>390.000</ele></trkpt>
      <trkpt lat="22.2204795902" lon="113.8640812788"><ele>389.000</ele></trkpt>
      <trkpt lat="22.2205001581" lon="113.8640778551"><ele>389.000</ele></trkpt>
      <trkpt lat="22.2205208636" lon="113.8640755920"><ele>388.000</ele></trkpt>
      <trkpt lat="22.2205416518" lon="113.8640744974"><ele>388.000</ele></trkpt>
      <trkpt lat="22.2205624648" lon="113.8640745735"><ele>388.000</ele></trkpt>
      <trkpt lat="22.2205970536" lon="113.8640772979"><ele>388.000</ele></trkpt>
      <trkpt lat="22.2206244828" lon="113.8640818043"><ele>386.000</ele></trkpt>
      <trkpt lat="22.2206448252" lon="113.8640865273"><ele>386.000</ele></trkpt>
      <trkpt lat="22.2206715388" lon="113.8640945910"><ele>386.000</ele></trkpt>
      <trkpt lat="22.2206913437" lon="113.8641020396"><ele>386.000</ele></trkpt>
      <trkpt lat="22.2207073401" lon="113.8641098129"><ele>384.000</ele></trkpt>
      <trkpt lat="22.2207256126" lon="113.8641210727"><ele>384.000</ele></trkpt>
      <trkpt lat="22.2207399335" lon="113.8641319815"><ele>384.000</ele></trkpt>
      <trkpt lat="22.2207552315" lon="113.8641456922"><ele>384.000</ele></trkpt>
      <trkpt lat="22.2207799512" lon="113.8641575507"><ele>384.000</ele></trkpt>
      <trkpt lat="22.2208014077" lon="113.8641645010"><ele>383.000</ele></trkpt>
      <trkpt lat="22.2208222813" lon="113.8641665187"><ele>383.000</ele></trkpt>
      <trkpt lat="22.2208432362" lon="113.8641661823"><ele>383.000</ele></trkpt>
      <trkpt lat="22.2208640448" lon="113.8641634941"><ele>383.000</ele></trkpt>
      <trkpt lat="22.2208844768" lon="113.8641584829"><ele>382.000</ele></trkpt>
      <trkpt lat="22.2209010538" lon="113.8641525724"><ele>382.000</ele></trkpt>
      <trkpt lat="22.2209139311" lon="113.8641467399"><ele>382.000</ele></trkpt>
      <trkpt lat="22.2209263983" lon="113.8641399559"><ele>382.000</ele></trkpt>
      <trkpt lat="22.2209495218" lon="113.8641252581"><ele>382.000</ele></trkpt>
      <trkpt lat="22.2209666225" lon="113.8641155551"><ele>382.000</ele></trkpt>
      <trkpt lat="22.2209841730" lon="113.8641068267"><ele>382.000</ele></trkpt>
      <trkpt lat="22.2210081886" lon="113.8640967476"><ele>382.000</ele></trkpt>
      <trkpt lat="22.2210265988" lon="113.8640903820"><ele>382.000</ele></trkpt>
      <trkpt lat="22.2210683067" lon="113.8640782287"><ele>382.000</ele></trkpt>
      <trkpt lat="22.2211146488" lon="113.8640658624"><ele>380.000</ele></trkpt>
      <trkpt lat="22.2211368232" lon="113.8640610258"><ele>380.000</ele></trkpt>
      <trkpt lat="22.2211815768" lon="113.8640538608"><ele>380.000</ele></trkpt>
      <trkpt lat="22.2212001009" lon="113.8640522572"><ele>379.000</ele></trkpt>
      <trkpt lat="22.2212186776" lon="113.8640516971"><ele>379.000</ele></trkpt>
      <trkpt lat="22.2212372563" lon="113.8640521825"><ele>379.000</ele></trkpt>
      <trkpt lat="22.2212557864" lon="113.8640537117"><ele>378.000</ele></trkpt>
      <trkpt lat="22.2212803278" lon="113.8640573672"><ele>378.000</ele></trkpt>
      <trkpt lat="22.2212985456" lon="113.8640613112"><ele>377.000</ele></trkpt>
      <trkpt lat="22.2213284015" lon="113.8640701430"><ele>377.000</ele></trkpt>
      <trkpt lat="22.2213488537" lon="113.8640784146"><ele>376.000</ele></trkpt>
      <trkpt lat="22.2213572288" lon="113.8640831777"><ele>376.000</ele></trkpt>
      <trkpt lat="22.2213667211" lon="113.8640899014"><ele>376.000</ele></trkpt>
      <trkpt lat="22.2213755075" lon="113.8640976548"><ele>376.000</ele></trkpt>
      <trkpt lat="22.2213822193" lon="113.8641048405"><ele>376.000</ele></trkpt>
      <trkpt lat="22.2213905821" lon="113.8641158983"><ele>376.000</ele></trkpt>
      <trkpt lat="22.2213976275" lon="113.8641279678"><ele>376.000</ele></trkpt>
      <trkpt lat="22.2214183467" lon="113.8641774814"><ele>378.000</ele></trkpt>
      <trkpt lat="22.2214322945" lon="113.8642056749"><ele>376.000</ele></trkpt>
      <trkpt lat="22.2214427126" lon="113.8642232906"><ele>376.000</ele></trkpt>
      <trkpt lat="22.2214596131" lon="113.8642461731"><ele>376.000</ele></trkpt>
      <trkpt lat="22.2214842860" lon="113.8642726921"><ele>376.000</ele></trkpt>
      <trkpt lat="22.2214969788" lon="113.8642883299"><ele>376.000</ele></trkpt>
      <trkpt lat="22.2215061885" lon="113.8643016594"><ele>376.000</ele></trkpt>
      <trkpt lat="22.2215196793" lon="113.8643246736"><ele>376.000</ele></trkpt>
      <trkpt lat="22.2215269172" lon="113.8643349610"><ele>376.000</ele></trkpt>
      <trkpt lat="22.2215365702" lon="113.8643458569"><ele>376.000</ele></trkpt>
      <trkpt lat="22.2215457774" lon="113.8643541312"><ele>376.000</ele></trkpt>
      <trkpt lat="22.2215627469" lon="113.8643654833"><ele>376.000</ele></trkpt>
      <trkpt lat="22.2215933728" lon="113.8643793317"><ele>376.000</ele></trkpt>
      <trkpt lat="22.2216125137" lon="113.8643899225"><ele>376.000</ele></trkpt>
      <trkpt lat="22.2216672721" lon="113.8644278033"><ele>376.000</ele></trkpt>
      <trkpt lat="22.2216902604" lon="113.8644414194"><ele>376.000</ele></trkpt>
      <trkpt lat="22.2217202555" lon="113.8644578629"><ele>376.000</ele></trkpt>
      <trkpt lat="22.2217476042" lon="113.8644764062"><ele>377.000</ele></trkpt>
      <trkpt lat="22.2217729980" lon="113.8644979189"><ele>377.000</ele></trkpt>
      <trkpt lat="22.2217969964" lon="113.8645226354"><ele>378.000</ele></trkpt>
      <trkpt lat="22.2218089722" lon="113.8645335912"><ele>378.000</ele></trkpt>
      <trkpt lat="22.2218217918" lon="113.8645433842"><ele>378.000</ele></trkpt>
      <trkpt lat="22.2218572040" lon="113.8645666894"><ele>380.000</ele></trkpt>
      <trkpt lat="22.2219986597" lon="113.8646873011"><ele>382.000</ele></trkpt>
      <trkpt lat="22.2220563639" lon="113.8647365026"><ele>382.000</ele></trkpt>
      <trkpt lat="22.2220617699" lon="113.8647484167"><ele>382.000</ele></trkpt>
      <trkpt lat="22.2220674174" lon="113.8647638326"><ele>382.000</ele></trkpt>
      <trkpt lat="22.2220806509" lon="113.8648151652"><ele>382.000</ele></trkpt>
      <trkpt lat="22.2221014573" lon="113.8648772830"><ele>380.000</ele></trkpt>
      <trkpt lat="22.2221070812" lon="113.8648978144"><ele>379.000</ele></trkpt>
      <trkpt lat="22.2221150692" lon="113.8649347970"><ele>379.000</ele></trkpt>
      <trkpt lat="22.2221221409" lon="113.8649620515"><ele>379.000</ele></trkpt>
      <trkpt lat="22.2221305312" lon="113.8649888715"><ele>379.000</ele></trkpt>
      <trkpt lat="22.2221380714" lon="113.8650094064"><ele>380.000</ele></trkpt>
      <trkpt lat="22.2221449599" lon="113.8650211795"><ele>378.000</ele></trkpt>
      <trkpt lat="22.2221533605" lon="113.8650303131"><ele>378.000</ele></trkpt>
      <trkpt lat="22.2221624651" lon="113.8650368700"><ele>378.000</ele></trkpt>
      <trkpt lat="22.2221817042" lon="113.8650464538"><ele>380.000</ele></trkpt>
      <trkpt lat="22.2221884686" lon="113.8650518801"><ele>380.000</ele></trkpt>
      <trkpt lat="22.2221937516" lon="113.8650576055"><ele>378.000</ele></trkpt>
      <trkpt lat="22.2221982414" lon="113.8650640669"><ele>378.000</ele></trkpt>
      <trkpt lat="22.2222022356" lon="113.8650720550"><ele>378.000</ele></trkpt>
      <trkpt lat="22.2222073943" lon="113.8650906611"><ele>380.000</ele></trkpt>
      <trkpt lat="22.2222111964" lon="113.8650997263"><ele>380.000</ele></trkpt>
      <trkpt lat="22.2222170949" lon="113.8651085269"><ele>380.000</ele></trkpt>
      <trkpt lat="22.2222245690" lon="113.8651158167"><ele>380.000</ele></trkpt>
      <trkpt lat="22.2222325257" lon="113.8651208980"><ele>380.000</ele></trkpt>
      <trkpt lat="22.2222412394" lon="113.8651242560"><ele>378.000</ele></trkpt>
      <trkpt lat="22.2222478695" lon="113.8651255410"><ele>378.000</ele></trkpt>
      <trkpt lat="22.2222660800" lon="113.8651271526"><ele>378.000</ele></trkpt>
      <trkpt lat="22.2222815409" lon="113.8651311882"><ele>378.000</ele></trkpt>
      <trkpt lat="22.2222930472" lon="113.8651360957"><ele>378.000</ele></trkpt>
      <trkpt lat="22.2223085812" lon="113.8651448159"><ele>378.000</ele></trkpt>
      <trkpt lat="22.2223179577" lon="113.8651481317"><ele>378.000</ele></trkpt>
      <trkpt lat="22.2224308381" lon="113.8651456078"><ele>378.000</ele></trkpt>
      <trkpt lat="22.2224414100" lon="113.8651430898"><ele>378.000</ele></trkpt>
      <trkpt lat="22.2224521996" lon="113.8651421009"><ele>378.000</ele></trkpt>
      <trkpt lat="22.2224657022" lon="113.8651430371"><ele>377.000</ele></trkpt>
      <trkpt lat="22.2224788734" lon="113.8651463610"><ele>377.000</ele></trkpt>
      <trkpt lat="22.2224937322" lon="113.8651533678"><ele>377.000</ele></trkpt>
      <trkpt lat="22.2225070038" lon="113.8651633985"><ele>376.000</ele></trkpt>
      <trkpt lat="22.2226262338" lon="113.8652811926"><ele>377.000</ele></trkpt>
      <trkpt lat="22.2226297808" lon="113.8652833913"><ele>377.000</ele></trkpt>
      <trkpt lat="22.2226397556" lon="113.8652879260"><ele>377.000</ele></trkpt>
      <trkpt lat="22.2226527458" lon="113.8652920156"><ele>376.000</ele></trkpt>
      <trkpt lat="22.2226634220" lon="113.8652939822"><ele>376.000</ele></trkpt>
      <trkpt lat="22.2226769387" lon="113.8652947749"><ele>376.000</ele></trkpt>
      <trkpt lat="22.2226904981" lon="113.8652933114"><ele>376.000</ele></trkpt>
      <trkpt lat="22.2227208726" lon="113.8652815791"><ele>376.000</ele></trkpt>
      <trkpt lat="22.2227415982" lon="113.8652751648"><ele>374.000</ele></trkpt>
      <trkpt lat="22.2227694243" lon="113.8652700180"><ele>374.000</ele></trkpt>
      <trkpt lat="22.2227881867" lon="113.8652683365"><ele>374.000</ele></trkpt>
      <trkpt lat="22.2228070131" lon="113.8652680660"><ele>374.000</ele></trkpt>
      <trkpt lat="22.2228313284" lon="113.8652658891"><ele>374.000</ele></trkpt>
      <trkpt lat="22.2228496245" lon="113.8652654559"><ele>374.000</ele></trkpt>
      <trkpt lat="22.2229242759" lon="113.8652682638"><ele>372.000</ele></trkpt>
      <trkpt lat="22.2230008311" lon="113.8652668997"><ele>372.000</ele></trkpt>
      <trkpt lat="22.2230315981" lon="113.8652676950"><ele>372.000</ele></trkpt>
      <trkpt lat="22.2230724805" lon="113.8652714446"><ele>372.000</ele></trkpt>
      <trkpt lat="22.2231329282" lon="113.8652815729"><ele>370.000</ele></trkpt>
      <trkpt lat="22.2231730090" lon="113.8652859731"><ele>370.000</ele></trkpt>
      <trkpt lat="22.2232132774" lon="113.8652873594"><ele>370.000</ele></trkpt>
      <trkpt lat="22.2232696585" lon="113.8652851825"><ele>368.000</ele></trkpt>
      <trkpt lat="22.2232958078" lon="113.8652834594"><ele>368.000</ele></trkpt>
      <trkpt lat="22.2233480034" lon="113.8652785440"><ele>368.000</ele></trkpt>
      <trkpt lat="22.2234000074" lon="113.8652716736"><ele>368.000</ele></trkpt>
      <trkpt lat="22.2234259173" lon="113.8652675077"><ele>368.000</ele></trkpt>
      <trkpt lat="22.2234775148" lon="113.8652577226"><ele>366.000</ele></trkpt>
      <trkpt lat="22.2235031861" lon="113.8652521063"><ele>366.000</ele></trkpt>
      <trkpt lat="22.2235287627" lon="113.8652460091"><ele>366.000</ele></trkpt>
      <trkpt lat="22.2235795987" lon="113.8652323809"><ele>365.000</ele></trkpt>
      <trkpt lat="22.2236311967" lon="113.8652251922"><ele>365.000</ele></trkpt>
      <trkpt lat="22.2236551989" lon="113.8652250655"><ele>364.000</ele></trkpt>
      <trkpt lat="22.2236789849" lon="113.8652285289"><ele>364.000</ele></trkpt>
      <trkpt lat="22.2237020895" lon="113.8652355147"><ele>364.000</ele></trkpt>
      <trkpt lat="22.2237258440" lon="113.8652465388"><ele>363.000</ele></trkpt>
      <trkpt lat="22.2237365881" lon="113.8652505063"><ele>363.000</ele></trkpt>
      <trkpt lat="22.2237509217" lon="113.8652534911"><ele>363.000</ele></trkpt>
      <trkpt lat="22.2237655144" lon="113.8652540301"><ele>363.000</ele></trkpt>
      <trkpt lat="22.2237752077" lon="113.8652530213"><ele>362.000</ele></trkpt>
      <trkpt lat="22.2237847509" lon="113.8652509295"><ele>362.000</ele></trkpt>
      <trkpt lat="22.2238257563" lon="113.8652359117"><ele>362.000</ele></trkpt>
      <trkpt lat="22.2238385709" lon="113.8652322403"><ele>362.000</ele></trkpt>
      <trkpt lat="22.2238515933" lon="113.8652295394"><ele>362.000</ele></trkpt>
      <trkpt lat="22.2238647593" lon="113.8652278197"><ele>362.000</ele></trkpt>
      <trkpt lat="22.2238780058" lon="113.8652270921"><ele>362.000</ele></trkpt>
      <trkpt lat="22.2239318526" lon="113.8652299140"><ele>360.000</ele></trkpt>
      <trkpt lat="22.2239482910" lon="113.8652294587"><ele>360.000</ele></trkpt>
      <trkpt lat="22.2239701321" lon="113.8652274143"><ele>360.000</ele></trkpt>
      <trkpt lat="22.2240025123" lon="113.8652212933"><ele>360.000</ele></trkpt>
      <trkpt lat="22.2240447793" lon="113.8652086549"><ele>358.000</ele></trkpt>
      <trkpt lat="22.2240688379" lon="113.8652026037"><ele>358.000</ele></trkpt>
      <trkpt lat="22.2241094837" lon="113.8651955507"><ele>358.000</ele></trkpt>
      <trkpt lat="22.2241340921" lon="113.8651931569"><ele>358.000</ele></trkpt>
      <trkpt lat="22.2241670202" lon="113.8651921229"><ele>358.000</ele></trkpt>
      <trkpt lat="22.2241917160" lon="113.8651929684"><ele>358.000</ele></trkpt>
      <trkpt lat="22.2242523451" lon="113.8651974009"><ele>358.000</ele></trkpt>
      <trkpt lat="22.2242743445" lon="113.8652001903"><ele>358.000</ele></trkpt>
      <trkpt lat="22.2242967685" lon="113.8652045181"><ele>358.000</ele></trkpt>
      <trkpt lat="22.2243133724" lon="113.8652088606"><ele>358.000</ele></trkpt>
      <trkpt lat="22.2243325611" lon="113.8652152566"><ele>358.000</ele></trkpt>
      <trkpt lat="22.2243414918" lon="113.8652201205"><ele>358.000</ele></trkpt>
      <trkpt lat="22.2243502408" lon="113.8652273019"><ele>358.000</ele></trkpt>
      <trkpt lat="22.2243569541" lon="113.8652352813"><ele>358.000</ele></trkpt>
      <trkpt lat="22.2243627241" lon="113.8652453538"><ele>358.000</ele></trkpt>
      <trkpt lat="22.2243657393" lon="113.8652533297"><ele>358.000</ele></trkpt>
      <trkpt lat="22.2243676906" lon="113.8652616785"><ele>358.000</ele></trkpt>
      <trkpt lat="22.2243688459" lon="113.8652712695"><ele>358.000</ele></trkpt>
      <trkpt lat="22.2243690038" lon="113.8652825494"><ele>360.000</ele></trkpt>
      <trkpt lat="22.2243670116" lon="113.8652985121"><ele>360.000</ele></trkpt>
      <trkpt lat="22.2243586293" lon="113.8653286722"><ele>360.000</ele></trkpt>
      <trkpt lat="22.2243543811" lon="113.8653554371"><ele>360.000</ele></trkpt>
      <trkpt lat="22.2243535069" lon="113.8653723896"><ele>360.000</ele></trkpt>
      <trkpt lat="22.2243540622" lon="113.8654035086"><ele>362.000</ele></trkpt>
      <trkpt lat="22.2243536118" lon="113.8654366434"><ele>362.000</ele></trkpt>
      <trkpt lat="22.2243559995" lon="113.8654484538"><ele>362.000</ele></trkpt>
      <trkpt lat="22.2243611522" lon="113.8654591961"><ele>363.000</ele></trkpt>
      <trkpt lat="22.2243692978" lon="113.8654686572"><ele>363.000</ele></trkpt>
      <trkpt lat="22.2243788680" lon="113.8654750124"><ele>364.000</ele></trkpt>
      <trkpt lat="22.2244002096" lon="113.8655007471"><ele>364.000</ele></trkpt>
      <trkpt lat="22.2244169807" lon="113.8655235917"><ele>366.000</ele></trkpt>
      <trkpt lat="22.2244338227" lon="113.8655499900"><ele>366.000</ele></trkpt>
      <trkpt lat="22.2244476052" lon="113.8655750362"><ele>366.000</ele></trkpt>
      <trkpt lat="22.2244610153" lon="113.8656036128"><ele>366.000</ele></trkpt>
      <trkpt lat="22.2244715610" lon="113.8656304101"><ele>366.000</ele></trkpt>
      <trkpt lat="22.2244743834" lon="113.8656532477"><ele>366.000</ele></trkpt>
      <trkpt lat="22.2244761408" lon="113.8656617647"><ele>366.000</ele></trkpt>
      <trkpt lat="22.2244810558" lon="113.8656752989"><ele>368.000</ele></trkpt>
      <trkpt lat="22.2244866684" lon="113.8656852419"><ele>368.000</ele></trkpt>
      <trkpt lat="22.2244936327" lon="113.8656941441"><ele>368.000</ele></trkpt>
      <trkpt lat="22.2244996456" lon="113.8657000106"><ele>368.000</ele></trkpt>
      <trkpt lat="22.2245276363" lon="113.8657190759"><ele>368.000</ele></trkpt>
      <trkpt lat="22.2245466004" lon="113.8657355113"><ele>368.000</ele></trkpt>
      <trkpt lat="22.2245581641" lon="113.8657477748"><ele>368.000</ele></trkpt>
      <trkpt lat="22.2245700238" lon="113.8657623306"><ele>368.000</ele></trkpt>
      <trkpt lat="22.2245753614" lon="113.8657725118"><ele>368.000</ele></trkpt>
      <trkpt lat="22.2245804947" lon="113.8657830805"><ele>368.000</ele></trkpt>
      <trkpt lat="22.2245833069" lon="113.8657901820"><ele>368.000</ele></trkpt>
      <trkpt lat="22.2245859239" lon="113.8657967902"><ele>368.000</ele></trkpt>
      <trkpt lat="22.2245922403" lon="113.8658196298"><ele>370.000</ele></trkpt>
      <trkpt lat="22.2245955336" lon="113.8658431919"><ele>370.000</ele></trkpt>
      <trkpt lat="22.2245967700" lon="113.8658758468"><ele>370.000</ele></trkpt>
      <trkpt lat="22.2245997196" lon="113.8658924698"><ele>370.000</ele></trkpt>
      <trkpt lat="22.2246055741" lon="113.8659104346"><ele>372.000</ele></trkpt>
      <trkpt lat="22.2246139739" lon="113.8659271930"><ele>372.000</ele></trkpt>
      <trkpt lat="22.2246234115" lon="113.8659407435"><ele>372.000</ele></trkpt>
      <trkpt lat="22.2246439743" lon="113.8659635004"><ele>372.000</ele></trkpt>
      <trkpt lat="22.2246669421" lon="113.8659924866"><ele>372.000</ele></trkpt>
      <trkpt lat="22.2246884647" lon="113.8660227244"><ele>374.000</ele></trkpt>
      <trkpt lat="22.2247084851" lon="113.8660541313"><ele>374.000</ele></trkpt>
      <trkpt lat="22.2247269435" lon="113.8660805107"><ele>374.000</ele></trkpt>
      <trkpt lat="22.2247651333" lon="113.8661322113"><ele>374.000</ele></trkpt>
      <trkpt lat="22.2247848530" lon="113.8661575161"><ele>376.000</ele></trkpt>
      <trkpt lat="22.2247874129" lon="113.8661649770"><ele>376.000</ele></trkpt>
      <trkpt lat="22.2247968028" lon="113.8661923434"><ele>376.000</ele></trkpt>
      <trkpt lat="22.2248011855" lon="113.8662060971"><ele>376.000</ele></trkpt>
      <trkpt lat="22.2248036980" lon="113.8662203806"><ele>376.000</ele></trkpt>
      <trkpt lat="22.2248042901" lon="113.8662349031"><ele>376.000</ele></trkpt>
      <trkpt lat="22.2248029487" lon="113.8662493688"><ele>375.000</ele></trkpt>
      <trkpt lat="22.2247997029" lon="113.8662634807"><ele>375.000</ele></trkpt>
      <trkpt lat="22.2247973843" lon="113.8662703141"><ele>375.000</ele></trkpt>
      <trkpt lat="22.2247946173" lon="113.8662769517"><ele>375.000</ele></trkpt>
      <trkpt lat="22.2247876528" lon="113.8662906179"><ele>375.000</ele></trkpt>
      <trkpt lat="22.2247655482" lon="113.8663273310"><ele>374.000</ele></trkpt>
      <trkpt lat="22.2247478833" lon="113.8663584485"><ele>374.000</ele></trkpt>
      <trkpt lat="22.2247233102" lon="113.8664063213"><ele>374.000</ele></trkpt>
      <trkpt lat="22.2247050106" lon="113.8664455838"><ele>374.000</ele></trkpt>
      <trkpt lat="22.2246989297" lon="113.8664561665"><ele>374.000</ele></trkpt>
      <trkpt lat="22.2246920123" lon="113.8664661391"><ele>374.000</ele></trkpt>
      <trkpt lat="22.2246843125" lon="113.8664754257"><ele>374.000</ele></trkpt>
      <trkpt lat="22.2246758878" lon="113.8664839563"><ele>374.000</ele></trkpt>
      <trkpt lat="22.2246668024" lon="113.8664916650"><ele>374.000</ele></trkpt>
      <trkpt lat="22.2246571256" lon="113.8664984933"><ele>374.000</ele></trkpt>
      <trkpt lat="22.2246384566" lon="113.8665084063"><ele>374.000</ele></trkpt>
      <trkpt lat="22.2246151083" lon="113.8665166498"><ele>374.000</ele></trkpt>
      <trkpt lat="22.2246035502" lon="113.8665219187"><ele>374.000</ele></trkpt>
      <trkpt lat="22.2245890569" lon="113.8665309059"><ele>374.000</ele></trkpt>
      <trkpt lat="22.2245758690" lon="113.8665419728"><ele>374.000</ele></trkpt>
      <trkpt lat="22.2245684058" lon="113.8665498515"><ele>374.000</ele></trkpt>
      <trkpt lat="22.2245616103" lon="113.8665583989"><ele>374.000</ele></trkpt>
      <trkpt lat="22.2245512238" lon="113.8665752598"><ele>374.000</ele></trkpt>
      <trkpt lat="22.2245406480" lon="113.8666003355"><ele>374.000</ele></trkpt>
      <trkpt lat="22.2245391096" lon="113.8666067064"><ele>374.000</ele></trkpt>
      <trkpt lat="22.2245385122" lon="113.8666139900"><ele>374.000</ele></trkpt>
      <trkpt lat="22.2245392255" lon="113.8666219933"><ele>374.000</ele></trkpt>
      <trkpt lat="22.2245410983" lon="113.8666290231"><ele>374.000</ele></trkpt>
      <trkpt lat="22.2245455294" lon="113.8666388630"><ele>374.000</ele></trkpt>
      <trkpt lat="22.2245503157" lon="113.8666469796"><ele>374.000</ele></trkpt>
      <trkpt lat="22.2245599620" lon="113.8666591727"><ele>374.000</ele></trkpt>
      <trkpt lat="22.2245770261" lon="113.8666742700"><ele>374.000</ele></trkpt>
      <trkpt lat="22.2245851844" lon="113.8666842249"><ele>374.000</ele></trkpt>
      <trkpt lat="22.2245908197" lon="113.8666947712"><ele>374.000</ele></trkpt>
      <trkpt lat="22.2246016414" lon="113.8667224157"><ele>374.000</ele></trkpt>
      <trkpt lat="22.2246088307" lon="113.8667342612"><ele>376.000</ele></trkpt>
      <trkpt lat="22.2246190177" lon="113.8667449750"><ele>376.000</ele></trkpt>
      <trkpt lat="22.2246308518" lon="113.8667527531"><ele>376.000</ele></trkpt>
      <trkpt lat="22.2246446109" lon="113.8667575056"><ele>376.000</ele></trkpt>
      <trkpt lat="22.2246517912" lon="113.8667584975"><ele>376.000</ele></trkpt>
      <trkpt lat="22.2246600641" lon="113.8667584697"><ele>376.000</ele></trkpt>
      <trkpt lat="22.2246682524" lon="113.8667572053"><ele>376.000</ele></trkpt>
      <trkpt lat="22.2246947165" lon="113.8667505108"><ele>377.000</ele></trkpt>
      <trkpt lat="22.2247227244" lon="113.8667454929"><ele>377.000</ele></trkpt>
      <trkpt lat="22.2247509384" lon="113.8667420555"><ele>377.000</ele></trkpt>
      <trkpt lat="22.2247885099" lon="113.8667399505"><ele>377.000</ele></trkpt>
      <trkpt lat="22.2248113780" lon="113.8667503300"><ele>376.000</ele></trkpt>
      <trkpt lat="22.2248310058" lon="113.8667559357"><ele>376.000</ele></trkpt>
      <trkpt lat="22.2248372109" lon="113.8667588319"><ele>376.000</ele></trkpt>
      <trkpt lat="22.2248428986" lon="113.8667627651"><ele>376.000</ele></trkpt>
      <trkpt lat="22.2248479217" lon="113.8667676338"><ele>376.000</ele></trkpt>
      <trkpt lat="22.2248521471" lon="113.8667733093"><ele>376.000</ele></trkpt>
      <trkpt lat="22.2248686676" lon="113.8668050460"><ele>376.000</ele></trkpt>
      <trkpt lat="22.2248806369" lon="113.8668226454"><ele>376.000</ele></trkpt>
      <trkpt lat="22.2248953178" lon="113.8668376917"><ele>378.000</ele></trkpt>
      <trkpt lat="22.2249170360" lon="113.8668550446"><ele>377.000</ele></trkpt>
      <trkpt lat="22.2249267289" lon="113.8668651970"><ele>377.000</ele></trkpt>
      <trkpt lat="22.2249353546" lon="113.8668764060"><ele>378.000</ele></trkpt>
      <trkpt lat="22.2249428118" lon="113.8668885438"><ele>378.000</ele></trkpt>
      <trkpt lat="22.2249546637" lon="113.8669146818"><ele>376.000</ele></trkpt>
      <trkpt lat="22.2249651756" lon="113.8669333426"><ele>378.000</ele></trkpt>
      <trkpt lat="22.2249776580" lon="113.8669505470"><ele>378.000</ele></trkpt>
      <trkpt lat="22.2249913916" lon="113.8669666148"><ele>378.000</ele></trkpt>
      <trkpt lat="22.2249992202" lon="113.8669784774"><ele>378.000</ele></trkpt>
      <trkpt lat="22.2250083150" lon="113.8669979590"><ele>378.000</ele></trkpt>
      <trkpt lat="22.2250158510" lon="113.8670258833"><ele>378.000</ele></trkpt>
      <trkpt lat="22.2250198128" lon="113.8670472840"><ele>378.000</ele></trkpt>
      <trkpt lat="22.2250273443" lon="113.8670975499"><ele>379.000</ele></trkpt>
      <trkpt lat="22.2250393077" lon="113.8671543047"><ele>378.000</ele></trkpt>
      <trkpt lat="22.2250503369" lon="113.8672112729"><ele>378.000</ele></trkpt>
      <trkpt lat="22.2250585858" lon="113.8672389746"><ele>378.000</ele></trkpt>
      <trkpt lat="22.2250692404" lon="113.8672657224"><ele>380.000</ele></trkpt>
      <trkpt lat="22.2250872036" lon="113.8673048665"><ele>378.000</ele></trkpt>
      <trkpt lat="22.2250915795" lon="113.8673104078"><ele>378.000</ele></trkpt>
      <trkpt lat="22.2250967458" lon="113.8673150997"><ele>378.000</ele></trkpt>
      <trkpt lat="22.2251025596" lon="113.8673188144"><ele>378.000</ele></trkpt>
      <trkpt lat="22.2251088644" lon="113.8673214504"><ele>378.000</ele></trkpt>
      <trkpt lat="22.2251154866" lon="113.8673229364"><ele>378.000</ele></trkpt>
      <trkpt lat="22.2251279092" lon="113.8673286773"><ele>378.000</ele></trkpt>
      <trkpt lat="22.2251390488" lon="113.8673369148"><ele>380.000</ele></trkpt>
      <trkpt lat="22.2251484749" lon="113.8673473306"><ele>380.000</ele></trkpt>
      <trkpt lat="22.2251540717" lon="113.8673514105"><ele>380.000</ele></trkpt>
      <trkpt lat="22.2251602398" lon="113.8673543931"><ele>380.000</ele></trkpt>
      <trkpt lat="22.2251667949" lon="113.8673561877"><ele>380.000</ele></trkpt>
      <trkpt lat="22.2251735400" lon="113.8673567412"><ele>380.000</ele></trkpt>
      <trkpt lat="22.2251802719" lon="113.8673560359"><ele>380.000</ele></trkpt>
      <trkpt lat="22.2251867910" lon="113.8673540943"><ele>380.000</ele></trkpt>
      <trkpt lat="22.2252180710" lon="113.8673402157"><ele>380.000</ele></trkpt>
      <trkpt lat="22.2252235363" lon="113.8673359389"><ele>381.000</ele></trkpt>
      <trkpt lat="22.2252281028" lon="113.8673305835"><ele>381.000</ele></trkpt>
      <trkpt lat="22.2252315904" lon="113.8673243615"><ele>381.000</ele></trkpt>
      <trkpt lat="22.2252338612" lon="113.8673175204"><ele>381.000</ele></trkpt>
      <trkpt lat="22.2252348237" lon="113.8673103320"><ele>380.000</ele></trkpt>
      <trkpt lat="22.2252344406" lon="113.8673030816"><ele>380.000</ele></trkpt>
      <trkpt lat="22.2252368561" lon="113.8672963256"><ele>380.000</ele></trkpt>
      <trkpt lat="22.2252413068" lon="113.8672908929"><ele>380.000</ele></trkpt>
      <trkpt lat="22.2252472370" lon="113.8672874589"><ele>380.000</ele></trkpt>
      <trkpt lat="22.2252539087" lon="113.8672864520"><ele>380.000</ele></trkpt>
      <trkpt lat="22.2252604914" lon="113.8672879972"><ele>380.000</ele></trkpt>
      <trkpt lat="22.2252661637" lon="113.8672919023"><ele>380.000</ele></trkpt>
      <trkpt lat="22.2252702195" lon="113.8672976801"><ele>380.000</ele></trkpt>
      <trkpt lat="22.2252755299" lon="113.8673021903"><ele>380.000</ele></trkpt>
      <trkpt lat="22.2252872195" lon="113.8673094993"><ele>380.000</ele></trkpt>
      <trkpt lat="22.2253124234" lon="113.8673201550"><ele>381.000</ele></trkpt>
      <trkpt lat="22.2253317311" lon="113.8673269448"><ele>381.000</ele></trkpt>
      <trkpt lat="22.2253384797" lon="113.8673274247"><ele>381.000</ele></trkpt>
      <trkpt lat="22.2253451969" lon="113.8673265787"><ele>381.000</ele></trkpt>
      <trkpt lat="22.2253516596" lon="113.8673244355"><ele>381.000</ele></trkpt>
      <trkpt lat="22.2253576522" lon="113.8673210664"><ele>383.000</ele></trkpt>
      <trkpt lat="22.2253629745" lon="113.8673165843"><ele>383.000</ele></trkpt>
      <trkpt lat="22.2253674496" lon="113.8673111370"><ele>380.000</ele></trkpt>
      <trkpt lat="22.2253709281" lon="113.8673049072"><ele>380.000</ele></trkpt>
      <trkpt lat="22.2253754575" lon="113.8672995054"><ele>380.000</ele></trkpt>
      <trkpt lat="22.2253862478" lon="113.8672907755"><ele>380.000</ele></trkpt>
      <trkpt lat="22.2253987438" lon="113.8672852640"><ele>380.000</ele></trkpt>
      <trkpt lat="22.2254187955" lon="113.8672820464"><ele>382.000</ele></trkpt>
      <trkpt lat="22.2254252928" lon="113.8672800030"><ele>382.000</ele></trkpt>
      <trkpt lat="22.2254374939" lon="113.8672737473"><ele>382.000</ele></trkpt>
      <trkpt lat="22.2254430579" lon="113.8672696070"><ele>382.000</ele></trkpt>
      <trkpt lat="22.2254578052" lon="113.8672546376"><ele>381.000</ele></trkpt>
      <trkpt lat="22.2254681545" lon="113.8672452521"><ele>381.000</ele></trkpt>
      <trkpt lat="22.2254789248" lon="113.8672364311"><ele>381.000</ele></trkpt>
      <trkpt lat="22.2255013356" lon="113.8672200956"><ele>381.000</ele></trkpt>
      <trkpt lat="22.2255119248" lon="113.8672110277"><ele>378.000</ele></trkpt>
      <trkpt lat="22.2255218541" lon="113.8672011358"><ele>378.000</ele></trkpt>
      <trkpt lat="22.2255353898" lon="113.8671848751"><ele>380.000</ele></trkpt>
      <trkpt lat="22.2255510932" lon="113.8671611780"><ele>377.000</ele></trkpt>
      <trkpt lat="22.2255595477" lon="113.8671498150"><ele>377.000</ele></trkpt>
      <trkpt lat="22.2255687187" lon="113.8671391110"><ele>377.000</ele></trkpt>
      <trkpt lat="22.2255785620" lon="113.8671291203"><ele>377.000</ele></trkpt>
      <trkpt lat="22.2255943855" lon="113.8671154385"><ele>374.000</ele></trkpt>
      <trkpt lat="22.2256108565" lon="113.8671026632"><ele>374.000</ele></trkpt>
      <trkpt lat="22.2256337022" lon="113.8670870329"><ele>374.000</ele></trkpt>
      <trkpt lat="22.2256398598" lon="113.8670840077"><ele>374.000</ele></trkpt>
      <trkpt lat="22.2256527598" lon="113.8670796243"><ele>374.000</ele></trkpt>
      <trkpt lat="22.2256594173" lon="113.8670782944"><ele>374.000</ele></trkpt>
      <trkpt lat="22.2256729227" lon="113.8670774044"><ele>374.000</ele></trkpt>
      <trkpt lat="22.2256864247" lon="113.8670785213"><ele>374.000</ele></trkpt>
      <trkpt lat="22.2256998140" lon="113.8670807033"><ele>374.000</ele></trkpt>
      <trkpt lat="22.2257130049" lon="113.8670839944"><ele>374.000</ele></trkpt>
      <trkpt lat="22.2257449860" lon="113.8670959107"><ele>374.000</ele></trkpt>
      <trkpt lat="22.2257542973" lon="113.8670995984"><ele>374.000</ele></trkpt>
      <trkpt lat="22.2257663468" lon="113.8671062102"><ele>374.000</ele></trkpt>
      <trkpt lat="22.2257713437" lon="113.8671101827"><ele>374.000</ele></trkpt>
      <trkpt lat="22.2257937118" lon="113.8671078756"><ele>374.000</ele></trkpt>
      <trkpt lat="22.2258105521" lon="113.8671022517"><ele>372.000</ele></trkpt>
      <trkpt lat="22.2258297625" lon="113.8670892317"><ele>372.000</ele></trkpt>
      <trkpt lat="22.2258585242" lon="113.8670698376"><ele>370.000</ele></trkpt>
      <trkpt lat="22.2258914104" lon="113.8670491347"><ele>369.000</ele></trkpt>
      <trkpt lat="22.2259250976" lon="113.8670270237"><ele>368.000</ele></trkpt>
      <trkpt lat="22.2259670550" lon="113.8669944869"><ele>364.000</ele></trkpt>
      <trkpt lat="22.2259839374" lon="113.8669872044"><ele>364.000</ele></trkpt>
      <trkpt lat="22.2259996685" lon="113.8669823977"><ele>364.000</ele></trkpt>
      <trkpt lat="22.2260203433" lon="113.8669796267"><ele>364.000</ele></trkpt>
      <trkpt lat="22.2260463621" lon="113.8669804813"><ele>362.000</ele></trkpt>
      <trkpt lat="22.2260754405" lon="113.8669765968"><ele>362.000</ele></trkpt>
      <trkpt lat="22.2260765838" lon="113.8669756767"><ele>360.000</ele></trkpt>
      <trkpt lat="22.2260957879" lon="113.8669683599"><ele>360.000</ele></trkpt>
      <trkpt lat="22.2261216404" lon="113.8669663051"><ele>358.000</ele></trkpt>
      <trkpt lat="22.2261331754" lon="113.8669626230"><ele>358.000</ele></trkpt>
      <trkpt lat="22.2261366668" lon="113.8669593660"><ele>358.000</ele></trkpt>
      <trkpt lat="22.2261709331" lon="113.8669440578"><ele>358.000</ele></trkpt>
      <trkpt lat="22.2262027174" lon="113.8669374990"><ele>358.000</ele></trkpt>
      <trkpt lat="22.2262287838" lon="113.8669396629"><ele>358.000</ele></trkpt>
      <trkpt lat="22.2262548202" lon="113.8669402943"><ele>358.000</ele></trkpt>
      <trkpt lat="22.2262925221" lon="113.8668995058"><ele>356.000</ele></trkpt>
      <trkpt lat="22.2263048950" lon="113.8668962584"><ele>354.000</ele></trkpt>
      <trkpt lat="22.2263311043" lon="113.8668729018"><ele>353.000</ele></trkpt>
      <trkpt lat="22.2263448337" lon="113.8668692052"><ele>353.000</ele></trkpt>
      <trkpt lat="22.2263723354" lon="113.8668653523"><ele>351.000</ele></trkpt>
      <trkpt lat="22.2264475134" lon="113.8668379015"><ele>348.000</ele></trkpt>
      <trkpt lat="22.2264727789" lon="113.8668311242"><ele>348.000</ele></trkpt>
      <trkpt lat="22.2264914344" lon="113.8668250017"><ele>347.000</ele></trkpt>
      <trkpt lat="22.2265196403" lon="113.8668016018"><ele>346.000</ele></trkpt>
      <trkpt lat="22.2265462616" lon="113.8667869262"><ele>346.000</ele></trkpt>
      <trkpt lat="22.2265607059" lon="113.8667693326"><ele>344.000</ele></trkpt>
      <trkpt lat="22.2265696597" lon="113.8667584262"><ele>344.000</ele></trkpt>
      <trkpt lat="22.2265947552" lon="113.8667296897"><ele>343.000</ele></trkpt>
      <trkpt lat="22.2266143046" lon="113.8666908488"><ele>342.000</ele></trkpt>
      <trkpt lat="22.2266235304" lon="113.8666463662"><ele>343.000</ele></trkpt>
      <trkpt lat="22.2266407110" lon="113.8666108090"><ele>344.000</ele></trkpt>
      <trkpt lat="22.2266604096" lon="113.8665791260"><ele>344.000</ele></trkpt>
      <trkpt lat="22.2266855823" lon="113.8665388566"><ele>344.000</ele></trkpt>
      <trkpt lat="22.2266914613" lon="113.8665057393"><ele>344.000</ele></trkpt>
      <trkpt lat="22.2267060283" lon="113.8664681994"><ele>344.000</ele></trkpt>
      <trkpt lat="22.2267446811" lon="113.8664407618"><ele>343.000</ele></trkpt>
      <trkpt lat="22.2267835679" lon="113.8664129260"><ele>342.000</ele></trkpt>
      <trkpt lat="22.2268275869" lon="113.8663865532"><ele>340.000</ele></trkpt>
      <trkpt lat="22.2268670614" lon="113.8663637986"><ele>338.000</ele></trkpt>
      <trkpt lat="22.2269145824" lon="113.8663458954"><ele>338.000</ele></trkpt>
      <trkpt lat="22.2269646772" lon="113.8663280351"><ele>338.000</ele></trkpt>
      <trkpt lat="22.2270197537" lon="113.8662943439"><ele>338.000</ele></trkpt>
      <trkpt lat="22.2270765785" lon="113.8662681756"><ele>336.000</ele></trkpt>
      <trkpt lat="22.2271146638" lon="113.8662557151"><ele>336.000</ele></trkpt>
      <trkpt lat="22.2271641448" lon="113.8662380209"><ele>336.000</ele></trkpt>
      <trkpt lat="22.2272065747" lon="113.8662260262"><ele>336.000</ele></trkpt>
      <trkpt lat="22.2272650136" lon="113.8662175365"><ele>336.000</ele></trkpt>
      <trkpt lat="22.2273156355" lon="113.8662061445"><ele>334.000</ele></trkpt>
      <trkpt lat="22.2273688249" lon="113.8662199267"><ele>334.000</ele></trkpt>
      <trkpt lat="22.2274196741" lon="113.8662330157"><ele>334.000</ele></trkpt>
      <trkpt lat="22.2274472676" lon="113.8662294680"><ele>332.000</ele></trkpt>
      <trkpt lat="22.2275365654" lon="113.8661805777"><ele>330.000</ele></trkpt>
      <trkpt lat="22.2276280915" lon="113.8661352034"><ele>324.000</ele></trkpt>
      <trkpt lat="22.2277096651" lon="113.8660852049"><ele>320.000</ele></trkpt>
      <trkpt lat="22.2277524265" lon="113.8660652159"><ele>318.000</ele></trkpt>
      <trkpt lat="22.2278258471" lon="113.8660259639"><ele>316.000</ele></trkpt>
      <trkpt lat="22.2278696388" lon="113.8660040231"><ele>314.000</ele></trkpt>
      <trkpt lat="22.2279091532" lon="113.8659842255"><ele>313.000</ele></trkpt>
      <trkpt lat="22.2279748617" lon="113.8659450583"><ele>312.000</ele></trkpt>
      <trkpt lat="22.2280598001" lon="113.8659021231"><ele>310.000</ele></trkpt>
      <trkpt lat="22.2281053148" lon="113.8658820989"><ele>310.000</ele></trkpt>
      <trkpt lat="22.2281551357" lon="113.8658513859"><ele>309.000</ele></trkpt>
      <trkpt lat="22.2281945787" lon="113.8658296582"><ele>308.000</ele></trkpt>
      <trkpt lat="22.2282312447" lon="113.8658055893"><ele>308.000</ele></trkpt>
      <trkpt lat="22.2282679662" lon="113.8657868453"><ele>306.000</ele></trkpt>
      <trkpt lat="22.2282948526" lon="113.8657776781"><ele>306.000</ele></trkpt>
      <trkpt lat="22.2283223316" lon="113.8657714583"><ele>306.000</ele></trkpt>
      <trkpt lat="22.2283542198" lon="113.8657663732"><ele>305.000</ele></trkpt>
      <trkpt lat="22.2284152089" lon="113.8657526884"><ele>302.000</ele></trkpt>
      <trkpt lat="22.2284465710" lon="113.8657511652"><ele>302.000</ele></trkpt>
      <trkpt lat="22.2284763224" lon="113.8657526030"><ele>300.000</ele></trkpt>
      <trkpt lat="22.2285066278" lon="113.8657552336"><ele>302.000</ele></trkpt>
      <trkpt lat="22.2285649757" lon="113.8657540001"><ele>300.000</ele></trkpt>
      <trkpt lat="22.2285876752" lon="113.8657507879"><ele>298.000</ele></trkpt>
      <trkpt lat="22.2286042001" lon="113.8657549126"><ele>299.000</ele></trkpt>
      <trkpt lat="22.2286383230" lon="113.8657661878"><ele>299.000</ele></trkpt>
      <trkpt lat="22.2286718939" lon="113.8657816050"><ele>298.000</ele></trkpt>
      <trkpt lat="22.2287016020" lon="113.8657981956"><ele>296.000</ele></trkpt>
      <trkpt lat="22.2287258003" lon="113.8658189208"><ele>296.000</ele></trkpt>
      <trkpt lat="22.2287521953" lon="113.8658455675"><ele>296.000</ele></trkpt>
      <trkpt lat="22.2287730852" lon="113.8658745640"><ele>296.000</ele></trkpt>
      <trkpt lat="22.2287895794" lon="113.8658952868"><ele>296.000</ele></trkpt>
      <trkpt lat="22.2288088134" lon="113.8659225119"><ele>294.000</ele></trkpt>
      <trkpt lat="22.2288307847" lon="113.8659645249"><ele>292.000</ele></trkpt>
      <trkpt lat="22.2288450440" lon="113.8660112679"><ele>292.000</ele></trkpt>
      <trkpt lat="22.2288615159" lon="113.8660491406"><ele>291.000</ele></trkpt>
      <trkpt lat="22.2288823909" lon="113.8660887884"><ele>290.000</ele></trkpt>
      <trkpt lat="22.2288856747" lon="113.8661059408"><ele>290.000</ele></trkpt>
      <trkpt lat="22.2288872836" lon="113.8661402477"><ele>288.000</ele></trkpt>
      <trkpt lat="22.2288916553" lon="113.8661686405"><ele>288.000</ele></trkpt>
      <trkpt lat="22.2289037112" lon="113.8662159704"><ele>286.000</ele></trkpt>
      <trkpt lat="22.2289064408" lon="113.8662360834"><ele>286.000</ele></trkpt>
      <trkpt lat="22.2289058719" lon="113.8662502761"><ele>286.000</ele></trkpt>
      <trkpt lat="22.2288997651" lon="113.8662922628"><ele>286.000</ele></trkpt>
      <trkpt lat="22.2288991872" lon="113.8663206471"><ele>286.000</ele></trkpt>
      <trkpt lat="22.2288919776" lon="113.8663620435"><ele>286.000</ele></trkpt>
      <trkpt lat="22.2288919462" lon="113.8663839278"><ele>286.000</ele></trkpt>
      <trkpt lat="22.2288990678" lon="113.8664194244"><ele>286.000</ele></trkpt>
      <trkpt lat="22.2289226543" lon="113.8664892350"><ele>284.000</ele></trkpt>
      <trkpt lat="22.2289319875" lon="113.8665152696"><ele>284.000</ele></trkpt>
      <trkpt lat="22.2289556113" lon="113.8665525544"><ele>284.000</ele></trkpt>
      <trkpt lat="22.2289820028" lon="113.8665868834"><ele>280.000</ele></trkpt>
      <trkpt lat="22.2290254167" lon="113.8666490353"><ele>278.000</ele></trkpt>
      <trkpt lat="22.2290551204" lon="113.8666780524"><ele>278.000</ele></trkpt>
      <trkpt lat="22.2290743551" lon="113.8667052777"><ele>276.000</ele></trkpt>
      <trkpt lat="22.2290908415" lon="113.8667319077"><ele>277.000</ele></trkpt>
      <trkpt lat="22.2291007287" lon="113.8667496576"><ele>275.000</ele></trkpt>
      <trkpt lat="22.2291077814" lon="113.8667538178"><ele>275.000</ele></trkpt>
      <trkpt lat="22.2290833463" lon="113.8667656139"><ele>277.000</ele></trkpt>
      <trkpt lat="22.2290765036" lon="113.8667693070"><ele>277.000</ele></trkpt>
      <trkpt lat="22.2290610950" lon="113.8667822346"><ele>277.000</ele></trkpt>
      <trkpt lat="22.2290456916" lon="113.8667979237"><ele>278.000</ele></trkpt>
      <trkpt lat="22.2290234479" lon="113.8668237591"><ele>280.000</ele></trkpt>
      <trkpt lat="22.2290071980" lon="113.8668449759"><ele>281.000</ele></trkpt>
      <trkpt lat="22.2289926950" lon="113.8668711037"><ele>284.000</ele></trkpt>
      <trkpt lat="22.2289781526" lon="113.8669012161"><ele>284.000</ele></trkpt>
      <trkpt lat="22.2289696088" lon="113.8669168911"><ele>284.000</ele></trkpt>
      <trkpt lat="22.2289516511" lon="113.8669417956"><ele>287.000</ele></trkpt>
      <trkpt lat="22.2289413967" lon="113.8669602367"><ele>287.000</ele></trkpt>
      <trkpt lat="22.2289320020" lon="113.8669795965"><ele>286.000</ele></trkpt>
      <trkpt lat="22.2289251819" lon="113.8669998720"><ele>286.000</ele></trkpt>
      <trkpt lat="22.2289075129" lon="113.8670374795"><ele>286.000</ele></trkpt>
      <trkpt lat="22.2288712082" lon="113.8670996193"><ele>282.000</ele></trkpt>
      <trkpt lat="22.2288462359" lon="113.8671394717"><ele>280.000</ele></trkpt>
      <trkpt lat="22.2288072369" lon="113.8671981305"><ele>283.000</ele></trkpt>
      <trkpt lat="22.2287901168" lon="113.8672129028"><ele>281.000</ele></trkpt>
      <trkpt lat="22.2287628733" lon="113.8672119490"><ele>283.000</ele></trkpt>
      <trkpt lat="22.2286909241" lon="113.8673673007"><ele>282.000</ele></trkpt>
      <trkpt lat="22.2287183110" lon="113.8675224344"><ele>278.000</ele></trkpt>
      <trkpt lat="22.2286282635" lon="113.8676584264"><ele>278.000</ele></trkpt>
      <trkpt lat="22.2287278209" lon="113.8677746035"><ele>280.000</ele></trkpt>
      <trkpt lat="22.2288878187" lon="113.8678646041"><ele>290.000</ele></trkpt>
      <trkpt lat="22.2288995858" lon="113.8678712232"><ele>290.000</ele></trkpt>
      <trkpt lat="22.2290439642" lon="113.8678127090"><ele>292.000</ele></trkpt>
      <trkpt lat="22.2291673057" lon="113.8679544209"><ele>300.000</ele></trkpt>
      <trkpt lat="22.2292883235" lon="113.8680934634"><ele>301.000</ele></trkpt>
      <trkpt lat="22.2293505786" lon="113.8682755675"><ele>302.000</ele></trkpt>
      <trkpt lat="22.2293847946" lon="113.8683756538"><ele>294.000</ele></trkpt>
      <trkpt lat="22.2294714306" lon="113.8683957249"><ele>292.000</ele></trkpt>
      <trkpt lat="22.2295082971" lon="113.8683947228"><ele>292.000</ele></trkpt>
      <trkpt lat="22.2295854492" lon="113.8683871871"><ele>292.000</ele></trkpt>
      <trkpt lat="22.2296180149" lon="113.8683788275"><ele>291.000</ele></trkpt>
      <trkpt lat="22.2296505718" lon="113.8683658625"><ele>290.000</ele></trkpt>
      <trkpt lat="22.2297166875" lon="113.8683306351"><ele>290.000</ele></trkpt>
      <trkpt lat="22.2297584970" lon="113.8683085292"><ele>288.000</ele></trkpt>
      <trkpt lat="22.2297721952" lon="113.8682983689"><ele>288.000</ele></trkpt>
      <trkpt lat="22.2297807540" lon="113.8682900618"><ele>288.000</ele></trkpt>
      <trkpt lat="22.2297918672" lon="113.8682725392"><ele>288.000</ele></trkpt>
      <trkpt lat="22.2298037955" lon="113.8682452638"><ele>287.000</ele></trkpt>
      <trkpt lat="22.2298149175" lon="113.8682199960"><ele>288.000</ele></trkpt>
      <trkpt lat="22.2298157500" lon="113.8682071014"><ele>288.000</ele></trkpt>
      <trkpt lat="22.2298157169" lon="113.8681896265"><ele>288.000</ele></trkpt>
      <trkpt lat="22.2298116793" lon="113.8681548949"><ele>287.000</ele></trkpt>
      <trkpt lat="22.2298088197" lon="113.8681265325"><ele>287.000</ele></trkpt>
      <trkpt lat="22.2298078150" lon="113.8680920019"><ele>286.000</ele></trkpt>
      <trkpt lat="22.2298120502" lon="113.8680643640"><ele>285.000</ele></trkpt>
      <trkpt lat="22.2298162724" lon="113.8680302807"><ele>285.000</ele></trkpt>
      <trkpt lat="22.2298291355" lon="113.8679774533"><ele>282.000</ele></trkpt>
      <trkpt lat="22.2298381785" lon="113.8679478378"><ele>282.000</ele></trkpt>
      <trkpt lat="22.2298514723" lon="113.8679106685"><ele>282.000</ele></trkpt>
      <trkpt lat="22.2298634544" lon="113.8678771037"><ele>282.000</ele></trkpt>
      <trkpt lat="22.2298751202" lon="113.8678443193"><ele>281.000</ele></trkpt>
      <trkpt lat="22.2298862709" lon="113.8678170737"><ele>282.000</ele></trkpt>
      <trkpt lat="22.2298948748" lon="113.8677973470"><ele>282.000</ele></trkpt>
      <trkpt lat="22.2299116003" lon="113.8677973103"><ele>282.000</ele></trkpt>
      <trkpt lat="22.2299301220" lon="113.8677991942"><ele>284.000</ele></trkpt>
      <trkpt lat="22.2299474506" lon="113.8678023639"><ele>284.000</ele></trkpt>
      <trkpt lat="22.2299659702" lon="113.8678036065"><ele>283.000</ele></trkpt>
      <trkpt lat="22.2299856772" lon="113.8678009968"><ele>283.000</ele></trkpt>
      <trkpt lat="22.2300035950" lon="113.8677996743"><ele>283.000</ele></trkpt>
      <trkpt lat="22.2300167289" lon="113.8677957957"><ele>282.000</ele></trkpt>
      <trkpt lat="22.2300483654" lon="113.8677841779"><ele>284.000</ele></trkpt>
      <trkpt lat="22.2300871689" lon="113.8677712611"><ele>286.000</ele></trkpt>
      <trkpt lat="22.2301337261" lon="113.8677531942"><ele>286.000</ele></trkpt>
      <trkpt lat="22.2301587904" lon="113.8677403075"><ele>286.000</ele></trkpt>
      <trkpt lat="22.2301844666" lon="113.8677357602"><ele>286.000</ele></trkpt>
      <trkpt lat="22.2302113445" lon="113.8677344180"><ele>286.000</ele></trkpt>
      <trkpt lat="22.2302388255" lon="113.8677362822"><ele>286.000</ele></trkpt>
      <trkpt lat="22.2302645221" lon="113.8677420001"><ele>286.000</ele></trkpt>
      <trkpt lat="22.2302872411" lon="113.8677528577"><ele>286.000</ele></trkpt>
      <trkpt lat="22.2303093705" lon="113.8677675663"><ele>286.000</ele></trkpt>
      <trkpt lat="22.2303303061" lon="113.8677822766"><ele>286.000</ele></trkpt>
      <trkpt lat="22.2303476407" lon="113.8677886550"><ele>288.000</ele></trkpt>
      <trkpt lat="22.2303661652" lon="113.8677924642"><ele>288.000</ele></trkpt>
      <trkpt lat="22.2303876733" lon="113.8677943415"><ele>286.000</ele></trkpt>
      <trkpt lat="22.2304127624" lon="113.8677949276"><ele>284.000</ele></trkpt>
      <trkpt lat="22.2304444159" lon="113.8677922927"><ele>284.000</ele></trkpt>
      <trkpt lat="22.2304814487" lon="113.8677909282"><ele>284.000</ele></trkpt>
      <trkpt lat="22.2305131010" lon="113.8677876511"><ele>285.000</ele></trkpt>
      <trkpt lat="22.2305453402" lon="113.8677785975"><ele>283.000</ele></trkpt>
      <trkpt lat="22.2305680199" lon="113.8677682826"><ele>284.000</ele></trkpt>
      <trkpt lat="22.2305906817" lon="113.8677489847"><ele>284.000</ele></trkpt>
      <trkpt lat="22.2306067740" lon="113.8677303424"><ele>286.000</ele></trkpt>
      <trkpt lat="22.2306204765" lon="113.8677110652"><ele>286.000</ele></trkpt>
      <trkpt lat="22.2306365639" lon="113.8676898564"><ele>286.000</ele></trkpt>
      <trkpt lat="22.2306514575" lon="113.8676686521"><ele>286.000</ele></trkpt>
      <trkpt lat="22.2306705298" lon="113.8676461534"><ele>286.000</ele></trkpt>
      <trkpt lat="22.2306919919" lon="113.8676242926"><ele>285.000</ele></trkpt>
      <trkpt lat="22.2307146619" lon="113.8676088445"><ele>285.000</ele></trkpt>
      <trkpt lat="22.2307457002" lon="113.8675965858"><ele>286.000</ele></trkpt>
      <trkpt lat="22.2307821242" lon="113.8675894483"><ele>287.000</ele></trkpt>
      <trkpt lat="22.2308322791" lon="113.8675784310"><ele>288.000</ele></trkpt>
      <trkpt lat="22.2308788555" lon="113.8675699880"><ele>286.000</ele></trkpt>
      <trkpt lat="22.2309266291" lon="113.8675628256"><ele>286.000</ele></trkpt>
      <trkpt lat="22.2309576820" lon="113.8675582665"><ele>286.000</ele></trkpt>
      <trkpt lat="22.2309791758" lon="113.8675530863"><ele>286.000</ele></trkpt>
      <trkpt lat="22.2309976832" lon="113.8675479125"><ele>286.000</ele></trkpt>
      <trkpt lat="22.2310114138" lon="113.8675433914"><ele>286.000</ele></trkpt>
      <trkpt lat="22.2310263440" lon="113.8675414342"><ele>286.000</ele></trkpt>
      <trkpt lat="22.2310400822" lon="113.8675414041"><ele>286.000</ele></trkpt>
      <trkpt lat="22.2310526314" lon="113.8675439431"><ele>288.000</ele></trkpt>
      <trkpt lat="22.2310699599" lon="113.8675471128"><ele>288.000</ele></trkpt>
      <trkpt lat="22.2310926652" lon="113.8675502707"><ele>286.000</ele></trkpt>
      <trkpt lat="22.2311195532" lon="113.8675547037"><ele>286.000</ele></trkpt>
      <trkpt lat="22.2311458419" lon="113.8675578538"><ele>286.000</ele></trkpt>
      <trkpt lat="22.2311781006" lon="113.8675590663"><ele>286.000</ele></trkpt>
      <trkpt lat="22.2312145404" lon="113.8675602687"><ele>288.000</ele></trkpt>
      <trkpt lat="22.2312539675" lon="113.8675614664"><ele>288.000</ele></trkpt>
      <trkpt lat="22.2313053379" lon="113.8675613537"><ele>288.000</ele></trkpt>
      <trkpt lat="22.2313429664" lon="113.8675593458"><ele>288.000</ele></trkpt>
      <trkpt lat="22.2313805973" lon="113.8675586221"><ele>288.000</ele></trkpt>
      <trkpt lat="22.2314080733" lon="113.8675579197"><ele>289.000</ele></trkpt>
      <trkpt lat="22.2314349549" lon="113.8675585028"><ele>289.000</ele></trkpt>
      <trkpt lat="22.2314570502" lon="113.8675552466"><ele>290.000</ele></trkpt>
      <trkpt lat="22.2314755601" lon="113.8675513562"><ele>290.000</ele></trkpt>
      <trkpt lat="22.2315012371" lon="113.8675468079"><ele>290.000</ele></trkpt>
      <trkpt lat="22.2315209381" lon="113.8675409904"><ele>290.000</ele></trkpt>
      <trkpt lat="22.2315448259" lon="113.8675377302"><ele>292.000</ele></trkpt>
      <trkpt lat="22.2315746805" lon="113.8675312493"><ele>292.000</ele></trkpt>
      <trkpt lat="22.2316099134" lon="113.8675260388"><ele>292.000</ele></trkpt>
      <trkpt lat="22.2316457420" lon="113.8675201859"><ele>292.000</ele></trkpt>
      <trkpt lat="22.2316648533" lon="113.8675182186"><ele>292.000</ele></trkpt>
      <trkpt lat="22.2316923245" lon="113.8675149506"><ele>295.000</ele></trkpt>
      <trkpt lat="22.2317150188" lon="113.8675123342"><ele>295.000</ele></trkpt>
      <trkpt lat="22.2317323400" lon="113.8675116551"><ele>298.000</ele></trkpt>
      <trkpt lat="22.2317502590" lon="113.8675109736"><ele>298.000</ele></trkpt>
      <trkpt lat="22.2317717650" lon="113.8675122097"><ele>300.000</ele></trkpt>
      <trkpt lat="22.2318153709" lon="113.8675121140"><ele>300.000</ele></trkpt>
      <trkpt lat="22.2318535963" lon="113.8675101057"><ele>300.000</ele></trkpt>
      <trkpt lat="22.2318882371" lon="113.8675074632"><ele>302.000</ele></trkpt>
      <trkpt lat="22.2319180954" lon="113.8675029066"><ele>302.000</ele></trkpt>
      <trkpt lat="22.2319527304" lon="113.8674976975"><ele>302.000</ele></trkpt>
      <trkpt lat="22.2319807933" lon="113.8674912195"><ele>302.000</ele></trkpt>
      <trkpt lat="22.2320142321" lon="113.8674847306"><ele>300.000</ele></trkpt>
      <trkpt lat="22.2320482568" lon="113.8674724652"><ele>301.000</ele></trkpt>
      <trkpt lat="22.2320733300" lon="113.8674647114"><ele>301.000</ele></trkpt>
      <trkpt lat="22.2320972105" lon="113.8674576014"><ele>302.000</ele></trkpt>
      <trkpt lat="22.2321192960" lon="113.8674492120"><ele>302.000</ele></trkpt>
      <trkpt lat="22.2321395902" lon="113.8674414678"><ele>304.000</ele></trkpt>
      <trkpt lat="22.2321634646" lon="113.8674311500"><ele>304.000</ele></trkpt>
      <trkpt lat="22.2321861373" lon="113.8674176262"><ele>304.000</ele></trkpt>
      <trkpt lat="22.2322088072" lon="113.8674021779"><ele>304.000</ele></trkpt>
      <trkpt lat="22.2322308854" lon="113.8673899387"><ele>304.000</ele></trkpt>
      <trkpt lat="22.2322529624" lon="113.8673770583"><ele>304.000</ele></trkpt>
      <trkpt lat="22.2322702677" lon="113.8673680382"><ele>302.000</ele></trkpt>
      <trkpt lat="22.2322875767" lon="113.8673609426"><ele>302.000</ele></trkpt>
      <trkpt lat="22.2323108582" lon="113.8673531918"><ele>302.000</ele></trkpt>
      <trkpt lat="22.2323442909" lon="113.8673434942"><ele>302.000</ele></trkpt>
      <trkpt lat="22.2323824967" lon="113.8673312195"><ele>302.000</ele></trkpt>
      <trkpt lat="22.2324284713" lon="113.8673202120"><ele>302.000</ele></trkpt>
      <trkpt lat="22.2324660815" lon="113.8673085798"><ele>304.000</ele></trkpt>
      <trkpt lat="22.2324953370" lon="113.8673014580"><ele>304.000</ele></trkpt>
      <trkpt lat="22.2325174286" lon="113.8672962773"><ele>304.000</ele></trkpt>
      <trkpt lat="22.2325502631" lon="113.8672859388"><ele>304.000</ele></trkpt>
      <trkpt lat="22.2325824965" lon="113.8672743194"><ele>304.000</ele></trkpt>
      <trkpt lat="22.2326177208" lon="113.8672646178"><ele>304.000</ele></trkpt>
      <trkpt lat="22.2326481671" lon="113.8672549267"><ele>304.000</ele></trkpt>
      <trkpt lat="22.2326828043" lon="113.8672503596"><ele>304.000</ele></trkpt>
      <trkpt lat="22.2327066888" lon="113.8672458161"><ele>303.000</ele></trkpt>
      <trkpt lat="22.2327359476" lon="113.8672399775"><ele>304.000</ele></trkpt>
      <trkpt lat="22.2327699809" lon="113.8672322030"><ele>304.000</ele></trkpt>
      <trkpt lat="22.2328105774" lon="113.8672205652"><ele>304.000</ele></trkpt>
      <trkpt lat="22.2328523736" lon="113.8672114903"><ele>306.000</ele></trkpt>
      <trkpt lat="22.2328905889" lon="113.8672037076"><ele>306.000</ele></trkpt>
      <trkpt lat="22.2329288009" lon="113.8671946415"><ele>308.000</ele></trkpt>
      <trkpt lat="22.2329437289" lon="113.8671920421"><ele>306.000</ele></trkpt>
      <trkpt lat="22.2329544767" lon="113.8671894519"><ele>306.000</ele></trkpt>
      <trkpt lat="22.2329640240" lon="113.8671842978"><ele>306.000</ele></trkpt>
      <trkpt lat="22.2329735676" lon="113.8671772192"><ele>306.000</ele></trkpt>
      <trkpt lat="22.2329819124" lon="113.8671675766"><ele>306.000</ele></trkpt>
      <trkpt lat="22.2329962191" lon="113.8671521466"><ele>306.000</ele></trkpt>
      <trkpt lat="22.2330182741" lon="113.8671277174"><ele>306.000</ele></trkpt>
      <trkpt lat="22.2330301852" lon="113.8671090839"><ele>304.000</ele></trkpt>
      <trkpt lat="22.2330361418" lon="113.8671000887"><ele>304.000</ele></trkpt>
      <trkpt lat="22.2330450934" lon="113.8670955780"><ele>304.000</ele></trkpt>
      <trkpt lat="22.2330618152" lon="113.8670936158"><ele>304.000</ele></trkpt>
      <trkpt lat="22.2330815259" lon="113.8670929313"><ele>306.000</ele></trkpt>
      <trkpt lat="22.2330976548" lon="113.8670935370"><ele>306.000</ele></trkpt>
      <trkpt lat="22.2331149808" lon="113.8670954244"><ele>306.000</ele></trkpt>
      <trkpt lat="22.2331329047" lon="113.8670973095"><ele>304.000</ele></trkpt>
      <trkpt lat="22.2331556076" lon="113.8670991841"><ele>304.000</ele></trkpt>
      <trkpt lat="22.2331723380" lon="113.8671017139"><ele>304.000</ele></trkpt>
      <trkpt lat="22.2331854866" lon="113.8671055349"><ele>304.000</ele></trkpt>
      <trkpt lat="22.2331956479" lon="113.8671093625"><ele>304.000</ele></trkpt>
      <trkpt lat="22.2332058162" lon="113.8671163978"><ele>304.000</ele></trkpt>
      <trkpt lat="22.2332171841" lon="113.8671259971"><ele>304.000</ele></trkpt>
      <trkpt lat="22.2332333374" lon="113.8671394348"><ele>304.000</ele></trkpt>
      <trkpt lat="22.2332471058" lon="113.8671548032"><ele>304.000</ele></trkpt>
      <trkpt lat="22.2332596783" lon="113.8671695330"><ele>306.000</ele></trkpt>
      <trkpt lat="22.2332728513" lon="113.8671861860"><ele>306.000</ele></trkpt>
      <trkpt lat="22.2332860365" lon="113.8672092555"><ele>304.000</ele></trkpt>
      <trkpt lat="22.2332968323" lon="113.8672323293"><ele>304.000</ele></trkpt>
      <trkpt lat="22.2333040398" lon="113.8672528453"><ele>302.000</ele></trkpt>
      <trkpt lat="22.2333106508" lon="113.8672740037"><ele>302.000</ele></trkpt>
      <trkpt lat="22.2333160718" lon="113.8672977314"><ele>302.000</ele></trkpt>
      <trkpt lat="22.2333208948" lon="113.8673208183"><ele>302.000</ele></trkpt>
      <trkpt lat="22.2333251235" lon="113.8673458319"><ele>301.000</ele></trkpt>
      <trkpt lat="22.2333299443" lon="113.8673682786"><ele>301.000</ele></trkpt>
      <trkpt lat="22.2333395426" lon="113.8673894306"><ele>301.000</ele></trkpt>
      <trkpt lat="22.2333491350" lon="113.8674080159"><ele>300.000</ele></trkpt>
      <trkpt lat="22.2333617123" lon="113.8674253114"><ele>300.000</ele></trkpt>
      <trkpt lat="22.2333730915" lon="113.8674413272"><ele>298.000</ele></trkpt>
      <trkpt lat="22.2333934427" lon="113.8674630977"><ele>300.000</ele></trkpt>
      <trkpt lat="22.2334125980" lon="113.8674842287"><ele>300.000</ele></trkpt>
      <trkpt lat="22.2334335412" lon="113.8675034313"><ele>298.000</ele></trkpt>
      <trkpt lat="22.2334556780" lon="113.8675219891"><ele>297.000</ele></trkpt>
      <trkpt lat="22.2334736312" lon="113.8675392729"><ele>296.000</ele></trkpt>
      <trkpt lat="22.2334927794" lon="113.8675571961"><ele>294.000</ele></trkpt>
      <trkpt lat="22.2335149198" lon="113.8675776794"><ele>294.000</ele></trkpt>
      <trkpt lat="22.2335358701" lon="113.8676000898"><ele>294.000</ele></trkpt>
      <trkpt lat="22.2335532291" lon="113.8676192993"><ele>294.000</ele></trkpt>
      <trkpt lat="22.2335616109" lon="113.8676295473"><ele>294.000</ele></trkpt>
      <trkpt lat="22.2335682035" lon="113.8676410816"><ele>292.000</ele></trkpt>
      <trkpt lat="22.2335724026" lon="113.8676500555"><ele>292.000</ele></trkpt>
      <trkpt lat="22.2335777944" lon="113.8676583847"><ele>292.000</ele></trkpt>
      <trkpt lat="22.2335831837" lon="113.8676654306"><ele>292.000</ele></trkpt>
      <trkpt lat="22.2335915606" lon="113.8676731110"><ele>292.000</ele></trkpt>
      <trkpt lat="22.2336035279" lon="113.8676839924"><ele>290.000</ele></trkpt>
      <trkpt lat="22.2336143049" lon="113.8676968008"><ele>290.000</ele></trkpt>
      <trkpt lat="22.2336208902" lon="113.8677044862"><ele>290.000</ele></trkpt>
      <trkpt lat="22.2336256838" lon="113.8677121745"><ele>290.000</ele></trkpt>
      <trkpt lat="22.2336292842" lon="113.8677211497"><ele>290.000</ele></trkpt>
      <trkpt lat="22.2336382760" lon="113.8677378120"><ele>288.000</ele></trkpt>
      <trkpt lat="22.2336454774" lon="113.8677551194"><ele>288.000</ele></trkpt>
      <trkpt lat="22.2336514758" lon="113.8677685804"><ele>288.000</ele></trkpt>
      <trkpt lat="22.2336592729" lon="113.8677852453"><ele>288.000</ele></trkpt>
      <trkpt lat="22.2336664682" lon="113.8677993449"><ele>290.000</ele></trkpt>
      <trkpt lat="22.2336718721" lon="113.8678140896"><ele>290.000</ele></trkpt>
      <trkpt lat="22.2336742774" lon="113.8678224253"><ele>290.000</ele></trkpt>
      <trkpt lat="22.2336742933" lon="113.8678307662"><ele>290.000</ele></trkpt>
      <trkpt lat="22.2336719196" lon="113.8678391124"><ele>290.000</ele></trkpt>
      <trkpt lat="22.2336683513" lon="113.8678474612"><ele>290.000</ele></trkpt>
      <trkpt lat="22.2336635954" lon="113.8678596626"><ele>290.000</ele></trkpt>
      <trkpt lat="22.2336570565" lon="113.8678763589"><ele>288.000</ele></trkpt>
      <trkpt lat="22.2336535024" lon="113.8678917653"><ele>288.000</ele></trkpt>
      <trkpt lat="22.2336493484" lon="113.8679065320"><ele>288.000</ele></trkpt>
      <trkpt lat="22.2336457980" lon="113.8679238629"><ele>288.000</ele></trkpt>
      <trkpt lat="22.2336416513" lon="113.8679424784"><ele>288.000</ele></trkpt>
      <trkpt lat="22.2336381045" lon="113.8679617348"><ele>288.000</ele></trkpt>
      <trkpt lat="22.2336369451" lon="113.8679803447"><ele>286.000</ele></trkpt>
      <trkpt lat="22.2336339956" lon="113.8680002409"><ele>286.000</ele></trkpt>
      <trkpt lat="22.2336328383" lon="113.8680194920"><ele>286.000</ele></trkpt>
      <trkpt lat="22.2336334717" lon="113.8680387383"><ele>284.000</ele></trkpt>
      <trkpt lat="22.2336335058" lon="113.8680567035"><ele>284.000</ele></trkpt>
      <trkpt lat="22.2336347310" lon="113.8680727416"><ele>284.000</ele></trkpt>
      <trkpt lat="22.2336359635" lon="113.8680926286"><ele>284.000</ele></trkpt>
      <trkpt lat="22.2336377954" lon="113.8681137977"><ele>284.000</ele></trkpt>
      <trkpt lat="22.2336402214" lon="113.8681330410"><ele>282.000</ele></trkpt>
      <trkpt lat="22.2336438507" lon="113.8681567727"><ele>282.000</ele></trkpt>
      <trkpt lat="22.2336474763" lon="113.8681785799"><ele>281.000</ele></trkpt>
      <trkpt lat="22.2336510998" lon="113.8681997450"><ele>281.000</ele></trkpt>
      <trkpt lat="22.2336559178" lon="113.8682202654"><ele>280.000</ele></trkpt>
      <trkpt lat="22.2336607272" lon="113.8682362957"><ele>280.000</ele></trkpt>
      <trkpt lat="22.2336637465" lon="113.8682536122"><ele>280.000</ele></trkpt>
      <trkpt lat="22.2336715520" lon="113.8682747682"><ele>278.000</ele></trkpt>
      <trkpt lat="22.2336781482" lon="113.8682882280"><ele>278.000</ele></trkpt>
      <trkpt lat="22.2336859343" lon="113.8682991185"><ele>278.000</ele></trkpt>
      <trkpt lat="22.2336961171" lon="113.8683138537"><ele>278.000</ele></trkpt>
      <trkpt lat="22.2337098845" lon="113.8683292223"><ele>276.000</ele></trkpt>
      <trkpt lat="22.2337242473" lon="113.8683433062"><ele>276.000</ele></trkpt>
      <trkpt lat="22.2337374089" lon="113.8683535429"><ele>276.000</ele></trkpt>
      <trkpt lat="22.2337487735" lon="113.8683618590"><ele>276.000</ele></trkpt>
      <trkpt lat="22.2337613361" lon="113.8683714558"><ele>276.000</ele></trkpt>
      <trkpt lat="22.2337756903" lon="113.8683810487"><ele>276.000</ele></trkpt>
      <trkpt lat="22.2337906391" lon="113.8683893570"><ele>276.000</ele></trkpt>
      <trkpt lat="22.2338061832" lon="113.8683963807"><ele>276.000</ele></trkpt>
      <trkpt lat="22.2338211304" lon="113.8684034057"><ele>276.000</ele></trkpt>
      <trkpt lat="22.2338384626" lon="113.8684085010"><ele>276.000</ele></trkpt>
      <trkpt lat="22.2338569882" lon="113.8684129515"><ele>274.000</ele></trkpt>
      <trkpt lat="22.2338713264" lon="113.8684135613"><ele>274.000</ele></trkpt>
      <trkpt lat="22.2338886463" lon="113.8684122401"><ele>274.000</ele></trkpt>
      <trkpt lat="22.2339041795" lon="113.8684134895"><ele>274.000</ele></trkpt>
      <trkpt lat="22.2339173293" lon="113.8684179518"><ele>274.000</ele></trkpt>
      <trkpt lat="22.2339292880" lon="113.8684243421"><ele>274.000</ele></trkpt>
      <trkpt lat="22.2339418518" lon="113.8684345801"><ele>274.000</ele></trkpt>
      <trkpt lat="22.2339496367" lon="113.8684448295"><ele>274.000</ele></trkpt>
      <trkpt lat="22.2339604079" lon="113.8684550715"><ele>274.000</ele></trkpt>
      <trkpt lat="22.2339675885" lon="113.8684614723"><ele>270.000</ele></trkpt>
      <trkpt lat="22.2339777546" lon="113.8684678656"><ele>270.000</ele></trkpt>
      <trkpt lat="22.2339897130" lon="113.8684736138"><ele>269.000</ele></trkpt>
      <trkpt lat="22.2340046545" lon="113.8684780732"><ele>269.000</ele></trkpt>
      <trkpt lat="22.2340195980" lon="113.8684831728"><ele>269.000</ele></trkpt>
      <trkpt lat="22.2340321512" lon="113.8684882786"><ele>270.000</ele></trkpt>
      <trkpt lat="22.2340423170" lon="113.8684940307"><ele>270.000</ele></trkpt>
      <trkpt lat="22.2340512929" lon="113.8685023521"><ele>270.000</ele></trkpt>
      <trkpt lat="22.2340602750" lon="113.8685138812"><ele>268.000</ele></trkpt>
      <trkpt lat="22.2340728512" lon="113.8685311779"><ele>272.000</ele></trkpt>
      <trkpt lat="22.2340866268" lon="113.8685503964"><ele>272.000</ele></trkpt>
      <trkpt lat="22.2340998033" lon="113.8685689741"><ele>270.000</ele></trkpt>
      <trkpt lat="22.2341153754" lon="113.8685907553"><ele>270.000</ele></trkpt>
      <trkpt lat="22.2341297491" lon="113.8686106137"><ele>270.000</ele></trkpt>
      <trkpt lat="22.2341447231" lon="113.8686317541"><ele>270.000</ele></trkpt>
      <trkpt lat="22.2341567110" lon="113.8686535432"><ele>267.000</ele></trkpt>
      <trkpt lat="22.2341687000" lon="113.8686759734"><ele>270.000</ele></trkpt>
      <trkpt lat="22.2341836877" lon="113.8687048126"><ele>268.000</ele></trkpt>
      <trkpt lat="22.2341974766" lon="113.8687310889"><ele>268.000</ele></trkpt>
      <trkpt lat="22.2342094730" lon="113.8687573690"><ele>267.000</ele></trkpt>
      <trkpt lat="22.2342220611" lon="113.8687804401"><ele>267.000</ele></trkpt>
      <trkpt lat="22.2342334495" lon="113.8688009462"><ele>264.000</ele></trkpt>
      <trkpt lat="22.2342496185" lon="113.8688227262"><ele>264.000</ele></trkpt>
      <trkpt lat="22.2342633929" lon="113.8688413026"><ele>266.000</ele></trkpt>
      <trkpt lat="22.2342819525" lon="113.8688637185"><ele>264.000</ele></trkpt>
      <trkpt lat="22.2343005074" lon="113.8688835688"><ele>266.000</ele></trkpt>
      <trkpt lat="22.2343238448" lon="113.8689053321"><ele>264.000</ele></trkpt>
      <trkpt lat="22.2343405934" lon="113.8689174865"><ele>264.000</ele></trkpt>
      <trkpt lat="22.2343519600" lon="113.8689264439"><ele>264.000</ele></trkpt>
      <trkpt lat="22.2343645301" lon="113.8689405328"><ele>264.000</ele></trkpt>
      <trkpt lat="22.2343777006" lon="113.8689559028"><ele>264.000</ele></trkpt>
      <trkpt lat="22.2343866886" lon="113.8689706398"><ele>264.000</ele></trkpt>
      <trkpt lat="22.2343944734" lon="113.8689808883"><ele>264.000</ele></trkpt>
      <trkpt lat="22.2344088349" lon="113.8689943312"><ele>262.000</ele></trkpt>
      <trkpt lat="22.2344225886" lon="113.8690020010"><ele>262.000</ele></trkpt>
      <trkpt lat="22.2344405198" lon="113.8690077363"><ele>264.000</ele></trkpt>
      <trkpt lat="22.2344554624" lon="113.8690128359"><ele>264.000</ele></trkpt>
      <trkpt lat="22.2344680177" lon="113.8690185839"><ele>264.000</ele></trkpt>
      <trkpt lat="22.2344775869" lon="113.8690249786"><ele>264.000</ele></trkpt>
      <trkpt lat="22.2344877624" lon="113.8690358640"><ele>265.000</ele></trkpt>
      <trkpt lat="22.2345003346" lon="113.8690505942"><ele>262.000</ele></trkpt>
      <trkpt lat="22.2345176935" lon="113.8690698040"><ele>262.000</ele></trkpt>
      <trkpt lat="22.2345368497" lon="113.8690915775"><ele>260.000</ele></trkpt>
      <trkpt lat="22.2345643768" lon="113.8691178239"><ele>260.000</ele></trkpt>
      <trkpt lat="22.2346254106" lon="113.8691735113"><ele>264.000</ele></trkpt>
      <trkpt lat="22.2346870487" lon="113.8692330465"><ele>260.000</ele></trkpt>
      <trkpt lat="22.2347097895" lon="113.8692554544"><ele>264.000</ele></trkpt>
      <trkpt lat="22.2347223605" lon="113.8692695424"><ele>264.000</ele></trkpt>
      <trkpt lat="22.2347325445" lon="113.8692849190"><ele>262.000</ele></trkpt>
      <trkpt lat="22.2347397351" lon="113.8692970933"><ele>262.000</ele></trkpt>
      <trkpt lat="22.2347469339" lon="113.8693131186"><ele>262.000</ele></trkpt>
      <trkpt lat="22.2347499530" lon="113.8693304353"><ele>263.000</ele></trkpt>
      <trkpt lat="22.2347517796" lon="113.8693483967"><ele>263.000</ele></trkpt>
      <trkpt lat="22.2347524032" lon="113.8693625108"><ele>263.000</ele></trkpt>
      <trkpt lat="22.2347524287" lon="113.8693759851"><ele>263.000</ele></trkpt>
      <trkpt lat="22.2347524517" lon="113.8693881760"><ele>263.000</ele></trkpt>
      <trkpt lat="22.2347548630" lon="113.8693997196"><ele>263.000</ele></trkpt>
      <trkpt lat="22.2347578810" lon="113.8694163951"><ele>263.000</ele></trkpt>
      <trkpt lat="22.2347680940" lon="113.8694471704"><ele>263.000</ele></trkpt>
      <trkpt lat="22.2347807272" lon="113.8694946226"><ele>261.000</ele></trkpt>
      <trkpt lat="22.2347891522" lon="113.8695273273"><ele>258.000</ele></trkpt>
      <trkpt lat="22.2348005746" lon="113.8695657989"><ele>259.000</ele></trkpt>
      <trkpt lat="22.2348095953" lon="113.8695978602"><ele>258.000</ele></trkpt>
      <trkpt lat="22.2348270123" lon="113.8696478685"><ele>256.000</ele></trkpt>
      <trkpt lat="22.2348354215" lon="113.8696722313"><ele>254.000</ele></trkpt>
      <trkpt lat="22.2348414331" lon="113.8696927502"><ele>250.000</ele></trkpt>
      <trkpt lat="22.2348468514" lon="113.8697151950"><ele>250.000</ele></trkpt>
      <trkpt lat="22.2348504708" lon="113.8697337947"><ele>244.000</ele></trkpt>
      <trkpt lat="22.2348535068" lon="113.8697600936"><ele>244.000</ele></trkpt>
      <trkpt lat="22.2348535371" lon="113.8697761345"><ele>246.000</ele></trkpt>
      <trkpt lat="22.2348535686" lon="113.8697928165"><ele>246.000</ele></trkpt>
      <trkpt lat="22.2348535977" lon="113.8698082152"><ele>246.000</ele></trkpt>
      <trkpt lat="22.2348500459" lon="113.8698249051"><ele>246.000</ele></trkpt>
      <trkpt lat="22.2348465016" lon="113.8698460861"><ele>246.000</ele></trkpt>
      <trkpt lat="22.2348388101" lon="113.8698852415"><ele>240.000</ele></trkpt>
      <trkpt lat="22.2348370381" lon="113.8698961530"><ele>240.000</ele></trkpt>
      <trkpt lat="22.2348340965" lon="113.8699198993"><ele>240.000</ele></trkpt>
      <trkpt lat="22.2348335504" lon="113.8699468481"><ele>240.000</ele></trkpt>
      <trkpt lat="22.2348348057" lon="113.8699789263"><ele>238.000</ele></trkpt>
      <trkpt lat="22.2348378914" lon="113.8700315326"><ele>237.000</ele></trkpt>
      <trkpt lat="22.2348403486" lon="113.8700674581"><ele>236.000</ele></trkpt>
      <trkpt lat="22.2348457669" lon="113.8700899029"><ele>238.000</ele></trkpt>
      <trkpt lat="22.2348601803" lon="113.8701309347"><ele>236.000</ele></trkpt>
      <trkpt lat="22.2348721946" lon="113.8701668394"><ele>232.000</ele></trkpt>
      <trkpt lat="22.2348836011" lon="113.8701969701"><ele>232.000</ele></trkpt>
      <trkpt lat="22.2348943964" lon="113.8702200453"><ele>229.000</ele></trkpt>
      <trkpt lat="22.2349093557" lon="113.8702334871"><ele>229.000</ele></trkpt>
      <trkpt lat="22.2349290990" lon="113.8702501263"><ele>226.000</ele></trkpt>
      <trkpt lat="22.2349530150" lon="113.8702622643"><ele>226.000</ele></trkpt>
      <trkpt lat="22.2349822921" lon="113.8702660506"><ele>228.000</ele></trkpt>
      <trkpt lat="22.2349966257" lon="113.8702647361"><ele>228.000</ele></trkpt>
      <trkpt lat="22.2350127522" lon="113.8702640598"><ele>228.000</ele></trkpt>
      <trkpt lat="22.2350258922" lon="113.8702633891"><ele>233.000</ele></trkpt>
      <trkpt lat="22.2350396386" lon="113.8702672092"><ele>233.000</ele></trkpt>
      <trkpt lat="22.2350492017" lon="113.8702703962"><ele>233.000</ele></trkpt>
      <trkpt lat="22.2350623562" lon="113.8702774253"><ele>233.000</ele></trkpt>
      <trkpt lat="22.2350737228" lon="113.8702863838"><ele>236.000</ele></trkpt>
      <trkpt lat="22.2350904664" lon="113.8702959718"><ele>236.000</ele></trkpt>
      <trkpt lat="22.2351227432" lon="113.8703068093"><ele>225.000</ele></trkpt>
      <trkpt lat="22.2351382824" lon="113.8703112666"><ele>225.000</ele></trkpt>
      <trkpt lat="22.2351609856" lon="113.8703137839"><ele>224.000</ele></trkpt>
      <trkpt lat="22.2351830809" lon="113.8703105271"><ele>224.000</ele></trkpt>
      <trkpt lat="22.2352010024" lon="113.8703111303"><ele>224.000</ele></trkpt>
      <trkpt lat="22.2352111621" lon="113.8703136748"><ele>226.000</ele></trkpt>
      <trkpt lat="22.2352189395" lon="113.8703200735"><ele>226.000</ele></trkpt>
      <trkpt lat="22.2352273175" lon="113.8703283964"><ele>226.000</ele></trkpt>
      <trkpt lat="22.2352369009" lon="113.8703418499"><ele>226.000</ele></trkpt>
      <trkpt lat="22.2352529757" lon="113.8703554532"><ele>226.000</ele></trkpt>
      <trkpt lat="22.2353664407" lon="113.8704058409"><ele>220.000</ele></trkpt>
      <trkpt lat="22.2354118628" lon="113.8703905033"><ele>219.000</ele></trkpt>
      <trkpt lat="22.2354475057" lon="113.8703287159"><ele>219.000</ele></trkpt>
      <trkpt lat="22.2354765938" lon="113.8702868802"><ele>219.000</ele></trkpt>
      <trkpt lat="22.2354830583" lon="113.8702774940"><ele>219.000</ele></trkpt>
      <trkpt lat="22.2354902757" lon="113.8702713187"><ele>219.000</ele></trkpt>
      <trkpt lat="22.2354979944" lon="113.8702662152"><ele>219.000</ele></trkpt>
      <trkpt lat="22.2355064604" lon="113.8702608414"><ele>219.000</ele></trkpt>
      <trkpt lat="22.2355139310" lon="113.8702568083"><ele>219.000</ele></trkpt>
      <trkpt lat="22.2355353523" lon="113.8702471218"><ele>220.000</ele></trkpt>
      <trkpt lat="22.2355590127" lon="113.8702352876"><ele>220.000</ele></trkpt>
      <trkpt lat="22.2355849324" lon="113.8702243002"><ele>219.000</ele></trkpt>
      <trkpt lat="22.2356198355" lon="113.8702122563"><ele>219.000</ele></trkpt>
      <trkpt lat="22.2356569172" lon="113.8701994608"><ele>217.000</ele></trkpt>
      <trkpt lat="22.2356713669" lon="113.8701946094"><ele>222.000</ele></trkpt>
      <trkpt lat="22.2356972460" lon="113.8701874662"><ele>222.000</ele></trkpt>
      <trkpt lat="22.2357401996" lon="113.8701738343"><ele>222.000</ele></trkpt>
      <trkpt lat="22.2357719749" lon="113.8701648867"><ele>224.000</ele></trkpt>
      <trkpt lat="22.2358196405" lon="113.8701521476"><ele>224.000</ele></trkpt>
      <trkpt lat="22.2358501514" lon="113.8701469586"><ele>225.000</ele></trkpt>
      <trkpt lat="22.2358622338" lon="113.8701476152"><ele>225.000</ele></trkpt>
      <trkpt lat="22.2358759084" lon="113.8701492927"><ele>225.000</ele></trkpt>
      <trkpt lat="22.2358886323" lon="113.8701530219"><ele>220.000</ele></trkpt>
      <trkpt lat="22.2359026284" lon="113.8701570897"><ele>220.000</ele></trkpt>
      <trkpt lat="22.2359166279" lon="113.8701625223"><ele>220.000</ele></trkpt>
      <trkpt lat="22.2359303119" lon="113.8701696648"><ele>220.000</ele></trkpt>
      <trkpt lat="22.2359443159" lon="113.8701774885"><ele>220.000</ele></trkpt>
      <trkpt lat="22.2359793321" lon="113.8702009759"><ele>217.000</ele></trkpt>
      <trkpt lat="22.2360388489" lon="113.8702353371"><ele>219.000</ele></trkpt>
      <trkpt lat="22.2360815055" lon="113.8702639305"><ele>216.000</ele></trkpt>
      <trkpt lat="22.2361063440" lon="113.8702853904"><ele>218.000</ele></trkpt>
      <trkpt lat="22.2361379376" lon="113.8703123035"><ele>216.000</ele></trkpt>
      <trkpt lat="22.2361723694" lon="113.8703448395"><ele>214.000</ele></trkpt>
      <trkpt lat="22.2361795926" lon="113.8703518244"><ele>214.000</ele></trkpt>
      <trkpt lat="22.2361872315" lon="113.8703565880"><ele>214.000</ele></trkpt>
      <trkpt lat="22.2361958230" lon="113.8703603262"><ele>214.000</ele></trkpt>
      <trkpt lat="22.2362145933" lon="113.8703671152"><ele>214.000</ele></trkpt>
      <trkpt lat="22.2362324028" lon="113.8703701504"><ele>214.000</ele></trkpt>
      <trkpt lat="22.2362511662" lon="113.8703728412"><ele>216.000</ele></trkpt>
      <trkpt lat="22.2362737407" lon="113.8703741579"><ele>216.000</ele></trkpt>
      <trkpt lat="22.2363134871" lon="113.8703766197"><ele>217.000</ele></trkpt>
      <trkpt lat="22.2363420999" lon="113.8703767127"><ele>218.000</ele></trkpt>
      <trkpt lat="22.2364104555" lon="113.8703769337"><ele>218.000</ele></trkpt>
      <trkpt lat="22.2364467013" lon="113.8703782216"><ele>218.000</ele></trkpt>
      <trkpt lat="22.2364744359" lon="113.8703795407"><ele>218.000</ele></trkpt>
    </trkseg>
  </trk>
</gpx>
