<?xml version="1.0" encoding="UTF-8"?>
<gpx xmlns:xsi="http://www.w3.org/2001/XMLSchema-instance"
     xsi:schemaLocation="http://www.topografix.com/GPX/1/1 http://www.topografix.com/GPX/1/1/gpx.xsd"
     version="1.1" creator="json3d_to_gpx_modeB"
     xmlns="http://www.topografix.com/GPX/1/1">
  <metadata>
    <name>Lantau Trail (Section 3) Pak Kung Au to Ngong Ping</name>
  </metadata>
  <trk>
    <name>Lantau Trail (Section 3) Pak Kung Au to Ngong Ping</name>
    <type>hike</type>
    <trkseg>
      <trkpt lat="22.2481739398" lon="113.9432467571"><ele>328.000</ele></trkpt>
      <trkpt lat="22.2481932293" lon="113.9432134968"><ele>329.000</ele></trkpt>
      <trkpt lat="22.2482209802" lon="113.9431752341"><ele>330.000</ele></trkpt>
      <trkpt lat="22.2482216934" lon="113.9431742507"><ele>330.000</ele></trkpt>
      <trkpt lat="22.2482509258" lon="113.9431372830"><ele>331.000</ele></trkpt>
      <trkpt lat="22.2482537669" lon="113.9431336900"><ele>331.000</ele></trkpt>
      <trkpt lat="22.2482844767" lon="113.9430981314"><ele>332.000</ele></trkpt>
      <trkpt lat="22.2482874619" lon="113.9430946749"><ele>332.000</ele></trkpt>
      <trkpt lat="22.2483195897" lon="113.9430605928"><ele>332.000</ele></trkpt>
      <trkpt lat="22.2483227124" lon="113.9430572802"><ele>332.000</ele></trkpt>
      <trkpt lat="22.2483561969" lon="113.9430247398"><ele>333.000</ele></trkpt>
      <trkpt lat="22.2483594518" lon="113.9430215767"><ele>333.000</ele></trkpt>
      <trkpt lat="22.2483942291" lon="113.9429906407"><ele>334.000</ele></trkpt>
      <trkpt lat="22.2483976097" lon="113.9429876336"><ele>334.000</ele></trkpt>
      <trkpt lat="22.2484336131" lon="113.9429583608"><ele>334.000</ele></trkpt>
      <trkpt lat="22.2484371122" lon="113.9429555158"><ele>334.000</ele></trkpt>
      <trkpt lat="22.2484708255" lon="113.9429286802"><ele>334.000</ele></trkpt>
      <trkpt lat="22.2484435092" lon="113.9428900583"><ele>334.000</ele></trkpt>
      <trkpt lat="22.2484310331" lon="113.9428724186"><ele>334.000</ele></trkpt>
      <trkpt lat="22.2483945350" lon="113.9429009756"><ele>334.000</ele></trkpt>
      <trkpt lat="22.2483580369" lon="113.9429295326"><ele>334.000</ele></trkpt>
      <trkpt lat="22.2483506050" lon="113.9429353475"><ele>334.000</ele></trkpt>
      <trkpt lat="22.2483150264" lon="113.9429652135"><ele>334.000</ele></trkpt>
      <trkpt lat="22.2482958156" lon="113.9429813397"><ele>333.000</ele></trkpt>
      <trkpt lat="22.2482624439" lon="113.9430140135"><ele>333.000</ele></trkpt>
      <trkpt lat="22.2482290722" lon="113.9430466873"><ele>332.000</ele></trkpt>
      <trkpt lat="22.2482242233" lon="113.9430514348"><ele>332.000</ele></trkpt>
      <trkpt lat="22.2482004911" lon="113.9430780452"><ele>332.000</ele></trkpt>
      <trkpt lat="22.2481644591" lon="113.9431043317"><ele>331.000</ele></trkpt>
      <trkpt lat="22.2481640067" lon="113.9430817832"><ele>331.000</ele></trkpt>
      <trkpt lat="22.2481639790" lon="113.9430625328"><ele>331.000</ele></trkpt>
      <trkpt lat="22.2481651553" lon="113.9430496972"><ele>332.000</ele></trkpt>
      <trkpt lat="22.2481699092" lon="113.9430323640"><ele>332.000</ele></trkpt>
      <trkpt lat="22.2481776524" lon="113.9430169506"><ele>332.000</ele></trkpt>
      <trkpt lat="22.2481907596" lon="113.9429931866"><ele>333.000</ele></trkpt>
      <trkpt lat="22.2482014895" lon="113.9429777685"><ele>334.000</ele></trkpt>
      <trkpt lat="22.2482110230" lon="113.9429610689"><ele>335.000</ele></trkpt>
      <trkpt lat="22.2482229539" lon="113.9429501405"><ele>335.000</ele></trkpt>
      <trkpt lat="22.2482384580" lon="113.9429315061"><ele>336.000</ele></trkpt>
      <trkpt lat="22.2482599279" lon="113.9429077282"><ele>337.000</ele></trkpt>
      <trkpt lat="22.2482730464" lon="113.9428916644"><ele>338.000</ele></trkpt>
      <trkpt lat="22.2482933206" lon="113.9428672468"><ele>339.000</ele></trkpt>
      <trkpt lat="22.2483058408" lon="113.9428505422"><ele>339.000</ele></trkpt>
      <trkpt lat="22.2483094091" lon="113.9428396277"><ele>339.000</ele></trkpt>
      <trkpt lat="22.2483195333" lon="113.9428184353"><ele>340.000</ele></trkpt>
      <trkpt lat="22.2483278712" lon="113.9428010962"><ele>341.000</ele></trkpt>
      <trkpt lat="22.2483320184" lon="113.9427773470"><ele>341.000</ele></trkpt>
      <trkpt lat="22.2483367509" lon="113.9427452550"><ele>342.000</ele></trkpt>
      <trkpt lat="22.2483408841" lon="113.9427118806"><ele>343.000</ele></trkpt>
      <trkpt lat="22.2483450313" lon="113.9426881315"><ele>344.000</ele></trkpt>
      <trkpt lat="22.2483474013" lon="113.9426746521"><ele>344.000</ele></trkpt>
      <trkpt lat="22.2483419947" lon="113.9426534857"><ele>344.000</ele></trkpt>
      <trkpt lat="22.2483347832" lon="113.9426233385"><ele>346.000</ele></trkpt>
      <trkpt lat="22.2483287655" lon="113.9425925478"><ele>347.000</ele></trkpt>
      <trkpt lat="22.2483209557" lon="113.9425617601"><ele>348.000</ele></trkpt>
      <trkpt lat="22.2483137535" lon="113.9425380299"><ele>349.000</ele></trkpt>
      <trkpt lat="22.2483083542" lon="113.9425219968"><ele>350.000</ele></trkpt>
      <trkpt lat="22.2483035579" lon="113.9425098128"><ele>350.000</ele></trkpt>
      <trkpt lat="22.2483059381" lon="113.9425033921"><ele>350.000</ele></trkpt>
      <trkpt lat="22.2483124829" lon="113.9424854140"><ele>351.000</ele></trkpt>
      <trkpt lat="22.2483202261" lon="113.9424700007"><ele>352.000</ele></trkpt>
      <trkpt lat="22.2483297631" lon="113.9424558677"><ele>352.000</ele></trkpt>
      <trkpt lat="22.2483381036" lon="113.9424404535"><ele>353.000</ele></trkpt>
      <trkpt lat="22.2483440538" lon="113.9424244015"><ele>353.000</ele></trkpt>
      <trkpt lat="22.2483470101" lon="113.9424032213"><ele>354.000</ele></trkpt>
      <trkpt lat="22.2483493763" lon="113.9423871753"><ele>354.000</ele></trkpt>
      <trkpt lat="22.2483469648" lon="113.9423717789"><ele>355.000</ele></trkpt>
      <trkpt lat="22.2483421582" lon="113.9423525362"><ele>355.000</ele></trkpt>
      <trkpt lat="22.2483271720" lon="113.9423159855"><ele>356.000</ele></trkpt>
      <trkpt lat="22.2483127776" lon="113.9422755834"><ele>357.000</ele></trkpt>
      <trkpt lat="22.2482965902" lon="113.9422345426"><ele>358.000</ele></trkpt>
      <trkpt lat="22.2482784584" lon="113.9421901203"><ele>359.000</ele></trkpt>
      <trkpt lat="22.2482780070" lon="113.9421890143"><ele>359.000</ele></trkpt>
      <trkpt lat="22.2482672262" lon="113.9421691401"><ele>360.000</ele></trkpt>
      <trkpt lat="22.2482498738" lon="113.9421486351"><ele>361.000</ele></trkpt>
      <trkpt lat="22.2482408970" lon="113.9421370999"><ele>362.000</ele></trkpt>
      <trkpt lat="22.2482390931" lon="113.9421287610"><ele>362.000</ele></trkpt>
      <trkpt lat="22.2482390643" lon="113.9421088689"><ele>362.000</ele></trkpt>
      <trkpt lat="22.2482402199" lon="113.9420819164"><ele>363.000</ele></trkpt>
      <trkpt lat="22.2482413665" lon="113.9420485469"><ele>363.000</ele></trkpt>
      <trkpt lat="22.2482443188" lon="113.9420247998"><ele>364.000</ele></trkpt>
      <trkpt lat="22.2482424973" lon="113.9420042689"><ele>364.000</ele></trkpt>
      <trkpt lat="22.2482370915" lon="113.9419837441"><ele>364.000</ele></trkpt>
      <trkpt lat="22.2482304921" lon="113.9419638629"><ele>365.000</ele></trkpt>
      <trkpt lat="22.2482203050" lon="113.9419414211"><ele>366.000</ele></trkpt>
      <trkpt lat="22.2482113207" lon="113.9419247524"><ele>366.000</ele></trkpt>
      <trkpt lat="22.2482047185" lon="113.9419029463"><ele>366.000</ele></trkpt>
      <trkpt lat="22.2481980968" lon="113.9418676646"><ele>366.000</ele></trkpt>
      <trkpt lat="22.2481914861" lon="113.9418400834"><ele>367.000</ele></trkpt>
      <trkpt lat="22.2481878677" lon="113.9418163472"><ele>367.000</ele></trkpt>
      <trkpt lat="22.2481872427" lon="113.9417970978"><ele>367.000</ele></trkpt>
      <trkpt lat="22.2481890068" lon="113.9417778445"><ele>368.000</ele></trkpt>
      <trkpt lat="22.2481931576" lon="113.9417566620"><ele>368.000</ele></trkpt>
      <trkpt lat="22.2481985068" lon="113.9417380443"><ele>369.000</ele></trkpt>
      <trkpt lat="22.2482008682" lon="113.9417187900"><ele>369.000</ele></trkpt>
      <trkpt lat="22.2482008413" lon="113.9417001813"><ele>370.000</ele></trkpt>
      <trkpt lat="22.2481984195" lon="113.9416777264"><ele>371.000</ele></trkpt>
      <trkpt lat="22.2481977962" lon="113.9416597604"><ele>372.000</ele></trkpt>
      <trkpt lat="22.2481977665" lon="113.9416392266"><ele>372.000</ele></trkpt>
      <trkpt lat="22.2482019163" lon="113.9416174024"><ele>373.000</ele></trkpt>
      <trkpt lat="22.2482084545" lon="113.9415949327"><ele>374.000</ele></trkpt>
      <trkpt lat="22.2482143915" lon="113.9415698971"><ele>375.000</ele></trkpt>
      <trkpt lat="22.2482191397" lon="113.9415487139"><ele>376.000</ele></trkpt>
      <trkpt lat="22.2482262826" lon="113.9415313764"><ele>377.000</ele></trkpt>
      <trkpt lat="22.2482346259" lon="113.9415178871"><ele>377.000</ele></trkpt>
      <trkpt lat="22.2482441655" lon="113.9415056792"><ele>377.000</ele></trkpt>
      <trkpt lat="22.2482519114" lon="113.9414921911"><ele>378.000</ele></trkpt>
      <trkpt lat="22.2482590535" lon="113.9414742119"><ele>378.000</ele></trkpt>
      <trkpt lat="22.2482620150" lon="113.9414568817"><ele>379.000</ele></trkpt>
      <trkpt lat="22.2482625901" lon="113.9414414804"><ele>380.000</ele></trkpt>
      <trkpt lat="22.2482589708" lon="113.9414171025"><ele>380.000</ele></trkpt>
      <trkpt lat="22.2482571519" lon="113.9413984966"><ele>381.000</ele></trkpt>
      <trkpt lat="22.2482577240" lon="113.9413811704"><ele>382.000</ele></trkpt>
      <trkpt lat="22.2482600940" lon="113.9413676910"><ele>382.000</ele></trkpt>
      <trkpt lat="22.2482624600" lon="113.9413516450"><ele>383.000</ele></trkpt>
      <trkpt lat="22.2482654187" lon="113.9413323896"><ele>384.000</ele></trkpt>
      <trkpt lat="22.2482653974" lon="113.9413176311"><ele>384.000</ele></trkpt>
      <trkpt lat="22.2482635832" lon="113.9413022338"><ele>384.000</ele></trkpt>
      <trkpt lat="22.2482611704" lon="113.9412861957"><ele>385.000</ele></trkpt>
      <trkpt lat="22.2482569623" lon="113.9412675938"><ele>385.000</ele></trkpt>
      <trkpt lat="22.2482473731" lon="113.9412457928"><ele>386.000</ele></trkpt>
      <trkpt lat="22.2482365876" lon="113.9412227103"><ele>386.000</ele></trkpt>
      <trkpt lat="22.2482222162" lon="113.9411983504"><ele>387.000</ele></trkpt>
      <trkpt lat="22.2482030576" lon="113.9411682233"><ele>387.000</ele></trkpt>
      <trkpt lat="22.2481815070" lon="113.9411361752"><ele>387.000</ele></trkpt>
      <trkpt lat="22.2481539786" lon="113.9410977275"><ele>388.000</ele></trkpt>
      <trkpt lat="22.2481539736" lon="113.9410977205"><ele>388.000</ele></trkpt>
      <trkpt lat="22.2481348168" lon="113.9410688768"><ele>388.000</ele></trkpt>
      <trkpt lat="22.2481192537" lon="113.9410464441"><ele>388.000</ele></trkpt>
      <trkpt lat="22.2481120745" lon="113.9410387560"><ele>388.000</ele></trkpt>
      <trkpt lat="22.2481001165" lon="113.9410310758"><ele>389.000</ele></trkpt>
      <trkpt lat="22.2480911442" lon="113.9410227490"><ele>389.000</ele></trkpt>
      <trkpt lat="22.2480827649" lon="113.9410112128"><ele>389.000</ele></trkpt>
      <trkpt lat="22.2480743779" lon="113.9409945430"><ele>389.000</ele></trkpt>
      <trkpt lat="22.2480671876" lon="113.9409791548"><ele>389.000</ele></trkpt>
      <trkpt lat="22.2480611936" lon="113.9409650479"><ele>390.000</ele></trkpt>
      <trkpt lat="22.2480534021" lon="113.9409470938"><ele>390.000</ele></trkpt>
      <trkpt lat="22.2480468100" lon="113.9409323462"><ele>390.000</ele></trkpt>
      <trkpt lat="22.2480372332" lon="113.9409188869"><ele>390.000</ele></trkpt>
      <trkpt lat="22.2480252649" lon="113.9409041483"><ele>391.000</ele></trkpt>
      <trkpt lat="22.2480138876" lon="113.9408849170"><ele>391.000</ele></trkpt>
      <trkpt lat="22.2480042967" lon="113.9408618326"><ele>391.000</ele></trkpt>
      <trkpt lat="22.2479953068" lon="113.9408413138"><ele>391.000</ele></trkpt>
      <trkpt lat="22.2479887035" lon="113.9408188659"><ele>392.000</ele></trkpt>
      <trkpt lat="22.2479809018" lon="113.9407938536"><ele>392.000</ele></trkpt>
      <trkpt lat="22.2479742948" lon="113.9407688390"><ele>392.000</ele></trkpt>
      <trkpt lat="22.2479700845" lon="113.9407489540"><ele>393.000</ele></trkpt>
      <trkpt lat="22.2479664734" lon="113.9407303514"><ele>393.000</ele></trkpt>
      <trkpt lat="22.2479604636" lon="113.9407053358"><ele>394.000</ele></trkpt>
      <trkpt lat="22.2479574396" lon="113.9406796736"><ele>395.000</ele></trkpt>
      <trkpt lat="22.2479526285" lon="113.9406572229"><ele>396.000</ele></trkpt>
      <trkpt lat="22.2479436431" lon="113.9406399125"><ele>396.000</ele></trkpt>
      <trkpt lat="22.2479376475" lon="113.9406245223"><ele>397.000</ele></trkpt>
      <trkpt lat="22.2479334390" lon="113.9406059207"><ele>397.000</ele></trkpt>
      <trkpt lat="22.2479322228" lon="113.9405911641"><ele>398.000</ele></trkpt>
      <trkpt lat="22.2479327904" lon="113.9405706294"><ele>398.000</ele></trkpt>
      <trkpt lat="22.2479345636" lon="113.9405577927"><ele>399.000</ele></trkpt>
      <trkpt lat="22.2479393153" lon="113.9405391761"><ele>400.000</ele></trkpt>
      <trkpt lat="22.2479446598" lon="113.9405173499"><ele>400.000</ele></trkpt>
      <trkpt lat="22.2479541732" lon="113.9404871750"><ele>401.000</ele></trkpt>
      <trkpt lat="22.2479624922" lon="113.9404570019"><ele>402.000</ele></trkpt>
      <trkpt lat="22.2479696163" lon="113.9404268311"><ele>403.000</ele></trkpt>
      <trkpt lat="22.2479737688" lon="113.9404069320"><ele>403.000</ele></trkpt>
      <trkpt lat="22.2479737427" lon="113.9403889649"><ele>404.000</ele></trkpt>
      <trkpt lat="22.2479725190" lon="113.9403690748"><ele>404.000</ele></trkpt>
      <trkpt lat="22.2479700970" lon="113.9403466202"><ele>405.000</ele></trkpt>
      <trkpt lat="22.2479688771" lon="113.9403292968"><ele>406.000</ele></trkpt>
      <trkpt lat="22.2479670542" lon="113.9403081245"><ele>406.000</ele></trkpt>
      <trkpt lat="22.2479658400" lon="113.9402946512"><ele>407.000</ele></trkpt>
      <trkpt lat="22.2479694063" lon="113.9402824532"><ele>407.000</ele></trkpt>
      <trkpt lat="22.2479771456" lon="113.9402644733"><ele>407.000</ele></trkpt>
      <trkpt lat="22.2479825000" lon="113.9402497055"><ele>407.000</ele></trkpt>
      <trkpt lat="22.2479824823" lon="113.9402375138"><ele>407.000</ele></trkpt>
      <trkpt lat="22.2479824468" lon="113.9402131300"><ele>408.000</ele></trkpt>
      <trkpt lat="22.2479830152" lon="113.9401932369"><ele>409.000</ele></trkpt>
      <trkpt lat="22.2479829881" lon="113.9401746280"><ele>409.000</ele></trkpt>
      <trkpt lat="22.2479823618" lon="113.9401547370"><ele>410.000</ele></trkpt>
      <trkpt lat="22.2479793424" lon="113.9401322833"><ele>411.000</ele></trkpt>
      <trkpt lat="22.2479733458" lon="113.9401162514"><ele>411.000</ele></trkpt>
      <trkpt lat="22.2479685511" lon="113.9401053509"><ele>412.000</ele></trkpt>
      <trkpt lat="22.2479631516" lon="113.9400893180"><ele>413.000</ele></trkpt>
      <trkpt lat="22.2479619328" lon="113.9400726363"><ele>413.000</ele></trkpt>
      <trkpt lat="22.2479631011" lon="113.9400546674"><ele>414.000</ele></trkpt>
      <trkpt lat="22.2479702255" lon="113.9400244963"><ele>415.000</ele></trkpt>
      <trkpt lat="22.2479779402" lon="113.9399898326"><ele>416.000</ele></trkpt>
      <trkpt lat="22.2479880343" lon="113.9399481063"><ele>417.000</ele></trkpt>
      <trkpt lat="22.2479921895" lon="113.9399301323"><ele>418.000</ele></trkpt>
      <trkpt lat="22.2479939562" lon="113.9399128039"><ele>418.000</ele></trkpt>
      <trkpt lat="22.2479939318" lon="113.9398961202"><ele>418.000</ele></trkpt>
      <trkpt lat="22.2479921212" lon="113.9398832898"><ele>418.000</ele></trkpt>
      <trkpt lat="22.2479867255" lon="113.9398698235"><ele>418.000</ele></trkpt>
      <trkpt lat="22.2479789395" lon="113.9398557197"><ele>418.000</ele></trkpt>
      <trkpt lat="22.2479723520" lon="113.9398441803"><ele>418.000</ele></trkpt>
      <trkpt lat="22.2479639761" lon="113.9398352111"><ele>418.000</ele></trkpt>
      <trkpt lat="22.2479573970" lon="113.9398294469"><ele>418.000</ele></trkpt>
      <trkpt lat="22.2479472367" lon="113.9398256139"><ele>418.000</ele></trkpt>
      <trkpt lat="22.2479340886" lon="113.9398211443"><ele>418.000</ele></trkpt>
      <trkpt lat="22.2479239283" lon="113.9398173113"><ele>417.000</ele></trkpt>
      <trkpt lat="22.2479125686" lon="113.9398102720"><ele>417.000</ele></trkpt>
      <trkpt lat="22.2479024046" lon="113.9398038724"><ele>417.000</ele></trkpt>
      <trkpt lat="22.2478952281" lon="113.9397981092"><ele>417.000</ele></trkpt>
      <trkpt lat="22.2478868551" lon="113.9397910649"><ele>417.000</ele></trkpt>
      <trkpt lat="22.2478802741" lon="113.9397840175"><ele>417.000</ele></trkpt>
      <trkpt lat="22.2478748839" lon="113.9397744013"><ele>417.000</ele></trkpt>
      <trkpt lat="22.2478706876" lon="113.9397641416"><ele>417.000</ele></trkpt>
      <trkpt lat="22.2478694771" lon="113.9397532349"><ele>417.000</ele></trkpt>
      <trkpt lat="22.2478706557" lon="113.9397423244"><ele>417.000</ele></trkpt>
      <trkpt lat="22.2478724338" lon="113.9397326963"><ele>417.000</ele></trkpt>
      <trkpt lat="22.2478759973" lon="113.9397185732"><ele>417.000</ele></trkpt>
      <trkpt lat="22.2478807507" lon="113.9397012398"><ele>417.000</ele></trkpt>
      <trkpt lat="22.2478861070" lon="113.9396877556"><ele>418.000</ele></trkpt>
      <trkpt lat="22.2478878823" lon="113.9396762024"><ele>418.000</ele></trkpt>
      <trkpt lat="22.2478920375" lon="113.9396582282"><ele>418.000</ele></trkpt>
      <trkpt lat="22.2478950007" lon="113.9396421812"><ele>419.000</ele></trkpt>
      <trkpt lat="22.2478967701" lon="113.9396267780"><ele>419.000</ele></trkpt>
      <trkpt lat="22.2478979452" lon="113.9396133008"><ele>420.000</ele></trkpt>
      <trkpt lat="22.2478973291" lon="113.9396004682"><ele>420.000</ele></trkpt>
      <trkpt lat="22.2478943237" lon="113.9395876396"><ele>420.000</ele></trkpt>
      <trkpt lat="22.2478871360" lon="113.9395741763"><ele>421.000</ele></trkpt>
      <trkpt lat="22.2478793500" lon="113.9395600726"><ele>422.000</ele></trkpt>
      <trkpt lat="22.2478721651" lon="113.9395485345"><ele>422.000</ele></trkpt>
      <trkpt lat="22.2478655729" lon="113.9395337870"><ele>422.000</ele></trkpt>
      <trkpt lat="22.2478536036" lon="113.9395184066"><ele>423.000</ele></trkpt>
      <trkpt lat="22.2478410417" lon="113.9395062359"><ele>423.000</ele></trkpt>
      <trkpt lat="22.2478338633" lon="113.9394991895"><ele>423.000</ele></trkpt>
      <trkpt lat="22.2478266831" lon="113.9394908598"><ele>423.000</ele></trkpt>
      <trkpt lat="22.2478189093" lon="113.9394850979"><ele>423.000</ele></trkpt>
      <trkpt lat="22.2478129285" lon="113.9394799744"><ele>423.000</ele></trkpt>
      <trkpt lat="22.2478099268" lon="113.9394697127"><ele>423.000</ele></trkpt>
      <trkpt lat="22.2478087143" lon="113.9394575228"><ele>423.000</ele></trkpt>
      <trkpt lat="22.2478081019" lon="113.9394472569"><ele>423.000</ele></trkpt>
      <trkpt lat="22.2478056958" lon="113.9394357107"><ele>423.000</ele></trkpt>
      <trkpt lat="22.2478044814" lon="113.9394222376"><ele>423.000</ele></trkpt>
      <trkpt lat="22.2478020771" lon="113.9394119746"><ele>423.000</ele></trkpt>
      <trkpt lat="22.2477984800" lon="113.9394029971"><ele>423.000</ele></trkpt>
      <trkpt lat="22.2477942836" lon="113.9393927374"><ele>423.000</ele></trkpt>
      <trkpt lat="22.2477894898" lon="113.9393824787"><ele>423.000</ele></trkpt>
      <trkpt lat="22.2477835015" lon="113.9393722218"><ele>423.000</ele></trkpt>
      <trkpt lat="22.2477763194" lon="113.9393626089"><ele>424.000</ele></trkpt>
      <trkpt lat="22.2477703309" lon="113.9393523519"><ele>424.000</ele></trkpt>
      <trkpt lat="22.2477631451" lon="113.9393401721"><ele>423.000</ele></trkpt>
      <trkpt lat="22.2477559649" lon="113.9393318424"><ele>424.000</ele></trkpt>
      <trkpt lat="22.2477487874" lon="113.9393254378"><ele>424.000</ele></trkpt>
      <trkpt lat="22.2477392236" lon="113.9393209621"><ele>424.000</ele></trkpt>
      <trkpt lat="22.2477296604" lon="113.9393171282"><ele>424.000</ele></trkpt>
      <trkpt lat="22.2477212913" lon="113.9393126505"><ele>424.000</ele></trkpt>
      <trkpt lat="22.2477117235" lon="113.9393056082"><ele>424.000</ele></trkpt>
      <trkpt lat="22.2477015575" lon="113.9392979252"><ele>424.000</ele></trkpt>
      <trkpt lat="22.2476907905" lon="113.9392876766"><ele>424.000</ele></trkpt>
      <trkpt lat="22.2476782257" lon="113.9392735807"><ele>424.000</ele></trkpt>
      <trkpt lat="22.2476650665" lon="113.9392614110"><ele>425.000</ele></trkpt>
      <trkpt lat="22.2476536974" lon="113.9392479550"><ele>425.000</ele></trkpt>
      <trkpt lat="22.2476441249" lon="113.9392377042"><ele>425.000</ele></trkpt>
      <trkpt lat="22.2476333541" lon="113.9392248887"><ele>425.000</ele></trkpt>
      <trkpt lat="22.2476219859" lon="113.9392120745"><ele>426.000</ele></trkpt>
      <trkpt lat="22.2476100243" lon="113.9392018276"><ele>426.000</ele></trkpt>
      <trkpt lat="22.2475956711" lon="113.9391903017"><ele>426.000</ele></trkpt>
      <trkpt lat="22.2475807217" lon="113.9391794184"><ele>427.000</ele></trkpt>
      <trkpt lat="22.2475627838" lon="113.9391672567"><ele>427.000</ele></trkpt>
      <trkpt lat="22.2475490301" lon="113.9391570129"><ele>427.000</ele></trkpt>
      <trkpt lat="22.2475364719" lon="113.9391474091"><ele>428.000</ele></trkpt>
      <trkpt lat="22.2475215290" lon="113.9391410174"><ele>428.000</ele></trkpt>
      <trkpt lat="22.2475017945" lon="113.9391256504"><ele>428.000</ele></trkpt>
      <trkpt lat="22.2474826562" lon="113.9391096407"><ele>429.000</ele></trkpt>
      <trkpt lat="22.2474641200" lon="113.9390968386"><ele>429.000</ele></trkpt>
      <trkpt lat="22.2474461840" lon="113.9390859602"><ele>430.000</ele></trkpt>
      <trkpt lat="22.2474324338" lon="113.9390782833"><ele>430.000</ele></trkpt>
      <trkpt lat="22.2474198823" lon="113.9390731712"><ele>431.000</ele></trkpt>
      <trkpt lat="22.2474067276" lon="113.9390642099"><ele>431.000</ele></trkpt>
      <trkpt lat="22.2473911830" lon="113.9390546108"><ele>432.000</ele></trkpt>
      <trkpt lat="22.2473792193" lon="113.9390430808"><ele>432.000</ele></trkpt>
      <trkpt lat="22.2473726336" lon="113.9390328252"><ele>432.000</ele></trkpt>
      <trkpt lat="22.2473594658" lon="113.9390148803"><ele>433.000</ele></trkpt>
      <trkpt lat="22.2473427123" lon="113.9389956583"><ele>434.000</ele></trkpt>
      <trkpt lat="22.2473241573" lon="113.9389700227"><ele>435.000</ele></trkpt>
      <trkpt lat="22.2473127853" lon="113.9389546414"><ele>435.000</ele></trkpt>
      <trkpt lat="22.2473032005" lon="113.9389360490"><ele>436.000</ele></trkpt>
      <trkpt lat="22.2472930186" lon="113.9389174576"><ele>437.000</ele></trkpt>
      <trkpt lat="22.2472882079" lon="113.9388956486"><ele>437.000</ele></trkpt>
      <trkpt lat="22.2472840031" lon="113.9388796138"><ele>438.000</ele></trkpt>
      <trkpt lat="22.2472821811" lon="113.9388590831"><ele>439.000</ele></trkpt>
      <trkpt lat="22.2472791700" lon="113.9388424048"><ele>439.000</ele></trkpt>
      <trkpt lat="22.2472815377" lon="113.9388276421"><ele>440.000</ele></trkpt>
      <trkpt lat="22.2472868903" lon="113.9388115911"><ele>440.000</ele></trkpt>
      <trkpt lat="22.2472982088" lon="113.9387903967"><ele>441.000</ele></trkpt>
      <trkpt lat="22.2473035584" lon="113.9387724206"><ele>441.000</ele></trkpt>
      <trkpt lat="22.2473023354" lon="113.9387531724"><ele>442.000</ele></trkpt>
      <trkpt lat="22.2473017091" lon="113.9387332814"><ele>443.000</ele></trkpt>
      <trkpt lat="22.2473046610" lon="113.9387095344"><ele>444.000</ele></trkpt>
      <trkpt lat="22.2473076119" lon="113.9386851456"><ele>445.000</ele></trkpt>
      <trkpt lat="22.2473141591" lon="113.9386690926"><ele>446.000</ele></trkpt>
      <trkpt lat="22.2473213055" lon="113.9386543220"><ele>446.000</ele></trkpt>
      <trkpt lat="22.2473254662" lon="113.9386401982"><ele>447.000</ele></trkpt>
      <trkpt lat="22.2473284152" lon="113.9386145260"><ele>448.000</ele></trkpt>
      <trkpt lat="22.2473373425" lon="113.9385920522"><ele>448.000</ele></trkpt>
      <trkpt lat="22.2473510502" lon="113.9385708536"><ele>449.000</ele></trkpt>
      <trkpt lat="22.2473629650" lon="113.9385490163"><ele>450.000</ele></trkpt>
      <trkpt lat="22.2473724941" lon="113.9385297499"><ele>450.000</ele></trkpt>
      <trkpt lat="22.2473879891" lon="113.9385053399"><ele>451.000</ele></trkpt>
      <trkpt lat="22.2474016942" lon="113.9384822163"><ele>451.000</ele></trkpt>
      <trkpt lat="22.2474106202" lon="113.9384591009"><ele>451.000</ele></trkpt>
      <trkpt lat="22.2474141694" lon="113.9384353528"><ele>451.000</ele></trkpt>
      <trkpt lat="22.2474153341" lon="113.9384148171"><ele>451.000</ele></trkpt>
      <trkpt lat="22.2474153030" lon="113.9383936417"><ele>450.000</ele></trkpt>
      <trkpt lat="22.2474116804" lon="113.9383673391"><ele>450.000</ele></trkpt>
      <trkpt lat="22.2474116456" lon="113.9383435971"><ele>450.000</ele></trkpt>
      <trkpt lat="22.2474122062" lon="113.9383185706"><ele>450.000</ele></trkpt>
      <trkpt lat="22.2474115665" lon="113.9382896964"><ele>450.000</ele></trkpt>
      <trkpt lat="22.2474115251" lon="113.9382614626"><ele>450.000</ele></trkpt>
      <trkpt lat="22.2474102917" lon="113.9382351557"><ele>450.000</ele></trkpt>
      <trkpt lat="22.2474060708" lon="113.9382082124"><ele>451.000</ele></trkpt>
      <trkpt lat="22.2473988669" lon="113.9381838408"><ele>451.000</ele></trkpt>
      <trkpt lat="22.2473868909" lon="113.9381639691"><ele>451.000</ele></trkpt>
      <trkpt lat="22.2473719123" lon="113.9381331940"><ele>452.000</ele></trkpt>
      <trkpt lat="22.2473599289" lon="113.9381081888"><ele>452.000</ele></trkpt>
      <trkpt lat="22.2473485456" lon="113.9380851078"><ele>452.000</ele></trkpt>
      <trkpt lat="22.2473365639" lon="113.9380613860"><ele>452.000</ele></trkpt>
      <trkpt lat="22.2473275698" lon="113.9380383009"><ele>452.000</ele></trkpt>
      <trkpt lat="22.2473149919" lon="113.9380152219"><ele>452.000</ele></trkpt>
      <trkpt lat="22.2473012247" lon="113.9379959949"><ele>452.000</ele></trkpt>
      <trkpt lat="22.2472892555" lon="113.9379806147"><ele>452.000</ele></trkpt>
      <trkpt lat="22.2472742995" lon="113.9379652399"><ele>452.000</ele></trkpt>
      <trkpt lat="22.2472593472" lon="113.9379524319"><ele>452.000</ele></trkpt>
      <trkpt lat="22.2472437947" lon="113.9379376995"><ele>452.000</ele></trkpt>
      <trkpt lat="22.2472312316" lon="113.9379248872"><ele>451.000</ele></trkpt>
      <trkpt lat="22.2472198549" lon="113.9379062979"><ele>451.000</ele></trkpt>
      <trkpt lat="22.2472084800" lon="113.9378889919"><ele>451.000</ele></trkpt>
      <trkpt lat="22.2471953047" lon="113.9378659139"><ele>451.000</ele></trkpt>
      <trkpt lat="22.2471851236" lon="113.9378479643"><ele>451.000</ele></trkpt>
      <trkpt lat="22.2471719556" lon="113.9378300196"><ele>451.000</ele></trkpt>
      <trkpt lat="22.2471605845" lon="113.9378152804"><ele>452.000</ele></trkpt>
      <trkpt lat="22.2471522088" lon="113.9378063110"><ele>452.000</ele></trkpt>
      <trkpt lat="22.2471414435" lon="113.9377973460"><ele>452.000</ele></trkpt>
      <trkpt lat="22.2471276932" lon="113.9377896692"><ele>452.000</ele></trkpt>
      <trkpt lat="22.2471103583" lon="113.9377813568"><ele>452.000</ele></trkpt>
      <trkpt lat="22.2470972073" lon="113.9377749622"><ele>452.000</ele></trkpt>
      <trkpt lat="22.2470834639" lon="113.9377717772"><ele>452.000</ele></trkpt>
      <trkpt lat="22.2470691250" lon="113.9377698766"><ele>453.000</ele></trkpt>
      <trkpt lat="22.2470541896" lon="113.9377686185"><ele>453.000</ele></trkpt>
      <trkpt lat="22.2470398536" lon="113.9377686429"><ele>453.000</ele></trkpt>
      <trkpt lat="22.2470273085" lon="113.9377680225"><ele>453.000</ele></trkpt>
      <trkpt lat="22.2470147655" lon="113.9377686855"><ele>453.000</ele></trkpt>
      <trkpt lat="22.2470010218" lon="113.9377655004"><ele>454.000</ele></trkpt>
      <trkpt lat="22.2469896632" lon="113.9377591028"><ele>454.000</ele></trkpt>
      <trkpt lat="22.2469812938" lon="113.9377546252"><ele>454.000</ele></trkpt>
      <trkpt lat="22.2469729206" lon="113.9377475811"><ele>454.000</ele></trkpt>
      <trkpt lat="22.2469633492" lon="113.9377379723"><ele>454.000</ele></trkpt>
      <trkpt lat="22.2469418052" lon="113.9377110583"><ele>454.000</ele></trkpt>
      <trkpt lat="22.2469118876" lon="113.9376764587"><ele>454.000</ele></trkpt>
      <trkpt lat="22.2469041099" lon="113.9376681301"><ele>454.000</ele></trkpt>
      <trkpt lat="22.2468909589" lon="113.9376617357"><ele>454.000</ele></trkpt>
      <trkpt lat="22.2468772117" lon="113.9376559839"><ele>454.000</ele></trkpt>
      <trkpt lat="22.2468521132" lon="113.9376489681"><ele>454.000</ele></trkpt>
      <trkpt lat="22.2468084217" lon="113.9376367270"><ele>454.000</ele></trkpt>
      <trkpt lat="22.2468043064" lon="113.9376355740"><ele>454.000</ele></trkpt>
      <trkpt lat="22.2467613461" lon="113.9376206425"><ele>453.000</ele></trkpt>
      <trkpt lat="22.2467547018" lon="113.9376183332"><ele>453.000</ele></trkpt>
      <trkpt lat="22.2467212358" lon="113.9376081231"><ele>453.000</ele></trkpt>
      <trkpt lat="22.2467086822" lon="113.9376017277"><ele>453.000</ele></trkpt>
      <trkpt lat="22.2466991211" lon="113.9375991773"><ele>453.000</ele></trkpt>
      <trkpt lat="22.2466865769" lon="113.9375991986"><ele>453.000</ele></trkpt>
      <trkpt lat="22.2466716435" lon="113.9375992240"><ele>453.000</ele></trkpt>
      <trkpt lat="22.2466543227" lon="113.9376005366"><ele>453.000</ele></trkpt>
      <trkpt lat="22.2466166932" lon="113.9376025256"><ele>453.000</ele></trkpt>
      <trkpt lat="22.2465862308" lon="113.9376038606"><ele>453.000</ele></trkpt>
      <trkpt lat="22.2465563660" lon="113.9376051947"><ele>453.000</ele></trkpt>
      <trkpt lat="22.2465366520" lon="113.9376039447"><ele>453.000</ele></trkpt>
      <trkpt lat="22.2465151384" lon="113.9375975646"><ele>453.000</ele></trkpt>
      <trkpt lat="22.2464948128" lon="113.9375866908"><ele>453.000</ele></trkpt>
      <trkpt lat="22.2464744779" lon="113.9375694000"><ele>453.000</ele></trkpt>
      <trkpt lat="22.2464553319" lon="113.9375482575"><ele>454.000</ele></trkpt>
      <trkpt lat="22.2464367757" lon="113.9375219802"><ele>454.000</ele></trkpt>
      <trkpt lat="22.2464193989" lon="113.9374854343"><ele>455.000</ele></trkpt>
      <trkpt lat="22.2464050185" lon="113.9374553002"><ele>455.000</ele></trkpt>
      <trkpt lat="22.2463900368" lon="113.9374226002"><ele>456.000</ele></trkpt>
      <trkpt lat="22.2463780515" lon="113.9373963121"><ele>456.000</ele></trkpt>
      <trkpt lat="22.2463642710" lon="113.9373681019"><ele>457.000</ele></trkpt>
      <trkpt lat="22.2463510956" lon="113.9373450241"><ele>457.000</ele></trkpt>
      <trkpt lat="22.2463337455" lon="113.9373264449"><ele>457.000</ele></trkpt>
      <trkpt lat="22.2463164018" lon="113.9373123577"><ele>457.000</ele></trkpt>
      <trkpt lat="22.2462966671" lon="113.9372969911"><ele>457.000</ele></trkpt>
      <trkpt lat="22.2462643757" lon="113.9372733041"><ele>457.000</ele></trkpt>
      <trkpt lat="22.2462386609" lon="113.9372534560"><ele>457.000</ele></trkpt>
      <trkpt lat="22.2462159299" lon="113.9372316777"><ele>457.000</ele></trkpt>
      <trkpt lat="22.2461961848" lon="113.9372092528"><ele>457.000</ele></trkpt>
      <trkpt lat="22.2461770341" lon="113.9371849018"><ele>457.000</ele></trkpt>
      <trkpt lat="22.2461536962" lon="113.9371567079"><ele>458.000</ele></trkpt>
      <trkpt lat="22.2461249758" lon="113.9371240314"><ele>459.000</ele></trkpt>
      <trkpt lat="22.2461046379" lon="113.9371048159"><ele>459.000</ele></trkpt>
      <trkpt lat="22.2460777323" lon="113.9370875367"><ele>459.000</ele></trkpt>
      <trkpt lat="22.2460490344" lon="113.9370702603"><ele>459.000</ele></trkpt>
      <trkpt lat="22.2460227326" lon="113.9370574716"><ele>459.000</ele></trkpt>
      <trkpt lat="22.2459958251" lon="113.9370389090"><ele>460.000</ele></trkpt>
      <trkpt lat="22.2459760949" lon="113.9370267508"><ele>460.000</ele></trkpt>
      <trkpt lat="22.2459569451" lon="113.9370030415"><ele>460.000</ele></trkpt>
      <trkpt lat="22.2459306186" lon="113.9369735694"><ele>461.000</ele></trkpt>
      <trkpt lat="22.2459078848" lon="113.9369498663"><ele>462.000</ele></trkpt>
      <trkpt lat="22.2458929279" lon="113.9369338499"><ele>462.000</ele></trkpt>
      <trkpt lat="22.2458875337" lon="113.9369216674"><ele>463.000</ele></trkpt>
      <trkpt lat="22.2458869184" lon="113.9369094766"><ele>463.000</ele></trkpt>
      <trkpt lat="22.2458833183" lon="113.9368985744"><ele>464.000</ele></trkpt>
      <trkpt lat="22.2458803155" lon="113.9368876712"><ele>464.000</ele></trkpt>
      <trkpt lat="22.2458737306" lon="113.9368780573"><ele>465.000</ele></trkpt>
      <trkpt lat="22.2458629653" lon="113.9368690924"><ele>465.000</ele></trkpt>
      <trkpt lat="22.2458509996" lon="113.9368562793"><ele>466.000</ele></trkpt>
      <trkpt lat="22.2458390348" lon="113.9368441079"><ele>467.000</ele></trkpt>
      <trkpt lat="22.2458306493" lon="113.9368287221"><ele>467.000</ele></trkpt>
      <trkpt lat="22.2458228649" lon="113.9368159019"><ele>468.000</ele></trkpt>
      <trkpt lat="22.2458168642" lon="113.9367973038"><ele>468.000</ele></trkpt>
      <trkpt lat="22.2458108653" lon="113.9367799888"><ele>469.000</ele></trkpt>
      <trkpt lat="22.2458036774" lon="113.9367665259"><ele>469.000</ele></trkpt>
      <trkpt lat="22.2457953013" lon="113.9367575569"><ele>469.000</ele></trkpt>
      <trkpt lat="22.2457845303" lon="113.9367447418"><ele>470.000</ele></trkpt>
      <trkpt lat="22.2457707705" lon="113.9367306484"><ele>471.000</ele></trkpt>
      <trkpt lat="22.2457606045" lon="113.9367229657"><ele>471.000</ele></trkpt>
      <trkpt lat="22.2457510254" lon="113.9367082236"><ele>471.000</ele></trkpt>
      <trkpt lat="22.2457396466" lon="113.9366883513"><ele>471.000</ele></trkpt>
      <trkpt lat="22.2457300540" lon="113.9366646258"><ele>472.000</ele></trkpt>
      <trkpt lat="22.2457204483" lon="113.9366319169"><ele>472.000</ele></trkpt>
      <trkpt lat="22.2457168207" lon="113.9366024064"><ele>473.000</ele></trkpt>
      <trkpt lat="22.2457173754" lon="113.9365735303"><ele>473.000</ele></trkpt>
      <trkpt lat="22.2457209309" lon="113.9365542741"><ele>474.000</ele></trkpt>
      <trkpt lat="22.2457214989" lon="113.9365343814"><ele>474.000</ele></trkpt>
      <trkpt lat="22.2457196613" lon="113.9365035844"><ele>475.000</ele></trkpt>
      <trkpt lat="22.2457196157" lon="113.9364727841"><ele>476.000</ele></trkpt>
      <trkpt lat="22.2457249425" lon="113.9364394083"><ele>477.000</ele></trkpt>
      <trkpt lat="22.2457338674" lon="113.9364156513"><ele>477.000</ele></trkpt>
      <trkpt lat="22.2457457819" lon="113.9363938141"><ele>478.000</ele></trkpt>
      <trkpt lat="22.2457588891" lon="113.9363706916"><ele>479.000</ele></trkpt>
      <trkpt lat="22.2457743866" lon="113.9363482068"><ele>480.000</ele></trkpt>
      <trkpt lat="22.2457904712" lon="113.9363186624"><ele>481.000</ele></trkpt>
      <trkpt lat="22.2458101407" lon="113.9362897536"><ele>483.000</ele></trkpt>
      <trkpt lat="22.2458292163" lon="113.9362634126"><ele>484.000</ele></trkpt>
      <trkpt lat="22.2458512703" lon="113.9362312914"><ele>485.000</ele></trkpt>
      <trkpt lat="22.2458661686" lon="113.9362075241"><ele>486.000</ele></trkpt>
      <trkpt lat="22.2458816729" lon="113.9361895307"><ele>487.000</ele></trkpt>
      <trkpt lat="22.2459019673" lon="113.9361792294"><ele>487.000</ele></trkpt>
      <trkpt lat="22.2459204638" lon="113.9361650811"><ele>488.000</ele></trkpt>
      <trkpt lat="22.2459389604" lon="113.9361509326"><ele>488.000</ele></trkpt>
      <trkpt lat="22.2459520836" lon="113.9361387185"><ele>488.000</ele></trkpt>
      <trkpt lat="22.2459693695" lon="113.9361136637"><ele>488.000</ele></trkpt>
      <trkpt lat="22.2459914188" lon="113.9360783341"><ele>489.000</ele></trkpt>
      <trkpt lat="22.2460158525" lon="113.9360397921"><ele>489.000</ele></trkpt>
      <trkpt lat="22.2460431600" lon="113.9360011637"><ele>490.000</ele></trkpt>
      <trkpt lat="22.2460540023" lon="113.9359858266"><ele>490.000</ele></trkpt>
      <trkpt lat="22.2460818896" lon="113.9359476791"><ele>491.000</ele></trkpt>
      <trkpt lat="22.2460850010" lon="113.9359434231"><ele>491.000</ele></trkpt>
      <trkpt lat="22.2461131518" lon="113.9359054996"><ele>493.000</ele></trkpt>
      <trkpt lat="22.2461160008" lon="113.9359016615"><ele>493.000</ele></trkpt>
      <trkpt lat="22.2461422388" lon="113.9358621869"><ele>493.000</ele></trkpt>
      <trkpt lat="22.2461446092" lon="113.9358586206"><ele>494.000</ele></trkpt>
      <trkpt lat="22.2461707953" lon="113.9358191063"><ele>494.000</ele></trkpt>
      <trkpt lat="22.2461744095" lon="113.9358136525"><ele>495.000</ele></trkpt>
      <trkpt lat="22.2461980758" lon="113.9357723447"><ele>496.000</ele></trkpt>
      <trkpt lat="22.2461994329" lon="113.9357699760"><ele>496.000</ele></trkpt>
      <trkpt lat="22.2462191023" lon="113.9357410670"><ele>497.000</ele></trkpt>
      <trkpt lat="22.2462453433" lon="113.9357127885"><ele>498.000</ele></trkpt>
      <trkpt lat="22.2462757704" lon="113.9356877111"><ele>500.000</ele></trkpt>
      <trkpt lat="22.2463121213" lon="113.9356589387"><ele>500.000</ele></trkpt>
      <trkpt lat="22.2463139551" lon="113.9356574872"><ele>500.000</ele></trkpt>
      <trkpt lat="22.2463461706" lon="113.9356298401"><ele>502.000</ele></trkpt>
      <trkpt lat="22.2463803685" lon="113.9355981680"><ele>502.000</ele></trkpt>
      <trkpt lat="22.2463843477" lon="113.9355944828"><ele>502.000</ele></trkpt>
      <trkpt lat="22.2464153329" lon="113.9355592014"><ele>503.000</ele></trkpt>
      <trkpt lat="22.2464159533" lon="113.9355584949"><ele>503.000</ele></trkpt>
      <trkpt lat="22.2464457544" lon="113.9355220554"><ele>504.000</ele></trkpt>
      <trkpt lat="22.2464469586" lon="113.9355205829"><ele>504.000</ele></trkpt>
      <trkpt lat="22.2464774412" lon="113.9354847999"><ele>504.000</ele></trkpt>
      <trkpt lat="22.2464803513" lon="113.9354813837"><ele>504.000</ele></trkpt>
      <trkpt lat="22.2465071830" lon="113.9354486125"><ele>505.000</ele></trkpt>
      <trkpt lat="22.2465354039" lon="113.9354107491"><ele>505.000</ele></trkpt>
      <trkpt lat="22.2465363944" lon="113.9354094202"><ele>505.000</ele></trkpt>
      <trkpt lat="22.2465622659" lon="113.9353696673"><ele>506.000</ele></trkpt>
      <trkpt lat="22.2465644053" lon="113.9353663801"><ele>506.000</ele></trkpt>
      <trkpt lat="22.2465852503" lon="113.9353246356"><ele>506.000</ele></trkpt>
      <trkpt lat="22.2466007092" lon="113.9352790626"><ele>506.000</ele></trkpt>
      <trkpt lat="22.2466007134" lon="113.9352790501"><ele>506.000</ele></trkpt>
      <trkpt lat="22.2466143920" lon="113.9352386012"><ele>505.000</ele></trkpt>
      <trkpt lat="22.2466280668" lon="113.9351955856"><ele>505.000</ele></trkpt>
      <trkpt lat="22.2466432932" lon="113.9351499223"><ele>504.000</ele></trkpt>
      <trkpt lat="22.2466441235" lon="113.9351474324"><ele>504.000</ele></trkpt>
      <trkpt lat="22.2466584157" lon="113.9351178910"><ele>503.000</ele></trkpt>
      <trkpt lat="22.2466715102" lon="113.9350864265"><ele>503.000</ele></trkpt>
      <trkpt lat="22.2466857988" lon="113.9350543183"><ele>502.000</ele></trkpt>
      <trkpt lat="22.2467000919" lon="113.9350254183"><ele>501.000</ele></trkpt>
      <trkpt lat="22.2467167839" lon="113.9350029311"><ele>500.000</ele></trkpt>
      <trkpt lat="22.2467388405" lon="113.9349727344"><ele>499.000</ele></trkpt>
      <trkpt lat="22.2467525410" lon="113.9349470440"><ele>498.000</ele></trkpt>
      <trkpt lat="22.2467793639" lon="113.9349084973"><ele>497.000</ele></trkpt>
      <trkpt lat="22.2468055499" lon="113.9348689827"><ele>496.000</ele></trkpt>
      <trkpt lat="22.2468091639" lon="113.9348635290"><ele>496.000</ele></trkpt>
      <trkpt lat="22.2468306155" lon="113.9348281998"><ele>495.000</ele></trkpt>
      <trkpt lat="22.2468538525" lon="113.9347883760"><ele>494.000</ele></trkpt>
      <trkpt lat="22.2468699434" lon="113.9347633232"><ele>494.000</ele></trkpt>
      <trkpt lat="22.2468848530" lon="113.9347472557"><ele>493.000</ele></trkpt>
      <trkpt lat="22.2469015535" lon="113.9347305434"><ele>493.000</ele></trkpt>
      <trkpt lat="22.2469206329" lon="113.9347067686"><ele>493.000</ele></trkpt>
      <trkpt lat="22.2469397028" lon="113.9346765769"><ele>493.000</ele></trkpt>
      <trkpt lat="22.2469528078" lon="113.9346521709"><ele>493.000</ele></trkpt>
      <trkpt lat="22.2469700906" lon="113.9346251907"><ele>493.000</ele></trkpt>
      <trkpt lat="22.2469814028" lon="113.9346001460"><ele>493.000</ele></trkpt>
      <trkpt lat="22.2469885278" lon="113.9345712583"><ele>494.000</ele></trkpt>
      <trkpt lat="22.2469998428" lon="113.9345481385"><ele>494.000</ele></trkpt>
      <trkpt lat="22.2470165145" lon="113.9345121760"><ele>494.000</ele></trkpt>
      <trkpt lat="22.2470302054" lon="113.9344800686"><ele>494.000</ele></trkpt>
      <trkpt lat="22.2470462858" lon="113.9344479571"><ele>495.000</ele></trkpt>
      <trkpt lat="22.2470635654" lon="113.9344190519"><ele>494.000</ele></trkpt>
      <trkpt lat="22.2470838300" lon="113.9343888583"><ele>495.000</ele></trkpt>
      <trkpt lat="22.2470957490" lon="113.9343702290"><ele>495.000</ele></trkpt>
      <trkpt lat="22.2471076592" lon="113.9343458250"><ele>496.000</ele></trkpt>
      <trkpt lat="22.2471100162" lon="113.9343240039"><ele>496.000</ele></trkpt>
      <trkpt lat="22.2471171507" lon="113.9343015330"><ele>496.000</ele></trkpt>
      <trkpt lat="22.2471260771" lon="113.9342790588"><ele>496.000</ele></trkpt>
      <trkpt lat="22.2471403787" lon="113.9342559338"><ele>496.000</ele></trkpt>
      <trkpt lat="22.2471546911" lon="113.9342398673"><ele>497.000</ele></trkpt>
      <trkpt lat="22.2471767648" lon="113.9342212207"><ele>497.000</ele></trkpt>
      <trkpt lat="22.2471976543" lon="113.9342096346"><ele>497.000</ele></trkpt>
      <trkpt lat="22.2472167595" lon="113.9342031847"><ele>498.000</ele></trkpt>
      <trkpt lat="22.2472400498" lon="113.9341992946"><ele>498.000</ele></trkpt>
      <trkpt lat="22.2472639424" lon="113.9341986120"><ele>498.000</ele></trkpt>
      <trkpt lat="22.2472950050" lon="113.9341991999"><ele>499.000</ele></trkpt>
      <trkpt lat="22.2473206914" lon="113.9341997974"><ele>499.000</ele></trkpt>
      <trkpt lat="22.2473463817" lon="113.9342029615"><ele>499.000</ele></trkpt>
      <trkpt lat="22.2473654994" lon="113.9342048537"><ele>500.000</ele></trkpt>
      <trkpt lat="22.2473881990" lon="113.9342054563"><ele>500.000</ele></trkpt>
      <trkpt lat="22.2474049255" lon="113.9342060692"><ele>500.000</ele></trkpt>
      <trkpt lat="22.2474252262" lon="113.9342002591"><ele>500.000</ele></trkpt>
      <trkpt lat="22.2474449250" lon="113.9341912416"><ele>500.000</ele></trkpt>
      <trkpt lat="22.2474670035" lon="113.9341758033"><ele>500.000</ele></trkpt>
      <trkpt lat="22.2474860992" lon="113.9341629368"><ele>501.000</ele></trkpt>
      <trkpt lat="22.2475218888" lon="113.9341333634"><ele>502.000</ele></trkpt>
      <trkpt lat="22.2475218953" lon="113.9341333581"><ele>502.000</ele></trkpt>
      <trkpt lat="22.2475427802" lon="113.9341185636"><ele>502.000</ele></trkpt>
      <trkpt lat="22.2475684417" lon="113.9341024774"><ele>503.000</ele></trkpt>
      <trkpt lat="22.2476024565" lon="113.9340799598"><ele>503.000</ele></trkpt>
      <trkpt lat="22.2476114020" lon="113.9340703194"><ele>504.000</ele></trkpt>
      <trkpt lat="22.2476275043" lon="113.9340529662"><ele>504.000</ele></trkpt>
      <trkpt lat="22.2476424081" lon="113.9340330485"><ele>505.000</ele></trkpt>
      <trkpt lat="22.2476644683" lon="113.9340054183"><ele>505.000</ele></trkpt>
      <trkpt lat="22.2476907013" lon="113.9339720057"><ele>507.000</ele></trkpt>
      <trkpt lat="22.2477139551" lon="113.9339437317"><ele>508.000</ele></trkpt>
      <trkpt lat="22.2477401996" lon="113.9339180194"><ele>509.000</ele></trkpt>
      <trkpt lat="22.2477694289" lon="113.9338910185"><ele>511.000</ele></trkpt>
      <trkpt lat="22.2477903042" lon="113.9338698070"><ele>511.000</ele></trkpt>
      <trkpt lat="22.2478159542" lon="113.9338460206"><ele>513.000</ele></trkpt>
      <trkpt lat="22.2478469801" lon="113.9338222249"><ele>514.000</ele></trkpt>
      <trkpt lat="22.2478738315" lon="113.9338029282"><ele>515.000</ele></trkpt>
      <trkpt lat="22.2478869491" lon="113.9337868636"><ele>516.000</ele></trkpt>
      <trkpt lat="22.2479006705" lon="113.9337752897"><ele>517.000</ele></trkpt>
      <trkpt lat="22.2479203654" lon="113.9337637055"><ele>518.000</ele></trkpt>
      <trkpt lat="22.2479370706" lon="113.9337502013"><ele>518.000</ele></trkpt>
      <trkpt lat="22.2479501851" lon="113.9337322117"><ele>519.000</ele></trkpt>
      <trkpt lat="22.2479615038" lon="113.9337116584"><ele>520.000</ele></trkpt>
      <trkpt lat="22.2479716241" lon="113.9336885405"><ele>521.000</ele></trkpt>
      <trkpt lat="22.2479877242" lon="113.9336699038"><ele>522.000</ele></trkpt>
      <trkpt lat="22.2479996480" lon="113.9336544829"><ele>523.000</ele></trkpt>
      <trkpt lat="22.2480115708" lon="113.9336384203"><ele>524.000</ele></trkpt>
      <trkpt lat="22.2480199153" lon="113.9336262139"><ele>524.000</ele></trkpt>
      <trkpt lat="22.2480240763" lon="113.9336127316"><ele>525.000</ele></trkpt>
      <trkpt lat="22.2480246487" lon="113.9335960469"><ele>525.000</ele></trkpt>
      <trkpt lat="22.2480234321" lon="113.9335812901"><ele>526.000</ele></trkpt>
      <trkpt lat="22.2480204222" lon="113.9335658950"><ele>527.000</ele></trkpt>
      <trkpt lat="22.2480150310" lon="113.9335556376"><ele>527.000</ele></trkpt>
      <trkpt lat="22.2480114297" lon="113.9335440936"><ele>527.000</ele></trkpt>
      <trkpt lat="22.2480108140" lon="113.9335319027"><ele>528.000</ele></trkpt>
      <trkpt lat="22.2480107977" lon="113.9335209942"><ele>528.000</ele></trkpt>
      <trkpt lat="22.2480119790" lon="113.9335120086"><ele>529.000</ele></trkpt>
      <trkpt lat="22.2480161431" lon="113.9335004511"><ele>529.000</ele></trkpt>
      <trkpt lat="22.2480197118" lon="113.9334901779"><ele>529.000</ele></trkpt>
      <trkpt lat="22.2480274558" lon="113.9334760477"><ele>530.000</ele></trkpt>
      <trkpt lat="22.2480352049" lon="113.9334651258"><ele>531.000</ele></trkpt>
      <trkpt lat="22.2480441429" lon="113.9334503515"><ele>532.000</ele></trkpt>
      <trkpt lat="22.2480512889" lon="113.9334355806"><ele>532.000</ele></trkpt>
      <trkpt lat="22.2480548460" lon="113.9334176075"><ele>533.000</ele></trkpt>
      <trkpt lat="22.2480542255" lon="113.9334022080"><ele>533.000</ele></trkpt>
      <trkpt lat="22.2480530031" lon="113.9333836015"><ele>534.000</ele></trkpt>
      <trkpt lat="22.2480470066" lon="113.9333682115"><ele>535.000</ele></trkpt>
      <trkpt lat="22.2480404119" lon="113.9333521809"><ele>536.000</ele></trkpt>
      <trkpt lat="22.2480326177" lon="113.9333329440"><ele>537.000</ele></trkpt>
      <trkpt lat="22.2480242318" lon="113.9333175582"><ele>537.000</ele></trkpt>
      <trkpt lat="22.2480164462" lon="113.9333040963"><ele>538.000</ele></trkpt>
      <trkpt lat="22.2480098534" lon="113.9332893491"><ele>539.000</ele></trkpt>
      <trkpt lat="22.2480068360" lon="113.9332688205"><ele>540.000</ele></trkpt>
      <trkpt lat="22.2480068158" lon="113.9332553451"><ele>541.000</ele></trkpt>
      <trkpt lat="22.2480085924" lon="113.9332450753"><ele>541.000</ele></trkpt>
      <trkpt lat="22.2480145534" lon="113.9332367231"><ele>542.000</ele></trkpt>
      <trkpt lat="22.2480217108" lon="113.9332296523"><ele>542.000</ele></trkpt>
      <trkpt lat="22.2480300640" lon="113.9332232211"><ele>543.000</ele></trkpt>
      <trkpt lat="22.2480384131" lon="113.9332142231"><ele>543.000</ele></trkpt>
      <trkpt lat="22.2480461583" lon="113.9332007343"><ele>544.000</ele></trkpt>
      <trkpt lat="22.2480479302" lon="113.9331872561"><ele>545.000</ele></trkpt>
      <trkpt lat="22.2480461160" lon="113.9331725004"><ele>545.000</ele></trkpt>
      <trkpt lat="22.2480425117" lon="113.9331590315"><ele>545.000</ele></trkpt>
      <trkpt lat="22.2480353254" lon="113.9331468520"><ele>545.000</ele></trkpt>
      <trkpt lat="22.2480311190" lon="113.9331301755"><ele>546.000</ele></trkpt>
      <trkpt lat="22.2480287096" lon="113.9331167043"><ele>546.000</ele></trkpt>
      <trkpt lat="22.2480304784" lon="113.9331013009"><ele>547.000</ele></trkpt>
      <trkpt lat="22.2480364326" lon="113.9330884569"><ele>548.000</ele></trkpt>
      <trkpt lat="22.2480435795" lon="113.9330743277"><ele>548.000</ele></trkpt>
      <trkpt lat="22.2480519211" lon="113.9330601964"><ele>549.000</ele></trkpt>
      <trkpt lat="22.2480626530" lon="113.9330467024"><ele>550.000</ele></trkpt>
      <trkpt lat="22.2480745767" lon="113.9330312815"><ele>551.000</ele></trkpt>
      <trkpt lat="22.2480871023" lon="113.9330190679"><ele>552.000</ele></trkpt>
      <trkpt lat="22.2480972387" lon="113.9330068584"><ele>553.000</ele></trkpt>
      <trkpt lat="22.2481073763" lon="113.9329952906"><ele>553.000</ele></trkpt>
      <trkpt lat="22.2481199029" lon="113.9329837187"><ele>554.000</ele></trkpt>
      <trkpt lat="22.2481336216" lon="113.9329702195"><ele>555.000</ele></trkpt>
      <trkpt lat="22.2481449498" lon="113.9329560830"><ele>555.000</ele></trkpt>
      <trkpt lat="22.2481520967" lon="113.9329419535"><ele>556.000</ele></trkpt>
      <trkpt lat="22.2481592378" lon="113.9329239742"><ele>557.000</ele></trkpt>
      <trkpt lat="22.2481651879" lon="113.9329085636"><ele>557.000</ele></trkpt>
      <trkpt lat="22.2481705429" lon="113.9328944372"><ele>558.000</ele></trkpt>
      <trkpt lat="22.2481717162" lon="113.9328803183"><ele>558.000</ele></trkpt>
      <trkpt lat="22.2481716989" lon="113.9328687681"><ele>559.000</ele></trkpt>
      <trkpt lat="22.2481680956" lon="113.9328559406"><ele>560.000</ele></trkpt>
      <trkpt lat="22.2481650839" lon="113.9328392621"><ele>561.000</ele></trkpt>
      <trkpt lat="22.2481632679" lon="113.9328232232"><ele>562.000</ele></trkpt>
      <trkpt lat="22.2481614517" lon="113.9328071843"><ele>562.000</ele></trkpt>
      <trkpt lat="22.2481590413" lon="113.9327930716"><ele>563.000</ele></trkpt>
      <trkpt lat="22.2481554341" lon="113.9327776775"><ele>564.000</ele></trkpt>
      <trkpt lat="22.2481500291" lon="113.9327584362"><ele>564.000</ele></trkpt>
      <trkpt lat="22.2481434267" lon="113.9327372724"><ele>565.000</ele></trkpt>
      <trkpt lat="22.2481386171" lon="113.9327167469"><ele>566.000</ele></trkpt>
      <trkpt lat="22.2481362008" lon="113.9326987839"><ele>566.000</ele></trkpt>
      <trkpt lat="22.2481325860" lon="113.9326782565"><ele>567.000</ele></trkpt>
      <trkpt lat="22.2481289643" lon="113.9326532372"><ele>567.000</ele></trkpt>
      <trkpt lat="22.2481301280" lon="113.9326327013"><ele>568.000</ele></trkpt>
      <trkpt lat="22.2481342795" lon="113.9326128020"><ele>569.000</ele></trkpt>
      <trkpt lat="22.2481384359" lon="113.9325961110"><ele>570.000</ele></trkpt>
      <trkpt lat="22.2481473671" lon="113.9325768452"><ele>571.000</ele></trkpt>
      <trkpt lat="22.2481574967" lon="113.9325601438"><ele>572.000</ele></trkpt>
      <trkpt lat="22.2481640461" lon="113.9325460156"><ele>573.000</ele></trkpt>
      <trkpt lat="22.2481735815" lon="113.9325312402"><ele>574.000</ele></trkpt>
      <trkpt lat="22.2481878973" lon="113.9325177402"><ele>575.000</ele></trkpt>
      <trkpt lat="22.2482051949" lon="113.9325010265"><ele>575.000</ele></trkpt>
      <trkpt lat="22.2482224964" lon="113.9324868796"><ele>575.000</ele></trkpt>
      <trkpt lat="22.2482386082" lon="113.9324759429"><ele>576.000</ele></trkpt>
      <trkpt lat="22.2482463601" lon="113.9324669460"><ele>577.000</ele></trkpt>
      <trkpt lat="22.2482606740" lon="113.9324521624"><ele>577.000</ele></trkpt>
      <trkpt lat="22.2482743962" lon="113.9324412300"><ele>579.000</ele></trkpt>
      <trkpt lat="22.2482899049" lon="113.9324264445"><ele>580.000</ele></trkpt>
      <trkpt lat="22.2483018353" lon="113.9324155153"><ele>581.000</ele></trkpt>
      <trkpt lat="22.2483107846" lon="113.9324084411"><ele>581.000</ele></trkpt>
      <trkpt lat="22.2483197380" lon="113.9324039337"><ele>582.000</ele></trkpt>
      <trkpt lat="22.2483292943" lon="113.9324032757"><ele>583.000</ele></trkpt>
      <trkpt lat="22.2483394463" lon="113.9324013329"><ele>583.000</ele></trkpt>
      <trkpt lat="22.2483495894" lon="113.9323936151"><ele>584.000</ele></trkpt>
      <trkpt lat="22.2483591264" lon="113.9323801231"><ele>585.000</ele></trkpt>
      <trkpt lat="22.2483674680" lon="113.9323659918"><ele>586.000</ele></trkpt>
      <trkpt lat="22.2483710250" lon="113.9323480184"><ele>587.000</ele></trkpt>
      <trkpt lat="22.2483704035" lon="113.9323319776"><ele>588.000</ele></trkpt>
      <trkpt lat="22.2483673975" lon="113.9323191491"><ele>588.000</ele></trkpt>
      <trkpt lat="22.2483673782" lon="113.9323063155"><ele>589.000</ele></trkpt>
      <trkpt lat="22.2483721377" lon="113.9322934735"><ele>589.000</ele></trkpt>
      <trkpt lat="22.2483822759" lon="113.9322825474"><ele>590.000</ele></trkpt>
      <trkpt lat="22.2483900355" lon="113.9322786838"><ele>591.000</ele></trkpt>
      <trkpt lat="22.2484001912" lon="113.9322793079"><ele>591.000</ele></trkpt>
      <trkpt lat="22.2484139262" lon="113.9322767172"><ele>592.000</ele></trkpt>
      <trkpt lat="22.2484252658" lon="113.9322702808"><ele>593.000</ele></trkpt>
      <trkpt lat="22.2484318222" lon="113.9322606440"><ele>594.000</ele></trkpt>
      <trkpt lat="22.2484401645" lon="113.9322471544"><ele>595.000</ele></trkpt>
      <trkpt lat="22.2484514772" lon="113.9322227508"><ele>597.000</ele></trkpt>
      <trkpt lat="22.2484615964" lon="113.9321989909"><ele>598.000</ele></trkpt>
      <trkpt lat="22.2484687200" lon="113.9321694611"><ele>600.000</ele></trkpt>
      <trkpt lat="22.2484734676" lon="113.9321489192"><ele>601.000</ele></trkpt>
      <trkpt lat="22.2484752394" lon="113.9321354407"><ele>602.000</ele></trkpt>
      <trkpt lat="22.2484782096" lon="113.9321245270"><ele>602.000</ele></trkpt>
      <trkpt lat="22.2484883479" lon="113.9321136006"><ele>603.000</ele></trkpt>
      <trkpt lat="22.2485014701" lon="113.9321007443"><ele>605.000</ele></trkpt>
      <trkpt lat="22.2485104059" lon="113.9320846867"><ele>606.000</ele></trkpt>
      <trkpt lat="22.2485217215" lon="113.9320622080"><ele>608.000</ele></trkpt>
      <trkpt lat="22.2485294753" lon="113.9320544943"><ele>608.000</ele></trkpt>
      <trkpt lat="22.2485372397" lon="113.9320538391"><ele>609.000</ele></trkpt>
      <trkpt lat="22.2485461999" lon="113.9320538235"><ele>610.000</ele></trkpt>
      <trkpt lat="22.2485587438" lon="113.9320538017"><ele>610.000</ele></trkpt>
      <trkpt lat="22.2485700913" lon="113.9320524988"><ele>611.000</ele></trkpt>
      <trkpt lat="22.2485850189" lon="113.9320486228"><ele>612.000</ele></trkpt>
      <trkpt lat="22.2485963510" lon="113.9320370528"><ele>613.000</ele></trkpt>
      <trkpt lat="22.2486070731" lon="113.9320171420"><ele>614.000</ele></trkpt>
      <trkpt lat="22.2486171970" lon="113.9319965905"><ele>614.000</ele></trkpt>
      <trkpt lat="22.2486213511" lon="113.9319786160"><ele>615.000</ele></trkpt>
      <trkpt lat="22.2486237126" lon="113.9319600032"><ele>616.000</ele></trkpt>
      <trkpt lat="22.2486290595" lon="113.9319407434"><ele>617.000</ele></trkpt>
      <trkpt lat="22.2486350079" lon="113.9319240493"><ele>617.000</ele></trkpt>
      <trkpt lat="22.2486463264" lon="113.9319034957"><ele>618.000</ele></trkpt>
      <trkpt lat="22.2486558575" lon="113.9318861538"><ele>618.000</ele></trkpt>
      <trkpt lat="22.2486641981" lon="113.9318713804"><ele>619.000</ele></trkpt>
      <trkpt lat="22.2486761207" lon="113.9318553176"><ele>619.000</ele></trkpt>
      <trkpt lat="22.2486904326" lon="113.9318392506"><ele>619.000</ele></trkpt>
      <trkpt lat="22.2487047464" lon="113.9318244671"><ele>619.000</ele></trkpt>
      <trkpt lat="22.2487256289" lon="113.9318083886"><ele>619.000</ele></trkpt>
      <trkpt lat="22.2487465117" lon="113.9317923102"><ele>619.000</ele></trkpt>
      <trkpt lat="22.2487667920" lon="113.9317730244"><ele>620.000</ele></trkpt>
      <trkpt lat="22.2487817022" lon="113.9317575981"><ele>620.000</ele></trkpt>
      <trkpt lat="22.2487930265" lon="113.9317408946"><ele>620.000</ele></trkpt>
      <trkpt lat="22.2488013593" lon="113.9317209879"><ele>620.000</ele></trkpt>
      <trkpt lat="22.2488055087" lon="113.9316998050"><ele>620.000</ele></trkpt>
      <trkpt lat="22.2488090628" lon="113.9316799066"><ele>620.000</ele></trkpt>
      <trkpt lat="22.2488108237" lon="113.9316593696"><ele>620.000</ele></trkpt>
      <trkpt lat="22.2488101924" lon="113.9316369118"><ele>621.000</ele></trkpt>
      <trkpt lat="22.2488077693" lon="113.9316144572"><ele>620.000</ele></trkpt>
      <trkpt lat="22.2488053452" lon="113.9315913608"><ele>621.000</ele></trkpt>
      <trkpt lat="22.2488065068" lon="113.9315695414"><ele>621.000</ele></trkpt>
      <trkpt lat="22.2488082650" lon="113.9315470795"><ele>621.000</ele></trkpt>
      <trkpt lat="22.2488100027" lon="113.9315111422"><ele>621.000</ele></trkpt>
      <trkpt lat="22.2488087529" lon="113.9314745683"><ele>622.000</ele></trkpt>
      <trkpt lat="22.2488087026" lon="113.9314412007"><ele>622.000</ele></trkpt>
      <trkpt lat="22.2488032867" lon="113.9314149012"><ele>622.000</ele></trkpt>
      <trkpt lat="22.2487984721" lon="113.9313911673"><ele>623.000</ele></trkpt>
      <trkpt lat="22.2487990462" lon="113.9313757659"><ele>623.000</ele></trkpt>
      <trkpt lat="22.2488020028" lon="113.9313558685"><ele>623.000</ele></trkpt>
      <trkpt lat="22.2487977837" lon="113.9313308501"><ele>624.000</ele></trkpt>
      <trkpt lat="22.2487935560" lon="113.9313000567"><ele>624.000</ele></trkpt>
      <trkpt lat="22.2487911287" lon="113.9312750352"><ele>625.000</ele></trkpt>
      <trkpt lat="22.2487898876" lon="113.9312442366"><ele>625.000</ele></trkpt>
      <trkpt lat="22.2487886473" lon="113.9312140795"><ele>625.000</ele></trkpt>
      <trkpt lat="22.2487910017" lon="113.9311909748"><ele>625.000</ele></trkpt>
      <trkpt lat="22.2487927628" lon="113.9311704378"><ele>625.000</ele></trkpt>
      <trkpt lat="22.2487986934" lon="113.9311421935"><ele>626.000</ele></trkpt>
      <trkpt lat="22.2488046281" lon="113.9311165157"><ele>626.000</ele></trkpt>
      <trkpt lat="22.2488129470" lon="113.9310876254"><ele>626.000</ele></trkpt>
      <trkpt lat="22.2488218741" lon="113.9310657926"><ele>626.000</ele></trkpt>
      <trkpt lat="22.2488290111" lon="113.9310452463"><ele>626.000</ele></trkpt>
      <trkpt lat="22.2488343618" lon="113.9310285531"><ele>626.000</ele></trkpt>
      <trkpt lat="22.2488361200" lon="113.9310060911"><ele>626.000</ele></trkpt>
      <trkpt lat="22.2488348913" lon="113.9309836342"><ele>626.000</ele></trkpt>
      <trkpt lat="22.2488288918" lon="113.9309663193"><ele>626.000</ele></trkpt>
      <trkpt lat="22.2488252845" lon="113.9309509252"><ele>626.000</ele></trkpt>
      <trkpt lat="22.2488192869" lon="113.9309348936"><ele>627.000</ele></trkpt>
      <trkpt lat="22.2488144868" lon="113.9309207848"><ele>627.000</ele></trkpt>
      <trkpt lat="22.2488120769" lon="113.9309073138"><ele>627.000</ele></trkpt>
      <trkpt lat="22.2488084638" lon="113.9308880694"><ele>628.000</ele></trkpt>
      <trkpt lat="22.2488060444" lon="113.9308681814"><ele>628.000</ele></trkpt>
      <trkpt lat="22.2488060133" lon="113.9308476477"><ele>628.000</ele></trkpt>
      <trkpt lat="22.2488059774" lon="113.9308239055"><ele>628.000</ele></trkpt>
      <trkpt lat="22.2488053480" lon="113.9308027309"><ele>629.000</ele></trkpt>
      <trkpt lat="22.2488065175" lon="113.9307860451"><ele>629.000</ele></trkpt>
      <trkpt lat="22.2488064922" lon="113.9307693613"><ele>629.000</ele></trkpt>
      <trkpt lat="22.2488016804" lon="113.9307475525"><ele>630.000</ele></trkpt>
      <trkpt lat="22.2487986598" lon="113.9307250987"><ele>630.000</ele></trkpt>
      <trkpt lat="22.2487944522" lon="113.9307077808"><ele>630.000</ele></trkpt>
      <trkpt lat="22.2487878524" lon="113.9306885418"><ele>631.000</ele></trkpt>
      <trkpt lat="22.2487812419" lon="113.9306622442"><ele>631.000</ele></trkpt>
      <trkpt lat="22.2487746243" lon="113.9306314550"><ele>631.000</ele></trkpt>
      <trkpt lat="22.2487698069" lon="113.9306057959"><ele>631.000</ele></trkpt>
      <trkpt lat="22.2487649912" lon="113.9305814205"><ele>631.000</ele></trkpt>
      <trkpt lat="22.2487601755" lon="113.9305570449"><ele>632.000</ele></trkpt>
      <trkpt lat="22.2487511767" lon="113.9305313932"><ele>632.000</ele></trkpt>
      <trkpt lat="22.2487373902" lon="113.9304999748"><ele>632.000</ele></trkpt>
      <trkpt lat="22.2487278008" lon="113.9304788160"><ele>632.000</ele></trkpt>
      <trkpt lat="22.2487176169" lon="113.9304595833"><ele>633.000</ele></trkpt>
      <trkpt lat="22.2487134112" lon="113.9304435486"><ele>633.000</ele></trkpt>
      <trkpt lat="22.2487121912" lon="113.9304268669"><ele>633.000</ele></trkpt>
      <trkpt lat="22.2487133684" lon="113.9304153145"><ele>632.000</ele></trkpt>
      <trkpt lat="22.2487163346" lon="113.9304018341"><ele>632.000</ele></trkpt>
      <trkpt lat="22.2487228683" lon="113.9303774387"><ele>632.000</ele></trkpt>
      <trkpt lat="22.2487294003" lon="113.9303517598"><ele>633.000</ele></trkpt>
      <trkpt lat="22.2487353249" lon="113.9303196652"><ele>633.000</ele></trkpt>
      <trkpt lat="22.2487394674" lon="113.9302939907"><ele>633.000</ele></trkpt>
      <trkpt lat="22.2487430037" lon="113.9302625421"><ele>633.000</ele></trkpt>
      <trkpt lat="22.2487435651" lon="113.9302387988"><ele>633.000</ele></trkpt>
      <trkpt lat="22.2487441323" lon="113.9302189056"><ele>633.000</ele></trkpt>
      <trkpt lat="22.2487435037" lon="113.9301983728"><ele>633.000</ele></trkpt>
      <trkpt lat="22.2487440651" lon="113.9301746295"><ele>633.000</ele></trkpt>
      <trkpt lat="22.2487458307" lon="113.9301573009"><ele>633.000</ele></trkpt>
      <trkpt lat="22.2487464047" lon="113.9301418995"><ele>633.000</ele></trkpt>
      <trkpt lat="22.2487511630" lon="113.9301284159"><ele>633.000</ele></trkpt>
      <trkpt lat="22.2487589087" lon="113.9301155686"><ele>633.000</ele></trkpt>
      <trkpt lat="22.2487660662" lon="113.9301084976"><ele>633.000</ele></trkpt>
      <trkpt lat="22.2487773960" lon="113.9300956441"><ele>633.000</ele></trkpt>
      <trkpt lat="22.2487917118" lon="113.9300821435"><ele>633.000</ele></trkpt>
      <trkpt lat="22.2488084128" lon="113.9300660721"><ele>633.000</ele></trkpt>
      <trkpt lat="22.2488209404" lon="113.9300551416"><ele>633.000</ele></trkpt>
      <trkpt lat="22.2488298701" lon="113.9300352338"><ele>633.000</ele></trkpt>
      <trkpt lat="22.2488316310" lon="113.9300146968"><ele>633.000</ele></trkpt>
      <trkpt lat="22.2488375634" lon="113.9299877357"><ele>633.000</ele></trkpt>
      <trkpt lat="22.2488423100" lon="113.9299665517"><ele>633.000</ele></trkpt>
      <trkpt lat="22.2488518400" lon="113.9299485680"><ele>633.000</ele></trkpt>
      <trkpt lat="22.2488601804" lon="113.9299337944"><ele>633.000</ele></trkpt>
      <trkpt lat="22.2488703058" lon="113.9299145262"><ele>633.000</ele></trkpt>
      <trkpt lat="22.2488840125" lon="113.9298933267"><ele>633.000</ele></trkpt>
      <trkpt lat="22.2488977142" lon="113.9298689187"><ele>633.000</ele></trkpt>
      <trkpt lat="22.2489060409" lon="113.9298451618"><ele>633.000</ele></trkpt>
      <trkpt lat="22.2489137712" lon="113.9298220474"><ele>633.000</ele></trkpt>
      <trkpt lat="22.2489203067" lon="113.9297989353"><ele>633.000</ele></trkpt>
      <trkpt lat="22.2489262527" lon="113.9297809578"><ele>633.000</ele></trkpt>
      <trkpt lat="22.2489280234" lon="113.9297668375"><ele>633.000</ele></trkpt>
      <trkpt lat="22.2489279785" lon="113.9297373202"><ele>633.000</ele></trkpt>
      <trkpt lat="22.2489255432" lon="113.9297071652"><ele>634.000</ele></trkpt>
      <trkpt lat="22.2489248990" lon="113.9296763655"><ele>634.000</ele></trkpt>
      <trkpt lat="22.2489242491" lon="113.9296417158"><ele>634.000</ele></trkpt>
      <trkpt lat="22.2489236205" lon="113.9296211829"><ele>634.000</ele></trkpt>
      <trkpt lat="22.2489247906" lon="113.9296051387"><ele>634.000</ele></trkpt>
      <trkpt lat="22.2489265623" lon="113.9295916602"><ele>634.000</ele></trkpt>
      <trkpt lat="22.2489307144" lon="113.9295724024"><ele>634.000</ele></trkpt>
      <trkpt lat="22.2489306929" lon="113.9295582855"><ele>634.000</ele></trkpt>
      <trkpt lat="22.2489288773" lon="113.9295428882"><ele>634.000</ele></trkpt>
      <trkpt lat="22.2489252699" lon="113.9295274942"><ele>634.000</ele></trkpt>
      <trkpt lat="22.2489210592" lon="113.9295082508"><ele>634.000</ele></trkpt>
      <trkpt lat="22.2489180404" lon="113.9294870807"><ele>634.000</ele></trkpt>
      <trkpt lat="22.2489126293" lon="113.9294639896"><ele>634.000</ele></trkpt>
      <trkpt lat="22.2489072258" lon="113.9294460318"><ele>634.000</ele></trkpt>
      <trkpt lat="22.2488994428" lon="113.9294344952"><ele>634.000</ele></trkpt>
      <trkpt lat="22.2488910654" lon="113.9294248845"><ele>634.000</ele></trkpt>
      <trkpt lat="22.2488862674" lon="113.9294120594"><ele>634.000</ele></trkpt>
      <trkpt lat="22.2488832582" lon="113.9293973058"><ele>634.000</ele></trkpt>
      <trkpt lat="22.2488796508" lon="113.9293819117"><ele>634.000</ele></trkpt>
      <trkpt lat="22.2488730565" lon="113.9293665229"><ele>634.000</ele></trkpt>
      <trkpt lat="22.2488670636" lon="113.9293536997"><ele>634.000</ele></trkpt>
      <trkpt lat="22.2488610611" lon="113.9293344598"><ele>635.000</ele></trkpt>
      <trkpt lat="22.2488574438" lon="113.9293126490"><ele>635.000</ele></trkpt>
      <trkpt lat="22.2488550221" lon="113.9292914776"><ele>635.000</ele></trkpt>
      <trkpt lat="22.2488549849" lon="113.9292670936"><ele>635.000</ele></trkpt>
      <trkpt lat="22.2488555520" lon="113.9292472004"><ele>635.000</ele></trkpt>
      <trkpt lat="22.2488555256" lon="113.9292298749"><ele>635.000</ele></trkpt>
      <trkpt lat="22.2488542928" lon="113.9292048515"><ele>635.000</ele></trkpt>
      <trkpt lat="22.2488530494" lon="113.9291727695"><ele>635.000</ele></trkpt>
      <trkpt lat="22.2488506178" lon="113.9291451814"><ele>635.000</ele></trkpt>
      <trkpt lat="22.2488481826" lon="113.9291150263"><ele>636.000</ele></trkpt>
      <trkpt lat="22.2488481503" lon="113.9290938510"><ele>636.000</ele></trkpt>
      <trkpt lat="22.2488522946" lon="113.9290694597"><ele>637.000</ele></trkpt>
      <trkpt lat="22.2488570401" lon="113.9290476339"><ele>637.000</ele></trkpt>
      <trkpt lat="22.2488623749" lon="113.9290206739"><ele>638.000</ele></trkpt>
      <trkpt lat="22.2488665181" lon="113.9289956408"><ele>640.000</ele></trkpt>
      <trkpt lat="22.2488676718" lon="113.9289686881"><ele>641.000</ele></trkpt>
      <trkpt lat="22.2488652363" lon="113.9289385333"><ele>643.000</ele></trkpt>
      <trkpt lat="22.2488622232" lon="113.9289212131"><ele>643.000</ele></trkpt>
      <trkpt lat="22.2488603971" lon="113.9288987574"><ele>644.000</ele></trkpt>
      <trkpt lat="22.2488603628" lon="113.9288762984"><ele>645.000</ele></trkpt>
      <trkpt lat="22.2488615211" lon="113.9288525540"><ele>647.000</ele></trkpt>
      <trkpt lat="22.2488632966" lon="113.9288416423"><ele>647.000</ele></trkpt>
      <trkpt lat="22.2488686608" lon="113.9288339327"><ele>648.000</ele></trkpt>
      <trkpt lat="22.2488800053" lon="113.9288307043"><ele>649.000</ele></trkpt>
      <trkpt lat="22.2488955292" lon="113.9288261852"><ele>650.000</ele></trkpt>
      <trkpt lat="22.2489146343" lon="113.9288197348"><ele>650.000</ele></trkpt>
      <trkpt lat="22.2489259729" lon="113.9288126561"><ele>652.000</ele></trkpt>
      <trkpt lat="22.2489355165" lon="113.9288036559"><ele>652.000</ele></trkpt>
      <trkpt lat="22.2489462548" lon="113.9287946533"><ele>653.000</ele></trkpt>
      <trkpt lat="22.2489528110" lon="113.9287850164"><ele>654.000</ele></trkpt>
      <trkpt lat="22.2489539860" lon="113.9287721806"><ele>655.000</ele></trkpt>
      <trkpt lat="22.2489551543" lon="113.9287548532"><ele>656.000</ele></trkpt>
      <trkpt lat="22.2489557262" lon="113.9287381683"><ele>657.000</ele></trkpt>
      <trkpt lat="22.2489574985" lon="113.9287253315"><ele>658.000</ele></trkpt>
      <trkpt lat="22.2489568727" lon="113.9287067238"><ele>658.000</ele></trkpt>
      <trkpt lat="22.2489568463" lon="113.9286893983"><ele>659.000</ele></trkpt>
      <trkpt lat="22.2489574172" lon="113.9286720719"><ele>660.000</ele></trkpt>
      <trkpt lat="22.2489603793" lon="113.9286560246"><ele>661.000</ele></trkpt>
      <trkpt lat="22.2489639447" lon="113.9286438263"><ele>662.000</ele></trkpt>
      <trkpt lat="22.2489687029" lon="113.9286303424"><ele>663.000</ele></trkpt>
      <trkpt lat="22.2489746588" lon="113.9286187816"><ele>663.000</ele></trkpt>
      <trkpt lat="22.2489824034" lon="113.9286052925"><ele>664.000</ele></trkpt>
      <trkpt lat="22.2489931351" lon="113.9285917983"><ele>665.000</ele></trkpt>
      <trkpt lat="22.2490038705" lon="113.9285808708"><ele>666.000</ele></trkpt>
      <trkpt lat="22.2490128157" lon="113.9285712297"><ele>666.000</ele></trkpt>
      <trkpt lat="22.2490223624" lon="113.9285641544"><ele>667.000</ele></trkpt>
      <trkpt lat="22.2490378812" lon="113.9285564268"><ele>668.000</ele></trkpt>
      <trkpt lat="22.2490557878" lon="113.9285474116"><ele>668.000</ele></trkpt>
      <trkpt lat="22.2490772743" lon="113.9285358234"><ele>669.000</ele></trkpt>
      <trkpt lat="22.2490915995" lon="113.9285287397"><ele>670.000</ele></trkpt>
      <trkpt lat="22.2491071195" lon="113.9285216536"><ele>671.000</ele></trkpt>
      <trkpt lat="22.2491190565" lon="113.9285152158"><ele>671.000</ele></trkpt>
      <trkpt lat="22.2491309953" lon="113.9285100612"><ele>672.000</ele></trkpt>
      <trkpt lat="22.2491441152" lon="113.9284959211"><ele>672.000</ele></trkpt>
      <trkpt lat="22.2491578333" lon="113.9284824214"><ele>673.000</ele></trkpt>
      <trkpt lat="22.2491757230" lon="113.9284624976"><ele>675.000</ele></trkpt>
      <trkpt lat="22.2491948035" lon="113.9284400051"><ele>676.000</ele></trkpt>
      <trkpt lat="22.2492132915" lon="113.9284207219"><ele>677.000</ele></trkpt>
      <trkpt lat="22.2492287949" lon="113.9284027273"><ele>678.000</ele></trkpt>
      <trkpt lat="22.2492425080" lon="113.9283860192"><ele>680.000</ele></trkpt>
      <trkpt lat="22.2492568176" lon="113.9283686686"><ele>681.000</ele></trkpt>
      <trkpt lat="22.2492717295" lon="113.9283545250"><ele>682.000</ele></trkpt>
      <trkpt lat="22.2492866413" lon="113.9283403817"><ele>683.000</ele></trkpt>
      <trkpt lat="22.2493003604" lon="113.9283275238"><ele>684.000</ele></trkpt>
      <trkpt lat="22.2493087163" lon="113.9283230172"><ele>684.000</ele></trkpt>
      <trkpt lat="22.2493158823" lon="113.9283217213"><ele>684.000</ele></trkpt>
      <trkpt lat="22.2493236487" lon="113.9283223491"><ele>684.000</ele></trkpt>
      <trkpt lat="22.2493355975" lon="113.9283236115"><ele>684.000</ele></trkpt>
      <trkpt lat="22.2493427606" lon="113.9283203905"><ele>685.000</ele></trkpt>
      <trkpt lat="22.2493451410" lon="113.9283146110"><ele>685.000</ele></trkpt>
      <trkpt lat="22.2493445213" lon="113.9282998534"><ele>686.000</ele></trkpt>
      <trkpt lat="22.2493439033" lon="113.9282863789"><ele>687.000</ele></trkpt>
      <trkpt lat="22.2493402997" lon="113.9282735517"><ele>687.000</ele></trkpt>
      <trkpt lat="22.2493337102" lon="113.9282613713"><ele>688.000</ele></trkpt>
      <trkpt lat="22.2493271278" lon="113.9282536827"><ele>688.000</ele></trkpt>
      <trkpt lat="22.2493247277" lon="113.9282466285"><ele>689.000</ele></trkpt>
      <trkpt lat="22.2493288963" lon="113.9282382791"><ele>689.000</ele></trkpt>
      <trkpt lat="22.2493342663" lon="113.9282344196"><ele>690.000</ele></trkpt>
      <trkpt lat="22.2493408370" lon="113.9282344080"><ele>690.000</ele></trkpt>
      <trkpt lat="22.2493473971" lon="113.9282273376"><ele>690.000</ele></trkpt>
      <trkpt lat="22.2493449958" lon="113.9282196417"><ele>691.000</ele></trkpt>
      <trkpt lat="22.2493449742" lon="113.9282055247"><ele>691.000</ele></trkpt>
      <trkpt lat="22.2493497451" lon="113.9282003827"><ele>692.000</ele></trkpt>
      <trkpt lat="22.2493593005" lon="113.9281990824"><ele>692.000</ele></trkpt>
      <trkpt lat="22.2493664628" lon="113.9281952196"><ele>692.000</ele></trkpt>
      <trkpt lat="22.2493676475" lon="113.9281888008"><ele>693.000</ele></trkpt>
      <trkpt lat="22.2493640459" lon="113.9281772568"><ele>693.000</ele></trkpt>
      <trkpt lat="22.2493640292" lon="113.9281663482"><ele>694.000</ele></trkpt>
      <trkpt lat="22.2493681948" lon="113.9281560737"><ele>694.000</ele></trkpt>
      <trkpt lat="22.2493777305" lon="113.9281419399"><ele>695.000</ele></trkpt>
      <trkpt lat="22.2493920423" lon="113.9281258725"><ele>696.000</ele></trkpt>
      <trkpt lat="22.2493997890" lon="113.9281136667"><ele>696.000</ele></trkpt>
      <trkpt lat="22.2494027462" lon="113.9280944109"><ele>697.000</ele></trkpt>
      <trkpt lat="22.2494027197" lon="113.9280770854"><ele>698.000</ele></trkpt>
      <trkpt lat="22.2493985039" lon="113.9280546339"><ele>700.000</ele></trkpt>
      <trkpt lat="22.2493895163" lon="113.9280366824"><ele>700.000</ele></trkpt>
      <trkpt lat="22.2493823198" lon="113.9280180863"><ele>701.000</ele></trkpt>
      <trkpt lat="22.2493793007" lon="113.9279969158"><ele>702.000</ele></trkpt>
      <trkpt lat="22.2493768692" lon="113.9279693276"><ele>702.000</ele></trkpt>
      <trkpt lat="22.2493684711" lon="113.9279462418"><ele>703.000</ele></trkpt>
      <trkpt lat="22.2493570971" lon="113.9279302197"><ele>704.000</ele></trkpt>
      <trkpt lat="22.2493433368" lon="113.9279161270"><ele>704.000</ele></trkpt>
      <trkpt lat="22.2493206173" lon="113.9279026917"><ele>705.000</ele></trkpt>
      <trkpt lat="22.2493014858" lon="113.9278918169"><ele>706.000</ele></trkpt>
      <trkpt lat="22.2492943070" lon="113.9278847711"><ele>706.000</ele></trkpt>
      <trkpt lat="22.2492853193" lon="113.9278668196"><ele>706.000</ele></trkpt>
      <trkpt lat="22.2492715334" lon="113.9278360431"><ele>708.000</ele></trkpt>
      <trkpt lat="22.2492559574" lon="113.9278065530"><ele>709.000</ele></trkpt>
      <trkpt lat="22.2492481616" lon="113.9277866745"><ele>709.000</ele></trkpt>
      <trkpt lat="22.2492403588" lon="113.9277623042"><ele>710.000</ele></trkpt>
      <trkpt lat="22.2492349485" lon="113.9277398548"><ele>711.000</ele></trkpt>
      <trkpt lat="22.2492325277" lon="113.9277193251"><ele>712.000</ele></trkpt>
      <trkpt lat="22.2492289201" lon="113.9277039311"><ele>712.000</ele></trkpt>
      <trkpt lat="22.2492187446" lon="113.9276904736"><ele>713.000</ele></trkpt>
      <trkpt lat="22.2492037934" lon="113.9276789497"><ele>713.000</ele></trkpt>
      <trkpt lat="22.2491846521" lon="113.9276616582"><ele>714.000</ele></trkpt>
      <trkpt lat="22.2491684985" lon="113.9276450029"><ele>715.000</ele></trkpt>
      <trkpt lat="22.2491511461" lon="113.9276257831"><ele>716.000</ele></trkpt>
      <trkpt lat="22.2491296214" lon="113.9276123457"><ele>717.000</ele></trkpt>
      <trkpt lat="22.2491200474" lon="113.9276014540"><ele>718.000</ele></trkpt>
      <trkpt lat="22.2491140571" lon="113.9275905560"><ele>718.000</ele></trkpt>
      <trkpt lat="22.2491158246" lon="113.9275745108"><ele>719.000</ele></trkpt>
      <trkpt lat="22.2491211732" lon="113.9275565340"><ele>719.000</ele></trkpt>
      <trkpt lat="22.2491295102" lon="113.9275398353"><ele>720.000</ele></trkpt>
      <trkpt lat="22.2491378474" lon="113.9275231370"><ele>720.000</ele></trkpt>
      <trkpt lat="22.2491407996" lon="113.9275006726"><ele>721.000</ele></trkpt>
      <trkpt lat="22.2491413595" lon="113.9274762875"><ele>721.000</ele></trkpt>
      <trkpt lat="22.2491389289" lon="113.9274493411"><ele>722.000</ele></trkpt>
      <trkpt lat="22.2491364991" lon="113.9274230364"><ele>722.000</ele></trkpt>
      <trkpt lat="22.2491346698" lon="113.9273986555"><ele>722.000</ele></trkpt>
      <trkpt lat="22.2491340271" lon="113.9273691390"><ele>722.000</ele></trkpt>
      <trkpt lat="22.2491321887" lon="113.9273389832"><ele>722.000</ele></trkpt>
      <trkpt lat="22.2491303594" lon="113.9273146023"><ele>722.000</ele></trkpt>
      <trkpt lat="22.2491297177" lon="113.9272857276"><ele>723.000</ele></trkpt>
      <trkpt lat="22.2491302776" lon="113.9272613425"><ele>723.000</ele></trkpt>
      <trkpt lat="22.2491284539" lon="113.9272408120"><ele>723.000</ele></trkpt>
      <trkpt lat="22.2491242472" lon="113.9272241356"><ele>723.000</ele></trkpt>
      <trkpt lat="22.2491206425" lon="113.9272106665"><ele>723.000</ele></trkpt>
      <trkpt lat="22.2491140519" lon="113.9271978444"><ele>723.000</ele></trkpt>
      <trkpt lat="22.2491068681" lon="113.9271875902"><ele>723.000</ele></trkpt>
      <trkpt lat="22.2490996823" lon="113.9271760527"><ele>723.000</ele></trkpt>
      <trkpt lat="22.2490930910" lon="113.9271625889"><ele>723.000</ele></trkpt>
      <trkpt lat="22.2490894803" lon="113.9271452699"><ele>723.000</ele></trkpt>
      <trkpt lat="22.2490876646" lon="113.9271298725"><ele>723.000</ele></trkpt>
      <trkpt lat="22.2490870438" lon="113.9271144732"><ele>723.000</ele></trkpt>
      <trkpt lat="22.2490864198" lon="113.9270971489"><ele>723.000</ele></trkpt>
      <trkpt lat="22.2490863971" lon="113.9270823900"><ele>723.000</ele></trkpt>
      <trkpt lat="22.2490845813" lon="113.9270669928"><ele>723.000</ele></trkpt>
      <trkpt lat="22.2490803733" lon="113.9270496749"><ele>723.000</ele></trkpt>
      <trkpt lat="22.2490749727" lon="113.9270336424"><ele>723.000</ele></trkpt>
      <trkpt lat="22.2490689756" lon="113.9270182526"><ele>723.000</ele></trkpt>
      <trkpt lat="22.2490647697" lon="113.9270022179"><ele>722.000</ele></trkpt>
      <trkpt lat="22.2490617602" lon="113.9269874643"><ele>723.000</ele></trkpt>
      <trkpt lat="22.2490611364" lon="113.9269701401"><ele>722.000</ele></trkpt>
      <trkpt lat="22.2490587233" lon="113.9269547440"><ele>722.000</ele></trkpt>
      <trkpt lat="22.2490587065" lon="113.9269438352"><ele>722.000</ele></trkpt>
      <trkpt lat="22.2490556952" lon="113.9269277984"><ele>722.000</ele></trkpt>
      <trkpt lat="22.2490520905" lon="113.9269143295"><ele>722.000</ele></trkpt>
      <trkpt lat="22.2490478943" lon="113.9269047116"><ele>722.000</ele></trkpt>
      <trkpt lat="22.2490413049" lon="113.9268925313"><ele>722.000</ele></trkpt>
      <trkpt lat="22.2490347174" lon="113.9268816344"><ele>722.000</ele></trkpt>
      <trkpt lat="22.2490287262" lon="113.9268700947"><ele>722.000</ele></trkpt>
      <trkpt lat="22.2490209470" lon="113.9268611248"><ele>722.000</ele></trkpt>
      <trkpt lat="22.2490125716" lon="113.9268527978"><ele>722.000</ele></trkpt>
      <trkpt lat="22.2490047894" lon="113.9268419030"><ele>722.000</ele></trkpt>
      <trkpt lat="22.2489987962" lon="113.9268290799"><ele>722.000</ele></trkpt>
      <trkpt lat="22.2489916074" lon="113.9268156174"><ele>721.000</ele></trkpt>
      <trkpt lat="22.2489850200" lon="113.9268047203"><ele>721.000</ele></trkpt>
      <trkpt lat="22.2489772378" lon="113.9267938255"><ele>721.000</ele></trkpt>
      <trkpt lat="22.2489706514" lon="113.9267835704"><ele>720.000</ele></trkpt>
      <trkpt lat="22.2489646623" lon="113.9267733139"><ele>720.000</ele></trkpt>
      <trkpt lat="22.2489574713" lon="113.9267585680"><ele>720.000</ele></trkpt>
      <trkpt lat="22.2489502914" lon="113.9267508805"><ele>720.000</ele></trkpt>
      <trkpt lat="22.2489449047" lon="113.9267438316"><ele>720.000</ele></trkpt>
      <trkpt lat="22.2489395167" lon="113.9267361410"><ele>720.000</ele></trkpt>
      <trkpt lat="22.2489323279" lon="113.9267226783"><ele>719.000</ele></trkpt>
      <trkpt lat="22.2489269333" lon="113.9267104958"><ele>719.000</ele></trkpt>
      <trkpt lat="22.2489221338" lon="113.9266970289"><ele>719.000</ele></trkpt>
      <trkpt lat="22.2489173303" lon="113.9266809953"><ele>719.000</ele></trkpt>
      <trkpt lat="22.2489131213" lon="113.9266630357"><ele>719.000</ele></trkpt>
      <trkpt lat="22.2489077187" lon="113.9266457197"><ele>719.000</ele></trkpt>
      <trkpt lat="22.2489023139" lon="113.9266271206"><ele>718.000</ele></trkpt>
      <trkpt lat="22.2488975186" lon="113.9266162205"><ele>718.000</ele></trkpt>
      <trkpt lat="22.2488933214" lon="113.9266059609"><ele>718.000</ele></trkpt>
      <trkpt lat="22.2488891272" lon="113.9265976264"><ele>718.000</ele></trkpt>
      <trkpt lat="22.2488831428" lon="113.9265905786"><ele>718.000</ele></trkpt>
      <trkpt lat="22.2488789518" lon="113.9265841693"><ele>718.000</ele></trkpt>
      <trkpt lat="22.2488711755" lon="113.9265771246"><ele>718.000</ele></trkpt>
      <trkpt lat="22.2488633963" lon="113.9265681548"><ele>718.000</ele></trkpt>
      <trkpt lat="22.2488598024" lon="113.9265617442"><ele>718.000</ele></trkpt>
      <trkpt lat="22.2488568019" lon="113.9265527661"><ele>718.000</ele></trkpt>
      <trkpt lat="22.2488514060" lon="113.9265399420"><ele>718.000</ele></trkpt>
      <trkpt lat="22.2488460072" lon="113.9265251929"><ele>718.000</ele></trkpt>
      <trkpt lat="22.2488412069" lon="113.9265110842"><ele>717.000</ele></trkpt>
      <trkpt lat="22.2488382005" lon="113.9264982558"><ele>717.000</ele></trkpt>
      <trkpt lat="22.2488333911" lon="113.9264783722"><ele>717.000</ele></trkpt>
      <trkpt lat="22.2488285876" lon="113.9264623386"><ele>717.000</ele></trkpt>
      <trkpt lat="22.2488261766" lon="113.9264482259"><ele>717.000</ele></trkpt>
      <trkpt lat="22.2488237664" lon="113.9264347548"><ele>717.000</ele></trkpt>
      <trkpt lat="22.2488231465" lon="113.9264199972"><ele>717.000</ele></trkpt>
      <trkpt lat="22.2488213316" lon="113.9264052418"><ele>717.000</ele></trkpt>
      <trkpt lat="22.2488213168" lon="113.9263956164"><ele>717.000</ele></trkpt>
      <trkpt lat="22.2488195160" lon="113.9263898446"><ele>717.000</ele></trkpt>
      <trkpt lat="22.2488153208" lon="113.9263808684"><ele>716.000</ele></trkpt>
      <trkpt lat="22.2488135178" lon="113.9263738132"><ele>716.000</ele></trkpt>
      <trkpt lat="22.2488134980" lon="113.9263609795"><ele>716.000</ele></trkpt>
      <trkpt lat="22.2488134733" lon="113.9263449374"><ele>716.000</ele></trkpt>
      <trkpt lat="22.2488134278" lon="113.9263154199"><ele>716.000</ele></trkpt>
      <trkpt lat="22.2488157758" lon="113.9262884651"><ele>715.000</ele></trkpt>
      <trkpt lat="22.2488169357" lon="113.9262660042"><ele>715.000</ele></trkpt>
      <trkpt lat="22.2488186981" lon="113.9262467505"><ele>715.000</ele></trkpt>
      <trkpt lat="22.2488210557" lon="113.9262262124"><ele>715.000</ele></trkpt>
      <trkpt lat="22.2488264032" lon="113.9262075941"><ele>715.000</ele></trkpt>
      <trkpt lat="22.2488305608" lon="113.9261921861"><ele>714.000</ele></trkpt>
      <trkpt lat="22.2488329164" lon="113.9261703648"><ele>714.000</ele></trkpt>
      <trkpt lat="22.2488346836" lon="113.9261543195"><ele>714.000</ele></trkpt>
      <trkpt lat="22.2488376487" lon="113.9261401971"><ele>714.000</ele></trkpt>
      <trkpt lat="22.2488370276" lon="113.9261247978"><ele>713.000</ele></trkpt>
      <trkpt lat="22.2488328224" lon="113.9261094049"><ele>713.000</ele></trkpt>
      <trkpt lat="22.2488262241" lon="113.9260914496"><ele>713.000</ele></trkpt>
      <trkpt lat="22.2488190333" lon="113.9260767035"><ele>713.000</ele></trkpt>
      <trkpt lat="22.2488130429" lon="113.9260658056"><ele>713.000</ele></trkpt>
      <trkpt lat="22.2488112312" lon="113.9260529751"><ele>712.000</ele></trkpt>
      <trkpt lat="22.2488112015" lon="113.9260337246"><ele>712.000</ele></trkpt>
      <trkpt lat="22.2488129598" lon="113.9260119044"><ele>711.000</ele></trkpt>
      <trkpt lat="22.2488141159" lon="113.9259868766"><ele>711.000</ele></trkpt>
      <trkpt lat="22.2488158494" lon="113.9259490143"><ele>710.000</ele></trkpt>
      <trkpt lat="22.2488158137" lon="113.9259259135"><ele>710.000</ele></trkpt>
      <trkpt lat="22.2488133838" lon="113.9258996089"><ele>710.000</ele></trkpt>
      <trkpt lat="22.2488109510" lon="113.9258713791"><ele>710.000</ele></trkpt>
      <trkpt lat="22.2488085159" lon="113.9258418659"><ele>710.000</ele></trkpt>
      <trkpt lat="22.2488074745" lon="113.9258086844"><ele>710.000</ele></trkpt>
      <trkpt lat="22.2488056192" lon="113.9257676198"><ele>710.000</ele></trkpt>
      <trkpt lat="22.2488055825" lon="113.9257438776"><ele>710.000</ele></trkpt>
      <trkpt lat="22.2488097272" lon="113.9257201279"><ele>711.000</ele></trkpt>
      <trkpt lat="22.2488120649" lon="113.9256867561"><ele>712.000</ele></trkpt>
      <trkpt lat="22.2488120005" lon="113.9256450469"><ele>713.000</ele></trkpt>
      <trkpt lat="22.2488101447" lon="113.9255965828"><ele>715.000</ele></trkpt>
      <trkpt lat="22.2488101332" lon="113.9255962821"><ele>715.000</ele></trkpt>
      <trkpt lat="22.2488115793" lon="113.9255478019"><ele>717.000</ele></trkpt>
      <trkpt lat="22.2488118368" lon="113.9255391694"><ele>718.000</ele></trkpt>
      <trkpt lat="22.2488112027" lon="113.9255154280"><ele>719.000</ele></trkpt>
      <trkpt lat="22.2488153593" lon="113.9254993787"><ele>720.000</ele></trkpt>
      <trkpt lat="22.2488272783" lon="113.9254813902"><ele>721.000</ele></trkpt>
      <trkpt lat="22.2488356153" lon="113.9254646914"><ele>722.000</ele></trkpt>
      <trkpt lat="22.2488409664" lon="113.9254486398"><ele>723.000</ele></trkpt>
      <trkpt lat="22.2488427337" lon="113.9254325945"><ele>724.000</ele></trkpt>
      <trkpt lat="22.2488427079" lon="113.9254159107"><ele>725.000</ele></trkpt>
      <trkpt lat="22.2488384908" lon="113.9253928177"><ele>727.000</ele></trkpt>
      <trkpt lat="22.2488324935" lon="113.9253774280"><ele>728.000</ele></trkpt>
      <trkpt lat="22.2488270898" lon="113.9253594706"><ele>728.000</ele></trkpt>
      <trkpt lat="22.2488180978" lon="113.9253389527"><ele>729.000</ele></trkpt>
      <trkpt lat="22.2488103086" lon="113.9253235663"><ele>730.000</ele></trkpt>
      <trkpt lat="22.2488019272" lon="113.9253113892"><ele>731.000</ele></trkpt>
      <trkpt lat="22.2487953355" lon="113.9252979255"><ele>732.000</ele></trkpt>
      <trkpt lat="22.2487899407" lon="113.9252857431"><ele>732.000</ele></trkpt>
      <trkpt lat="22.2487869421" lon="113.9252780483"><ele>733.000</ele></trkpt>
      <trkpt lat="22.2487857265" lon="113.9252645753"><ele>733.000</ele></trkpt>
      <trkpt lat="22.2487844752" lon="113.9252280015"><ele>734.000</ele></trkpt>
      <trkpt lat="22.2487850100" lon="113.9251875744"><ele>736.000</ele></trkpt>
      <trkpt lat="22.2487855487" lon="113.9251497140"><ele>737.000</ele></trkpt>
      <trkpt lat="22.2487848918" lon="113.9251112142"><ele>739.000</ele></trkpt>
      <trkpt lat="22.2487842258" lon="113.9250669392"><ele>741.000</ele></trkpt>
      <trkpt lat="22.2487877562" lon="113.9250322820"><ele>742.000</ele></trkpt>
      <trkpt lat="22.2487895204" lon="113.9250143118"><ele>743.000</ele></trkpt>
      <trkpt lat="22.2487888793" lon="113.9249860788"><ele>744.000</ele></trkpt>
      <trkpt lat="22.2487864244" lon="113.9249437319"><ele>746.000</ele></trkpt>
      <trkpt lat="22.2487851949" lon="113.9249212753"><ele>747.000</ele></trkpt>
      <trkpt lat="22.2487851710" lon="113.9249058749"><ele>748.000</ele></trkpt>
      <trkpt lat="22.2487881348" lon="113.9248911110"><ele>749.000</ele></trkpt>
      <trkpt lat="22.2487964747" lon="113.9248763372"><ele>749.000</ele></trkpt>
      <trkpt lat="22.2488084056" lon="113.9248660490"><ele>750.000</ele></trkpt>
      <trkpt lat="22.2488161511" lon="113.9248532014"><ele>750.000</ele></trkpt>
      <trkpt lat="22.2488197062" lon="113.9248345863"><ele>751.000</ele></trkpt>
      <trkpt lat="22.2488226650" lon="113.9248166137"><ele>752.000</ele></trkpt>
      <trkpt lat="22.2488244201" lon="113.9247928683"><ele>753.000</ele></trkpt>
      <trkpt lat="22.2488297604" lon="113.9247697581"><ele>754.000</ele></trkpt>
      <trkpt lat="22.2488339169" lon="113.9247537086"><ele>755.000</ele></trkpt>
      <trkpt lat="22.2488380704" lon="113.9247357341"><ele>756.000</ele></trkpt>
      <trkpt lat="22.2488398325" lon="113.9247164802"><ele>756.000</ele></trkpt>
      <trkpt lat="22.2488415848" lon="113.9246908099"><ele>758.000</ele></trkpt>
      <trkpt lat="22.2488445336" lon="113.9246664206"><ele>759.000</ele></trkpt>
      <trkpt lat="22.2488486821" lon="113.9246452375"><ele>760.000</ele></trkpt>
      <trkpt lat="22.2488546136" lon="113.9246182762"><ele>761.000</ele></trkpt>
      <trkpt lat="22.2488629346" lon="113.9245913106"><ele>762.000</ele></trkpt>
      <trkpt lat="22.2488700717" lon="113.9245714056"><ele>763.000</ele></trkpt>
      <trkpt lat="22.2488724431" lon="113.9245598511"><ele>763.000</ele></trkpt>
      <trkpt lat="22.2488730215" lon="113.9245476580"><ele>764.000</ele></trkpt>
      <trkpt lat="22.2488753931" lon="113.9245361035"><ele>764.000</ele></trkpt>
      <trkpt lat="22.2488831294" lon="113.9245174806"><ele>765.000</ele></trkpt>
      <trkpt lat="22.2488956417" lon="113.9244969245"><ele>766.000</ele></trkpt>
      <trkpt lat="22.2489045719" lon="113.9244776578"><ele>766.000</ele></trkpt>
      <trkpt lat="22.2489081310" lon="113.9244616093"><ele>767.000</ele></trkpt>
      <trkpt lat="22.2489116881" lon="113.9244442776"><ele>767.000</ele></trkpt>
      <trkpt lat="22.2489116543" lon="113.9244224603"><ele>769.000</ele></trkpt>
      <trkpt lat="22.2489128109" lon="113.9243980742"><ele>770.000</ele></trkpt>
      <trkpt lat="22.2489163521" lon="113.9243704754"><ele>771.000</ele></trkpt>
      <trkpt lat="22.2489163222" lon="113.9243512250"><ele>772.000</ele></trkpt>
      <trkpt lat="22.2489198872" lon="113.9243390265"><ele>772.000</ele></trkpt>
      <trkpt lat="22.2489264372" lon="113.9243255396"><ele>772.000</ele></trkpt>
      <trkpt lat="22.2489305934" lon="113.9243094900"><ele>772.000</ele></trkpt>
      <trkpt lat="22.2489305645" lon="113.9242908810"><ele>773.000</ele></trkpt>
      <trkpt lat="22.2489311260" lon="113.9242677794"><ele>774.000</ele></trkpt>
      <trkpt lat="22.2489292942" lon="113.9242421155"><ele>775.000</ele></trkpt>
      <trkpt lat="22.2489292194" lon="113.9241939893"><ele>776.000</ele></trkpt>
      <trkpt lat="22.2489309575" lon="113.9241593350"><ele>777.000</ele></trkpt>
      <trkpt lat="22.2489303372" lon="113.9241445774"><ele>777.000</ele></trkpt>
      <trkpt lat="22.2489285273" lon="113.9241330304"><ele>778.000</ele></trkpt>
      <trkpt lat="22.2489243320" lon="113.9241240543"><ele>778.000</ele></trkpt>
      <trkpt lat="22.2489141603" lon="113.9241131640"><ele>779.000</ele></trkpt>
      <trkpt lat="22.2489039877" lon="113.9241016319"><ele>780.000</ele></trkpt>
      <trkpt lat="22.2488926164" lon="113.9240875354"><ele>780.000</ele></trkpt>
      <trkpt lat="22.2488818394" lon="113.9240715126"><ele>781.000</ele></trkpt>
      <trkpt lat="22.2488734556" lon="113.9240580522"><ele>782.000</ele></trkpt>
      <trkpt lat="22.2488626817" lon="113.9240439546"><ele>782.000</ele></trkpt>
      <trkpt lat="22.2488495192" lon="113.9240305027"><ele>783.000</ele></trkpt>
      <trkpt lat="22.2488381478" lon="113.9240164059"><ele>783.000</ele></trkpt>
      <trkpt lat="22.2488249865" lon="113.9240035961"><ele>784.000</ele></trkpt>
      <trkpt lat="22.2488148159" lon="113.9239933472"><ele>784.000</ele></trkpt>
      <trkpt lat="22.2488004629" lon="113.9239824644"><ele>785.000</ele></trkpt>
      <trkpt lat="22.2487968587" lon="113.9239696372"><ele>785.000</ele></trkpt>
      <trkpt lat="22.2487968337" lon="113.9239535951"><ele>786.000</ele></trkpt>
      <trkpt lat="22.2488003900" lon="113.9239356217"><ele>787.000</ele></trkpt>
      <trkpt lat="22.2488051326" lon="113.9239125126"><ele>788.000</ele></trkpt>
      <trkpt lat="22.2488152543" lon="113.9238913188"><ele>789.000</ele></trkpt>
      <trkpt lat="22.2488229868" lon="113.9238701293"><ele>789.000</ele></trkpt>
      <trkpt lat="22.2488259447" lon="113.9238515152"><ele>790.000</ele></trkpt>
      <trkpt lat="22.2488246960" lon="113.9238168666"><ele>792.000</ele></trkpt>
      <trkpt lat="22.2488264280" lon="113.9237783623"><ele>794.000</ele></trkpt>
      <trkpt lat="22.2488263930" lon="113.9237559035"><ele>794.000</ele></trkpt>
      <trkpt lat="22.2488317431" lon="113.9237392100"><ele>795.000</ele></trkpt>
      <trkpt lat="22.2488394886" lon="113.9237263624"><ele>795.000</ele></trkpt>
      <trkpt lat="22.2488478284" lon="113.9237115887"><ele>795.000</ele></trkpt>
      <trkpt lat="22.2488525819" lon="113.9236955381"><ele>796.000</ele></trkpt>
      <trkpt lat="22.2488543361" lon="113.9236711509"><ele>796.000</ele></trkpt>
      <trkpt lat="22.2488519106" lon="113.9236480547"><ele>797.000</ele></trkpt>
      <trkpt lat="22.2488470971" lon="113.9236256045"><ele>798.000</ele></trkpt>
      <trkpt lat="22.2488416869" lon="113.9236037968"><ele>799.000</ele></trkpt>
      <trkpt lat="22.2488350853" lon="113.9235839165"><ele>800.000</ele></trkpt>
      <trkpt lat="22.2488320567" lon="113.9235569712"><ele>800.000</ele></trkpt>
      <trkpt lat="22.2488260452" lon="113.9235325980"><ele>801.000</ele></trkpt>
      <trkpt lat="22.2488176536" lon="113.9235140044"><ele>802.000</ele></trkpt>
      <trkpt lat="22.2488014865" lon="113.9234890077"><ele>803.000</ele></trkpt>
      <trkpt lat="22.2487853103" lon="113.9234582360"><ele>804.000</ele></trkpt>
      <trkpt lat="22.2487739159" lon="113.9234293807"><ele>805.000</ele></trkpt>
      <trkpt lat="22.2487673022" lon="113.9234018002"><ele>805.000</ele></trkpt>
      <trkpt lat="22.2487624826" lon="113.9233754999"><ele>806.000</ele></trkpt>
      <trkpt lat="22.2487606415" lon="113.9233440608"><ele>807.000</ele></trkpt>
      <trkpt lat="22.2487605825" lon="113.9233062014"><ele>808.000</ele></trkpt>
      <trkpt lat="22.2487581421" lon="113.9232734799"><ele>809.000</ele></trkpt>
      <trkpt lat="22.2487598780" lon="113.9232375425"><ele>810.000</ele></trkpt>
      <trkpt lat="22.2487646097" lon="113.9232073749"><ele>811.000</ele></trkpt>
      <trkpt lat="22.2487729324" lon="113.9231816925"><ele>812.000</ele></trkpt>
      <trkpt lat="22.2487800524" lon="113.9231508789"><ele>813.000</ele></trkpt>
      <trkpt lat="22.2487865770" lon="113.9231213498"><ele>815.000</ele></trkpt>
      <trkpt lat="22.2487978933" lon="113.9231001538"><ele>815.000</ele></trkpt>
      <trkpt lat="22.2488008539" lon="113.9230834647"><ele>816.000</ele></trkpt>
      <trkpt lat="22.2488008128" lon="113.9230571558"><ele>817.000</ele></trkpt>
      <trkpt lat="22.2488007748" lon="113.9230327718"><ele>817.000</ele></trkpt>
      <trkpt lat="22.2487983494" lon="113.9230096756"><ele>818.000</ele></trkpt>
      <trkpt lat="22.2487893692" lon="113.9229968581"><ele>818.000</ele></trkpt>
      <trkpt lat="22.2487785932" lon="113.9229814771"><ele>818.000</ele></trkpt>
      <trkpt lat="22.2487737863" lon="113.9229635185"><ele>819.000</ele></trkpt>
      <trkpt lat="22.2487737463" lon="113.9229378514"><ele>819.000</ele></trkpt>
      <trkpt lat="22.2487736871" lon="113.9228999920"><ele>820.000</ele></trkpt>
      <trkpt lat="22.2487736129" lon="113.9228525076"><ele>820.000</ele></trkpt>
      <trkpt lat="22.2487741381" lon="113.9228063055"><ele>821.000</ele></trkpt>
      <trkpt lat="22.2487760671" lon="113.9227578447"><ele>823.000</ele></trkpt>
      <trkpt lat="22.2487764371" lon="113.9227485497"><ele>823.000</ele></trkpt>
      <trkpt lat="22.2487781640" lon="113.9227068373"><ele>824.000</ele></trkpt>
      <trkpt lat="22.2487798909" lon="113.9226651246"><ele>825.000</ele></trkpt>
      <trkpt lat="22.2487786380" lon="113.9226279093"><ele>826.000</ele></trkpt>
      <trkpt lat="22.2487779774" lon="113.9225874844"><ele>826.000</ele></trkpt>
      <trkpt lat="22.2487755349" lon="113.9225534795"><ele>827.000</ele></trkpt>
      <trkpt lat="22.2487725049" lon="113.9225258925"><ele>828.000</ele></trkpt>
      <trkpt lat="22.2487676872" lon="113.9225008757"><ele>828.000</ele></trkpt>
      <trkpt lat="22.2487622709" lon="113.9224752181"><ele>829.000</ele></trkpt>
      <trkpt lat="22.2487556621" lon="113.9224508460"><ele>829.000</ele></trkpt>
      <trkpt lat="22.2487514376" lon="113.9224232612"><ele>830.000</ele></trkpt>
      <trkpt lat="22.2487478144" lon="113.9223982421"><ele>830.000</ele></trkpt>
      <trkpt lat="22.2487429904" lon="113.9223693752"><ele>832.000</ele></trkpt>
      <trkpt lat="22.2487369749" lon="113.9223424352"><ele>833.000</ele></trkpt>
      <trkpt lat="22.2487339602" lon="113.9223244736"><ele>833.000</ele></trkpt>
      <trkpt lat="22.2487255683" lon="113.9223058800"><ele>834.000</ele></trkpt>
      <trkpt lat="22.2487159919" lon="113.9222937053"><ele>835.000</ele></trkpt>
      <trkpt lat="22.2487088098" lon="113.9222847347"><ele>835.000</ele></trkpt>
      <trkpt lat="22.2487034176" lon="113.9222744776"><ele>836.000</ele></trkpt>
      <trkpt lat="22.2486992061" lon="113.9222552345"><ele>836.000</ele></trkpt>
      <trkpt lat="22.2486932006" lon="113.9222347117"><ele>837.000</ele></trkpt>
      <trkpt lat="22.2486866068" lon="113.9222199647"><ele>837.000</ele></trkpt>
      <trkpt lat="22.2486776206" lon="113.9222032974"><ele>837.000</ele></trkpt>
      <trkpt lat="22.2486734120" lon="113.9221859794"><ele>838.000</ele></trkpt>
      <trkpt lat="22.2486727674" lon="113.9221558214"><ele>838.000</ele></trkpt>
      <trkpt lat="22.2486739220" lon="113.9221301521"><ele>838.000</ele></trkpt>
      <trkpt lat="22.2486774698" lon="113.9221070451"><ele>838.000</ele></trkpt>
      <trkpt lat="22.2486822063" lon="113.9220800857"><ele>838.000</ele></trkpt>
      <trkpt lat="22.2486875400" lon="113.9220531254"><ele>838.000</ele></trkpt>
      <trkpt lat="22.2486922815" lon="113.9220293745"><ele>839.000</ele></trkpt>
      <trkpt lat="22.2487029873" lon="113.9219998379"><ele>840.000</ele></trkpt>
      <trkpt lat="22.2487113118" lon="113.9219754388"><ele>840.000</ele></trkpt>
      <trkpt lat="22.2487220216" lon="113.9219484688"><ele>841.000</ele></trkpt>
      <trkpt lat="22.2487297538" lon="113.9219272791"><ele>841.000</ele></trkpt>
      <trkpt lat="22.2487380761" lon="113.9219015966"><ele>842.000</ele></trkpt>
      <trkpt lat="22.2487416291" lon="113.9218816980"><ele>842.000</ele></trkpt>
      <trkpt lat="22.2487469688" lon="113.9218585878"><ele>843.000</ele></trkpt>
      <trkpt lat="22.2487505236" lon="113.9218399726"><ele>843.000</ele></trkpt>
      <trkpt lat="22.2487546788" lon="113.9218232813"><ele>844.000</ele></trkpt>
      <trkpt lat="22.2487612304" lon="113.9218110774"><ele>844.000</ele></trkpt>
      <trkpt lat="22.2487647872" lon="113.9217937454"><ele>845.000</ele></trkpt>
      <trkpt lat="22.2487659487" lon="113.9217725679"><ele>845.000</ele></trkpt>
      <trkpt lat="22.2487647217" lon="113.9217520362"><ele>846.000</ele></trkpt>
      <trkpt lat="22.2487670971" lon="113.9217430483"><ele>847.000</ele></trkpt>
      <trkpt lat="22.2487796280" lon="113.9217346837"><ele>847.000</ele></trkpt>
      <trkpt lat="22.2487879726" lon="113.9217231183"><ele>847.000</ele></trkpt>
      <trkpt lat="22.2487885468" lon="113.9217083586"><ele>848.000</ele></trkpt>
      <trkpt lat="22.2487843523" lon="113.9217000243"><ele>849.000</ele></trkpt>
      <trkpt lat="22.2487747827" lon="113.9216923414"><ele>850.000</ele></trkpt>
      <trkpt lat="22.2487688004" lon="113.9216865770"><ele>850.000</ele></trkpt>
      <trkpt lat="22.2487687863" lon="113.9216775936"><ele>850.000</ele></trkpt>
      <trkpt lat="22.2487753459" lon="113.9216705230"><ele>851.000</ele></trkpt>
      <trkpt lat="22.2487813033" lon="113.9216602454"><ele>851.000</ele></trkpt>
      <trkpt lat="22.2487812841" lon="113.9216480534"><ele>852.000</ele></trkpt>
      <trkpt lat="22.2487800612" lon="113.9216300886"><ele>853.000</ele></trkpt>
      <trkpt lat="22.2487734482" lon="113.9216031497"><ele>855.000</ele></trkpt>
      <trkpt lat="22.2487632573" lon="113.9215800676"><ele>856.000</ele></trkpt>
      <trkpt lat="22.2487602382" lon="113.9215595392"><ele>856.000</ele></trkpt>
      <trkpt lat="22.2487667808" lon="113.9215415603"><ele>857.000</ele></trkpt>
      <trkpt lat="22.2487804862" lon="113.9215203598"><ele>858.000</ele></trkpt>
      <trkpt lat="22.2487900103" lon="113.9214991671"><ele>859.000</ele></trkpt>
      <trkpt lat="22.2487983267" lon="113.9214696345"><ele>860.000</ele></trkpt>
      <trkpt lat="22.2488078305" lon="113.9214356081"><ele>862.000</ele></trkpt>
      <trkpt lat="22.2488215241" lon="113.9214067075"><ele>863.000</ele></trkpt>
      <trkpt lat="22.2488358258" lon="113.9213848642"><ele>864.000</ele></trkpt>
      <trkpt lat="22.2488578910" lon="113.9213617236"><ele>866.000</ele></trkpt>
      <trkpt lat="22.2488805555" lon="113.9213398653"><ele>866.000</ele></trkpt>
      <trkpt lat="22.2489044206" lon="113.9213218548"><ele>868.000</ele></trkpt>
      <trkpt lat="22.2489282829" lon="113.9213019193"><ele>868.000</ele></trkpt>
      <trkpt lat="22.2489515539" lon="113.9212858349"><ele>869.000</ele></trkpt>
      <trkpt lat="22.2489712517" lon="113.9212768156"><ele>870.000</ele></trkpt>
      <trkpt lat="22.2489891596" lon="113.9212690829"><ele>871.000</ele></trkpt>
      <trkpt lat="22.2490082563" lon="113.9212574979"><ele>872.000</ele></trkpt>
      <trkpt lat="22.2490231766" lon="113.9212491289"><ele>873.000</ele></trkpt>
      <trkpt lat="22.2490315172" lon="113.9212349968"><ele>873.000</ele></trkpt>
      <trkpt lat="22.2490338812" lon="113.9212189504"><ele>874.000</ele></trkpt>
      <trkpt lat="22.2490302760" lon="113.9212054815"><ele>875.000</ele></trkpt>
      <trkpt lat="22.2490236862" lon="113.9211933014"><ele>876.000</ele></trkpt>
      <trkpt lat="22.2490141188" lon="113.9211869020"><ele>876.000</ele></trkpt>
      <trkpt lat="22.2490081342" lon="113.9211798544"><ele>876.000</ele></trkpt>
      <trkpt lat="22.2490075136" lon="113.9211650966"><ele>877.000</ele></trkpt>
      <trkpt lat="22.2490146635" lon="113.9211535333"><ele>878.000</ele></trkpt>
      <trkpt lat="22.2490236034" lon="113.9211406836"><ele>878.000</ele></trkpt>
      <trkpt lat="22.2490313405" lon="113.9211227023"><ele>879.000</ele></trkpt>
      <trkpt lat="22.2490384763" lon="113.9211021553"><ele>880.000</ele></trkpt>
      <trkpt lat="22.2490378415" lon="113.9210784142"><ele>881.000</ele></trkpt>
      <trkpt lat="22.2490402078" lon="113.9210636512"><ele>882.000</ele></trkpt>
      <trkpt lat="22.2490473577" lon="113.9210520879"><ele>882.000</ele></trkpt>
      <trkpt lat="22.2490551036" lon="113.9210398818"><ele>884.000</ele></trkpt>
      <trkpt lat="22.2490556788" lon="113.9210257636"><ele>884.000</ele></trkpt>
      <trkpt lat="22.2490556495" lon="113.9210071548"><ele>885.000</ele></trkpt>
      <trkpt lat="22.2490556132" lon="113.9209840543"><ele>886.000</ele></trkpt>
      <trkpt lat="22.2490555738" lon="113.9209590286"><ele>887.000</ele></trkpt>
      <trkpt lat="22.2490620982" lon="113.9209294994"><ele>888.000</ele></trkpt>
      <trkpt lat="22.2490722134" lon="113.9209044552"><ele>890.000</ele></trkpt>
      <trkpt lat="22.2490841188" lon="113.9208781246"><ele>891.000</ele></trkpt>
      <trkpt lat="22.2490930555" lon="113.9208633494"><ele>892.000</ele></trkpt>
      <trkpt lat="22.2491037843" lon="113.9208485712"><ele>893.000</ele></trkpt>
      <trkpt lat="22.2491067406" lon="113.9208293153"><ele>893.000</ele></trkpt>
      <trkpt lat="22.2491108896" lon="113.9208087738"><ele>894.000</ele></trkpt>
      <trkpt lat="22.2491168449" lon="113.9207972127"><ele>895.000</ele></trkpt>
      <trkpt lat="22.2491299691" lon="113.9207862802"><ele>896.000</ele></trkpt>
      <trkpt lat="22.2491442869" lon="113.9207747039"><ele>897.000</ele></trkpt>
      <trkpt lat="22.2491544165" lon="113.9207586433"><ele>897.000</ele></trkpt>
      <trkpt lat="22.2491579824" lon="113.9207470866"><ele>897.000</ele></trkpt>
      <trkpt lat="22.2491615360" lon="113.9207278293"><ele>899.000</ele></trkpt>
      <trkpt lat="22.2491632824" lon="113.9206989505"><ele>900.000</ele></trkpt>
      <trkpt lat="22.2491614450" lon="113.9206700779"><ele>901.000</ele></trkpt>
      <trkpt lat="22.2491596013" lon="113.9206373553"><ele>903.000</ele></trkpt>
      <trkpt lat="22.2491595659" lon="113.9206148964"><ele>904.000</ele></trkpt>
      <trkpt lat="22.2491649208" lon="113.9206014112"><ele>905.000</ele></trkpt>
      <trkpt lat="22.2491690686" lon="113.9205802280"><ele>906.000</ele></trkpt>
      <trkpt lat="22.2491720201" lon="113.9205577637"><ele>907.000</ele></trkpt>
      <trkpt lat="22.2491719867" lon="113.9205365880"><ele>908.000</ele></trkpt>
      <trkpt lat="22.2491719523" lon="113.9205147709"><ele>909.000</ele></trkpt>
      <trkpt lat="22.2491719310" lon="113.9205012955"><ele>910.000</ele></trkpt>
      <trkpt lat="22.2491766934" lon="113.9204910199"><ele>911.000</ele></trkpt>
      <trkpt lat="22.2491826507" lon="113.9204807420"><ele>911.000</ele></trkpt>
      <trkpt lat="22.2491939879" lon="113.9204730211"><ele>911.000</ele></trkpt>
      <trkpt lat="22.2492041284" lon="113.9204640193"><ele>912.000</ele></trkpt>
      <trkpt lat="22.2492082886" lon="113.9204505362"><ele>912.000</ele></trkpt>
      <trkpt lat="22.2492094540" lon="113.9204319253"><ele>913.000</ele></trkpt>
      <trkpt lat="22.2492117997" lon="113.9204043285"><ele>915.000</ele></trkpt>
      <trkpt lat="22.2492099732" lon="113.9203825144"><ele>916.000</ele></trkpt>
      <trkpt lat="22.2492159224" lon="113.9203671032"><ele>917.000</ele></trkpt>
      <trkpt lat="22.2492260598" lon="113.9203561761"><ele>917.000</ele></trkpt>
      <trkpt lat="22.2492326173" lon="113.9203478223"><ele>918.000</ele></trkpt>
      <trkpt lat="22.2492367815" lon="113.9203369061"><ele>918.000</ele></trkpt>
      <trkpt lat="22.2492373546" lon="113.9203215044"><ele>919.000</ele></trkpt>
      <trkpt lat="22.2492367309" lon="113.9203048219"><ele>920.000</ele></trkpt>
      <trkpt lat="22.2492355088" lon="113.9202874985"><ele>921.000</ele></trkpt>
      <trkpt lat="22.2492348873" lon="113.9202720992"><ele>921.000</ele></trkpt>
      <trkpt lat="22.2492300924" lon="113.9202618411"><ele>922.000</ele></trkpt>
      <trkpt lat="22.2492241087" lon="113.9202554350"><ele>922.000</ele></trkpt>
      <trkpt lat="22.2492159188" lon="113.9202481326"><ele>923.000</ele></trkpt>
      <trkpt lat="22.2492124967" lon="113.9202389876"><ele>924.000</ele></trkpt>
      <trkpt lat="22.2492153195" lon="113.9202283060"><ele>924.000</ele></trkpt>
      <trkpt lat="22.2492238263" lon="113.9202206642"><ele>924.000</ele></trkpt>
      <trkpt lat="22.2492289207" lon="113.9202099785"><ele>925.000</ele></trkpt>
      <trkpt lat="22.2492297458" lon="113.9201928944"><ele>926.000</ele></trkpt>
      <trkpt lat="22.2492260365" lon="113.9201816144"><ele>927.000</ele></trkpt>
      <trkpt lat="22.2492174944" lon="113.9201669879"><ele>928.000</ele></trkpt>
      <trkpt lat="22.2492092389" lon="113.9201538859"><ele>929.000</ele></trkpt>
      <trkpt lat="22.2491964442" lon="113.9201435379"><ele>930.000</ele></trkpt>
      <trkpt lat="22.2491896166" lon="113.9201356190"><ele>930.000</ele></trkpt>
      <trkpt lat="22.2491890346" lon="113.9201267739"><ele>931.000</ele></trkpt>
      <trkpt lat="22.2491887029" lon="113.9200965751"><ele>932.000</ele></trkpt>
      <trkpt lat="22.2491892386" lon="113.9200761360"><ele>933.000</ele></trkpt>
      <trkpt lat="22.2491866733" lon="113.9200700399"><ele>933.000</ele></trkpt>
      <trkpt lat="22.2491832581" lon="113.9200651653"><ele>933.000</ele></trkpt>
      <trkpt lat="22.2491772914" lon="113.9200630409"><ele>933.000</ele></trkpt>
      <trkpt lat="22.2491704751" lon="113.9200621381"><ele>933.000</ele></trkpt>
      <trkpt lat="22.2491628086" lon="113.9200624571"><ele>933.000</ele></trkpt>
      <trkpt lat="22.2491534387" lon="113.9200630844"><ele>933.000</ele></trkpt>
      <trkpt lat="22.2491432166" lon="113.9200634082"><ele>933.000</ele></trkpt>
      <trkpt lat="22.2491329921" lon="113.9200622064"><ele>933.000</ele></trkpt>
      <trkpt lat="22.2491266532" lon="113.9200585856"><ele>933.000</ele></trkpt>
      <trkpt lat="22.2491248094" lon="113.9200575995"><ele>933.000</ele></trkpt>
      <trkpt lat="22.2491137718" lon="113.9200447948"><ele>932.000</ele></trkpt>
      <trkpt lat="22.2491045682" lon="113.9200324719"><ele>932.000</ele></trkpt>
      <trkpt lat="22.2490948825" lon="113.9200122532"><ele>931.000</ele></trkpt>
      <trkpt lat="22.2490911586" lon="113.9199930131"><ele>929.000</ele></trkpt>
      <trkpt lat="22.2490863792" lon="113.9199808904"><ele>928.000</ele></trkpt>
      <trkpt lat="22.2490745932" lon="113.9199737964"><ele>928.000</ele></trkpt>
      <trkpt lat="22.2490530228" lon="113.9199704016"><ele>926.000</ele></trkpt>
      <trkpt lat="22.2490355914" lon="113.9199689685"><ele>925.000</ele></trkpt>
      <trkpt lat="22.2490121878" lon="113.9199655867"><ele>925.000</ele></trkpt>
      <trkpt lat="22.2489984092" lon="113.9199611785"><ele>924.000</ele></trkpt>
      <trkpt lat="22.2489768231" lon="113.9199479080"><ele>924.000</ele></trkpt>
      <trkpt lat="22.2489627587" lon="113.9199382605"><ele>923.000</ele></trkpt>
      <trkpt lat="22.2489561820" lon="113.9199344224"><ele>923.000</ele></trkpt>
      <trkpt lat="22.2489454208" lon="113.9199286668"><ele>922.000</ele></trkpt>
      <trkpt lat="22.2489334629" lon="113.9199216301"><ele>922.000</ele></trkpt>
      <trkpt lat="22.2489203102" lon="113.9199145956"><ele>921.000</ele></trkpt>
      <trkpt lat="22.2489089537" lon="113.9199101245"><ele>921.000</ele></trkpt>
      <trkpt lat="22.2488999877" lon="113.9199062908"><ele>921.000</ele></trkpt>
      <trkpt lat="22.2488904180" lon="113.9198986080"><ele>921.000</ele></trkpt>
      <trkpt lat="22.2488814469" lon="113.9198915659"><ele>920.000</ele></trkpt>
      <trkpt lat="22.2488688916" lon="113.9198845301"><ele>919.000</ele></trkpt>
      <trkpt lat="22.2488617205" lon="113.9198826183"><ele>919.000</ele></trkpt>
      <trkpt lat="22.2488581233" lon="113.9198742829"><ele>918.000</ele></trkpt>
      <trkpt lat="22.2488533314" lon="113.9198659497"><ele>918.000</ele></trkpt>
      <trkpt lat="22.2488431636" lon="113.9198576264"><ele>917.000</ele></trkpt>
      <trkpt lat="22.2488330018" lon="113.9198531531"><ele>917.000</ele></trkpt>
      <trkpt lat="22.2488198511" lon="113.9198474020"><ele>916.000</ele></trkpt>
      <trkpt lat="22.2488066977" lon="113.9198397259"><ele>915.000</ele></trkpt>
      <trkpt lat="22.2487989181" lon="113.9198307564"><ele>915.000</ele></trkpt>
      <trkpt lat="22.2487899429" lon="113.9198211474"><ele>913.000</ele></trkpt>
      <trkpt lat="22.2487845567" lon="113.9198147405"><ele>913.000</ele></trkpt>
      <trkpt lat="22.2487791744" lon="113.9198109002"><ele>912.000</ele></trkpt>
      <trkpt lat="22.2487726028" lon="113.9198102705"><ele>912.000</ele></trkpt>
      <trkpt lat="22.2487648364" lon="113.9198096430"><ele>911.000</ele></trkpt>
      <trkpt lat="22.2487552821" lon="113.9198115856"><ele>911.000</ele></trkpt>
      <trkpt lat="22.2487391611" lon="113.9198161068"><ele>910.000</ele></trkpt>
      <trkpt lat="22.2487296078" lon="113.9198186909"><ele>910.000</ele></trkpt>
      <trkpt lat="22.2487158732" lon="113.9198212826"><ele>910.000</ele></trkpt>
      <trkpt lat="22.2487027317" lon="113.9198213066"><ele>909.000</ele></trkpt>
      <trkpt lat="22.2486919736" lon="113.9198174761"><ele>908.000</ele></trkpt>
      <trkpt lat="22.2486788231" lon="113.9198117251"><ele>907.000</ele></trkpt>
      <trkpt lat="22.2486573026" lon="113.9198014973"><ele>906.000</ele></trkpt>
      <trkpt lat="22.2486298050" lon="113.9197887140"><ele>905.000</ele></trkpt>
      <trkpt lat="22.2486017117" lon="113.9197772150"><ele>905.000</ele></trkpt>
      <trkpt lat="22.2485742121" lon="113.9197631480"><ele>904.000</ele></trkpt>
      <trkpt lat="22.2485580707" lon="113.9197548356"><ele>904.000</ele></trkpt>
      <trkpt lat="22.2485461168" lon="113.9197503656"><ele>903.000</ele></trkpt>
      <trkpt lat="22.2485287881" lon="113.9197465471"><ele>903.000</ele></trkpt>
      <trkpt lat="22.2485102696" lon="113.9197459392"><ele>902.000</ele></trkpt>
      <trkpt lat="22.2484935453" lon="113.9197466114"><ele>902.000</ele></trkpt>
      <trkpt lat="22.2484714439" lon="113.9197466518"><ele>901.000</ele></trkpt>
      <trkpt lat="22.2484511343" lon="113.9197466888"><ele>901.000</ele></trkpt>
      <trkpt lat="22.2484308311" lon="113.9197505760"><ele>900.000</ele></trkpt>
      <trkpt lat="22.2484087367" lon="113.9197551081"><ele>899.000</ele></trkpt>
      <trkpt lat="22.2483878369" lon="113.9197596380"><ele>898.000</ele></trkpt>
      <trkpt lat="22.2483729086" lon="113.9197628736"><ele>898.000</ele></trkpt>
      <trkpt lat="22.2483579823" lon="113.9197673927"><ele>898.000</ele></trkpt>
      <trkpt lat="22.2483484300" lon="113.9197706185"><ele>898.000</ele></trkpt>
      <trkpt lat="22.2483388746" lon="113.9197719194"><ele>898.000</ele></trkpt>
      <trkpt lat="22.2483299106" lon="113.9197693691"><ele>898.000</ele></trkpt>
      <trkpt lat="22.2483233328" lon="113.9197648893"><ele>898.000</ele></trkpt>
      <trkpt lat="22.2483149579" lon="113.9197572044"><ele>898.000</ele></trkpt>
      <trkpt lat="22.2483006015" lon="113.9197443969"><ele>897.000</ele></trkpt>
      <trkpt lat="22.2482934203" lon="113.9197360681"><ele>897.000</ele></trkpt>
      <trkpt lat="22.2482820557" lon="113.9197264636"><ele>897.000</ele></trkpt>
      <trkpt lat="22.2482700927" lon="113.9197162186"><ele>897.000</ele></trkpt>
      <trkpt lat="22.2482623161" lon="113.9197091743"><ele>897.000</ele></trkpt>
      <trkpt lat="22.2482539401" lon="113.9197008478"><ele>897.000</ele></trkpt>
      <trkpt lat="22.2482437774" lon="113.9196957328"><ele>897.000</ele></trkpt>
      <trkpt lat="22.2482330162" lon="113.9196899774"><ele>897.000</ele></trkpt>
      <trkpt lat="22.2482252447" lon="113.9196861415"><ele>897.000</ele></trkpt>
      <trkpt lat="22.2482180767" lon="113.9196861546"><ele>897.000</ele></trkpt>
      <trkpt lat="22.2482091165" lon="113.9196861710"><ele>897.000</ele></trkpt>
      <trkpt lat="22.2482007540" lon="113.9196861862"><ele>897.000</ele></trkpt>
      <trkpt lat="22.2481888103" lon="113.9196881330"><ele>896.000</ele></trkpt>
      <trkpt lat="22.2481816422" lon="113.9196881461"><ele>896.000</ele></trkpt>
      <trkpt lat="22.2481756677" lon="113.9196875152"><ele>896.000</ele></trkpt>
      <trkpt lat="22.2481673021" lon="113.9196856056"><ele>896.000</ele></trkpt>
      <trkpt lat="22.2481619169" lon="113.9196798402"><ele>895.000</ele></trkpt>
      <trkpt lat="22.2481565359" lon="113.9196766417"><ele>895.000</ele></trkpt>
      <trkpt lat="22.2481475747" lon="113.9196760163"><ele>895.000</ele></trkpt>
      <trkpt lat="22.2481362263" lon="113.9196766787"><ele>895.000</ele></trkpt>
      <trkpt lat="22.2481260676" lon="113.9196741306"><ele>895.000</ele></trkpt>
      <trkpt lat="22.2481159079" lon="113.9196709408"><ele>894.000</ele></trkpt>
      <trkpt lat="22.2481057479" lon="113.9196677508"><ele>894.000</ele></trkpt>
      <trkpt lat="22.2480973772" lon="113.9196626328"><ele>894.000</ele></trkpt>
      <trkpt lat="22.2480943823" lon="113.9196575047"><ele>893.000</ele></trkpt>
      <trkpt lat="22.2480883988" lon="113.9196510990"><ele>893.000</ele></trkpt>
      <trkpt lat="22.2480818170" lon="113.9196440523"><ele>893.000</ele></trkpt>
      <trkpt lat="22.2480740394" lon="113.9196363663"><ele>892.000</ele></trkpt>
      <trkpt lat="22.2480674607" lon="113.9196312451"><ele>892.000</ele></trkpt>
      <trkpt lat="22.2480590908" lon="113.9196267686"><ele>892.000</ele></trkpt>
      <trkpt lat="22.2480461581" lon="113.9196252599"><ele>891.000</ele></trkpt>
      <trkpt lat="22.2480328149" lon="113.9196206598"><ele>890.000</ele></trkpt>
      <trkpt lat="22.2480216845" lon="113.9196119493"><ele>889.000</ele></trkpt>
      <trkpt lat="22.2480152672" lon="113.9196084686"><ele>889.000</ele></trkpt>
      <trkpt lat="22.2480033487" lon="113.9196039795"><ele>888.000</ele></trkpt>
      <trkpt lat="22.2479918849" lon="113.9196014684"><ele>887.000</ele></trkpt>
      <trkpt lat="22.2479763260" lon="113.9195905542"><ele>886.000</ele></trkpt>
      <trkpt lat="22.2479653196" lon="113.9195860633"><ele>886.000</ele></trkpt>
      <trkpt lat="22.2479547769" lon="113.9195835506"><ele>885.000</ele></trkpt>
      <trkpt lat="22.2479483612" lon="113.9195810595"><ele>884.000</ele></trkpt>
      <trkpt lat="22.2479419648" lon="113.9195736305"><ele>884.000</ele></trkpt>
      <trkpt lat="22.2479378985" lon="113.9195548763"><ele>884.000</ele></trkpt>
      <trkpt lat="22.2479370242" lon="113.9195445172"><ele>884.000</ele></trkpt>
      <trkpt lat="22.2479347548" lon="113.9195371098"><ele>883.000</ele></trkpt>
      <trkpt lat="22.2479324988" lon="113.9195267533"><ele>883.000</ele></trkpt>
      <trkpt lat="22.2479261127" lon="113.9195143963"><ele>882.000</ele></trkpt>
      <trkpt lat="22.2479151680" lon="113.9194975851"><ele>882.000</ele></trkpt>
      <trkpt lat="22.2479028319" lon="113.9194802720"><ele>881.000</ele></trkpt>
      <trkpt lat="22.2478955152" lon="113.9194733298"><ele>881.000</ele></trkpt>
      <trkpt lat="22.2478873048" lon="113.9194609663"><ele>880.000</ele></trkpt>
      <trkpt lat="22.2478749821" lon="113.9194407041"><ele>880.000</ele></trkpt>
      <trkpt lat="22.2478585524" lon="113.9194159773"><ele>879.000</ele></trkpt>
      <trkpt lat="22.2478553627" lon="113.9194090567"><ele>878.000</ele></trkpt>
      <trkpt lat="22.2478508270" lon="113.9193962209"><ele>878.000</ele></trkpt>
      <trkpt lat="22.2478435331" lon="113.9193808970"><ele>877.000</ele></trkpt>
      <trkpt lat="22.2478431253" lon="113.9193685678"><ele>877.000</ele></trkpt>
      <trkpt lat="22.2478408567" lon="113.9193616552"><ele>877.000</ele></trkpt>
      <trkpt lat="22.2478339848" lon="113.9193562061"><ele>876.000</ele></trkpt>
      <trkpt lat="22.2478262149" lon="113.9193482752"><ele>877.000</ele></trkpt>
      <trkpt lat="22.2478202791" lon="113.9193408551"><ele>876.000</ele></trkpt>
      <trkpt lat="22.2478148007" lon="113.9193314649"><ele>876.000</ele></trkpt>
      <trkpt lat="22.2478102568" lon="113.9193191142"><ele>876.000</ele></trkpt>
      <trkpt lat="22.2478057255" lon="113.9193033196"><ele>875.000</ele></trkpt>
      <trkpt lat="22.2478043899" lon="113.9192924667"><ele>875.000</ele></trkpt>
      <trkpt lat="22.2477880038" lon="113.9192554099"><ele>874.000</ele></trkpt>
      <trkpt lat="22.2477839338" lon="113.9192401092"><ele>874.000</ele></trkpt>
      <trkpt lat="22.2477748520" lon="113.9192134482"><ele>874.000</ele></trkpt>
      <trkpt lat="22.2477507425" lon="113.9191724368"><ele>872.000</ele></trkpt>
      <trkpt lat="22.2477452058" lon="113.9191630187"><ele>872.000</ele></trkpt>
      <trkpt lat="22.2477306136" lon="113.9191353395"><ele>872.000</ele></trkpt>
      <trkpt lat="22.2477210542" lon="113.9191150820"><ele>872.000</ele></trkpt>
      <trkpt lat="22.2477087464" lon="113.9190928408"><ele>871.000</ele></trkpt>
      <trkpt lat="22.2477014599" lon="113.9190765371"><ele>870.000</ele></trkpt>
      <trkpt lat="22.2476982651" lon="113.9190720902"><ele>870.000</ele></trkpt>
      <trkpt lat="22.2476927741" lon="113.9190661439"><ele>869.000</ele></trkpt>
      <trkpt lat="22.2476854581" lon="113.9190597062"><ele>868.000</ele></trkpt>
      <trkpt lat="22.2476680812" lon="113.9190413838"><ele>866.000</ele></trkpt>
      <trkpt lat="22.2476621454" lon="113.9190339637"><ele>865.000</ele></trkpt>
      <trkpt lat="22.2476548790" lon="113.9190132170"><ele>863.000</ele></trkpt>
      <trkpt lat="22.2476544629" lon="113.9190013826"><ele>862.000</ele></trkpt>
      <trkpt lat="22.2476526599" lon="113.9189920051"><ele>862.000</ele></trkpt>
      <trkpt lat="22.2476480967" lon="113.9189845922"><ele>861.000</ele></trkpt>
      <trkpt lat="22.2476384736" lon="113.9189810981"><ele>860.000</ele></trkpt>
      <trkpt lat="22.2476247227" lon="113.9189770973"><ele>859.000</ele></trkpt>
      <trkpt lat="22.2476095841" lon="113.9189750490"><ele>858.000</ele></trkpt>
      <trkpt lat="22.2475985675" lon="113.9189754961"><ele>858.000</ele></trkpt>
      <trkpt lat="22.2475884578" lon="113.9189784151"><ele>858.000</ele></trkpt>
      <trkpt lat="22.2475806309" lon="113.9189857731"><ele>858.000</ele></trkpt>
      <trkpt lat="22.2475764772" lon="113.9189916692"><ele>858.000</ele></trkpt>
      <trkpt lat="22.2475704953" lon="113.9189950948"><ele>857.000</ele></trkpt>
      <trkpt lat="22.2475636140" lon="113.9189950686"><ele>857.000</ele></trkpt>
      <trkpt lat="22.2475544565" lon="113.9189891096"><ele>856.000</ele></trkpt>
      <trkpt lat="22.2475402761" lon="113.9189762236"><ele>855.000</ele></trkpt>
      <trkpt lat="22.2475288292" lon="113.9189673003"><ele>854.000</ele></trkpt>
      <trkpt lat="22.2475215065" lon="113.9189623371"><ele>853.000</ele></trkpt>
      <trkpt lat="22.2475150983" lon="113.9189588565"><ele>853.000</ele></trkpt>
      <trkpt lat="22.2475073143" lon="113.9189533994"><ele>852.000</ele></trkpt>
      <trkpt lat="22.2475022964" lon="113.9189440084"><ele>852.000</ele></trkpt>
      <trkpt lat="22.2474945317" lon="113.9189336135"><ele>851.000</ele></trkpt>
      <trkpt lat="22.2474762368" lon="113.9189172621"><ele>850.000</ele></trkpt>
      <trkpt lat="22.2474602609" lon="113.9188940189"><ele>849.000</ele></trkpt>
      <trkpt lat="22.2474566114" lon="113.9188875938"><ele>848.000</ele></trkpt>
      <trkpt lat="22.2474562774" lon="113.9188535733"><ele>847.000</ele></trkpt>
      <trkpt lat="22.2474530877" lon="113.9188466526"><ele>846.000</ele></trkpt>
      <trkpt lat="22.2474471518" lon="113.9188392326"><ele>846.000</ele></trkpt>
      <trkpt lat="22.2474375405" lon="113.9188317902"><ele>845.000</ele></trkpt>
      <trkpt lat="22.2474141833" lon="113.9188178830"><ele>844.000</ele></trkpt>
      <trkpt lat="22.2473991262" lon="113.9187931635"><ele>843.000</ele></trkpt>
      <trkpt lat="22.2473895416" lon="113.9187798035"><ele>842.000</ele></trkpt>
      <trkpt lat="22.2473712436" lon="113.9187614829"><ele>841.000</ele></trkpt>
      <trkpt lat="22.2473602647" lon="113.9187515692"><ele>840.000</ele></trkpt>
      <trkpt lat="22.2473520209" lon="113.9187466078"><ele>840.000</ele></trkpt>
      <trkpt lat="22.2473396937" lon="113.9187292948"><ele>839.000</ele></trkpt>
      <trkpt lat="22.2473319623" lon="113.9187115078"><ele>838.000</ele></trkpt>
      <trkpt lat="22.2473214751" lon="113.9186927266"><ele>837.000</ele></trkpt>
      <trkpt lat="22.2473123805" lon="113.9186695096"><ele>836.000</ele></trkpt>
      <trkpt lat="22.2473060218" lon="113.9186517297"><ele>835.000</ele></trkpt>
      <trkpt lat="22.2473014570" lon="113.9186433274"><ele>834.000</ele></trkpt>
      <trkpt lat="22.2472950614" lon="113.9186364029"><ele>834.000</ele></trkpt>
      <trkpt lat="22.2472872774" lon="113.9186309459"><ele>833.000</ele></trkpt>
      <trkpt lat="22.2472804137" lon="113.9186249924"><ele>833.000</ele></trkpt>
      <trkpt lat="22.2472740306" lon="113.9186146144"><ele>831.000</ele></trkpt>
      <trkpt lat="22.2472712932" lon="113.9186081877"><ele>830.000</ele></trkpt>
      <trkpt lat="22.2472589601" lon="113.9185928538"><ele>829.000</ele></trkpt>
      <trkpt lat="22.2472498144" lon="113.9185829465"><ele>829.000</ele></trkpt>
      <trkpt lat="22.2472301520" lon="113.9185641240"><ele>827.000</ele></trkpt>
      <trkpt lat="22.2472228293" lon="113.9185591608"><ele>827.000</ele></trkpt>
      <trkpt lat="22.2472104561" lon="113.9185526936"><ele>826.000</ele></trkpt>
      <trkpt lat="22.2472035932" lon="113.9185472446"><ele>826.000</ele></trkpt>
      <trkpt lat="22.2471985836" lon="113.9185373588"><ele>826.000</ele></trkpt>
      <trkpt lat="22.2471949525" lon="113.9185255110"><ele>825.000</ele></trkpt>
      <trkpt lat="22.2471886316" lon="113.9184973802"><ele>825.000</ele></trkpt>
      <trkpt lat="22.2471758379" lon="113.9184820374"><ele>824.000</ele></trkpt>
      <trkpt lat="22.2471694474" lon="113.9184726392"><ele>823.000</ele></trkpt>
      <trkpt lat="22.2471657970" lon="113.9184657195"><ele>823.000</ele></trkpt>
      <trkpt lat="22.2471612546" lon="113.9184543583"><ele>822.000</ele></trkpt>
      <trkpt lat="22.2471543961" lon="113.9184459505"><ele>822.000</ele></trkpt>
      <trkpt lat="22.2471461731" lon="113.9184370311"><ele>821.000</ele></trkpt>
      <trkpt lat="22.2471374813" lon="113.9184286169"><ele>821.000</ele></trkpt>
      <trkpt lat="22.2471274286" lon="113.9184162376"><ele>820.000</ele></trkpt>
      <trkpt lat="22.2471169405" lon="113.9183969617"><ele>820.000</ele></trkpt>
      <trkpt lat="22.2471091773" lon="113.9183875661"><ele>820.000</ele></trkpt>
      <trkpt lat="22.2470885929" lon="113.9183682409"><ele>820.000</ele></trkpt>
      <trkpt lat="22.2470522983" lon="113.9183393866"><ele>818.000</ele></trkpt>
      <trkpt lat="22.2470249822" lon="113.9183176703"><ele>818.000</ele></trkpt>
      <trkpt lat="22.2470176595" lon="113.9183127072"><ele>818.000</ele></trkpt>
      <trkpt lat="22.2470071093" lon="113.9183111744"><ele>817.000</ele></trkpt>
      <trkpt lat="22.2469983873" lon="113.9183121217"><ele>816.000</ele></trkpt>
      <trkpt lat="22.2469878540" lon="113.9183041863"><ele>816.000</ele></trkpt>
      <trkpt lat="22.2469650618" lon="113.9182623149"><ele>813.000</ele></trkpt>
      <trkpt lat="22.2469550311" lon="113.9182438876"><ele>812.000</ele></trkpt>
      <trkpt lat="22.2469463291" lon="113.9182404015"><ele>812.000</ele></trkpt>
      <trkpt lat="22.2469371441" lon="113.9182398654"><ele>811.000</ele></trkpt>
      <trkpt lat="22.2469311949" lon="113.9182354042"><ele>811.000</ele></trkpt>
      <trkpt lat="22.2469257204" lon="113.9182284781"><ele>810.000</ele></trkpt>
      <trkpt lat="22.2469193341" lon="113.9182161212"><ele>810.000</ele></trkpt>
      <trkpt lat="22.2469175312" lon="113.9182067438"><ele>809.000</ele></trkpt>
      <trkpt lat="22.2469171040" lon="113.9181993428"><ele>809.000</ele></trkpt>
      <trkpt lat="22.2469152826" lon="113.9181953979"><ele>809.000</ele></trkpt>
      <trkpt lat="22.2468979574" lon="113.9181642510"><ele>808.000</ele></trkpt>
      <trkpt lat="22.2468833466" lon="113.9181420046"><ele>807.000</ele></trkpt>
      <trkpt lat="22.2468755842" lon="113.9181330940"><ele>807.000</ele></trkpt>
      <trkpt lat="22.2468714690" lon="113.9181291339"><ele>806.000</ele></trkpt>
      <trkpt lat="22.2468632236" lon="113.9181231733"><ele>806.000</ele></trkpt>
      <trkpt lat="22.2468531457" lon="113.9181177108"><ele>806.000</ele></trkpt>
      <trkpt lat="22.2468329850" lon="113.9181092401"><ele>805.000</ele></trkpt>
      <trkpt lat="22.2467917297" lon="113.9180957444"><ele>803.000</ele></trkpt>
      <trkpt lat="22.2467798171" lon="113.9180892763"><ele>802.000</ele></trkpt>
      <trkpt lat="22.2467651450" lon="113.9180852677"><ele>802.000</ele></trkpt>
      <trkpt lat="22.2467568828" lon="113.9180857291"><ele>802.000</ele></trkpt>
      <trkpt lat="22.2467367212" lon="113.9180767638"><ele>802.000</ele></trkpt>
      <trkpt lat="22.2467303994" lon="113.9180708481"><ele>802.000</ele></trkpt>
      <trkpt lat="22.2467304038" lon="113.9180707725"><ele>802.000</ele></trkpt>
      <trkpt lat="22.2467308033" lon="113.9180639115"><ele>802.000</ele></trkpt>
      <trkpt lat="22.2467354281" lon="113.9180535808"><ele>801.000</ele></trkpt>
      <trkpt lat="22.2467428166" lon="113.9180422744"><ele>801.000</ele></trkpt>
      <trkpt lat="22.2467446877" lon="113.9180329108"><ele>800.000</ele></trkpt>
      <trkpt lat="22.2467456447" lon="113.9180210842"><ele>800.000</ele></trkpt>
      <trkpt lat="22.2467461808" lon="113.9180003808"><ele>798.000</ele></trkpt>
      <trkpt lat="22.2467444241" lon="113.9179796639"><ele>797.000</ele></trkpt>
      <trkpt lat="22.2467468123" lon="113.9179540295"><ele>796.000</ele></trkpt>
      <trkpt lat="22.2467459332" lon="113.9179417006"><ele>795.000</ele></trkpt>
      <trkpt lat="22.2467413778" lon="113.9179328033"><ele>795.000</ele></trkpt>
      <trkpt lat="22.2467395768" lon="113.9179244171"><ele>795.000</ele></trkpt>
      <trkpt lat="22.2467327455" lon="113.9179105857"><ele>794.000</ele></trkpt>
      <trkpt lat="22.2467296119" lon="113.9178883757"><ele>792.000</ele></trkpt>
      <trkpt lat="22.2467264284" lon="113.9178799816"><ele>792.000</ele></trkpt>
      <trkpt lat="22.2467141281" lon="113.9178562662"><ele>791.000</ele></trkpt>
      <trkpt lat="22.2467068219" lon="113.9178448898"><ele>790.000</ele></trkpt>
      <trkpt lat="22.2466990569" lon="113.9178349890"><ele>790.000</ele></trkpt>
      <trkpt lat="22.2466963276" lon="113.9178275840"><ele>789.000</ele></trkpt>
      <trkpt lat="22.2466940656" lon="113.9178191969"><ele>789.000</ele></trkpt>
      <trkpt lat="22.2466918172" lon="113.9178078396"><ele>788.000</ele></trkpt>
      <trkpt lat="22.2466904723" lon="113.9177974830"><ele>788.000</ele></trkpt>
      <trkpt lat="22.2466909959" lon="113.9177802237"><ele>786.000</ele></trkpt>
      <trkpt lat="22.2466905718" lon="113.9177693792"><ele>786.000</ele></trkpt>
      <trkpt lat="22.2466883173" lon="113.9177595088"><ele>785.000</ele></trkpt>
      <trkpt lat="22.2466851421" lon="113.9177501227"><ele>785.000</ele></trkpt>
      <trkpt lat="22.2466805853" lon="113.9177412262"><ele>784.000</ele></trkpt>
      <trkpt lat="22.2466838112" lon="113.9177368063"><ele>784.000</ele></trkpt>
      <trkpt lat="22.2466893125" lon="113.9177378148"><ele>784.000</ele></trkpt>
      <trkpt lat="22.2466962080" lon="113.9177353866"><ele>783.000</ele></trkpt>
      <trkpt lat="22.2467026370" lon="113.9177349188"><ele>783.000</ele></trkpt>
      <trkpt lat="22.2467099923" lon="113.9177319950"><ele>782.000</ele></trkpt>
      <trkpt lat="22.2467150589" lon="113.9177265920"><ele>781.000</ele></trkpt>
      <trkpt lat="22.2467192326" lon="113.9177162529"><ele>781.000</ele></trkpt>
      <trkpt lat="22.2467224652" lon="113.9177103488"><ele>780.000</ele></trkpt>
      <trkpt lat="22.2467266115" lon="113.9177054423"><ele>780.000</ele></trkpt>
      <trkpt lat="22.2467289422" lon="113.9176946021"><ele>779.000</ele></trkpt>
      <trkpt lat="22.2467294588" lon="113.9176788275"><ele>778.000</ele></trkpt>
      <trkpt lat="22.2467290811" lon="113.9176571370"><ele>777.000</ele></trkpt>
      <trkpt lat="22.2467313898" lon="113.9176086961"><ele>775.000</ele></trkpt>
      <trkpt lat="22.2467315715" lon="113.9176048835"><ele>775.000</ele></trkpt>
      <trkpt lat="22.2467390508" lon="113.9175664542"><ele>772.000</ele></trkpt>
      <trkpt lat="22.2467399962" lon="113.9175590604"><ele>772.000</ele></trkpt>
      <trkpt lat="22.2467437102" lon="113.9175492169"><ele>771.000</ele></trkpt>
      <trkpt lat="22.2467492491" lon="113.9175398745"><ele>771.000</ele></trkpt>
      <trkpt lat="22.2467525017" lon="113.9175295370"><ele>769.000</ele></trkpt>
      <trkpt lat="22.2467539312" lon="113.9175142555"><ele>768.000</ele></trkpt>
      <trkpt lat="22.2467540592" lon="113.9174812238"><ele>767.000</ele></trkpt>
      <trkpt lat="22.2467536221" lon="113.9174733281"><ele>767.000</ele></trkpt>
      <trkpt lat="22.2467559552" lon="113.9174639721"><ele>766.000</ele></trkpt>
      <trkpt lat="22.2467665983" lon="113.9174388757"><ele>764.000</ele></trkpt>
      <trkpt lat="22.2467703115" lon="113.9174285374"><ele>764.000</ele></trkpt>
      <trkpt lat="22.2467721780" lon="113.9174211516"><ele>763.000</ele></trkpt>
      <trkpt lat="22.2467908083" lon="113.9173769685"><ele>760.000</ele></trkpt>
      <trkpt lat="22.2467962528" lon="113.9173640564"><ele>759.000</ele></trkpt>
      <trkpt lat="22.2468041055" lon="113.9173502861"><ele>758.000</ele></trkpt>
      <trkpt lat="22.2468073440" lon="113.9173424127"><ele>758.000</ele></trkpt>
      <trkpt lat="22.2467991460" lon="113.9173265959"><ele>757.000</ele></trkpt>
      <trkpt lat="22.2468005830" lon="113.9173103346"><ele>756.000</ele></trkpt>
      <trkpt lat="22.2468052016" lon="113.9173014789"><ele>756.000</ele></trkpt>
      <trkpt lat="22.2468102815" lon="113.9172931171"><ele>755.000</ele></trkpt>
      <trkpt lat="22.2468185681" lon="113.9172852732"><ele>754.000</ele></trkpt>
      <trkpt lat="22.2468365069" lon="113.9172764705"><ele>753.000</ele></trkpt>
      <trkpt lat="22.2468567356" lon="113.9172652190"><ele>752.000</ele></trkpt>
      <trkpt lat="22.2468801631" lon="113.9172608881"><ele>751.000</ele></trkpt>
      <trkpt lat="22.2468852171" lon="113.9172589386"><ele>750.000</ele></trkpt>
      <trkpt lat="22.2468861743" lon="113.9172476062"><ele>750.000</ele></trkpt>
      <trkpt lat="22.2468848821" lon="113.9172244234"><ele>749.000</ele></trkpt>
      <trkpt lat="22.2468766590" lon="113.9172155138"><ele>748.000</ele></trkpt>
      <trkpt lat="22.2468592643" lon="113.9172031093"><ele>747.000</ele></trkpt>
      <trkpt lat="22.2468560603" lon="113.9171986528"><ele>747.000</ele></trkpt>
      <trkpt lat="22.2468560945" lon="113.9171917554"><ele>747.000</ele></trkpt>
      <trkpt lat="22.2468602266" lon="113.9171893031"><ele>747.000</ele></trkpt>
      <trkpt lat="22.2468657545" lon="113.9171844037"><ele>746.000</ele></trkpt>
      <trkpt lat="22.2468694226" lon="113.9171854058"><ele>746.000</ele></trkpt>
      <trkpt lat="22.2468712958" lon="113.9171765358"><ele>746.000</ele></trkpt>
      <trkpt lat="22.2468667494" lon="113.9171627107"><ele>745.000</ele></trkpt>
      <trkpt lat="22.2468658667" lon="113.9171528465"><ele>744.000</ele></trkpt>
      <trkpt lat="22.2468672927" lon="113.9171410185"><ele>743.000</ele></trkpt>
      <trkpt lat="22.2468737460" lon="113.9171331586"><ele>743.000</ele></trkpt>
      <trkpt lat="22.2468838607" lon="113.9171277753"><ele>742.000</ele></trkpt>
      <trkpt lat="22.2468935098" lon="113.9171248667"><ele>741.000</ele></trkpt>
      <trkpt lat="22.2469031605" lon="113.9171229378"><ele>741.000</ele></trkpt>
      <trkpt lat="22.2469132485" lon="113.9171234721"><ele>740.000</ele></trkpt>
      <trkpt lat="22.2469284263" lon="113.9171161394"><ele>739.000</ele></trkpt>
      <trkpt lat="22.2469348745" lon="113.9171107532"><ele>738.000</ele></trkpt>
      <trkpt lat="22.2469339852" lon="113.9171023636"><ele>738.000</ele></trkpt>
      <trkpt lat="22.2469294152" lon="113.9170964254"><ele>738.000</ele></trkpt>
      <trkpt lat="22.2469207233" lon="113.9170880016"><ele>738.000</ele></trkpt>
      <trkpt lat="22.2469138804" lon="113.9170781096"><ele>737.000</ele></trkpt>
      <trkpt lat="22.2469024852" lon="113.9170563715"><ele>735.000</ele></trkpt>
      <trkpt lat="22.2469006821" lon="113.9170469941"><ele>735.000</ele></trkpt>
      <trkpt lat="22.2468998069" lon="113.9170361404"><ele>734.000</ele></trkpt>
      <trkpt lat="22.2469035000" lon="113.9170302451"><ele>734.000</ele></trkpt>
      <trkpt lat="22.2469117623" lon="113.9170297837"><ele>733.000</ele></trkpt>
      <trkpt lat="22.2469241472" lon="113.9170323024"><ele>733.000</ele></trkpt>
      <trkpt lat="22.2469434120" lon="113.9170338676"><ele>732.000</ele></trkpt>
      <trkpt lat="22.2469571838" lon="113.9170339295"><ele>732.000</ele></trkpt>
      <trkpt lat="22.2469668129" lon="113.9170354542"><ele>731.000</ele></trkpt>
      <trkpt lat="22.2469815183" lon="113.9170320705"><ele>731.000</ele></trkpt>
      <trkpt lat="22.2469893326" lon="113.9170281564"><ele>730.000</ele></trkpt>
      <trkpt lat="22.2469980731" lon="113.9170217862"><ele>729.000</ele></trkpt>
      <trkpt lat="22.2470008533" lon="113.9170153881"><ele>729.000</ele></trkpt>
      <trkpt lat="22.2470008901" lon="113.9170045425"><ele>728.000</ele></trkpt>
      <trkpt lat="22.2470000031" lon="113.9169976371"><ele>728.000</ele></trkpt>
      <trkpt lat="22.2469972739" lon="113.9169907156"><ele>727.000</ele></trkpt>
      <trkpt lat="22.2469922508" lon="113.9169837888"><ele>727.000</ele></trkpt>
      <trkpt lat="22.2469886012" lon="113.9169773638"><ele>727.000</ele></trkpt>
      <trkpt lat="22.2469900197" lon="113.9169665253"><ele>726.000</ele></trkpt>
      <trkpt lat="22.2469932883" lon="113.9169492807"><ele>725.000</ele></trkpt>
      <trkpt lat="22.2469998001" lon="113.9169271216"><ele>723.000</ele></trkpt>
      <trkpt lat="22.2470062284" lon="113.9169261687"><ele>723.000</ele></trkpt>
      <trkpt lat="22.2470199935" lon="113.9169277052"><ele>722.000</ele></trkpt>
      <trkpt lat="22.2470296292" lon="113.9169277456"><ele>722.000</ele></trkpt>
      <trkpt lat="22.2470397380" lon="113.9169243413"><ele>721.000</ele></trkpt>
      <trkpt lat="22.2470434311" lon="113.9169184461"><ele>721.000</ele></trkpt>
      <trkpt lat="22.2470412620" lon="113.9168834298"><ele>718.000</ele></trkpt>
      <trkpt lat="22.2470441453" lon="113.9168725930"><ele>718.000</ele></trkpt>
      <trkpt lat="22.2470538681" lon="113.9168632767"><ele>716.000</ele></trkpt>
      <trkpt lat="22.2470607133" lon="113.9168586152"><ele>716.000</ele></trkpt>
      <trkpt lat="22.2470716528" lon="113.9168569388"><ele>715.000</ele></trkpt>
      <trkpt lat="22.2470877132" lon="113.9168594702"><ele>714.000</ele></trkpt>
      <trkpt lat="22.2470978088" lon="113.9168590247"><ele>714.000</ele></trkpt>
      <trkpt lat="22.2471015152" lon="113.9168501609"><ele>713.000</ele></trkpt>
      <trkpt lat="22.2471010856" lon="113.9168412854"><ele>713.000</ele></trkpt>
      <trkpt lat="22.2470984065" lon="113.9168205692"><ele>711.000</ele></trkpt>
      <trkpt lat="22.2471035564" lon="113.9168116574"><ele>711.000</ele></trkpt>
      <trkpt lat="22.2471107483" lon="113.9167984715"><ele>709.000</ele></trkpt>
      <trkpt lat="22.2471145606" lon="113.9167969759"><ele>709.000</ele></trkpt>
      <trkpt lat="22.2471266092" lon="113.9167934058"><ele>708.000</ele></trkpt>
      <trkpt lat="22.2471583476" lon="113.9167937345"><ele>706.000</ele></trkpt>
      <trkpt lat="22.2471648287" lon="113.9167871364"><ele>705.000</ele></trkpt>
      <trkpt lat="22.2471633646" lon="113.9167735791"><ele>705.000</ele></trkpt>
      <trkpt lat="22.2471492370" lon="113.9167348624"><ele>704.000</ele></trkpt>
      <trkpt lat="22.2471521096" lon="113.9167271085"><ele>703.000</ele></trkpt>
      <trkpt lat="22.2471542674" lon="113.9167232305"><ele>702.000</ele></trkpt>
      <trkpt lat="22.2471578665" lon="113.9167185747"><ele>702.000</ele></trkpt>
      <trkpt lat="22.2471654359" lon="113.9167158486"><ele>702.000</ele></trkpt>
      <trkpt lat="22.2471856266" lon="113.9167119370"><ele>701.000</ele></trkpt>
      <trkpt lat="22.2472076333" lon="113.9167161582"><ele>700.000</ele></trkpt>
      <trkpt lat="22.2472159279" lon="113.9167157553"><ele>699.000</ele></trkpt>
      <trkpt lat="22.2472224165" lon="113.9167138063"><ele>698.000</ele></trkpt>
      <trkpt lat="22.2472285441" lon="113.9167114704"><ele>698.000</ele></trkpt>
      <trkpt lat="22.2472356239" lon="113.9167003738"><ele>698.000</ele></trkpt>
      <trkpt lat="22.2472473461" lon="113.9166535324"><ele>695.000</ele></trkpt>
      <trkpt lat="22.2472481954" lon="113.9166501387"><ele>694.000</ele></trkpt>
      <trkpt lat="22.2472560790" lon="113.9166274919"><ele>693.000</ele></trkpt>
      <trkpt lat="22.2472597972" lon="113.9166146895"><ele>692.000</ele></trkpt>
      <trkpt lat="22.2472589235" lon="113.9166048253"><ele>691.000</ele></trkpt>
      <trkpt lat="22.2472561867" lon="113.9165988934"><ele>691.000</ele></trkpt>
      <trkpt lat="22.2472516176" lon="113.9165934499"><ele>691.000</ele></trkpt>
      <trkpt lat="22.2472461398" lon="113.9165845546"><ele>690.000</ele></trkpt>
      <trkpt lat="22.2472489200" lon="113.9165781565"><ele>690.000</ele></trkpt>
      <trkpt lat="22.2472548959" lon="113.9165767000"><ele>690.000</ele></trkpt>
      <trkpt lat="22.2472797078" lon="113.9165684278"><ele>688.000</ele></trkpt>
      <trkpt lat="22.2472820318" lon="113.9165590718"><ele>688.000</ele></trkpt>
      <trkpt lat="22.2472834644" lon="113.9165457692"><ele>687.000</ele></trkpt>
      <trkpt lat="22.2472884317" lon="113.9165243198"><ele>685.000</ele></trkpt>
      <trkpt lat="22.2472932122" lon="113.9165142523"><ele>685.000</ele></trkpt>
      <trkpt lat="22.2473057092" lon="113.9165049797"><ele>684.000</ele></trkpt>
      <trkpt lat="22.2473125369" lon="113.9165025076"><ele>683.000</ele></trkpt>
      <trkpt lat="22.2473235461" lon="113.9165030499"><ele>683.000</ele></trkpt>
      <trkpt lat="22.2473423652" lon="113.9165026368"><ele>682.000</ele></trkpt>
      <trkpt lat="22.2473503039" lon="113.9164998913"><ele>681.000</ele></trkpt>
      <trkpt lat="22.2473559567" lon="113.9164963051"><ele>681.000</ele></trkpt>
      <trkpt lat="22.2473606110" lon="113.9164927210"><ele>681.000</ele></trkpt>
      <trkpt lat="22.2473594079" lon="113.9164869383"><ele>680.000</ele></trkpt>
      <trkpt lat="22.2473557657" lon="113.9164795238"><ele>680.000</ele></trkpt>
      <trkpt lat="22.2473525743" lon="113.9164716235"><ele>679.000</ele></trkpt>
      <trkpt lat="22.2473512400" lon="113.9164609149"><ele>679.000</ele></trkpt>
      <trkpt lat="22.2473495597" lon="113.9164509064"><ele>678.000</ele></trkpt>
      <trkpt lat="22.2473515387" lon="113.9164394605"><ele>677.000</ele></trkpt>
      <trkpt lat="22.2473528568" lon="113.9164312341"><ele>677.000</ele></trkpt>
      <trkpt lat="22.2473608355" lon="113.9164251408"><ele>676.000</ele></trkpt>
      <trkpt lat="22.2473706685" lon="113.9164189431"><ele>675.000</ele></trkpt>
      <trkpt lat="22.2473899866" lon="113.9164086729"><ele>674.000</ele></trkpt>
      <trkpt lat="22.2474150355" lon="113.9163903569"><ele>672.000</ele></trkpt>
      <trkpt lat="22.2474176783" lon="113.9163778373"><ele>671.000</ele></trkpt>
      <trkpt lat="22.2474166104" lon="113.9163345741"><ele>668.000</ele></trkpt>
      <trkpt lat="22.2474127609" lon="113.9162862461"><ele>665.000</ele></trkpt>
      <trkpt lat="22.2474118547" lon="113.9162748696"><ele>664.000</ele></trkpt>
      <trkpt lat="22.2474108338" lon="113.9162609266"><ele>663.000</ele></trkpt>
      <trkpt lat="22.2473981550" lon="113.9162419991"><ele>662.000</ele></trkpt>
      <trkpt lat="22.2473798285" lon="113.9162298758"><ele>662.000</ele></trkpt>
      <trkpt lat="22.2473628219" lon="113.9162105987"><ele>661.000</ele></trkpt>
      <trkpt lat="22.2473621010" lon="113.9161762741"><ele>658.000</ele></trkpt>
      <trkpt lat="22.2473803737" lon="113.9161547864"><ele>656.000</ele></trkpt>
      <trkpt lat="22.2474039789" lon="113.9161375796"><ele>655.000</ele></trkpt>
      <trkpt lat="22.2474119538" lon="113.9161289832"><ele>654.000</ele></trkpt>
      <trkpt lat="22.2474245805" lon="113.9161153725"><ele>653.000</ele></trkpt>
      <trkpt lat="22.2474361966" lon="113.9160942546"><ele>652.000</ele></trkpt>
      <trkpt lat="22.2474324620" lon="113.9160903457"><ele>651.000</ele></trkpt>
      <trkpt lat="22.2474059598" lon="113.9160581780"><ele>649.000</ele></trkpt>
      <trkpt lat="22.2473835528" lon="113.9160344134"><ele>648.000</ele></trkpt>
      <trkpt lat="22.2473785247" lon="113.9160299506"><ele>648.000</ele></trkpt>
      <trkpt lat="22.2473762493" lon="113.9160245223"><ele>647.000</ele></trkpt>
      <trkpt lat="22.2473749118" lon="113.9160126799"><ele>647.000</ele></trkpt>
      <trkpt lat="22.2473786057" lon="113.9160072697"><ele>646.000</ele></trkpt>
      <trkpt lat="22.2473832066" lon="113.9160043315"><ele>646.000</ele></trkpt>
      <trkpt lat="22.2473928489" lon="113.9160028973"><ele>646.000</ele></trkpt>
      <trkpt lat="22.2474226855" lon="113.9160025413"><ele>645.000</ele></trkpt>
      <trkpt lat="22.2474392100" lon="113.9160016279"><ele>645.000</ele></trkpt>
      <trkpt lat="22.2474507064" lon="113.9159962517"><ele>645.000</ele></trkpt>
      <trkpt lat="22.2474562311" lon="113.9159893732"><ele>644.000</ele></trkpt>
      <trkpt lat="22.2474544371" lon="113.9159799958"><ele>643.000</ele></trkpt>
      <trkpt lat="22.2474498863" lon="113.9159691294"><ele>643.000</ele></trkpt>
      <trkpt lat="22.2474375631" lon="113.9159488579"><ele>641.000</ele></trkpt>
      <trkpt lat="22.2474302595" lon="113.9159389668"><ele>641.000</ele></trkpt>
      <trkpt lat="22.2474238680" lon="113.9159290740"><ele>641.000</ele></trkpt>
      <trkpt lat="22.2474216059" lon="113.9159206869"><ele>640.000</ele></trkpt>
      <trkpt lat="22.2474225505" lon="113.9159127983"><ele>640.000</ele></trkpt>
      <trkpt lat="22.2474285382" lon="113.9159074032"><ele>640.000</ele></trkpt>
      <trkpt lat="22.2474345133" lon="113.9159054519"><ele>639.000</ele></trkpt>
      <trkpt lat="22.2474423225" lon="113.9159040114"><ele>639.000</ele></trkpt>
      <trkpt lat="22.2474515051" lon="113.9159030631"><ele>638.000</ele></trkpt>
      <trkpt lat="22.2474689316" lon="113.9159070858"><ele>638.000</ele></trkpt>
      <trkpt lat="22.2474945937" lon="113.9159165646"><ele>638.000</ele></trkpt>
      <trkpt lat="22.2475065197" lon="113.9159200737"><ele>637.000</ele></trkpt>
      <trkpt lat="22.2475253314" lon="113.9159206500"><ele>637.000</ele></trkpt>
      <trkpt lat="22.2475340527" lon="113.9159192078"><ele>637.000</ele></trkpt>
      <trkpt lat="22.2475542961" lon="113.9159059867"><ele>635.000</ele></trkpt>
      <trkpt lat="22.2475607502" lon="113.9158986215"><ele>634.000</ele></trkpt>
      <trkpt lat="22.2475406586" lon="113.9158714087"><ele>633.000</ele></trkpt>
      <trkpt lat="22.2475333417" lon="113.9158644764"><ele>633.000</ele></trkpt>
      <trkpt lat="22.2475310671" lon="113.9158595332"><ele>633.000</ele></trkpt>
      <trkpt lat="22.2475288151" lon="113.9158462082"><ele>632.000</ele></trkpt>
      <trkpt lat="22.2475325391" lon="113.9158314365"><ele>631.000</ele></trkpt>
      <trkpt lat="22.2475376898" lon="113.9158053315"><ele>629.000</ele></trkpt>
      <trkpt lat="22.2475404617" lon="113.9157994185"><ele>629.000</ele></trkpt>
      <trkpt lat="22.2475533566" lon="113.9157876467"><ele>628.000</ele></trkpt>
      <trkpt lat="22.2475597848" lon="113.9157866938"><ele>628.000</ele></trkpt>
      <trkpt lat="22.2475717151" lon="113.9157872344"><ele>627.000</ele></trkpt>
      <trkpt lat="22.2475790653" lon="113.9157867745"><ele>626.000</ele></trkpt>
      <trkpt lat="22.2476080183" lon="113.9157760595"><ele>625.000</ele></trkpt>
      <trkpt lat="22.2476318840" lon="113.9157746863"><ele>623.000</ele></trkpt>
      <trkpt lat="22.2476461222" lon="113.9157727682"><ele>623.000</ele></trkpt>
      <trkpt lat="22.2476608186" lon="113.9157693844"><ele>622.000</ele></trkpt>
      <trkpt lat="22.2476801174" lon="113.9157640519"><ele>621.000</ele></trkpt>
      <trkpt lat="22.2477095118" lon="113.9157582642"><ele>619.000</ele></trkpt>
      <trkpt lat="22.2477485235" lon="113.9157579397"><ele>617.000</ele></trkpt>
      <trkpt lat="22.2477618421" lon="113.9157570128"><ele>617.000</ele></trkpt>
      <trkpt lat="22.2477765319" lon="113.9157551036"><ele>616.000</ele></trkpt>
      <trkpt lat="22.2477813542" lon="113.9157551238"><ele>616.000</ele></trkpt>
      <trkpt lat="22.2477962721" lon="113.9157546984"><ele>616.000</ele></trkpt>
      <trkpt lat="22.2478063476" lon="113.9157586862"><ele>616.000</ele></trkpt>
      <trkpt lat="22.2478146049" lon="113.9157606984"><ele>616.000</ele></trkpt>
      <trkpt lat="22.2478269891" lon="113.9157627223"><ele>615.000</ele></trkpt>
      <trkpt lat="22.2478306755" lon="113.9157583016"><ele>615.000</ele></trkpt>
      <trkpt lat="22.2478385222" lon="113.9157465101"><ele>614.000</ele></trkpt>
      <trkpt lat="22.2478454169" lon="113.9157435773"><ele>614.000</ele></trkpt>
      <trkpt lat="22.2478761671" lon="113.9157442091"><ele>613.000</ele></trkpt>
      <trkpt lat="22.2478844427" lon="113.9157407887"><ele>613.000</ele></trkpt>
      <trkpt lat="22.2478895233" lon="113.9157329215"><ele>612.000</ele></trkpt>
      <trkpt lat="22.2478959758" lon="113.9157245764"><ele>612.000</ele></trkpt>
      <trkpt lat="22.2479042698" lon="113.9157157332"><ele>611.000</ele></trkpt>
      <trkpt lat="22.2479143962" lon="113.9157064112"><ele>610.000</ele></trkpt>
      <trkpt lat="22.2479328005" lon="113.9156951531"><ele>610.000</ele></trkpt>
      <trkpt lat="22.2479433691" lon="113.9156912531"><ele>609.000</ele></trkpt>
      <trkpt lat="22.2479626938" lon="113.9156795082"><ele>607.000</ele></trkpt>
      <trkpt lat="22.2479829364" lon="113.9156657923"><ele>606.000</ele></trkpt>
      <trkpt lat="22.2479907498" lon="113.9156613833"><ele>605.000</ele></trkpt>
      <trkpt lat="22.2479962601" lon="113.9156623917"><ele>605.000</ele></trkpt>
      <trkpt lat="22.2480026700" lon="113.9156668616"><ele>605.000</ele></trkpt>
      <trkpt lat="22.2480058716" lon="113.9156698339"><ele>605.000</ele></trkpt>
      <trkpt lat="22.2480214375" lon="113.9156792732"><ele>604.000</ele></trkpt>
      <trkpt lat="22.2480274001" lon="113.9156807755"><ele>604.000</ele></trkpt>
      <trkpt lat="22.2480342897" lon="113.9156803165"><ele>603.000</ele></trkpt>
      <trkpt lat="22.2480466723" lon="113.9156813606"><ele>603.000</ele></trkpt>
      <trkpt lat="22.2480613503" lon="113.9156833900"><ele>603.000</ele></trkpt>
      <trkpt lat="22.2480755835" lon="113.9156839457"><ele>603.000</ele></trkpt>
      <trkpt lat="22.2480911877" lon="113.9156835287"><ele>603.000</ele></trkpt>
      <trkpt lat="22.2481132334" lon="113.9156791806"><ele>602.000</ele></trkpt>
      <trkpt lat="22.2481229083" lon="113.9156698594"><ele>602.000</ele></trkpt>
      <trkpt lat="22.2481390356" lon="113.9156521834"><ele>601.000</ele></trkpt>
      <trkpt lat="22.2481450276" lon="113.9156438295"><ele>600.000</ele></trkpt>
      <trkpt lat="22.2481455206" lon="113.9156359417"><ele>600.000</ele></trkpt>
      <trkpt lat="22.2481506188" lon="113.9156221568"><ele>599.000</ele></trkpt>
      <trkpt lat="22.2481561635" lon="113.9156108352"><ele>598.000</ele></trkpt>
      <trkpt lat="22.2481635438" lon="113.9156010138"><ele>598.000</ele></trkpt>
      <trkpt lat="22.2481768984" lon="113.9155887464"><ele>598.000</ele></trkpt>
      <trkpt lat="22.2481907010" lon="113.9155799318"><ele>597.000</ele></trkpt>
      <trkpt lat="22.2482008298" lon="113.9155720843"><ele>597.000</ele></trkpt>
      <trkpt lat="22.2482220045" lon="113.9155539333"><ele>596.000</ele></trkpt>
      <trkpt lat="22.2482256968" lon="113.9155475432"><ele>596.000</ele></trkpt>
      <trkpt lat="22.2482294156" lon="113.9155352354"><ele>596.000</ele></trkpt>
      <trkpt lat="22.2482294489" lon="113.9155278335"><ele>595.000</ele></trkpt>
      <trkpt lat="22.2482304111" lon="113.9155140369"><ele>594.000</ele></trkpt>
      <trkpt lat="22.2482359581" lon="113.9155041995"><ele>594.000</ele></trkpt>
      <trkpt lat="22.2482429103" lon="113.9154864823"><ele>593.000</ele></trkpt>
      <trkpt lat="22.2482457080" lon="113.9154741666"><ele>592.000</ele></trkpt>
      <trkpt lat="22.2482494186" lon="113.9154623439"><ele>591.000</ele></trkpt>
      <trkpt lat="22.2482485491" lon="113.9154495208"><ele>591.000</ele></trkpt>
      <trkpt lat="22.2482453776" lon="113.9154371774"><ele>590.000</ele></trkpt>
      <trkpt lat="22.2482408350" lon="113.9154258259"><ele>589.000</ele></trkpt>
      <trkpt lat="22.2482362967" lon="113.9154115060"><ele>588.000</ele></trkpt>
      <trkpt lat="22.2482340412" lon="113.9154016346"><ele>588.000</ele></trkpt>
      <trkpt lat="22.2482322498" lon="113.9153883088"><ele>588.000</ele></trkpt>
      <trkpt lat="22.2482336741" lon="113.9153755008"><ele>587.000</ele></trkpt>
      <trkpt lat="22.2482332769" lon="113.9153587286"><ele>586.000</ele></trkpt>
      <trkpt lat="22.2482369750" lon="113.9153503691"><ele>586.000</ele></trkpt>
      <trkpt lat="22.2482402083" lon="113.9153449597"><ele>585.000</ele></trkpt>
      <trkpt lat="22.2482461709" lon="113.9153464620"><ele>585.000</ele></trkpt>
      <trkpt lat="22.2482521277" lon="113.9153499433"><ele>585.000</ele></trkpt>
      <trkpt lat="22.2482640271" lon="113.9153593603"><ele>584.000</ele></trkpt>
      <trkpt lat="22.2482754785" lon="113.9153653245"><ele>584.000</ele></trkpt>
      <trkpt lat="22.2482873963" lon="113.9153693283"><ele>583.000</ele></trkpt>
      <trkpt lat="22.2482929042" lon="113.9153688524"><ele>583.000</ele></trkpt>
      <trkpt lat="22.2483034661" lon="113.9153664367"><ele>582.000</ele></trkpt>
      <trkpt lat="22.2483131343" lon="113.9153585900"><ele>582.000</ele></trkpt>
      <trkpt lat="22.2483191153" lon="113.9153546694"><ele>581.000</ele></trkpt>
      <trkpt lat="22.2483508226" lon="113.9153439686"><ele>580.000</ele></trkpt>
      <trkpt lat="22.2483549820" lon="113.9153360934"><ele>580.000</ele></trkpt>
      <trkpt lat="22.2483628295" lon="113.9153247868"><ele>580.000</ele></trkpt>
      <trkpt lat="22.2483812506" lon="113.9153071162"><ele>580.000</ele></trkpt>
      <trkpt lat="22.2483927603" lon="113.9152987908"><ele>580.000</ele></trkpt>
      <trkpt lat="22.2484093165" lon="113.9152894956"><ele>580.000</ele></trkpt>
      <trkpt lat="22.2484194295" lon="113.9152831324"><ele>580.000</ele></trkpt>
      <trkpt lat="22.2484249840" lon="113.9152723055"><ele>581.000</ele></trkpt>
      <trkpt lat="22.2484314631" lon="113.9152580330"><ele>581.000</ele></trkpt>
      <trkpt lat="22.2484360940" lon="113.9152457332"><ele>581.000</ele></trkpt>
      <trkpt lat="22.2484430204" lon="113.9152344187"><ele>581.000</ele></trkpt>
      <trkpt lat="22.2484494803" lon="113.9152250840"><ele>581.000</ele></trkpt>
      <trkpt lat="22.2484619779" lon="113.9151965399"><ele>581.000</ele></trkpt>
      <trkpt lat="22.2484707800" lon="113.9151724165"><ele>582.000</ele></trkpt>
      <trkpt lat="22.2484735992" lon="113.9151566472"><ele>582.000</ele></trkpt>
      <trkpt lat="22.2484727398" lon="113.9151388959"><ele>582.000</ele></trkpt>
      <trkpt lat="22.2484738126" lon="113.9150984699"><ele>582.000</ele></trkpt>
      <trkpt lat="22.2484739111" lon="113.9150698711"><ele>582.000</ele></trkpt>
      <trkpt lat="22.2484730415" lon="113.9150570480"><ele>582.000</ele></trkpt>
      <trkpt lat="22.2484689829" lon="113.9150377991"><ele>582.000</ele></trkpt>
      <trkpt lat="22.2484657938" lon="113.9150313733"><ele>582.000</ele></trkpt>
      <trkpt lat="22.2484630628" lon="113.9150234720"><ele>582.000</ele></trkpt>
      <trkpt lat="22.2484649285" lon="113.9150155913"><ele>582.000</ele></trkpt>
      <trkpt lat="22.2484700282" lon="113.9150027959"><ele>582.000</ele></trkpt>
      <trkpt lat="22.2484719056" lon="113.9149909766"><ele>582.000</ele></trkpt>
      <trkpt lat="22.2484728760" lon="113.9149766756"><ele>582.000</ele></trkpt>
      <trkpt lat="22.2484729260" lon="113.9149628709"><ele>581.000</ele></trkpt>
      <trkpt lat="22.2484744010" lon="113.9149367434"><ele>581.000</ele></trkpt>
      <trkpt lat="22.2484772562" lon="113.9149096432"><ele>581.000</ele></trkpt>
      <trkpt lat="22.2484831739" lon="113.9148615566"><ele>581.000</ele></trkpt>
      <trkpt lat="22.2484843516" lon="113.9148519867"><ele>581.000</ele></trkpt>
      <trkpt lat="22.2484875950" lon="113.9148416394"><ele>581.000</ele></trkpt>
      <trkpt lat="22.2484908416" lon="113.9148332808"><ele>581.000</ele></trkpt>
      <trkpt lat="22.2484996827" lon="113.9147997862"><ele>581.000</ele></trkpt>
      <trkpt lat="22.2485067098" lon="113.9147613571"><ele>581.000</ele></trkpt>
      <trkpt lat="22.2485137060" lon="113.9147318045"><ele>581.000</ele></trkpt>
      <trkpt lat="22.2485179272" lon="113.9147061860"><ele>581.000</ele></trkpt>
      <trkpt lat="22.2485225780" lon="113.9146894432"><ele>581.000</ele></trkpt>
      <trkpt lat="22.2485230396" lon="113.9146409407"><ele>580.000</ele></trkpt>
      <trkpt lat="22.2485233193" lon="113.9146115427"><ele>580.000</ele></trkpt>
      <trkpt lat="22.2485256814" lon="113.9145923206"><ele>580.000</ele></trkpt>
      <trkpt lat="22.2485284940" lon="113.9145780355"><ele>580.000</ele></trkpt>
      <trkpt lat="22.2485299224" lon="113.9145622590"><ele>580.000</ele></trkpt>
      <trkpt lat="22.2485299799" lon="113.9145474746"><ele>580.000</ele></trkpt>
      <trkpt lat="22.2485282599" lon="113.9145168905"><ele>579.000</ele></trkpt>
      <trkpt lat="22.2485315798" lon="113.9144868306"><ele>579.000</ele></trkpt>
      <trkpt lat="22.2485380654" lon="113.9144710835"><ele>578.000</ele></trkpt>
      <trkpt lat="22.2485426912" lon="113.9144612381"><ele>578.000</ele></trkpt>
      <trkpt lat="22.2485597638" lon="113.9144361680"><ele>576.000</ele></trkpt>
      <trkpt lat="22.2485731300" lon="113.9144199618"><ele>576.000</ele></trkpt>
      <trkpt lat="22.2485837243" lon="113.9144096493"><ele>575.000</ele></trkpt>
      <trkpt lat="22.2485961343" lon="113.9144052704"><ele>575.000</ele></trkpt>
      <trkpt lat="22.2486080646" lon="113.9144058109"><ele>575.000</ele></trkpt>
      <trkpt lat="22.2486190754" lon="113.9144073425"><ele>574.000</ele></trkpt>
      <trkpt lat="22.2486608348" lon="113.9144085064"><ele>572.000</ele></trkpt>
      <trkpt lat="22.2486828688" lon="113.9144081162"><ele>571.000</ele></trkpt>
      <trkpt lat="22.2487053751" lon="113.9144037767"><ele>570.000</ele></trkpt>
      <trkpt lat="22.2487168691" lon="113.9143969258"><ele>570.000</ele></trkpt>
      <trkpt lat="22.2487233156" lon="113.9143905402"><ele>569.000</ele></trkpt>
      <trkpt lat="22.2487234280" lon="113.9143594773"><ele>567.000</ele></trkpt>
      <trkpt lat="22.2487257683" lon="113.9143491414"><ele>567.000</ele></trkpt>
      <trkpt lat="22.2487299394" lon="113.9143373178"><ele>566.000</ele></trkpt>
      <trkpt lat="22.2487359270" lon="113.9143319225"><ele>565.000</ele></trkpt>
      <trkpt lat="22.2487428201" lon="113.9143280099"><ele>565.000</ele></trkpt>
      <trkpt lat="22.2487690210" lon="113.9143187548"><ele>564.000</ele></trkpt>
      <trkpt lat="22.2487892510" lon="113.9143084922"><ele>563.000</ele></trkpt>
      <trkpt lat="22.2487998337" lon="113.9143021280"><ele>562.000</ele></trkpt>
      <trkpt lat="22.2488095052" lon="113.9142908277"><ele>561.000</ele></trkpt>
      <trkpt lat="22.2488122870" lon="113.9142854190"><ele>561.000</ele></trkpt>
      <trkpt lat="22.2488173526" lon="113.9142795211"><ele>560.000</ele></trkpt>
      <trkpt lat="22.2488237817" lon="113.9142790628"><ele>560.000</ele></trkpt>
      <trkpt lat="22.2488371054" lon="113.9142756718"><ele>559.000</ele></trkpt>
      <trkpt lat="22.2488389636" lon="113.9142687709"><ele>559.000</ele></trkpt>
      <trkpt lat="22.2488399147" lon="113.9142594076"><ele>558.000</ele></trkpt>
      <trkpt lat="22.2488426866" lon="113.9142535042"><ele>558.000</ele></trkpt>
      <trkpt lat="22.2488468335" lon="113.9142490825"><ele>557.000</ele></trkpt>
      <trkpt lat="22.2488500567" lon="113.9142486109"><ele>557.000</ele></trkpt>
      <trkpt lat="22.2488546626" lon="113.9142431988"><ele>557.000</ele></trkpt>
      <trkpt lat="22.2488574279" lon="113.9142387797"><ele>557.000</ele></trkpt>
      <trkpt lat="22.2488615764" lon="113.9142353475"><ele>556.000</ele></trkpt>
      <trkpt lat="22.2488666296" lon="113.9142329031"><ele>556.000</ele></trkpt>
      <trkpt lat="22.2488730844" lon="113.9142260227"><ele>555.000</ele></trkpt>
      <trkpt lat="22.2488745219" lon="113.9142102559"><ele>554.000</ele></trkpt>
      <trkpt lat="22.2488777469" lon="113.9142053412"><ele>554.000</ele></trkpt>
      <trkpt lat="22.2488823544" lon="113.9142009186"><ele>553.000</ele></trkpt>
      <trkpt lat="22.2488823985" lon="113.9141890930"><ele>552.000</ele></trkpt>
      <trkpt lat="22.2488842816" lon="113.9141752946"><ele>551.000</ele></trkpt>
      <trkpt lat="22.2488889207" lon="113.9141624903"><ele>550.000</ele></trkpt>
      <trkpt lat="22.2489003963" lon="113.9141610622"><ele>550.000</ele></trkpt>
      <trkpt lat="22.2489091250" lon="113.9141586401"><ele>550.000</ele></trkpt>
      <trkpt lat="22.2489224936" lon="113.9141438987"><ele>549.000</ele></trkpt>
      <trkpt lat="22.2489284812" lon="113.9141385035"><ele>548.000</ele></trkpt>
      <trkpt lat="22.2489588500" lon="113.9141154651"><ele>547.000</ele></trkpt>
      <trkpt lat="22.2489726600" lon="113.9141056704"><ele>546.000</ele></trkpt>
      <trkpt lat="22.2489850934" lon="113.9140933948"><ele>545.000</ele></trkpt>
      <trkpt lat="22.2489920146" lon="113.9140845539"><ele>545.000</ele></trkpt>
      <trkpt lat="22.2489952545" lon="113.9140776602"><ele>544.000</ele></trkpt>
      <trkpt lat="22.2490022298" lon="113.9140520558"><ele>542.000</ele></trkpt>
      <trkpt lat="22.2490077553" lon="113.9140456622"><ele>542.000</ele></trkpt>
      <trkpt lat="22.2490128366" lon="113.9140382897"><ele>542.000</ele></trkpt>
      <trkpt lat="22.2490128666" lon="113.9140289281"><ele>541.000</ele></trkpt>
      <trkpt lat="22.2490147264" lon="113.9140230167"><ele>540.000</ele></trkpt>
      <trkpt lat="22.2490188866" lon="113.9140156361"><ele>540.000</ele></trkpt>
      <trkpt lat="22.2490225855" lon="113.9140077617"><ele>540.000</ele></trkpt>
      <trkpt lat="22.2490263534" lon="113.9139811544"><ele>538.000</ele></trkpt>
      <trkpt lat="22.2490300639" lon="113.9139693413"><ele>537.000</ele></trkpt>
      <trkpt lat="22.2490485114" lon="113.9139457528"><ele>536.000</ele></trkpt>
      <trkpt lat="22.2490618924" lon="113.9139275675"><ele>536.000</ele></trkpt>
      <trkpt lat="22.2490761797" lon="113.9139113595"><ele>535.000</ele></trkpt>
      <trkpt lat="22.2490886139" lon="113.9138995786"><ele>534.000</ele></trkpt>
      <trkpt lat="22.2491017478" lon="113.9138905321"><ele>533.000</ele></trkpt>
      <trkpt lat="22.2491219511" lon="113.9138861289"><ele>532.000</ele></trkpt>
      <trkpt lat="22.2491348084" lon="113.9138846692"><ele>532.000</ele></trkpt>
      <trkpt lat="22.2491678655" lon="113.9138822695"><ele>530.000</ele></trkpt>
      <trkpt lat="22.2491839318" lon="113.9138827925"><ele>530.000</ele></trkpt>
      <trkpt lat="22.2492169746" lon="113.9138882701"><ele>529.000</ele></trkpt>
      <trkpt lat="22.2492238650" lon="113.9138882863"><ele>528.000</ele></trkpt>
      <trkpt lat="22.2492266270" lon="113.9138818785"><ele>527.000</ele></trkpt>
      <trkpt lat="22.2492275627" lon="113.9138685669"><ele>527.000</ele></trkpt>
      <trkpt lat="22.2492399618" lon="113.9138685923"><ele>526.000</ele></trkpt>
      <trkpt lat="22.2492601492" lon="113.9138710865"><ele>526.000</ele></trkpt>
      <trkpt lat="22.2492707050" lon="113.9138760435"><ele>525.000</ele></trkpt>
      <trkpt lat="22.2492762078" lon="113.9138780219"><ele>525.000</ele></trkpt>
      <trkpt lat="22.2492863099" lon="113.9138760629"><ele>524.000</ele></trkpt>
      <trkpt lat="22.2493023847" lon="113.9138706682"><ele>523.000</ele></trkpt>
      <trkpt lat="22.2493138669" lon="113.9138677364"><ele>522.000</ele></trkpt>
      <trkpt lat="22.2493230518" lon="113.9138682431"><ele>522.000</ele></trkpt>
      <trkpt lat="22.2493326832" lon="113.9138712131"><ele>522.000</ele></trkpt>
      <trkpt lat="22.2493501102" lon="113.9138811144"><ele>520.000</ele></trkpt>
      <trkpt lat="22.2493583765" lon="113.9138830974"><ele>520.000</ele></trkpt>
      <trkpt lat="22.2493721532" lon="113.9138806561"><ele>518.000</ele></trkpt>
      <trkpt lat="22.2493808728" lon="113.9138782049"><ele>518.000</ele></trkpt>
      <trkpt lat="22.2493955529" lon="113.9138871121"><ele>517.000</ele></trkpt>
      <trkpt lat="22.2494010566" lon="113.9138895853"><ele>517.000</ele></trkpt>
      <trkpt lat="22.2494093196" lon="113.9138895990"><ele>516.000</ele></trkpt>
      <trkpt lat="22.2494148341" lon="113.9138876388"><ele>516.000</ele></trkpt>
      <trkpt lat="22.2494254028" lon="113.9138782867"><ele>515.000</ele></trkpt>
      <trkpt lat="22.2494300037" lon="113.9138753386"><ele>514.000</ele></trkpt>
      <trkpt lat="22.2494364311" lon="113.9138738715"><ele>514.000</ele></trkpt>
      <trkpt lat="22.2494515651" lon="113.9138842525"><ele>513.000</ele></trkpt>
      <trkpt lat="22.2494575285" lon="113.9138862301"><ele>513.000</ele></trkpt>
      <trkpt lat="22.2494662497" lon="113.9138847683"><ele>513.000</ele></trkpt>
      <trkpt lat="22.2494722248" lon="113.9138828073"><ele>512.000</ele></trkpt>
      <trkpt lat="22.2494804897" lon="113.9138783875"><ele>511.000</ele></trkpt>
      <trkpt lat="22.2494883081" lon="113.9138714949"><ele>511.000</ele></trkpt>
      <trkpt lat="22.2494970293" lon="113.9138700332"><ele>510.000</ele></trkpt>
      <trkpt lat="22.2495126350" lon="113.9138705473"><ele>509.000</ele></trkpt>
      <trkpt lat="22.2495236555" lon="113.9138725445"><ele>509.000</ele></trkpt>
      <trkpt lat="22.2495447683" lon="113.9138720880"><ele>508.000</ele></trkpt>
      <trkpt lat="22.2495502786" lon="113.9138730866"><ele>508.000</ele></trkpt>
      <trkpt lat="22.2495576179" lon="113.9138770406"><ele>507.000</ele></trkpt>
      <trkpt lat="22.2495672358" lon="113.9138884020"><ele>507.000</ele></trkpt>
      <trkpt lat="22.2495883255" lon="113.9139071731"><ele>506.000</ele></trkpt>
      <trkpt lat="22.2495984207" lon="113.9139121212"><ele>505.000</ele></trkpt>
      <trkpt lat="22.2496154065" lon="113.9139116626"><ele>504.000</ele></trkpt>
      <trkpt lat="22.2496200042" lon="113.9139067356"><ele>504.000</ele></trkpt>
      <trkpt lat="22.2496232284" lon="113.9139013164"><ele>503.000</ele></trkpt>
      <trkpt lat="22.2496347031" lon="113.9138993644"><ele>503.000</ele></trkpt>
      <trkpt lat="22.2496640872" lon="113.9138984365"><ele>501.000</ele></trkpt>
      <trkpt lat="22.2496842887" lon="113.9138984667"><ele>500.000</ele></trkpt>
      <trkpt lat="22.2496971451" lon="113.9138965219"><ele>500.000</ele></trkpt>
      <trkpt lat="22.2497251552" lon="113.9138891744"><ele>500.000</ele></trkpt>
      <trkpt lat="22.2497554800" lon="113.9138724610"><ele>499.000</ele></trkpt>
      <trkpt lat="22.2497628320" lon="113.9138675385"><ele>499.000</ele></trkpt>
      <trkpt lat="22.2497844154" lon="113.9138621529"><ele>498.000</ele></trkpt>
      <trkpt lat="22.2497995707" lon="113.9138577494"><ele>498.000</ele></trkpt>
      <trkpt lat="22.2498179525" lon="113.9138493916"><ele>497.000</ele></trkpt>
      <trkpt lat="22.2498377012" lon="113.9138430199"><ele>497.000</ele></trkpt>
      <trkpt lat="22.2498514813" lon="113.9138371250"><ele>496.000</ele></trkpt>
      <trkpt lat="22.2498661869" lon="113.9138282792"><ele>496.000</ele></trkpt>
      <trkpt lat="22.2498827307" lon="113.9138169660"><ele>496.000</ele></trkpt>
      <trkpt lat="22.2499029519" lon="113.9138012221"><ele>495.000</ele></trkpt>
      <trkpt lat="22.2499314469" lon="113.9137810585"><ele>494.000</ele></trkpt>
      <trkpt lat="22.2499678907" lon="113.9137524215"><ele>493.000</ele></trkpt>
      <trkpt lat="22.2499746486" lon="113.9137471113"><ele>492.000</ele></trkpt>
      <trkpt lat="22.2499861342" lon="113.9137407162"><ele>492.000</ele></trkpt>
      <trkpt lat="22.2499925600" lon="113.9137382595"><ele>492.000</ele></trkpt>
      <trkpt lat="22.2500031242" lon="113.9137372988"><ele>491.000</ele></trkpt>
      <trkpt lat="22.2500311385" lon="113.9137269924"><ele>490.000</ele></trkpt>
      <trkpt lat="22.2500444613" lon="113.9137230677"><ele>490.000</ele></trkpt>
      <trkpt lat="22.2500554853" lon="113.9137216113"><ele>489.000</ele></trkpt>
      <trkpt lat="22.2500761368" lon="113.9137206608"><ele>488.000</ele></trkpt>
      <trkpt lat="22.2500885300" lon="113.9137226555"><ele>488.000</ele></trkpt>
      <trkpt lat="22.2501073530" lon="113.9137246576"><ele>488.000</ele></trkpt>
      <trkpt lat="22.2501192825" lon="113.9137246838"><ele>488.000</ele></trkpt>
      <trkpt lat="22.2501394867" lon="113.9137207753"><ele>487.000</ele></trkpt>
      <trkpt lat="22.2501569439" lon="113.9137158728"><ele>487.000</ele></trkpt>
      <trkpt lat="22.2501711788" lon="113.9137119560"><ele>486.000</ele></trkpt>
      <trkpt lat="22.2501987424" lon="113.9137021355"><ele>485.000</ele></trkpt>
      <trkpt lat="22.2502184894" lon="113.9136947743"><ele>484.000</ele></trkpt>
      <trkpt lat="22.2502419162" lon="113.9136844667"><ele>484.000</ele></trkpt>
      <trkpt lat="22.2502575344" lon="113.9136815369"><ele>483.000</ele></trkpt>
      <trkpt lat="22.2502676248" lon="113.9136835262"><ele>483.000</ele></trkpt>
      <trkpt lat="22.2502726702" lon="113.9136874748"><ele>483.000</ele></trkpt>
      <trkpt lat="22.2502813930" lon="113.9136870026"><ele>483.000</ele></trkpt>
      <trkpt lat="22.2502887559" lon="113.9136776466"><ele>483.000</ele></trkpt>
      <trkpt lat="22.2502910566" lon="113.9136707448"><ele>482.000</ele></trkpt>
      <trkpt lat="22.2502933806" lon="113.9136559560"><ele>481.000</ele></trkpt>
      <trkpt lat="22.2502929335" lon="113.9136475750"><ele>481.000</ele></trkpt>
      <trkpt lat="22.2502947819" lon="113.9136401793"><ele>481.000</ele></trkpt>
      <trkpt lat="22.2502989208" lon="113.9136308197"><ele>481.000</ele></trkpt>
      <trkpt lat="22.2503099575" lon="113.9136204771"><ele>481.000</ele></trkpt>
      <trkpt lat="22.2503173079" lon="113.9136145748"><ele>480.000</ele></trkpt>
      <trkpt lat="22.2503297178" lon="113.9136101570"><ele>480.000</ele></trkpt>
      <trkpt lat="22.2503402756" lon="113.9136052479"><ele>480.000</ele></trkpt>
      <trkpt lat="22.2503595746" lon="113.9135944338"><ele>479.000</ele></trkpt>
      <trkpt lat="22.2503839333" lon="113.9135796814"><ele>479.000</ele></trkpt>
      <trkpt lat="22.2503963435" lon="113.9135698407"><ele>479.000</ele></trkpt>
      <trkpt lat="22.2504115072" lon="113.9135595097"><ele>478.000</ele></trkpt>
      <trkpt lat="22.2504280545" lon="113.9135447525"><ele>477.000</ele></trkpt>
      <trkpt lat="22.2504399974" lon="113.9135363872"><ele>477.000</ele></trkpt>
      <trkpt lat="22.2504487260" lon="113.9135339359"><ele>477.000</ele></trkpt>
      <trkpt lat="22.2504652595" lon="113.9135329833"><ele>476.000</ele></trkpt>
      <trkpt lat="22.2504827027" lon="113.9135305449"><ele>475.000</ele></trkpt>
      <trkpt lat="22.2504960263" lon="113.9135271148"><ele>475.000</ele></trkpt>
      <trkpt lat="22.2505116397" lon="113.9135212262"><ele>475.000</ele></trkpt>
      <trkpt lat="22.2505254199" lon="113.9135153409"><ele>475.000</ele></trkpt>
      <trkpt lat="22.2505359860" lon="113.9135099273"><ele>475.000</ele></trkpt>
      <trkpt lat="22.2505433371" lon="113.9135045198"><ele>474.000</ele></trkpt>
      <trkpt lat="22.2505502336" lon="113.9134971340"><ele>474.000</ele></trkpt>
      <trkpt lat="22.2505575964" lon="113.9134877780"><ele>474.000</ele></trkpt>
      <trkpt lat="22.2505796600" lon="113.9134666174"><ele>473.000</ele></trkpt>
      <trkpt lat="22.2506180575" lon="113.9134410958"><ele>472.000</ele></trkpt>
      <trkpt lat="22.2506233211" lon="113.9134375972"><ele>472.000</ele></trkpt>
      <trkpt lat="22.2506632924" lon="113.9134164613"><ele>471.000</ele></trkpt>
      <trkpt lat="22.2506917715" lon="113.9134032047"><ele>471.000</ele></trkpt>
      <trkpt lat="22.2507341189" lon="113.9133863733"><ele>470.000</ele></trkpt>
      <trkpt lat="22.2507634283" lon="113.9133747239"><ele>470.000</ele></trkpt>
      <trkpt lat="22.2507955821" lon="113.9133609755"><ele>470.000</ele></trkpt>
      <trkpt lat="22.2508309632" lon="113.9133437867"><ele>469.000</ele></trkpt>
      <trkpt lat="22.2508690854" lon="113.9133295517"><ele>468.000</ele></trkpt>
      <trkpt lat="22.2508847004" lon="113.9133246428"><ele>468.000</ele></trkpt>
      <trkpt lat="22.2509127205" lon="113.9133123669"><ele>468.000</ele></trkpt>
      <trkpt lat="22.2509292566" lon="113.9133074660"><ele>469.000</ele></trkpt>
      <trkpt lat="22.2509536020" lon="113.9132956723"><ele>468.000</ele></trkpt>
      <trkpt lat="22.2509779525" lon="113.9132814145"><ele>468.000</ele></trkpt>
      <trkpt lat="22.2509889842" lon="113.9132735457"><ele>468.000</ele></trkpt>
      <trkpt lat="22.2510147097" lon="113.9132607696"><ele>467.000</ele></trkpt>
      <trkpt lat="22.2510376706" lon="113.9132583498"><ele>467.000</ele></trkpt>
      <trkpt lat="22.2510720816" lon="113.9132722163"><ele>467.000</ele></trkpt>
      <trkpt lat="22.2510853843" lon="113.9132781576"><ele>467.000</ele></trkpt>
      <trkpt lat="22.2510959318" lon="113.9132835997"><ele>467.000</ele></trkpt>
      <trkpt lat="22.2511087864" lon="113.9132860882"><ele>466.000</ele></trkpt>
      <trkpt lat="22.2511197955" lon="113.9132866012"><ele>465.000</ele></trkpt>
      <trkpt lat="22.2511441315" lon="113.9132856534"><ele>465.000</ele></trkpt>
      <trkpt lat="22.2511620302" lon="113.9132856879"><ele>464.000</ele></trkpt>
      <trkpt lat="22.2511771777" lon="113.9132876871"><ele>463.000</ele></trkpt>
      <trkpt lat="22.2512047119" lon="113.9132931555"><ele>463.000</ele></trkpt>
      <trkpt lat="22.2512152660" lon="113.9132971230"><ele>463.000</ele></trkpt>
      <trkpt lat="22.2512249057" lon="113.9132996078"><ele>463.000</ele></trkpt>
      <trkpt lat="22.2512377553" lon="113.9133045605"><ele>463.000</ele></trkpt>
      <trkpt lat="22.2512542720" lon="113.9133100108"><ele>463.000</ele></trkpt>
      <trkpt lat="22.2512666586" lon="113.9133134897"><ele>463.000</ele></trkpt>
      <trkpt lat="22.2512785905" lon="113.9133149905"><ele>463.000</ele></trkpt>
      <trkpt lat="22.2512882436" lon="113.9133090838"><ele>463.000</ele></trkpt>
      <trkpt lat="22.2512983508" lon="113.9133046702"><ele>462.000</ele></trkpt>
      <trkpt lat="22.2513144189" lon="113.9133007500"><ele>462.000</ele></trkpt>
      <trkpt lat="22.2513520660" lon="113.9132998356"><ele>462.000</ele></trkpt>
      <trkpt lat="22.2513617056" lon="113.9133023107"><ele>462.000</ele></trkpt>
      <trkpt lat="22.2513690425" lon="113.9133047902"><ele>462.000</ele></trkpt>
      <trkpt lat="22.2513832605" lon="113.9133127089"><ele>463.000</ele></trkpt>
      <trkpt lat="22.2513974758" lon="113.9133245663"><ele>463.000</ele></trkpt>
      <trkpt lat="22.2514107777" lon="113.9133300129"><ele>463.000</ele></trkpt>
      <trkpt lat="22.2514213310" lon="113.9133334855"><ele>463.000</ele></trkpt>
      <trkpt lat="22.2514323466" lon="113.9133379469"><ele>463.000</ele></trkpt>
      <trkpt lat="22.2514424285" lon="113.9133458539"><ele>464.000</ele></trkpt>
      <trkpt lat="22.2514616851" lon="113.9133646188"><ele>464.000</ele></trkpt>
      <trkpt lat="22.2514841399" lon="113.9133898097"><ele>465.000</ele></trkpt>
      <trkpt lat="22.2514905646" lon="113.9133922908"><ele>465.000</ele></trkpt>
      <trkpt lat="22.2515006542" lon="113.9133937854"><ele>465.000</ele></trkpt>
      <trkpt lat="22.2515089247" lon="113.9133928095"><ele>465.000</ele></trkpt>
      <trkpt lat="22.2515355663" lon="113.9133825055"><ele>465.000</ele></trkpt>
      <trkpt lat="22.2515433714" lon="113.9133785716"><ele>465.000</ele></trkpt>
      <trkpt lat="22.2515534836" lon="113.9133716842"><ele>464.000</ele></trkpt>
      <trkpt lat="22.2515617593" lon="113.9133628309"><ele>464.000</ele></trkpt>
      <trkpt lat="22.2515709535" lon="113.9133579146"><ele>463.000</ele></trkpt>
      <trkpt lat="22.2515787594" lon="113.9133544755"><ele>463.000</ele></trkpt>
      <trkpt lat="22.2515879403" lon="113.9133525181"><ele>463.000</ele></trkpt>
      <trkpt lat="22.2516026390" lon="113.9133505697"><ele>462.000</ele></trkpt>
      <trkpt lat="22.2516168739" lon="113.9133466529"><ele>462.000</ele></trkpt>
      <trkpt lat="22.2516311080" lon="113.9133422413"><ele>462.000</ele></trkpt>
      <trkpt lat="22.2516416765" lon="113.9133383120"><ele>462.000</ele></trkpt>
      <trkpt lat="22.2516513230" lon="113.9133338896"><ele>462.000</ele></trkpt>
      <trkpt lat="22.2516701505" lon="113.9133275194"><ele>461.000</ele></trkpt>
      <trkpt lat="22.2516774940" lon="113.9133285146"><ele>461.000</ele></trkpt>
      <trkpt lat="22.2516853055" lon="113.9133285291"><ele>461.000</ele></trkpt>
      <trkpt lat="22.2516981646" lon="113.9133226358"><ele>461.000</ele></trkpt>
      <trkpt lat="22.2517096393" lon="113.9133206838"><ele>461.000</ele></trkpt>
      <trkpt lat="22.2517243395" lon="113.9133197250"><ele>461.000</ele></trkpt>
      <trkpt lat="22.2517482101" lon="113.9133158192"><ele>461.000</ele></trkpt>
      <trkpt lat="22.2517670350" lon="113.9133133878"><ele>461.000</ele></trkpt>
      <trkpt lat="22.2517803544" lon="113.9133129166"><ele>461.000</ele></trkpt>
      <trkpt lat="22.2518255056" lon="113.9133133397"><ele>461.000</ele></trkpt>
      <trkpt lat="22.2518450776" lon="113.9133135231"><ele>461.000</ele></trkpt>
      <trkpt lat="22.2518684933" lon="113.9133130719"><ele>461.000</ele></trkpt>
      <trkpt lat="22.2518818028" lon="113.9133121059"><ele>461.000</ele></trkpt>
      <trkpt lat="22.2518914517" lon="113.9133091678"><ele>461.000</ele></trkpt>
      <trkpt lat="22.2519047714" lon="113.9133032736"><ele>461.000</ele></trkpt>
      <trkpt lat="22.2519254419" lon="113.9132973948"><ele>461.000</ele></trkpt>
      <trkpt lat="22.2519624223" lon="113.9132918638"><ele>461.000</ele></trkpt>
      <trkpt lat="22.2519669005" lon="113.9132912831"><ele>461.000</ele></trkpt>
      <trkpt lat="22.2519782831" lon="113.9132882059"><ele>461.000</ele></trkpt>
      <trkpt lat="22.2519874773" lon="113.9132832993"><ele>461.000</ele></trkpt>
      <trkpt lat="22.2520008094" lon="113.9132739708"><ele>461.000</ele></trkpt>
      <trkpt lat="22.2520233541" lon="113.9132543224"><ele>461.000</ele></trkpt>
      <trkpt lat="22.2520431526" lon="113.9132341650"><ele>461.000</ele></trkpt>
      <trkpt lat="22.2520777356" lon="113.9132029780"><ele>459.000</ele></trkpt>
      <trkpt lat="22.2520845695" lon="113.9131968153"><ele>459.000</ele></trkpt>
      <trkpt lat="22.2521098576" lon="113.9131816049"><ele>459.000</ele></trkpt>
      <trkpt lat="22.2521346910" lon="113.9131644260"><ele>459.000</ele></trkpt>
      <trkpt lat="22.2521425152" lon="113.9131555735"><ele>459.000</ele></trkpt>
      <trkpt lat="22.2521443667" lon="113.9131501470"><ele>459.000</ele></trkpt>
      <trkpt lat="22.2521476325" lon="113.9131314175"><ele>459.000</ele></trkpt>
      <trkpt lat="22.2521495240" lon="113.9131117010"><ele>460.000</ele></trkpt>
      <trkpt lat="22.2521486678" lon="113.9130904957"><ele>460.000</ele></trkpt>
      <trkpt lat="22.2521464249" lon="113.9130717473"><ele>460.000</ele></trkpt>
      <trkpt lat="22.2521428019" lon="113.9130539814"><ele>460.000</ele></trkpt>
      <trkpt lat="22.2521364277" lon="113.9130381803"><ele>460.000</ele></trkpt>
      <trkpt lat="22.2521300313" lon="113.9130253382"><ele>460.000</ele></trkpt>
      <trkpt lat="22.2521181468" lon="113.9130085384"><ele>460.000</ele></trkpt>
      <trkpt lat="22.2521048757" lon="113.9129941958"><ele>460.000</ele></trkpt>
      <trkpt lat="22.2520893099" lon="113.9129793529"><ele>460.000</ele></trkpt>
      <trkpt lat="22.2520691799" lon="113.9129566024"><ele>459.000</ele></trkpt>
      <trkpt lat="22.2520545586" lon="113.9129338707"><ele>459.000</ele></trkpt>
      <trkpt lat="22.2520467995" lon="113.9129160931"><ele>458.000</ele></trkpt>
      <trkpt lat="22.2520450246" lon="113.9128963641"><ele>458.000</ele></trkpt>
      <trkpt lat="22.2520474283" lon="113.9128583986"><ele>457.000</ele></trkpt>
      <trkpt lat="22.2520474966" lon="113.9128337379"><ele>457.000</ele></trkpt>
      <trkpt lat="22.2520461806" lon="113.9128130282"><ele>456.000</ele></trkpt>
      <trkpt lat="22.2520455510" lon="113.9128073561"><ele>456.000</ele></trkpt>
      <trkpt lat="22.2520489461" lon="113.9127725434"><ele>456.000</ele></trkpt>
      <trkpt lat="22.2520518932" lon="113.9127481533"><ele>456.000</ele></trkpt>
      <trkpt lat="22.2520608093" lon="113.9127211853"><ele>456.000</ele></trkpt>
      <trkpt lat="22.2520697371" lon="113.9127012759"><ele>456.000</ele></trkpt>
      <trkpt lat="22.2520834372" lon="113.9126775074"><ele>456.000</ele></trkpt>
      <trkpt lat="22.2520971393" lon="113.9126550223"><ele>456.000</ele></trkpt>
      <trkpt lat="22.2521168212" lon="113.9126363760"><ele>456.000</ele></trkpt>
      <trkpt lat="22.2521323332" lon="113.9126247963"><ele>456.000</ele></trkpt>
      <trkpt lat="22.2521490512" lon="113.9126202731"><ele>455.000</ele></trkpt>
      <trkpt lat="22.2521723401" lon="113.9126157374"><ele>455.000</ele></trkpt>
      <trkpt lat="22.2521998114" lon="113.9126118357"><ele>455.000</ele></trkpt>
      <trkpt lat="22.2522248921" lon="113.9126072967"><ele>455.000</ele></trkpt>
      <trkpt lat="22.2522559370" lon="113.9125969714"><ele>455.000</ele></trkpt>
      <trkpt lat="22.2522780165" lon="113.9125834542"><ele>455.000</ele></trkpt>
      <trkpt lat="22.2523042688" lon="113.9125647957"><ele>455.000</ele></trkpt>
      <trkpt lat="22.2523269467" lon="113.9125519191"><ele>454.000</ele></trkpt>
      <trkpt lat="22.2523628748" lon="113.9125415640"><ele>454.000</ele></trkpt>
      <trkpt lat="22.2524067998" lon="113.9125409495"><ele>454.000</ele></trkpt>
      <trkpt lat="22.2524192156" lon="113.9125345815"><ele>454.000</ele></trkpt>
      <trkpt lat="22.2524316297" lon="113.9125272241"><ele>454.000</ele></trkpt>
      <trkpt lat="22.2524422098" lon="113.9125193656"><ele>453.000</ele></trkpt>
      <trkpt lat="22.2524812211" lon="113.9124949415"><ele>453.000</ele></trkpt>
      <trkpt lat="22.2524900323" lon="113.9124894250"><ele>453.000</ele></trkpt>
      <trkpt lat="22.2525107312" lon="113.9124732239"><ele>452.000</ele></trkpt>
      <trkpt lat="22.2525328051" lon="113.9124584947"><ele>452.000</ele></trkpt>
      <trkpt lat="22.2525479720" lon="113.9124501619"><ele>453.000</ele></trkpt>
      <trkpt lat="22.2525640483" lon="113.9124457759"><ele>453.000</ele></trkpt>
      <trkpt lat="22.2525824143" lon="113.9124443444"><ele>453.000</ele></trkpt>
      <trkpt lat="22.2526016955" lon="113.9124449000"><ele>453.000</ele></trkpt>
      <trkpt lat="22.2526190601" lon="113.9124463439"><ele>453.000</ele></trkpt>
      <trkpt lat="22.2526448315" lon="113.9124484861"><ele>453.000</ele></trkpt>
      <trkpt lat="22.2526636455" lon="113.9124505171"><ele>453.000</ele></trkpt>
      <trkpt lat="22.2526875011" lon="113.9124540521"><ele>453.000</ele></trkpt>
      <trkpt lat="22.2527067624" lon="113.9124590412"><ele>453.000</ele></trkpt>
      <trkpt lat="22.2527232710" lon="113.9124650057"><ele>453.000</ele></trkpt>
      <trkpt lat="22.2527651581" lon="113.9124831178"><ele>452.000</ele></trkpt>
      <trkpt lat="22.2527964261" lon="113.9124966381"><ele>452.000</ele></trkpt>
    </trkseg>
  </trk>
</gpx>
