<?xml version="1.0" encoding="UTF-8"?>
<gpx xmlns:xsi="http://www.w3.org/2001/XMLSchema-instance"
     xsi:schemaLocation="http://www.topografix.com/GPX/1/1 http://www.topografix.com/GPX/1/1/gpx.xsd"
     version="1.1" creator="json3d_batch_to_gpx"
     xmlns="http://www.topografix.com/GPX/1/1">
  <metadata>
    <name>LantauTrail(Section9)ShekPiktoShuiHau</name>
  </metadata>
  <trk>
    <name>LantauTrail(Section9)ShekPiktoShuiHau</name>
    <type>hike</type>
    <trkseg>
      <trkpt lat="22.2283168783" lon="113.8908652269"><ele>68.000</ele></trkpt>
      <trkpt lat="22.2283251017" lon="113.8908801641"><ele>68.000</ele></trkpt>
      <trkpt lat="22.2283308853" lon="113.8908963197"><ele>68.000</ele></trkpt>
      <trkpt lat="22.2283304704" lon="113.8909120116"><ele>68.000</ele></trkpt>
      <trkpt lat="22.2283282921" lon="113.8909319865"><ele>68.000</ele></trkpt>
      <trkpt lat="22.2283238970" lon="113.8909500638"><ele>68.000</ele></trkpt>
      <trkpt lat="22.2283150743" lon="113.8909681501"><ele>68.000</ele></trkpt>
      <trkpt lat="22.2283031573" lon="113.8909886210"><ele>68.000</ele></trkpt>
      <trkpt lat="22.2282892205" lon="113.8910097488"><ele>68.000</ele></trkpt>
      <trkpt lat="22.2282823882" lon="113.8910176193"><ele>67.000</ele></trkpt>
      <trkpt lat="22.2282690102" lon="113.8910319922"><ele>68.000</ele></trkpt>
      <trkpt lat="22.2282573942" lon="113.8910474487"><ele>68.000</ele></trkpt>
      <trkpt lat="22.2282467468" lon="113.8910652778"><ele>68.000</ele></trkpt>
      <trkpt lat="22.2282378363" lon="113.8910847765"><ele>66.000</ele></trkpt>
      <trkpt lat="22.2282284727" lon="113.8911131979"><ele>66.000</ele></trkpt>
      <trkpt lat="22.2282206272" lon="113.8911421447"><ele>66.000</ele></trkpt>
      <trkpt lat="22.2282139885" lon="113.8911733724"><ele>67.000</ele></trkpt>
      <trkpt lat="22.2282091232" lon="113.8912049855"><ele>67.000</ele></trkpt>
      <trkpt lat="22.2282081983" lon="113.8912202982"><ele>67.000</ele></trkpt>
      <trkpt lat="22.2282079405" lon="113.8912344553"><ele>67.000</ele></trkpt>
      <trkpt lat="22.2282083025" lon="113.8912498012"><ele>67.000</ele></trkpt>
      <trkpt lat="22.2282093218" lon="113.8912650993"><ele>67.000</ele></trkpt>
      <trkpt lat="22.2282108591" lon="113.8912791732"><ele>67.000</ele></trkpt>
      <trkpt lat="22.2282131560" lon="113.8912943212"><ele>67.000</ele></trkpt>
      <trkpt lat="22.2282161056" lon="113.8913093351"><ele>67.000</ele></trkpt>
      <trkpt lat="22.2282183754" lon="113.8913188700"><ele>66.000</ele></trkpt>
      <trkpt lat="22.2282530347" lon="113.8914684898"><ele>65.000</ele></trkpt>
      <trkpt lat="22.2282555134" lon="113.8914791902"><ele>65.000</ele></trkpt>
      <trkpt lat="22.2282814410" lon="113.8915794898"><ele>64.000</ele></trkpt>
      <trkpt lat="22.2283040812" lon="113.8916673321"><ele>66.000</ele></trkpt>
      <trkpt lat="22.2283231502" lon="113.8917476256"><ele>61.000</ele></trkpt>
      <trkpt lat="22.2283275213" lon="113.8917787137"><ele>60.000</ele></trkpt>
      <trkpt lat="22.2283304388" lon="113.8918099890"><ele>58.000</ele></trkpt>
      <trkpt lat="22.2283318935" lon="113.8918413934"><ele>58.000</ele></trkpt>
      <trkpt lat="22.2283318854" lon="113.8918728298"><ele>58.000</ele></trkpt>
      <trkpt lat="22.2283185978" lon="113.8919893682"><ele>58.000</ele></trkpt>
      <trkpt lat="22.2282914238" lon="113.8921746369"><ele>58.000</ele></trkpt>
      <trkpt lat="22.2282882509" lon="113.8921953397"><ele>58.000</ele></trkpt>
      <trkpt lat="22.2282589144" lon="113.8923867551"><ele>58.000</ele></trkpt>
      <trkpt lat="22.2282287789" lon="113.8925621652"><ele>58.000</ele></trkpt>
      <trkpt lat="22.2282235715" lon="113.8925907773"><ele>58.000</ele></trkpt>
      <trkpt lat="22.2281889210" lon="113.8927811653"><ele>58.000</ele></trkpt>
      <trkpt lat="22.2281615901" lon="113.8929183823"><ele>58.000</ele></trkpt>
      <trkpt lat="22.2281352077" lon="113.8930454903"><ele>58.000</ele></trkpt>
      <trkpt lat="22.2281097601" lon="113.8931597929"><ele>58.000</ele></trkpt>
      <trkpt lat="22.2280924220" lon="113.8932327105"><ele>58.000</ele></trkpt>
      <trkpt lat="22.2280736833" lon="113.8933154759"><ele>58.000</ele></trkpt>
      <trkpt lat="22.2280630311" lon="113.8933571891"><ele>58.000</ele></trkpt>
      <trkpt lat="22.2280152564" lon="113.8935442707"><ele>58.000</ele></trkpt>
      <trkpt lat="22.2279675982" lon="113.8937237310"><ele>58.000</ele></trkpt>
      <trkpt lat="22.2279316553" lon="113.8938528463"><ele>58.000</ele></trkpt>
      <trkpt lat="22.2279226106" lon="113.8938839489"><ele>58.000</ele></trkpt>
      <trkpt lat="22.2278687629" lon="113.8940691177"><ele>58.000</ele></trkpt>
      <trkpt lat="22.2278597173" lon="113.8940979056"><ele>58.000</ele></trkpt>
      <trkpt lat="22.2278019625" lon="113.8942817110"><ele>58.000</ele></trkpt>
      <trkpt lat="22.2277555113" lon="113.8944234467"><ele>58.000</ele></trkpt>
      <trkpt lat="22.2277099541" lon="113.8945600108"><ele>58.000</ele></trkpt>
      <trkpt lat="22.2277028440" lon="113.8945803777"><ele>58.000</ele></trkpt>
      <trkpt lat="22.2276394322" lon="113.8947620191"><ele>58.000</ele></trkpt>
      <trkpt lat="22.2276103673" lon="113.8948376077"><ele>58.000</ele></trkpt>
      <trkpt lat="22.2275999646" lon="113.8948653654"><ele>58.000</ele></trkpt>
      <trkpt lat="22.2275325221" lon="113.8950453239"><ele>58.000</ele></trkpt>
      <trkpt lat="22.2274855179" lon="113.8951653721"><ele>58.000</ele></trkpt>
      <trkpt lat="22.2274854389" lon="113.8951655626"><ele>58.000</ele></trkpt>
      <trkpt lat="22.2274119094" lon="113.8953427491"><ele>58.000</ele></trkpt>
      <trkpt lat="22.2273591719" lon="113.8954635651"><ele>58.000</ele></trkpt>
      <trkpt lat="22.2273028034" lon="113.8955945146"><ele>58.000</ele></trkpt>
      <trkpt lat="22.2272473028" lon="113.8957155881"><ele>58.000</ele></trkpt>
      <trkpt lat="22.2272249040" lon="113.8957632953"><ele>58.000</ele></trkpt>
      <trkpt lat="22.2271435795" lon="113.8959365075"><ele>58.000</ele></trkpt>
      <trkpt lat="22.2271413365" lon="113.8959411087"><ele>58.000</ele></trkpt>
      <trkpt lat="22.2270575604" lon="113.8961129675"><ele>58.000</ele></trkpt>
      <trkpt lat="22.2269892693" lon="113.8962481595"><ele>58.000</ele></trkpt>
      <trkpt lat="22.2269114041" lon="113.8963982009"><ele>58.000</ele></trkpt>
      <trkpt lat="22.2268428554" lon="113.8965255073"><ele>58.000</ele></trkpt>
      <trkpt lat="22.2267651683" lon="113.8966637147"><ele>58.000</ele></trkpt>
      <trkpt lat="22.2267603173" lon="113.8966722017"><ele>58.000</ele></trkpt>
      <trkpt lat="22.2266658237" lon="113.8968375232"><ele>58.000</ele></trkpt>
      <trkpt lat="22.2265871955" lon="113.8969695632"><ele>58.000</ele></trkpt>
      <trkpt lat="22.2265859422" lon="113.8969716434"><ele>58.000</ele></trkpt>
      <trkpt lat="22.2264878173" lon="113.8971345060"><ele>58.000</ele></trkpt>
      <trkpt lat="22.2264178093" lon="113.8972433372"><ele>58.000</ele></trkpt>
      <trkpt lat="22.2263330408" lon="113.8973733362"><ele>58.000</ele></trkpt>
      <trkpt lat="22.2262294302" lon="113.8975322308"><ele>58.000</ele></trkpt>
      <trkpt lat="22.2261363905" lon="113.8976759378"><ele>58.000</ele></trkpt>
      <trkpt lat="22.2261037789" lon="113.8977273804"><ele>58.000</ele></trkpt>
      <trkpt lat="22.2260793932" lon="113.8977676911"><ele>58.000</ele></trkpt>
      <trkpt lat="22.2260527379" lon="113.8978168812"><ele>56.000</ele></trkpt>
      <trkpt lat="22.2260421559" lon="113.8978390460"><ele>56.000</ele></trkpt>
      <trkpt lat="22.2260312176" lon="113.8978588448"><ele>58.000</ele></trkpt>
      <trkpt lat="22.2260046049" lon="113.8978933916"><ele>58.000</ele></trkpt>
      <trkpt lat="22.2259895803" lon="113.8979105680"><ele>58.000</ele></trkpt>
      <trkpt lat="22.2259681121" lon="113.8979317824"><ele>58.000</ele></trkpt>
      <trkpt lat="22.2259514096" lon="113.8979452889"><ele>58.000</ele></trkpt>
      <trkpt lat="22.2259317109" lon="113.8979530263"><ele>58.000</ele></trkpt>
      <trkpt lat="22.2259048348" lon="113.8979556459"><ele>61.000</ele></trkpt>
      <trkpt lat="22.2258803405" lon="113.8979537700"><ele>61.000</ele></trkpt>
      <trkpt lat="22.2258576312" lon="113.8979473987"><ele>64.000</ele></trkpt>
      <trkpt lat="22.2258241547" lon="113.8979327082"><ele>64.000</ele></trkpt>
      <trkpt lat="22.2257882919" lon="113.8979193066"><ele>64.000</ele></trkpt>
      <trkpt lat="22.2257530184" lon="113.8979014121"><ele>64.000</ele></trkpt>
      <trkpt lat="22.2257141705" lon="113.8978892987"><ele>64.000</ele></trkpt>
      <trkpt lat="22.2256789112" lon="113.8978797447"><ele>66.000</ele></trkpt>
      <trkpt lat="22.2256532167" lon="113.8978746635"><ele>66.000</ele></trkpt>
      <trkpt lat="22.2256233454" lon="113.8978721562"><ele>67.000</ele></trkpt>
      <trkpt lat="22.2255964671" lon="113.8978734926"><ele>67.000</ele></trkpt>
      <trkpt lat="22.2255600329" lon="113.8978754890"><ele>67.000</ele></trkpt>
      <trkpt lat="22.2254895496" lon="113.8978769116"><ele>68.000</ele></trkpt>
      <trkpt lat="22.2254429571" lon="113.8978770038"><ele>70.000</ele></trkpt>
      <trkpt lat="22.2254077144" lon="113.8978770735"><ele>70.000</ele></trkpt>
      <trkpt lat="22.2253844203" lon="113.8978784028"><ele>70.000</ele></trkpt>
      <trkpt lat="22.2253641006" lon="113.8978726690"><ele>71.000</ele></trkpt>
      <trkpt lat="22.2253288403" lon="113.8978624729"><ele>68.000</ele></trkpt>
      <trkpt lat="22.2252923840" lon="113.8978516390"><ele>68.000</ele></trkpt>
      <trkpt lat="22.2252595109" lon="113.8978401549"><ele>69.000</ele></trkpt>
      <trkpt lat="22.2252218479" lon="113.8978222652"><ele>68.000</ele></trkpt>
      <trkpt lat="22.2251764095" lon="113.8977986168"><ele>66.000</ele></trkpt>
      <trkpt lat="22.2251351544" lon="113.8977762434"><ele>66.000</ele></trkpt>
      <trkpt lat="22.2251004809" lon="113.8977596310"><ele>64.000</ele></trkpt>
      <trkpt lat="22.2250795620" lon="113.8977526151"><ele>64.000</ele></trkpt>
      <trkpt lat="22.2250616296" lon="113.8977455934"><ele>64.000</ele></trkpt>
      <trkpt lat="22.2250443007" lon="113.8977424201"><ele>64.000</ele></trkpt>
      <trkpt lat="22.2250209988" lon="113.8977386165"><ele>64.000</ele></trkpt>
      <trkpt lat="22.2250018794" lon="113.8977360879"><ele>64.000</ele></trkpt>
      <trkpt lat="22.2249821652" lon="113.8977348437"><ele>64.000</ele></trkpt>
      <trkpt lat="22.2249618609" lon="113.8977380924"><ele>64.000</ele></trkpt>
      <trkpt lat="22.2249385746" lon="113.8977439125"><ele>66.000</ele></trkpt>
      <trkpt lat="22.2249039408" lon="113.8977510383"><ele>68.000</ele></trkpt>
      <trkpt lat="22.2248705005" lon="113.8977568785"><ele>68.000</ele></trkpt>
      <trkpt lat="22.2248412361" lon="113.8977601440"><ele>68.000</ele></trkpt>
      <trkpt lat="22.2248042082" lon="113.8977640670"><ele>68.000</ele></trkpt>
      <trkpt lat="22.2247516421" lon="113.8977641710"><ele>68.000</ele></trkpt>
      <trkpt lat="22.2246966895" lon="113.8977655629"><ele>68.000</ele></trkpt>
      <trkpt lat="22.2246417337" lon="113.8977650306"><ele>70.000</ele></trkpt>
      <trkpt lat="22.2245825913" lon="113.8977619390"><ele>72.000</ele></trkpt>
      <trkpt lat="22.2245348009" lon="113.8977601093"><ele>72.000</ele></trkpt>
      <trkpt lat="22.2244887986" lon="113.8977557095"><ele>72.000</ele></trkpt>
      <trkpt lat="22.2244266676" lon="113.8977513407"><ele>70.000</ele></trkpt>
      <trkpt lat="22.2243489993" lon="113.8977431539"><ele>67.000</ele></trkpt>
      <trkpt lat="22.2242910471" lon="113.8977368535"><ele>62.000</ele></trkpt>
      <trkpt lat="22.2242378763" lon="113.8977324679"><ele>60.000</ele></trkpt>
      <trkpt lat="22.2241972523" lon="113.8977299818"><ele>60.000</ele></trkpt>
      <trkpt lat="22.2241518544" lon="113.8977294296"><ele>62.000</ele></trkpt>
      <trkpt lat="22.2241267711" lon="113.8977326878"><ele>66.000</ele></trkpt>
      <trkpt lat="22.2240969130" lon="113.8977378787"><ele>69.000</ele></trkpt>
      <trkpt lat="22.2240521385" lon="113.8977527239"><ele>68.000</ele></trkpt>
      <trkpt lat="22.2239930380" lon="113.8977740125"><ele>68.000</ele></trkpt>
      <trkpt lat="22.2239398989" lon="113.8977875899"><ele>67.000</ele></trkpt>
      <trkpt lat="22.2238778098" lon="113.8978076022"><ele>66.000</ele></trkpt>
      <trkpt lat="22.2238049589" lon="113.8978218607"><ele>63.000</ele></trkpt>
      <trkpt lat="22.2237332942" lon="113.8978316261"><ele>61.000</ele></trkpt>
      <trkpt lat="22.2236885053" lon="113.8978381308"><ele>60.000</ele></trkpt>
      <trkpt lat="22.2236449125" lon="113.8978459154"><ele>58.000</ele></trkpt>
      <trkpt lat="22.2235863955" lon="113.8978588623"><ele>56.000</ele></trkpt>
      <trkpt lat="22.2235416099" lon="113.8978672913"><ele>54.000</ele></trkpt>
      <trkpt lat="22.2234914487" lon="113.8978763730"><ele>50.000</ele></trkpt>
      <trkpt lat="22.2234389032" lon="113.8978880249"><ele>50.000</ele></trkpt>
      <trkpt lat="22.2233851641" lon="113.8979003212"><ele>48.000</ele></trkpt>
      <trkpt lat="22.2233391751" lon="113.8979042608"><ele>47.000</ele></trkpt>
      <trkpt lat="22.2233063252" lon="113.8979062511"><ele>46.000</ele></trkpt>
      <trkpt lat="22.2232722727" lon="113.8979037520"><ele>46.000</ele></trkpt>
      <trkpt lat="22.2232322476" lon="113.8979019068"><ele>46.000</ele></trkpt>
      <trkpt lat="22.2231940120" lon="113.8978987739"><ele>47.000</ele></trkpt>
      <trkpt lat="22.2231617511" lon="113.8978956302"><ele>47.000</ele></trkpt>
      <trkpt lat="22.2231426349" lon="113.8978950268"><ele>47.000</ele></trkpt>
      <trkpt lat="22.2231169514" lon="113.8978963599"><ele>47.000</ele></trkpt>
      <trkpt lat="22.2230972515" lon="113.8979034570"><ele>47.000</ele></trkpt>
      <trkpt lat="22.2230775549" lon="113.8979124774"><ele>47.000</ele></trkpt>
      <trkpt lat="22.2230650303" lon="113.8979240501"><ele>48.000</ele></trkpt>
      <trkpt lat="22.2230525123" lon="113.8979394724"><ele>46.000</ele></trkpt>
      <trkpt lat="22.2230435795" lon="113.8979548876"><ele>46.000</ele></trkpt>
      <trkpt lat="22.2230328575" lon="113.8979728728"><ele>48.000</ele></trkpt>
      <trkpt lat="22.2230054208" lon="113.8979966649"><ele>47.000</ele></trkpt>
      <trkpt lat="22.2229696273" lon="113.8980236811"><ele>48.000</ele></trkpt>
      <trkpt lat="22.2229236922" lon="113.8980590587"><ele>46.000</ele></trkpt>
      <trkpt lat="22.2228705951" lon="113.8980976570"><ele>46.000</ele></trkpt>
      <trkpt lat="22.2228121352" lon="113.8981439651"><ele>43.000</ele></trkpt>
      <trkpt lat="22.2227441347" lon="113.8981999155"><ele>48.000</ele></trkpt>
      <trkpt lat="22.2227131203" lon="113.8982275643"><ele>48.000</ele></trkpt>
      <trkpt lat="22.2226922564" lon="113.8982526266"><ele>50.000</ele></trkpt>
      <trkpt lat="22.2226737842" lon="113.8982789673"><ele>50.000</ele></trkpt>
      <trkpt lat="22.2226582952" lon="113.8983033769"><ele>50.000</ele></trkpt>
      <trkpt lat="22.2226452022" lon="113.8983316323"><ele>50.000</ele></trkpt>
      <trkpt lat="22.2226303407" lon="113.8983740046"><ele>50.000</ele></trkpt>
      <trkpt lat="22.2226166872" lon="113.8984240736"><ele>47.000</ele></trkpt>
      <trkpt lat="22.2226030247" lon="113.8984683688"><ele>45.000</ele></trkpt>
      <trkpt lat="22.2225875861" lon="113.8985222900"><ele>44.000</ele></trkpt>
      <trkpt lat="22.2225709659" lon="113.8985839127"><ele>43.000</ele></trkpt>
      <trkpt lat="22.2225495687" lon="113.8986461870"><ele>42.000</ele></trkpt>
      <trkpt lat="22.2225245808" lon="113.8987052598"><ele>43.000</ele></trkpt>
      <trkpt lat="22.2224942222" lon="113.8987669096"><ele>42.000</ele></trkpt>
      <trkpt lat="22.2224727802" lon="113.8988035218"><ele>41.000</ele></trkpt>
      <trkpt lat="22.2224501399" lon="113.8988375689"><ele>41.000</ele></trkpt>
      <trkpt lat="22.2224328472" lon="113.8988555669"><ele>40.000</ele></trkpt>
      <trkpt lat="22.2224149541" lon="113.8988709996"><ele>40.000</ele></trkpt>
      <trkpt lat="22.2223982428" lon="113.8988793729"><ele>40.000</ele></trkpt>
      <trkpt lat="22.2223785397" lon="113.8988851856"><ele>41.000</ele></trkpt>
      <trkpt lat="22.2223606269" lon="113.8988890705"><ele>40.000</ele></trkpt>
      <trkpt lat="22.2223355554" lon="113.8988987425"><ele>38.000</ele></trkpt>
      <trkpt lat="22.2223164557" lon="113.8989077626"><ele>38.000</ele></trkpt>
      <trkpt lat="22.2222949687" lon="113.8989180696"><ele>36.000</ele></trkpt>
      <trkpt lat="22.2222711073" lon="113.8989367225"><ele>36.000</ele></trkpt>
      <trkpt lat="22.2222383012" lon="113.8989643736"><ele>36.000</ele></trkpt>
      <trkpt lat="22.2221971515" lon="113.8990035899"><ele>35.000</ele></trkpt>
      <trkpt lat="22.2221500508" lon="113.8990556499"><ele>34.000</ele></trkpt>
      <trkpt lat="22.2221321535" lon="113.8990691573"><ele>34.000</ele></trkpt>
      <trkpt lat="22.2221112752" lon="113.8990858791"><ele>34.000</ele></trkpt>
      <trkpt lat="22.2220897970" lon="113.8991013188"><ele>34.000</ele></trkpt>
      <trkpt lat="22.2220671194" lon="113.8991135534"><ele>34.000</ele></trkpt>
      <trkpt lat="22.2220342893" lon="113.8991277322"><ele>34.000</ele></trkpt>
      <trkpt lat="22.2220068283" lon="113.8991374098"><ele>33.000</ele></trkpt>
      <trkpt lat="22.2219620580" lon="113.8991548197"><ele>32.000</ele></trkpt>
      <trkpt lat="22.2219011689" lon="113.8991780362"><ele>32.000</ele></trkpt>
      <trkpt lat="22.2218408854" lon="113.8992063833"><ele>35.000</ele></trkpt>
      <trkpt lat="22.2217770187" lon="113.8992347374"><ele>34.000</ele></trkpt>
      <trkpt lat="22.2217119659" lon="113.8992682266"><ele>33.000</ele></trkpt>
      <trkpt lat="22.2216534805" lon="113.8992997786"><ele>28.000</ele></trkpt>
      <trkpt lat="22.2216116999" lon="113.8993191078"><ele>26.000</ele></trkpt>
      <trkpt lat="22.2215424681" lon="113.8993538883"><ele>25.000</ele></trkpt>
      <trkpt lat="22.2214947159" lon="113.8993745115"><ele>26.000</ele></trkpt>
      <trkpt lat="22.2214535355" lon="113.8993957637"><ele>25.000</ele></trkpt>
      <trkpt lat="22.2213968362" lon="113.8994241046"><ele>26.000</ele></trkpt>
      <trkpt lat="22.2213335683" lon="113.8994530984"><ele>28.000</ele></trkpt>
      <trkpt lat="22.2212846236" lon="113.8994750080"><ele>28.000</ele></trkpt>
      <trkpt lat="22.2212637289" lon="113.8994821062"><ele>28.000</ele></trkpt>
      <trkpt lat="22.2212410381" lon="113.8994866415"><ele>30.000</ele></trkpt>
      <trkpt lat="22.2212249160" lon="113.8994905227"><ele>30.000</ele></trkpt>
      <trkpt lat="22.2212076034" lon="113.8994963307"><ele>30.000</ele></trkpt>
      <trkpt lat="22.2211861087" lon="113.8995021468"><ele>30.000</ele></trkpt>
      <trkpt lat="22.2211646192" lon="113.8995105293"><ele>30.000</ele></trkpt>
      <trkpt lat="22.2211383641" lon="113.8995272615"><ele>30.000</ele></trkpt>
      <trkpt lat="22.2211127022" lon="113.8995407850"><ele>29.000</ele></trkpt>
      <trkpt lat="22.2210661524" lon="113.8995658972"><ele>28.000</ele></trkpt>
      <trkpt lat="22.2210386991" lon="113.8995800653"><ele>26.000</ele></trkpt>
      <trkpt lat="22.2210172142" lon="113.8995916553"><ele>26.000</ele></trkpt>
      <trkpt lat="22.2210022899" lon="113.8995968174"><ele>26.000</ele></trkpt>
      <trkpt lat="22.2209813821" lon="113.8995962164"><ele>24.000</ele></trkpt>
      <trkpt lat="22.2209556975" lon="113.8995969090"><ele>24.000</ele></trkpt>
      <trkpt lat="22.2209359800" lon="113.8995937403"><ele>24.000</ele></trkpt>
      <trkpt lat="22.2209168606" lon="113.8995912105"><ele>24.000</ele></trkpt>
      <trkpt lat="22.2208983412" lon="113.8995899647"><ele>24.000</ele></trkpt>
      <trkpt lat="22.2208834018" lon="113.8995867856"><ele>22.000</ele></trkpt>
      <trkpt lat="22.2208654706" lon="113.8995804058"><ele>22.000</ele></trkpt>
      <trkpt lat="22.2208445529" lon="113.8995740310"><ele>22.000</ele></trkpt>
      <trkpt lat="22.2208314028" lon="113.8995689251"><ele>21.000</ele></trkpt>
      <trkpt lat="22.2208146620" lon="113.8995599756"><ele>21.000</ele></trkpt>
      <trkpt lat="22.2207889564" lon="113.8995478363"><ele>20.000</ele></trkpt>
      <trkpt lat="22.2207674299" lon="113.8995350478"><ele>20.000</ele></trkpt>
      <trkpt lat="22.2207483029" lon="113.8995280283"><ele>18.000</ele></trkpt>
      <trkpt lat="22.2207321631" lon="113.8995210030"><ele>14.000</ele></trkpt>
      <trkpt lat="22.2207154233" lon="113.8995126956"><ele>8.000</ele></trkpt>
      <trkpt lat="22.2206998739" lon="113.8995018196"><ele>8.000</ele></trkpt>
      <trkpt lat="22.2206831188" lon="113.8994845310"><ele>8.000</ele></trkpt>
      <trkpt lat="22.2206621607" lon="113.8994544187"><ele>12.000</ele></trkpt>
      <trkpt lat="22.2206400100" lon="113.8994255929"><ele>17.000</ele></trkpt>
      <trkpt lat="22.2206160534" lon="113.8993884296"><ele>18.000</ele></trkpt>
      <trkpt lat="22.2205567743" lon="113.8993051439"><ele>16.000</ele></trkpt>
      <trkpt lat="22.2205106647" lon="113.8992378716"><ele>16.000</ele></trkpt>
      <trkpt lat="22.2204531595" lon="113.8991436760"><ele>17.000</ele></trkpt>
      <trkpt lat="22.2204100287" lon="113.8990719073"><ele>18.000</ele></trkpt>
      <trkpt lat="22.2203555208" lon="113.8989841218"><ele>15.000</ele></trkpt>
      <trkpt lat="22.2203075999" lon="113.8989059468"><ele>6.000</ele></trkpt>
      <trkpt lat="22.2202854359" lon="113.8988694221"><ele>9.000</ele></trkpt>
      <trkpt lat="22.2202674762" lon="113.8988463612"><ele>9.000</ele></trkpt>
      <trkpt lat="22.2202405354" lon="113.8988111291"><ele>6.000</ele></trkpt>
      <trkpt lat="22.2202153982" lon="113.8987823085"><ele>9.000</ele></trkpt>
      <trkpt lat="22.2201998443" lon="113.8987688662"><ele>9.000</ele></trkpt>
      <trkpt lat="22.2201789135" lon="113.8987547934"><ele>9.000</ele></trkpt>
      <trkpt lat="22.2201478255" lon="113.8987394574"><ele>8.000</ele></trkpt>
      <trkpt lat="22.2201167310" lon="113.8987202729"><ele>7.000</ele></trkpt>
      <trkpt lat="22.2200706870" lon="113.8986914936"><ele>4.000</ele></trkpt>
      <trkpt lat="22.2200312181" lon="113.8986652676"><ele>5.000</ele></trkpt>
      <trkpt lat="22.2200102872" lon="113.8986511949"><ele>5.000</ele></trkpt>
      <trkpt lat="22.2199989277" lon="113.8986454434"><ele>4.000</ele></trkpt>
      <trkpt lat="22.2199851886" lon="113.8986454705"><ele>6.000</ele></trkpt>
      <trkpt lat="22.2199796126" lon="113.8986483757"><ele>6.000</ele></trkpt>
      <trkpt lat="22.2199648673" lon="113.8986652045"><ele>6.000</ele></trkpt>
      <trkpt lat="22.2199470910" lon="113.8986871719"><ele>8.000</ele></trkpt>
      <trkpt lat="22.2199258547" lon="113.8987189471"><ele>10.000</ele></trkpt>
      <trkpt lat="22.2199089590" lon="113.8987483801"><ele>12.000</ele></trkpt>
      <trkpt lat="22.2198970907" lon="113.8987640441"><ele>12.000</ele></trkpt>
      <trkpt lat="22.2198606200" lon="113.8988298657"><ele>10.000</ele></trkpt>
      <trkpt lat="22.2198545336" lon="113.8988405563"><ele>10.000</ele></trkpt>
      <trkpt lat="22.2198411804" lon="113.8988582348"><ele>10.000</ele></trkpt>
      <trkpt lat="22.2198361954" lon="113.8988634821"><ele>10.000</ele></trkpt>
      <trkpt lat="22.2198293596" lon="113.8988689949"><ele>10.000</ele></trkpt>
      <trkpt lat="22.2198145168" lon="113.8988763372"><ele>10.000</ele></trkpt>
      <trkpt lat="22.2197991924" lon="113.8988819638"><ele>10.000</ele></trkpt>
      <trkpt lat="22.2197918721" lon="113.8988840344"><ele>10.000</ele></trkpt>
      <trkpt lat="22.2197847669" lon="113.8988851153"><ele>10.000</ele></trkpt>
      <trkpt lat="22.2196977057" lon="113.8989027838"><ele>12.000</ele></trkpt>
      <trkpt lat="22.2196715689" lon="113.8989068216"><ele>13.000</ele></trkpt>
      <trkpt lat="22.2196097011" lon="113.8989179907"><ele>16.000</ele></trkpt>
      <trkpt lat="22.2195395507" lon="113.8989282837"><ele>18.000</ele></trkpt>
      <trkpt lat="22.2195232623" lon="113.8989299743"><ele>18.000</ele></trkpt>
      <trkpt lat="22.2194787453" lon="113.8989322928"><ele>18.000</ele></trkpt>
      <trkpt lat="22.2194709443" lon="113.8989331326"><ele>18.000</ele></trkpt>
      <trkpt lat="22.2194482567" lon="113.8989368823"><ele>18.000</ele></trkpt>
      <trkpt lat="22.2194335753" lon="113.8989383079"><ele>18.000</ele></trkpt>
      <trkpt lat="22.2194283207" lon="113.8989390136"><ele>18.000</ele></trkpt>
      <trkpt lat="22.2193946144" lon="113.8989435387"><ele>16.000</ele></trkpt>
      <trkpt lat="22.2193657718" lon="113.8989500851"><ele>16.000</ele></trkpt>
      <trkpt lat="22.2193396572" lon="113.8989512160"><ele>17.000</ele></trkpt>
      <trkpt lat="22.2193000864" lon="113.8989515461"><ele>17.000</ele></trkpt>
      <trkpt lat="22.2192663604" lon="113.8989498464"><ele>16.000</ele></trkpt>
      <trkpt lat="22.2192225496" lon="113.8989484449"><ele>12.000</ele></trkpt>
      <trkpt lat="22.2191719187" lon="113.8989470044"><ele>10.000</ele></trkpt>
      <trkpt lat="22.2191529560" lon="113.8989125027"><ele>10.000</ele></trkpt>
      <trkpt lat="22.2191133764" lon="113.8988435289"><ele>12.000</ele></trkpt>
      <trkpt lat="22.2190186155" lon="113.8986783929"><ele>18.000</ele></trkpt>
      <trkpt lat="22.2189920035" lon="113.8987049982"><ele>18.000</ele></trkpt>
      <trkpt lat="22.2189587480" lon="113.8987408452"><ele>18.000</ele></trkpt>
      <trkpt lat="22.2189363690" lon="113.8987623832"><ele>16.000</ele></trkpt>
      <trkpt lat="22.2189095258" lon="113.8987768594"><ele>16.000</ele></trkpt>
      <trkpt lat="22.2188920060" lon="113.8987876986"><ele>15.000</ele></trkpt>
      <trkpt lat="22.2188745284" lon="113.8988026704"><ele>14.000</ele></trkpt>
      <trkpt lat="22.2188532510" lon="113.8988241868"><ele>14.000</ele></trkpt>
      <trkpt lat="22.2188245581" lon="113.8988765430"><ele>12.000</ele></trkpt>
      <trkpt lat="22.2188049554" lon="113.8989004138"><ele>12.000</ele></trkpt>
      <trkpt lat="22.2187858503" lon="113.8989189580"><ele>12.000</ele></trkpt>
      <trkpt lat="22.2187399442" lon="113.8989561198"><ele>12.000</ele></trkpt>
      <trkpt lat="22.2186989416" lon="113.8989873157"><ele>12.000</ele></trkpt>
      <trkpt lat="22.2186639772" lon="113.8990166676"><ele>12.000</ele></trkpt>
      <trkpt lat="22.2186317792" lon="113.8990477686"><ele>11.000</ele></trkpt>
      <trkpt lat="22.2186056315" lon="113.8990782185"><ele>11.000</ele></trkpt>
      <trkpt lat="22.2185560804" lon="113.8991384814"><ele>10.000</ele></trkpt>
      <trkpt lat="22.2185380971" lon="113.8991587895"><ele>10.000</ele></trkpt>
      <trkpt lat="22.2185211973" lon="113.8991731578"><ele>10.000</ele></trkpt>
      <trkpt lat="22.2185074663" lon="113.8991869583"><ele>10.000</ele></trkpt>
      <trkpt lat="22.2184918284" lon="113.8992057090"><ele>12.000</ele></trkpt>
      <trkpt lat="22.2184597890" lon="113.8992392935"><ele>12.000</ele></trkpt>
      <trkpt lat="22.2184283877" lon="113.8992768823"><ele>13.000</ele></trkpt>
      <trkpt lat="22.2183855729" lon="113.8993151919"><ele>14.000</ele></trkpt>
      <trkpt lat="22.2183640316" lon="113.8993355254"><ele>12.000</ele></trkpt>
      <trkpt lat="22.2182976642" lon="113.8994227086"><ele>12.000</ele></trkpt>
      <trkpt lat="22.2182634845" lon="113.8994567530"><ele>14.000</ele></trkpt>
      <trkpt lat="22.2182396408" lon="113.8994773917"><ele>14.000</ele></trkpt>
      <trkpt lat="22.2182055409" lon="113.8995100975"><ele>12.000</ele></trkpt>
      <trkpt lat="22.2181763066" lon="113.8995369152"><ele>14.000</ele></trkpt>
      <trkpt lat="22.2181465640" lon="113.8995616777"><ele>14.000</ele></trkpt>
      <trkpt lat="22.2181109079" lon="113.8995879174"><ele>16.000</ele></trkpt>
      <trkpt lat="22.2180605744" lon="113.8996290543"><ele>18.000</ele></trkpt>
      <trkpt lat="22.2180298009" lon="113.8996535278"><ele>18.000</ele></trkpt>
      <trkpt lat="22.2179731191" lon="113.8997000988"><ele>18.000</ele></trkpt>
      <trkpt lat="22.2179128533" lon="113.8997478611"><ele>21.000</ele></trkpt>
      <trkpt lat="22.2178753557" lon="113.8997798644"><ele>22.000</ele></trkpt>
      <trkpt lat="22.2178468933" lon="113.8998034411"><ele>22.000</ele></trkpt>
      <trkpt lat="22.2178184236" lon="113.8998284929"><ele>22.000</ele></trkpt>
      <trkpt lat="22.2177904685" lon="113.8998476653"><ele>22.000</ele></trkpt>
      <trkpt lat="22.2177699406" lon="113.8998585877"><ele>22.000</ele></trkpt>
      <trkpt lat="22.2177414607" lon="113.8998718739"><ele>22.000</ele></trkpt>
      <trkpt lat="22.2177108410" lon="113.8998853766"><ele>20.000</ele></trkpt>
      <trkpt lat="22.2176849253" lon="113.8998983658"><ele>20.000</ele></trkpt>
      <trkpt lat="22.2176610621" lon="113.8999128164"><ele>20.000</ele></trkpt>
      <trkpt lat="22.2176359330" lon="113.8999316922"><ele>19.000</ele></trkpt>
      <trkpt lat="22.2176174646" lon="113.8999481981"><ele>19.000</ele></trkpt>
      <trkpt lat="22.2175989436" lon="113.8999916786"><ele>19.000</ele></trkpt>
      <trkpt lat="22.2175833428" lon="113.9000217282"><ele>18.000</ele></trkpt>
      <trkpt lat="22.2175511453" lon="113.9000744407"><ele>20.000</ele></trkpt>
      <trkpt lat="22.2175359105" lon="113.9000908229"><ele>20.000</ele></trkpt>
      <trkpt lat="22.2175026410" lon="113.9001185803"><ele>22.000</ele></trkpt>
      <trkpt lat="22.2174834921" lon="113.9001327404"><ele>22.000</ele></trkpt>
      <trkpt lat="22.2174623876" lon="113.9001498033"><ele>24.000</ele></trkpt>
      <trkpt lat="22.2174092683" lon="113.9002043500"><ele>28.000</ele></trkpt>
      <trkpt lat="22.2173906178" lon="113.9002253284"><ele>29.000</ele></trkpt>
      <trkpt lat="22.2173771435" lon="113.9002414840"><ele>29.000</ele></trkpt>
      <trkpt lat="22.2173514677" lon="113.9002787226"><ele>30.000</ele></trkpt>
      <trkpt lat="22.2173335060" lon="113.9002852269"><ele>30.000</ele></trkpt>
      <trkpt lat="22.2172829523" lon="113.9003079738"><ele>30.000</ele></trkpt>
      <trkpt lat="22.2172447544" lon="113.9003355090"><ele>30.000</ele></trkpt>
      <trkpt lat="22.2172204243" lon="113.9003558273"><ele>30.000</ele></trkpt>
      <trkpt lat="22.2171836611" lon="113.9003880316"><ele>32.000</ele></trkpt>
      <trkpt lat="22.2171448922" lon="113.9004250116"><ele>33.000</ele></trkpt>
      <trkpt lat="22.2171077148" lon="113.9004579150"><ele>34.000</ele></trkpt>
      <trkpt lat="22.2170681572" lon="113.9004824820"><ele>34.000</ele></trkpt>
      <trkpt lat="22.2170433314" lon="113.9004927920"><ele>36.000</ele></trkpt>
      <trkpt lat="22.2170339542" lon="113.9004960886"><ele>36.000</ele></trkpt>
      <trkpt lat="22.2170044114" lon="113.9004992792"><ele>36.000</ele></trkpt>
      <trkpt lat="22.2169717048" lon="113.9005006429"><ele>36.000</ele></trkpt>
      <trkpt lat="22.2169373250" lon="113.9005271104"><ele>38.000</ele></trkpt>
      <trkpt lat="22.2169131807" lon="113.9005505319"><ele>42.000</ele></trkpt>
      <trkpt lat="22.2168785939" lon="113.9005668257"><ele>43.000</ele></trkpt>
      <trkpt lat="22.2168403964" lon="113.9005839995"><ele>43.000</ele></trkpt>
      <trkpt lat="22.2168003450" lon="113.9005996057"><ele>44.000</ele></trkpt>
      <trkpt lat="22.2167540372" lon="113.9006163298"><ele>46.000</ele></trkpt>
      <trkpt lat="22.2167077273" lon="113.9006264976"><ele>45.000</ele></trkpt>
      <trkpt lat="22.2166620432" lon="113.9006382450"><ele>44.000</ele></trkpt>
      <trkpt lat="22.2166386291" lon="113.9006459820"><ele>43.000</ele></trkpt>
      <trkpt lat="22.2166295975" lon="113.9006502089"><ele>44.000</ele></trkpt>
      <trkpt lat="22.2166127591" lon="113.9006534716"><ele>44.000</ele></trkpt>
      <trkpt lat="22.2165742065" lon="113.9006593663"><ele>44.000</ele></trkpt>
      <trkpt lat="22.2165545567" lon="113.9006609178"><ele>44.000</ele></trkpt>
      <trkpt lat="22.2165290163" lon="113.9006609668"><ele>44.000</ele></trkpt>
      <trkpt lat="22.2165103055" lon="113.9006618666"><ele>47.000</ele></trkpt>
      <trkpt lat="22.2164994534" lon="113.9006640410"><ele>47.000</ele></trkpt>
      <trkpt lat="22.2164831773" lon="113.9006681754"><ele>47.000</ele></trkpt>
      <trkpt lat="22.2164669030" lon="113.9006733768"><ele>48.000</ele></trkpt>
      <trkpt lat="22.2164480137" lon="113.9006813958"><ele>48.000</ele></trkpt>
      <trkpt lat="22.2164334015" lon="113.9006884386"><ele>48.000</ele></trkpt>
      <trkpt lat="22.2164155915" lon="113.9006970850"><ele>50.000</ele></trkpt>
      <trkpt lat="22.2164117195" lon="113.9006988869"><ele>50.000</ele></trkpt>
      <trkpt lat="22.2164040541" lon="113.9007051576"><ele>50.000</ele></trkpt>
      <trkpt lat="22.2163933994" lon="113.9007118706"><ele>50.000</ele></trkpt>
      <trkpt lat="22.2163819799" lon="113.9007149102"><ele>50.000</ele></trkpt>
      <trkpt lat="22.2163726251" lon="113.9007160041"><ele>50.000</ele></trkpt>
      <trkpt lat="22.2163636452" lon="113.9007192621"><ele>50.000</ele></trkpt>
      <trkpt lat="22.2163455083" lon="113.9007289964"><ele>50.000</ele></trkpt>
      <trkpt lat="22.2163165375" lon="113.9007510509"><ele>52.000</ele></trkpt>
      <trkpt lat="22.2163031902" lon="113.9007622218"><ele>52.000</ele></trkpt>
      <trkpt lat="22.2162878727" lon="113.9007777698"><ele>52.000</ele></trkpt>
      <trkpt lat="22.2162789072" lon="113.9007900864"><ele>52.000</ele></trkpt>
      <trkpt lat="22.2162710793" lon="113.9008075702"><ele>52.000</ele></trkpt>
      <trkpt lat="22.2162651128" lon="113.9008257001"><ele>52.000</ele></trkpt>
      <trkpt lat="22.2162612324" lon="113.9008539525"><ele>52.000</ele></trkpt>
      <trkpt lat="22.2162584789" lon="113.9008869561"><ele>52.000</ele></trkpt>
      <trkpt lat="22.2162578430" lon="113.9009486357"><ele>56.000</ele></trkpt>
      <trkpt lat="22.2162571181" lon="113.9009637391"><ele>56.000</ele></trkpt>
      <trkpt lat="22.2162540299" lon="113.9009905254"><ele>58.000</ele></trkpt>
      <trkpt lat="22.2162501363" lon="113.9010110178"><ele>58.000</ele></trkpt>
      <trkpt lat="22.2162441901" lon="113.9010358311"><ele>60.000</ele></trkpt>
      <trkpt lat="22.2162363638" lon="113.9010595706"><ele>60.000</ele></trkpt>
      <trkpt lat="22.2162250012" lon="113.9010908635"><ele>60.000</ele></trkpt>
      <trkpt lat="22.2162151252" lon="113.9011148214"><ele>60.000</ele></trkpt>
      <trkpt lat="22.2162074834" lon="113.9011355441"><ele>60.000</ele></trkpt>
      <trkpt lat="22.2161953687" lon="113.9011653256"><ele>62.000</ele></trkpt>
      <trkpt lat="22.2161916385" lon="113.9011756824"><ele>62.000</ele></trkpt>
      <trkpt lat="22.2161901633" lon="113.9011849573"><ele>64.000</ele></trkpt>
      <trkpt lat="22.2161903592" lon="113.9011940166"><ele>64.000</ele></trkpt>
      <trkpt lat="22.2161933815" lon="113.9012082494"><ele>64.000</ele></trkpt>
      <trkpt lat="22.2161967909" lon="113.9012212207"><ele>64.000</ele></trkpt>
      <trkpt lat="22.2161981138" lon="113.9012291905"><ele>64.000</ele></trkpt>
      <trkpt lat="22.2161983148" lon="113.9012358832"><ele>64.000</ele></trkpt>
      <trkpt lat="22.2161973853" lon="113.9012421311"><ele>64.000</ele></trkpt>
      <trkpt lat="22.2161949699" lon="113.9012503322"><ele>64.000</ele></trkpt>
      <trkpt lat="22.2161796640" lon="113.9012727963"><ele>64.000</ele></trkpt>
      <trkpt lat="22.2161666112" lon="113.9013032294"><ele>65.000</ele></trkpt>
      <trkpt lat="22.2161515655" lon="113.9013305822"><ele>66.000</ele></trkpt>
      <trkpt lat="22.2161467454" lon="113.9013372449"><ele>66.000</ele></trkpt>
      <trkpt lat="22.2161357180" lon="113.9013478391"><ele>66.000</ele></trkpt>
      <trkpt lat="22.2161202034" lon="113.9013590812"><ele>66.000</ele></trkpt>
      <trkpt lat="22.2160985150" lon="113.9013727124"><ele>68.000</ele></trkpt>
      <trkpt lat="22.2160871082" lon="113.9013779042"><ele>68.000</ele></trkpt>
      <trkpt lat="22.2160679890" lon="113.9014261763"><ele>70.000</ele></trkpt>
      <trkpt lat="22.2160501188" lon="113.9014596060"><ele>70.000</ele></trkpt>
      <trkpt lat="22.2160493619" lon="113.9014616277"><ele>70.000</ele></trkpt>
      <trkpt lat="22.2160454251" lon="113.9014721469"><ele>71.000</ele></trkpt>
      <trkpt lat="22.2160423623" lon="113.9014819593"><ele>71.000</ele></trkpt>
      <trkpt lat="22.2160378674" lon="113.9014999215"><ele>71.000</ele></trkpt>
      <trkpt lat="22.2160351792" lon="113.9015176667"><ele>71.000</ele></trkpt>
      <trkpt lat="22.2160344182" lon="113.9015306054"><ele>72.000</ele></trkpt>
      <trkpt lat="22.2160421347" lon="113.9015812470"><ele>71.000</ele></trkpt>
      <trkpt lat="22.2160530753" lon="113.9016212524"><ele>70.000</ele></trkpt>
      <trkpt lat="22.2160637833" lon="113.9016572624"><ele>70.000</ele></trkpt>
      <trkpt lat="22.2160625051" lon="113.9016917828"><ele>70.000</ele></trkpt>
      <trkpt lat="22.2160546759" lon="113.9017293711"><ele>70.000</ele></trkpt>
      <trkpt lat="22.2160449376" lon="113.9017755562"><ele>68.000</ele></trkpt>
      <trkpt lat="22.2160431585" lon="113.9018128805"><ele>66.000</ele></trkpt>
      <trkpt lat="22.2160398189" lon="113.9018513135"><ele>66.000</ele></trkpt>
      <trkpt lat="22.2160332782" lon="113.9018872504"><ele>65.000</ele></trkpt>
      <trkpt lat="22.2160280898" lon="113.9019218366"><ele>65.000</ele></trkpt>
      <trkpt lat="22.2160200168" lon="113.9019541201"><ele>62.000</ele></trkpt>
      <trkpt lat="22.2159968922" lon="113.9019991131"><ele>62.000</ele></trkpt>
      <trkpt lat="22.2159909389" lon="113.9020139357"><ele>62.000</ele></trkpt>
      <trkpt lat="22.2159738919" lon="113.9020541334"><ele>60.000</ele></trkpt>
      <trkpt lat="22.2159215384" lon="113.9021567191"><ele>60.000</ele></trkpt>
      <trkpt lat="22.2159121540" lon="113.9021771931"><ele>60.000</ele></trkpt>
      <trkpt lat="22.2159002292" lon="113.9021970415"><ele>60.000</ele></trkpt>
      <trkpt lat="22.2158916850" lon="113.9022123734"><ele>60.000</ele></trkpt>
      <trkpt lat="22.2158598820" lon="113.9022585558"><ele>60.000</ele></trkpt>
      <trkpt lat="22.2158456080" lon="113.9022771673"><ele>60.000</ele></trkpt>
      <trkpt lat="22.2158420032" lon="113.9022847966"><ele>58.000</ele></trkpt>
      <trkpt lat="22.2158114675" lon="113.9023364436"><ele>58.000</ele></trkpt>
      <trkpt lat="22.2157861608" lon="113.9023776058"><ele>58.000</ele></trkpt>
      <trkpt lat="22.2157631862" lon="113.9024200728"><ele>58.000</ele></trkpt>
      <trkpt lat="22.2157569706" lon="113.9024496176"><ele>58.000</ele></trkpt>
      <trkpt lat="22.2157531344" lon="113.9024678490"><ele>56.000</ele></trkpt>
      <trkpt lat="22.2157595978" lon="113.9025092113"><ele>58.000</ele></trkpt>
      <trkpt lat="22.2157753346" lon="113.9025606519"><ele>57.000</ele></trkpt>
      <trkpt lat="22.2157858024" lon="113.9026042856"><ele>57.000</ele></trkpt>
      <trkpt lat="22.2157966289" lon="113.9026464541"><ele>57.000</ele></trkpt>
      <trkpt lat="22.2158059601" lon="113.9026854637"><ele>58.000</ele></trkpt>
      <trkpt lat="22.2157900222" lon="113.9027237174"><ele>57.000</ele></trkpt>
      <trkpt lat="22.2157716223" lon="113.9027585814"><ele>57.000</ele></trkpt>
      <trkpt lat="22.2157649798" lon="113.9027984755"><ele>57.000</ele></trkpt>
      <trkpt lat="22.2157677658" lon="113.9028387490"><ele>57.000</ele></trkpt>
      <trkpt lat="22.2157747171" lon="113.9028803237"><ele>57.000</ele></trkpt>
      <trkpt lat="22.2157785213" lon="113.9029192180"><ele>57.000</ele></trkpt>
      <trkpt lat="22.2157716639" lon="113.9029549129"><ele>56.000</ele></trkpt>
      <trkpt lat="22.2157450824" lon="113.9029845263"><ele>56.000</ele></trkpt>
      <trkpt lat="22.2157045799" lon="113.9030005787"><ele>55.000</ele></trkpt>
      <trkpt lat="22.2156667668" lon="113.9030102151"><ele>55.000</ele></trkpt>
      <trkpt lat="22.2156428063" lon="113.9030196499"><ele>54.000</ele></trkpt>
      <trkpt lat="22.2156401170" lon="113.9030207123"><ele>54.000</ele></trkpt>
      <trkpt lat="22.2156111680" lon="113.9030333381"><ele>55.000</ele></trkpt>
      <trkpt lat="22.2155784817" lon="113.9030522267"><ele>55.000</ele></trkpt>
      <trkpt lat="22.2155440621" lon="113.9030713806"><ele>53.000</ele></trkpt>
      <trkpt lat="22.2155079665" lon="113.9030927588"><ele>53.000</ele></trkpt>
      <trkpt lat="22.2154737918" lon="113.9031179641"><ele>52.000</ele></trkpt>
      <trkpt lat="22.2154521270" lon="113.9031339024"><ele>53.000</ele></trkpt>
      <trkpt lat="22.2154210115" lon="113.9031578119"><ele>52.000</ele></trkpt>
      <trkpt lat="22.2153930158" lon="113.9031788542"><ele>52.000</ele></trkpt>
      <trkpt lat="22.2153555013" lon="113.9032103217"><ele>52.000</ele></trkpt>
      <trkpt lat="22.2153221585" lon="113.9032415483"><ele>54.000</ele></trkpt>
      <trkpt lat="22.2152911315" lon="113.9032697639"><ele>52.000</ele></trkpt>
      <trkpt lat="22.2152719790" lon="113.9032975102"><ele>52.000</ele></trkpt>
      <trkpt lat="22.2152568358" lon="113.9033358203"><ele>52.000</ele></trkpt>
      <trkpt lat="22.2152442233" lon="113.9033753767"><ele>51.000</ele></trkpt>
      <trkpt lat="22.2152448998" lon="113.9034071678"><ele>51.000</ele></trkpt>
      <trkpt lat="22.2152504557" lon="113.9034352348"><ele>51.000</ele></trkpt>
      <trkpt lat="22.2152612267" lon="113.9034713804"><ele>56.000</ele></trkpt>
      <trkpt lat="22.2152679085" lon="113.9035084844"><ele>56.000</ele></trkpt>
      <trkpt lat="22.2152711718" lon="113.9035426854"><ele>54.000</ele></trkpt>
      <trkpt lat="22.2152717379" lon="113.9035624891"><ele>52.000</ele></trkpt>
      <trkpt lat="22.2152792648" lon="113.9035973802"><ele>52.000</ele></trkpt>
      <trkpt lat="22.2152868100" lon="113.9036485360"><ele>52.000</ele></trkpt>
      <trkpt lat="22.2152985523" lon="113.9036984422"><ele>50.000</ele></trkpt>
      <trkpt lat="22.2153252278" lon="113.9037463119"><ele>52.000</ele></trkpt>
      <trkpt lat="22.2153629271" lon="113.9037764407"><ele>50.000</ele></trkpt>
      <trkpt lat="22.2154221390" lon="113.9038021926"><ele>50.000</ele></trkpt>
      <trkpt lat="22.2154587011" lon="113.9038111805"><ele>52.000</ele></trkpt>
      <trkpt lat="22.2154783999" lon="113.9038237313"><ele>52.000</ele></trkpt>
      <trkpt lat="22.2154905131" lon="113.9038417669"><ele>54.000</ele></trkpt>
      <trkpt lat="22.2155038935" lon="113.9038561242"><ele>52.000</ele></trkpt>
      <trkpt lat="22.2155039392" lon="113.9038725926"><ele>52.000</ele></trkpt>
      <trkpt lat="22.2154942812" lon="113.9038915820"><ele>52.000</ele></trkpt>
      <trkpt lat="22.2154820180" lon="113.9039133987"><ele>50.000</ele></trkpt>
      <trkpt lat="22.2154649257" lon="113.9039311223"><ele>50.000</ele></trkpt>
      <trkpt lat="22.2154487750" lon="113.9039449354"><ele>50.000</ele></trkpt>
      <trkpt lat="22.2154369363" lon="113.9039667901"><ele>51.000</ele></trkpt>
      <trkpt lat="22.2154196384" lon="113.9039911576"><ele>51.000</ele></trkpt>
      <trkpt lat="22.2153912266" lon="113.9040118514"><ele>51.000</ele></trkpt>
      <trkpt lat="22.2153658173" lon="113.9040297559"><ele>51.000</ele></trkpt>
      <trkpt lat="22.2153375749" lon="113.9040491497"><ele>52.000</ele></trkpt>
      <trkpt lat="22.2153038561" lon="113.9040717062"><ele>50.000</ele></trkpt>
      <trkpt lat="22.2152750957" lon="113.9040891516"><ele>50.000</ele></trkpt>
      <trkpt lat="22.2152506847" lon="113.9041046101"><ele>52.000</ele></trkpt>
      <trkpt lat="22.2152377248" lon="113.9041148091"><ele>52.000</ele></trkpt>
      <trkpt lat="22.2152251525" lon="113.9041246000"><ele>52.000</ele></trkpt>
      <trkpt lat="22.2152014796" lon="113.9041439946"><ele>52.000</ele></trkpt>
      <trkpt lat="22.2151770904" lon="113.9041671053"><ele>52.000</ele></trkpt>
      <trkpt lat="22.2151555880" lon="113.9041937601"><ele>53.000</ele></trkpt>
      <trkpt lat="22.2151241547" lon="113.9042167582"><ele>51.000</ele></trkpt>
      <trkpt lat="22.2150940747" lon="113.9042227422"><ele>51.000</ele></trkpt>
      <trkpt lat="22.2150573863" lon="113.9042191955"><ele>50.000</ele></trkpt>
      <trkpt lat="22.2150215581" lon="113.9042062297"><ele>50.000</ele></trkpt>
      <trkpt lat="22.2149858579" lon="113.9041887634"><ele>48.000</ele></trkpt>
      <trkpt lat="22.2149512814" lon="113.9041736712"><ele>48.000</ele></trkpt>
      <trkpt lat="22.2149248419" lon="113.9041588639"><ele>48.000</ele></trkpt>
      <trkpt lat="22.2148973742" lon="113.9041555612"><ele>48.000</ele></trkpt>
      <trkpt lat="22.2148644498" lon="113.9041617060"><ele>48.000</ele></trkpt>
      <trkpt lat="22.2148322196" lon="113.9041725338"><ele>48.000</ele></trkpt>
      <trkpt lat="22.2148091351" lon="113.9041874271"><ele>48.000</ele></trkpt>
      <trkpt lat="22.2147783348" lon="113.9042162916"><ele>48.000</ele></trkpt>
      <trkpt lat="22.2147489533" lon="113.9042457257"><ele>48.000</ele></trkpt>
      <trkpt lat="22.2147249891" lon="113.9042745479"><ele>48.000</ele></trkpt>
      <trkpt lat="22.2147084743" lon="113.9043136364"><ele>48.000</ele></trkpt>
      <trkpt lat="22.2147005670" lon="113.9043589347"><ele>49.000</ele></trkpt>
      <trkpt lat="22.2146924733" lon="113.9044061053"><ele>50.000</ele></trkpt>
      <trkpt lat="22.2146767870" lon="113.9044600311"><ele>50.000</ele></trkpt>
      <trkpt lat="22.2146562067" lon="113.9045088939"><ele>48.000</ele></trkpt>
      <trkpt lat="22.2146358189" lon="113.9045541000"><ele>50.000</ele></trkpt>
      <trkpt lat="22.2146157915" lon="113.9045880257"><ele>50.000</ele></trkpt>
      <trkpt lat="22.2145870755" lon="113.9046158678"><ele>50.000</ele></trkpt>
      <trkpt lat="22.2145617204" lon="113.9046499784"><ele>50.000</ele></trkpt>
      <trkpt lat="22.2145358303" lon="113.9046936626"><ele>52.000</ele></trkpt>
      <trkpt lat="22.2145142694" lon="113.9047339730"><ele>52.000</ele></trkpt>
      <trkpt lat="22.2145034304" lon="113.9047704609"><ele>52.000</ele></trkpt>
      <trkpt lat="22.2144951342" lon="113.9047884582"><ele>52.000</ele></trkpt>
      <trkpt lat="22.2144834634" lon="113.9048189151"><ele>50.000</ele></trkpt>
      <trkpt lat="22.2144650458" lon="113.9048704795"><ele>52.000</ele></trkpt>
      <trkpt lat="22.2144502085" lon="113.9049245781"><ele>54.000</ele></trkpt>
      <trkpt lat="22.2144289035" lon="113.9049775738"><ele>52.000</ele></trkpt>
      <trkpt lat="22.2144010761" lon="113.9049968502"><ele>51.000</ele></trkpt>
      <trkpt lat="22.2143577414" lon="113.9049988055"><ele>51.000</ele></trkpt>
      <trkpt lat="22.2143135982" lon="113.9049979401"><ele>51.000</ele></trkpt>
      <trkpt lat="22.2142747437" lon="113.9050005366"><ele>51.000</ele></trkpt>
      <trkpt lat="22.2142324904" lon="113.9050011999"><ele>52.000</ele></trkpt>
      <trkpt lat="22.2142103057" lon="113.9050033278"><ele>52.000</ele></trkpt>
      <trkpt lat="22.2141993474" lon="113.9050062488"><ele>52.000</ele></trkpt>
      <trkpt lat="22.2141548998" lon="113.9050176898"><ele>54.000</ele></trkpt>
      <trkpt lat="22.2139792616" lon="113.9050628997"><ele>48.000</ele></trkpt>
      <trkpt lat="22.2138036234" lon="113.9051081094"><ele>50.000</ele></trkpt>
      <trkpt lat="22.2136974380" lon="113.9050415331"><ele>50.000</ele></trkpt>
      <trkpt lat="22.2135414604" lon="113.9049437382"><ele>48.000</ele></trkpt>
      <trkpt lat="22.2134593800" lon="113.9048769923"><ele>48.000</ele></trkpt>
      <trkpt lat="22.2133153873" lon="113.9047599009"><ele>46.000</ele></trkpt>
      <trkpt lat="22.2133007023" lon="113.9047413574"><ele>46.000</ele></trkpt>
      <trkpt lat="22.2132927820" lon="113.9047319544"><ele>46.000</ele></trkpt>
      <trkpt lat="22.2132846815" lon="113.9047227311"><ele>45.000</ele></trkpt>
      <trkpt lat="22.2132764024" lon="113.9047136915"><ele>45.000</ele></trkpt>
      <trkpt lat="22.2132679485" lon="113.9047048395"><ele>46.000</ele></trkpt>
      <trkpt lat="22.2132593251" lon="113.9046961798"><ele>46.000</ele></trkpt>
      <trkpt lat="22.2132505350" lon="113.9046877153"><ele>46.000</ele></trkpt>
      <trkpt lat="22.2132415817" lon="113.9046794500"><ele>46.000</ele></trkpt>
      <trkpt lat="22.2132324690" lon="113.9046713877"><ele>44.000</ele></trkpt>
      <trkpt lat="22.2132232021" lon="113.9046635323"><ele>44.000</ele></trkpt>
      <trkpt lat="22.2132137840" lon="113.9046558866"><ele>44.000</ele></trkpt>
      <trkpt lat="22.2132042189" lon="113.9046484536"><ele>44.000</ele></trkpt>
      <trkpt lat="22.2131945116" lon="113.9046412373"><ele>44.000</ele></trkpt>
      <trkpt lat="22.2131846655" lon="113.9046342403"><ele>44.000</ele></trkpt>
      <trkpt lat="22.2131610832" lon="113.9046144600"><ele>43.000</ele></trkpt>
      <trkpt lat="22.2131271422" lon="113.9045867914"><ele>43.000</ele></trkpt>
      <trkpt lat="22.2130754538" lon="113.9045626234"><ele>40.000</ele></trkpt>
      <trkpt lat="22.2130237798" lon="113.9045471230"><ele>40.000</ele></trkpt>
      <trkpt lat="22.2129422969" lon="113.9045409703"><ele>40.000</ele></trkpt>
      <trkpt lat="22.2129305540" lon="113.9045396595"><ele>40.000</ele></trkpt>
      <trkpt lat="22.2129187880" lon="113.9045386124"><ele>40.000</ele></trkpt>
      <trkpt lat="22.2129070045" lon="113.9045378292"><ele>38.000</ele></trkpt>
      <trkpt lat="22.2128952078" lon="113.9045373118"><ele>38.000</ele></trkpt>
      <trkpt lat="22.2128834043" lon="113.9045370581"><ele>38.000</ele></trkpt>
      <trkpt lat="22.2128715977" lon="113.9045370712"><ele>38.000</ele></trkpt>
      <trkpt lat="22.2128597942" lon="113.9045373481"><ele>38.000</ele></trkpt>
      <trkpt lat="22.2128479993" lon="113.9045378907"><ele>38.000</ele></trkpt>
      <trkpt lat="22.2128362165" lon="113.9045386971"><ele>38.000</ele></trkpt>
      <trkpt lat="22.2128244523" lon="113.9045397691"><ele>38.000</ele></trkpt>
      <trkpt lat="22.2128127120" lon="113.9045411040"><ele>38.000</ele></trkpt>
      <trkpt lat="22.2128010001" lon="113.9045427026"><ele>38.000</ele></trkpt>
      <trkpt lat="22.2127893221" lon="113.9045445640"><ele>38.000</ele></trkpt>
      <trkpt lat="22.2127776825" lon="113.9045466872"><ele>38.000</ele></trkpt>
      <trkpt lat="22.2127660866" lon="113.9045490721"><ele>38.000</ele></trkpt>
      <trkpt lat="22.2127545399" lon="113.9045517159"><ele>38.000</ele></trkpt>
      <trkpt lat="22.2127430470" lon="113.9045546185"><ele>38.000</ele></trkpt>
      <trkpt lat="22.2127316132" lon="113.9045577790"><ele>36.000</ele></trkpt>
      <trkpt lat="22.2127202439" lon="113.9045611945"><ele>36.000</ele></trkpt>
      <trkpt lat="22.2127089428" lon="113.9045648659"><ele>36.000</ele></trkpt>
      <trkpt lat="22.2126977161" lon="113.9045687892"><ele>36.000</ele></trkpt>
      <trkpt lat="22.2126865685" lon="113.9045729646"><ele>36.000</ele></trkpt>
      <trkpt lat="22.2126755043" lon="113.9045773891"><ele>36.000</ele></trkpt>
      <trkpt lat="22.2126645291" lon="113.9045820607"><ele>37.000</ele></trkpt>
      <trkpt lat="22.2126536463" lon="113.9045869785"><ele>37.000</ele></trkpt>
      <trkpt lat="22.2126428624" lon="113.9045921386"><ele>37.000</ele></trkpt>
      <trkpt lat="22.2126321810" lon="113.9045975409"><ele>37.000</ele></trkpt>
      <trkpt lat="22.2126216074" lon="113.9046031806"><ele>37.000</ele></trkpt>
      <trkpt lat="22.2126111453" lon="113.9046090577"><ele>37.000</ele></trkpt>
      <trkpt lat="22.2126008010" lon="113.9046151674"><ele>37.000</ele></trkpt>
      <trkpt lat="22.2125905772" lon="113.9046215086"><ele>37.000</ele></trkpt>
      <trkpt lat="22.2125804793" lon="113.9046280785"><ele>37.000</ele></trkpt>
      <trkpt lat="22.2125705109" lon="113.9046348731"><ele>40.000</ele></trkpt>
      <trkpt lat="22.2125606774" lon="113.9046418905"><ele>40.000</ele></trkpt>
      <trkpt lat="22.2125509834" lon="113.9046491269"><ele>38.000</ele></trkpt>
      <trkpt lat="22.2125414315" lon="113.9046565792"><ele>38.000</ele></trkpt>
      <trkpt lat="22.2125320272" lon="113.9046642446"><ele>38.000</ele></trkpt>
      <trkpt lat="22.2125227740" lon="113.9046721192"><ele>38.000</ele></trkpt>
      <trkpt lat="22.2125136756" lon="113.9046802001"><ele>40.000</ele></trkpt>
      <trkpt lat="22.2125047374" lon="113.9046884834"><ele>39.000</ele></trkpt>
      <trkpt lat="22.2124959621" lon="113.9046969662"><ele>39.000</ele></trkpt>
      <trkpt lat="22.2124873541" lon="113.9047056436"><ele>39.000</ele></trkpt>
      <trkpt lat="22.2124789163" lon="113.9047145126"><ele>39.000</ele></trkpt>
      <trkpt lat="22.2124706530" lon="113.9047235685"><ele>39.000</ele></trkpt>
      <trkpt lat="22.2124625689" lon="113.9047328094"><ele>42.000</ele></trkpt>
      <trkpt lat="22.2124546657" lon="113.9047422283"><ele>40.000</ele></trkpt>
      <trkpt lat="22.2124469479" lon="113.9047518234"><ele>40.000</ele></trkpt>
      <trkpt lat="22.2124394182" lon="113.9047615897"><ele>40.000</ele></trkpt>
      <trkpt lat="22.2124356352" lon="113.9047683887"><ele>40.000</ele></trkpt>
      <trkpt lat="22.2123429889" lon="113.9049348954"><ele>40.000</ele></trkpt>
      <trkpt lat="22.2122503424" lon="113.9051014019"><ele>43.000</ele></trkpt>
      <trkpt lat="22.2122140247" lon="113.9051402658"><ele>42.000</ele></trkpt>
      <trkpt lat="22.2122056736" lon="113.9051492035"><ele>42.000</ele></trkpt>
      <trkpt lat="22.2121508552" lon="113.9051839763"><ele>42.000</ele></trkpt>
      <trkpt lat="22.2120879843" lon="113.9052291643"><ele>42.000</ele></trkpt>
      <trkpt lat="22.2120686482" lon="113.9052482688"><ele>42.000</ele></trkpt>
      <trkpt lat="22.2120429298" lon="113.9052763740"><ele>41.000</ele></trkpt>
      <trkpt lat="22.2120413195" lon="113.9053141896"><ele>42.000</ele></trkpt>
      <trkpt lat="22.2120462600" lon="113.9053731149"><ele>43.000</ele></trkpt>
      <trkpt lat="22.2120431724" lon="113.9054218509"><ele>44.000</ele></trkpt>
      <trkpt lat="22.2120173608" lon="113.9054650384"><ele>46.000</ele></trkpt>
      <trkpt lat="22.2119303095" lon="113.9055276078"><ele>44.000</ele></trkpt>
      <trkpt lat="22.2118626079" lon="113.9055797383"><ele>43.000</ele></trkpt>
      <trkpt lat="22.2117771550" lon="113.9056336369"><ele>44.000</ele></trkpt>
      <trkpt lat="22.2117126702" lon="113.9056788286"><ele>45.000</ele></trkpt>
      <trkpt lat="22.2116530267" lon="113.9057240110"><ele>44.000</ele></trkpt>
      <trkpt lat="22.2116127550" lon="113.9057708892"><ele>44.000</ele></trkpt>
      <trkpt lat="22.2115788040" lon="113.9058254433"><ele>44.000</ele></trkpt>
      <trkpt lat="22.2115590932" lon="113.9058664009"><ele>42.000</ele></trkpt>
      <trkpt lat="22.2115446573" lon="113.9058900036"><ele>42.000</ele></trkpt>
      <trkpt lat="22.2115137380" lon="113.9058964154"><ele>42.000</ele></trkpt>
      <trkpt lat="22.2114837559" lon="113.9059124172"><ele>42.000</ele></trkpt>
      <trkpt lat="22.2114846860" lon="113.9059612666"><ele>42.000</ele></trkpt>
      <trkpt lat="22.2114998941" lon="113.9060049386"><ele>42.000</ele></trkpt>
      <trkpt lat="22.2115177064" lon="113.9060561413"><ele>44.000</ele></trkpt>
      <trkpt lat="22.2115290770" lon="113.9061110322"><ele>45.000</ele></trkpt>
      <trkpt lat="22.2115303305" lon="113.9061805580"><ele>46.000</ele></trkpt>
      <trkpt lat="22.2115204940" lon="113.9061901783"><ele>46.000</ele></trkpt>
      <trkpt lat="22.2114994828" lon="113.9062028751"><ele>46.000</ele></trkpt>
      <trkpt lat="22.2114804966" lon="113.9062223472"><ele>46.000</ele></trkpt>
      <trkpt lat="22.2114538122" lon="113.9062501747"><ele>45.000</ele></trkpt>
      <trkpt lat="22.2114264605" lon="113.9062677813"><ele>45.000</ele></trkpt>
      <trkpt lat="22.2113929283" lon="113.9062831692"><ele>44.000</ele></trkpt>
      <trkpt lat="22.2113656524" lon="113.9063137522"><ele>42.000</ele></trkpt>
      <trkpt lat="22.2113375064" lon="113.9063424553"><ele>44.000</ele></trkpt>
      <trkpt lat="22.2112951848" lon="113.9063944037"><ele>46.000</ele></trkpt>
      <trkpt lat="22.2112640549" lon="113.9064370879"><ele>46.000</ele></trkpt>
      <trkpt lat="22.2112255805" lon="113.9064891356"><ele>46.000</ele></trkpt>
      <trkpt lat="22.2111825867" lon="113.9065387187"><ele>46.000</ele></trkpt>
      <trkpt lat="22.2111693058" lon="113.9065569578"><ele>46.000</ele></trkpt>
      <trkpt lat="22.2111511983" lon="113.9065563039"><ele>44.000</ele></trkpt>
      <trkpt lat="22.2111159981" lon="113.9065624910"><ele>44.000</ele></trkpt>
      <trkpt lat="22.2110885778" lon="113.9065877206"><ele>45.000</ele></trkpt>
      <trkpt lat="22.2110697343" lon="113.9066115372"><ele>45.000</ele></trkpt>
      <trkpt lat="22.2110362830" lon="113.9066702864"><ele>48.000</ele></trkpt>
      <trkpt lat="22.2110253354" lon="113.9067014878"><ele>48.000</ele></trkpt>
      <trkpt lat="22.2110153595" lon="113.9067304470"><ele>45.000</ele></trkpt>
      <trkpt lat="22.2109956675" lon="113.9067871816"><ele>45.000</ele></trkpt>
      <trkpt lat="22.2109753395" lon="113.9068307276"><ele>44.000</ele></trkpt>
      <trkpt lat="22.2109571419" lon="113.9068846565"><ele>44.000</ele></trkpt>
      <trkpt lat="22.2109284757" lon="113.9069482359"><ele>45.000</ele></trkpt>
      <trkpt lat="22.2109071937" lon="113.9069828709"><ele>46.000</ele></trkpt>
      <trkpt lat="22.2108542857" lon="113.9070497747"><ele>48.000</ele></trkpt>
      <trkpt lat="22.2108092218" lon="113.9070873257"><ele>48.000</ele></trkpt>
      <trkpt lat="22.2107513038" lon="113.9071281988"><ele>48.000</ele></trkpt>
      <trkpt lat="22.2107049040" lon="113.9071661500"><ele>46.000</ele></trkpt>
      <trkpt lat="22.2106442456" lon="113.9071936542"><ele>43.000</ele></trkpt>
      <trkpt lat="22.2106335391" lon="113.9072013849"><ele>43.000</ele></trkpt>
      <trkpt lat="22.2105961764" lon="113.9072323165"><ele>43.000</ele></trkpt>
      <trkpt lat="22.2105629815" lon="113.9072497498"><ele>43.000</ele></trkpt>
      <trkpt lat="22.2105095869" lon="113.9072573777"><ele>46.000</ele></trkpt>
      <trkpt lat="22.2104492091" lon="113.9072907197"><ele>44.000</ele></trkpt>
      <trkpt lat="22.2103886104" lon="113.9073052375"><ele>44.000</ele></trkpt>
      <trkpt lat="22.2103457178" lon="113.9073288186"><ele>44.000</ele></trkpt>
      <trkpt lat="22.2103085209" lon="113.9073617671"><ele>44.000</ele></trkpt>
      <trkpt lat="22.2102760391" lon="113.9074062282"><ele>44.000</ele></trkpt>
      <trkpt lat="22.2102544128" lon="113.9074675438"><ele>45.000</ele></trkpt>
      <trkpt lat="22.2102229017" lon="113.9075256486"><ele>44.000</ele></trkpt>
      <trkpt lat="22.2101919829" lon="113.9075815411"><ele>44.000</ele></trkpt>
      <trkpt lat="22.2101615145" lon="113.9076203539"><ele>44.000</ele></trkpt>
      <trkpt lat="22.2101297409" lon="113.9076562887"><ele>44.000</ele></trkpt>
      <trkpt lat="22.2101031131" lon="113.9076911760"><ele>44.000</ele></trkpt>
      <trkpt lat="22.2100767551" lon="113.9077259910"><ele>44.000</ele></trkpt>
      <trkpt lat="22.2100365095" lon="113.9077786522"><ele>44.000</ele></trkpt>
      <trkpt lat="22.2100222913" lon="113.9078036921"><ele>44.000</ele></trkpt>
      <trkpt lat="22.2099282572" lon="113.9079692962"><ele>46.000</ele></trkpt>
      <trkpt lat="22.2098850802" lon="113.9081209519"><ele>46.000</ele></trkpt>
      <trkpt lat="22.2098850376" lon="113.9081210233"><ele>46.000</ele></trkpt>
      <trkpt lat="22.2097876392" lon="113.9082843692"><ele>47.000</ele></trkpt>
      <trkpt lat="22.2097842761" lon="113.9084398360"><ele>44.000</ele></trkpt>
      <trkpt lat="22.2097663545" lon="113.9085448051"><ele>46.000</ele></trkpt>
      <trkpt lat="22.2096978067" lon="113.9086731890"><ele>47.000</ele></trkpt>
      <trkpt lat="22.2096003076" lon="113.9088016287"><ele>46.000</ele></trkpt>
      <trkpt lat="22.2095715802" lon="113.9089377100"><ele>46.000</ele></trkpt>
      <trkpt lat="22.2095138824" lon="113.9090621868"><ele>48.000</ele></trkpt>
      <trkpt lat="22.2094488249" lon="113.9091128346"><ele>48.000</ele></trkpt>
      <trkpt lat="22.2093582007" lon="113.9091414652"><ele>45.000</ele></trkpt>
      <trkpt lat="22.2093023392" lon="113.9091652467"><ele>44.000</ele></trkpt>
      <trkpt lat="22.2092501439" lon="113.9091872357"><ele>42.000</ele></trkpt>
      <trkpt lat="22.2091867147" lon="113.9091999802"><ele>42.000</ele></trkpt>
      <trkpt lat="22.2091265730" lon="113.9091888384"><ele>42.000</ele></trkpt>
      <trkpt lat="22.2090590133" lon="113.9091643406"><ele>41.000</ele></trkpt>
      <trkpt lat="22.2089901749" lon="113.9091371085"><ele>40.000</ele></trkpt>
      <trkpt lat="22.2089391864" lon="113.9091180511"><ele>39.000</ele></trkpt>
      <trkpt lat="22.2089044907" lon="113.9091197297"><ele>39.000</ele></trkpt>
      <trkpt lat="22.2088879472" lon="113.9091234425"><ele>38.000</ele></trkpt>
      <trkpt lat="22.2088704207" lon="113.9091306816"><ele>38.000</ele></trkpt>
      <trkpt lat="22.2088605445" lon="113.9091332510"><ele>38.000</ele></trkpt>
      <trkpt lat="22.2088516822" lon="113.9091367495"><ele>38.000</ele></trkpt>
      <trkpt lat="22.2088280548" lon="113.9091414107"><ele>38.000</ele></trkpt>
      <trkpt lat="22.2088204465" lon="113.9091447031"><ele>38.000</ele></trkpt>
      <trkpt lat="22.2088038746" lon="113.9091558400"><ele>40.000</ele></trkpt>
      <trkpt lat="22.2087952165" lon="113.9091632853"><ele>40.000</ele></trkpt>
      <trkpt lat="22.2087803150" lon="113.9091742348"><ele>40.000</ele></trkpt>
      <trkpt lat="22.2087746797" lon="113.9091795892"><ele>40.000</ele></trkpt>
      <trkpt lat="22.2087684462" lon="113.9091842465"><ele>40.000</ele></trkpt>
      <trkpt lat="22.2087588917" lon="113.9091902000"><ele>40.000</ele></trkpt>
      <trkpt lat="22.2087497161" lon="113.9091954263"><ele>40.000</ele></trkpt>
      <trkpt lat="22.2087408536" lon="113.9091993903"><ele>40.000</ele></trkpt>
      <trkpt lat="22.2087271526" lon="113.9092045273"><ele>40.000</ele></trkpt>
      <trkpt lat="22.2087055132" lon="113.9092153819"><ele>40.000</ele></trkpt>
      <trkpt lat="22.2086958597" lon="113.9092210349"><ele>40.000</ele></trkpt>
      <trkpt lat="22.2086662619" lon="113.9092419917"><ele>40.000</ele></trkpt>
      <trkpt lat="22.2086565943" lon="113.9092506036"><ele>41.000</ele></trkpt>
      <trkpt lat="22.2086501541" lon="113.9092552613"><ele>41.000</ele></trkpt>
      <trkpt lat="22.2086394806" lon="113.9092617891"><ele>41.000</ele></trkpt>
      <trkpt lat="22.2086149160" lon="113.9092785564"><ele>41.000</ele></trkpt>
      <trkpt lat="22.2086146832" lon="113.9092787023"><ele>41.000</ele></trkpt>
      <trkpt lat="22.2086088860" lon="113.9092806501"><ele>41.000</ele></trkpt>
      <trkpt lat="22.2085803830" lon="113.9092902278"><ele>40.000</ele></trkpt>
      <trkpt lat="22.2085488098" lon="113.9093054945"><ele>42.000</ele></trkpt>
      <trkpt lat="22.2085184111" lon="113.9093210111"><ele>40.000</ele></trkpt>
      <trkpt lat="22.2085016436" lon="113.9093389361"><ele>40.000</ele></trkpt>
      <trkpt lat="22.2084556647" lon="113.9093640738"><ele>42.000</ele></trkpt>
      <trkpt lat="22.2084247338" lon="113.9094074642"><ele>42.000</ele></trkpt>
      <trkpt lat="22.2084219427" lon="113.9094126193"><ele>42.000</ele></trkpt>
      <trkpt lat="22.2084035888" lon="113.9094598845"><ele>42.000</ele></trkpt>
      <trkpt lat="22.2083875929" lon="113.9095187734"><ele>42.000</ele></trkpt>
      <trkpt lat="22.2083718619" lon="113.9095960012"><ele>44.000</ele></trkpt>
      <trkpt lat="22.2083499713" lon="113.9097003471"><ele>44.000</ele></trkpt>
      <trkpt lat="22.2083386611" lon="113.9097640666"><ele>44.000</ele></trkpt>
      <trkpt lat="22.2083358311" lon="113.9098170243"><ele>44.000</ele></trkpt>
      <trkpt lat="22.2083344492" lon="113.9098664588"><ele>44.000</ele></trkpt>
      <trkpt lat="22.2083172499" lon="113.9099185127"><ele>46.000</ele></trkpt>
      <trkpt lat="22.2082826525" lon="113.9099454131"><ele>45.000</ele></trkpt>
      <trkpt lat="22.2082659043" lon="113.9099642012"><ele>44.000</ele></trkpt>
      <trkpt lat="22.2082542635" lon="113.9099805550"><ele>44.000</ele></trkpt>
      <trkpt lat="22.2082261142" lon="113.9100020995"><ele>44.000</ele></trkpt>
      <trkpt lat="22.2081989801" lon="113.9100259502"><ele>44.000</ele></trkpt>
      <trkpt lat="22.2081452126" lon="113.9100430626"><ele>44.000</ele></trkpt>
      <trkpt lat="22.2081150727" lon="113.9100567552"><ele>42.000</ele></trkpt>
      <trkpt lat="22.2080780839" lon="113.9100848045"><ele>42.000</ele></trkpt>
      <trkpt lat="22.2080511405" lon="113.9101037572"><ele>42.000</ele></trkpt>
      <trkpt lat="22.2080172581" lon="113.9101316842"><ele>42.000</ele></trkpt>
      <trkpt lat="22.2079954857" lon="113.9101650678"><ele>40.000</ele></trkpt>
      <trkpt lat="22.2079643220" lon="113.9102042978"><ele>40.000</ele></trkpt>
      <trkpt lat="22.2079164130" lon="113.9102751367"><ele>43.000</ele></trkpt>
      <trkpt lat="22.2079042441" lon="113.9102888729"><ele>40.000</ele></trkpt>
      <trkpt lat="22.2078819733" lon="113.9103101638"><ele>40.000</ele></trkpt>
      <trkpt lat="22.2078495093" lon="113.9103384759"><ele>40.000</ele></trkpt>
      <trkpt lat="22.2078182261" lon="113.9103819538"><ele>40.000</ele></trkpt>
      <trkpt lat="22.2077814733" lon="113.9104273235"><ele>40.000</ele></trkpt>
      <trkpt lat="22.2077680987" lon="113.9104696901"><ele>40.000</ele></trkpt>
      <trkpt lat="22.2077675893" lon="113.9104713049"><ele>40.000</ele></trkpt>
      <trkpt lat="22.2077470521" lon="113.9105067779"><ele>40.000</ele></trkpt>
      <trkpt lat="22.2077469496" lon="113.9105765954"><ele>41.000</ele></trkpt>
      <trkpt lat="22.2077521467" lon="113.9106345517"><ele>42.000</ele></trkpt>
      <trkpt lat="22.2077538783" lon="113.9106939402"><ele>41.000</ele></trkpt>
      <trkpt lat="22.2077681217" lon="113.9107559624"><ele>41.000</ele></trkpt>
      <trkpt lat="22.2077785571" lon="113.9108087592"><ele>42.000</ele></trkpt>
      <trkpt lat="22.2077866480" lon="113.9108581368"><ele>42.000</ele></trkpt>
      <trkpt lat="22.2078033741" lon="113.9109065294"><ele>42.000</ele></trkpt>
      <trkpt lat="22.2078057387" lon="113.9109133709"><ele>42.000</ele></trkpt>
      <trkpt lat="22.2078190810" lon="113.9109490061"><ele>42.000</ele></trkpt>
      <trkpt lat="22.2078366506" lon="113.9109742077"><ele>44.000</ele></trkpt>
      <trkpt lat="22.2078568889" lon="113.9110077641"><ele>43.000</ele></trkpt>
      <trkpt lat="22.2078805178" lon="113.9110382981"><ele>44.000</ele></trkpt>
      <trkpt lat="22.2079024384" lon="113.9110734710"><ele>44.000</ele></trkpt>
      <trkpt lat="22.2079282416" lon="113.9110916648"><ele>46.000</ele></trkpt>
      <trkpt lat="22.2079612566" lon="113.9110965972"><ele>46.000</ele></trkpt>
      <trkpt lat="22.2079871503" lon="113.9111149071"><ele>46.000</ele></trkpt>
      <trkpt lat="22.2080108608" lon="113.9111346275"><ele>46.000</ele></trkpt>
      <trkpt lat="22.2080604875" lon="113.9111477139"><ele>46.000</ele></trkpt>
      <trkpt lat="22.2081062081" lon="113.9111799132"><ele>48.000</ele></trkpt>
      <trkpt lat="22.2081461651" lon="113.9112053735"><ele>48.000</ele></trkpt>
      <trkpt lat="22.2081633988" lon="113.9112128863"><ele>48.000</ele></trkpt>
      <trkpt lat="22.2081839352" lon="113.9112161072"><ele>48.000</ele></trkpt>
      <trkpt lat="22.2082118953" lon="113.9112289940"><ele>48.000</ele></trkpt>
      <trkpt lat="22.2082219787" lon="113.9112322239"><ele>48.000</ele></trkpt>
      <trkpt lat="22.2082286397" lon="113.9112349947"><ele>48.000</ele></trkpt>
      <trkpt lat="22.2082495226" lon="113.9112479627"><ele>48.000</ele></trkpt>
      <trkpt lat="22.2082644652" lon="113.9112621047"><ele>48.000</ele></trkpt>
      <trkpt lat="22.2082733440" lon="113.9112681203"><ele>48.000</ele></trkpt>
      <trkpt lat="22.2083206313" lon="113.9113014253"><ele>48.000</ele></trkpt>
      <trkpt lat="22.2083236978" lon="113.9113045239"><ele>48.000</ele></trkpt>
      <trkpt lat="22.2083350276" lon="113.9113128043"><ele>48.000</ele></trkpt>
      <trkpt lat="22.2083512141" lon="113.9113200000"><ele>48.000</ele></trkpt>
      <trkpt lat="22.2083692158" lon="113.9113271826"><ele>48.000</ele></trkpt>
      <trkpt lat="22.2083862030" lon="113.9113325147"><ele>48.000</ele></trkpt>
      <trkpt lat="22.2084284661" lon="113.9113417562"><ele>48.000</ele></trkpt>
      <trkpt lat="22.2084448475" lon="113.9113466143"><ele>48.000</ele></trkpt>
      <trkpt lat="22.2084624505" lon="113.9113524001"><ele>48.000</ele></trkpt>
      <trkpt lat="22.2084814655" lon="113.9113607543"><ele>48.000</ele></trkpt>
      <trkpt lat="22.2085065500" lon="113.9113746833"><ele>50.000</ele></trkpt>
      <trkpt lat="22.2085235998" lon="113.9113906746"><ele>48.000</ele></trkpt>
      <trkpt lat="22.2085333150" lon="113.9114006756"><ele>48.000</ele></trkpt>
      <trkpt lat="22.2085440353" lon="113.9114062514"><ele>48.000</ele></trkpt>
      <trkpt lat="22.2085616347" lon="113.9114104089"><ele>50.000</ele></trkpt>
      <trkpt lat="22.2085735576" lon="113.9114113175"><ele>50.000</ele></trkpt>
      <trkpt lat="22.2085792233" lon="113.9114129362"><ele>50.000</ele></trkpt>
      <trkpt lat="22.2085871158" lon="113.9114182854"><ele>50.000</ele></trkpt>
      <trkpt lat="22.2085954054" lon="113.9114229250"><ele>50.000</ele></trkpt>
      <trkpt lat="22.2086087626" lon="113.9114284870"><ele>50.000</ele></trkpt>
      <trkpt lat="22.2086124043" lon="113.9114298835"><ele>50.000</ele></trkpt>
      <trkpt lat="22.2086148260" lon="113.9114308129"><ele>50.000</ele></trkpt>
      <trkpt lat="22.2086293903" lon="113.9114345106"><ele>50.000</ele></trkpt>
      <trkpt lat="22.2086445624" lon="113.9114398355"><ele>51.000</ele></trkpt>
      <trkpt lat="22.2086769979" lon="113.9114593185"><ele>51.000</ele></trkpt>
      <trkpt lat="22.2086937929" lon="113.9114685982"><ele>52.000</ele></trkpt>
      <trkpt lat="22.2087113898" lon="113.9114762568"><ele>52.000</ele></trkpt>
      <trkpt lat="22.2087287826" lon="113.9114811120"><ele>52.000</ele></trkpt>
      <trkpt lat="22.2087477942" lon="113.9114873714"><ele>52.000</ele></trkpt>
      <trkpt lat="22.2087659984" lon="113.9114968910"><ele>52.000</ele></trkpt>
      <trkpt lat="22.2087862406" lon="113.9115096653"><ele>54.000</ele></trkpt>
      <trkpt lat="22.2088150115" lon="113.9115302414"><ele>52.000</ele></trkpt>
      <trkpt lat="22.2088449754" lon="113.9115569746"><ele>54.000</ele></trkpt>
      <trkpt lat="22.2088565107" lon="113.9115699981"><ele>54.000</ele></trkpt>
      <trkpt lat="22.2088692747" lon="113.9115883824"><ele>56.000</ele></trkpt>
      <trkpt lat="22.2088929720" lon="113.9116160575"><ele>56.000</ele></trkpt>
      <trkpt lat="22.2089245497" lon="113.9116411584"><ele>56.000</ele></trkpt>
      <trkpt lat="22.2089933975" lon="113.9116982537"><ele>56.000</ele></trkpt>
      <trkpt lat="22.2090124273" lon="113.9117156856"><ele>56.000</ele></trkpt>
      <trkpt lat="22.2090407566" lon="113.9117368347"><ele>56.000</ele></trkpt>
      <trkpt lat="22.2090701108" lon="113.9117607654"><ele>56.000</ele></trkpt>
      <trkpt lat="22.2090970378" lon="113.9117858751"><ele>56.000</ele></trkpt>
      <trkpt lat="22.2091247728" lon="113.9118142507"><ele>54.000</ele></trkpt>
      <trkpt lat="22.2091535474" lon="113.9118371447"><ele>54.000</ele></trkpt>
      <trkpt lat="22.2091701471" lon="113.9118485294"><ele>54.000</ele></trkpt>
      <trkpt lat="22.2092031261" lon="113.9118685061"><ele>54.000</ele></trkpt>
      <trkpt lat="22.2092195105" lon="113.9118752264"><ele>54.000</ele></trkpt>
      <trkpt lat="22.2092338676" lon="113.9118791660"><ele>54.000</ele></trkpt>
      <trkpt lat="22.2092646066" lon="113.9118828334"><ele>54.000</ele></trkpt>
      <trkpt lat="22.2092860346" lon="113.9118867511"><ele>54.000</ele></trkpt>
      <trkpt lat="22.2093048454" lon="113.9118911479"><ele>54.000</ele></trkpt>
      <trkpt lat="22.2093323865" lon="113.9118996802"><ele>54.000</ele></trkpt>
      <trkpt lat="22.2093562606" lon="113.9119084812"><ele>54.000</ele></trkpt>
      <trkpt lat="22.2093750749" lon="113.9119205600"><ele>54.000</ele></trkpt>
      <trkpt lat="22.2093888362" lon="113.9119307863"><ele>54.000</ele></trkpt>
      <trkpt lat="22.2093989518" lon="113.9119365969"><ele>54.000</ele></trkpt>
      <trkpt lat="22.2094110865" lon="113.9119400656"><ele>54.000</ele></trkpt>
      <trkpt lat="22.2094280714" lon="113.9119439916"><ele>54.000</ele></trkpt>
      <trkpt lat="22.2094499134" lon="113.9119465109"><ele>55.000</ele></trkpt>
      <trkpt lat="22.2094684595" lon="113.9119497454"><ele>55.000</ele></trkpt>
      <trkpt lat="22.2094862493" lon="113.9119543672"><ele>55.000</ele></trkpt>
      <trkpt lat="22.2095038547" lon="113.9119622587"><ele>54.000</ele></trkpt>
      <trkpt lat="22.2095251791" lon="113.9119740710"><ele>54.000</ele></trkpt>
      <trkpt lat="22.2095427758" lon="113.9119821952"><ele>54.000</ele></trkpt>
      <trkpt lat="22.2095585537" lon="113.9119879856"><ele>54.000</ele></trkpt>
      <trkpt lat="22.2095771579" lon="113.9119930821"><ele>54.000</ele></trkpt>
      <trkpt lat="22.2095969769" lon="113.9119960707"><ele>53.000</ele></trkpt>
      <trkpt lat="22.2096157735" lon="113.9119978985"><ele>53.000</ele></trkpt>
      <trkpt lat="22.2096363922" lon="113.9119978598"><ele>52.000</ele></trkpt>
      <trkpt lat="22.2096528713" lon="113.9119961899"><ele>52.000</ele></trkpt>
      <trkpt lat="22.2096908639" lon="113.9119893589"><ele>52.000</ele></trkpt>
      <trkpt lat="22.2097126907" lon="113.9119886196"><ele>52.000</ele></trkpt>
      <trkpt lat="22.2097307308" lon="113.9119911471"><ele>54.000</ele></trkpt>
      <trkpt lat="22.2097452815" lon="113.9119920605"><ele>54.000</ele></trkpt>
      <trkpt lat="22.2097612538" lon="113.9119896933"><ele>54.000</ele></trkpt>
      <trkpt lat="22.2097772155" lon="113.9119864047"><ele>54.000</ele></trkpt>
      <trkpt lat="22.2097895357" lon="113.9119817264"><ele>54.000</ele></trkpt>
      <trkpt lat="22.2098151933" lon="113.9119704960"><ele>54.000</ele></trkpt>
      <trkpt lat="22.2098242835" lon="113.9119676858"><ele>54.000</ele></trkpt>
      <trkpt lat="22.2098315611" lon="113.9119669739"><ele>54.000</ele></trkpt>
      <trkpt lat="22.2098374259" lon="113.9119688250"><ele>54.000</ele></trkpt>
      <trkpt lat="22.2098574291" lon="113.9119629587"><ele>55.000</ele></trkpt>
      <trkpt lat="22.2098643016" lon="113.9119624803"><ele>55.000</ele></trkpt>
      <trkpt lat="22.2098695608" lon="113.9119645653"><ele>55.000</ele></trkpt>
      <trkpt lat="22.2098732047" lon="113.9119673622"><ele>55.000</ele></trkpt>
      <trkpt lat="22.2098760415" lon="113.9119736415"><ele>55.000</ele></trkpt>
      <trkpt lat="22.2098784929" lon="113.9119866821"><ele>55.000</ele></trkpt>
      <trkpt lat="22.2098815322" lon="113.9119952992"><ele>55.000</ele></trkpt>
      <trkpt lat="22.2098896448" lon="113.9120083292"><ele>56.000</ele></trkpt>
      <trkpt lat="22.2099018194" lon="113.9120196447"><ele>57.000</ele></trkpt>
      <trkpt lat="22.2099544500" lon="113.9120624059"><ele>60.000</ele></trkpt>
      <trkpt lat="22.2099692259" lon="113.9120740278"><ele>60.000</ele></trkpt>
      <trkpt lat="22.2099839991" lon="113.9120840185"><ele>60.000</ele></trkpt>
      <trkpt lat="22.2099997872" lon="113.9120961040"><ele>61.000</ele></trkpt>
      <trkpt lat="22.2100542153" lon="113.9121330429"><ele>64.000</ele></trkpt>
      <trkpt lat="22.2100680278" lon="113.9121408639"><ele>64.000</ele></trkpt>
      <trkpt lat="22.2100844137" lon="113.9121485249"><ele>64.000</ele></trkpt>
      <trkpt lat="22.2100953262" lon="113.9121501338"><ele>64.000</ele></trkpt>
      <trkpt lat="22.2101436424" lon="113.9121498114"><ele>64.000</ele></trkpt>
      <trkpt lat="22.2101820565" lon="113.9121522997"><ele>68.000</ele></trkpt>
      <trkpt lat="22.2102195163" lon="113.9121566529"><ele>70.000</ele></trkpt>
      <trkpt lat="22.2102619739" lon="113.9121633243"><ele>71.000</ele></trkpt>
      <trkpt lat="22.2103024147" lon="113.9121681471"><ele>71.000</ele></trkpt>
      <trkpt lat="22.2103225279" lon="113.9121687990"><ele>72.000</ele></trkpt>
      <trkpt lat="22.2103519330" lon="113.9121685208"><ele>72.000</ele></trkpt>
      <trkpt lat="22.2103638915" lon="113.9121691578"><ele>70.000</ele></trkpt>
      <trkpt lat="22.2103923993" lon="113.9121723737"><ele>70.000</ele></trkpt>
      <trkpt lat="22.2104164598" lon="113.9121730278"><ele>68.000</ele></trkpt>
      <trkpt lat="22.2104532438" lon="113.9121727261"><ele>68.000</ele></trkpt>
      <trkpt lat="22.2105292903" lon="113.9121751361"><ele>69.000</ele></trkpt>
      <trkpt lat="22.2105671027" lon="113.9121797204"><ele>70.000</ele></trkpt>
      <trkpt lat="22.2105875272" lon="113.9121829417"><ele>70.000</ele></trkpt>
      <trkpt lat="22.2106233187" lon="113.9121942906"><ele>72.000</ele></trkpt>
      <trkpt lat="22.2106591222" lon="113.9122079680"><ele>72.000</ele></trkpt>
      <trkpt lat="22.2106822729" lon="113.9122211833"><ele>72.000</ele></trkpt>
      <trkpt lat="22.2106923948" lon="113.9122314068"><ele>72.000</ele></trkpt>
      <trkpt lat="22.2107122440" lon="113.9122579355"><ele>71.000</ele></trkpt>
      <trkpt lat="22.2107241931" lon="113.9122700176"><ele>72.000</ele></trkpt>
      <trkpt lat="22.2107432245" lon="113.9122879259"><ele>72.000</ele></trkpt>
      <trkpt lat="22.2107683190" lon="113.9123086160"><ele>70.000</ele></trkpt>
      <trkpt lat="22.2108218426" lon="113.9123557315"><ele>71.000</ele></trkpt>
      <trkpt lat="22.2108432925" lon="113.9123731591"><ele>71.000</ele></trkpt>
      <trkpt lat="22.2108521980" lon="113.9123789721"><ele>72.000</ele></trkpt>
      <trkpt lat="22.2108786964" lon="113.9123910367"><ele>72.000</ele></trkpt>
      <trkpt lat="22.2109193532" lon="113.9124065672"><ele>72.000</ele></trkpt>
      <trkpt lat="22.2109381694" lon="113.9124165330"><ele>72.000</ele></trkpt>
      <trkpt lat="22.2109335945" lon="113.9124165416"><ele>72.000</ele></trkpt>
      <trkpt lat="22.2109538401" lon="113.9124270361"><ele>72.000</ele></trkpt>
      <trkpt lat="22.2109702884" lon="113.9124347155"><ele>72.000</ele></trkpt>
      <trkpt lat="22.2109871721" lon="113.9124436355"><ele>74.000</ele></trkpt>
      <trkpt lat="22.2110031351" lon="113.9124527900"><ele>74.000</ele></trkpt>
      <trkpt lat="22.2110181440" lon="113.9124639054"><ele>74.000</ele></trkpt>
      <trkpt lat="22.2110486640" lon="113.9124839143"><ele>74.000</ele></trkpt>
      <trkpt lat="22.2110849440" lon="113.9125030298"><ele>74.000</ele></trkpt>
      <trkpt lat="22.2111022805" lon="113.9125126958"><ele>74.000</ele></trkpt>
      <trkpt lat="22.2111299002" lon="113.9125262412"><ele>76.000</ele></trkpt>
      <trkpt lat="22.2111360480" lon="113.9125305358"><ele>76.000</ele></trkpt>
      <trkpt lat="22.2111535938" lon="113.9125412003"><ele>76.000</ele></trkpt>
      <trkpt lat="22.2111859724" lon="113.9125602456"><ele>76.000</ele></trkpt>
      <trkpt lat="22.2112335062" lon="113.9125802906"><ele>76.000</ele></trkpt>
      <trkpt lat="22.2112410510" lon="113.9125828853"><ele>76.000</ele></trkpt>
      <trkpt lat="22.2112522479" lon="113.9125877621"><ele>76.000</ele></trkpt>
      <trkpt lat="22.2112586622" lon="113.9125893503"><ele>76.000</ele></trkpt>
      <trkpt lat="22.2112774039" lon="113.9125968121"><ele>76.000</ele></trkpt>
      <trkpt lat="22.2113191225" lon="113.9126061415"><ele>74.000</ele></trkpt>
      <trkpt lat="22.2113310461" lon="113.9126080685"><ele>74.000</ele></trkpt>
      <trkpt lat="22.2113567246" lon="113.9126107457"><ele>74.000</ele></trkpt>
      <trkpt lat="22.2113760246" lon="113.9126117085"><ele>74.000</ele></trkpt>
      <trkpt lat="22.2113907317" lon="113.9126148912"><ele>74.000</ele></trkpt>
      <trkpt lat="22.2114049834" lon="113.9126212946"><ele>74.000</ele></trkpt>
      <trkpt lat="22.2114137212" lon="113.9126244884"><ele>74.000</ele></trkpt>
      <trkpt lat="22.2114286476" lon="113.9126237331"><ele>74.000</ele></trkpt>
      <trkpt lat="22.2114495549" lon="113.9126190096"><ele>73.000</ele></trkpt>
      <trkpt lat="22.2114716007" lon="113.9126091147"><ele>73.000</ele></trkpt>
      <trkpt lat="22.2114913568" lon="113.9126016778"><ele>72.000</ele></trkpt>
      <trkpt lat="22.2115196030" lon="113.9125895503"><ele>72.000</ele></trkpt>
      <trkpt lat="22.2115336207" lon="113.9125853343"><ele>72.000</ele></trkpt>
      <trkpt lat="22.2115501592" lon="113.9125818604"><ele>72.000</ele></trkpt>
      <trkpt lat="22.2115662436" lon="113.9125823346"><ele>72.000</ele></trkpt>
      <trkpt lat="22.2115839275" lon="113.9125835429"><ele>72.000</ele></trkpt>
      <trkpt lat="22.2116165586" lon="113.9125911436"><ele>72.000</ele></trkpt>
      <trkpt lat="22.2116314984" lon="113.9125931038"><ele>72.000</ele></trkpt>
      <trkpt lat="22.2116475828" lon="113.9125935780"><ele>72.000</ele></trkpt>
      <trkpt lat="22.2116661941" lon="113.9125930582"><ele>72.000</ele></trkpt>
      <trkpt lat="22.2116974320" lon="113.9125880826"><ele>72.000</ele></trkpt>
      <trkpt lat="22.2117089174" lon="113.9125870816"><ele>72.000</ele></trkpt>
      <trkpt lat="22.2117174266" lon="113.9125885495"><ele>72.000</ele></trkpt>
      <trkpt lat="22.2117298393" lon="113.9125969251"><ele>72.000</ele></trkpt>
      <trkpt lat="22.2117477719" lon="113.9126121957"><ele>72.000</ele></trkpt>
      <trkpt lat="22.2117610966" lon="113.9126205697"><ele>70.000</ele></trkpt>
      <trkpt lat="22.2117714443" lon="113.9126252444"><ele>70.000</ele></trkpt>
      <trkpt lat="22.2117861546" lon="113.9126304152"><ele>70.000</ele></trkpt>
      <trkpt lat="22.2117955725" lon="113.9126353341"><ele>70.000</ele></trkpt>
      <trkpt lat="22.2118095934" lon="113.9126442014"><ele>70.000</ele></trkpt>
      <trkpt lat="22.2118231582" lon="113.9126557850"><ele>70.000</ele></trkpt>
      <trkpt lat="22.2118461515" lon="113.9126732768"><ele>70.000</ele></trkpt>
      <trkpt lat="22.2118576386" lon="113.9126789387"><ele>70.000</ele></trkpt>
      <trkpt lat="22.2119065990" lon="113.9126988647"><ele>70.000</ele></trkpt>
      <trkpt lat="22.2119330330" lon="113.9127163501"><ele>70.000</ele></trkpt>
      <trkpt lat="22.2119449871" lon="113.9127259583"><ele>68.000</ele></trkpt>
      <trkpt lat="22.2119771723" lon="113.9127538103"><ele>68.000</ele></trkpt>
      <trkpt lat="22.2119877506" lon="113.9127614426"><ele>68.000</ele></trkpt>
      <trkpt lat="22.2119978612" lon="113.9127703172"><ele>68.000</ele></trkpt>
      <trkpt lat="22.2120089008" lon="113.9127784433"><ele>66.000</ele></trkpt>
      <trkpt lat="22.2120242964" lon="113.9127885494"><ele>66.000</ele></trkpt>
      <trkpt lat="22.2120449827" lon="113.9127978988"><ele>66.000</ele></trkpt>
      <trkpt lat="22.2120812904" lon="113.9128062395"><ele>66.000</ele></trkpt>
      <trkpt lat="22.2120936490" lon="113.9128096613"><ele>66.000</ele></trkpt>
      <trkpt lat="22.2121173019" lon="113.9128268493"><ele>66.000</ele></trkpt>
      <trkpt lat="22.2121435086" lon="113.9128489711"><ele>66.000</ele></trkpt>
      <trkpt lat="22.2121603282" lon="113.9128629345"><ele>66.000</ele></trkpt>
      <trkpt lat="22.2121782980" lon="113.9128677599"><ele>66.000</ele></trkpt>
      <trkpt lat="22.2121905620" lon="113.9128679794"><ele>66.000</ele></trkpt>
      <trkpt lat="22.2121962614" lon="113.9129020784"><ele>64.000</ele></trkpt>
      <trkpt lat="22.2121919162" lon="113.9129568636"><ele>64.000</ele></trkpt>
      <trkpt lat="22.2121881123" lon="113.9129890504"><ele>64.000</ele></trkpt>
      <trkpt lat="22.2121892595" lon="113.9130115294"><ele>64.000</ele></trkpt>
      <trkpt lat="22.2122027240" lon="113.9130448283"><ele>63.000</ele></trkpt>
      <trkpt lat="22.2122239136" lon="113.9130861528"><ele>60.000</ele></trkpt>
      <trkpt lat="22.2122520489" lon="113.9131448925"><ele>59.000</ele></trkpt>
      <trkpt lat="22.2122959549" lon="113.9131944378"><ele>58.000</ele></trkpt>
      <trkpt lat="22.2123319608" lon="113.9132339017"><ele>56.000</ele></trkpt>
      <trkpt lat="22.2123532090" lon="113.9132790774"><ele>56.000</ele></trkpt>
      <trkpt lat="22.2123536901" lon="113.9132795023"><ele>56.000</ele></trkpt>
      <trkpt lat="22.2123617434" lon="113.9132893603"><ele>56.000</ele></trkpt>
      <trkpt lat="22.2123721039" lon="113.9133187178"><ele>56.000</ele></trkpt>
      <trkpt lat="22.2123840730" lon="113.9133488093"><ele>56.000</ele></trkpt>
      <trkpt lat="22.2123895927" lon="113.9133611452"><ele>56.000</ele></trkpt>
      <trkpt lat="22.2123978805" lon="113.9133764340"><ele>56.000</ele></trkpt>
      <trkpt lat="22.2124105254" lon="113.9133944400"><ele>56.000</ele></trkpt>
      <trkpt lat="22.2124206468" lon="113.9134099775"><ele>56.000</ele></trkpt>
      <trkpt lat="22.2124326117" lon="113.9134262487"><ele>56.000</ele></trkpt>
      <trkpt lat="22.2124540081" lon="113.9134615114"><ele>54.000</ele></trkpt>
      <trkpt lat="22.2124776992" lon="113.9134972644"><ele>56.000</ele></trkpt>
      <trkpt lat="22.2124885037" lon="113.9135108319"><ele>53.000</ele></trkpt>
      <trkpt lat="22.2125050601" lon="113.9135295676"><ele>53.000</ele></trkpt>
      <trkpt lat="22.2125229946" lon="113.9135460798"><ele>54.000</ele></trkpt>
      <trkpt lat="22.2125337993" lon="113.9135542064"><ele>50.000</ele></trkpt>
      <trkpt lat="22.2125434536" lon="113.9135601142"><ele>50.000</ele></trkpt>
      <trkpt lat="22.2125551751" lon="113.9135655332"><ele>50.000</ele></trkpt>
      <trkpt lat="22.2125696560" lon="113.9135684740"><ele>52.000</ele></trkpt>
      <trkpt lat="22.2125855016" lon="113.9135664756"><ele>52.000</ele></trkpt>
      <trkpt lat="22.2126048070" lon="113.9135652176"><ele>52.000</ele></trkpt>
      <trkpt lat="22.2126204316" lon="113.9135661874"><ele>53.000</ele></trkpt>
      <trkpt lat="22.2126406477" lon="113.9135696120"><ele>53.000</ele></trkpt>
      <trkpt lat="22.2126532880" lon="113.9135735455"><ele>53.000</ele></trkpt>
      <trkpt lat="22.2126647833" lon="113.9135787127"><ele>54.000</ele></trkpt>
      <trkpt lat="22.2126801780" lon="113.9135883147"><ele>54.000</ele></trkpt>
      <trkpt lat="22.2126960471" lon="113.9136008835"><ele>54.000</ele></trkpt>
      <trkpt lat="22.2127066231" lon="113.9136127153"><ele>55.000</ele></trkpt>
      <trkpt lat="22.2127158230" lon="113.9136280122"><ele>55.000</ele></trkpt>
      <trkpt lat="22.2127248006" lon="113.9136455207"><ele>55.000</ele></trkpt>
      <trkpt lat="22.2127314703" lon="113.9136598233"><ele>54.000</ele></trkpt>
      <trkpt lat="22.2127351595" lon="113.9136738890"><ele>54.000</ele></trkpt>
      <trkpt lat="22.2127372396" lon="113.9136869685"><ele>54.000</ele></trkpt>
      <trkpt lat="22.2127381742" lon="113.9137064608"><ele>53.000</ele></trkpt>
      <trkpt lat="22.2127340889" lon="113.9137713807"><ele>53.000</ele></trkpt>
      <trkpt lat="22.2127343583" lon="113.9138207361"><ele>53.000</ele></trkpt>
      <trkpt lat="22.2127327577" lon="113.9138417170"><ele>53.000</ele></trkpt>
      <trkpt lat="22.2127330030" lon="113.9138538107"><ele>51.000</ele></trkpt>
      <trkpt lat="22.2127318656" lon="113.9138708434"><ele>51.000</ele></trkpt>
      <trkpt lat="22.2127245379" lon="113.9139076242"><ele>49.000</ele></trkpt>
      <trkpt lat="22.2127190443" lon="113.9139281178"><ele>49.000</ele></trkpt>
      <trkpt lat="22.2127119369" lon="113.9139503407"><ele>47.000</ele></trkpt>
      <trkpt lat="22.2127059767" lon="113.9139671303"><ele>47.000</ele></trkpt>
      <trkpt lat="22.2126936073" lon="113.9140078775"><ele>44.000</ele></trkpt>
      <trkpt lat="22.2126885668" lon="113.9140293497"><ele>44.000</ele></trkpt>
      <trkpt lat="22.2126819261" lon="113.9140609502"><ele>42.000</ele></trkpt>
      <trkpt lat="22.2126787181" lon="113.9140708293"><ele>42.000</ele></trkpt>
      <trkpt lat="22.2126729899" lon="113.9140858921"><ele>42.000</ele></trkpt>
      <trkpt lat="22.2126511941" lon="113.9141276267"><ele>40.000</ele></trkpt>
      <trkpt lat="22.2126483246" lon="113.9141340903"><ele>40.000</ele></trkpt>
      <trkpt lat="22.2126238811" lon="113.9141753264"><ele>40.000</ele></trkpt>
      <trkpt lat="22.2126216018" lon="113.9141898688"><ele>38.000</ele></trkpt>
      <trkpt lat="22.2126125831" lon="113.9142196891"><ele>38.000</ele></trkpt>
      <trkpt lat="22.2125988515" lon="113.9142557157"><ele>36.000</ele></trkpt>
      <trkpt lat="22.2125883107" lon="113.9142936468"><ele>34.000</ele></trkpt>
      <trkpt lat="22.2125762612" lon="113.9143424140"><ele>32.000</ele></trkpt>
      <trkpt lat="22.2125706091" lon="113.9143766895"><ele>32.000</ele></trkpt>
      <trkpt lat="22.2125705099" lon="113.9143768060"><ele>32.000</ele></trkpt>
      <trkpt lat="22.2125488601" lon="113.9143859241"><ele>30.000</ele></trkpt>
      <trkpt lat="22.2125296115" lon="113.9143944558"><ele>30.000</ele></trkpt>
      <trkpt lat="22.2125112954" lon="113.9144044697"><ele>29.000</ele></trkpt>
      <trkpt lat="22.2124936054" lon="113.9144050942"><ele>29.000</ele></trkpt>
      <trkpt lat="22.2124699069" lon="113.9144037611"><ele>28.000</ele></trkpt>
      <trkpt lat="22.2124451612" lon="113.9144150244"><ele>28.000</ele></trkpt>
      <trkpt lat="22.2124338517" lon="113.9144287727"><ele>27.000</ele></trkpt>
      <trkpt lat="22.2124248948" lon="113.9144408834"><ele>26.000</ele></trkpt>
      <trkpt lat="22.2124182481" lon="113.9144519909"><ele>26.000</ele></trkpt>
      <trkpt lat="22.2124129670" lon="113.9144643372"><ele>26.000</ele></trkpt>
      <trkpt lat="22.2124008243" lon="113.9145001473"><ele>26.000</ele></trkpt>
      <trkpt lat="22.2123964592" lon="113.9145092817"><ele>26.000</ele></trkpt>
      <trkpt lat="22.2123875160" lon="113.9145243505"><ele>26.000</ele></trkpt>
      <trkpt lat="22.2123751161" lon="113.9145406573"><ele>26.000</ele></trkpt>
      <trkpt lat="22.2123620377" lon="113.9145562187"><ele>26.000</ele></trkpt>
      <trkpt lat="22.2123523964" lon="113.9145695623"><ele>26.000</ele></trkpt>
      <trkpt lat="22.2123459747" lon="113.9145801844"><ele>24.000</ele></trkpt>
      <trkpt lat="22.2123248689" lon="113.9146187074"><ele>24.000</ele></trkpt>
      <trkpt lat="22.2123161401" lon="113.9146322918"><ele>22.000</ele></trkpt>
      <trkpt lat="22.2123092642" lon="113.9146468717"><ele>22.000</ele></trkpt>
      <trkpt lat="22.2123058329" lon="113.9146638990"><ele>22.000</ele></trkpt>
      <trkpt lat="22.2123046886" lon="113.9146767323"><ele>21.000</ele></trkpt>
      <trkpt lat="22.2123058523" lon="113.9146927811"><ele>21.000</ele></trkpt>
      <trkpt lat="22.2123077012" lon="113.9147080820"><ele>21.000</ele></trkpt>
      <trkpt lat="22.2123130129" lon="113.9147371967"><ele>18.000</ele></trkpt>
      <trkpt lat="22.2123137213" lon="113.9147621206"><ele>18.000</ele></trkpt>
      <trkpt lat="22.2123128031" lon="113.9147695223"><ele>16.000</ele></trkpt>
      <trkpt lat="22.2123107431" lon="113.9147801363"><ele>16.000</ele></trkpt>
      <trkpt lat="22.2123061558" lon="113.9147915017"><ele>16.000</ele></trkpt>
      <trkpt lat="22.2123020317" lon="113.9147989093"><ele>16.000</ele></trkpt>
      <trkpt lat="22.2122946848" lon="113.9148070600"><ele>18.000</ele></trkpt>
      <trkpt lat="22.2122157723" lon="113.9149400373"><ele>14.000</ele></trkpt>
      <trkpt lat="22.2121908264" lon="113.9149828734"><ele>12.000</ele></trkpt>
      <trkpt lat="22.2121733640" lon="113.9151008349"><ele>13.000</ele></trkpt>
      <trkpt lat="22.2121450058" lon="113.9152923988"><ele>10.000</ele></trkpt>
      <trkpt lat="22.2121427793" lon="113.9153511080"><ele>8.000</ele></trkpt>
      <trkpt lat="22.2121321956" lon="113.9154985337"><ele>10.000</ele></trkpt>
      <trkpt lat="22.2121183116" lon="113.9156919295"><ele>13.000</ele></trkpt>
      <trkpt lat="22.2121071921" lon="113.9158366129"><ele>18.000</ele></trkpt>
      <trkpt lat="22.2120824347" lon="113.9159577929"><ele>21.000</ele></trkpt>
      <trkpt lat="22.2120729890" lon="113.9160255931"><ele>20.000</ele></trkpt>
      <trkpt lat="22.2120396941" lon="113.9160488341"><ele>20.000</ele></trkpt>
      <trkpt lat="22.2120270686" lon="113.9160597100"><ele>20.000</ele></trkpt>
      <trkpt lat="22.2120132923" lon="113.9160737886"><ele>20.000</ele></trkpt>
      <trkpt lat="22.2120027282" lon="113.9160861446"><ele>20.000</ele></trkpt>
      <trkpt lat="22.2119905661" lon="113.9160987460"><ele>20.000</ele></trkpt>
      <trkpt lat="22.2119767918" lon="113.9161140660"><ele>18.000</ele></trkpt>
      <trkpt lat="22.2119648546" lon="113.9161261820"><ele>18.000</ele></trkpt>
      <trkpt lat="22.2119526857" lon="113.9161345840"><ele>18.000</ele></trkpt>
      <trkpt lat="22.2119418859" lon="113.9161407722"><ele>18.000</ele></trkpt>
      <trkpt lat="22.2119301764" lon="113.9161484362"><ele>18.000</ele></trkpt>
      <trkpt lat="22.2119205342" lon="113.9161556018"><ele>18.000</ele></trkpt>
      <trkpt lat="22.2119147959" lon="113.9161644962"><ele>18.000</ele></trkpt>
      <trkpt lat="22.2119083686" lon="113.9161773392"><ele>18.000</ele></trkpt>
      <trkpt lat="22.2119021815" lon="113.9161879608"><ele>18.000</ele></trkpt>
      <trkpt lat="22.2118957463" lon="113.9161958672"><ele>18.000</ele></trkpt>
      <trkpt lat="22.2118838122" lon="113.9162042784"><ele>18.000</ele></trkpt>
      <trkpt lat="22.2118720980" lon="113.9162089748"><ele>18.000</ele></trkpt>
      <trkpt lat="22.2118576278" lon="113.9162126966"><ele>18.000</ele></trkpt>
      <trkpt lat="22.2118438456" lon="113.9162174064"><ele>18.000</ele></trkpt>
      <trkpt lat="22.2118215596" lon="113.9162241007"><ele>20.000</ele></trkpt>
      <trkpt lat="22.2118098462" lon="113.9162293014"><ele>20.000</ele></trkpt>
      <trkpt lat="22.2118041221" lon="113.9162470795"><ele>20.000</ele></trkpt>
      <trkpt lat="22.2118011429" lon="113.9162646005"><ele>19.000</ele></trkpt>
      <trkpt lat="22.2118002428" lon="113.9162833590"><ele>20.000</ele></trkpt>
      <trkpt lat="22.2118002524" lon="113.9163006417"><ele>20.000</ele></trkpt>
      <trkpt lat="22.2118018678" lon="113.9163112488"><ele>20.000</ele></trkpt>
      <trkpt lat="22.2118067004" lon="113.9163176603"><ele>20.000</ele></trkpt>
      <trkpt lat="22.2118099209" lon="113.9163267903"><ele>25.000</ele></trkpt>
      <trkpt lat="22.2118122266" lon="113.9163398596"><ele>25.000</ele></trkpt>
      <trkpt lat="22.2118159124" lon="113.9163519565"><ele>25.000</ele></trkpt>
      <trkpt lat="22.2118202912" lon="113.9163625586"><ele>25.000</ele></trkpt>
      <trkpt lat="22.2118283352" lon="113.9163724265"><ele>28.000</ele></trkpt>
      <trkpt lat="22.2118398285" lon="113.9163820359"><ele>28.000</ele></trkpt>
      <trkpt lat="22.2118685709" lon="113.9164032225"><ele>28.000</ele></trkpt>
      <trkpt lat="22.2118846600" lon="113.9164180121"><ele>28.000</ele></trkpt>
      <trkpt lat="22.2118945475" lon="113.9164286040"><ele>27.000</ele></trkpt>
      <trkpt lat="22.2118980032" lon="113.9164379857"><ele>27.000</ele></trkpt>
      <trkpt lat="22.2119067263" lon="113.9164320439"><ele>27.000</ele></trkpt>
      <trkpt lat="22.2119225778" lon="113.9164280770"><ele>27.000</ele></trkpt>
      <trkpt lat="22.2119404992" lon="113.9164253381"><ele>27.000</ele></trkpt>
      <trkpt lat="22.2119597941" lon="113.9164230912"><ele>27.000</ele></trkpt>
      <trkpt lat="22.2119770230" lon="113.9164220799"><ele>27.000</ele></trkpt>
      <trkpt lat="22.2119979379" lon="113.9164220607"><ele>28.000</ele></trkpt>
      <trkpt lat="22.2120174641" lon="113.9164232661"><ele>28.000</ele></trkpt>
      <trkpt lat="22.2120569837" lon="113.9164242018"><ele>29.000</ele></trkpt>
      <trkpt lat="22.2120753642" lon="113.9164261560"><ele>31.000</ele></trkpt>
      <trkpt lat="22.2121050004" lon="113.9164303105"><ele>31.000</ele></trkpt>
      <trkpt lat="22.2121201734" lon="113.9164312718"><ele>34.000</ele></trkpt>
      <trkpt lat="22.2121339533" lon="113.9164307614"><ele>34.000</ele></trkpt>
      <trkpt lat="22.2121449770" lon="113.9164290244"><ele>34.000</ele></trkpt>
      <trkpt lat="22.2121534787" lon="113.9164257985"><ele>34.000</ele></trkpt>
      <trkpt lat="22.2121617487" lon="113.9164188779"><ele>34.000</ele></trkpt>
      <trkpt lat="22.2121670194" lon="113.9164112258"><ele>35.000</ele></trkpt>
      <trkpt lat="22.2121739058" lon="113.9164030664"><ele>35.000</ele></trkpt>
      <trkpt lat="22.2121819504" lon="113.9163963983"><ele>35.000</ele></trkpt>
      <trkpt lat="22.2121911369" lon="113.9163921916"><ele>35.000</ele></trkpt>
      <trkpt lat="22.2121996327" lon="113.9163909442"><ele>35.000</ele></trkpt>
      <trkpt lat="22.2122104326" lon="113.9163904394"><ele>36.000</ele></trkpt>
      <trkpt lat="22.2122230688" lon="113.9163918999"><ele>36.000</ele></trkpt>
      <trkpt lat="22.2122435224" lon="113.9163970606"><ele>36.000</ele></trkpt>
      <trkpt lat="22.2122557036" lon="113.9164019746"><ele>39.000</ele></trkpt>
      <trkpt lat="22.2122708712" lon="113.9164051666"><ele>39.000</ele></trkpt>
      <trkpt lat="22.2122853374" lon="113.9164046549"><ele>39.000</ele></trkpt>
      <trkpt lat="22.2123007303" lon="113.9164019206"><ele>40.000</ele></trkpt>
      <trkpt lat="22.2123154309" lon="113.9163954828"><ele>40.000</ele></trkpt>
      <trkpt lat="22.2123416121" lon="113.9163794028"><ele>40.000</ele></trkpt>
      <trkpt lat="22.2123687117" lon="113.9163616045"><ele>42.000</ele></trkpt>
      <trkpt lat="22.2123788185" lon="113.9163569015"><ele>42.000</ele></trkpt>
      <trkpt lat="22.2123877729" lon="113.9163544215"><ele>42.000</ele></trkpt>
      <trkpt lat="22.2123974267" lon="113.9163544037"><ele>43.000</ele></trkpt>
      <trkpt lat="22.2124082222" lon="113.9163568569"><ele>43.000</ele></trkpt>
      <trkpt lat="22.2124204038" lon="113.9163620231"><ele>43.000</ele></trkpt>
      <trkpt lat="22.2124415536" lon="113.9163733508"><ele>44.000</ele></trkpt>
      <trkpt lat="22.2124498210" lon="113.9163760608"><ele>44.000</ele></trkpt>
      <trkpt lat="22.2124597021" lon="113.9163770318"><ele>44.000</ele></trkpt>
      <trkpt lat="22.2124684343" lon="113.9163767732"><ele>44.000</ele></trkpt>
      <trkpt lat="22.2124762470" lon="113.9163775056"><ele>44.000</ele></trkpt>
      <trkpt lat="22.2124875023" lon="113.9163794633"><ele>46.000</ele></trkpt>
      <trkpt lat="22.2125146225" lon="113.9163858434"><ele>46.000</ele></trkpt>
      <trkpt lat="22.2125307084" lon="113.9163873073"><ele>48.000</ele></trkpt>
      <trkpt lat="22.2125580429" lon="113.9163865294"><ele>48.000</ele></trkpt>
      <trkpt lat="22.2125651693" lon="113.9163872631"><ele>48.000</ele></trkpt>
      <trkpt lat="22.2125803357" lon="113.9163897082"><ele>50.000</ele></trkpt>
      <trkpt lat="22.2125954954" lon="113.9163936372"><ele>50.000</ele></trkpt>
      <trkpt lat="22.2126120478" lon="113.9163987954"><ele>50.000</ele></trkpt>
      <trkpt lat="22.2126212347" lon="113.9164005145"><ele>52.000</ele></trkpt>
      <trkpt lat="22.2126295075" lon="113.9164009938"><ele>52.000</ele></trkpt>
      <trkpt lat="22.2126690259" lon="113.9163955188"><ele>54.000</ele></trkpt>
      <trkpt lat="22.2126945221" lon="113.9163972078"><ele>54.000</ele></trkpt>
      <trkpt lat="22.2127269284" lon="113.9164055566"><ele>56.000</ele></trkpt>
      <trkpt lat="22.2127593300" lon="113.9164166211"><ele>56.000</ele></trkpt>
      <trkpt lat="22.2127917300" lon="113.9164267060"><ele>56.000</ele></trkpt>
      <trkpt lat="22.2128250578" lon="113.9164352956"><ele>58.000</ele></trkpt>
      <trkpt lat="22.2128792892" lon="113.9164480558"><ele>58.000</ele></trkpt>
      <trkpt lat="22.2128974372" lon="113.9164514944"><ele>56.000</ele></trkpt>
      <trkpt lat="22.2129298360" lon="113.9164551491"><ele>56.000</ele></trkpt>
      <trkpt lat="22.2129482177" lon="113.9164578405"><ele>54.000</ele></trkpt>
      <trkpt lat="22.2129686697" lon="113.9164620120"><ele>56.000</ele></trkpt>
      <trkpt lat="22.2129875159" lon="113.9164671756"><ele>56.000</ele></trkpt>
      <trkpt lat="22.2130245062" lon="113.9164732950"><ele>56.000</ele></trkpt>
      <trkpt lat="22.2130394452" lon="113.9164747514"><ele>56.000</ele></trkpt>
      <trkpt lat="22.2130585140" lon="113.9164779361"><ele>56.000</ele></trkpt>
      <trkpt lat="22.2131189490" lon="113.9164904424"><ele>56.000</ele></trkpt>
      <trkpt lat="22.2131269910" lon="113.9164933954"><ele>56.000</ele></trkpt>
      <trkpt lat="22.2131368792" lon="113.9164988180"><ele>56.000</ele></trkpt>
      <trkpt lat="22.2131506690" lon="113.9165101496"><ele>58.000</ele></trkpt>
      <trkpt lat="22.2131738928" lon="113.9165308520"><ele>56.000</ele></trkpt>
      <trkpt lat="22.2131826275" lon="113.9165377510"><ele>56.000</ele></trkpt>
      <trkpt lat="22.2131918227" lon="113.9165446491"><ele>56.000</ele></trkpt>
      <trkpt lat="22.2132325117" lon="113.9165710027"><ele>58.000</ele></trkpt>
      <trkpt lat="22.2132430871" lon="113.9165769187"><ele>58.000</ele></trkpt>
      <trkpt lat="22.2132550342" lon="113.9165823279"><ele>57.000</ele></trkpt>
      <trkpt lat="22.2132690482" lon="113.9165869961"><ele>57.000</ele></trkpt>
      <trkpt lat="22.2133131810" lon="113.9166039746"><ele>58.000</ele></trkpt>
      <trkpt lat="22.2133451185" lon="113.9166128190"><ele>60.000</ele></trkpt>
      <trkpt lat="22.2133664920" lon="113.9166172312"><ele>60.000</ele></trkpt>
      <trkpt lat="22.2133814224" lon="113.9166189397"><ele>60.000</ele></trkpt>
      <trkpt lat="22.2133956736" lon="113.9166194177"><ele>60.000</ele></trkpt>
      <trkpt lat="22.2134117567" lon="113.9166191456"><ele>60.000</ele></trkpt>
      <trkpt lat="22.2134250816" lon="113.9166164152"><ele>60.000</ele></trkpt>
      <trkpt lat="22.2134367880" lon="113.9166124559"><ele>61.000</ele></trkpt>
      <trkpt lat="22.2134480456" lon="113.9166045405"><ele>59.000</ele></trkpt>
      <trkpt lat="22.2134565362" lon="113.9165944092"><ele>59.000</ele></trkpt>
      <trkpt lat="22.2134668636" lon="113.9165808219"><ele>59.000</ele></trkpt>
      <trkpt lat="22.2134792590" lon="113.9165672307"><ele>60.000</ele></trkpt>
      <trkpt lat="22.2134925783" lon="113.9165553641"><ele>58.000</ele></trkpt>
      <trkpt lat="22.2135072722" lon="113.9165447364"><ele>58.000</ele></trkpt>
      <trkpt lat="22.2135394238" lon="113.9165237185"><ele>60.000</ele></trkpt>
      <trkpt lat="22.2135858143" lon="113.9164955167"><ele>60.000</ele></trkpt>
      <trkpt lat="22.2136340431" lon="113.9164705314"><ele>60.000</ele></trkpt>
      <trkpt lat="22.2136696377" lon="113.9164509812"><ele>60.000</ele></trkpt>
      <trkpt lat="22.2137183279" lon="113.9164264896"><ele>60.000</ele></trkpt>
      <trkpt lat="22.2137311871" lon="113.9164205498"><ele>60.000</ele></trkpt>
      <trkpt lat="22.2137808023" lon="113.9164041936"><ele>62.000</ele></trkpt>
      <trkpt lat="22.2138090500" lon="113.9163928038"><ele>60.000</ele></trkpt>
      <trkpt lat="22.2138170947" lon="113.9163917997"><ele>60.000</ele></trkpt>
      <trkpt lat="22.2138322611" lon="113.9163942545"><ele>60.000</ele></trkpt>
      <trkpt lat="22.2138460477" lon="113.9163979340"><ele>60.000</ele></trkpt>
      <trkpt lat="22.2138571466" lon="113.9164037133"><ele>60.000</ele></trkpt>
      <trkpt lat="22.2138859218" lon="113.9164290618"><ele>59.000</ele></trkpt>
      <trkpt lat="22.2138924882" lon="113.9164258424"><ele>59.000</ele></trkpt>
      <trkpt lat="22.2139109891" lon="113.9164155442"><ele>59.000</ele></trkpt>
      <trkpt lat="22.2139867707" lon="113.9163653652"><ele>62.000</ele></trkpt>
      <trkpt lat="22.2140762853" lon="113.9163113115"><ele>58.000</ele></trkpt>
      <trkpt lat="22.2141622270" lon="113.9162643219"><ele>59.000</ele></trkpt>
      <trkpt lat="22.2142648685" lon="113.9162012628"><ele>58.000</ele></trkpt>
      <trkpt lat="22.2143167846" lon="113.9161684485"><ele>62.000</ele></trkpt>
      <trkpt lat="22.2143925845" lon="113.9161291754"><ele>61.000</ele></trkpt>
      <trkpt lat="22.2144528640" lon="113.9160969877"><ele>58.000</ele></trkpt>
      <trkpt lat="22.2145125558" lon="113.9160705746"><ele>58.000</ele></trkpt>
      <trkpt lat="22.2145907628" lon="113.9160428441"><ele>58.000</ele></trkpt>
      <trkpt lat="22.2146522553" lon="113.9160215602"><ele>60.000</ele></trkpt>
      <trkpt lat="22.2147173343" lon="113.9160021948"><ele>58.000</ele></trkpt>
      <trkpt lat="22.2147621137" lon="113.9159892807"><ele>58.000</ele></trkpt>
      <trkpt lat="22.2148445172" lon="113.9159705244"><ele>58.000</ele></trkpt>
      <trkpt lat="22.2149585650" lon="113.9159433696"><ele>60.000</ele></trkpt>
      <trkpt lat="22.2150720167" lon="113.9159162149"><ele>62.000</ele></trkpt>
      <trkpt lat="22.2151341165" lon="113.9159013454"><ele>60.000</ele></trkpt>
      <trkpt lat="22.2152117421" lon="113.9158838799"><ele>58.000</ele></trkpt>
      <trkpt lat="22.2153156430" lon="113.9158612343"><ele>59.000</ele></trkpt>
      <trkpt lat="22.2154416342" lon="113.9158314909"><ele>56.000</ele></trkpt>
      <trkpt lat="22.2155318030" lon="113.9158127200"><ele>54.000</ele></trkpt>
      <trkpt lat="22.2155497182" lon="113.9158094795"><ele>54.000</ele></trkpt>
      <trkpt lat="22.2155801759" lon="113.9158055737"><ele>54.000</ele></trkpt>
      <trkpt lat="22.2156112417" lon="113.9158080825"><ele>54.000</ele></trkpt>
      <trkpt lat="22.2156375358" lon="113.9158150907"><ele>54.000</ele></trkpt>
      <trkpt lat="22.2156704097" lon="113.9158278604"><ele>56.000</ele></trkpt>
      <trkpt lat="22.2156913443" lon="113.9158451426"><ele>54.000</ele></trkpt>
      <trkpt lat="22.2157170753" lon="113.9158733232"><ele>54.000</ele></trkpt>
      <trkpt lat="22.2157499904" lon="113.9159117538"><ele>54.000</ele></trkpt>
      <trkpt lat="22.2157745318" lon="113.9159431440"><ele>55.000</ele></trkpt>
      <trkpt lat="22.2158056418" lon="113.9159732379"><ele>56.000</ele></trkpt>
      <trkpt lat="22.2158391331" lon="113.9159981959"><ele>54.000</ele></trkpt>
      <trkpt lat="22.2158678290" lon="113.9160128985"><ele>56.000</ele></trkpt>
      <trkpt lat="22.2158941312" lon="113.9160250384"><ele>59.000</ele></trkpt>
      <trkpt lat="22.2159329769" lon="113.9160365149"><ele>60.000</ele></trkpt>
      <trkpt lat="22.2159586719" lon="113.9160422410"><ele>60.000</ele></trkpt>
      <trkpt lat="22.2159921303" lon="113.9160466697"><ele>60.000</ele></trkpt>
      <trkpt lat="22.2160333511" lon="113.9160498009"><ele>57.000</ele></trkpt>
      <trkpt lat="22.2160709825" lon="113.9160490903"><ele>56.000</ele></trkpt>
      <trkpt lat="22.2161086138" lon="113.9160483787"><ele>56.000</ele></trkpt>
      <trkpt lat="22.2161396704" lon="113.9160451139"><ele>56.000</ele></trkpt>
      <trkpt lat="22.2161713238" lon="113.9160412059"><ele>56.000</ele></trkpt>
      <trkpt lat="22.2162041679" lon="113.9160353715"><ele>56.000</ele></trkpt>
      <trkpt lat="22.2162388037" lon="113.9160295338"><ele>56.000</ele></trkpt>
      <trkpt lat="22.2162680634" lon="113.9160230650"><ele>56.000</ele></trkpt>
      <trkpt lat="22.2163003034" lon="113.9160127402"><ele>56.000</ele></trkpt>
      <trkpt lat="22.2163355288" lon="113.9160017688"><ele>56.000</ele></trkpt>
      <trkpt lat="22.2163594025" lon="113.9159895362"><ele>56.000</ele></trkpt>
      <trkpt lat="22.2163898436" lon="113.9159747242"><ele>56.000</ele></trkpt>
      <trkpt lat="22.2164196848" lon="113.9159586311"><ele>56.000</ele></trkpt>
      <trkpt lat="22.2164453469" lon="113.9159438279"><ele>56.000</ele></trkpt>
      <trkpt lat="22.2164644447" lon="113.9159335283"><ele>56.000</ele></trkpt>
      <trkpt lat="22.2164907120" lon="113.9159238566"><ele>56.000</ele></trkpt>
      <trkpt lat="22.2165247466" lon="113.9159148116"><ele>56.000</ele></trkpt>
      <trkpt lat="22.2165569908" lon="113.9159076951"><ele>56.000</ele></trkpt>
      <trkpt lat="22.2165838631" lon="113.9159025138"><ele>56.000</ele></trkpt>
      <trkpt lat="22.2166143197" lon="113.9158973248"><ele>56.000</ele></trkpt>
      <trkpt lat="22.2166394004" lon="113.9158927879"><ele>56.000</ele></trkpt>
      <trkpt lat="22.2166609041" lon="113.9158927481"><ele>56.000</ele></trkpt>
      <trkpt lat="22.2166913678" lon="113.9158920497"><ele>57.000</ele></trkpt>
      <trkpt lat="22.2167212348" lon="113.9158919945"><ele>57.000</ele></trkpt>
      <trkpt lat="22.2167433404" lon="113.9158945199"><ele>58.000</ele></trkpt>
      <trkpt lat="22.2167791864" lon="113.9158983031"><ele>58.000</ele></trkpt>
      <trkpt lat="22.2168198081" lon="113.9158995111"><ele>56.000</ele></trkpt>
      <trkpt lat="22.2168634144" lon="113.9159000715"><ele>56.000</ele></trkpt>
      <trkpt lat="22.2169141902" lon="113.9159012608"><ele>56.000</ele></trkpt>
      <trkpt lat="22.2169536110" lon="113.9158986216"><ele>56.000</ele></trkpt>
      <trkpt lat="22.2169918321" lon="113.9158934192"><ele>56.000</ele></trkpt>
      <trkpt lat="22.2170294562" lon="113.9158882170"><ele>56.000</ele></trkpt>
      <trkpt lat="22.2170682730" lon="113.9158817294"><ele>56.000</ele></trkpt>
      <trkpt lat="22.2171076878" lon="113.9158758828"><ele>56.000</ele></trkpt>
      <trkpt lat="22.2171369506" lon="113.9158713381"><ele>55.000</ele></trkpt>
      <trkpt lat="22.2171590450" lon="113.9158668067"><ele>55.000</ele></trkpt>
      <trkpt lat="22.2171829248" lon="113.9158584225"><ele>55.000</ele></trkpt>
      <trkpt lat="22.2172073952" lon="113.9158455466"><ele>55.000</ele></trkpt>
      <trkpt lat="22.2172252950" lon="113.9158326819"><ele>56.000</ele></trkpt>
      <trkpt lat="22.2172473605" lon="113.9158101873"><ele>54.000</ele></trkpt>
      <trkpt lat="22.2172628574" lon="113.9157889880"><ele>54.000</ele></trkpt>
      <trkpt lat="22.2172789450" lon="113.9157639381"><ele>55.000</ele></trkpt>
      <trkpt lat="22.2173015745" lon="113.9157209128"><ele>56.000</ele></trkpt>
      <trkpt lat="22.2173396894" lon="113.9156489902"><ele>56.000</ele></trkpt>
      <trkpt lat="22.2173843471" lon="113.9155597333"><ele>54.000</ele></trkpt>
      <trkpt lat="22.2174206704" lon="113.9154884550"><ele>53.000</ele></trkpt>
      <trkpt lat="22.2174563989" lon="113.9154191021"><ele>52.000</ele></trkpt>
      <trkpt lat="22.2174724791" lon="113.9153889204"><ele>52.000</ele></trkpt>
      <trkpt lat="22.2174849855" lon="113.9153658014"><ele>52.000</ele></trkpt>
      <trkpt lat="22.2174980960" lon="113.9153465306"><ele>52.000</ele></trkpt>
      <trkpt lat="22.2175153854" lon="113.9153253279"><ele>50.000</ele></trkpt>
      <trkpt lat="22.2175308863" lon="113.9153066948"><ele>50.000</ele></trkpt>
      <trkpt lat="22.2175487820" lon="113.9152919057"><ele>52.000</ele></trkpt>
      <trkpt lat="22.2175732380" lon="113.9152700486"><ele>50.000</ele></trkpt>
      <trkpt lat="22.2175959157" lon="113.9152565338"><ele>50.000</ele></trkpt>
      <trkpt lat="22.2176299422" lon="113.9152429981"><ele>51.000</ele></trkpt>
      <trkpt lat="22.2176669509" lon="113.9152268914"><ele>50.000</ele></trkpt>
      <trkpt lat="22.2177021751" lon="113.9152146365"><ele>50.000</ele></trkpt>
      <trkpt lat="22.2177320296" lon="113.9152068822"><ele>50.000</ele></trkpt>
      <trkpt lat="22.2177618905" lon="113.9152036193"><ele>50.000</ele></trkpt>
      <trkpt lat="22.2177875753" lon="113.9152029306"><ele>50.000</ele></trkpt>
      <trkpt lat="22.2178132600" lon="113.9152022409"><ele>50.000</ele></trkpt>
      <trkpt lat="22.2178413394" lon="113.9152047552"><ele>50.000</ele></trkpt>
      <trkpt lat="22.2178759875" lon="113.9152066152"><ele>50.000</ele></trkpt>
      <trkpt lat="22.2179040690" lon="113.9152104126"><ele>50.000</ele></trkpt>
      <trkpt lat="22.2179333422" lon="113.9152129247"><ele>50.000</ele></trkpt>
      <trkpt lat="22.2179596258" lon="113.9152128759"><ele>50.000</ele></trkpt>
      <trkpt lat="22.2179864982" lon="113.9152083355"><ele>50.000</ele></trkpt>
      <trkpt lat="22.2180163548" lon="113.9152018643"><ele>50.000</ele></trkpt>
      <trkpt lat="22.2180366554" lon="113.9151960529"><ele>50.000</ele></trkpt>
      <trkpt lat="22.2180581476" lon="113.9151883150"><ele>48.000</ele></trkpt>
      <trkpt lat="22.2180814234" lon="113.9151760822"><ele>48.000</ele></trkpt>
      <trkpt lat="22.2181041021" lon="113.9151632095"><ele>48.000</ele></trkpt>
      <trkpt lat="22.2181267727" lon="113.9151458452"><ele>49.000</ele></trkpt>
      <trkpt lat="22.2181482453" lon="113.9151259177"><ele>48.000</ele></trkpt>
      <trkpt lat="22.2181697149" lon="113.9151047071"><ele>48.000</ele></trkpt>
      <trkpt lat="22.2181846158" lon="113.9150841498"><ele>48.000</ele></trkpt>
      <trkpt lat="22.2181995127" lon="113.9150616682"><ele>48.000</ele></trkpt>
      <trkpt lat="22.2182114241" lon="113.9150391921"><ele>48.000</ele></trkpt>
      <trkpt lat="22.2182251139" lon="113.9150090147"><ele>50.000</ele></trkpt>
      <trkpt lat="22.2182382181" lon="113.9149858943"><ele>50.000</ele></trkpt>
      <trkpt lat="22.2182495285" lon="113.9149614951"><ele>50.000</ele></trkpt>
      <trkpt lat="22.2182644170" lon="113.9149332388"><ele>50.000</ele></trkpt>
      <trkpt lat="22.2182781109" lon="113.9149056277"><ele>50.000</ele></trkpt>
      <trkpt lat="22.2182888317" lon="113.9148863612"><ele>51.000</ele></trkpt>
      <trkpt lat="22.2182989629" lon="113.9148715865"><ele>51.000</ele></trkpt>
      <trkpt lat="22.2183210169" lon="113.9148420346"><ele>49.000</ele></trkpt>
      <trkpt lat="22.2183448583" lon="113.9148092720"><ele>49.000</ele></trkpt>
      <trkpt lat="22.2183704905" lon="113.9147765050"><ele>47.000</ele></trkpt>
      <trkpt lat="22.2184002913" lon="113.9147353912"><ele>46.000</ele></trkpt>
      <trkpt lat="22.2184342700" lon="113.9146917032"><ele>49.000</ele></trkpt>
      <trkpt lat="22.2184688500" lon="113.9146512216"><ele>46.000</ele></trkpt>
      <trkpt lat="22.2184968653" lon="113.9146139595"><ele>42.000</ele></trkpt>
      <trkpt lat="22.2185141475" lon="113.9145889071"><ele>43.000</ele></trkpt>
      <trkpt lat="22.2185260661" lon="113.9145715636"><ele>43.000</ele></trkpt>
      <trkpt lat="22.2185373838" lon="113.9145516539"><ele>40.000</ele></trkpt>
      <trkpt lat="22.2185713398" lon="113.9144944931"><ele>43.000</ele></trkpt>
      <trkpt lat="22.2186023177" lon="113.9144424705"><ele>42.000</ele></trkpt>
      <trkpt lat="22.2186291186" lon="113.9143930219"><ele>40.000</ele></trkpt>
      <trkpt lat="22.2186589059" lon="113.9143435669"><ele>40.000</ele></trkpt>
      <trkpt lat="22.2186755869" lon="113.9143159501"><ele>38.000</ele></trkpt>
      <trkpt lat="22.2186904786" lon="113.9142902599"><ele>38.000</ele></trkpt>
      <trkpt lat="22.2187053721" lon="113.9142652118"><ele>38.000</ele></trkpt>
      <trkpt lat="22.2187244376" lon="113.9142350242"><ele>38.000</ele></trkpt>
      <trkpt lat="22.2187411218" lon="113.9142093307"><ele>36.000</ele></trkpt>
      <trkpt lat="22.2187596039" lon="113.9141874843"><ele>35.000</ele></trkpt>
      <trkpt lat="22.2187757015" lon="113.9141682077"><ele>34.000</ele></trkpt>
      <trkpt lat="22.2188013438" lon="113.9141412153"><ele>34.000</ele></trkpt>
      <trkpt lat="22.2188186466" lon="113.9141289935"><ele>34.000</ele></trkpt>
      <trkpt lat="22.2188401305" lon="113.9141161227"><ele>34.000</ele></trkpt>
      <trkpt lat="22.2188580354" lon="113.9141071071"><ele>33.000</ele></trkpt>
      <trkpt lat="22.2188759506" lon="113.9141038663"><ele>33.000</ele></trkpt>
      <trkpt lat="22.2188992448" lon="113.9141025398"><ele>33.000</ele></trkpt>
      <trkpt lat="22.2189201546" lon="113.9141044251"><ele>33.000</ele></trkpt>
      <trkpt lat="22.2189404707" lon="113.9141082368"><ele>34.000</ele></trkpt>
      <trkpt lat="22.2189595930" lon="113.9141126918"><ele>34.000</ele></trkpt>
      <trkpt lat="22.2189829039" lon="113.9141222717"><ele>35.000</ele></trkpt>
      <trkpt lat="22.2190086125" lon="113.9141363378"><ele>32.000</ele></trkpt>
      <trkpt lat="22.2190265525" lon="113.9141484940"><ele>34.000</ele></trkpt>
      <trkpt lat="22.2190420999" lon="113.9141587295"><ele>34.000</ele></trkpt>
      <trkpt lat="22.2190600430" lon="113.9141728110"><ele>36.000</ele></trkpt>
      <trkpt lat="22.2190779851" lon="113.9141862495"><ele>36.000</ele></trkpt>
      <trkpt lat="22.2190995095" lon="113.9141990402"><ele>36.000</ele></trkpt>
      <trkpt lat="22.2191192443" lon="113.9142131184"><ele>35.000</ele></trkpt>
      <trkpt lat="22.2191377718" lon="113.9142188577"><ele>35.000</ele></trkpt>
      <trkpt lat="22.2191580952" lon="113.9142278011"><ele>33.000</ele></trkpt>
      <trkpt lat="22.2191586920" lon="113.9142271589"><ele>33.000</ele></trkpt>
      <trkpt lat="22.2191742301" lon="113.9142316206"><ele>32.000</ele></trkpt>
      <trkpt lat="22.2191885672" lon="113.9142322350"><ele>32.000</ele></trkpt>
      <trkpt lat="22.2192041001" lon="113.9142334893"><ele>32.000</ele></trkpt>
      <trkpt lat="22.2192196290" lon="113.9142328193"><ele>30.000</ele></trkpt>
      <trkpt lat="22.2192321714" lon="113.9142315128"><ele>30.000</ele></trkpt>
      <trkpt lat="22.2192494887" lon="113.9142282721"><ele>30.000</ele></trkpt>
      <trkpt lat="22.2192632186" lon="113.9142224727"><ele>30.000</ele></trkpt>
      <trkpt lat="22.2192817213" lon="113.9142134570"><ele>30.000</ele></trkpt>
      <trkpt lat="22.2193294579" lon="113.9141819318"><ele>30.000</ele></trkpt>
      <trkpt lat="22.2193921119" lon="113.9141407563"><ele>28.000</ele></trkpt>
      <trkpt lat="22.2194499909" lon="113.9141015141"><ele>28.000</ele></trkpt>
      <trkpt lat="22.2194995108" lon="113.9140648537"><ele>28.000</ele></trkpt>
      <trkpt lat="22.2195353142" lon="113.9140416907"><ele>26.000</ele></trkpt>
      <trkpt lat="22.2195711146" lon="113.9140172456"><ele>26.000</ele></trkpt>
      <trkpt lat="22.2196176615" lon="113.9139889308"><ele>25.000</ele></trkpt>
      <trkpt lat="22.2196540649" lon="113.9139676910"><ele>26.000</ele></trkpt>
      <trkpt lat="22.2196797185" lon="113.9139477554"><ele>24.000</ele></trkpt>
      <trkpt lat="22.2197191125" lon="113.9139290773"><ele>24.000</ele></trkpt>
      <trkpt lat="22.2197579075" lon="113.9139091172"><ele>23.000</ele></trkpt>
      <trkpt lat="22.2198002898" lon="113.9138910746"><ele>22.000</ele></trkpt>
      <trkpt lat="22.2198462638" lon="113.9138781571"><ele>22.000</ele></trkpt>
      <trkpt lat="22.2198940324" lon="113.9138665204"><ele>20.000</ele></trkpt>
      <trkpt lat="22.2199316512" lon="113.9138581101"><ele>20.000</ele></trkpt>
      <trkpt lat="22.2199567236" lon="113.9138484399"><ele>20.000</ele></trkpt>
      <trkpt lat="22.2199794043" lon="113.9138368500"><ele>22.000</ele></trkpt>
      <trkpt lat="22.2200086495" lon="113.9138220403"><ele>22.000</ele></trkpt>
      <trkpt lat="22.2200379000" lon="113.9138104371"><ele>22.000</ele></trkpt>
      <trkpt lat="22.2200755083" lon="113.9137949698"><ele>20.000</ele></trkpt>
      <trkpt lat="22.2201053556" lon="113.9137827243"><ele>20.000</ele></trkpt>
      <trkpt lat="22.2201346112" lon="113.9137743296"><ele>20.000</ele></trkpt>
      <trkpt lat="22.2201662490" lon="113.9137614397"><ele>20.000</ele></trkpt>
      <trkpt lat="22.2202008639" lon="113.9137421293"><ele>18.000</ele></trkpt>
      <trkpt lat="22.2202432410" lon="113.9137208782"><ele>18.000</ele></trkpt>
      <trkpt lat="22.2202760725" lon="113.9137073450"><ele>18.000</ele></trkpt>
      <trkpt lat="22.2203017458" lon="113.9136995980"><ele>18.000</ele></trkpt>
      <trkpt lat="22.2203345950" lon="113.9136969703"><ele>18.000</ele></trkpt>
      <trkpt lat="22.2203656557" lon="113.9136962713"><ele>18.000</ele></trkpt>
      <trkpt lat="22.2203901477" lon="113.9136968667"><ele>18.000</ele></trkpt>
      <trkpt lat="22.2204283770" lon="113.9136967954"><ele>18.000</ele></trkpt>
      <trkpt lat="22.2204827380" lon="113.9136986192"><ele>19.000</ele></trkpt>
      <trkpt lat="22.2205293326" lon="113.9136998155"><ele>20.000</ele></trkpt>
      <trkpt lat="22.2205753294" lon="113.9137010129"><ele>18.000</ele></trkpt>
      <trkpt lat="22.2206416370" lon="113.9137028135"><ele>18.000</ele></trkpt>
      <trkpt lat="22.2206774850" lon="113.9137072373"><ele>18.000</ele></trkpt>
      <trkpt lat="22.2207025833" lon="113.9137136065"><ele>19.000</ele></trkpt>
      <trkpt lat="22.2207360562" lon="113.9137270161"><ele>19.000</ele></trkpt>
      <trkpt lat="22.2207617679" lon="113.9137430075"><ele>18.000</ele></trkpt>
      <trkpt lat="22.2207833038" lon="113.9137628553"><ele>18.000</ele></trkpt>
      <trkpt lat="22.2208030220" lon="113.9137868141"><ele>18.000</ele></trkpt>
      <trkpt lat="22.2208182214" lon="113.9138130082"><ele>18.000</ele></trkpt>
      <trkpt lat="22.2208597238" lon="113.9139009211"><ele>16.000</ele></trkpt>
      <trkpt lat="22.2209041298" lon="113.9139806425"><ele>16.000</ele></trkpt>
      <trkpt lat="22.2209414624" lon="113.9140476811"><ele>16.000</ele></trkpt>
      <trkpt lat="22.2209706437" lon="113.9140888964"><ele>16.000</ele></trkpt>
      <trkpt lat="22.2209976095" lon="113.9141226767"><ele>16.000</ele></trkpt>
      <trkpt lat="22.2210263856" lon="113.9141562286"><ele>16.000</ele></trkpt>
      <trkpt lat="22.2210723418" lon="113.9142033214"><ele>14.000</ele></trkpt>
      <trkpt lat="22.2211744101" lon="113.9143569594"><ele>14.000</ele></trkpt>
      <trkpt lat="22.2212305904" lon="113.9145030207"><ele>14.000</ele></trkpt>
      <trkpt lat="22.2212569786" lon="113.9145439398"><ele>14.000</ele></trkpt>
      <trkpt lat="22.2213598166" lon="113.9147034070"><ele>14.000</ele></trkpt>
      <trkpt lat="22.2214026891" lon="113.9147712613"><ele>14.000</ele></trkpt>
      <trkpt lat="22.2215041065" lon="113.9149317748"><ele>14.000</ele></trkpt>
      <trkpt lat="22.2215825225" lon="113.9150559888"><ele>14.000</ele></trkpt>
      <trkpt lat="22.2215942179" lon="113.9150755371"><ele>14.000</ele></trkpt>
      <trkpt lat="22.2216280755" lon="113.9151349980"><ele>14.000</ele></trkpt>
      <trkpt lat="22.2216324919" lon="113.9151436880"><ele>14.000</ele></trkpt>
      <trkpt lat="22.2216524250" lon="113.9151845329"><ele>14.000</ele></trkpt>
      <trkpt lat="22.2216716723" lon="113.9152257477"><ele>14.000</ele></trkpt>
      <trkpt lat="22.2216902339" lon="113.9152673324"><ele>14.000</ele></trkpt>
      <trkpt lat="22.2217013375" lon="113.9152928691"><ele>14.000</ele></trkpt>
      <trkpt lat="22.2217130639" lon="113.9153165443"><ele>14.000</ele></trkpt>
      <trkpt lat="22.2217238746" lon="113.9153357267"><ele>14.000</ele></trkpt>
      <trkpt lat="22.2217295365" lon="113.9153467732"><ele>14.000</ele></trkpt>
      <trkpt lat="22.2218298555" lon="113.9154240157"><ele>14.000</ele></trkpt>
      <trkpt lat="22.2218419299" lon="113.9154355353"><ele>14.000</ele></trkpt>
      <trkpt lat="22.2218457882" lon="113.9154538208"><ele>14.000</ele></trkpt>
      <trkpt lat="22.2218513117" lon="113.9154798626"><ele>14.000</ele></trkpt>
      <trkpt lat="22.2218621285" lon="113.9155461751"><ele>14.000</ele></trkpt>
      <trkpt lat="22.2218646951" lon="113.9155799477"><ele>14.000</ele></trkpt>
      <trkpt lat="22.2218655337" lon="113.9155859742"><ele>14.000</ele></trkpt>
      <trkpt lat="22.2218701898" lon="113.9156342578"><ele>14.000</ele></trkpt>
      <trkpt lat="22.2218727420" lon="113.9156827198"><ele>16.000</ele></trkpt>
      <trkpt lat="22.2218731721" lon="113.9157312536"><ele>19.000</ele></trkpt>
      <trkpt lat="22.2218728157" lon="113.9157680239"><ele>20.000</ele></trkpt>
      <trkpt lat="22.2218708156" lon="113.9158047389"><ele>17.000</ele></trkpt>
      <trkpt lat="22.2218675013" lon="113.9158384982"><ele>18.000</ele></trkpt>
      <trkpt lat="22.2218623489" lon="113.9158748505"><ele>21.000</ele></trkpt>
      <trkpt lat="22.2218135874" lon="113.9159166762"><ele>24.000</ele></trkpt>
      <trkpt lat="22.2217608247" lon="113.9159638244"><ele>24.000</ele></trkpt>
      <trkpt lat="22.2217507557" lon="113.9160033381"><ele>24.000</ele></trkpt>
      <trkpt lat="22.2217411824" lon="113.9160366045"><ele>24.000</ele></trkpt>
      <trkpt lat="22.2217313255" lon="113.9160676115"><ele>16.000</ele></trkpt>
      <trkpt lat="22.2217192617" lon="113.9161021337"><ele>16.000</ele></trkpt>
      <trkpt lat="22.2217004430" lon="113.9161535644"><ele>17.000</ele></trkpt>
      <trkpt lat="22.2216776411" lon="113.9162102690"><ele>18.000</ele></trkpt>
      <trkpt lat="22.2216556864" lon="113.9162602408"><ele>20.000</ele></trkpt>
      <trkpt lat="22.2216308633" lon="113.9163123323"><ele>16.000</ele></trkpt>
      <trkpt lat="22.2216216116" lon="113.9163325833"><ele>16.000</ele></trkpt>
      <trkpt lat="22.2215420512" lon="113.9165067315"><ele>16.000</ele></trkpt>
      <trkpt lat="22.2215022385" lon="113.9166048148"><ele>16.000</ele></trkpt>
      <trkpt lat="22.2214861525" lon="113.9166484907"><ele>17.000</ele></trkpt>
      <trkpt lat="22.2214710335" lon="113.9166925720"><ele>18.000</ele></trkpt>
      <trkpt lat="22.2214568903" lon="113.9167370202"><ele>16.000</ele></trkpt>
      <trkpt lat="22.2214447198" lon="113.9167783513"><ele>16.000</ele></trkpt>
      <trkpt lat="22.2214311267" lon="113.9168336130"><ele>17.000</ele></trkpt>
      <trkpt lat="22.2214178067" lon="113.9168958575"><ele>15.000</ele></trkpt>
      <trkpt lat="22.2214075652" lon="113.9169519471"><ele>15.000</ele></trkpt>
      <trkpt lat="22.2213984674" lon="113.9170116620"><ele>17.000</ele></trkpt>
      <trkpt lat="22.2213944832" lon="113.9170445397"><ele>17.000</ele></trkpt>
      <trkpt lat="22.2213908408" lon="113.9170822373"><ele>18.000</ele></trkpt>
      <trkpt lat="22.2213881739" lon="113.9171200204"><ele>18.000</ele></trkpt>
      <trkpt lat="22.2213866283" lon="113.9171531361"><ele>17.000</ele></trkpt>
      <trkpt lat="22.2213857767" lon="113.9171910225"><ele>17.000</ele></trkpt>
      <trkpt lat="22.2213858296" lon="113.9172241740"><ele>17.000</ele></trkpt>
      <trkpt lat="22.2213868021" lon="113.9172620571"><ele>17.000</ele></trkpt>
      <trkpt lat="22.2213887499" lon="113.9172998898"><ele>16.000</ele></trkpt>
      <trkpt lat="22.2213917315" lon="113.9173461783"><ele>15.000</ele></trkpt>
      <trkpt lat="22.2213951180" lon="113.9173857931"><ele>14.000</ele></trkpt>
      <trkpt lat="22.2213992628" lon="113.9174253094"><ele>13.000</ele></trkpt>
      <trkpt lat="22.2214041751" lon="113.9174647274"><ele>13.000</ele></trkpt>
      <trkpt lat="22.2214098458" lon="113.9175040373"><ele>13.000</ele></trkpt>
      <trkpt lat="22.2214174140" lon="113.9175497160"><ele>12.000</ele></trkpt>
      <trkpt lat="22.2214247187" lon="113.9175887125"><ele>17.000</ele></trkpt>
      <trkpt lat="22.2214341918" lon="113.9176339804"><ele>16.000</ele></trkpt>
      <trkpt lat="22.2214724291" lon="113.9178051194"><ele>8.000</ele></trkpt>
      <trkpt lat="22.2214739013" lon="113.9178115075"><ele>8.000</ele></trkpt>
    </trkseg>
  </trk>
</gpx>
