<?xml version="1.0" encoding="UTF-8"?>
<gpx xmlns:xsi="http://www.w3.org/2001/XMLSchema-instance"
     xsi:schemaLocation="http://www.topografix.com/GPX/1/1 http://www.topografix.com/GPX/1/1/gpx.xsd"
     version="1.1" creator="json3d_batch_to_gpx"
     xmlns="http://www.topografix.com/GPX/1/1">
  <metadata>
    <name>MacLehoseTrail(Section8)LeadMinePasstoRouteTwisk</name>
  </metadata>
  <trk>
    <name>MacLehoseTrail(Section8)LeadMinePasstoRouteTwisk</name>
    <type>hike</type>
    <trkseg>
      <trkpt lat="22.4122062943" lon="114.1587467472"><ele>398.000</ele></trkpt>
      <trkpt lat="22.4121888295" lon="114.1587079038"><ele>398.000</ele></trkpt>
      <trkpt lat="22.4121810453" lon="114.1586684608"><ele>398.000</ele></trkpt>
      <trkpt lat="22.4121799297" lon="114.1586254301"><ele>398.000</ele></trkpt>
      <trkpt lat="22.4121854781" lon="114.1585537130"><ele>396.000</ele></trkpt>
      <trkpt lat="22.4121854728" lon="114.1585070974"><ele>396.000</ele></trkpt>
      <trkpt lat="22.4121754669" lon="114.1584742290"><ele>396.000</ele></trkpt>
      <trkpt lat="22.4121499014" lon="114.1584329955"><ele>396.000</ele></trkpt>
      <trkpt lat="22.4120933008" lon="114.1583676851"><ele>396.000</ele></trkpt>
      <trkpt lat="22.4120465341" lon="114.1583320080"><ele>394.000</ele></trkpt>
      <trkpt lat="22.4119953301" lon="114.1582984973"><ele>394.000</ele></trkpt>
      <trkpt lat="22.4119492832" lon="114.1582710620"><ele>394.000</ele></trkpt>
      <trkpt lat="22.4118700616" lon="114.1582339237"><ele>392.000</ele></trkpt>
      <trkpt lat="22.4118451661" lon="114.1582239825"><ele>392.000</ele></trkpt>
      <trkpt lat="22.4118277393" lon="114.1582182477"><ele>392.000</ele></trkpt>
      <trkpt lat="22.4118333336" lon="114.1582010813"><ele>392.000</ele></trkpt>
      <trkpt lat="22.4118533397" lon="114.1581696679"><ele>392.000</ele></trkpt>
      <trkpt lat="22.4118792969" lon="114.1581379185"><ele>392.000</ele></trkpt>
      <trkpt lat="22.4119000911" lon="114.1581117515"><ele>393.000</ele></trkpt>
      <trkpt lat="22.4119481536" lon="114.1580453600"><ele>394.000</ele></trkpt>
      <trkpt lat="22.4120486299" lon="114.1578839459"><ele>400.000</ele></trkpt>
      <trkpt lat="22.4120807505" lon="114.1578323445"><ele>402.000</ele></trkpt>
      <trkpt lat="22.4121214752" lon="114.1577631391"><ele>402.000</ele></trkpt>
      <trkpt lat="22.4121580618" lon="114.1576980202"><ele>404.000</ele></trkpt>
      <trkpt lat="22.4122342480" lon="114.1575727878"><ele>408.000</ele></trkpt>
      <trkpt lat="22.4122445207" lon="114.1575546882"><ele>408.000</ele></trkpt>
      <trkpt lat="22.4122460641" lon="114.1575403040"><ele>410.000</ele></trkpt>
      <trkpt lat="22.4122345596" lon="114.1574672780"><ele>412.000</ele></trkpt>
      <trkpt lat="22.4122092378" lon="114.1574046452"><ele>414.000</ele></trkpt>
      <trkpt lat="22.4121982104" lon="114.1573801676"><ele>418.000</ele></trkpt>
      <trkpt lat="22.4121814917" lon="114.1573457453"><ele>420.000</ele></trkpt>
      <trkpt lat="22.4121690402" lon="114.1573132358"><ele>420.000</ele></trkpt>
      <trkpt lat="22.4121573022" lon="114.1572895236"><ele>421.000</ele></trkpt>
      <trkpt lat="22.4121501866" lon="114.1572703999"><ele>421.000</ele></trkpt>
      <trkpt lat="22.4121430710" lon="114.1572443921"><ele>422.000</ele></trkpt>
      <trkpt lat="22.4121353008" lon="114.1571966946"><ele>424.000</ele></trkpt>
      <trkpt lat="22.4121320362" lon="114.1571590984"><ele>424.000</ele></trkpt>
      <trkpt lat="22.4121306083" lon="114.1571200849"><ele>424.000</ele></trkpt>
      <trkpt lat="22.4121352298" lon="114.1571028729"><ele>426.000</ele></trkpt>
      <trkpt lat="22.4121522913" lon="114.1570305801"><ele>428.000</ele></trkpt>
      <trkpt lat="22.4121565552" lon="114.1569992152"><ele>428.000</ele></trkpt>
      <trkpt lat="22.4121554849" lon="114.1569678511"><ele>428.000</ele></trkpt>
      <trkpt lat="22.4121508573" lon="114.1569357232"><ele>430.000</ele></trkpt>
      <trkpt lat="22.4121440974" lon="114.1569093326"><ele>432.000</ele></trkpt>
      <trkpt lat="22.4121323588" lon="114.1568882973"><ele>432.000</ele></trkpt>
      <trkpt lat="22.4121305782" lon="114.1568749109"><ele>432.000</ele></trkpt>
      <trkpt lat="22.4121323554" lon="114.1568607578"><ele>434.000</ele></trkpt>
      <trkpt lat="22.4121394649" lon="114.1568370430"><ele>434.000</ele></trkpt>
      <trkpt lat="22.4121437284" lon="114.1568022360"><ele>434.000</ele></trkpt>
      <trkpt lat="22.4121433689" lon="114.1567724015"><ele>434.000</ele></trkpt>
      <trkpt lat="22.4121420775" lon="114.1567209513"><ele>436.000</ele></trkpt>
      <trkpt lat="22.4121493332" lon="114.1566824027"><ele>437.000</ele></trkpt>
      <trkpt lat="22.4121594787" lon="114.1566446384"><ele>438.000</ele></trkpt>
      <trkpt lat="22.4121761700" lon="114.1565953844"><ele>440.000</ele></trkpt>
      <trkpt lat="22.4121981074" lon="114.1565421359"><ele>441.000</ele></trkpt>
      <trkpt lat="22.4122261962" lon="114.1564874364"><ele>444.000</ele></trkpt>
      <trkpt lat="22.4122457518" lon="114.1564595124"><ele>445.000</ele></trkpt>
      <trkpt lat="22.4122596197" lon="114.1564438277"><ele>445.000</ele></trkpt>
      <trkpt lat="22.4122677981" lon="114.1564327350"><ele>445.000</ele></trkpt>
      <trkpt lat="22.4122759750" lon="114.1564166694"><ele>446.000</ele></trkpt>
      <trkpt lat="22.4122909044" lon="114.1563612065"><ele>448.000</ele></trkpt>
      <trkpt lat="22.4122997873" lon="114.1562935048"><ele>450.000</ele></trkpt>
      <trkpt lat="22.4123090283" lon="114.1562521947"><ele>452.000</ele></trkpt>
      <trkpt lat="22.4123150724" lon="114.1562376582"><ele>452.000</ele></trkpt>
      <trkpt lat="22.4123218273" lon="114.1562238879"><ele>454.000</ele></trkpt>
      <trkpt lat="22.4123378275" lon="114.1561959643"><ele>454.000</ele></trkpt>
      <trkpt lat="22.4123524044" lon="114.1561665102"><ele>456.000</ele></trkpt>
      <trkpt lat="22.4123666258" lon="114.1561328497"><ele>460.000</ele></trkpt>
      <trkpt lat="22.4123708912" lon="114.1561141071"><ele>460.000</ele></trkpt>
      <trkpt lat="22.4123744444" lon="114.1560903917"><ele>460.000</ele></trkpt>
      <trkpt lat="22.4123815541" lon="114.1560693546"><ele>463.000</ele></trkpt>
      <trkpt lat="22.4123897322" lon="114.1560555831"><ele>463.000</ele></trkpt>
      <trkpt lat="22.4124018222" lon="114.1560418120"><ele>465.000</ele></trkpt>
      <trkpt lat="22.4124206688" lon="114.1560272746"><ele>468.000</ele></trkpt>
      <trkpt lat="22.4124370255" lon="114.1560119731"><ele>468.000</ele></trkpt>
      <trkpt lat="22.4124448482" lon="114.1560012621"><ele>468.000</ele></trkpt>
      <trkpt lat="22.4124540924" lon="114.1559851963"><ele>470.000</ele></trkpt>
      <trkpt lat="22.4124597798" lon="114.1559637757"><ele>470.000</ele></trkpt>
      <trkpt lat="22.4124594205" lon="114.1559366189"><ele>472.000</ele></trkpt>
      <trkpt lat="22.4124530155" lon="114.1559044912"><ele>472.000</ele></trkpt>
      <trkpt lat="22.4124423409" lon="114.1558650963"><ele>473.000</ele></trkpt>
      <trkpt lat="22.4124419819" lon="114.1558341147"><ele>474.000</ele></trkpt>
      <trkpt lat="22.4124469558" lon="114.1557981605"><ele>474.000</ele></trkpt>
      <trkpt lat="22.4124533530" lon="114.1557637348"><ele>476.000</ele></trkpt>
      <trkpt lat="22.4124618840" lon="114.1557350469"><ele>478.000</ele></trkpt>
      <trkpt lat="22.4124721949" lon="114.1557140092"><ele>478.000</ele></trkpt>
      <trkpt lat="22.4124867733" lon="114.1556967947"><ele>478.000</ele></trkpt>
      <trkpt lat="22.4125539908" lon="114.1556341986"><ele>480.000</ele></trkpt>
      <trkpt lat="22.4125862536" lon="114.1556099602"><ele>481.000</ele></trkpt>
      <trkpt lat="22.4126122981" lon="114.1555938861"><ele>482.000</ele></trkpt>
      <trkpt lat="22.4126329234" lon="114.1555843211"><ele>482.000</ele></trkpt>
      <trkpt lat="22.4126606625" lon="114.1555785787"><ele>482.000</ele></trkpt>
      <trkpt lat="22.4126874435" lon="114.1555728142"><ele>483.000</ele></trkpt>
      <trkpt lat="22.4127499116" lon="114.1555295076"><ele>484.000</ele></trkpt>
      <trkpt lat="22.4127734763" lon="114.1554994634"><ele>486.000</ele></trkpt>
      <trkpt lat="22.4128121436" lon="114.1554355050"><ele>488.000</ele></trkpt>
      <trkpt lat="22.4128555196" lon="114.1553521160"><ele>492.000</ele></trkpt>
      <trkpt lat="22.4128700971" lon="114.1553291642"><ele>492.000</ele></trkpt>
      <trkpt lat="22.4128825196" lon="114.1552894141"><ele>493.000</ele></trkpt>
      <trkpt lat="22.4128821805" lon="114.1552660518"><ele>493.000</ele></trkpt>
      <trkpt lat="22.4128782634" lon="114.1552278029"><ele>494.000</ele></trkpt>
      <trkpt lat="22.4128707908" lon="114.1551949099"><ele>496.000</ele></trkpt>
      <trkpt lat="22.4128647402" lon="114.1551601043"><ele>498.000</ele></trkpt>
      <trkpt lat="22.4128526452" lon="114.1551360096"><ele>498.000</ele></trkpt>
      <trkpt lat="22.4128433904" lon="114.1550732822"><ele>501.000</ele></trkpt>
      <trkpt lat="22.4128337827" lon="114.1550319748"><ele>502.000</ele></trkpt>
      <trkpt lat="22.4128351345" lon="114.1550043028"><ele>505.000</ele></trkpt>
      <trkpt lat="22.4129026013" lon="114.1550043700"><ele>504.000</ele></trkpt>
      <trkpt lat="22.4129509585" lon="114.1549963399"><ele>503.000</ele></trkpt>
      <trkpt lat="22.4129867157" lon="114.1549704118"><ele>502.000</ele></trkpt>
      <trkpt lat="22.4129917795" lon="114.1549601343"><ele>504.000</ele></trkpt>
      <trkpt lat="22.4129749134" lon="114.1549145097"><ele>507.000</ele></trkpt>
      <trkpt lat="22.4129507337" lon="114.1548039168"><ele>511.000</ele></trkpt>
      <trkpt lat="22.4129456894" lon="114.1547519657"><ele>513.000</ele></trkpt>
      <trkpt lat="22.4129371491" lon="114.1547182658"><ele>516.000</ele></trkpt>
      <trkpt lat="22.4129482805" lon="114.1546618978"><ele>516.000</ele></trkpt>
      <trkpt lat="22.4129390145" lon="114.1546103611"><ele>518.000</ele></trkpt>
      <trkpt lat="22.4129388007" lon="114.1545725098"><ele>518.000</ele></trkpt>
      <trkpt lat="22.4129492540" lon="114.1544976562"><ele>518.000</ele></trkpt>
      <trkpt lat="22.4129604076" lon="114.1544524565"><ele>519.000</ele></trkpt>
      <trkpt lat="22.4129492713" lon="114.1544074547"><ele>520.000</ele></trkpt>
      <trkpt lat="22.4129531204" lon="114.1543642589"><ele>520.000</ele></trkpt>
      <trkpt lat="22.4129799806" lon="114.1542726846"><ele>523.000</ele></trkpt>
      <trkpt lat="22.4129853104" lon="114.1542471021"><ele>523.000</ele></trkpt>
      <trkpt lat="22.4129776468" lon="114.1542315323"><ele>524.000</ele></trkpt>
      <trkpt lat="22.4129492572" lon="114.1541963292"><ele>524.000</ele></trkpt>
      <trkpt lat="22.4129399976" lon="114.1541721661"><ele>526.000</ele></trkpt>
      <trkpt lat="22.4129435772" lon="114.1541463790"><ele>525.000</ele></trkpt>
      <trkpt lat="22.4129611134" lon="114.1541135053"><ele>526.000</ele></trkpt>
      <trkpt lat="22.4129623543" lon="114.1540758412"><ele>526.000</ele></trkpt>
      <trkpt lat="22.4129573298" lon="114.1540501817"><ele>526.000</ele></trkpt>
      <trkpt lat="22.4129317748" lon="114.1539956504"><ele>530.000</ele></trkpt>
      <trkpt lat="22.4128860815" lon="114.1539384594"><ele>531.000</ele></trkpt>
      <trkpt lat="22.4128789168" lon="114.1539135005"><ele>531.000</ele></trkpt>
      <trkpt lat="22.4128770835" lon="114.1538686167"><ele>532.000</ele></trkpt>
      <trkpt lat="22.4128829568" lon="114.1538359246"><ele>532.000</ele></trkpt>
      <trkpt lat="22.4128960221" lon="114.1537979584"><ele>534.000</ele></trkpt>
      <trkpt lat="22.4128953518" lon="114.1537833451"><ele>534.000</ele></trkpt>
      <trkpt lat="22.4128820841" lon="114.1537571004"><ele>534.000</ele></trkpt>
      <trkpt lat="22.4128715898" lon="114.1537323966"><ele>534.000</ele></trkpt>
      <trkpt lat="22.4128595279" lon="114.1536570960"><ele>534.000</ele></trkpt>
      <trkpt lat="22.4128678474" lon="114.1536114160"><ele>536.000</ele></trkpt>
      <trkpt lat="22.4128875703" lon="114.1535508848"><ele>538.000</ele></trkpt>
      <trkpt lat="22.4128859920" lon="114.1534898792"><ele>540.000</ele></trkpt>
      <trkpt lat="22.4128798748" lon="114.1534525669"><ele>540.000</ele></trkpt>
      <trkpt lat="22.4128695666" lon="114.1534224970"><ele>540.000</ele></trkpt>
      <trkpt lat="22.4128583623" lon="114.1534026097"><ele>542.000</ele></trkpt>
      <trkpt lat="22.4128552471" lon="114.1533797957"><ele>542.000</ele></trkpt>
      <trkpt lat="22.4128704004" lon="114.1533372623"><ele>543.000</ele></trkpt>
      <trkpt lat="22.4128652751" lon="114.1533086794"><ele>544.000</ele></trkpt>
      <trkpt lat="22.4128465921" lon="114.1532541472"><ele>545.000</ele></trkpt>
      <trkpt lat="22.4128456109" lon="114.1531522638"><ele>548.000</ele></trkpt>
      <trkpt lat="22.4128536784" lon="114.1531188332"><ele>551.000</ele></trkpt>
      <trkpt lat="22.4128764730" lon="114.1530627486"><ele>552.000</ele></trkpt>
      <trkpt lat="22.4128919017" lon="114.1530389796"><ele>552.000</ele></trkpt>
      <trkpt lat="22.4129099167" lon="114.1530333327"><ele>554.000</ele></trkpt>
      <trkpt lat="22.4129494094" lon="114.1530433997"><ele>555.000</ele></trkpt>
      <trkpt lat="22.4129627010" lon="114.1530344610"><ele>555.000</ele></trkpt>
      <trkpt lat="22.4129691832" lon="114.1529860239"><ele>556.000</ele></trkpt>
      <trkpt lat="22.4129735764" lon="114.1529304475"><ele>558.000</ele></trkpt>
      <trkpt lat="22.4129812971" lon="114.1529156356"><ele>558.000</ele></trkpt>
      <trkpt lat="22.4130004591" lon="114.1529109548"><ele>560.000</ele></trkpt>
      <trkpt lat="22.4130097568" lon="114.1528979920"><ele>560.000</ele></trkpt>
      <trkpt lat="22.4130142698" lon="114.1528585479"><ele>561.000</ele></trkpt>
      <trkpt lat="22.4130207891" lon="114.1528292016"><ele>562.000</ele></trkpt>
      <trkpt lat="22.4130217566" lon="114.1527890695"><ele>562.000</ele></trkpt>
      <trkpt lat="22.4130327545" lon="114.1527688968"><ele>565.000</ele></trkpt>
      <trkpt lat="22.4130348969" lon="114.1527468045"><ele>565.000</ele></trkpt>
      <trkpt lat="22.4130282540" lon="114.1527341891"><ele>564.000</ele></trkpt>
      <trkpt lat="22.4130340292" lon="114.1527052275"><ele>566.000</ele></trkpt>
      <trkpt lat="22.4130464050" lon="114.1526839959"><ele>568.000</ele></trkpt>
      <trkpt lat="22.4130640316" lon="114.1526656907"><ele>568.000</ele></trkpt>
      <trkpt lat="22.4130725822" lon="114.1526449259"><ele>568.000</ele></trkpt>
      <trkpt lat="22.4130718559" lon="114.1525952662"><ele>568.000</ele></trkpt>
      <trkpt lat="22.4130791996" lon="114.1525602233"><ele>570.000</ele></trkpt>
      <trkpt lat="22.4130892314" lon="114.1525287124"><ele>572.000</ele></trkpt>
      <trkpt lat="22.4131055495" lon="114.1525051462"><ele>572.000</ele></trkpt>
      <trkpt lat="22.4131214734" lon="114.1524837041"><ele>572.000</ele></trkpt>
      <trkpt lat="22.4131416498" lon="114.1524088816"><ele>575.000</ele></trkpt>
      <trkpt lat="22.4131384752" lon="114.1523768193"><ele>576.000</ele></trkpt>
      <trkpt lat="22.4131243277" lon="114.1523510022"><ele>576.000</ele></trkpt>
      <trkpt lat="22.4131221249" lon="114.1523249246"><ele>577.000</ele></trkpt>
      <trkpt lat="22.4131277256" lon="114.1523133327"><ele>577.000</ele></trkpt>
      <trkpt lat="22.4131374787" lon="114.1522846929"><ele>578.000</ele></trkpt>
      <trkpt lat="22.4131380920" lon="114.1522619015"><ele>578.000</ele></trkpt>
      <trkpt lat="22.4131245320" lon="114.1522332773"><ele>579.000</ele></trkpt>
      <trkpt lat="22.4131177301" lon="114.1522083971"><ele>578.000</ele></trkpt>
      <trkpt lat="22.4131291099" lon="114.1521937565"><ele>580.000</ele></trkpt>
      <trkpt lat="22.4131629944" lon="114.1521838963"><ele>580.000</ele></trkpt>
      <trkpt lat="22.4131783884" lon="114.1521884778"><ele>581.000</ele></trkpt>
      <trkpt lat="22.4131915092" lon="114.1521965310"><ele>581.000</ele></trkpt>
      <trkpt lat="22.4132175230" lon="114.1522123908"><ele>582.000</ele></trkpt>
      <trkpt lat="22.4132426775" lon="114.1522244036"><ele>582.000</ele></trkpt>
      <trkpt lat="22.4132647501" lon="114.1522323931"><ele>582.000</ele></trkpt>
      <trkpt lat="22.4132780614" lon="114.1522350121"><ele>582.000</ele></trkpt>
      <trkpt lat="22.4132899907" lon="114.1522351751"><ele>582.000</ele></trkpt>
      <trkpt lat="22.4133274122" lon="114.1522175501"><ele>584.000</ele></trkpt>
      <trkpt lat="22.4133520916" lon="114.1522110841"><ele>584.000</ele></trkpt>
      <trkpt lat="22.4133717036" lon="114.1522084417"><ele>584.000</ele></trkpt>
      <trkpt lat="22.4133845077" lon="114.1522009521"><ele>584.000</ele></trkpt>
      <trkpt lat="22.4134198941" lon="114.1521743026"><ele>586.000</ele></trkpt>
      <trkpt lat="22.4134280831" lon="114.1521638806"><ele>586.000</ele></trkpt>
      <trkpt lat="22.4134400797" lon="114.1521373828"><ele>586.000</ele></trkpt>
      <trkpt lat="22.4134543441" lon="114.1521066791"><ele>586.000</ele></trkpt>
      <trkpt lat="22.4134858965" lon="114.1520529052"><ele>588.000</ele></trkpt>
      <trkpt lat="22.4135145136" lon="114.1520200388"><ele>588.000</ele></trkpt>
      <trkpt lat="22.4135286885" lon="114.1520125363"><ele>588.000</ele></trkpt>
      <trkpt lat="22.4135308712" lon="114.1520067939"><ele>588.000</ele></trkpt>
      <trkpt lat="22.4135492800" lon="114.1519664877"><ele>588.000</ele></trkpt>
      <trkpt lat="22.4135618638" lon="114.1519474820"><ele>590.000</ele></trkpt>
      <trkpt lat="22.4136002024" lon="114.1519163660"><ele>590.000</ele></trkpt>
      <trkpt lat="22.4136079863" lon="114.1519135966"><ele>590.000</ele></trkpt>
      <trkpt lat="22.4136355205" lon="114.1519151369"><ele>590.000</ele></trkpt>
      <trkpt lat="22.4136490378" lon="114.1519125684"><ele>590.000</ele></trkpt>
      <trkpt lat="22.4136735198" lon="114.1519030274"><ele>592.000</ele></trkpt>
      <trkpt lat="22.4137109455" lon="114.1518724069"><ele>594.000</ele></trkpt>
      <trkpt lat="22.4137339503" lon="114.1518463344"><ele>594.000</ele></trkpt>
      <trkpt lat="22.4137565647" lon="114.1518070899"><ele>598.000</ele></trkpt>
      <trkpt lat="22.4137820415" lon="114.1517723592"><ele>598.000</ele></trkpt>
      <trkpt lat="22.4137976207" lon="114.1517357218"><ele>598.000</ele></trkpt>
      <trkpt lat="22.4138187092" lon="114.1516982723"><ele>600.000</ele></trkpt>
      <trkpt lat="22.4138335406" lon="114.1516792030"><ele>600.000</ele></trkpt>
      <trkpt lat="22.4138556149" lon="114.1516453004"><ele>603.000</ele></trkpt>
      <trkpt lat="22.4138581632" lon="114.1516216189"><ele>603.000</ele></trkpt>
      <trkpt lat="22.4138651188" lon="114.1516062592"><ele>604.000</ele></trkpt>
      <trkpt lat="22.4138838094" lon="114.1515847893"><ele>604.000</ele></trkpt>
      <trkpt lat="22.4139021241" lon="114.1515669237"><ele>606.000</ele></trkpt>
      <trkpt lat="22.4139042825" lon="114.1515446952"><ele>606.000</ele></trkpt>
      <trkpt lat="22.4139019856" lon="114.1515299967"><ele>606.000</ele></trkpt>
      <trkpt lat="22.4139046297" lon="114.1515126972"><ele>608.000</ele></trkpt>
      <trkpt lat="22.4139299158" lon="114.1514601100"><ele>608.000</ele></trkpt>
      <trkpt lat="22.4139408290" lon="114.1514302615"><ele>608.000</ele></trkpt>
      <trkpt lat="22.4139484539" lon="114.1514158039"><ele>609.000</ele></trkpt>
      <trkpt lat="22.4139730539" lon="114.1513877439"><ele>609.000</ele></trkpt>
      <trkpt lat="22.4139785096" lon="114.1513670105"><ele>610.000</ele></trkpt>
      <trkpt lat="22.4139873502" lon="114.1513479976"><ele>610.000</ele></trkpt>
      <trkpt lat="22.4140041028" lon="114.1513316659"><ele>610.000</ele></trkpt>
      <trkpt lat="22.4140603891" lon="114.1513042080"><ele>611.000</ele></trkpt>
      <trkpt lat="22.4140703774" lon="114.1512907387"><ele>612.000</ele></trkpt>
      <trkpt lat="22.4140769183" lon="114.1512690475"><ele>612.000</ele></trkpt>
      <trkpt lat="22.4140856766" lon="114.1512381367"><ele>612.000</ele></trkpt>
      <trkpt lat="22.4140986498" lon="114.1511978594"><ele>612.000</ele></trkpt>
      <trkpt lat="22.4141054220" lon="114.1511827911"><ele>612.000</ele></trkpt>
      <trkpt lat="22.4141252646" lon="114.1511477777"><ele>615.000</ele></trkpt>
      <trkpt lat="22.4141331777" lon="114.1511289650"><ele>615.000</ele></trkpt>
      <trkpt lat="22.4141444703" lon="114.1511002565"><ele>615.000</ele></trkpt>
      <trkpt lat="22.4141634281" lon="114.1510725762"><ele>616.000</ele></trkpt>
      <trkpt lat="22.4141990224" lon="114.1510427035"><ele>616.000</ele></trkpt>
      <trkpt lat="22.4142248742" lon="114.1510324132"><ele>618.000</ele></trkpt>
      <trkpt lat="22.4143624374" lon="114.1509870204"><ele>620.000</ele></trkpt>
      <trkpt lat="22.4143857416" lon="114.1509713109"><ele>620.000</ele></trkpt>
      <trkpt lat="22.4144555846" lon="114.1509162861"><ele>620.000</ele></trkpt>
      <trkpt lat="22.4145517597" lon="114.1507518663"><ele>624.000</ele></trkpt>
      <trkpt lat="22.4146200928" lon="114.1506350446"><ele>629.000</ele></trkpt>
      <trkpt lat="22.4146312343" lon="114.1506220111"><ele>629.000</ele></trkpt>
      <trkpt lat="22.4146645405" lon="114.1505776854"><ele>632.000</ele></trkpt>
      <trkpt lat="22.4146908569" lon="114.1505313515"><ele>634.000</ele></trkpt>
      <trkpt lat="22.4147000812" lon="114.1505016798"><ele>634.000</ele></trkpt>
      <trkpt lat="22.4147020008" lon="114.1504777185"><ele>636.000</ele></trkpt>
      <trkpt lat="22.4147020409" lon="114.1504468704"><ele>636.000</ele></trkpt>
      <trkpt lat="22.4147089258" lon="114.1504085617"><ele>636.000</ele></trkpt>
      <trkpt lat="22.4147240475" lon="114.1503323938"><ele>638.000</ele></trkpt>
      <trkpt lat="22.4147503213" lon="114.1502473552"><ele>637.000</ele></trkpt>
      <trkpt lat="22.4147601894" lon="114.1502336790"><ele>637.000</ele></trkpt>
      <trkpt lat="22.4147802909" lon="114.1502261469"><ele>637.000</ele></trkpt>
      <trkpt lat="22.4148378886" lon="114.1502338574"><ele>638.000</ele></trkpt>
      <trkpt lat="22.4148643191" lon="114.1502284124"><ele>638.000</ele></trkpt>
      <trkpt lat="22.4149536389" lon="114.1501635454"><ele>640.000</ele></trkpt>
      <trkpt lat="22.4149785932" lon="114.1501331985"><ele>642.000</ele></trkpt>
      <trkpt lat="22.4150336224" lon="114.1500246798"><ele>644.000</ele></trkpt>
      <trkpt lat="22.4150436679" lon="114.1499973505"><ele>645.000</ele></trkpt>
      <trkpt lat="22.4150383820" lon="114.1499628164"><ele>646.000</ele></trkpt>
      <trkpt lat="22.4150337332" lon="114.1499142465"><ele>647.000</ele></trkpt>
      <trkpt lat="22.4150349479" lon="114.1498882942"><ele>647.000</ele></trkpt>
      <trkpt lat="22.4150525071" lon="114.1498629584"><ele>648.000</ele></trkpt>
      <trkpt lat="22.4150724034" lon="114.1498215973"><ele>650.000</ele></trkpt>
      <trkpt lat="22.4150950056" lon="114.1498039044"><ele>650.000</ele></trkpt>
      <trkpt lat="22.4151028860" lon="114.1497793950"><ele>650.000</ele></trkpt>
      <trkpt lat="22.4151140886" lon="114.1497491265"><ele>653.000</ele></trkpt>
      <trkpt lat="22.4151229314" lon="114.1497283718"><ele>653.000</ele></trkpt>
      <trkpt lat="22.4151349360" lon="114.1496929641"><ele>653.000</ele></trkpt>
      <trkpt lat="22.4151701499" lon="114.1496362677"><ele>654.000</ele></trkpt>
      <trkpt lat="22.4151915015" lon="114.1496141382"><ele>654.000</ele></trkpt>
      <trkpt lat="22.4152140871" lon="114.1496003681"><ele>655.000</ele></trkpt>
      <trkpt lat="22.4152295762" lon="114.1495842024"><ele>655.000</ele></trkpt>
      <trkpt lat="22.4153310154" lon="114.1494234827"><ele>652.000</ele></trkpt>
      <trkpt lat="22.4153430364" lon="114.1494044365"><ele>652.000</ele></trkpt>
      <trkpt lat="22.4154216444" lon="114.1492890973"><ele>652.000</ele></trkpt>
      <trkpt lat="22.4154357134" lon="114.1492545263"><ele>652.000</ele></trkpt>
      <trkpt lat="22.4154506801" lon="114.1491941001"><ele>652.000</ele></trkpt>
      <trkpt lat="22.4154693328" lon="114.1491534772"><ele>654.000</ele></trkpt>
      <trkpt lat="22.4154941318" lon="114.1490921001"><ele>654.000</ele></trkpt>
      <trkpt lat="22.4155229911" lon="114.1490428494"><ele>655.000</ele></trkpt>
      <trkpt lat="22.4155331633" lon="114.1490128625"><ele>656.000</ele></trkpt>
      <trkpt lat="22.4155378803" lon="114.1489522888"><ele>656.000</ele></trkpt>
      <trkpt lat="22.4155441794" lon="114.1489125376"><ele>658.000</ele></trkpt>
      <trkpt lat="22.4155562460" lon="114.1488708738"><ele>658.000</ele></trkpt>
      <trkpt lat="22.4155862186" lon="114.1488004599"><ele>660.000</ele></trkpt>
      <trkpt lat="22.4156036703" lon="114.1487344969"><ele>660.000</ele></trkpt>
      <trkpt lat="22.4156106738" lon="114.1487004915"><ele>660.000</ele></trkpt>
      <trkpt lat="22.4156179145" lon="114.1486849411"><ele>660.000</ele></trkpt>
      <trkpt lat="22.4156624472" lon="114.1486367487"><ele>660.000</ele></trkpt>
      <trkpt lat="22.4157100059" lon="114.1485938306"><ele>660.000</ele></trkpt>
      <trkpt lat="22.4157272469" lon="114.1485728332"><ele>660.000</ele></trkpt>
      <trkpt lat="22.4157654349" lon="114.1485257793"><ele>660.000</ele></trkpt>
      <trkpt lat="22.4158307445" lon="114.1484807917"><ele>660.000</ele></trkpt>
      <trkpt lat="22.4158968928" lon="114.1484033829"><ele>660.000</ele></trkpt>
      <trkpt lat="22.4159146824" lon="114.1483806322"><ele>660.000</ele></trkpt>
      <trkpt lat="22.4159528346" lon="114.1483661827"><ele>659.000</ele></trkpt>
      <trkpt lat="22.4160006233" lon="114.1483625093"><ele>658.000</ele></trkpt>
      <trkpt lat="22.4161510531" lon="114.1483165290"><ele>656.000</ele></trkpt>
      <trkpt lat="22.4161892231" lon="114.1482957283"><ele>656.000</ele></trkpt>
      <trkpt lat="22.4162222382" lon="114.1482829950"><ele>656.000</ele></trkpt>
      <trkpt lat="22.4162532360" lon="114.1482766181"><ele>654.000</ele></trkpt>
      <trkpt lat="22.4163909468" lon="114.1481513836"><ele>656.000</ele></trkpt>
      <trkpt lat="22.4163979539" lon="114.1481330126"><ele>656.000</ele></trkpt>
      <trkpt lat="22.4164199157" lon="114.1481108495"><ele>656.000</ele></trkpt>
      <trkpt lat="22.4164457003" lon="114.1480948581"><ele>656.000</ele></trkpt>
      <trkpt lat="22.4165006572" lon="114.1480443650"><ele>656.000</ele></trkpt>
      <trkpt lat="22.4165712461" lon="114.1479803836"><ele>658.000</ele></trkpt>
      <trkpt lat="22.4166387352" lon="114.1478934321"><ele>658.000</ele></trkpt>
      <trkpt lat="22.4166618907" lon="114.1478603847"><ele>660.000</ele></trkpt>
      <trkpt lat="22.4166672779" lon="114.1478379744"><ele>660.000</ele></trkpt>
      <trkpt lat="22.4166617929" lon="114.1478187939"><ele>660.000</ele></trkpt>
      <trkpt lat="22.4165994183" lon="114.1477625402"><ele>660.000</ele></trkpt>
      <trkpt lat="22.4165627151" lon="114.1476944239"><ele>660.000</ele></trkpt>
      <trkpt lat="22.4165349746" lon="114.1476207578"><ele>660.000</ele></trkpt>
      <trkpt lat="22.4165276456" lon="114.1475862977"><ele>660.000</ele></trkpt>
      <trkpt lat="22.4165296196" lon="114.1475660609"><ele>662.000</ele></trkpt>
      <trkpt lat="22.4165589818" lon="114.1474941156"><ele>662.000</ele></trkpt>
      <trkpt lat="22.4165623665" lon="114.1474647767"><ele>662.000</ele></trkpt>
      <trkpt lat="22.4166023680" lon="114.1473856214"><ele>662.000</ele></trkpt>
      <trkpt lat="22.4166196673" lon="114.1473635184"><ele>662.000</ele></trkpt>
      <trkpt lat="22.4166385368" lon="114.1473354748"><ele>661.000</ele></trkpt>
      <trkpt lat="22.4166489250" lon="114.1473084781"><ele>663.000</ele></trkpt>
      <trkpt lat="22.4166656599" lon="114.1472960724"><ele>663.000</ele></trkpt>
      <trkpt lat="22.4166787914" lon="114.1472781370"><ele>661.000</ele></trkpt>
      <trkpt lat="22.4167076194" lon="114.1472284504"><ele>662.000</ele></trkpt>
      <trkpt lat="22.4167185213" lon="114.1471956677"><ele>662.000</ele></trkpt>
      <trkpt lat="22.4167192816" lon="114.1471608610"><ele>662.000</ele></trkpt>
      <trkpt lat="22.4167068829" lon="114.1470682189"><ele>662.000</ele></trkpt>
      <trkpt lat="22.4167101912" lon="114.1470414937"><ele>662.000</ele></trkpt>
      <trkpt lat="22.4167185667" lon="114.1470200375"><ele>662.000</ele></trkpt>
      <trkpt lat="22.4167442070" lon="114.1469815046"><ele>662.000</ele></trkpt>
      <trkpt lat="22.4167694850" lon="114.1469511945"><ele>662.000</ele></trkpt>
      <trkpt lat="22.4167867703" lon="114.1469126109"><ele>664.000</ele></trkpt>
      <trkpt lat="22.4168018374" lon="114.1468771067"><ele>662.000</ele></trkpt>
      <trkpt lat="22.4168102583" lon="114.1468428336"><ele>662.000</ele></trkpt>
      <trkpt lat="22.4168284433" lon="114.1468005988"><ele>664.000</ele></trkpt>
      <trkpt lat="22.4168468844" lon="114.1467663555"><ele>664.000</ele></trkpt>
      <trkpt lat="22.4168594239" lon="114.1467456200"><ele>663.000</ele></trkpt>
      <trkpt lat="22.4168753045" lon="114.1467239834"><ele>664.000</ele></trkpt>
      <trkpt lat="22.4168787288" lon="114.1467042960"><ele>664.000</ele></trkpt>
      <trkpt lat="22.4168759848" lon="114.1466870671"><ele>664.000</ele></trkpt>
      <trkpt lat="22.4168684605" lon="114.1466621887"><ele>664.000</ele></trkpt>
      <trkpt lat="22.4168220104" lon="114.1465804467"><ele>662.000</ele></trkpt>
      <trkpt lat="22.4168125049" lon="114.1465563612"><ele>662.000</ele></trkpt>
      <trkpt lat="22.4167897017" lon="114.1464055859"><ele>662.000</ele></trkpt>
      <trkpt lat="22.4167853105" lon="114.1463446298"><ele>662.000</ele></trkpt>
      <trkpt lat="22.4167922471" lon="114.1462030362"><ele>662.000</ele></trkpt>
      <trkpt lat="22.4167940630" lon="114.1461265831"><ele>660.000</ele></trkpt>
      <trkpt lat="22.4167915792" lon="114.1460908962"><ele>660.000</ele></trkpt>
      <trkpt lat="22.4167651379" lon="114.1460433962"><ele>660.000</ele></trkpt>
      <trkpt lat="22.4167002570" lon="114.1459366269"><ele>662.000</ele></trkpt>
      <trkpt lat="22.4166324007" lon="114.1458267038"><ele>666.000</ele></trkpt>
      <trkpt lat="22.4165970616" lon="114.1457791145"><ele>668.000</ele></trkpt>
      <trkpt lat="22.4165880647" lon="114.1457612208"><ele>668.000</ele></trkpt>
      <trkpt lat="22.4165828305" lon="114.1457229365"><ele>670.000</ele></trkpt>
      <trkpt lat="22.4165648221" lon="114.1456164183"><ele>670.000</ele></trkpt>
      <trkpt lat="22.4165538065" lon="114.1455777108"><ele>668.000</ele></trkpt>
      <trkpt lat="22.4165464265" lon="114.1455342831"><ele>670.000</ele></trkpt>
      <trkpt lat="22.4165389845" lon="114.1454787533"><ele>668.000</ele></trkpt>
      <trkpt lat="22.4165289509" lon="114.1453911800"><ele>670.000</ele></trkpt>
      <trkpt lat="22.4165075311" lon="114.1453288565"><ele>670.000</ele></trkpt>
      <trkpt lat="22.4164911804" lon="114.1452776072"><ele>672.000</ele></trkpt>
      <trkpt lat="22.4164847525" lon="114.1452355556"><ele>672.000</ele></trkpt>
      <trkpt lat="22.4164776372" lon="114.1451842858"><ele>672.000</ele></trkpt>
      <trkpt lat="22.4164704817" lon="114.1451623562"><ele>672.000</ele></trkpt>
      <trkpt lat="22.4164530617" lon="114.1451336164"><ele>672.000</ele></trkpt>
      <trkpt lat="22.4164361245" lon="114.1450621484"><ele>672.000</ele></trkpt>
      <trkpt lat="22.4164352361" lon="114.1450266234"><ele>674.000</ele></trkpt>
      <trkpt lat="22.4164246303" lon="114.1449787422"><ele>674.000</ele></trkpt>
      <trkpt lat="22.4164077205" lon="114.1449546994"><ele>674.000</ele></trkpt>
      <trkpt lat="22.4163860572" lon="114.1449314794"><ele>674.000</ele></trkpt>
      <trkpt lat="22.4163564158" lon="114.1448686042"><ele>676.000</ele></trkpt>
      <trkpt lat="22.4163128180" lon="114.1447934555"><ele>678.000</ele></trkpt>
      <trkpt lat="22.4163136637" lon="114.1446685229"><ele>681.000</ele></trkpt>
      <trkpt lat="22.4163021827" lon="114.1446342243"><ele>681.000</ele></trkpt>
      <trkpt lat="22.4162744684" lon="114.1445900127"><ele>683.000</ele></trkpt>
      <trkpt lat="22.4162546066" lon="114.1445444250"><ele>684.000</ele></trkpt>
      <trkpt lat="22.4162312204" lon="114.1444949374"><ele>686.000</ele></trkpt>
      <trkpt lat="22.4162038541" lon="114.1444483249"><ele>685.000</ele></trkpt>
      <trkpt lat="22.4161750144" lon="114.1443855682"><ele>686.000</ele></trkpt>
      <trkpt lat="22.4161537813" lon="114.1443464330"><ele>686.000</ele></trkpt>
      <trkpt lat="22.4161287427" lon="114.1443203147"><ele>686.000</ele></trkpt>
      <trkpt lat="22.4161049284" lon="114.1443026830"><ele>686.000</ele></trkpt>
      <trkpt lat="22.4160723454" lon="114.1442619420"><ele>688.000</ele></trkpt>
      <trkpt lat="22.4160394557" lon="114.1442316500"><ele>688.000</ele></trkpt>
      <trkpt lat="22.4159962746" lon="114.1441999813"><ele>689.000</ele></trkpt>
      <trkpt lat="22.4159848755" lon="114.1441869321"><ele>689.000</ele></trkpt>
      <trkpt lat="22.4159626901" lon="114.1441371424"><ele>689.000</ele></trkpt>
      <trkpt lat="22.4159518430" lon="114.1441026455"><ele>689.000</ele></trkpt>
      <trkpt lat="22.4159301601" lon="114.1440593147"><ele>688.000</ele></trkpt>
      <trkpt lat="22.4158935750" lon="114.1439754952"><ele>690.000</ele></trkpt>
      <trkpt lat="22.4158741383" lon="114.1439203844"><ele>690.000</ele></trkpt>
      <trkpt lat="22.4158359907" lon="114.1438575428"><ele>691.000</ele></trkpt>
      <trkpt lat="22.4157868991" lon="114.1438130801"><ele>692.000</ele></trkpt>
      <trkpt lat="22.4157803474" lon="114.1437774829"><ele>692.000</ele></trkpt>
      <trkpt lat="22.4157816734" lon="114.1437569112"><ele>692.000</ele></trkpt>
      <trkpt lat="22.4157875199" lon="114.1437180524"><ele>692.000</ele></trkpt>
      <trkpt lat="22.4157768843" lon="114.1436410423"><ele>693.000</ele></trkpt>
      <trkpt lat="22.4157677046" lon="114.1436096105"><ele>693.000</ele></trkpt>
      <trkpt lat="22.4157634619" lon="114.1435736222"><ele>694.000</ele></trkpt>
      <trkpt lat="22.4157500285" lon="114.1435267522"><ele>697.000</ele></trkpt>
      <trkpt lat="22.4157355785" lon="114.1434551326"><ele>696.000</ele></trkpt>
      <trkpt lat="22.4157253679" lon="114.1434253464"><ele>696.000</ele></trkpt>
      <trkpt lat="22.4157268058" lon="114.1433961362"><ele>696.000</ele></trkpt>
      <trkpt lat="22.4157349971" lon="114.1433689447"><ele>696.000</ele></trkpt>
      <trkpt lat="22.4157526310" lon="114.1433385904"><ele>699.000</ele></trkpt>
      <trkpt lat="22.4157757602" lon="114.1432968185"><ele>700.000</ele></trkpt>
      <trkpt lat="22.4157957820" lon="114.1432415264"><ele>702.000</ele></trkpt>
      <trkpt lat="22.4157979583" lon="114.1432238634"><ele>702.000</ele></trkpt>
      <trkpt lat="22.4157872928" lon="114.1432000010"><ele>702.000</ele></trkpt>
      <trkpt lat="22.4157795253" lon="114.1431634377"><ele>702.000</ele></trkpt>
      <trkpt lat="22.4157790628" lon="114.1431021286"><ele>702.000</ele></trkpt>
      <trkpt lat="22.4157856614" lon="114.1430242966"><ele>704.000</ele></trkpt>
      <trkpt lat="22.4158188608" lon="114.1429496556"><ele>704.000</ele></trkpt>
      <trkpt lat="22.4158580659" lon="114.1428861360"><ele>704.000</ele></trkpt>
      <trkpt lat="22.4158975269" lon="114.1427425442"><ele>706.000</ele></trkpt>
      <trkpt lat="22.4158933146" lon="114.1427187288"><ele>706.000</ele></trkpt>
      <trkpt lat="22.4158772324" lon="114.1426855941"><ele>706.000</ele></trkpt>
      <trkpt lat="22.4158711795" lon="114.1426312737"><ele>707.000</ele></trkpt>
      <trkpt lat="22.4158745837" lon="114.1425871560"><ele>706.000</ele></trkpt>
      <trkpt lat="22.4158809085" lon="114.1425649843"><ele>706.000</ele></trkpt>
      <trkpt lat="22.4158866581" lon="114.1425348348"><ele>708.000</ele></trkpt>
      <trkpt lat="22.4159008003" lon="114.1424649167"><ele>708.000</ele></trkpt>
      <trkpt lat="22.4159405216" lon="114.1423792044"><ele>708.000</ele></trkpt>
      <trkpt lat="22.4159672869" lon="114.1423569441"><ele>708.000</ele></trkpt>
      <trkpt lat="22.4159789593" lon="114.1423381181"><ele>708.000</ele></trkpt>
      <trkpt lat="22.4159877522" lon="114.1422998947"><ele>708.000</ele></trkpt>
      <trkpt lat="22.4159984796" lon="114.1422705568"><ele>708.000</ele></trkpt>
      <trkpt lat="22.4160055177" lon="114.1422524177"><ele>708.000</ele></trkpt>
      <trkpt lat="22.4160040863" lon="114.1422059711"><ele>708.000</ele></trkpt>
      <trkpt lat="22.4160066151" lon="114.1421734544"><ele>708.000</ele></trkpt>
      <trkpt lat="22.4159988465" lon="114.1421204524"><ele>708.000</ele></trkpt>
      <trkpt lat="22.4159882285" lon="114.1420699336"><ele>708.000</ele></trkpt>
      <trkpt lat="22.4159765801" lon="114.1420279933"><ele>708.000</ele></trkpt>
      <trkpt lat="22.4159760347" lon="114.1420073832"><ele>708.000</ele></trkpt>
      <trkpt lat="22.4160009551" lon="114.1419440504"><ele>708.000</ele></trkpt>
      <trkpt lat="22.4161129246" lon="114.1418672535"><ele>708.000</ele></trkpt>
      <trkpt lat="22.4161271435" lon="114.1418482033"><ele>708.000</ele></trkpt>
      <trkpt lat="22.4161403205" lon="114.1418175993"><ele>708.000</ele></trkpt>
      <trkpt lat="22.4161487796" lon="114.1417851374"><ele>709.000</ele></trkpt>
      <trkpt lat="22.4161605280" lon="114.1417342604"><ele>710.000</ele></trkpt>
      <trkpt lat="22.4161781746" lon="114.1416975955"><ele>710.000</ele></trkpt>
      <trkpt lat="22.4161971061" lon="114.1416642685"><ele>708.000</ele></trkpt>
      <trkpt lat="22.4162113504" lon="114.1416290642"><ele>709.000</ele></trkpt>
      <trkpt lat="22.4162719144" lon="114.1415553821"><ele>710.000</ele></trkpt>
      <trkpt lat="22.4162926640" lon="114.1415275422"><ele>710.000</ele></trkpt>
      <trkpt lat="22.4163015266" lon="114.1415112343"><ele>710.000</ele></trkpt>
      <trkpt lat="22.4163074186" lon="114.1414888160"><ele>710.000</ele></trkpt>
      <trkpt lat="22.4163164464" lon="114.1414600855"><ele>710.000</ele></trkpt>
      <trkpt lat="22.4163307800" lon="114.1414454662"><ele>710.000</ele></trkpt>
      <trkpt lat="22.4163512474" lon="114.1414323431"><ele>710.000</ele></trkpt>
      <trkpt lat="22.4163703064" lon="114.1414122990"><ele>710.000</ele></trkpt>
      <trkpt lat="22.4164129852" lon="114.1413662869"><ele>710.000</ele></trkpt>
      <trkpt lat="22.4164552553" lon="114.1413015226"><ele>712.000</ele></trkpt>
      <trkpt lat="22.4164922010" lon="114.1412530575"><ele>712.000</ele></trkpt>
      <trkpt lat="22.4165192245" lon="114.1412235201"><ele>714.000</ele></trkpt>
      <trkpt lat="22.4165531296" lon="114.1411955273"><ele>714.000</ele></trkpt>
      <trkpt lat="22.4165996857" lon="114.1411602796"><ele>714.000</ele></trkpt>
      <trkpt lat="22.4166167123" lon="114.1411339412"><ele>714.000</ele></trkpt>
      <trkpt lat="22.4166288306" lon="114.1411104858"><ele>716.000</ele></trkpt>
      <trkpt lat="22.4166451903" lon="114.1410905346"><ele>716.000</ele></trkpt>
      <trkpt lat="22.4166744237" lon="114.1410656199"><ele>717.000</ele></trkpt>
      <trkpt lat="22.4167225301" lon="114.1410049274"><ele>718.000</ele></trkpt>
      <trkpt lat="22.4167474003" lon="114.1409734741"><ele>720.000</ele></trkpt>
      <trkpt lat="22.4167953770" lon="114.1409225118"><ele>722.000</ele></trkpt>
      <trkpt lat="22.4168756706" lon="114.1408088823"><ele>724.000</ele></trkpt>
      <trkpt lat="22.4168859294" lon="114.1407854215"><ele>724.000</ele></trkpt>
      <trkpt lat="22.4169003837" lon="114.1407452110"><ele>724.000</ele></trkpt>
      <trkpt lat="22.4169203185" lon="114.1407168592"><ele>724.000</ele></trkpt>
      <trkpt lat="22.4169489540" lon="114.1406596448"><ele>724.000</ele></trkpt>
      <trkpt lat="22.4169558404" lon="114.1406386218"><ele>724.000</ele></trkpt>
      <trkpt lat="22.4169704865" lon="114.1406124703"><ele>725.000</ele></trkpt>
      <trkpt lat="22.4169813132" lon="114.1406005811"><ele>725.000</ele></trkpt>
      <trkpt lat="22.4169969835" lon="114.1405710542"><ele>726.000</ele></trkpt>
      <trkpt lat="22.4170081623" lon="114.1405425832"><ele>727.000</ele></trkpt>
      <trkpt lat="22.4170254612" lon="114.1405110007"><ele>727.000</ele></trkpt>
      <trkpt lat="22.4170388546" lon="114.1404923002"><ele>728.000</ele></trkpt>
      <trkpt lat="22.4170516754" lon="114.1404730171"><ele>728.000</ele></trkpt>
      <trkpt lat="22.4170532560" lon="114.1404463435"><ele>730.000</ele></trkpt>
      <trkpt lat="22.4170527943" lon="114.1404212382"><ele>730.000</ele></trkpt>
      <trkpt lat="22.4170471367" lon="114.1404008623"><ele>729.000</ele></trkpt>
      <trkpt lat="22.4170365214" lon="114.1403733353"><ele>730.000</ele></trkpt>
      <trkpt lat="22.4170381625" lon="114.1403542163"><ele>730.000</ele></trkpt>
      <trkpt lat="22.4170439145" lon="114.1403404888"><ele>732.000</ele></trkpt>
      <trkpt lat="22.4170486721" lon="114.1403221635"><ele>732.000</ele></trkpt>
      <trkpt lat="22.4170416080" lon="114.1402960264"><ele>732.000</ele></trkpt>
      <trkpt lat="22.4170315131" lon="114.1402611865"><ele>732.000</ele></trkpt>
      <trkpt lat="22.4170293265" lon="114.1402282289"><ele>734.000</ele></trkpt>
      <trkpt lat="22.4170380614" lon="114.1401950906"><ele>736.000</ele></trkpt>
      <trkpt lat="22.4170425916" lon="114.1401414149"><ele>737.000</ele></trkpt>
      <trkpt lat="22.4170508292" lon="114.1401174300"><ele>738.000</ele></trkpt>
      <trkpt lat="22.4170509543" lon="114.1400958813"><ele>740.000</ele></trkpt>
      <trkpt lat="22.4170522199" lon="114.1400739185"><ele>740.000</ele></trkpt>
      <trkpt lat="22.4170568399" lon="114.1400420829"><ele>740.000</ele></trkpt>
      <trkpt lat="22.4170641037" lon="114.1400049472"><ele>740.000</ele></trkpt>
      <trkpt lat="22.4170687536" lon="114.1399540299"><ele>742.000</ele></trkpt>
      <trkpt lat="22.4170811624" lon="114.1399262073"><ele>742.000</ele></trkpt>
      <trkpt lat="22.4170909112" lon="114.1398925919"><ele>742.000</ele></trkpt>
      <trkpt lat="22.4171259270" lon="114.1398418015"><ele>744.000</ele></trkpt>
      <trkpt lat="22.4171479055" lon="114.1398265690"><ele>746.000</ele></trkpt>
      <trkpt lat="22.4171604651" lon="114.1398182729"><ele>746.000</ele></trkpt>
      <trkpt lat="22.4172027293" lon="114.1397699010"><ele>746.000</ele></trkpt>
      <trkpt lat="22.4172254505" lon="114.1397487309"><ele>746.000</ele></trkpt>
      <trkpt lat="22.4172412176" lon="114.1397242399"><ele>747.000</ele></trkpt>
      <trkpt lat="22.4172594899" lon="114.1397008282"><ele>746.000</ele></trkpt>
      <trkpt lat="22.4172700425" lon="114.1396561128"><ele>745.000</ele></trkpt>
      <trkpt lat="22.4172807217" lon="114.1396193190"><ele>744.000</ele></trkpt>
      <trkpt lat="22.4172922766" lon="114.1396016698"><ele>744.000</ele></trkpt>
      <trkpt lat="22.4173102621" lon="114.1395877544"><ele>744.000</ele></trkpt>
      <trkpt lat="22.4173256983" lon="114.1395540295"><ele>744.000</ele></trkpt>
      <trkpt lat="22.4173549832" lon="114.1395107348"><ele>744.000</ele></trkpt>
      <trkpt lat="22.4173694519" lon="114.1394406039"><ele>744.000</ele></trkpt>
      <trkpt lat="22.4173703211" lon="114.1394155651"><ele>744.000</ele></trkpt>
      <trkpt lat="22.4173653846" lon="114.1393862135"><ele>744.000</ele></trkpt>
      <trkpt lat="22.4173462087" lon="114.1393292446"><ele>744.000</ele></trkpt>
      <trkpt lat="22.4173318883" lon="114.1393027248"><ele>744.000</ele></trkpt>
      <trkpt lat="22.4173137842" lon="114.1392763760"><ele>746.000</ele></trkpt>
      <trkpt lat="22.4172945181" lon="114.1392358305"><ele>746.000</ele></trkpt>
      <trkpt lat="22.4172880594" lon="114.1392118708"><ele>748.000</ele></trkpt>
      <trkpt lat="22.4172790080" lon="114.1391765810"><ele>748.000</ele></trkpt>
      <trkpt lat="22.4172670553" lon="114.1391416290"><ele>748.000</ele></trkpt>
      <trkpt lat="22.4172429122" lon="114.1391025961"><ele>750.000</ele></trkpt>
      <trkpt lat="22.4172230855" lon="114.1390628734"><ele>750.000</ele></trkpt>
      <trkpt lat="22.4172059855" lon="114.1390287299"><ele>751.000</ele></trkpt>
      <trkpt lat="22.4171922488" lon="114.1389841424"><ele>752.000</ele></trkpt>
      <trkpt lat="22.4171873700" lon="114.1389360239"><ele>754.000</ele></trkpt>
      <trkpt lat="22.4171841307" lon="114.1388972466"><ele>754.000</ele></trkpt>
      <trkpt lat="22.4171860908" lon="114.1388724397"><ele>756.000</ele></trkpt>
      <trkpt lat="22.4172062230" lon="114.1388170094"><ele>757.000</ele></trkpt>
      <trkpt lat="22.4172075861" lon="114.1387995766"><ele>757.000</ele></trkpt>
      <trkpt lat="22.4171978935" lon="114.1387870323"><ele>759.000</ele></trkpt>
      <trkpt lat="22.4171898952" lon="114.1387680713"><ele>759.000</ele></trkpt>
      <trkpt lat="22.4171810964" lon="114.1387547789"><ele>757.000</ele></trkpt>
      <trkpt lat="22.4171739519" lon="114.1387335974"><ele>760.000</ele></trkpt>
      <trkpt lat="22.4171777856" lon="114.1387156316"><ele>760.000</ele></trkpt>
      <trkpt lat="22.4171895663" lon="114.1387061060"><ele>760.000</ele></trkpt>
      <trkpt lat="22.4172126430" lon="114.1386952350"><ele>763.000</ele></trkpt>
      <trkpt lat="22.4172260869" lon="114.1386734738"><ele>763.000</ele></trkpt>
      <trkpt lat="22.4172325526" lon="114.1386496885"><ele>766.000</ele></trkpt>
      <trkpt lat="22.4172317051" lon="114.1386324932"><ele>766.000</ele></trkpt>
      <trkpt lat="22.4172239336" lon="114.1386103736"><ele>765.000</ele></trkpt>
      <trkpt lat="22.4172378829" lon="114.1385907151"><ele>768.000</ele></trkpt>
      <trkpt lat="22.4172406121" lon="114.1385723931"><ele>768.000</ele></trkpt>
      <trkpt lat="22.4172393157" lon="114.1385549834"><ele>768.000</ele></trkpt>
      <trkpt lat="22.4172301716" lon="114.1385023515"><ele>770.000</ele></trkpt>
      <trkpt lat="22.4172264238" lon="114.1384638036"><ele>769.000</ele></trkpt>
      <trkpt lat="22.4172193977" lon="114.1384088566"><ele>770.000</ele></trkpt>
      <trkpt lat="22.4172228504" lon="114.1383915243"><ele>770.000</ele></trkpt>
      <trkpt lat="22.4172364008" lon="114.1383881910"><ele>772.000</ele></trkpt>
      <trkpt lat="22.4172664202" lon="114.1383932829"><ele>772.000</ele></trkpt>
      <trkpt lat="22.4172969091" lon="114.1383979648"><ele>773.000</ele></trkpt>
      <trkpt lat="22.4173150220" lon="114.1383960066"><ele>773.000</ele></trkpt>
      <trkpt lat="22.4173349724" lon="114.1383895625"><ele>774.000</ele></trkpt>
      <trkpt lat="22.4173490697" lon="114.1383774128"><ele>774.000</ele></trkpt>
      <trkpt lat="22.4173632379" lon="114.1383668832"><ele>774.000</ele></trkpt>
      <trkpt lat="22.4174002898" lon="114.1383510276"><ele>776.000</ele></trkpt>
      <trkpt lat="22.4174239643" lon="114.1383442435"><ele>776.000</ele></trkpt>
      <trkpt lat="22.4174379853" lon="114.1383338839"><ele>776.000</ele></trkpt>
      <trkpt lat="22.4174486052" lon="114.1383076643"><ele>777.000</ele></trkpt>
      <trkpt lat="22.4174540304" lon="114.1382799736"><ele>778.000</ele></trkpt>
      <trkpt lat="22.4174644282" lon="114.1381856695"><ele>779.000</ele></trkpt>
      <trkpt lat="22.4175087846" lon="114.1379973636"><ele>780.000</ele></trkpt>
      <trkpt lat="22.4175200093" lon="114.1379497115"><ele>780.000</ele></trkpt>
      <trkpt lat="22.4175317204" lon="114.1379100607"><ele>780.000</ele></trkpt>
      <trkpt lat="22.4175773714" lon="114.1378057580"><ele>778.000</ele></trkpt>
      <trkpt lat="22.4175861722" lon="114.1377820253"><ele>778.000</ele></trkpt>
      <trkpt lat="22.4175934754" lon="114.1377493611"><ele>778.000</ele></trkpt>
      <trkpt lat="22.4176013841" lon="114.1377336572"><ele>778.000</ele></trkpt>
      <trkpt lat="22.4176010540" lon="114.1377242330"><ele>778.000</ele></trkpt>
      <trkpt lat="22.4175984571" lon="114.1376915901"><ele>778.000</ele></trkpt>
      <trkpt lat="22.4175985387" lon="114.1376560588"><ele>778.000</ele></trkpt>
      <trkpt lat="22.4176008262" lon="114.1376374407"><ele>778.000</ele></trkpt>
      <trkpt lat="22.4175975581" lon="114.1376191330"><ele>778.000</ele></trkpt>
      <trkpt lat="22.4175785480" lon="114.1375854331"><ele>777.000</ele></trkpt>
      <trkpt lat="22.4175670358" lon="114.1375699794"><ele>776.000</ele></trkpt>
      <trkpt lat="22.4175587126" lon="114.1375522501"><ele>776.000</ele></trkpt>
      <trkpt lat="22.4175522185" lon="114.1375214304"><ele>777.000</ele></trkpt>
      <trkpt lat="22.4175447142" lon="114.1374882993"><ele>777.000</ele></trkpt>
      <trkpt lat="22.4175282932" lon="114.1374659510"><ele>776.000</ele></trkpt>
      <trkpt lat="22.4175060514" lon="114.1374449854"><ele>776.000</ele></trkpt>
      <trkpt lat="22.4174992968" lon="114.1374014333"><ele>776.000</ele></trkpt>
      <trkpt lat="22.4175001717" lon="114.1373896554"><ele>776.000</ele></trkpt>
      <trkpt lat="22.4175044501" lon="114.1373663435"><ele>776.000</ele></trkpt>
      <trkpt lat="22.4174937785" lon="114.1373322431"><ele>774.000</ele></trkpt>
      <trkpt lat="22.4174705859" lon="114.1372710883"><ele>775.000</ele></trkpt>
      <trkpt lat="22.4174498456" lon="114.1372231870"><ele>775.000</ele></trkpt>
      <trkpt lat="22.4174284443" lon="114.1371901696"><ele>776.000</ele></trkpt>
      <trkpt lat="22.4173962806" lon="114.1371614776"><ele>775.000</ele></trkpt>
      <trkpt lat="22.4173454932" lon="114.1371284589"><ele>775.000</ele></trkpt>
      <trkpt lat="22.4172985840" lon="114.1371086971"><ele>774.000</ele></trkpt>
      <trkpt lat="22.4172518989" lon="114.1370821460"><ele>774.000</ele></trkpt>
      <trkpt lat="22.4172132859" lon="114.1370470551"><ele>774.000</ele></trkpt>
      <trkpt lat="22.4171605657" lon="114.1369768761"><ele>774.000</ele></trkpt>
      <trkpt lat="22.4171501341" lon="114.1369489297"><ele>776.000</ele></trkpt>
      <trkpt lat="22.4171080932" lon="114.1368816761"><ele>776.000</ele></trkpt>
      <trkpt lat="22.4170806716" lon="114.1368248556"><ele>777.000</ele></trkpt>
      <trkpt lat="22.4170763525" lon="114.1367780706"><ele>778.000</ele></trkpt>
      <trkpt lat="22.4170839356" lon="114.1366952479"><ele>776.000</ele></trkpt>
      <trkpt lat="22.4171088295" lon="114.1366497657"><ele>776.000</ele></trkpt>
      <trkpt lat="22.4171324614" lon="114.1366172532"><ele>776.000</ele></trkpt>
      <trkpt lat="22.4171482594" lon="114.1365848868"><ele>776.000</ele></trkpt>
      <trkpt lat="22.4171633185" lon="114.1365628132"><ele>776.000</ele></trkpt>
      <trkpt lat="22.4171719264" lon="114.1365410463"><ele>775.000</ele></trkpt>
      <trkpt lat="22.4172065792" lon="114.1365090192"><ele>775.000</ele></trkpt>
      <trkpt lat="22.4172134781" lon="114.1364930777"><ele>775.000</ele></trkpt>
      <trkpt lat="22.4172226659" lon="114.1364647594"><ele>775.000</ele></trkpt>
      <trkpt lat="22.4172210359" lon="114.1364466786"><ele>774.000</ele></trkpt>
      <trkpt lat="22.4172098639" lon="114.1364129495"><ele>774.000</ele></trkpt>
      <trkpt lat="22.4171977288" lon="114.1363839663"><ele>774.000</ele></trkpt>
      <trkpt lat="22.4171853170" lon="114.1363398419"><ele>775.000</ele></trkpt>
      <trkpt lat="22.4171809543" lon="114.1362888620"><ele>774.000</ele></trkpt>
      <trkpt lat="22.4171876612" lon="114.1362384178"><ele>775.000</ele></trkpt>
      <trkpt lat="22.4171910132" lon="114.1362164389"><ele>775.000</ele></trkpt>
      <trkpt lat="22.4171842415" lon="114.1361852590"><ele>775.000</ele></trkpt>
      <trkpt lat="22.4171924436" lon="114.1361516933"><ele>775.000</ele></trkpt>
      <trkpt lat="22.4171948768" lon="114.1361244269"><ele>774.000</ele></trkpt>
      <trkpt lat="22.4171838444" lon="114.1360858472"><ele>774.000</ele></trkpt>
      <trkpt lat="22.4171824058" lon="114.1360568007"><ele>775.000</ele></trkpt>
      <trkpt lat="22.4171682001" lon="114.1359789358"><ele>774.000</ele></trkpt>
      <trkpt lat="22.4171570846" lon="114.1359544630"><ele>774.000</ele></trkpt>
      <trkpt lat="22.4171565633" lon="114.1358891090"><ele>774.000</ele></trkpt>
      <trkpt lat="22.4171592550" lon="114.1358559673"><ele>774.000</ele></trkpt>
      <trkpt lat="22.4171678580" lon="114.1358048864"><ele>774.000</ele></trkpt>
      <trkpt lat="22.4171556386" lon="114.1357649502"><ele>774.000</ele></trkpt>
      <trkpt lat="22.4170848511" lon="114.1356678252"><ele>774.000</ele></trkpt>
      <trkpt lat="22.4170771927" lon="114.1356444052"><ele>774.000</ele></trkpt>
      <trkpt lat="22.4170752970" lon="114.1356190769"><ele>774.000</ele></trkpt>
      <trkpt lat="22.4170884354" lon="114.1355729103"><ele>774.000</ele></trkpt>
      <trkpt lat="22.4170982579" lon="114.1355130574"><ele>774.000</ele></trkpt>
      <trkpt lat="22.4171159796" lon="114.1354573885"><ele>774.000</ele></trkpt>
      <trkpt lat="22.4171259695" lon="114.1353957290"><ele>772.000</ele></trkpt>
      <trkpt lat="22.4171358413" lon="114.1352607005"><ele>771.000</ele></trkpt>
      <trkpt lat="22.4171259725" lon="114.1352246400"><ele>770.000</ele></trkpt>
      <trkpt lat="22.4171037517" lon="114.1351811394"><ele>770.000</ele></trkpt>
      <trkpt lat="22.4170902590" lon="114.1351624279"><ele>770.000</ele></trkpt>
      <trkpt lat="22.4170438719" lon="114.1350810782"><ele>770.000</ele></trkpt>
      <trkpt lat="22.4170350740" lon="114.1350588483"><ele>770.000</ele></trkpt>
      <trkpt lat="22.4170077966" lon="114.1350171286"><ele>770.000</ele></trkpt>
      <trkpt lat="22.4170023316" lon="114.1349972969"><ele>770.000</ele></trkpt>
      <trkpt lat="22.4169928506" lon="114.1349800868"><ele>770.000</ele></trkpt>
      <trkpt lat="22.4169629823" lon="114.1349521717"><ele>770.000</ele></trkpt>
      <trkpt lat="22.4169349825" lon="114.1349145937"><ele>769.000</ele></trkpt>
      <trkpt lat="22.4169189316" lon="114.1348860577"><ele>769.000</ele></trkpt>
      <trkpt lat="22.4168821568" lon="114.1348760714"><ele>768.000</ele></trkpt>
      <trkpt lat="22.4168681138" lon="114.1348528253"><ele>766.000</ele></trkpt>
      <trkpt lat="22.4168409968" lon="114.1348518564"><ele>765.000</ele></trkpt>
      <trkpt lat="22.4168165486" lon="114.1348413274"><ele>764.000</ele></trkpt>
      <trkpt lat="22.4168103162" lon="114.1348290757"><ele>764.000</ele></trkpt>
      <trkpt lat="22.4168147216" lon="114.1348061727"><ele>761.000</ele></trkpt>
      <trkpt lat="22.4168156716" lon="114.1347853552"><ele>761.000</ele></trkpt>
      <trkpt lat="22.4168100931" lon="114.1347629088"><ele>760.000</ele></trkpt>
      <trkpt lat="22.4168001463" lon="114.1347468110"><ele>760.000</ele></trkpt>
      <trkpt lat="22.4167784332" lon="114.1347111913"><ele>758.000</ele></trkpt>
      <trkpt lat="22.4167703393" lon="114.1346876025"><ele>757.000</ele></trkpt>
      <trkpt lat="22.4167617835" lon="114.1346518118"><ele>755.000</ele></trkpt>
      <trkpt lat="22.4167616719" lon="114.1346322970"><ele>755.000</ele></trkpt>
      <trkpt lat="22.4167636618" lon="114.1346101378"><ele>754.000</ele></trkpt>
      <trkpt lat="22.4167577136" lon="114.1346006173"><ele>754.000</ele></trkpt>
      <trkpt lat="22.4167450568" lon="114.1345912746"><ele>754.000</ele></trkpt>
      <trkpt lat="22.4167315465" lon="114.1345785074"><ele>754.000</ele></trkpt>
      <trkpt lat="22.4167320319" lon="114.1345695754"><ele>752.000</ele></trkpt>
      <trkpt lat="22.4167419593" lon="114.1345463552"><ele>752.000</ele></trkpt>
      <trkpt lat="22.4167500379" lon="114.1345184626"><ele>749.000</ele></trkpt>
      <trkpt lat="22.4167510080" lon="114.1344918854"><ele>749.000</ele></trkpt>
      <trkpt lat="22.4167518670" lon="114.1344545806"><ele>748.000</ele></trkpt>
      <trkpt lat="22.4167423199" lon="114.1344336001"><ele>748.000</ele></trkpt>
      <trkpt lat="22.4167308046" lon="114.1344076027"><ele>746.000</ele></trkpt>
      <trkpt lat="22.4167082746" lon="114.1343395224"><ele>744.000</ele></trkpt>
      <trkpt lat="22.4166885271" lon="114.1343032184"><ele>743.000</ele></trkpt>
      <trkpt lat="22.4166511043" lon="114.1342121314"><ele>742.000</ele></trkpt>
      <trkpt lat="22.4166210060" lon="114.1341276225"><ele>740.000</ele></trkpt>
      <trkpt lat="22.4165788946" lon="114.1340817040"><ele>740.000</ele></trkpt>
      <trkpt lat="22.4165701942" lon="114.1340663898"><ele>740.000</ele></trkpt>
      <trkpt lat="22.4165256055" lon="114.1338781486"><ele>738.000</ele></trkpt>
      <trkpt lat="22.4165242950" lon="114.1338726160"><ele>738.000</ele></trkpt>
      <trkpt lat="22.4165249524" lon="114.1338318613"><ele>738.000</ele></trkpt>
      <trkpt lat="22.4165557946" lon="114.1337283027"><ele>736.000</ele></trkpt>
      <trkpt lat="22.4165733689" lon="114.1337047265"><ele>736.000</ele></trkpt>
      <trkpt lat="22.4165846129" lon="114.1336682208"><ele>736.000</ele></trkpt>
      <trkpt lat="22.4165980266" lon="114.1336334820"><ele>735.000</ele></trkpt>
      <trkpt lat="22.4166073805" lon="114.1336205486"><ele>735.000</ele></trkpt>
      <trkpt lat="22.4166235953" lon="114.1335955334"><ele>734.000</ele></trkpt>
      <trkpt lat="22.4166561142" lon="114.1335388312"><ele>734.000</ele></trkpt>
      <trkpt lat="22.4166750448" lon="114.1335220340"><ele>734.000</ele></trkpt>
      <trkpt lat="22.4166839786" lon="114.1335049485"><ele>734.000</ele></trkpt>
      <trkpt lat="22.4166894714" lon="114.1334761428"><ele>732.000</ele></trkpt>
      <trkpt lat="22.4166914069" lon="114.1334401721"><ele>732.000</ele></trkpt>
      <trkpt lat="22.4166932242" lon="114.1334181334"><ele>732.000</ele></trkpt>
      <trkpt lat="22.4167048397" lon="114.1333761913"><ele>732.000</ele></trkpt>
      <trkpt lat="22.4167225891" lon="114.1333223588"><ele>734.000</ele></trkpt>
      <trkpt lat="22.4167343795" lon="114.1332965660"><ele>734.000</ele></trkpt>
      <trkpt lat="22.4167580040" lon="114.1332790932"><ele>734.000</ele></trkpt>
      <trkpt lat="22.4167719727" lon="114.1332605288"><ele>734.000</ele></trkpt>
      <trkpt lat="22.4167873780" lon="114.1332310974"><ele>734.000</ele></trkpt>
      <trkpt lat="22.4167930097" lon="114.1332118955"><ele>734.000</ele></trkpt>
      <trkpt lat="22.4168248807" lon="114.1331275092"><ele>732.000</ele></trkpt>
      <trkpt lat="22.4168282645" lon="114.1330974842"><ele>732.000</ele></trkpt>
      <trkpt lat="22.4168204765" lon="114.1330639311"><ele>732.000</ele></trkpt>
      <trkpt lat="22.4168044754" lon="114.1330339121"><ele>732.000</ele></trkpt>
      <trkpt lat="22.4167781150" lon="114.1329991625"><ele>732.000</ele></trkpt>
      <trkpt lat="22.4167774957" lon="114.1329865439"><ele>732.000</ele></trkpt>
      <trkpt lat="22.4167733541" lon="114.1329755184"><ele>732.000</ele></trkpt>
      <trkpt lat="22.4167733070" lon="114.1329519097"><ele>730.000</ele></trkpt>
      <trkpt lat="22.4167818413" lon="114.1329138933"><ele>728.000</ele></trkpt>
      <trkpt lat="22.4167782274" lon="114.1328808489"><ele>728.000</ele></trkpt>
      <trkpt lat="22.4167662307" lon="114.1328090533"><ele>728.000</ele></trkpt>
      <trkpt lat="22.4167685443" lon="114.1327460938"><ele>726.000</ele></trkpt>
      <trkpt lat="22.4167694254" lon="114.1326854289"><ele>726.000</ele></trkpt>
      <trkpt lat="22.4167596272" lon="114.1326388167"><ele>726.000</ele></trkpt>
      <trkpt lat="22.4167561942" lon="114.1326039968"><ele>726.000</ele></trkpt>
      <trkpt lat="22.4167605600" lon="114.1325365396"><ele>726.000</ele></trkpt>
      <trkpt lat="22.4167687243" lon="114.1324997229"><ele>726.000</ele></trkpt>
      <trkpt lat="22.4167743212" lon="114.1324495199"><ele>726.000</ele></trkpt>
      <trkpt lat="22.4167783572" lon="114.1323979043"><ele>726.000</ele></trkpt>
      <trkpt lat="22.4167777463" lon="114.1323601599"><ele>726.000</ele></trkpt>
      <trkpt lat="22.4167661292" lon="114.1322804921"><ele>728.000</ele></trkpt>
      <trkpt lat="22.4167442103" lon="114.1322146838"><ele>728.000</ele></trkpt>
      <trkpt lat="22.4167313214" lon="114.1321897476"><ele>730.000</ele></trkpt>
      <trkpt lat="22.4167081170" lon="114.1321322528"><ele>730.000</ele></trkpt>
      <trkpt lat="22.4166977983" lon="114.1320879176"><ele>730.000</ele></trkpt>
      <trkpt lat="22.4166952098" lon="114.1320442724"><ele>730.000</ele></trkpt>
      <trkpt lat="22.4167016399" lon="114.1320033954"><ele>730.000</ele></trkpt>
      <trkpt lat="22.4167215921" lon="114.1319458878"><ele>730.000</ele></trkpt>
      <trkpt lat="22.4167711500" lon="114.1318010775"><ele>728.000</ele></trkpt>
      <trkpt lat="22.4167975353" lon="114.1317172405"><ele>728.000</ele></trkpt>
      <trkpt lat="22.4168084650" lon="114.1316431085"><ele>728.000</ele></trkpt>
      <trkpt lat="22.4168097315" lon="114.1315641291"><ele>728.000</ele></trkpt>
      <trkpt lat="22.4168013366" lon="114.1314893108"><ele>728.000</ele></trkpt>
      <trkpt lat="22.4167813419" lon="114.1313950972"><ele>729.000</ele></trkpt>
      <trkpt lat="22.4167600696" lon="114.1313369094"><ele>730.000</ele></trkpt>
      <trkpt lat="22.4167310675" lon="114.1312801091"><ele>730.000</ele></trkpt>
      <trkpt lat="22.4166982037" lon="114.1312350888"><ele>732.000</ele></trkpt>
      <trkpt lat="22.4166505238" lon="114.1311845303"><ele>733.000</ele></trkpt>
      <trkpt lat="22.4166022026" lon="114.1311429786"><ele>734.000</ele></trkpt>
      <trkpt lat="22.4165566466" lon="114.1310952196"><ele>735.000</ele></trkpt>
      <trkpt lat="22.4165281013" lon="114.1310508614"><ele>736.000</ele></trkpt>
      <trkpt lat="22.4165068303" lon="114.1310009868"><ele>736.000</ele></trkpt>
      <trkpt lat="22.4164874868" lon="114.1309303284"><ele>736.000</ele></trkpt>
      <trkpt lat="22.4164779741" lon="114.1308730966"><ele>738.000</ele></trkpt>
      <trkpt lat="22.4164779741" lon="114.1308730762"><ele>738.000</ele></trkpt>
      <trkpt lat="22.4164739265" lon="114.1308125587"><ele>738.000</ele></trkpt>
      <trkpt lat="22.4164751950" lon="114.1307418935"><ele>738.000</ele></trkpt>
      <trkpt lat="22.4164848362" lon="114.1306698396"><ele>738.000</ele></trkpt>
      <trkpt lat="22.4164989856" lon="114.1305957066"><ele>738.000</ele></trkpt>
      <trkpt lat="22.4165182867" lon="114.1305146429"><ele>738.000</ele></trkpt>
      <trkpt lat="22.4165415239" lon="114.1304512316"><ele>738.000</ele></trkpt>
      <trkpt lat="22.4165691348" lon="114.1303829956"><ele>738.000</ele></trkpt>
      <trkpt lat="22.4166116249" lon="114.1303040026"><ele>738.000</ele></trkpt>
      <trkpt lat="22.4166631312" lon="114.1302194654"><ele>738.000</ele></trkpt>
      <trkpt lat="22.4166641130" lon="114.1302201372"><ele>738.000</ele></trkpt>
      <trkpt lat="22.4167329286" lon="114.1301034451"><ele>736.000</ele></trkpt>
      <trkpt lat="22.4167493973" lon="114.1300559366"><ele>736.000</ele></trkpt>
      <trkpt lat="22.4167609773" lon="114.1300067446"><ele>736.000</ele></trkpt>
      <trkpt lat="22.4167635431" lon="114.1299672548"><ele>736.000</ele></trkpt>
      <trkpt lat="22.4167618548" lon="114.1299250128"><ele>736.000</ele></trkpt>
      <trkpt lat="22.4167545016" lon="114.1298855078"><ele>737.000</ele></trkpt>
      <trkpt lat="22.4167422535" lon="114.1298543361"><ele>738.000</ele></trkpt>
      <trkpt lat="22.4167222922" lon="114.1298004314"><ele>738.000</ele></trkpt>
      <trkpt lat="22.4167022862" lon="114.1297483518"><ele>738.000</ele></trkpt>
      <trkpt lat="22.4166853696" lon="114.1296871450"><ele>740.000</ele></trkpt>
      <trkpt lat="22.4166777722" lon="114.1296188080"><ele>738.000</ele></trkpt>
      <trkpt lat="22.4166758200" lon="114.1295516083"><ele>739.000</ele></trkpt>
      <trkpt lat="22.4166796679" lon="114.1294961834"><ele>739.000</ele></trkpt>
      <trkpt lat="22.4166957389" lon="114.1293832521"><ele>740.000</ele></trkpt>
      <trkpt lat="22.4167079491" lon="114.1292883353"><ele>740.000</ele></trkpt>
      <trkpt lat="22.4167188831" lon="114.1292329079"><ele>740.000</ele></trkpt>
      <trkpt lat="22.4167420491" lon="114.1291566931"><ele>742.000</ele></trkpt>
      <trkpt lat="22.4167896709" lon="114.1290084190"><ele>742.000</ele></trkpt>
      <trkpt lat="22.4168044716" lon="114.1289585323"><ele>742.000</ele></trkpt>
      <trkpt lat="22.4168231197" lon="114.1288525290"><ele>744.000</ele></trkpt>
      <trkpt lat="22.4168353276" lon="114.1287479130"><ele>744.000</ele></trkpt>
      <trkpt lat="22.4168481838" lon="114.1286613090"><ele>744.000</ele></trkpt>
      <trkpt lat="22.4168655477" lon="114.1285677762"><ele>744.000</ele></trkpt>
      <trkpt lat="22.4168809827" lon="114.1284867133"><ele>746.000</ele></trkpt>
      <trkpt lat="22.4168854626" lon="114.1283897205"><ele>746.000</ele></trkpt>
      <trkpt lat="22.4168815753" lon="114.1283155934"><ele>748.000</ele></trkpt>
      <trkpt lat="22.4168725335" lon="114.1282359250"><ele>748.000</ele></trkpt>
      <trkpt lat="22.4168596279" lon="114.1281604150"><ele>752.000</ele></trkpt>
      <trkpt lat="22.4168119058" lon="114.1279730643"><ele>756.000</ele></trkpt>
      <trkpt lat="22.4167939273" lon="114.1279024836"><ele>758.000</ele></trkpt>
      <trkpt lat="22.4167803118" lon="114.1278687765"><ele>760.000</ele></trkpt>
      <trkpt lat="22.4167538967" lon="114.1278480015"><ele>761.000</ele></trkpt>
      <trkpt lat="22.4167249079" lon="114.1278390051"><ele>762.000</ele></trkpt>
      <trkpt lat="22.4166836839" lon="114.1278424840"><ele>762.000</ele></trkpt>
      <trkpt lat="22.4166031749" lon="114.1278646815"><ele>764.000</ele></trkpt>
      <trkpt lat="22.4165207324" lon="114.1278868797"><ele>766.000</ele></trkpt>
      <trkpt lat="22.4164717807" lon="114.1278924389"><ele>768.000</ele></trkpt>
      <trkpt lat="22.4164415043" lon="114.1278869074"><ele>768.000</ele></trkpt>
      <trkpt lat="22.4164189557" lon="114.1278737527"><ele>768.000</ele></trkpt>
      <trkpt lat="22.4164065583" lon="114.1278516374"><ele>771.000</ele></trkpt>
      <trkpt lat="22.4164021860" lon="114.1277989368"><ele>772.000</ele></trkpt>
      <trkpt lat="22.4164047437" lon="114.1277372769"><ele>772.000</ele></trkpt>
      <trkpt lat="22.4164336745" lon="114.1275557559"><ele>774.000</ele></trkpt>
      <trkpt lat="22.4164523160" lon="114.1274310460"><ele>776.000</ele></trkpt>
      <trkpt lat="22.4164529361" lon="114.1273534530"><ele>778.000</ele></trkpt>
      <trkpt lat="22.4164438790" lon="114.1272252904"><ele>778.000</ele></trkpt>
      <trkpt lat="22.4164268065" lon="114.1270319064"><ele>779.000</ele></trkpt>
      <trkpt lat="22.4164109137" lon="114.1268518870"><ele>780.000</ele></trkpt>
      <trkpt lat="22.4163999350" lon="114.1267604420"><ele>782.000</ele></trkpt>
      <trkpt lat="22.4163863876" lon="114.1266939392"><ele>784.000</ele></trkpt>
      <trkpt lat="22.4163606015" lon="114.1266253623"><ele>785.000</ele></trkpt>
      <trkpt lat="22.4163232177" lon="114.1265491681"><ele>788.000</ele></trkpt>
      <trkpt lat="22.4162819742" lon="114.1264868314"><ele>790.000</ele></trkpt>
      <trkpt lat="22.4162407331" lon="114.1264355798"><ele>790.000</ele></trkpt>
      <trkpt lat="22.4162278410" lon="114.1264030237"><ele>792.000</ele></trkpt>
      <trkpt lat="22.4162168787" lon="114.1263649238"><ele>792.000</ele></trkpt>
      <trkpt lat="22.4162168657" lon="114.1263233565"><ele>794.000</ele></trkpt>
      <trkpt lat="22.4162222416" lon="114.1261964671"><ele>798.000</ele></trkpt>
      <trkpt lat="22.4162135897" lon="114.1261480817"><ele>800.000</ele></trkpt>
      <trkpt lat="22.4162019807" lon="114.1261009765"><ele>802.000</ele></trkpt>
      <trkpt lat="22.4161935923" lon="114.1260552552"><ele>803.000</ele></trkpt>
      <trkpt lat="22.4161929378" lon="114.1260213086"><ele>804.000</ele></trkpt>
      <trkpt lat="22.4161974354" lon="114.1259852817"><ele>804.000</ele></trkpt>
      <trkpt lat="22.4162167302" lon="114.1258917484"><ele>806.000</ele></trkpt>
      <trkpt lat="22.4162167187" lon="114.1258550296"><ele>808.000</ele></trkpt>
      <trkpt lat="22.4162128442" lon="114.1258252413"><ele>808.000</ele></trkpt>
      <trkpt lat="22.4162018840" lon="114.1257940695"><ele>808.000</ele></trkpt>
      <trkpt lat="22.4161825878" lon="114.1257631698"><ele>810.000</ele></trkpt>
      <trkpt lat="22.4161393816" lon="114.1257234278"><ele>812.000</ele></trkpt>
      <trkpt lat="22.4161039473" lon="114.1257019641"><ele>812.000</ele></trkpt>
      <trkpt lat="22.4160092413" lon="114.1256431118"><ele>814.000</ele></trkpt>
      <trkpt lat="22.4159348306" lon="114.1255735139"><ele>816.000</ele></trkpt>
      <trkpt lat="22.4158113656" lon="114.1254317372"><ele>820.000</ele></trkpt>
      <trkpt lat="22.4158030495" lon="114.1254221877"><ele>820.000</ele></trkpt>
      <trkpt lat="22.4157038195" lon="114.1253162272"><ele>822.000</ele></trkpt>
      <trkpt lat="22.4155709570" lon="114.1251846442"><ele>826.000</ele></trkpt>
      <trkpt lat="22.4154905440" lon="114.1251050057"><ele>828.000</ele></trkpt>
      <trkpt lat="22.4154563981" lon="114.1250828493"><ele>829.000</ele></trkpt>
      <trkpt lat="22.4154191813" lon="114.1250648588"><ele>829.000</ele></trkpt>
      <trkpt lat="22.4153945532" lon="114.1250558536"><ele>830.000</ele></trkpt>
      <trkpt lat="22.4153629894" lon="114.1250517083"><ele>832.000</ele></trkpt>
      <trkpt lat="22.4152554163" lon="114.1250427427"><ele>834.000</ele></trkpt>
      <trkpt lat="22.4150988501" lon="114.1250309193"><ele>840.000</ele></trkpt>
      <trkpt lat="22.4149906722" lon="114.1250227503"><ele>842.000</ele></trkpt>
      <trkpt lat="22.4149668376" lon="114.1250186022"><ele>842.000</ele></trkpt>
      <trkpt lat="22.4149397797" lon="114.1250019852"><ele>844.000</ele></trkpt>
      <trkpt lat="22.4149198043" lon="114.1249798237"><ele>844.000</ele></trkpt>
      <trkpt lat="22.4148985521" lon="114.1249434608"><ele>846.000</ele></trkpt>
      <trkpt lat="22.4148843477" lon="114.1248890814"><ele>846.000</ele></trkpt>
      <trkpt lat="22.4148787359" lon="114.1248405828"><ele>846.000</ele></trkpt>
      <trkpt lat="22.4148772301" lon="114.1247886307"><ele>846.000</ele></trkpt>
      <trkpt lat="22.4148694826" lon="114.1247345966"><ele>847.000</ele></trkpt>
      <trkpt lat="22.4148417722" lon="114.1246944251"><ele>846.000</ele></trkpt>
      <trkpt lat="22.4147586646" lon="114.1246494256"><ele>848.000</ele></trkpt>
      <trkpt lat="22.4146311035" lon="114.1245767310"><ele>850.000</ele></trkpt>
      <trkpt lat="22.4144710774" lon="114.1244866717"><ele>852.000</ele></trkpt>
      <trkpt lat="22.4143457008" lon="114.1244161126"><ele>854.000</ele></trkpt>
      <trkpt lat="22.4143102663" lon="114.1243918785"><ele>854.000</ele></trkpt>
      <trkpt lat="22.4142844927" lon="114.1243676408"><ele>854.000</ele></trkpt>
      <trkpt lat="22.4142612925" lon="114.1243316247"><ele>854.000</ele></trkpt>
      <trkpt lat="22.4142361542" lon="114.1242782900"><ele>856.000</ele></trkpt>
      <trkpt lat="22.4141548380" lon="114.1241048412"><ele>858.000</ele></trkpt>
      <trkpt lat="22.4141504251" lon="114.1240954284"><ele>858.000</ele></trkpt>
      <trkpt lat="22.4141297978" lon="114.1240490190"><ele>858.000</ele></trkpt>
      <trkpt lat="22.4141181907" lon="114.1240095352"><ele>858.000</ele></trkpt>
      <trkpt lat="22.4141085131" lon="114.1239638151"><ele>859.000</ele></trkpt>
      <trkpt lat="22.4141026997" lon="114.1239125517"><ele>860.000</ele></trkpt>
      <trkpt lat="22.4140988078" lon="114.1238308057"><ele>862.000</ele></trkpt>
      <trkpt lat="22.4140864460" lon="114.1236370106"><ele>864.000</ele></trkpt>
      <trkpt lat="22.4140839157" lon="114.1235973435"><ele>864.000</ele></trkpt>
      <trkpt lat="22.4140787526" lon="114.1235661711"><ele>864.000</ele></trkpt>
      <trkpt lat="22.4140673808" lon="114.1235368028"><ele>864.000</ele></trkpt>
      <trkpt lat="22.4140426639" lon="114.1235135333"><ele>865.000</ele></trkpt>
      <trkpt lat="22.4140136751" lon="114.1235024594"><ele>866.000</ele></trkpt>
      <trkpt lat="22.4139872652" lon="114.1235017770"><ele>866.000</ele></trkpt>
      <trkpt lat="22.4139602144" lon="114.1235101003"><ele>868.000</ele></trkpt>
      <trkpt lat="22.4139370319" lon="114.1235281220"><ele>868.000</ele></trkpt>
      <trkpt lat="22.4139209365" lon="114.1235544539"><ele>868.000</ele></trkpt>
      <trkpt lat="22.4139067791" lon="114.1235946400"><ele>868.000</ele></trkpt>
      <trkpt lat="22.4138937808" lon="114.1236529453"><ele>870.000</ele></trkpt>
      <trkpt lat="22.4138592645" lon="114.1238436153"><ele>872.000</ele></trkpt>
      <trkpt lat="22.4138247480" lon="114.1240342852"><ele>874.000</ele></trkpt>
      <trkpt lat="22.4137902312" lon="114.1242249551"><ele>876.000</ele></trkpt>
      <trkpt lat="22.4137672502" lon="114.1243519007"><ele>878.000</ele></trkpt>
      <trkpt lat="22.4137569631" lon="114.1244087121"><ele>878.000</ele></trkpt>
      <trkpt lat="22.4137440867" lon="114.1244288082"><ele>878.000</ele></trkpt>
      <trkpt lat="22.4137273432" lon="114.1244398984"><ele>878.000</ele></trkpt>
      <trkpt lat="22.4137022220" lon="114.1244419863"><ele>878.000</ele></trkpt>
      <trkpt lat="22.4136732333" lon="114.1244309133"><ele>880.000</ele></trkpt>
      <trkpt lat="22.4136435959" lon="114.1244080621"><ele>880.000</ele></trkpt>
      <trkpt lat="22.4136149928" lon="114.1243747454"><ele>880.000</ele></trkpt>
      <trkpt lat="22.4135971958" lon="114.1243394947"><ele>882.000</ele></trkpt>
      <trkpt lat="22.4135810784" lon="114.1242958558"><ele>882.000</ele></trkpt>
      <trkpt lat="22.4135694637" lon="114.1242328173"><ele>882.000</ele></trkpt>
      <trkpt lat="22.4135442932" lon="114.1240811089"><ele>884.000</ele></trkpt>
      <trkpt lat="22.4135178297" lon="114.1239162377"><ele>888.000</ele></trkpt>
      <trkpt lat="22.4135029968" lon="114.1238628994"><ele>888.000</ele></trkpt>
      <trkpt lat="22.4134894605" lon="114.1238338078"><ele>888.000</ele></trkpt>
      <trkpt lat="22.4134669095" lon="114.1238144186"><ele>888.000</ele></trkpt>
      <trkpt lat="22.4134379209" lon="114.1238040373"><ele>888.000</ele></trkpt>
      <trkpt lat="22.4133793020" lon="114.1237950541"><ele>890.000</ele></trkpt>
      <trkpt lat="22.4132414532" lon="114.1237805581"><ele>892.000</ele></trkpt>
      <trkpt lat="22.4132053793" lon="114.1237729514"><ele>892.000</ele></trkpt>
      <trkpt lat="22.4131718800" lon="114.1237598008"><ele>892.000</ele></trkpt>
      <trkpt lat="22.4131312917" lon="114.1237355691"><ele>893.000</ele></trkpt>
      <trkpt lat="22.4130069435" lon="114.1236413987"><ele>896.000</ele></trkpt>
      <trkpt lat="22.4129740819" lon="114.1236095437"><ele>898.000</ele></trkpt>
      <trkpt lat="22.4129491172" lon="114.1235933179"><ele>896.000</ele></trkpt>
      <trkpt lat="22.4129270540" lon="114.1235908574"><ele>898.000</ele></trkpt>
      <trkpt lat="22.4128990450" lon="114.1235961720"><ele>898.000</ele></trkpt>
      <trkpt lat="22.4128774622" lon="114.1236102740"><ele>898.000</ele></trkpt>
      <trkpt lat="22.4128626552" lon="114.1236331408"><ele>898.000</ele></trkpt>
      <trkpt lat="22.4128549370" lon="114.1236691682"><ele>900.000</ele></trkpt>
      <trkpt lat="22.4128562398" lon="114.1237121190"><ele>900.000</ele></trkpt>
      <trkpt lat="22.4128678495" lon="114.1237592238"><ele>900.000</ele></trkpt>
      <trkpt lat="22.4128910528" lon="114.1238042448"><ele>902.000</ele></trkpt>
      <trkpt lat="22.4129638714" lon="114.1238991283"><ele>902.000</ele></trkpt>
      <trkpt lat="22.4130412000" lon="114.1240002435"><ele>903.000</ele></trkpt>
      <trkpt lat="22.4130747120" lon="114.1240521896"><ele>906.000</ele></trkpt>
      <trkpt lat="22.4131056471" lon="114.1241055207"><ele>904.000</ele></trkpt>
      <trkpt lat="22.4131185453" lon="114.1241526252"><ele>906.000</ele></trkpt>
      <trkpt lat="22.4131224224" lon="114.1241893407"><ele>906.000</ele></trkpt>
      <trkpt lat="22.4131185675" lon="114.1242205172"><ele>906.000</ele></trkpt>
      <trkpt lat="22.4131082711" lon="114.1242516962"><ele>906.000</ele></trkpt>
      <trkpt lat="22.4130863835" lon="114.1242891139"><ele>907.000</ele></trkpt>
      <trkpt lat="22.4130625588" lon="114.1243154485"><ele>906.000</ele></trkpt>
      <trkpt lat="22.4130348681" lon="114.1243362426"><ele>908.000</ele></trkpt>
      <trkpt lat="22.4129897861" lon="114.1243584282"><ele>908.000</ele></trkpt>
      <trkpt lat="22.4128246103" lon="114.1244369986"><ele>910.000</ele></trkpt>
      <trkpt lat="22.4127959323" lon="114.1244506400"><ele>910.000</ele></trkpt>
      <trkpt lat="22.4126568200" lon="114.1245137346"><ele>912.000</ele></trkpt>
      <trkpt lat="22.4125557072" lon="114.1245601881"><ele>914.000</ele></trkpt>
      <trkpt lat="22.4124874391" lon="114.1245927736"><ele>914.000</ele></trkpt>
      <trkpt lat="22.4124352713" lon="114.1246135767"><ele>916.000</ele></trkpt>
      <trkpt lat="22.4123579838" lon="114.1246385451"><ele>916.000</ele></trkpt>
      <trkpt lat="22.4123025986" lon="114.1246683547"><ele>916.000</ele></trkpt>
      <trkpt lat="22.4122439942" lon="114.1247044009"><ele>918.000</ele></trkpt>
      <trkpt lat="22.4121847468" lon="114.1247459892"><ele>918.000</ele></trkpt>
      <trkpt lat="22.4121094028" lon="114.1248049025"><ele>920.000</ele></trkpt>
      <trkpt lat="22.4119844735" lon="114.1249040154"><ele>922.000</ele></trkpt>
      <trkpt lat="22.4119477640" lon="114.1249248116"><ele>922.000</ele></trkpt>
      <trkpt lat="22.4119136287" lon="114.1249359090"><ele>922.000</ele></trkpt>
      <trkpt lat="22.4118691862" lon="114.1249421608"><ele>923.000</ele></trkpt>
      <trkpt lat="22.4117751452" lon="114.1249498161"><ele>924.000</ele></trkpt>
      <trkpt lat="22.4116534094" lon="114.1249657954"><ele>925.000</ele></trkpt>
      <trkpt lat="22.4114865864" lon="114.1249880258"><ele>928.000</ele></trkpt>
      <trkpt lat="22.4114447239" lon="114.1250053604"><ele>928.000</ele></trkpt>
      <trkpt lat="22.4114170331" lon="114.1250289250"><ele>928.000</ele></trkpt>
      <trkpt lat="22.4114028685" lon="114.1250476343"><ele>928.000</ele></trkpt>
      <trkpt lat="22.4113906423" lon="114.1250850488"><ele>928.000</ele></trkpt>
      <trkpt lat="22.4113835889" lon="114.1251848098"><ele>927.000</ele></trkpt>
      <trkpt lat="22.4113720199" lon="114.1252665600"><ele>926.000</ele></trkpt>
      <trkpt lat="22.4113591547" lon="114.1253192153"><ele>926.000</ele></trkpt>
      <trkpt lat="22.4113366235" lon="114.1253614820"><ele>926.000</ele></trkpt>
      <trkpt lat="22.4113087884" lon="114.1253912295"><ele>926.000</ele></trkpt>
      <trkpt lat="22.4112735200" lon="114.1254287040"><ele>926.000</ele></trkpt>
      <trkpt lat="22.4112297289" lon="114.1254612807"><ele>924.000</ele></trkpt>
      <trkpt lat="22.4112007494" lon="114.1254820738"><ele>924.000</ele></trkpt>
      <trkpt lat="22.4111621128" lon="114.1255174195"><ele>924.000</ele></trkpt>
      <trkpt lat="22.4111067341" lon="114.1255680109"><ele>924.000</ele></trkpt>
      <trkpt lat="22.4110526443" lon="114.1256227597"><ele>922.000</ele></trkpt>
      <trkpt lat="22.4110120757" lon="114.1256594910"><ele>922.000</ele></trkpt>
      <trkpt lat="22.4109418801" lon="114.1257059318"><ele>920.000</ele></trkpt>
      <trkpt lat="22.4109116102" lon="114.1257211835"><ele>920.000</ele></trkpt>
      <trkpt lat="22.4108768310" lon="114.1257322809"><ele>920.000</ele></trkpt>
      <trkpt lat="22.4108368961" lon="114.1257371448"><ele>920.000</ele></trkpt>
      <trkpt lat="22.4107988909" lon="114.1257330019"><ele>920.000</ele></trkpt>
      <trkpt lat="22.4107483521" lon="114.1257199554"><ele>920.000</ele></trkpt>
      <trkpt lat="22.4107074148" lon="114.1257018618"><ele>918.000</ele></trkpt>
      <trkpt lat="22.4106636098" lon="114.1256880222"><ele>918.000</ele></trkpt>
      <trkpt lat="22.4106230275" lon="114.1256818018"><ele>918.000</ele></trkpt>
      <trkpt lat="22.4105702106" lon="114.1256894414"><ele>916.000</ele></trkpt>
      <trkpt lat="22.4105315652" lon="114.1256970758"><ele>916.000</ele></trkpt>
      <trkpt lat="22.4104967847" lon="114.1257040163"><ele>916.000</ele></trkpt>
      <trkpt lat="22.4104574937" lon="114.1257088800"><ele>916.000</ele></trkpt>
      <trkpt lat="22.4104162704" lon="114.1257116660"><ele>916.000</ele></trkpt>
      <trkpt lat="22.4103802016" lon="114.1257199929"><ele>916.000</ele></trkpt>
      <trkpt lat="22.4103080689" lon="114.1257518862"><ele>914.000</ele></trkpt>
      <trkpt lat="22.4102539686" lon="114.1257733818"><ele>914.000</ele></trkpt>
      <trkpt lat="22.4102082410" lon="114.1257907174"><ele>912.000</ele></trkpt>
      <trkpt lat="22.4101786137" lon="114.1257990409"><ele>912.000</ele></trkpt>
      <trkpt lat="22.4101401123" lon="114.1258051300"><ele>912.000</ele></trkpt>
      <trkpt lat="22.4100923022" lon="114.1258053077"><ele>912.000</ele></trkpt>
      <trkpt lat="22.4099911685" lon="114.1257928751"><ele>910.000</ele></trkpt>
      <trkpt lat="22.4099492974" lon="114.1257831917"><ele>910.000</ele></trkpt>
      <trkpt lat="22.4099222406" lon="114.1257728105"><ele>912.000</ele></trkpt>
      <trkpt lat="22.4099042022" lon="114.1257645034"><ele>910.000</ele></trkpt>
      <trkpt lat="22.4098861585" lon="114.1257388784"><ele>910.000</ele></trkpt>
      <trkpt lat="22.4098758406" lon="114.1257000876"><ele>911.000</ele></trkpt>
      <trkpt lat="22.4098738910" lon="114.1256460524"><ele>911.000</ele></trkpt>
      <trkpt lat="22.4098642104" lon="114.1255864791"><ele>908.000</ele></trkpt>
      <trkpt lat="22.4098442296" lon="114.1255469994"><ele>908.000</ele></trkpt>
      <trkpt lat="22.4098165225" lon="114.1255192986"><ele>908.000</ele></trkpt>
      <trkpt lat="22.4097785140" lon="114.1255019937"><ele>908.000</ele></trkpt>
      <trkpt lat="22.4097340675" lon="114.1254985467"><ele>908.000</ele></trkpt>
      <trkpt lat="22.4096812495" lon="114.1254999511"><ele>906.000</ele></trkpt>
      <trkpt lat="22.4096522646" lon="114.1255034261"><ele>906.000</ele></trkpt>
      <trkpt lat="22.4094801423" lon="114.1255622726"><ele>905.000</ele></trkpt>
      <trkpt lat="22.4094757918" lon="114.1255637600"><ele>905.000</ele></trkpt>
      <trkpt lat="22.4094184664" lon="114.1255727872"><ele>905.000</ele></trkpt>
      <trkpt lat="22.4093611379" lon="114.1255693448"><ele>905.000</ele></trkpt>
      <trkpt lat="22.4093134670" lon="114.1255527360"><ele>904.000</ele></trkpt>
      <trkpt lat="22.4092580620" lon="114.1255236605"><ele>904.000</ele></trkpt>
      <trkpt lat="22.4091865462" lon="114.1254703445"><ele>902.000</ele></trkpt>
      <trkpt lat="22.4091511134" lon="114.1254509604"><ele>902.000</ele></trkpt>
      <trkpt lat="22.4090209817" lon="114.1253983585"><ele>900.000</ele></trkpt>
      <trkpt lat="22.4089353000" lon="114.1253602892"><ele>900.000</ele></trkpt>
      <trkpt lat="22.4088992240" lon="114.1253457546"><ele>900.000</ele></trkpt>
      <trkpt lat="22.4088592845" lon="114.1253332989"><ele>900.000</ele></trkpt>
      <trkpt lat="22.4088251452" lon="114.1253346974"><ele>900.000</ele></trkpt>
      <trkpt lat="22.4086718501" lon="114.1253610787"><ele>898.000</ele></trkpt>
      <trkpt lat="22.4086177444" lon="114.1253624836"><ele>898.000</ele></trkpt>
      <trkpt lat="22.4085655676" lon="114.1253583470"><ele>898.000</ele></trkpt>
      <trkpt lat="22.4085230532" lon="114.1253507425"><ele>898.000</ele></trkpt>
      <trkpt lat="22.4084695840" lon="114.1253320576"><ele>898.000</ele></trkpt>
      <trkpt lat="22.4083832604" lon="114.1253002229"><ele>896.000</ele></trkpt>
      <trkpt lat="22.4083542657" lon="114.1252732164"><ele>896.000</ele></trkpt>
      <trkpt lat="22.4083420130" lon="114.1252302700"><ele>896.000</ele></trkpt>
      <trkpt lat="22.4083381316" lon="114.1251762370"><ele>895.000</ele></trkpt>
      <trkpt lat="22.4083381099" lon="114.1251083473"><ele>895.000</ele></trkpt>
      <trkpt lat="22.4083451795" lon="114.1250591585"><ele>894.000</ele></trkpt>
      <trkpt lat="22.4083657640" lon="114.1249732500"><ele>892.000</ele></trkpt>
      <trkpt lat="22.4083779832" lon="114.1249143618"><ele>894.000</ele></trkpt>
      <trkpt lat="22.4083824775" lon="114.1248686383"><ele>894.000</ele></trkpt>
      <trkpt lat="22.4083792405" lon="114.1248166835"><ele>894.000</ele></trkpt>
      <trkpt lat="22.4083689177" lon="114.1247661162"><ele>890.000</ele></trkpt>
      <trkpt lat="22.4083476289" lon="114.1246642895"><ele>890.000</ele></trkpt>
      <trkpt lat="22.4083392381" lon="114.1246123357"><ele>890.000</ele></trkpt>
      <trkpt lat="22.4083340647" lon="114.1245486047"><ele>890.000</ele></trkpt>
      <trkpt lat="22.4083308054" lon="114.1243543937"><ele>890.000</ele></trkpt>
      <trkpt lat="22.4083301236" lon="114.1243137639"><ele>890.000</ele></trkpt>
      <trkpt lat="22.4083339749" lon="114.1242715040"><ele>889.000</ele></trkpt>
      <trkpt lat="22.4083410494" lon="114.1242382490"><ele>889.000</ele></trkpt>
      <trkpt lat="22.4083532785" lon="114.1242077638"><ele>888.000</ele></trkpt>
      <trkpt lat="22.4083828883" lon="114.1241460971"><ele>888.000</ele></trkpt>
      <trkpt lat="22.4083951158" lon="114.1241135335"><ele>888.000</ele></trkpt>
      <trkpt lat="22.4083957500" lon="114.1240837452"><ele>888.000</ele></trkpt>
      <trkpt lat="22.4083854363" lon="114.1240588103"><ele>888.000</ele></trkpt>
      <trkpt lat="22.4083623913" lon="114.1240532704"><ele>886.000</ele></trkpt>
      <trkpt lat="22.4083422761" lon="114.1240484346"><ele>886.000</ele></trkpt>
      <trkpt lat="22.4083126471" lon="114.1240512167"><ele>886.000</ele></trkpt>
      <trkpt lat="22.4082855988" lon="114.1240671606"><ele>886.000</ele></trkpt>
      <trkpt lat="22.4082611293" lon="114.1240907237"><ele>886.000</ele></trkpt>
      <trkpt lat="22.4082392380" lon="114.1241198275"><ele>886.000</ele></trkpt>
      <trkpt lat="22.4082263705" lon="114.1241669391"><ele>884.000</ele></trkpt>
      <trkpt lat="22.4082205901" lon="114.1242168198"><ele>884.000</ele></trkpt>
      <trkpt lat="22.4082218988" lon="114.1242812447"><ele>884.000</ele></trkpt>
      <trkpt lat="22.4082232309" lon="114.1244149452"><ele>883.000</ele></trkpt>
      <trkpt lat="22.4082252026" lon="114.1245361760"><ele>882.000</ele></trkpt>
      <trkpt lat="22.4082252284" lon="114.1246158426"><ele>882.000</ele></trkpt>
      <trkpt lat="22.4082194612" lon="114.1247100592"><ele>882.000</ele></trkpt>
      <trkpt lat="22.4082123933" lon="114.1247640962"><ele>882.000</ele></trkpt>
      <trkpt lat="22.4081982399" lon="114.1248174433"><ele>882.000</ele></trkpt>
      <trkpt lat="22.4081789311" lon="114.1248659431"><ele>880.000</ele></trkpt>
      <trkpt lat="22.4081512495" lon="114.1249151385"><ele>881.000</ele></trkpt>
      <trkpt lat="22.4081106876" lon="114.1249726522"><ele>880.000</ele></trkpt>
      <trkpt lat="22.4080353492" lon="114.1250495748"><ele>878.000</ele></trkpt>
      <trkpt lat="22.4079896309" lon="114.1250987778"><ele>878.000</ele></trkpt>
      <trkpt lat="22.4079728930" lon="114.1251271860"><ele>880.000</ele></trkpt>
      <trkpt lat="22.4079619544" lon="114.1251639067"><ele>878.000</ele></trkpt>
      <trkpt lat="22.4079581035" lon="114.1252082439"><ele>878.000</ele></trkpt>
      <trkpt lat="22.4079658515" lon="114.1252643537"><ele>878.000</ele></trkpt>
      <trkpt lat="22.4079813302" lon="114.1253253099"><ele>878.000</ele></trkpt>
      <trkpt lat="22.4079890746" lon="114.1253731071"><ele>878.000</ele></trkpt>
      <trkpt lat="22.4079813582" lon="114.1254132889"><ele>878.000</ele></trkpt>
      <trkpt lat="22.4079568870" lon="114.1254320025"><ele>876.000</ele></trkpt>
      <trkpt lat="22.4079253239" lon="114.1254299357"><ele>876.000</ele></trkpt>
      <trkpt lat="22.4078995546" lon="114.1254188617"><ele>876.000</ele></trkpt>
      <trkpt lat="22.4078782904" lon="114.1253932374"><ele>876.000</ele></trkpt>
      <trkpt lat="22.4078653939" lon="114.1253502914"><ele>876.000</ele></trkpt>
      <trkpt lat="22.4078621590" lon="114.1253045709"><ele>876.000</ele></trkpt>
      <trkpt lat="22.4078666496" lon="114.1252470717"><ele>874.000</ele></trkpt>
      <trkpt lat="22.4078743600" lon="114.1251881853"><ele>874.000</ele></trkpt>
      <trkpt lat="22.4078878684" lon="114.1251306818"><ele>876.000</ele></trkpt>
      <trkpt lat="22.4079020251" lon="114.1250842624"><ele>875.000</ele></trkpt>
      <trkpt lat="22.4079181156" lon="114.1250447690"><ele>874.000</ele></trkpt>
      <trkpt lat="22.4079400041" lon="114.1250094312"><ele>876.000</ele></trkpt>
      <trkpt lat="22.4079728402" lon="114.1249623124"><ele>876.000</ele></trkpt>
      <trkpt lat="22.4080069575" lon="114.1248951026"><ele>873.000</ele></trkpt>
      <trkpt lat="22.4080211132" lon="114.1248486832"><ele>874.000</ele></trkpt>
      <trkpt lat="22.4080339785" lon="114.1247939506"><ele>873.000</ele></trkpt>
      <trkpt lat="22.4080403972" lon="114.1247232878"><ele>872.000</ele></trkpt>
      <trkpt lat="22.4080390940" lon="114.1246782600"><ele>872.000</ele></trkpt>
      <trkpt lat="22.4080326145" lon="114.1245577235"><ele>872.000</ele></trkpt>
      <trkpt lat="22.4080248667" lon="114.1245029987"><ele>872.000</ele></trkpt>
      <trkpt lat="22.4080132540" lon="114.1244461979"><ele>872.000</ele></trkpt>
      <trkpt lat="22.4079945533" lon="114.1243838570"><ele>870.000</ele></trkpt>
      <trkpt lat="22.4079700528" lon="114.1243090500"><ele>870.000</ele></trkpt>
      <trkpt lat="22.4079519916" lon="114.1242307753"><ele>870.000</ele></trkpt>
      <trkpt lat="22.4079423046" lon="114.1241531909"><ele>868.000</ele></trkpt>
      <trkpt lat="22.4079416389" lon="114.1240887659"><ele>868.000</ele></trkpt>
      <trkpt lat="22.4079467758" lon="114.1240375005"><ele>868.000</ele></trkpt>
      <trkpt lat="22.4079512712" lon="114.1239959339"><ele>868.000</ele></trkpt>
      <trkpt lat="22.4079673580" lon="114.1239460494"><ele>868.000</ele></trkpt>
      <trkpt lat="22.4079956821" lon="114.1238933893"><ele>868.000</ele></trkpt>
      <trkpt lat="22.4080310944" lon="114.1238469618"><ele>868.000</ele></trkpt>
      <trkpt lat="22.4080826071" lon="114.1237922145"><ele>866.000</ele></trkpt>
      <trkpt lat="22.4081985127" lon="114.1236771741"><ele>866.000</ele></trkpt>
      <trkpt lat="22.4082790035" lon="114.1235981703"><ele>864.000</ele></trkpt>
      <trkpt lat="22.4083157046" lon="114.1235552054"><ele>864.000</ele></trkpt>
      <trkpt lat="22.4083343710" lon="114.1235150192"><ele>864.000</ele></trkpt>
      <trkpt lat="22.4083253396" lon="114.1234741501"><ele>862.000</ele></trkpt>
      <trkpt lat="22.4083053613" lon="114.1234436762"><ele>862.000</ele></trkpt>
      <trkpt lat="22.4082725075" lon="114.1234326053"><ele>862.000</ele></trkpt>
      <trkpt lat="22.4082403032" lon="114.1234388518"><ele>862.000</ele></trkpt>
      <trkpt lat="22.4082081060" lon="114.1234693456"><ele>862.000</ele></trkpt>
      <trkpt lat="22.4081611139" lon="114.1235566502"><ele>862.000</ele></trkpt>
      <trkpt lat="22.4081353627" lon="114.1236009959"><ele>862.000</ele></trkpt>
      <trkpt lat="22.4081018780" lon="114.1236321826"><ele>862.000</ele></trkpt>
      <trkpt lat="22.4080587318" lon="114.1236640654"><ele>862.000</ele></trkpt>
      <trkpt lat="22.4079092710" lon="114.1237731161"><ele>860.000</ele></trkpt>
      <trkpt lat="22.4078867899" lon="114.1237895189"><ele>860.000</ele></trkpt>
      <trkpt lat="22.4078262566" lon="114.1238359560"><ele>858.000</ele></trkpt>
      <trkpt lat="22.4077972776" lon="114.1238574424"><ele>860.000</ele></trkpt>
      <trkpt lat="22.4077689456" lon="114.1238858551"><ele>858.000</ele></trkpt>
      <trkpt lat="22.4077431945" lon="114.1239308940"><ele>859.000</ele></trkpt>
      <trkpt lat="22.4077361230" lon="114.1239731540"><ele>858.000</ele></trkpt>
      <trkpt lat="22.4077355016" lon="114.1240417362"><ele>857.000</ele></trkpt>
      <trkpt lat="22.4077316540" lon="114.1240950793"><ele>857.000</ele></trkpt>
      <trkpt lat="22.4077220103" lon="114.1241505031"><ele>857.000</ele></trkpt>
      <trkpt lat="22.4076994864" lon="114.1242142442"><ele>858.000</ele></trkpt>
      <trkpt lat="22.4076666558" lon="114.1242772967"><ele>856.000</ele></trkpt>
      <trkpt lat="22.4076331802" lon="114.1243341153"><ele>856.000</ele></trkpt>
      <trkpt lat="22.4076029194" lon="114.1243770764"><ele>854.000</ele></trkpt>
      <trkpt lat="22.4075642808" lon="114.1244054939"><ele>854.000</ele></trkpt>
      <trkpt lat="22.4075185567" lon="114.1244332215"><ele>854.000</ele></trkpt>
      <trkpt lat="22.4074902253" lon="114.1244664834"><ele>854.000</ele></trkpt>
      <trkpt lat="22.4074734863" lon="114.1244914293"><ele>854.000</ele></trkpt>
      <trkpt lat="22.4074629029" lon="114.1245231247"><ele>852.000</ele></trkpt>
      <trkpt lat="22.4074664216" lon="114.1245551645"><ele>852.000</ele></trkpt>
      <trkpt lat="22.4074786691" lon="114.1245842553"><ele>852.000</ele></trkpt>
      <trkpt lat="22.4074948625" lon="114.1246146587"><ele>852.000</ele></trkpt>
      <trkpt lat="22.4075508491" lon="114.1246992242"><ele>852.000</ele></trkpt>
      <trkpt lat="22.4075650286" lon="114.1247269294"><ele>852.000</ele></trkpt>
      <trkpt lat="22.4075721245" lon="114.1247567146"><ele>852.000</ele></trkpt>
      <trkpt lat="22.4075689118" lon="114.1247830404"><ele>853.000</ele></trkpt>
      <trkpt lat="22.4075508828" lon="114.1248038290"><ele>851.000</ele></trkpt>
      <trkpt lat="22.4075270542" lon="114.1248156148"><ele>852.000</ele></trkpt>
      <trkpt lat="22.4075025757" lon="114.1248114671"><ele>850.000</ele></trkpt>
      <trkpt lat="22.4074742295" lon="114.1247990083"><ele>850.000</ele></trkpt>
      <trkpt lat="22.4074413699" lon="114.1247699252"><ele>850.000</ele></trkpt>
      <trkpt lat="22.4073339378" lon="114.1246137839"><ele>846.000</ele></trkpt>
      <trkpt lat="22.4073060386" lon="114.1245732355"><ele>846.000</ele></trkpt>
      <trkpt lat="22.4071981159" lon="114.1244174862"><ele>842.000</ele></trkpt>
      <trkpt lat="22.4071255972" lon="114.1243128307"><ele>840.000</ele></trkpt>
      <trkpt lat="22.4070972361" lon="114.1242546507"><ele>840.000</ele></trkpt>
      <trkpt lat="22.4070778933" lon="114.1241950814"><ele>840.000</ele></trkpt>
      <trkpt lat="22.4070669214" lon="114.1241292747"><ele>838.000</ele></trkpt>
      <trkpt lat="22.4070552996" lon="114.1240447649"><ele>838.000</ele></trkpt>
      <trkpt lat="22.4070430354" lon="114.1239678745"><ele>836.000</ele></trkpt>
      <trkpt lat="22.4070191777" lon="114.1238902960"><ele>834.000</ele></trkpt>
      <trkpt lat="22.4069908187" lon="114.1238390437"><ele>834.000</ele></trkpt>
      <trkpt lat="22.4069495754" lon="114.1237808687"><ele>834.000</ele></trkpt>
      <trkpt lat="22.4069147797" lon="114.1237413957"><ele>832.000</ele></trkpt>
      <trkpt lat="22.4068151585" lon="114.1236248008"><ele>832.000</ele></trkpt>
      <trkpt lat="22.4067955645" lon="114.1235876511"><ele>832.000</ele></trkpt>
      <trkpt lat="22.4067813781" lon="114.1235426286"><ele>830.000</ele></trkpt>
      <trkpt lat="22.4067787832" lon="114.1234865174"><ele>830.000</ele></trkpt>
      <trkpt lat="22.4067819888" lon="114.1234394090"><ele>830.000</ele></trkpt>
      <trkpt lat="22.4067967873" lon="114.1233909112"><ele>828.000</ele></trkpt>
      <trkpt lat="22.4068431354" lon="114.1233008368"><ele>828.000</ele></trkpt>
      <trkpt lat="22.4069178204" lon="114.1231975897"><ele>826.000</ele></trkpt>
      <trkpt lat="22.4070098919" lon="114.1230784022"><ele>824.000</ele></trkpt>
      <trkpt lat="22.4070517274" lon="114.1229807082"><ele>822.000</ele></trkpt>
      <trkpt lat="22.4070645935" lon="114.1229301336"><ele>822.000</ele></trkpt>
      <trkpt lat="22.4070697338" lon="114.1228927228"><ele>822.000</ele></trkpt>
      <trkpt lat="22.4070677906" lon="114.1228608573"><ele>821.000</ele></trkpt>
      <trkpt lat="22.4070510338" lon="114.1228317685"><ele>820.000</ele></trkpt>
      <trkpt lat="22.4069743518" lon="114.1227410488"><ele>820.000</ele></trkpt>
      <trkpt lat="22.4069144211" lon="114.1226607137"><ele>818.000</ele></trkpt>
      <trkpt lat="22.4068989525" lon="114.1226330093"><ele>818.000</ele></trkpt>
      <trkpt lat="22.4068944329" lon="114.1226011449"><ele>817.000</ele></trkpt>
      <trkpt lat="22.4069040837" lon="114.1225685826"><ele>816.000</ele></trkpt>
      <trkpt lat="22.4069149117" lon="114.1225431814"><ele>816.000</ele></trkpt>
      <trkpt lat="22.4069994618" lon="114.1223715394"><ele>814.000</ele></trkpt>
      <trkpt lat="22.4070109351" lon="114.1223482478"><ele>814.000</ele></trkpt>
      <trkpt lat="22.4070444119" lon="114.1222942008"><ele>814.000</ele></trkpt>
      <trkpt lat="22.4070869105" lon="114.1222519262"><ele>812.000</ele></trkpt>
      <trkpt lat="22.4071326371" lon="114.1222325114"><ele>812.000</ele></trkpt>
      <trkpt lat="22.4071725705" lon="114.1222234908"><ele>812.000</ele></trkpt>
      <trkpt lat="22.4072356928" lon="114.1222158451"><ele>812.000</ele></trkpt>
      <trkpt lat="22.4072550163" lon="114.1222158375"><ele>810.000</ele></trkpt>
      <trkpt lat="22.4073181433" lon="114.1222220480"><ele>810.000</ele></trkpt>
      <trkpt lat="22.4073735403" lon="114.1222254897"><ele>810.000</ele></trkpt>
      <trkpt lat="22.4074050999" lon="114.1222171648"><ele>810.000</ele></trkpt>
      <trkpt lat="22.4074282800" lon="114.1221922171"><ele>808.000</ele></trkpt>
      <trkpt lat="22.4074385746" lon="114.1221568825"><ele>808.000</ele></trkpt>
      <trkpt lat="22.4074359871" lon="114.1221243247"><ele>808.000</ele></trkpt>
      <trkpt lat="22.4074205156" lon="114.1220883078"><ele>808.000</ele></trkpt>
      <trkpt lat="22.4073979656" lon="114.1220723830"><ele>808.000</ele></trkpt>
      <trkpt lat="22.4073709118" lon="114.1220717011"><ele>808.000</ele></trkpt>
      <trkpt lat="22.4072923323" lon="114.1220855871"><ele>806.000</ele></trkpt>
      <trkpt lat="22.4072111763" lon="114.1220994741"><ele>806.000</ele></trkpt>
      <trkpt lat="22.4070305810" lon="114.1221019352"><ele>806.000</ele></trkpt>
      <trkpt lat="22.4070018342" lon="114.1221023270"><ele>806.000</ele></trkpt>
      <trkpt lat="22.4069380677" lon="114.1221092786"><ele>804.000</ele></trkpt>
      <trkpt lat="22.4067614278" lon="114.1221497808"><ele>803.000</ele></trkpt>
      <trkpt lat="22.4066868760" lon="114.1221668750"><ele>802.000</ele></trkpt>
      <trkpt lat="22.4066469445" lon="114.1221814382"><ele>802.000</ele></trkpt>
      <trkpt lat="22.4066276257" lon="114.1221953009"><ele>802.000</ele></trkpt>
      <trkpt lat="22.4066115319" lon="114.1222257874"><ele>802.000</ele></trkpt>
      <trkpt lat="22.4065845008" lon="114.1222923019"><ele>802.000</ele></trkpt>
      <trkpt lat="22.4065445942" lon="114.1223782173"><ele>800.000</ele></trkpt>
      <trkpt lat="22.4065156170" lon="114.1224045530"><ele>800.000</ele></trkpt>
      <trkpt lat="22.4064814838" lon="114.1224211922"><ele>800.000</ele></trkpt>
      <trkpt lat="22.4064467003" lon="114.1224218982"><ele>800.000</ele></trkpt>
      <trkpt lat="22.4064151348" lon="114.1224129046"><ele>800.000</ele></trkpt>
      <trkpt lat="22.4063764814" lon="114.1223962947"><ele>798.000</ele></trkpt>
      <trkpt lat="22.4062361217" lon="114.1222740549"><ele>796.000</ele></trkpt>
      <trkpt lat="22.4061284185" lon="114.1221802561"><ele>794.000</ele></trkpt>
      <trkpt lat="22.4060723534" lon="114.1221075402"><ele>793.000</ele></trkpt>
      <trkpt lat="22.4060504319" lon="114.1220438159"><ele>792.000</ele></trkpt>
      <trkpt lat="22.4060523503" lon="114.1220022508"><ele>792.000</ele></trkpt>
      <trkpt lat="22.4060658640" lon="114.1219634520"><ele>790.000</ele></trkpt>
      <trkpt lat="22.4060890405" lon="114.1219281137"><ele>790.000</ele></trkpt>
      <trkpt lat="22.4061238076" lon="114.1218796081"><ele>790.000</ele></trkpt>
      <trkpt lat="22.4061444129" lon="114.1218595108"><ele>790.000</ele></trkpt>
      <trkpt lat="22.4061740348" lon="114.1218359456"><ele>788.000</ele></trkpt>
      <trkpt lat="22.4062178281" lon="114.1218144532"><ele>788.000</ele></trkpt>
      <trkpt lat="22.4062403702" lon="114.1218068243"><ele>788.000</ele></trkpt>
      <trkpt lat="22.4062661341" lon="114.1218012725"><ele>787.000</ele></trkpt>
      <trkpt lat="22.4063009161" lon="114.1217991805"><ele>786.000</ele></trkpt>
      <trkpt lat="22.4063337664" lon="114.1217991675"><ele>786.000</ele></trkpt>
      <trkpt lat="22.4063698354" lon="114.1217922258"><ele>786.000</ele></trkpt>
      <trkpt lat="22.4064104127" lon="114.1217832039"><ele>786.000</ele></trkpt>
      <trkpt lat="22.4064503439" lon="114.1217679481"><ele>786.000</ele></trkpt>
      <trkpt lat="22.4064805561" lon="114.1217512305"><ele>784.000</ele></trkpt>
      <trkpt lat="22.4066236027" lon="114.1216326478"><ele>784.000</ele></trkpt>
      <trkpt lat="22.4067613746" lon="114.1215184373"><ele>782.000</ele></trkpt>
      <trkpt lat="22.4067935774" lon="114.1215080337"><ele>780.000</ele></trkpt>
      <trkpt lat="22.4068109681" lon="114.1215045625"><ele>780.000</ele></trkpt>
      <trkpt lat="22.4068934146" lon="114.1214989882"><ele>780.000</ele></trkpt>
      <trkpt lat="22.4070009804" lon="114.1214857838"><ele>778.000</ele></trkpt>
      <trkpt lat="22.4070615242" lon="114.1214719047"><ele>778.000</ele></trkpt>
      <trkpt lat="22.4071175574" lon="114.1214531780"><ele>776.000</ele></trkpt>
      <trkpt lat="22.4071759752" lon="114.1214281852"><ele>776.000</ele></trkpt>
      <trkpt lat="22.4072238222" lon="114.1214039512"><ele>776.000</ele></trkpt>
      <trkpt lat="22.4072540896" lon="114.1213852347"><ele>776.000</ele></trkpt>
      <trkpt lat="22.4072759878" lon="114.1213776059"><ele>776.000</ele></trkpt>
      <trkpt lat="22.4073023958" lon="114.1213727462"><ele>775.000</ele></trkpt>
      <trkpt lat="22.4073268727" lon="114.1213748149"><ele>775.000</ele></trkpt>
      <trkpt lat="22.4073526423" lon="114.1213858890"><ele>774.000</ele></trkpt>
      <trkpt lat="22.4075053319" lon="114.1214758856"><ele>772.000</ele></trkpt>
      <trkpt lat="22.4076683224" lon="114.1215499446"><ele>770.000</ele></trkpt>
      <trkpt lat="22.4077353226" lon="114.1215797070"><ele>770.000</ele></trkpt>
      <trkpt lat="22.4077797722" lon="114.1215921588"><ele>770.000</ele></trkpt>
      <trkpt lat="22.4078235745" lon="114.1215969908"><ele>770.000</ele></trkpt>
      <trkpt lat="22.4078538466" lon="114.1215893587"><ele>769.000</ele></trkpt>
      <trkpt lat="22.4078879767" lon="114.1215637130"><ele>769.000</ele></trkpt>
      <trkpt lat="22.4079233914" lon="114.1215262909"><ele>770.000</ele></trkpt>
      <trkpt lat="22.4079955022" lon="114.1214327406"><ele>768.000</ele></trkpt>
      <trkpt lat="22.4080244819" lon="114.1214167964"><ele>768.000</ele></trkpt>
      <trkpt lat="22.4080541090" lon="114.1214084711"><ele>766.000</ele></trkpt>
      <trkpt lat="22.4080869606" lon="114.1214098430"><ele>766.000</ele></trkpt>
      <trkpt lat="22.4081120854" lon="114.1214209175"><ele>766.000</ele></trkpt>
      <trkpt lat="22.4081520340" lon="114.1214562324"><ele>764.000</ele></trkpt>
      <trkpt lat="22.4081861859" lon="114.1214943195"><ele>765.000</ele></trkpt>
      <trkpt lat="22.4082332214" lon="114.1215344809"><ele>764.000</ele></trkpt>
      <trkpt lat="22.4082776775" lon="114.1215684081"><ele>764.000</ele></trkpt>
      <trkpt lat="22.4083105331" lon="114.1215815570"><ele>763.000</ele></trkpt>
      <trkpt lat="22.4083504717" lon="114.1215877764"><ele>762.000</ele></trkpt>
      <trkpt lat="22.4083942723" lon="114.1215877591"><ele>762.000</ele></trkpt>
      <trkpt lat="22.4084406478" lon="114.1215808131"><ele>762.000</ele></trkpt>
      <trkpt lat="22.4084863757" lon="114.1215655547"><ele>762.000</ele></trkpt>
      <trkpt lat="22.4085237277" lon="114.1215447569"><ele>760.000</ele></trkpt>
      <trkpt lat="22.4085617222" lon="114.1215170322"><ele>760.000</ele></trkpt>
      <trkpt lat="22.4086022892" lon="114.1214782219"><ele>760.000</ele></trkpt>
      <trkpt lat="22.4086518677" lon="114.1214207034"><ele>760.000</ele></trkpt>
      <trkpt lat="22.4086885646" lon="114.1213673468"><ele>758.000</ele></trkpt>
      <trkpt lat="22.4087130237" lon="114.1213146885"><ele>758.000</ele></trkpt>
      <trkpt lat="22.4087258878" lon="114.1212599553"><ele>757.000</ele></trkpt>
      <trkpt lat="22.4087335943" lon="114.1211941407"><ele>756.000</ele></trkpt>
      <trkpt lat="22.4087303516" lon="114.1211290230"><ele>756.000</ele></trkpt>
      <trkpt lat="22.4087200191" lon="114.1210535170"><ele>755.000</ele></trkpt>
      <trkpt lat="22.4086961374" lon="114.1209108191"><ele>755.000</ele></trkpt>
      <trkpt lat="22.4086935425" lon="114.1208574780"><ele>755.000</ele></trkpt>
      <trkpt lat="22.4086999631" lon="114.1207972057"><ele>754.000</ele></trkpt>
      <trkpt lat="22.4087295542" lon="114.1206877388"><ele>752.000</ele></trkpt>
      <trkpt lat="22.4087778087" lon="114.1205270006"><ele>749.000</ele></trkpt>
      <trkpt lat="22.4088009766" lon="114.1204681074"><ele>748.000</ele></trkpt>
      <trkpt lat="22.4088209357" lon="114.1204417745"><ele>748.000</ele></trkpt>
      <trkpt lat="22.4088428299" lon="114.1204230610"><ele>748.000</ele></trkpt>
      <trkpt lat="22.4088769605" lon="114.1203994943"><ele>748.000</ele></trkpt>
      <trkpt lat="22.4090361412" lon="114.1203077216"><ele>746.000</ele></trkpt>
      <trkpt lat="22.4091953218" lon="114.1202159487"><ele>744.000</ele></trkpt>
      <trkpt lat="22.4092208572" lon="114.1202012267"><ele>744.000</ele></trkpt>
      <trkpt lat="22.4092491955" lon="114.1201901316"><ele>742.000</ele></trkpt>
      <trkpt lat="22.4092756037" lon="114.1201859641"><ele>742.000</ele></trkpt>
      <trkpt lat="22.4093007250" lon="114.1201866464"><ele>742.000</ele></trkpt>
      <trkpt lat="22.4093342219" lon="114.1201921746"><ele>742.000</ele></trkpt>
      <trkpt lat="22.4093786707" lon="114.1202046270"><ele>742.000</ele></trkpt>
      <trkpt lat="22.4094128125" lon="114.1202129259"><ele>742.000</ele></trkpt>
      <trkpt lat="22.4094482408" lon="114.1202149899"><ele>742.000</ele></trkpt>
      <trkpt lat="22.4095042791" lon="114.1202115029"><ele>741.000</ele></trkpt>
      <trkpt lat="22.4095416339" lon="114.1201990182"><ele>741.000</ele></trkpt>
      <trkpt lat="22.4095744787" lon="114.1201809936"><ele>740.000</ele></trkpt>
      <trkpt lat="22.4096159651" lon="114.1201431467"><ele>740.000</ele></trkpt>
      <trkpt lat="22.4097392242" lon="114.1200011691"><ele>738.000</ele></trkpt>
      <trkpt lat="22.4098069197" lon="114.1199231930"><ele>738.000</ele></trkpt>
      <trkpt lat="22.4098378287" lon="114.1198961630"><ele>738.000</ele></trkpt>
      <trkpt lat="22.4098655222" lon="114.1198850671"><ele>736.000</ele></trkpt>
      <trkpt lat="22.4099003033" lon="114.1198802036"><ele>736.000</ele></trkpt>
      <trkpt lat="22.4099318670" lon="114.1198836541"><ele>736.000</ele></trkpt>
      <trkpt lat="22.4099911314" lon="114.1198940221"><ele>736.000</ele></trkpt>
      <trkpt lat="22.4100355754" lon="114.1198926180"><ele>736.000</ele></trkpt>
      <trkpt lat="22.4100780838" lon="114.1198801311"><ele>736.000</ele></trkpt>
      <trkpt lat="22.4101302471" lon="114.1198482430"><ele>736.000</ele></trkpt>
      <trkpt lat="22.4101585803" lon="114.1198225989"><ele>736.000</ele></trkpt>
      <trkpt lat="22.4102352038" lon="114.1197429008"><ele>734.000</ele></trkpt>
      <trkpt lat="22.4103098980" lon="114.1196722077"><ele>734.000</ele></trkpt>
      <trkpt lat="22.4103691366" lon="114.1196119140"><ele>732.000</ele></trkpt>
      <trkpt lat="22.4104008492" lon="114.1195538954"><ele>730.000</ele></trkpt>
      <trkpt lat="22.4104528092" lon="114.1194303757"><ele>731.000</ele></trkpt>
      <trkpt lat="22.4104849961" lon="114.1193756338"><ele>730.000</ele></trkpt>
      <trkpt lat="22.4105088166" lon="114.1193396011"><ele>729.000</ele></trkpt>
      <trkpt lat="22.4105474483" lon="114.1192945552"><ele>728.000</ele></trkpt>
      <trkpt lat="22.4105912376" lon="114.1192626702"><ele>727.000</ele></trkpt>
      <trkpt lat="22.4106421137" lon="114.1192328606"><ele>728.000</ele></trkpt>
      <trkpt lat="22.4106975021" lon="114.1192120545"><ele>726.000</ele></trkpt>
      <trkpt lat="22.4107683495" lon="114.1191933203"><ele>725.000</ele></trkpt>
      <trkpt lat="22.4108469298" lon="114.1191822042"><ele>724.000</ele></trkpt>
      <trkpt lat="22.4109596410" lon="114.1191489047"><ele>724.000</ele></trkpt>
      <trkpt lat="22.4110330584" lon="114.1191121580"><ele>722.000</ele></trkpt>
      <trkpt lat="22.4111277264" lon="114.1190580834"><ele>722.000</ele></trkpt>
      <trkpt lat="22.4112848618" lon="114.1189623190"><ele>720.000</ele></trkpt>
      <trkpt lat="22.4113783852" lon="114.1189053221"><ele>718.000</ele></trkpt>
      <trkpt lat="22.4114213870" lon="114.1188813060"><ele>718.000</ele></trkpt>
      <trkpt lat="22.4114870771" lon="114.1188501041"><ele>718.000</ele></trkpt>
      <trkpt lat="22.4115295847" lon="114.1188355383"><ele>716.000</ele></trkpt>
      <trkpt lat="22.4115701566" lon="114.1188119671"><ele>716.000</ele></trkpt>
      <trkpt lat="22.4116094338" lon="114.1187717707"><ele>714.000</ele></trkpt>
      <trkpt lat="22.4116319642" lon="114.1187322738"><ele>712.000</ele></trkpt>
      <trkpt lat="22.4116390347" lon="114.1186886264"><ele>712.000</ele></trkpt>
      <trkpt lat="22.4116338628" lon="114.1186380563"><ele>712.000</ele></trkpt>
      <trkpt lat="22.4116080727" lon="114.1185680973"><ele>712.000</ele></trkpt>
      <trkpt lat="22.4115674672" lon="114.1184981445"><ele>710.000</ele></trkpt>
      <trkpt lat="22.4115236452" lon="114.1184413562"><ele>710.000</ele></trkpt>
      <trkpt lat="22.4115081718" lon="114.1183997967"><ele>710.000</ele></trkpt>
      <trkpt lat="22.4114984891" lon="114.1183443792"><ele>708.000</ele></trkpt>
      <trkpt lat="22.4115010456" lon="114.1182868781"><ele>708.000</ele></trkpt>
      <trkpt lat="22.4115229171" lon="114.1182085864"><ele>708.000</ele></trkpt>
      <trkpt lat="22.4116066129" lon="114.1180381674"><ele>706.000</ele></trkpt>
      <trkpt lat="22.4115916522" lon="114.1180110073"><ele>706.000</ele></trkpt>
      <trkpt lat="22.4115770510" lon="114.1179248017"><ele>702.000</ele></trkpt>
      <trkpt lat="22.4115786872" lon="114.1179095944"><ele>702.000</ele></trkpt>
      <trkpt lat="22.4115889162" lon="114.1178580835"><ele>700.000</ele></trkpt>
      <trkpt lat="22.4116076208" lon="114.1178277167"><ele>700.000</ele></trkpt>
      <trkpt lat="22.4116427836" lon="114.1177655165"><ele>698.000</ele></trkpt>
      <trkpt lat="22.4116758592" lon="114.1177102567"><ele>699.000</ele></trkpt>
      <trkpt lat="22.4117192732" lon="114.1176434775"><ele>700.000</ele></trkpt>
      <trkpt lat="22.4117364939" lon="114.1176199206"><ele>699.000</ele></trkpt>
      <trkpt lat="22.4117471147" lon="114.1176028359"><ele>699.000</ele></trkpt>
      <trkpt lat="22.4117444030" lon="114.1175934753"><ele>699.000</ele></trkpt>
      <trkpt lat="22.4117363280" lon="114.1175913168"><ele>699.000</ele></trkpt>
      <trkpt lat="22.4117297704" lon="114.1175895665"><ele>699.000</ele></trkpt>
      <trkpt lat="22.4117100315" lon="114.1175845147"><ele>698.000</ele></trkpt>
      <trkpt lat="22.4116835960" lon="114.1175781245"><ele>698.000</ele></trkpt>
      <trkpt lat="22.4116107534" lon="114.1175610568"><ele>697.000</ele></trkpt>
      <trkpt lat="22.4115379894" lon="114.1175438162"><ele>696.000</ele></trkpt>
      <trkpt lat="22.4114447621" lon="114.1175239299"><ele>696.000</ele></trkpt>
      <trkpt lat="22.4114179926" lon="114.1175202185"><ele>695.000</ele></trkpt>
      <trkpt lat="22.4113978671" lon="114.1175196559"><ele>695.000</ele></trkpt>
      <trkpt lat="22.4113709007" lon="114.1175233387"><ele>692.000</ele></trkpt>
      <trkpt lat="22.4113506844" lon="114.1175265970"><ele>690.000</ele></trkpt>
      <trkpt lat="22.4113294089" lon="114.1175323858"><ele>689.000</ele></trkpt>
      <trkpt lat="22.4113158189" lon="114.1175348430"><ele>689.000</ele></trkpt>
      <trkpt lat="22.4113046413" lon="114.1175308589"><ele>688.000</ele></trkpt>
      <trkpt lat="22.4112912111" lon="114.1175160280"><ele>688.000</ele></trkpt>
      <trkpt lat="22.4112794545" lon="114.1174967560"><ele>688.000</ele></trkpt>
      <trkpt lat="22.4112590489" lon="114.1174665437"><ele>688.000</ele></trkpt>
      <trkpt lat="22.4112378503" lon="114.1174381413"><ele>688.000</ele></trkpt>
      <trkpt lat="22.4112131363" lon="114.1174030368"><ele>686.000</ele></trkpt>
      <trkpt lat="22.4111887373" lon="114.1173675419"><ele>688.000</ele></trkpt>
      <trkpt lat="22.4111787580" lon="114.1173585030"><ele>688.000</ele></trkpt>
      <trkpt lat="22.4111541531" lon="114.1173476337"><ele>686.000</ele></trkpt>
      <trkpt lat="22.4111270590" lon="114.1173404552"><ele>686.000</ele></trkpt>
      <trkpt lat="22.4111027679" lon="114.1173283280"><ele>686.000</ele></trkpt>
      <trkpt lat="22.4110825136" lon="114.1173089858"><ele>686.000</ele></trkpt>
      <trkpt lat="22.4110629965" lon="114.1172883244"><ele>684.000</ele></trkpt>
      <trkpt lat="22.4110279103" lon="114.1172540286"><ele>684.000</ele></trkpt>
      <trkpt lat="22.4109931775" lon="114.1172180554"><ele>684.000</ele></trkpt>
      <trkpt lat="22.4109768739" lon="114.1172059133"><ele>682.000</ele></trkpt>
      <trkpt lat="22.4109512673" lon="114.1171990896"><ele>682.000</ele></trkpt>
      <trkpt lat="22.4109166968" lon="114.1171966792"><ele>681.000</ele></trkpt>
      <trkpt lat="22.4108896044" lon="114.1171917637"><ele>680.000</ele></trkpt>
      <trkpt lat="22.4108793117" lon="114.1171996905"><ele>680.000</ele></trkpt>
      <trkpt lat="22.4108629381" lon="114.1172232605"><ele>680.000</ele></trkpt>
      <trkpt lat="22.4108545982" lon="114.1172347275"><ele>678.000</ele></trkpt>
      <trkpt lat="22.4108434797" lon="114.1172416037"><ele>678.000</ele></trkpt>
      <trkpt lat="22.4108229834" lon="114.1172397020"><ele>678.000</ele></trkpt>
      <trkpt lat="22.4108026727" lon="114.1172390998"><ele>678.000</ele></trkpt>
      <trkpt lat="22.4107823584" lon="114.1172385917"><ele>678.000</ele></trkpt>
      <trkpt lat="22.4107592319" lon="114.1172351984"><ele>678.000</ele></trkpt>
      <trkpt lat="22.4107225069" lon="114.1172234894"><ele>678.000</ele></trkpt>
      <trkpt lat="22.4106767230" lon="114.1172082276"><ele>676.000</ele></trkpt>
      <trkpt lat="22.4106476408" lon="114.1171973205"><ele>676.000</ele></trkpt>
      <trkpt lat="22.4106233995" lon="114.1171634913"><ele>676.000</ele></trkpt>
      <trkpt lat="22.4105979268" lon="114.1171500807"><ele>676.000</ele></trkpt>
      <trkpt lat="22.4105626147" lon="114.1171301361"><ele>674.000</ele></trkpt>
      <trkpt lat="22.4105064440" lon="114.1170856604"><ele>674.000</ele></trkpt>
      <trkpt lat="22.4104707111" lon="114.1170730138"><ele>674.000</ele></trkpt>
      <trkpt lat="22.4104262409" lon="114.1170570920"><ele>672.000</ele></trkpt>
      <trkpt lat="22.4103711783" lon="114.1170252350"><ele>672.000</ele></trkpt>
      <trkpt lat="22.4103118484" lon="114.1169068465"><ele>670.000</ele></trkpt>
      <trkpt lat="22.4102779376" lon="114.1168157726"><ele>670.000</ele></trkpt>
      <trkpt lat="22.4102736769" lon="114.1167474584"><ele>668.000</ele></trkpt>
      <trkpt lat="22.4102948151" lon="114.1166518078"><ele>666.000</ele></trkpt>
      <trkpt lat="22.4102884461" lon="114.1166062668"><ele>666.000</ele></trkpt>
      <trkpt lat="22.4102863081" lon="114.1165516148"><ele>664.000</ele></trkpt>
      <trkpt lat="22.4103150700" lon="114.1164906832"><ele>664.000</ele></trkpt>
      <trkpt lat="22.4103284391" lon="114.1164553296"><ele>664.000</ele></trkpt>
      <trkpt lat="22.4103472315" lon="114.1164092611"><ele>662.000</ele></trkpt>
      <trkpt lat="22.4103567049" lon="114.1163789945"><ele>662.000</ele></trkpt>
      <trkpt lat="22.4103662622" lon="114.1163292024"><ele>662.000</ele></trkpt>
      <trkpt lat="22.4103742740" lon="114.1163121150"><ele>660.000</ele></trkpt>
      <trkpt lat="22.4103853013" lon="114.1162885968"><ele>660.000</ele></trkpt>
      <trkpt lat="22.4103769154" lon="114.1162372789"><ele>658.000</ele></trkpt>
      <trkpt lat="22.4104010696" lon="114.1161708384"><ele>656.000</ele></trkpt>
      <trkpt lat="22.4103930942" lon="114.1161500304"><ele>655.000</ele></trkpt>
      <trkpt lat="22.4103800531" lon="114.1161160062"><ele>654.000</ele></trkpt>
      <trkpt lat="22.4103491295" lon="114.1160353262"><ele>654.000</ele></trkpt>
      <trkpt lat="22.4103386337" lon="114.1159931873"><ele>652.000</ele></trkpt>
      <trkpt lat="22.4103114334" lon="114.1158839769"><ele>652.000</ele></trkpt>
      <trkpt lat="22.4103010846" lon="114.1158486152"><ele>652.000</ele></trkpt>
      <trkpt lat="22.4102752040" lon="114.1157860941"><ele>652.000</ele></trkpt>
      <trkpt lat="22.4102433777" lon="114.1157353857"><ele>652.000</ele></trkpt>
      <trkpt lat="22.4102073299" lon="114.1156927879"><ele>652.000</ele></trkpt>
      <trkpt lat="22.4101589266" lon="114.1156430688"><ele>652.000</ele></trkpt>
      <trkpt lat="22.4101123197" lon="114.1155770507"><ele>652.000</ele></trkpt>
      <trkpt lat="22.4100622363" lon="114.1154715763"><ele>652.000</ele></trkpt>
      <trkpt lat="22.4100543903" lon="114.1154446117"><ele>652.000</ele></trkpt>
      <trkpt lat="22.4100262105" lon="114.1153516788"><ele>652.000</ele></trkpt>
      <trkpt lat="22.4100015480" lon="114.1152893458"><ele>654.000</ele></trkpt>
      <trkpt lat="22.4099596985" lon="114.1152099064"><ele>654.000</ele></trkpt>
      <trkpt lat="22.4099358002" lon="114.1151530742"><ele>654.000</ele></trkpt>
      <trkpt lat="22.4099209049" lon="114.1151117901"><ele>656.000</ele></trkpt>
      <trkpt lat="22.4099101807" lon="114.1150704110"><ele>656.000</ele></trkpt>
      <trkpt lat="22.4099024929" lon="114.1150109794"><ele>656.000</ele></trkpt>
      <trkpt lat="22.4098979216" lon="114.1149895523"><ele>658.000</ele></trkpt>
      <trkpt lat="22.4098884817" lon="114.1149579043"><ele>658.000</ele></trkpt>
      <trkpt lat="22.4098802264" lon="114.1149376706"><ele>658.000</ele></trkpt>
      <trkpt lat="22.4098702033" lon="114.1149208427"><ele>658.000</ele></trkpt>
      <trkpt lat="22.4098363439" lon="114.1148982719"><ele>660.000</ele></trkpt>
      <trkpt lat="22.4098184726" lon="114.1148844584"><ele>660.000</ele></trkpt>
      <trkpt lat="22.4098018520" lon="114.1148632290"><ele>660.000</ele></trkpt>
      <trkpt lat="22.4097855416" lon="114.1148315491"><ele>660.000</ele></trkpt>
      <trkpt lat="22.4097758446" lon="114.1148218033"><ele>660.000</ele></trkpt>
      <trkpt lat="22.4097417494" lon="114.1147967453"><ele>662.000</ele></trkpt>
      <trkpt lat="22.4097355943" lon="114.1147829577"><ele>662.000</ele></trkpt>
      <trkpt lat="22.4097287770" lon="114.1147472994"><ele>664.000</ele></trkpt>
      <trkpt lat="22.4097221879" lon="114.1147270766"><ele>665.000</ele></trkpt>
      <trkpt lat="22.4097142935" lon="114.1147133140"><ele>665.000</ele></trkpt>
      <trkpt lat="22.4097008517" lon="114.1146922512"><ele>666.000</ele></trkpt>
      <trkpt lat="22.4096691350" lon="114.1146670466"><ele>668.000</ele></trkpt>
      <trkpt lat="22.4096444435" lon="114.1146425954"><ele>668.000</ele></trkpt>
      <trkpt lat="22.4096341208" lon="114.1146217372"><ele>670.000</ele></trkpt>
      <trkpt lat="22.4096249762" lon="114.1145879107"><ele>672.000</ele></trkpt>
      <trkpt lat="22.4096159245" lon="114.1145704599"><ele>672.000</ele></trkpt>
      <trkpt lat="22.4096011935" lon="114.1145481653"><ele>672.000</ele></trkpt>
      <trkpt lat="22.4095876793" lon="114.1145292490"><ele>674.000</ele></trkpt>
      <trkpt lat="22.4095719374" lon="114.1145035147"><ele>674.000</ele></trkpt>
      <trkpt lat="22.4095586965" lon="114.1144861445"><ele>674.000</ele></trkpt>
      <trkpt lat="22.4095463212" lon="114.1144534587"><ele>674.000</ele></trkpt>
      <trkpt lat="22.4095457633" lon="114.1144354331"><ele>674.000</ele></trkpt>
      <trkpt lat="22.4095443022" lon="114.1144166600"><ele>674.000</ele></trkpt>
      <trkpt lat="22.4095395290" lon="114.1143800860"><ele>674.000</ele></trkpt>
      <trkpt lat="22.4095412870" lon="114.1143490547"><ele>674.000</ele></trkpt>
      <trkpt lat="22.4095294241" lon="114.1143340255"><ele>674.000</ele></trkpt>
      <trkpt lat="22.4095191396" lon="114.1143137607"><ele>674.000</ele></trkpt>
      <trkpt lat="22.4095078682" lon="114.1142870086"><ele>674.000</ele></trkpt>
      <trkpt lat="22.4095020878" lon="114.1142612932"><ele>674.000</ele></trkpt>
      <trkpt lat="22.4095138830" lon="114.1142181949"><ele>674.000</ele></trkpt>
      <trkpt lat="22.4095232211" lon="114.1141965519"><ele>674.000</ele></trkpt>
      <trkpt lat="22.4095281807" lon="114.1141780867"><ele>674.000</ele></trkpt>
      <trkpt lat="22.4095270397" lon="114.1141464837"><ele>674.000</ele></trkpt>
      <trkpt lat="22.4095273744" lon="114.1141015549"><ele>672.000</ele></trkpt>
      <trkpt lat="22.4095246885" lon="114.1140916593"><ele>672.000</ele></trkpt>
      <trkpt lat="22.4095179274" lon="114.1140753167"><ele>672.000</ele></trkpt>
      <trkpt lat="22.4095084981" lon="114.1140483307"><ele>672.000</ele></trkpt>
      <trkpt lat="22.4095072539" lon="114.1140302957"><ele>672.000</ele></trkpt>
      <trkpt lat="22.4095099124" lon="114.1140160855"><ele>672.000</ele></trkpt>
      <trkpt lat="22.4095153996" lon="114.1139842076"><ele>672.000</ele></trkpt>
      <trkpt lat="22.4095141466" lon="114.1139669204"><ele>672.000</ele></trkpt>
      <trkpt lat="22.4095111412" lon="114.1139388428"><ele>672.000</ele></trkpt>
      <trkpt lat="22.4095133431" lon="114.1139210014"><ele>672.000</ele></trkpt>
      <trkpt lat="22.4095217261" lon="114.1139047880"><ele>672.000</ele></trkpt>
      <trkpt lat="22.4095301346" lon="114.1138843691"><ele>672.000</ele></trkpt>
      <trkpt lat="22.4095319563" lon="114.1138547655"><ele>672.000</ele></trkpt>
      <trkpt lat="22.4095296168" lon="114.1138300587"><ele>671.000</ele></trkpt>
      <trkpt lat="22.4095297886" lon="114.1138076039"><ele>671.000</ele></trkpt>
      <trkpt lat="22.4095335326" lon="114.1137982591"><ele>671.000</ele></trkpt>
      <trkpt lat="22.4095421243" lon="114.1137845027"><ele>670.000</ele></trkpt>
      <trkpt lat="22.4095592475" lon="114.1137649055"><ele>668.000</ele></trkpt>
      <trkpt lat="22.4095703931" lon="114.1137469814"><ele>668.000</ele></trkpt>
      <trkpt lat="22.4095828167" lon="114.1137130335"><ele>668.000</ele></trkpt>
      <trkpt lat="22.4095937524" lon="114.1136801761"><ele>666.000</ele></trkpt>
      <trkpt lat="22.4096063014" lon="114.1136391790"><ele>666.000</ele></trkpt>
      <trkpt lat="22.4096141008" lon="114.1136086403"><ele>666.000</ele></trkpt>
      <trkpt lat="22.4096127592" lon="114.1135725891"><ele>665.000</ele></trkpt>
      <trkpt lat="22.4096070646" lon="114.1135357630"><ele>664.000</ele></trkpt>
      <trkpt lat="22.4095999057" lon="114.1134931558"><ele>664.000</ele></trkpt>
      <trkpt lat="22.4095906702" lon="114.1134585651"><ele>664.000</ele></trkpt>
      <trkpt lat="22.4095769783" lon="114.1134149984"><ele>664.000</ele></trkpt>
      <trkpt lat="22.4095637715" lon="114.1133719861"><ele>664.000</ele></trkpt>
      <trkpt lat="22.4095483525" lon="114.1133160701"><ele>662.000</ele></trkpt>
      <trkpt lat="22.4095387826" lon="114.1132762544"><ele>662.000</ele></trkpt>
      <trkpt lat="22.4095269706" lon="114.1132299908"><ele>660.000</ele></trkpt>
      <trkpt lat="22.4095200991" lon="114.1131927447"><ele>658.000</ele></trkpt>
      <trkpt lat="22.4095085858" lon="114.1131414724"><ele>658.000</ele></trkpt>
      <trkpt lat="22.4095037348" lon="114.1131145232"><ele>658.000</ele></trkpt>
      <trkpt lat="22.4094916365" lon="114.1130751748"><ele>656.000</ele></trkpt>
      <trkpt lat="22.4094759317" lon="114.1130273979"><ele>656.000</ele></trkpt>
      <trkpt lat="22.4094710176" lon="114.1130007305"><ele>656.000</ele></trkpt>
      <trkpt lat="22.4094642310" lon="114.1129660901"><ele>656.000</ele></trkpt>
      <trkpt lat="22.4094592427" lon="114.1129571572"><ele>654.000</ele></trkpt>
      <trkpt lat="22.4094439926" lon="114.1129404883"><ele>654.000</ele></trkpt>
      <trkpt lat="22.4094351552" lon="114.1129263416"><ele>654.000</ele></trkpt>
      <trkpt lat="22.4094312079" lon="114.1129011305"><ele>654.000</ele></trkpt>
      <trkpt lat="22.4094281048" lon="114.1128867870"><ele>654.000</ele></trkpt>
      <trkpt lat="22.4094140446" lon="114.1128647079"><ele>654.000</ele></trkpt>
      <trkpt lat="22.4093916562" lon="114.1128418003"><ele>652.000</ele></trkpt>
      <trkpt lat="22.4093741951" lon="114.1128241292"><ele>652.000</ele></trkpt>
      <trkpt lat="22.4093586762" lon="114.1128128895"><ele>650.000</ele></trkpt>
      <trkpt lat="22.4093434346" lon="114.1127947444"><ele>650.000</ele></trkpt>
      <trkpt lat="22.4093389071" lon="114.1127865591"><ele>650.000</ele></trkpt>
      <trkpt lat="22.4093344568" lon="114.1127682537"><ele>650.000</ele></trkpt>
      <trkpt lat="22.4093332038" lon="114.1127509665"><ele>650.000</ele></trkpt>
      <trkpt lat="22.4093247762" lon="114.1127274397"><ele>650.000</ele></trkpt>
      <trkpt lat="22.4093215738" lon="114.1127086267"><ele>649.000</ele></trkpt>
      <trkpt lat="22.4093285264" lon="114.1126837214"><ele>649.000</ele></trkpt>
      <trkpt lat="22.4093363550" lon="114.1126588157"><ele>648.000</ele></trkpt>
      <trkpt lat="22.4093404464" lon="114.1126376121"><ele>648.000</ele></trkpt>
      <trkpt lat="22.4093290249" lon="114.1126201354"><ele>647.000</ele></trkpt>
      <trkpt lat="22.4093217297" lon="114.1126008989"><ele>647.000</ele></trkpt>
      <trkpt lat="22.4093150952" lon="114.1125855275"><ele>644.000</ele></trkpt>
      <trkpt lat="22.4093162807" lon="114.1125692008"><ele>644.000</ele></trkpt>
      <trkpt lat="22.4093118250" lon="114.1125598111"><ele>644.000</ele></trkpt>
      <trkpt lat="22.4092951356" lon="114.1125344797"><ele>644.000</ele></trkpt>
      <trkpt lat="22.4092849520" lon="114.1125190226"><ele>642.000</ele></trkpt>
      <trkpt lat="22.4092829510" lon="114.1125056207"><ele>642.000</ele></trkpt>
      <trkpt lat="22.4092822704" lon="114.1124906302"><ele>642.000</ele></trkpt>
      <trkpt lat="22.4092815662" lon="114.1124751056"><ele>641.000</ele></trkpt>
      <trkpt lat="22.4092789065" lon="114.1124632579"><ele>641.000</ele></trkpt>
      <trkpt lat="22.4092620215" lon="114.1124455992"><ele>640.000</ele></trkpt>
      <trkpt lat="22.4092558689" lon="114.1124363017"><ele>640.000</ele></trkpt>
      <trkpt lat="22.4092501302" lon="114.1124276313"><ele>640.000</ele></trkpt>
      <trkpt lat="22.4092429376" lon="114.1124167628"><ele>640.000</ele></trkpt>
      <trkpt lat="22.4092274239" lon="114.1124071898"><ele>638.000</ele></trkpt>
      <trkpt lat="22.4092180254" lon="114.1124013902"><ele>638.000</ele></trkpt>
      <trkpt lat="22.4091978365" lon="114.1123869866"><ele>638.000</ele></trkpt>
      <trkpt lat="22.4091752120" lon="114.1123564619"><ele>636.000</ele></trkpt>
      <trkpt lat="22.4091687410" lon="114.1123412002"><ele>636.000</ele></trkpt>
      <trkpt lat="22.4091503038" lon="114.1122968318"><ele>636.000</ele></trkpt>
      <trkpt lat="22.4091357658" lon="114.1122612424"><ele>634.000</ele></trkpt>
      <trkpt lat="22.4091298154" lon="114.1122244680"><ele>634.000</ele></trkpt>
      <trkpt lat="22.4091218926" lon="114.1121896895"><ele>634.000</ele></trkpt>
      <trkpt lat="22.4091153365" lon="114.1121696669"><ele>632.000</ele></trkpt>
      <trkpt lat="22.4091004722" lon="114.1121580007"><ele>632.000</ele></trkpt>
      <trkpt lat="22.4090313694" lon="114.1121047847"><ele>634.000</ele></trkpt>
      <trkpt lat="22.4089642451" lon="114.1120488854"><ele>634.000</ele></trkpt>
      <trkpt lat="22.4089138909" lon="114.1119785460"><ele>636.000</ele></trkpt>
      <trkpt lat="22.4088501256" lon="114.1119334713"><ele>638.000</ele></trkpt>
      <trkpt lat="22.4087912483" lon="114.1119123941"><ele>640.000</ele></trkpt>
      <trkpt lat="22.4087524244" lon="114.1118942825"><ele>640.000</ele></trkpt>
      <trkpt lat="22.4087002646" lon="114.1118683122"><ele>641.000</ele></trkpt>
      <trkpt lat="22.4086202524" lon="114.1118384097"><ele>644.000</ele></trkpt>
      <trkpt lat="22.4085798785" lon="114.1118195481"><ele>646.000</ele></trkpt>
      <trkpt lat="22.4085515090" lon="114.1118053514"><ele>646.000</ele></trkpt>
      <trkpt lat="22.4085190911" lon="114.1117891288"><ele>647.000</ele></trkpt>
      <trkpt lat="22.4084897325" lon="114.1117789564"><ele>648.000</ele></trkpt>
      <trkpt lat="22.4084468662" lon="114.1117668080"><ele>649.000</ele></trkpt>
      <trkpt lat="22.4084238194" lon="114.1117576602"><ele>649.000</ele></trkpt>
      <trkpt lat="22.4083830930" lon="114.1117358006"><ele>650.000</ele></trkpt>
      <trkpt lat="22.4083550328" lon="114.1117185397"><ele>652.000</ele></trkpt>
      <trkpt lat="22.4083377812" lon="114.1116719557"><ele>652.000</ele></trkpt>
      <trkpt lat="22.4083271946" lon="114.1116470461"><ele>652.000</ele></trkpt>
      <trkpt lat="22.4083143587" lon="114.1116202661"><ele>652.000</ele></trkpt>
      <trkpt lat="22.4082992005" lon="114.1115921080"><ele>653.000</ele></trkpt>
      <trkpt lat="22.4082844448" lon="114.1115699382"><ele>653.000</ele></trkpt>
      <trkpt lat="22.4082804547" lon="114.1115509937"><ele>654.000</ele></trkpt>
      <trkpt lat="22.4082749264" lon="114.1115247424"><ele>652.000</ele></trkpt>
      <trkpt lat="22.4082741501" lon="114.1115098891"><ele>652.000</ele></trkpt>
      <trkpt lat="22.4082716788" lon="114.1114883915"><ele>654.000</ele></trkpt>
      <trkpt lat="22.4082630289" lon="114.1114558812"><ele>654.000</ele></trkpt>
      <trkpt lat="22.4082538164" lon="114.1114212599"><ele>654.000</ele></trkpt>
      <trkpt lat="22.4082542734" lon="114.1113968026"><ele>654.000</ele></trkpt>
      <trkpt lat="22.4082545766" lon="114.1113805949"><ele>654.000</ele></trkpt>
      <trkpt lat="22.4082649108" lon="114.1113442473"><ele>654.000</ele></trkpt>
      <trkpt lat="22.4082625894" lon="114.1113295442"><ele>654.000</ele></trkpt>
      <trkpt lat="22.4082597230" lon="114.1113113839"><ele>654.000</ele></trkpt>
      <trkpt lat="22.4082521387" lon="114.1112700429"><ele>654.000</ele></trkpt>
      <trkpt lat="22.4082542292" lon="114.1112475273"><ele>654.000</ele></trkpt>
      <trkpt lat="22.4082567242" lon="114.1112206604"><ele>654.000</ele></trkpt>
      <trkpt lat="22.4082613548" lon="114.1111956330"><ele>654.000</ele></trkpt>
      <trkpt lat="22.4082675691" lon="114.1111742644"><ele>654.000</ele></trkpt>
      <trkpt lat="22.4082622763" lon="114.1111498700"><ele>654.000</ele></trkpt>
      <trkpt lat="22.4082701341" lon="114.1111307917"><ele>654.000</ele></trkpt>
      <trkpt lat="22.4082778092" lon="114.1111065758"><ele>654.000</ele></trkpt>
      <trkpt lat="22.4082817638" lon="114.1110824296"><ele>652.000</ele></trkpt>
      <trkpt lat="22.4082817836" lon="114.1110423768"><ele>652.000</ele></trkpt>
      <trkpt lat="22.4082871504" lon="114.1110068842"><ele>652.000</ele></trkpt>
      <trkpt lat="22.4082868811" lon="114.1109664382"><ele>652.000</ele></trkpt>
      <trkpt lat="22.4082866609" lon="114.1109334821"><ele>652.000</ele></trkpt>
      <trkpt lat="22.4082760956" lon="114.1109144280"><ele>652.000</ele></trkpt>
      <trkpt lat="22.4082664990" lon="114.1108971197"><ele>652.000</ele></trkpt>
      <trkpt lat="22.4082536276" lon="114.1108677952"><ele>650.000</ele></trkpt>
      <trkpt lat="22.4082458309" lon="114.1108372834"><ele>650.000</ele></trkpt>
      <trkpt lat="22.4082388758" lon="114.1108267500"><ele>650.000</ele></trkpt>
      <trkpt lat="22.4082237792" lon="114.1108038890"><ele>650.000</ele></trkpt>
      <trkpt lat="22.4082154224" lon="114.1107862314"><ele>650.000</ele></trkpt>
      <trkpt lat="22.4081894927" lon="114.1107652160"><ele>648.000</ele></trkpt>
      <trkpt lat="22.4081744500" lon="114.1107460494"><ele>650.000</ele></trkpt>
      <trkpt lat="22.4081667142" lon="114.1107298639"><ele>648.000</ele></trkpt>
      <trkpt lat="22.4081605973" lon="114.1107041433"><ele>648.000</ele></trkpt>
      <trkpt lat="22.4081490266" lon="114.1106669776"><ele>648.000</ele></trkpt>
      <trkpt lat="22.4081347884" lon="114.1106341584"><ele>648.000</ele></trkpt>
      <trkpt lat="22.4081180574" lon="114.1105917719"><ele>648.000</ele></trkpt>
      <trkpt lat="22.4081024621" lon="114.1105485808"><ele>646.000</ele></trkpt>
      <trkpt lat="22.4080789684" lon="114.1105134730"><ele>646.000</ele></trkpt>
      <trkpt lat="22.4080710347" lon="114.1104794844"><ele>644.000</ele></trkpt>
      <trkpt lat="22.4080552287" lon="114.1104510354"><ele>644.000</ele></trkpt>
      <trkpt lat="22.4080172862" lon="114.1103567314"><ele>644.000</ele></trkpt>
      <trkpt lat="22.4079889647" lon="114.1102797162"><ele>642.000</ele></trkpt>
      <trkpt lat="22.4079905641" lon="114.1102689389"><ele>642.000</ele></trkpt>
      <trkpt lat="22.4079962159" lon="114.1102242304"><ele>642.000</ele></trkpt>
      <trkpt lat="22.4079995573" lon="114.1101916612"><ele>642.000</ele></trkpt>
      <trkpt lat="22.4080120618" lon="114.1101651295"><ele>642.000</ele></trkpt>
      <trkpt lat="22.4080260578" lon="114.1101380766"><ele>642.000</ele></trkpt>
      <trkpt lat="22.4080424430" lon="114.1101016037"><ele>642.000</ele></trkpt>
      <trkpt lat="22.4080522845" lon="114.1100690381"><ele>642.000</ele></trkpt>
      <trkpt lat="22.4080592868" lon="114.1100361816"><ele>642.000</ele></trkpt>
      <trkpt lat="22.4080658535" lon="114.1100028067"><ele>642.000</ele></trkpt>
      <trkpt lat="22.4080693170" lon="114.1099925879"><ele>642.000</ele></trkpt>
      <trkpt lat="22.4080622370" lon="114.1099705351"><ele>642.000</ele></trkpt>
      <trkpt lat="22.4080653796" lon="114.1099487688"><ele>642.000</ele></trkpt>
      <trkpt lat="22.4080626341" lon="114.1099263837"><ele>642.000</ele></trkpt>
      <trkpt lat="22.4080545546" lon="114.1099026579"><ele>642.000</ele></trkpt>
      <trkpt lat="22.4080496144" lon="114.1098881533"><ele>642.000</ele></trkpt>
      <trkpt lat="22.4080523448" lon="114.1098742637"><ele>642.000</ele></trkpt>
      <trkpt lat="22.4080589377" lon="114.1098539428"><ele>640.000</ele></trkpt>
      <trkpt lat="22.4080554275" lon="114.1098319990"><ele>640.000</ele></trkpt>
      <trkpt lat="22.4080530345" lon="114.1098170396"><ele>640.000</ele></trkpt>
      <trkpt lat="22.4080403630" lon="114.1097910270"><ele>638.000</ele></trkpt>
      <trkpt lat="22.4080183810" lon="114.1097650576"><ele>638.000</ele></trkpt>
      <trkpt lat="22.4080196686" lon="114.1097558693"><ele>636.000</ele></trkpt>
      <trkpt lat="22.4080105258" lon="114.1097507312"><ele>636.000</ele></trkpt>
      <trkpt lat="22.4079902495" lon="114.1097395283"><ele>636.000</ele></trkpt>
      <trkpt lat="22.4079859867" lon="114.1097299047"><ele>636.000</ele></trkpt>
      <trkpt lat="22.4079777125" lon="114.1097112235"><ele>636.000</ele></trkpt>
      <trkpt lat="22.4079677540" lon="114.1096730209"><ele>634.000</ele></trkpt>
      <trkpt lat="22.4079664014" lon="114.1096082039"><ele>632.000</ele></trkpt>
      <trkpt lat="22.4079643730" lon="114.1095557100"><ele>632.000</ele></trkpt>
      <trkpt lat="22.4079694663" lon="114.1094930839"><ele>630.000</ele></trkpt>
      <trkpt lat="22.4079692310" lon="114.1094679588"><ele>630.000</ele></trkpt>
      <trkpt lat="22.4079795726" lon="114.1094397081"><ele>630.000</ele></trkpt>
      <trkpt lat="22.4079956972" lon="114.1093956589"><ele>628.000</ele></trkpt>
      <trkpt lat="22.4080268440" lon="114.1093387377"><ele>627.000</ele></trkpt>
      <trkpt lat="22.4080699283" lon="114.1092692393"><ele>624.000</ele></trkpt>
      <trkpt lat="22.4080971939" lon="114.1092472855"><ele>624.000</ele></trkpt>
      <trkpt lat="22.4081330121" lon="114.1092184436"><ele>622.000</ele></trkpt>
      <trkpt lat="22.4081448225" lon="114.1091997091"><ele>622.000</ele></trkpt>
      <trkpt lat="22.4081749399" lon="114.1091519342"><ele>621.000</ele></trkpt>
      <trkpt lat="22.4082183080" lon="114.1090808389"><ele>618.000</ele></trkpt>
      <trkpt lat="22.4082521586" lon="114.1090200644"><ele>616.000</ele></trkpt>
      <trkpt lat="22.4082603619" lon="114.1089899490"><ele>616.000</ele></trkpt>
      <trkpt lat="22.4082729418" lon="114.1089437656"><ele>614.000</ele></trkpt>
      <trkpt lat="22.4082860283" lon="114.1089058926"><ele>612.000</ele></trkpt>
      <trkpt lat="22.4083039511" lon="114.1088566356"><ele>610.000</ele></trkpt>
      <trkpt lat="22.4083245928" lon="114.1088066149"><ele>608.000</ele></trkpt>
      <trkpt lat="22.4083202442" lon="114.1087971205"><ele>608.000</ele></trkpt>
      <trkpt lat="22.4083010234" lon="114.1087684073"><ele>606.000</ele></trkpt>
      <trkpt lat="22.4082835394" lon="114.1087341815"><ele>606.000</ele></trkpt>
      <trkpt lat="22.4082772163" lon="114.1087149944"><ele>606.000</ele></trkpt>
      <trkpt lat="22.4082691026" lon="114.1086618439"><ele>604.000</ele></trkpt>
      <trkpt lat="22.4082615143" lon="114.1086319605"><ele>604.000</ele></trkpt>
      <trkpt lat="22.4082526940" lon="114.1085972274"><ele>604.000</ele></trkpt>
      <trkpt lat="22.4082381815" lon="114.1085746218"><ele>602.000</ele></trkpt>
      <trkpt lat="22.4082083445" lon="114.1085248219"><ele>602.000</ele></trkpt>
      <trkpt lat="22.4081894557" lon="114.1084890245"><ele>600.000</ele></trkpt>
      <trkpt lat="22.4081768800" lon="114.1084703008"><ele>600.000</ele></trkpt>
      <trkpt lat="22.4081540430" lon="114.1084451266"><ele>600.000</ele></trkpt>
      <trkpt lat="22.4081234254" lon="114.1084287329"><ele>600.000</ele></trkpt>
      <trkpt lat="22.4080826733" lon="114.1084069123"><ele>600.000</ele></trkpt>
      <trkpt lat="22.4080048652" lon="114.1083652505"><ele>598.000</ele></trkpt>
      <trkpt lat="22.4079352442" lon="114.1083279726"><ele>598.000</ele></trkpt>
      <trkpt lat="22.4079098601" lon="114.1082975920"><ele>596.000</ele></trkpt>
      <trkpt lat="22.4079035946" lon="114.1082781350"><ele>596.000</ele></trkpt>
      <trkpt lat="22.4078932164" lon="114.1082388187"><ele>596.000</ele></trkpt>
      <trkpt lat="22.4078781294" lon="114.1081607972"><ele>594.000</ele></trkpt>
      <trkpt lat="22.4078608901" lon="114.1080988347"><ele>590.000</ele></trkpt>
      <trkpt lat="22.4078440407" lon="114.1080450865"><ele>588.000</ele></trkpt>
      <trkpt lat="22.4078258249" lon="114.1079869813"><ele>587.000</ele></trkpt>
      <trkpt lat="22.4077923775" lon="114.1079036971"><ele>586.000</ele></trkpt>
      <trkpt lat="22.4077786366" lon="114.1078694824"><ele>586.000</ele></trkpt>
      <trkpt lat="22.4077575843" lon="114.1078431798"><ele>586.000</ele></trkpt>
      <trkpt lat="22.4077293347" lon="114.1078188116"><ele>584.000</ele></trkpt>
      <trkpt lat="22.4076856684" lon="114.1077928349"><ele>582.000</ele></trkpt>
      <trkpt lat="22.4076494135" lon="114.1077712667"><ele>582.000</ele></trkpt>
      <trkpt lat="22.4076421523" lon="114.1077762001"><ele>579.000</ele></trkpt>
      <trkpt lat="22.4076257735" lon="114.1077820199"><ele>579.000</ele></trkpt>
      <trkpt lat="22.4076170408" lon="114.1077751976"><ele>579.000</ele></trkpt>
      <trkpt lat="22.4076150981" lon="114.1077301627"><ele>578.000</ele></trkpt>
      <trkpt lat="22.4075971456" lon="114.1077157851"><ele>574.000</ele></trkpt>
      <trkpt lat="22.4075747224" lon="114.1077080974"><ele>574.000</ele></trkpt>
      <trkpt lat="22.4075511620" lon="114.1076915704"><ele>572.000</ele></trkpt>
      <trkpt lat="22.4075351249" lon="114.1076688317"><ele>570.000</ele></trkpt>
      <trkpt lat="22.4075266254" lon="114.1076645538"><ele>570.000</ele></trkpt>
      <trkpt lat="22.4074791042" lon="114.1076580780"><ele>568.000</ele></trkpt>
      <trkpt lat="22.4074618446" lon="114.1076569949"><ele>566.000</ele></trkpt>
      <trkpt lat="22.4074505398" lon="114.1076538800"><ele>566.000</ele></trkpt>
      <trkpt lat="22.4074229941" lon="114.1076284655"><ele>566.000</ele></trkpt>
      <trkpt lat="22.4074116960" lon="114.1076262315"><ele>564.000</ele></trkpt>
      <trkpt lat="22.4073995298" lon="114.1076254499"><ele>564.000</ele></trkpt>
      <trkpt lat="22.4073809751" lon="114.1076282338"><ele>564.000</ele></trkpt>
      <trkpt lat="22.4073699417" lon="114.1076199190"><ele>562.000</ele></trkpt>
      <trkpt lat="22.4073642239" lon="114.1076079954"><ele>562.000</ele></trkpt>
      <trkpt lat="22.4073546033" lon="114.1075879341"><ele>562.000</ele></trkpt>
      <trkpt lat="22.4073439203" lon="114.1075798084"><ele>562.000</ele></trkpt>
      <trkpt lat="22.4073298733" lon="114.1075859981"><ele>562.000</ele></trkpt>
      <trkpt lat="22.4073050341" lon="114.1076092873"><ele>560.000</ele></trkpt>
      <trkpt lat="22.4072931874" lon="114.1076229842"><ele>560.000</ele></trkpt>
      <trkpt lat="22.4072770984" lon="114.1076306288"><ele>558.000</ele></trkpt>
      <trkpt lat="22.4072532020" lon="114.1076266266"><ele>558.000</ele></trkpt>
      <trkpt lat="22.4072365272" lon="114.1076161070"><ele>556.000</ele></trkpt>
      <trkpt lat="22.4071933847" lon="114.1075669951"><ele>553.000</ele></trkpt>
      <trkpt lat="22.4071821992" lon="114.1075600304"><ele>553.000</ele></trkpt>
      <trkpt lat="22.4071391410" lon="114.1075453836"><ele>550.000</ele></trkpt>
      <trkpt lat="22.4071215906" lon="114.1075253020"><ele>550.000</ele></trkpt>
      <trkpt lat="22.4071000399" lon="114.1074802400"><ele>548.000</ele></trkpt>
      <trkpt lat="22.4070850313" lon="114.1074467846"><ele>547.000</ele></trkpt>
      <trkpt lat="22.4070725887" lon="114.1074290566"><ele>547.000</ele></trkpt>
      <trkpt lat="22.4070390277" lon="114.1074203713"><ele>544.000</ele></trkpt>
      <trkpt lat="22.4070300064" lon="114.1074038945"><ele>544.000</ele></trkpt>
      <trkpt lat="22.4070392567" lon="114.1073229012"><ele>543.000</ele></trkpt>
      <trkpt lat="22.4070357981" lon="114.1072287039"><ele>541.000</ele></trkpt>
      <trkpt lat="22.4070375807" lon="114.1071949410"><ele>541.000</ele></trkpt>
      <trkpt lat="22.4070473611" lon="114.1071247191"><ele>538.000</ele></trkpt>
      <trkpt lat="22.4070653094" lon="114.1070038797"><ele>536.000</ele></trkpt>
      <trkpt lat="22.4070654606" lon="114.1069818401"><ele>534.000</ele></trkpt>
      <trkpt lat="22.4070593950" lon="114.1069676121"><ele>534.000</ele></trkpt>
      <trkpt lat="22.4070256112" lon="114.1069199439"><ele>531.000</ele></trkpt>
      <trkpt lat="22.4070141121" lon="114.1068956326"><ele>531.000</ele></trkpt>
      <trkpt lat="22.4070111733" lon="114.1068803580"><ele>528.000</ele></trkpt>
      <trkpt lat="22.4070089871" lon="114.1068304907"><ele>526.000</ele></trkpt>
      <trkpt lat="22.4070075871" lon="114.1067985379"><ele>526.000</ele></trkpt>
      <trkpt lat="22.4070045378" lon="114.1067867946"><ele>524.000</ele></trkpt>
      <trkpt lat="22.4069984462" lon="114.1067729046"><ele>524.000</ele></trkpt>
      <trkpt lat="22.4069821435" lon="114.1067397841"><ele>524.000</ele></trkpt>
      <trkpt lat="22.4069541270" lon="114.1066828671"><ele>522.000</ele></trkpt>
      <trkpt lat="22.4069219760" lon="114.1066273004"><ele>520.000</ele></trkpt>
      <trkpt lat="22.4068722671" lon="114.1065429230"><ele>517.000</ele></trkpt>
      <trkpt lat="22.4068214746" lon="114.1064690886"><ele>515.000</ele></trkpt>
      <trkpt lat="22.4067926480" lon="114.1064372972"><ele>514.000</ele></trkpt>
      <trkpt lat="22.4067767194" lon="114.1064316887"><ele>514.000</ele></trkpt>
      <trkpt lat="22.4066965818" lon="114.1064271567"><ele>510.000</ele></trkpt>
      <trkpt lat="22.4066336283" lon="114.1064227160"><ele>509.000</ele></trkpt>
      <trkpt lat="22.4065779758" lon="114.1064179522"><ele>508.000</ele></trkpt>
      <trkpt lat="22.4065488091" lon="114.1064282441"><ele>506.000</ele></trkpt>
      <trkpt lat="22.4065188261" lon="114.1064450882"><ele>506.000</ele></trkpt>
      <trkpt lat="22.4064940641" lon="114.1064752516"><ele>506.000</ele></trkpt>
      <trkpt lat="22.4064589616" lon="114.1065289523"><ele>508.000</ele></trkpt>
      <trkpt lat="22.4064325015" lon="114.1065541983"><ele>508.000</ele></trkpt>
      <trkpt lat="22.4064223530" lon="114.1065605026"><ele>508.000</ele></trkpt>
      <trkpt lat="22.4064016930" lon="114.1065625302"><ele>508.000</ele></trkpt>
      <trkpt lat="22.4063811395" lon="114.1065600611"><ele>508.000</ele></trkpt>
      <trkpt lat="22.4063489394" lon="114.1065454306"><ele>506.000</ele></trkpt>
      <trkpt lat="22.4063393180" lon="114.1065344279"><ele>506.000</ele></trkpt>
      <trkpt lat="22.4063285496" lon="114.1065126357"><ele>506.000</ele></trkpt>
      <trkpt lat="22.4063177793" lon="114.1064884223"><ele>504.000</ele></trkpt>
      <trkpt lat="22.4063085147" lon="114.1064733569"><ele>504.000</ele></trkpt>
      <trkpt lat="22.4062985010" lon="114.1064615221"><ele>504.000</ele></trkpt>
      <trkpt lat="22.4062834824" lon="114.1064491507"><ele>504.000</ele></trkpt>
      <trkpt lat="22.4062684663" lon="114.1064424308"><ele>504.000</ele></trkpt>
      <trkpt lat="22.4062574568" lon="114.1064413593"><ele>504.000</ele></trkpt>
      <trkpt lat="22.4062439451" lon="114.1064429812"><ele>502.000</ele></trkpt>
      <trkpt lat="22.4062344395" lon="114.1064489064"><ele>502.000</ele></trkpt>
      <trkpt lat="22.4062251879" lon="114.1064637112"><ele>504.000</ele></trkpt>
      <trkpt lat="22.4062201873" lon="114.1064731324"><ele>504.000</ele></trkpt>
      <trkpt lat="22.4062169387" lon="114.1064828217"><ele>504.000</ele></trkpt>
      <trkpt lat="22.4062134410" lon="114.1064946643"><ele>504.000</ele></trkpt>
      <trkpt lat="22.4062054407" lon="114.1065089304"><ele>504.000</ele></trkpt>
      <trkpt lat="22.4061984375" lon="114.1065170075"><ele>503.000</ele></trkpt>
      <trkpt lat="22.4061851794" lon="114.1065242797"><ele>503.000</ele></trkpt>
      <trkpt lat="22.4061561746" lon="114.1065352843"><ele>503.000</ele></trkpt>
      <trkpt lat="22.4061333918" lon="114.1065420660"><ele>502.000</ele></trkpt>
      <trkpt lat="22.4061097146" lon="114.1065438329"><ele>502.000</ele></trkpt>
      <trkpt lat="22.4060893513" lon="114.1065385899"><ele>502.000</ele></trkpt>
      <trkpt lat="22.4060673435" lon="114.1065270991"><ele>502.000</ele></trkpt>
      <trkpt lat="22.4060364484" lon="114.1065021296"><ele>502.000</ele></trkpt>
      <trkpt lat="22.4058928734" lon="114.1063842884"><ele>502.000</ele></trkpt>
      <trkpt lat="22.4058743138" lon="114.1063690554"><ele>502.000</ele></trkpt>
      <trkpt lat="22.4058680245" lon="114.1063617105"><ele>502.000</ele></trkpt>
      <trkpt lat="22.4058628245" lon="114.1063467218"><ele>502.000</ele></trkpt>
      <trkpt lat="22.4058603585" lon="114.1063326135"><ele>502.000</ele></trkpt>
      <trkpt lat="22.4058584280" lon="114.1062917572"><ele>502.000</ele></trkpt>
      <trkpt lat="22.4058414378" lon="114.1061900622"><ele>500.000</ele></trkpt>
      <trkpt lat="22.4058337253" lon="114.1061290323"><ele>500.000</ele></trkpt>
      <trkpt lat="22.4058323832" lon="114.1061101151"><ele>500.000</ele></trkpt>
      <trkpt lat="22.4058334677" lon="114.1060892445"><ele>500.000</ele></trkpt>
      <trkpt lat="22.4058391897" lon="114.1060507356"><ele>500.000</ele></trkpt>
      <trkpt lat="22.4058503954" lon="114.1059985962"><ele>500.000</ele></trkpt>
      <trkpt lat="22.4058574730" lon="114.1059831195"><ele>500.000</ele></trkpt>
      <trkpt lat="22.4058681260" lon="114.1059701807"><ele>497.000</ele></trkpt>
      <trkpt lat="22.4058779622" lon="114.1059622391"><ele>497.000</ele></trkpt>
      <trkpt lat="22.4058963763" lon="114.1059520982"><ele>496.000</ele></trkpt>
      <trkpt lat="22.4060568289" lon="114.1058629262"><ele>489.000</ele></trkpt>
      <trkpt lat="22.4061031197" lon="114.1058371998"><ele>488.000</ele></trkpt>
      <trkpt lat="22.4062643318" lon="114.1057496264"><ele>484.000</ele></trkpt>
      <trkpt lat="22.4062893815" lon="114.1057360189"><ele>484.000</ele></trkpt>
      <trkpt lat="22.4063020452" lon="114.1057262830"><ele>482.000</ele></trkpt>
      <trkpt lat="22.4063137908" lon="114.1057109923"><ele>482.000</ele></trkpt>
      <trkpt lat="22.4063228170" lon="114.1056910267"><ele>482.000</ele></trkpt>
      <trkpt lat="22.4063337145" lon="114.1056469025"><ele>481.000</ele></trkpt>
      <trkpt lat="22.4063408936" lon="114.1055890736"><ele>480.000</ele></trkpt>
      <trkpt lat="22.4063493400" lon="114.1055075566"><ele>476.000</ele></trkpt>
      <trkpt lat="22.4063519395" lon="114.1054720065"><ele>474.000</ele></trkpt>
      <trkpt lat="22.4063940395" lon="114.1054696250"><ele>475.000</ele></trkpt>
      <trkpt lat="22.4064023458" lon="114.1054840654"><ele>475.000</ele></trkpt>
      <trkpt lat="22.4064208373" lon="114.1054998865"><ele>476.000</ele></trkpt>
      <trkpt lat="22.4064363730" lon="114.1055112542"><ele>476.000</ele></trkpt>
      <trkpt lat="22.4064585563" lon="114.1055254846"><ele>476.000</ele></trkpt>
      <trkpt lat="22.4064700482" lon="114.1055165767"><ele>476.000</ele></trkpt>
      <trkpt lat="22.4064907398" lon="114.1055126095"><ele>478.000</ele></trkpt>
      <trkpt lat="22.4065215524" lon="114.1055200127"><ele>478.000</ele></trkpt>
      <trkpt lat="22.4065541980" lon="114.1055125771"><ele>478.000</ele></trkpt>
      <trkpt lat="22.4066038498" lon="114.1054868353"><ele>480.000</ele></trkpt>
      <trkpt lat="22.4066346570" lon="114.1054818742"><ele>478.000</ele></trkpt>
      <trkpt lat="22.4066774227" lon="114.1054818524"><ele>479.000</ele></trkpt>
      <trkpt lat="22.4067280122" lon="114.1054956739"><ele>482.000</ele></trkpt>
      <trkpt lat="22.4067615892" lon="114.1055159336"><ele>482.000</ele></trkpt>
      <trkpt lat="22.4067968156" lon="114.1055267639"><ele>484.000</ele></trkpt>
      <trkpt lat="22.4068393084" lon="114.1055282573"><ele>484.000</ele></trkpt>
      <trkpt lat="22.4068678717" lon="114.1055176469"><ele>484.000</ele></trkpt>
      <trkpt lat="22.4068931825" lon="114.1055016266"><ele>486.000</ele></trkpt>
      <trkpt lat="22.4069303367" lon="114.1054812289"><ele>484.000</ele></trkpt>
      <trkpt lat="22.4069132915" lon="114.1054095279"><ele>480.000</ele></trkpt>
      <trkpt lat="22.4069165039" lon="114.1053956788"><ele>480.000</ele></trkpt>
      <trkpt lat="22.4068931000" lon="114.1052312448"><ele>474.000</ele></trkpt>
      <trkpt lat="22.4068104130" lon="114.1052470779"><ele>474.000</ele></trkpt>
      <trkpt lat="22.4066540697" lon="114.1052772672"><ele>473.000</ele></trkpt>
      <trkpt lat="22.4066150118" lon="114.1052810399"><ele>472.000</ele></trkpt>
    </trkseg>
  </trk>
</gpx>
