<?xml version="1.0" encoding="UTF-8"?>
<gpx xmlns:xsi="http://www.w3.org/2001/XMLSchema-instance"
     xsi:schemaLocation="http://www.topografix.com/GPX/1/1 http://www.topografix.com/GPX/1/1/gpx.xsd"
     version="1.1" creator="json3d_batch_to_gpx"
     xmlns="http://www.topografix.com/GPX/1/1">
  <metadata>
    <name>MacLehoseTrail(Section4)KeiLingHatoTate'sCairn</name>
  </metadata>
  <trk>
    <name>MacLehoseTrail(Section4)KeiLingHatoTate'sCairn</name>
    <type>hike</type>
    <trkseg>
      <trkpt lat="22.4048472703" lon="114.2792423569"><ele>76.000</ele></trkpt>
      <trkpt lat="22.4048272588" lon="114.2792437815"><ele>79.000</ele></trkpt>
      <trkpt lat="22.4048099220" lon="114.2792495202"><ele>79.000</ele></trkpt>
      <trkpt lat="22.4047791353" lon="114.2792379949"><ele>82.000</ele></trkpt>
      <trkpt lat="22.4047632681" lon="114.2792518654"><ele>82.000</ele></trkpt>
      <trkpt lat="22.4047348593" lon="114.2792714772"><ele>81.000</ele></trkpt>
      <trkpt lat="22.4047189193" lon="114.2792791456"><ele>81.000</ele></trkpt>
      <trkpt lat="22.4046979985" lon="114.2793016142"><ele>84.000</ele></trkpt>
      <trkpt lat="22.4046764771" lon="114.2793285800"><ele>82.000</ele></trkpt>
      <trkpt lat="22.4046591394" lon="114.2793529781"><ele>82.000</ele></trkpt>
      <trkpt lat="22.4046382178" lon="114.2793767315"><ele>83.000</ele></trkpt>
      <trkpt lat="22.4046077323" lon="114.2794101141"><ele>86.000</ele></trkpt>
      <trkpt lat="22.4045772468" lon="114.2794447815"><ele>88.000</ele></trkpt>
      <trkpt lat="22.4045425773" lon="114.2794826576"><ele>91.000</ele></trkpt>
      <trkpt lat="22.4045162774" lon="114.2795102617"><ele>91.000</ele></trkpt>
      <trkpt lat="22.4044774276" lon="114.2795468498"><ele>90.000</ele></trkpt>
      <trkpt lat="22.4044535147" lon="114.2795783103"><ele>86.000</ele></trkpt>
      <trkpt lat="22.4044278175" lon="114.2795969206"><ele>86.000</ele></trkpt>
      <trkpt lat="22.4043973425" lon="114.2796136007"><ele>88.000</ele></trkpt>
      <trkpt lat="22.4043637019" lon="114.2796324276"><ele>88.000</ele></trkpt>
      <trkpt lat="22.4043281516" lon="114.2796522185"><ele>88.000</ele></trkpt>
      <trkpt lat="22.4042926023" lon="114.2796705943"><ele>88.000</ele></trkpt>
      <trkpt lat="22.4042588875" lon="114.2796795734"><ele>84.000</ele></trkpt>
      <trkpt lat="22.4042382287" lon="114.2796821143"><ele>79.000</ele></trkpt>
      <trkpt lat="22.4042123077" lon="114.2796804433"><ele>79.000</ele></trkpt>
      <trkpt lat="22.4041952709" lon="114.2796789371"><ele>79.000</ele></trkpt>
      <trkpt lat="22.4041810139" lon="114.2796769609"><ele>79.000</ele></trkpt>
      <trkpt lat="22.4041680015" lon="114.2796760025"><ele>79.000</ele></trkpt>
      <trkpt lat="22.4040829271" lon="114.2797014820"><ele>83.000</ele></trkpt>
      <trkpt lat="22.4039087831" lon="114.2797529885"><ele>85.000</ele></trkpt>
      <trkpt lat="22.4038975414" lon="114.2797563135"><ele>85.000</ele></trkpt>
      <trkpt lat="22.4038655124" lon="114.2797671768"><ele>85.000</ele></trkpt>
      <trkpt lat="22.4038441977" lon="114.2797715314"><ele>85.000</ele></trkpt>
      <trkpt lat="22.4037682120" lon="114.2797763896"><ele>84.000</ele></trkpt>
      <trkpt lat="22.4036648472" lon="114.2797664667"><ele>86.000</ele></trkpt>
      <trkpt lat="22.4035564874" lon="114.2797696588"><ele>79.000</ele></trkpt>
      <trkpt lat="22.4035446948" lon="114.2797677855"><ele>79.000</ele></trkpt>
      <trkpt lat="22.4035229625" lon="114.2797599816"><ele>80.000</ele></trkpt>
      <trkpt lat="22.4035054332" lon="114.2797488963"><ele>82.000</ele></trkpt>
      <trkpt lat="22.4034895943" lon="114.2797337828"><ele>82.000</ele></trkpt>
      <trkpt lat="22.4034779952" lon="114.2797115828"><ele>84.000</ele></trkpt>
      <trkpt lat="22.4034692425" lon="114.2796865783"><ele>83.000</ele></trkpt>
      <trkpt lat="22.4034646817" lon="114.2796603531"><ele>83.000</ele></trkpt>
      <trkpt lat="22.4034654622" lon="114.2796386274"><ele>83.000</ele></trkpt>
      <trkpt lat="22.4034778949" lon="114.2796051872"><ele>86.000</ele></trkpt>
      <trkpt lat="22.4035151700" lon="114.2795158060"><ele>93.000</ele></trkpt>
      <trkpt lat="22.4035350413" lon="114.2794295323"><ele>94.000</ele></trkpt>
      <trkpt lat="22.4035476466" lon="114.2793702821"><ele>100.000</ele></trkpt>
      <trkpt lat="22.4035557797" lon="114.2792916537"><ele>100.000</ele></trkpt>
      <trkpt lat="22.4035637131" lon="114.2791873199"><ele>100.000</ele></trkpt>
      <trkpt lat="22.4035671758" lon="114.2790610079"><ele>102.000</ele></trkpt>
      <trkpt lat="22.4035749779" lon="114.2789528922"><ele>106.000</ele></trkpt>
      <trkpt lat="22.4035832479" lon="114.2788686893"><ele>104.000</ele></trkpt>
      <trkpt lat="22.4035982864" lon="114.2787813708"><ele>104.000</ele></trkpt>
      <trkpt lat="22.4036059336" lon="114.2787080213"><ele>99.000</ele></trkpt>
      <trkpt lat="22.4035982866" lon="114.2786764222"><ele>100.000</ele></trkpt>
      <trkpt lat="22.4035772078" lon="114.2786503123"><ele>100.000</ele></trkpt>
      <trkpt lat="22.4034439353" lon="114.2785794746"><ele>108.000</ele></trkpt>
      <trkpt lat="22.4033289205" lon="114.2785388636"><ele>107.000</ele></trkpt>
      <trkpt lat="22.4031655566" lon="114.2784560326"><ele>112.000</ele></trkpt>
      <trkpt lat="22.4030516292" lon="114.2783982677"><ele>110.000</ele></trkpt>
      <trkpt lat="22.4030117701" lon="114.2783397750"><ele>108.000</ele></trkpt>
      <trkpt lat="22.4029817163" lon="114.2782956812"><ele>110.000</ele></trkpt>
      <trkpt lat="22.4029111726" lon="114.2782830824"><ele>109.000</ele></trkpt>
      <trkpt lat="22.4028544368" lon="114.2782656961"><ele>108.000</ele></trkpt>
      <trkpt lat="22.4027917351" lon="114.2782373856"><ele>113.000</ele></trkpt>
      <trkpt lat="22.4027224671" lon="114.2782007192"><ele>112.000</ele></trkpt>
      <trkpt lat="22.4026645508" lon="114.2781621332"><ele>114.000</ele></trkpt>
      <trkpt lat="22.4026042529" lon="114.2781094131"><ele>116.000</ele></trkpt>
      <trkpt lat="22.4025618680" lon="114.2780695547"><ele>116.000</ele></trkpt>
      <trkpt lat="22.4025421751" lon="114.2780393486"><ele>118.000</ele></trkpt>
      <trkpt lat="22.4025224886" lon="114.2779975788"><ele>118.000</ele></trkpt>
      <trkpt lat="22.4025111705" lon="114.2779487488"><ele>118.000</ele></trkpt>
      <trkpt lat="22.4025094105" lon="114.2778967141"><ele>118.000</ele></trkpt>
      <trkpt lat="22.4025220013" lon="114.2778222052"><ele>120.000</ele></trkpt>
      <trkpt lat="22.4025543203" lon="114.2777213733"><ele>119.000</ele></trkpt>
      <trkpt lat="22.4026033761" lon="114.2776006385"><ele>120.000</ele></trkpt>
      <trkpt lat="22.4026596151" lon="114.2774574262"><ele>117.000</ele></trkpt>
      <trkpt lat="22.4026877334" lon="114.2773861409"><ele>116.000</ele></trkpt>
      <trkpt lat="22.4027391877" lon="114.2772519181"><ele>115.000</ele></trkpt>
      <trkpt lat="22.4027774723" lon="114.2771620110"><ele>120.000</ele></trkpt>
      <trkpt lat="22.4028133722" lon="114.2770643930"><ele>117.000</ele></trkpt>
      <trkpt lat="22.4028367231" lon="114.2769770439"><ele>115.000</ele></trkpt>
      <trkpt lat="22.4028445274" lon="114.2769140950"><ele>114.000</ele></trkpt>
      <trkpt lat="22.4028397907" lon="114.2768459978"><ele>123.000</ele></trkpt>
      <trkpt lat="22.4028266944" lon="114.2767733990"><ele>124.000</ele></trkpt>
      <trkpt lat="22.4028046329" lon="114.2767091439"><ele>128.000</ele></trkpt>
      <trkpt lat="22.4027700310" lon="114.2766384556"><ele>132.000</ele></trkpt>
      <trkpt lat="22.4027455625" lon="114.2766024639"><ele>132.000</ele></trkpt>
      <trkpt lat="22.4027025822" lon="114.2765581089"><ele>132.000</ele></trkpt>
      <trkpt lat="22.4026542232" lon="114.2765182456"><ele>130.000</ele></trkpt>
      <trkpt lat="22.4025843769" lon="114.2764507450"><ele>138.000</ele></trkpt>
      <trkpt lat="22.4025354297" lon="114.2763967489"><ele>139.000</ele></trkpt>
      <trkpt lat="22.4024691755" lon="114.2763164033"><ele>142.000</ele></trkpt>
      <trkpt lat="22.4023963576" lon="114.2762232045"><ele>144.000</ele></trkpt>
      <trkpt lat="22.4023366652" lon="114.2761569962"><ele>148.000</ele></trkpt>
      <trkpt lat="22.4022966748" lon="114.2761081460"><ele>148.000</ele></trkpt>
      <trkpt lat="22.4022447492" lon="114.2760393736"><ele>148.000</ele></trkpt>
      <trkpt lat="22.4021946164" lon="114.2759686748"><ele>150.000</ele></trkpt>
      <trkpt lat="22.4021606003" lon="114.2759172593"><ele>145.000</ele></trkpt>
      <trkpt lat="22.4021259828" lon="114.2758716257"><ele>148.000</ele></trkpt>
      <trkpt lat="22.4021062982" lon="114.2758272866"><ele>152.000</ele></trkpt>
      <trkpt lat="22.4020913917" lon="114.2757842358"><ele>152.000</ele></trkpt>
      <trkpt lat="22.4020884374" lon="114.2757302736"><ele>156.000</ele></trkpt>
      <trkpt lat="22.4020968383" lon="114.2756686094"><ele>158.000</ele></trkpt>
      <trkpt lat="22.4021124037" lon="114.2756101638"><ele>158.000</ele></trkpt>
      <trkpt lat="22.4021387289" lon="114.2755414459"><ele>158.000</ele></trkpt>
      <trkpt lat="22.4021638452" lon="114.2754945697"><ele>160.000</ele></trkpt>
      <trkpt lat="22.4022134846" lon="114.2753943917"><ele>162.000</ele></trkpt>
      <trkpt lat="22.4022708799" lon="114.2753096373"><ele>164.000</ele></trkpt>
      <trkpt lat="22.4023073498" lon="114.2752557019"><ele>166.000</ele></trkpt>
      <trkpt lat="22.4023456073" lon="114.2752101188"><ele>166.000</ele></trkpt>
      <trkpt lat="22.4023922324" lon="114.2751555484"><ele>166.000</ele></trkpt>
      <trkpt lat="22.4024681258" lon="114.2751016416"><ele>166.000</ele></trkpt>
      <trkpt lat="22.4025183214" lon="114.2750695563"><ele>166.000</ele></trkpt>
      <trkpt lat="22.4025553758" lon="114.2750361789"><ele>167.000</ele></trkpt>
      <trkpt lat="22.4025828688" lon="114.2750098600"><ele>165.000</ele></trkpt>
      <trkpt lat="22.4026127580" lon="114.2749726220"><ele>168.000</ele></trkpt>
      <trkpt lat="22.4026414579" lon="114.2749263900"><ele>168.000</ele></trkpt>
      <trkpt lat="22.4026647959" lon="114.2748570277"><ele>168.000</ele></trkpt>
      <trkpt lat="22.4026953074" lon="114.2747793203"><ele>170.000</ele></trkpt>
      <trkpt lat="22.4027324106" lon="114.2746650003"><ele>173.000</ele></trkpt>
      <trkpt lat="22.4027569569" lon="114.2745731552"><ele>172.000</ele></trkpt>
      <trkpt lat="22.4027773158" lon="114.2744915859"><ele>174.000</ele></trkpt>
      <trkpt lat="22.4028042598" lon="114.2743843250"><ele>176.000</ele></trkpt>
      <trkpt lat="22.4028246302" lon="114.2742834837"><ele>178.000</ele></trkpt>
      <trkpt lat="22.4028288407" lon="114.2742346648"><ele>178.000</ele></trkpt>
      <trkpt lat="22.4028258841" lon="114.2741851989"><ele>178.000</ele></trkpt>
      <trkpt lat="22.4028151578" lon="114.2741415080"><ele>178.000</ele></trkpt>
      <trkpt lat="22.4027990546" lon="114.2741010260"><ele>178.000</ele></trkpt>
      <trkpt lat="22.4027727920" lon="114.2740682462"><ele>176.000</ele></trkpt>
      <trkpt lat="22.4027333913" lon="114.2740303177"><ele>178.000</ele></trkpt>
      <trkpt lat="22.4026898043" lon="114.2739994527"><ele>178.000</ele></trkpt>
      <trkpt lat="22.4026330762" lon="114.2739698634"><ele>179.000</ele></trkpt>
      <trkpt lat="22.4025751514" lon="114.2739422001"><ele>178.000</ele></trkpt>
      <trkpt lat="22.4025011006" lon="114.2739119559"><ele>180.000</ele></trkpt>
      <trkpt lat="22.4024395893" lon="114.2738894295"><ele>182.000</ele></trkpt>
      <trkpt lat="22.4023141769" lon="114.2738437334"><ele>182.000</ele></trkpt>
      <trkpt lat="22.4021432831" lon="114.2737808850"><ele>184.000</ele></trkpt>
      <trkpt lat="22.4021129207" lon="114.2737697188"><ele>186.000</ele></trkpt>
      <trkpt lat="22.4019839242" lon="114.2737253043"><ele>184.000</ele></trkpt>
      <trkpt lat="22.4019212178" lon="114.2737034193"><ele>184.000</ele></trkpt>
      <trkpt lat="22.4018525382" lon="114.2736808882"><ele>184.000</ele></trkpt>
      <trkpt lat="22.4017683298" lon="114.2736551347"><ele>186.000</ele></trkpt>
      <trkpt lat="22.4016882963" lon="114.2736396620"><ele>186.000</ele></trkpt>
      <trkpt lat="22.4016214027" lon="114.2736280530"><ele>186.000</ele></trkpt>
      <trkpt lat="22.4015730207" lon="114.2736254498"><ele>186.000</ele></trkpt>
      <trkpt lat="22.4014929772" lon="114.2736266792"><ele>188.000</ele></trkpt>
      <trkpt lat="22.4014248765" lon="114.2736356250"><ele>190.000</ele></trkpt>
      <trkpt lat="22.4013502036" lon="114.2736458512"><ele>190.000</ele></trkpt>
      <trkpt lat="22.4012904670" lon="114.2736515921"><ele>188.000</ele></trkpt>
      <trkpt lat="22.4011907088" lon="114.2736579463"><ele>192.000</ele></trkpt>
      <trkpt lat="22.4011303784" lon="114.2736585474"><ele>192.000</ele></trkpt>
      <trkpt lat="22.4010778149" lon="114.2736565832"><ele>190.000</ele></trkpt>
      <trkpt lat="22.4010121131" lon="114.2736481867"><ele>191.000</ele></trkpt>
      <trkpt lat="22.4009278993" lon="114.2736314264"><ele>197.000</ele></trkpt>
      <trkpt lat="22.4008436863" lon="114.2736133812"><ele>193.000</ele></trkpt>
      <trkpt lat="22.4008084489" lon="114.2736050068"><ele>188.000</ele></trkpt>
      <trkpt lat="22.4007403586" lon="114.2735966086"><ele>191.000</ele></trkpt>
      <trkpt lat="22.4006537530" lon="114.2735837002"><ele>192.000</ele></trkpt>
      <trkpt lat="22.4005910378" lon="114.2735765907"><ele>192.000</ele></trkpt>
      <trkpt lat="22.4005121906" lon="114.2735752513"><ele>194.000</ele></trkpt>
      <trkpt lat="22.4004393163" lon="114.2735752009"><ele>196.000</ele></trkpt>
      <trkpt lat="22.4003598715" lon="114.2735751459"><ele>196.000</ele></trkpt>
      <trkpt lat="22.4003013320" lon="114.2735770331"><ele>198.000</ele></trkpt>
      <trkpt lat="22.4002296528" lon="114.2735763406"><ele>199.000</ele></trkpt>
      <trkpt lat="22.4001520019" lon="114.2735724333"><ele>202.000</ele></trkpt>
      <trkpt lat="22.4000755485" lon="114.2735640295"><ele>202.000</ele></trkpt>
      <trkpt lat="22.4000361311" lon="114.2735537235"><ele>202.000</ele></trkpt>
      <trkpt lat="22.3999865613" lon="114.2735395570"><ele>202.000</ele></trkpt>
      <trkpt lat="22.3999178839" lon="114.2735131718"><ele>203.000</ele></trkpt>
      <trkpt lat="22.3998563749" lon="114.2734867915"><ele>206.000</ele></trkpt>
      <trkpt lat="22.3997763525" lon="114.2734526905"><ele>206.000</ele></trkpt>
      <trkpt lat="22.3997118555" lon="114.2734275931"><ele>206.000</ele></trkpt>
      <trkpt lat="22.3996622925" lon="114.2734018641"><ele>208.000</ele></trkpt>
      <trkpt lat="22.3996151228" lon="114.2733697126"><ele>206.000</ele></trkpt>
      <trkpt lat="22.3995727393" lon="114.2733240742"><ele>209.000</ele></trkpt>
      <trkpt lat="22.3995225966" lon="114.2732694376"><ele>209.000</ele></trkpt>
      <trkpt lat="22.3994736497" lon="114.2732115903"><ele>207.000</ele></trkpt>
      <trkpt lat="22.3994384276" lon="114.2731775194"><ele>210.000</ele></trkpt>
      <trkpt lat="22.3994014118" lon="114.2731453750"><ele>210.000</ele></trkpt>
      <trkpt lat="22.3993631979" lon="114.2731202959"><ele>212.000</ele></trkpt>
      <trkpt lat="22.3993273668" lon="114.2731048542"><ele>213.000</ele></trkpt>
      <trkpt lat="22.3992700362" lon="114.2730829746"><ele>212.000</ele></trkpt>
      <trkpt lat="22.3992133042" lon="114.2730598096"><ele>212.000</ele></trkpt>
      <trkpt lat="22.3991338764" lon="114.2730295638"><ele>214.000</ele></trkpt>
      <trkpt lat="22.3990568393" lon="114.2729986769"><ele>216.000</ele></trkpt>
      <trkpt lat="22.3989851762" lon="114.2729710052"><ele>216.000</ele></trkpt>
      <trkpt lat="22.3988776805" lon="114.2729304617"><ele>216.000</ele></trkpt>
      <trkpt lat="22.3987654090" lon="114.2728860604"><ele>216.000</ele></trkpt>
      <trkpt lat="22.3986949389" lon="114.2728596746"><ele>218.000</ele></trkpt>
      <trkpt lat="22.3986650832" lon="114.2728429523"><ele>216.000</ele></trkpt>
      <trkpt lat="22.3986382141" lon="114.2728243053"><ele>216.000</ele></trkpt>
      <trkpt lat="22.3986125447" lon="114.2727973083"><ele>216.000</ele></trkpt>
      <trkpt lat="22.3985916561" lon="114.2727671021"><ele>217.000</ele></trkpt>
      <trkpt lat="22.3985761441" lon="114.2727356157"><ele>217.000</ele></trkpt>
      <trkpt lat="22.3985642145" lon="114.2727073423"><ele>219.000</ele></trkpt>
      <trkpt lat="22.3985511212" lon="114.2726263943"><ele>222.000</ele></trkpt>
      <trkpt lat="22.3985368481" lon="114.2725203938"><ele>223.000</ele></trkpt>
      <trkpt lat="22.3985297181" lon="114.2724555087"><ele>222.000</ele></trkpt>
      <trkpt lat="22.3985166065" lon="114.2724053945"><ele>222.000</ele></trkpt>
      <trkpt lat="22.3984969156" lon="114.2723700508"><ele>217.000</ele></trkpt>
      <trkpt lat="22.3984766277" lon="114.2723334219"><ele>217.000</ele></trkpt>
      <trkpt lat="22.3984372303" lon="114.2722890711"><ele>217.000</ele></trkpt>
      <trkpt lat="22.3983990190" lon="114.2722594960"><ele>219.000</ele></trkpt>
      <trkpt lat="22.3983613996" lon="114.2722382712"><ele>216.000</ele></trkpt>
      <trkpt lat="22.3983201960" lon="114.2722170460"><ele>228.000</ele></trkpt>
      <trkpt lat="22.3982646558" lon="114.2721970938"><ele>224.000</ele></trkpt>
      <trkpt lat="22.3982222489" lon="114.2721919266"><ele>217.000</ele></trkpt>
      <trkpt lat="22.3981774509" lon="114.2721880416"><ele>214.000</ele></trkpt>
      <trkpt lat="22.3981380323" lon="114.2721796639"><ele>219.000</ele></trkpt>
      <trkpt lat="22.3981045914" lon="114.2721629394"><ele>214.000</ele></trkpt>
      <trkpt lat="22.3980819052" lon="114.2721410829"><ele>214.000</ele></trkpt>
      <trkpt lat="22.3980663933" lon="114.2721108815"><ele>217.000</ele></trkpt>
      <trkpt lat="22.3980652177" lon="114.2720768344"><ele>224.000</ele></trkpt>
      <trkpt lat="22.3980682375" lon="114.2720215931"><ele>228.000</ele></trkpt>
      <trkpt lat="22.3980838116" lon="114.2719477310"><ele>228.000</ele></trkpt>
      <trkpt lat="22.3980987837" lon="114.2718809344"><ele>228.000</ele></trkpt>
      <trkpt lat="22.3981227247" lon="114.2718006547"><ele>232.000</ele></trkpt>
      <trkpt lat="22.3981352895" lon="114.2717640483"><ele>233.000</ele></trkpt>
      <trkpt lat="22.3981418797" lon="114.2717306494"><ele>233.000</ele></trkpt>
      <trkpt lat="22.3981430941" lon="114.2716972468"><ele>228.000</ele></trkpt>
      <trkpt lat="22.3981359462" lon="114.2716638386"><ele>228.000</ele></trkpt>
      <trkpt lat="22.3981240216" lon="114.2716265727"><ele>227.000</ele></trkpt>
      <trkpt lat="22.3980977654" lon="114.2715803043"><ele>224.000</ele></trkpt>
      <trkpt lat="22.3980768804" lon="114.2715436752"><ele>229.000</ele></trkpt>
      <trkpt lat="22.3980613693" lon="114.2715102613"><ele>229.000</ele></trkpt>
      <trkpt lat="22.3980458582" lon="114.2714768474"><ele>227.000</ele></trkpt>
      <trkpt lat="22.3980237930" lon="114.2714151650"><ele>230.000</ele></trkpt>
      <trkpt lat="22.3980148568" lon="114.2713759744"><ele>226.000</ele></trkpt>
      <trkpt lat="22.3980106951" lon="114.2713412834"><ele>229.000</ele></trkpt>
      <trkpt lat="22.3980083225" lon="114.2713123749"><ele>232.000</ele></trkpt>
      <trkpt lat="22.3980113304" lon="114.2712770468"><ele>232.000</ele></trkpt>
      <trkpt lat="22.3980137383" lon="114.2712455728"><ele>233.000</ele></trkpt>
      <trkpt lat="22.3980179422" lon="114.2712063911"><ele>230.000</ele></trkpt>
      <trkpt lat="22.3980221402" lon="114.2711774869"><ele>230.000</ele></trkpt>
      <trkpt lat="22.3980167884" lon="114.2711363710"><ele>230.000</ele></trkpt>
      <trkpt lat="22.3980060621" lon="114.2710926828"><ele>228.000</ele></trkpt>
      <trkpt lat="22.3979875681" lon="114.2710515581"><ele>233.000</ele></trkpt>
      <trkpt lat="22.3979613142" lon="114.2710027212"><ele>233.000</ele></trkpt>
      <trkpt lat="22.3979434181" lon="114.2709615969"><ele>236.000</ele></trkpt>
      <trkpt lat="22.3979273114" lon="114.2709256140"><ele>236.000</ele></trkpt>
      <trkpt lat="22.3979159840" lon="114.2708877067"><ele>234.000</ele></trkpt>
      <trkpt lat="22.3979064472" lon="114.2708530121"><ele>237.000</ele></trkpt>
      <trkpt lat="22.3979028812" lon="114.2708215331"><ele>238.000</ele></trkpt>
      <trkpt lat="22.3979034955" lon="114.2707932695"><ele>238.000</ele></trkpt>
      <trkpt lat="22.3979082892" lon="114.2707662935"><ele>235.000</ele></trkpt>
      <trkpt lat="22.3979190582" lon="114.2707380357"><ele>235.000</ele></trkpt>
      <trkpt lat="22.3979334091" lon="114.2707123509"><ele>235.000</ele></trkpt>
      <trkpt lat="22.3979519358" lon="114.2706956617"><ele>235.000</ele></trkpt>
      <trkpt lat="22.3979746414" lon="114.2706828297"><ele>240.000</ele></trkpt>
      <trkpt lat="22.3979961498" lon="114.2706757781"><ele>236.000</ele></trkpt>
      <trkpt lat="22.3980331883" lon="114.2706680940"><ele>238.000</ele></trkpt>
      <trkpt lat="22.3980696300" lon="114.2706604105"><ele>239.000</ele></trkpt>
      <trkpt lat="22.3981174215" lon="114.2706520918"><ele>242.000</ele></trkpt>
      <trkpt lat="22.3981610304" lon="114.2706463398"><ele>246.000</ele></trkpt>
      <trkpt lat="22.3982016505" lon="114.2706431545"><ele>249.000</ele></trkpt>
      <trkpt lat="22.3982386868" lon="114.2706393259"><ele>249.000</ele></trkpt>
      <trkpt lat="22.3983288873" lon="114.2706342471"><ele>252.000</ele></trkpt>
      <trkpt lat="22.3983993740" lon="114.2706310828"><ele>250.000</ele></trkpt>
      <trkpt lat="22.3984758321" lon="114.2706317761"><ele>246.000</ele></trkpt>
      <trkpt lat="22.3985678179" lon="114.2706376190"><ele>249.000</ele></trkpt>
      <trkpt lat="22.3986723466" lon="114.2706441132"><ele>250.000</ele></trkpt>
      <trkpt lat="22.3987691128" lon="114.2706473898"><ele>257.000</ele></trkpt>
      <trkpt lat="22.3988413867" lon="114.2706519347"><ele>261.000</ele></trkpt>
      <trkpt lat="22.3988993285" lon="114.2706513316"><ele>261.000</ele></trkpt>
      <trkpt lat="22.3989256127" lon="114.2706481367"><ele>262.000</ele></trkpt>
      <trkpt lat="22.3989441316" lon="114.2706449375"><ele>262.000</ele></trkpt>
      <trkpt lat="22.3989632539" lon="114.2706321031"><ele>254.000</ele></trkpt>
      <trkpt lat="22.3989823788" lon="114.2706147722"><ele>256.000</ele></trkpt>
      <trkpt lat="22.3990003116" lon="114.2705929431"><ele>256.000</ele></trkpt>
      <trkpt lat="22.3990242227" lon="114.2705614832"><ele>256.000</ele></trkpt>
      <trkpt lat="22.3990523226" lon="114.2705184627"><ele>256.000</ele></trkpt>
      <trkpt lat="22.3991079235" lon="114.2704324213"><ele>259.000</ele></trkpt>
      <trkpt lat="22.3991587427" lon="114.2703528007"><ele>259.000</ele></trkpt>
      <trkpt lat="22.3991820602" lon="114.2703155592"><ele>262.000</ele></trkpt>
      <trkpt lat="22.3991999974" lon="114.2702860210"><ele>266.000</ele></trkpt>
      <trkpt lat="22.3992227254" lon="114.2702359317"><ele>263.000</ele></trkpt>
      <trkpt lat="22.3992478423" lon="114.2701852001"><ele>267.000</ele></trkpt>
      <trkpt lat="22.3992717582" lon="114.2701453892"><ele>262.000</ele></trkpt>
      <trkpt lat="22.3993034391" lon="114.2701075103"><ele>267.000</ele></trkpt>
      <trkpt lat="22.3993416913" lon="114.2700670660"><ele>263.000</ele></trkpt>
      <trkpt lat="22.3993763521" lon="114.2700388238"><ele>262.000</ele></trkpt>
      <trkpt lat="22.3994480600" lon="114.2699913357"><ele>264.000</ele></trkpt>
      <trkpt lat="22.3994988504" lon="114.2699611784"><ele>265.000</ele></trkpt>
      <trkpt lat="22.3995352972" lon="114.2699445009"><ele>264.000</ele></trkpt>
      <trkpt lat="22.3995603896" lon="114.2699361666"><ele>264.000</ele></trkpt>
      <trkpt lat="22.3995884656" lon="114.2699342576"><ele>264.000</ele></trkpt>
      <trkpt lat="22.3996147461" lon="114.2699374877"><ele>266.000</ele></trkpt>
      <trkpt lat="22.3996428153" lon="114.2699458573"><ele>267.000</ele></trkpt>
      <trkpt lat="22.3996655088" lon="114.2699555082"><ele>268.000</ele></trkpt>
      <trkpt lat="22.3996870035" lon="114.2699722244"><ele>268.000</ele></trkpt>
      <trkpt lat="22.3997150660" lon="114.2699921566"><ele>268.000</ele></trkpt>
      <trkpt lat="22.3997401392" lon="114.2700172261"><ele>268.000</ele></trkpt>
      <trkpt lat="22.3997634224" lon="114.2700410096"><ele>268.000</ele></trkpt>
      <trkpt lat="22.3997819220" lon="114.2700712132"><ele>271.000</ele></trkpt>
      <trkpt lat="22.3997998240" lon="114.2701027021"><ele>272.000</ele></trkpt>
      <trkpt lat="22.3998171351" lon="114.2701219852"><ele>272.000</ele></trkpt>
      <trkpt lat="22.3998422087" lon="114.2701464119"><ele>272.000</ele></trkpt>
      <trkpt lat="22.3998672859" lon="114.2701644154"><ele>270.000</ele></trkpt>
      <trkpt lat="22.3998953493" lon="114.2701843476"><ele>270.000</ele></trkpt>
      <trkpt lat="22.3999198326" lon="114.2701972114"><ele>273.000</ele></trkpt>
      <trkpt lat="22.3999496910" lon="114.2702113645"><ele>275.000</ele></trkpt>
      <trkpt lat="22.3999914954" lon="114.2702261666"><ele>276.000</ele></trkpt>
      <trkpt lat="22.4000225500" lon="114.2702377499"><ele>275.000</ele></trkpt>
      <trkpt lat="22.4000577835" lon="114.2702531905"><ele>276.000</ele></trkpt>
      <trkpt lat="22.4000828593" lon="114.2702737637"><ele>276.000</ele></trkpt>
      <trkpt lat="22.4001019607" lon="114.2702969026"><ele>273.000</ele></trkpt>
      <trkpt lat="22.4001216599" lon="114.2703187561"><ele>273.000</ele></trkpt>
      <trkpt lat="22.4001550958" lon="114.2703444743"><ele>274.000</ele></trkpt>
      <trkpt lat="22.4001903263" lon="114.2703650533"><ele>275.000</ele></trkpt>
      <trkpt lat="22.4002189929" lon="114.2703740664"><ele>275.000</ele></trkpt>
      <trkpt lat="22.4002506459" lon="114.2703830805"><ele>277.000</ele></trkpt>
      <trkpt lat="22.4002775246" lon="114.2703856681"><ele>275.000</ele></trkpt>
      <trkpt lat="22.4003151535" lon="114.2703908327"><ele>275.000</ele></trkpt>
      <trkpt lat="22.4003480038" lon="114.2703953511"><ele>274.000</ele></trkpt>
      <trkpt lat="22.4003766694" lon="114.2704075758"><ele>274.000</ele></trkpt>
      <trkpt lat="22.4004017474" lon="114.2704242946"><ele>274.000</ele></trkpt>
      <trkpt lat="22.4004292133" lon="114.2704435836"><ele>274.000</ele></trkpt>
      <trkpt lat="22.4004590628" lon="114.2704731540"><ele>277.000</ele></trkpt>
      <trkpt lat="22.4004781757" lon="114.2704763784"><ele>277.000</ele></trkpt>
      <trkpt lat="22.4005020716" lon="114.2704712551"><ele>281.000</ele></trkpt>
      <trkpt lat="22.4005265682" lon="114.2704609937"><ele>281.000</ele></trkpt>
      <trkpt lat="22.4005564463" lon="114.2704411001"><ele>280.000</ele></trkpt>
      <trkpt lat="22.4005809497" lon="114.2704192752"><ele>278.000</ele></trkpt>
      <trkpt lat="22.4006072439" lon="114.2703987362"><ele>276.000</ele></trkpt>
      <trkpt lat="22.4006311513" lon="114.2703736993"><ele>272.000</ele></trkpt>
      <trkpt lat="22.4006496829" lon="114.2703499435"><ele>274.000</ele></trkpt>
      <trkpt lat="22.4006592551" lon="114.2703236130"><ele>273.000</ele></trkpt>
      <trkpt lat="22.4006622597" lon="114.2702921378"><ele>273.000</ele></trkpt>
      <trkpt lat="22.4006569073" lon="114.2702516641"><ele>273.000</ele></trkpt>
      <trkpt lat="22.4006312586" lon="114.2701880516"><ele>273.000</ele></trkpt>
      <trkpt lat="22.4006115780" lon="114.2701340780"><ele>272.000</ele></trkpt>
      <trkpt lat="22.4006002525" lon="114.2700923154"><ele>272.000</ele></trkpt>
      <trkpt lat="22.4005919136" lon="114.2700518397"><ele>272.000</ele></trkpt>
      <trkpt lat="22.4005949230" lon="114.2700120136"><ele>272.000</ele></trkpt>
      <trkpt lat="22.4006045034" lon="114.2699728356"><ele>270.000</ele></trkpt>
      <trkpt lat="22.4006146732" lon="114.2699452197"><ele>268.000</ele></trkpt>
      <trkpt lat="22.4006308183" lon="114.2699163230"><ele>268.000</ele></trkpt>
      <trkpt lat="22.4006457622" lon="114.2698970612"><ele>268.000</ele></trkpt>
      <trkpt lat="22.4006690719" lon="114.2698733086"><ele>268.000</ele></trkpt>
      <trkpt lat="22.4006941718" lon="114.2698534117"><ele>268.000</ele></trkpt>
      <trkpt lat="22.4007425728" lon="114.2698232525"><ele>268.000</ele></trkpt>
      <trkpt lat="22.4008047190" lon="114.2697821807"><ele>268.000</ele></trkpt>
      <trkpt lat="22.4008381821" lon="114.2697590777"><ele>266.000</ele></trkpt>
      <trkpt lat="22.4008656760" lon="114.2697314732"><ele>266.000</ele></trkpt>
      <trkpt lat="22.4008997447" lon="114.2696948802"><ele>262.000</ele></trkpt>
      <trkpt lat="22.4009284397" lon="114.2696544290"><ele>261.000</ele></trkpt>
      <trkpt lat="22.4009565395" lon="114.2696094800"><ele>261.000</ele></trkpt>
      <trkpt lat="22.4009816564" lon="114.2695600335"><ele>260.000</ele></trkpt>
      <trkpt lat="22.4010085736" lon="114.2694938861"><ele>258.000</ele></trkpt>
      <trkpt lat="22.4010325082" lon="114.2694225973"><ele>258.000</ele></trkpt>
      <trkpt lat="22.4010540389" lon="114.2693750751"><ele>258.000</ele></trkpt>
      <trkpt lat="22.4010869203" lon="114.2693269175"><ele>256.000</ele></trkpt>
      <trkpt lat="22.4011257809" lon="114.2692659173"><ele>255.000</ele></trkpt>
      <trkpt lat="22.4011568679" lon="114.2692209702"><ele>254.000</ele></trkpt>
      <trkpt lat="22.4011801924" lon="114.2691708794"><ele>254.000</ele></trkpt>
      <trkpt lat="22.4011945423" lon="114.2691464787"><ele>254.000</ele></trkpt>
      <trkpt lat="22.4012017279" lon="114.2691162909"><ele>254.000</ele></trkpt>
      <trkpt lat="22.4012017506" lon="114.2690764636"><ele>254.000</ele></trkpt>
      <trkpt lat="22.4012041771" lon="114.2690115837"><ele>252.000</ele></trkpt>
      <trkpt lat="22.4012054055" lon="114.2689524854"><ele>250.000</ele></trkpt>
      <trkpt lat="22.4012054286" lon="114.2689120151"><ele>250.000</ele></trkpt>
      <trkpt lat="22.4012096291" lon="114.2688779718"><ele>250.000</ele></trkpt>
      <trkpt lat="22.4012221920" lon="114.2688452179"><ele>250.000</ele></trkpt>
      <trkpt lat="22.4012383397" lon="114.2688098976"><ele>250.000</ele></trkpt>
      <trkpt lat="22.4012568728" lon="114.2687816450"><ele>250.000</ele></trkpt>
      <trkpt lat="22.4012855712" lon="114.2687347693"><ele>248.000</ele></trkpt>
      <trkpt lat="22.4013214388" lon="114.2686866144"><ele>246.000</ele></trkpt>
      <trkpt lat="22.4013602946" lon="114.2686352489"><ele>246.000</ele></trkpt>
      <trkpt lat="22.4013949618" lon="114.2685954442"><ele>242.000</ele></trkpt>
      <trkpt lat="22.4014577212" lon="114.2685267493"><ele>244.000</ele></trkpt>
      <trkpt lat="22.4015049344" lon="114.2684837411"><ele>242.000</ele></trkpt>
      <trkpt lat="22.4015425969" lon="114.2684298049"><ele>246.000</ele></trkpt>
      <trkpt lat="22.4015653190" lon="114.2683874226"><ele>247.000</ele></trkpt>
      <trkpt lat="22.4015946261" lon="114.2683212753"><ele>248.000</ele></trkpt>
      <trkpt lat="22.4016155722" lon="114.2682512689"><ele>246.000</ele></trkpt>
      <trkpt lat="22.4016329293" lon="114.2681896112"><ele>246.000</ele></trkpt>
      <trkpt lat="22.4016473026" lon="114.2681234551"><ele>246.000</ele></trkpt>
      <trkpt lat="22.4016568953" lon="114.2680617923"><ele>246.000</ele></trkpt>
      <trkpt lat="22.4016593165" lon="114.2680039784"><ele>244.000</ele></trkpt>
      <trkpt lat="22.4016593480" lon="114.2679480907"><ele>245.000</ele></trkpt>
      <trkpt lat="22.4016563945" lon="114.2678896314"><ele>246.000</ele></trkpt>
      <trkpt lat="22.4016522431" lon="114.2678369536"><ele>246.000</ele></trkpt>
      <trkpt lat="22.4016427139" lon="114.2677874830"><ele>246.000</ele></trkpt>
      <trkpt lat="22.4016331788" lon="114.2677470064"><ele>246.000</ele></trkpt>
      <trkpt lat="22.4016236378" lon="114.2677187354"><ele>244.000</ele></trkpt>
      <trkpt lat="22.4016087282" lon="114.2676756855"><ele>244.000</ele></trkpt>
      <trkpt lat="22.4015944168" lon="114.2676319942"><ele>244.000</ele></trkpt>
      <trkpt lat="22.4015735392" lon="114.2675805895"><ele>243.000</ele></trkpt>
      <trkpt lat="22.4015568369" lon="114.2675394663"><ele>242.000</ele></trkpt>
      <trkpt lat="22.4015395341" lon="114.2675047660"><ele>243.000</ele></trkpt>
      <trkpt lat="22.4015234220" lon="114.2674771327"><ele>240.000</ele></trkpt>
      <trkpt lat="22.4015025278" lon="114.2674552786"><ele>240.000</ele></trkpt>
      <trkpt lat="22.4014804388" lon="114.2674334228"><ele>240.000</ele></trkpt>
      <trkpt lat="22.4014559643" lon="114.2674044992"><ele>240.000</ele></trkpt>
      <trkpt lat="22.4014273108" lon="114.2673717194"><ele>240.000</ele></trkpt>
      <trkpt lat="22.4014010490" lon="114.2673350866"><ele>240.000</ele></trkpt>
      <trkpt lat="22.4013747887" lon="114.2672939563"><ele>240.000</ele></trkpt>
      <trkpt lat="22.4013503257" lon="114.2672444771"><ele>238.000</ele></trkpt>
      <trkpt lat="22.4013258571" lon="114.2672065607"><ele>238.000</ele></trkpt>
      <trkpt lat="22.4012954204" lon="114.2671570767"><ele>240.000</ele></trkpt>
      <trkpt lat="22.4012685614" lon="114.2671191587"><ele>240.000</ele></trkpt>
      <trkpt lat="22.4012476735" lon="114.2670857411"><ele>238.000</ele></trkpt>
      <trkpt lat="22.4012267907" lon="114.2670433305"><ele>238.000</ele></trkpt>
      <trkpt lat="22.4012083002" lon="114.2669957821"><ele>240.000</ele></trkpt>
      <trkpt lat="22.4011898143" lon="114.2669398827"><ele>239.000</ele></trkpt>
      <trkpt lat="22.4011778919" lon="114.2668968350"><ele>242.000</ele></trkpt>
      <trkpt lat="22.4011653719" lon="114.2668531450"><ele>242.000</ele></trkpt>
      <trkpt lat="22.4011600232" lon="114.2668043202"><ele>240.000</ele></trkpt>
      <trkpt lat="22.4011636353" lon="114.2667542164"><ele>238.000</ele></trkpt>
      <trkpt lat="22.4011702327" lon="114.2667060422"><ele>238.000</ele></trkpt>
      <trkpt lat="22.4011774270" lon="114.2666578674"><ele>239.000</ele></trkpt>
      <trkpt lat="22.4011882083" lon="114.2666045566"><ele>240.000</ele></trkpt>
      <trkpt lat="22.4012013792" lon="114.2665525320"><ele>239.000</ele></trkpt>
      <trkpt lat="22.4012282899" lon="114.2664960189"><ele>238.000</ele></trkpt>
      <trkpt lat="22.4012605769" lon="114.2664401520"><ele>238.000</ele></trkpt>
      <trkpt lat="22.4012970396" lon="114.2663939237"><ele>238.000</ele></trkpt>
      <trkpt lat="22.4013364841" lon="114.2663560484"><ele>238.000</ele></trkpt>
      <trkpt lat="22.4013747334" lon="114.2663207419"><ele>238.000</ele></trkpt>
      <trkpt lat="22.4014087978" lon="114.2662905712"><ele>238.000</ele></trkpt>
      <trkpt lat="22.4014428614" lon="114.2662616863"><ele>238.000</ele></trkpt>
      <trkpt lat="22.4014715506" lon="114.2662302272"><ele>238.000</ele></trkpt>
      <trkpt lat="22.4015145811" lon="114.2661891424"><ele>240.000</ele></trkpt>
      <trkpt lat="22.4015534283" lon="114.2661519085"><ele>240.000</ele></trkpt>
      <trkpt lat="22.4015839097" lon="114.2661210934"><ele>240.000</ele></trkpt>
      <trkpt lat="22.4016460617" lon="114.2660678151"><ele>236.000</ele></trkpt>
      <trkpt lat="22.4016849076" lon="114.2660312240"><ele>236.000</ele></trkpt>
      <trkpt lat="22.4017064250" lon="114.2660074694"><ele>236.000</ele></trkpt>
      <trkpt lat="22.4017273471" lon="114.2659792170"><ele>234.000</ele></trkpt>
      <trkpt lat="22.4017393091" lon="114.2659509598"><ele>235.000</ele></trkpt>
      <trkpt lat="22.4017524740" lon="114.2659079280"><ele>239.000</ele></trkpt>
      <trkpt lat="22.4017590587" lon="114.2658822370"><ele>239.000</ele></trkpt>
      <trkpt lat="22.4017680375" lon="114.2658481966"><ele>240.000</ele></trkpt>
      <trkpt lat="22.4017817910" lon="114.2658218673"><ele>240.000</ele></trkpt>
      <trkpt lat="22.4017913582" lon="114.2658032435"><ele>240.000</ele></trkpt>
      <trkpt lat="22.4018128792" lon="114.2657730655"><ele>240.000</ele></trkpt>
      <trkpt lat="22.4018421603" lon="114.2657506006"><ele>240.000</ele></trkpt>
      <trkpt lat="22.4018798017" lon="114.2657332795"><ele>238.000</ele></trkpt>
      <trkpt lat="22.4019246097" lon="114.2657191756"><ele>235.000</ele></trkpt>
      <trkpt lat="22.4019640435" lon="114.2657005717"><ele>232.000</ele></trkpt>
      <trkpt lat="22.4019963104" lon="114.2656806784"><ele>232.000</ele></trkpt>
      <trkpt lat="22.4020166318" lon="114.2656575649"><ele>232.000</ele></trkpt>
      <trkpt lat="22.4020369587" lon="114.2656261012"><ele>232.000</ele></trkpt>
      <trkpt lat="22.4020560922" lon="114.2655920661"><ele>232.000</ele></trkpt>
      <trkpt lat="22.4020740312" lon="114.2655561045"><ele>234.000</ele></trkpt>
      <trkpt lat="22.4020871923" lon="114.2655214236"><ele>232.000</ele></trkpt>
      <trkpt lat="22.4020991510" lon="114.2654989477"><ele>232.000</ele></trkpt>
      <trkpt lat="22.4021123028" lon="114.2654796841"><ele>231.000</ele></trkpt>
      <trkpt lat="22.4021290394" lon="114.2654591380"><ele>230.000</ele></trkpt>
      <trkpt lat="22.4021404006" lon="114.2654379465"><ele>228.000</ele></trkpt>
      <trkpt lat="22.4021439972" lon="114.2654135384"><ele>228.000</ele></trkpt>
      <trkpt lat="22.4021434151" lon="114.2653865570"><ele>228.000</ele></trkpt>
      <trkpt lat="22.4021428345" lon="114.2653550801"><ele>228.000</ele></trkpt>
      <trkpt lat="22.4021428897" lon="114.2652542242"><ele>230.000</ele></trkpt>
      <trkpt lat="22.4021387497" lon="114.2651790627"><ele>228.000</ele></trkpt>
      <trkpt lat="22.4021387725" lon="114.2651373073"><ele>228.000</ele></trkpt>
      <trkpt lat="22.4021447725" lon="114.2650891314"><ele>226.000</ele></trkpt>
      <trkpt lat="22.4021465901" lon="114.2650415957"><ele>226.000</ele></trkpt>
      <trkpt lat="22.4021484099" lon="114.2649914913"><ele>226.000</ele></trkpt>
      <trkpt lat="22.4021460523" lon="114.2649330322"><ele>226.000</ele></trkpt>
      <trkpt lat="22.4021472891" lon="114.2648559464"><ele>228.000</ele></trkpt>
      <trkpt lat="22.4021437346" lon="114.2648013401"><ele>228.000</ele></trkpt>
      <trkpt lat="22.4021473492" lon="114.2647454545"><ele>228.000</ele></trkpt>
      <trkpt lat="22.4021515506" lon="114.2647081992"><ele>228.000</ele></trkpt>
      <trkpt lat="22.4021635193" lon="114.2646670932"><ele>228.000</ele></trkpt>
      <trkpt lat="22.4021802656" lon="114.2646285609"><ele>226.000</ele></trkpt>
      <trkpt lat="22.4022017912" lon="114.2645893887"><ele>226.000</ele></trkpt>
      <trkpt lat="22.4022191344" lon="114.2645508558"><ele>226.000</ele></trkpt>
      <trkpt lat="22.4022352763" lon="114.2645245278"><ele>226.000</ele></trkpt>
      <trkpt lat="22.4022597813" lon="114.2644982050"><ele>226.000</ele></trkpt>
      <trkpt lat="22.4022878674" lon="114.2644757391"><ele>224.000</ele></trkpt>
      <trkpt lat="22.4023153538" lon="114.2644603390"><ele>224.000</ele></trkpt>
      <trkpt lat="22.4023482116" lon="114.2644513665"><ele>224.000</ele></trkpt>
      <trkpt lat="22.4023876379" lon="114.2644462518"><ele>224.000</ele></trkpt>
      <trkpt lat="22.4024276655" lon="114.2644347141"><ele>224.000</ele></trkpt>
      <trkpt lat="22.4024748639" lon="114.2644186834"><ele>225.000</ele></trkpt>
      <trkpt lat="22.4025053343" lon="114.2644058549"><ele>226.000</ele></trkpt>
      <trkpt lat="22.4025358037" lon="114.2643949531"><ele>226.000</ele></trkpt>
      <trkpt lat="22.4025614951" lon="114.2643840493"><ele>226.000</ele></trkpt>
      <trkpt lat="22.4025925675" lon="114.2643635120"><ele>224.000</ele></trkpt>
      <trkpt lat="22.4026272248" lon="114.2643416920"><ele>224.000</ele></trkpt>
      <trkpt lat="22.4026529189" lon="114.2643256488"><ele>224.000</ele></trkpt>
      <trkpt lat="22.4026696458" lon="114.2643211627"><ele>224.000</ele></trkpt>
      <trkpt lat="22.4026827861" lon="114.2643243826"><ele>224.000</ele></trkpt>
      <trkpt lat="22.4026947263" lon="114.2643359529"><ele>224.000</ele></trkpt>
      <trkpt lat="22.4027120336" lon="114.2643635868"><ele>224.000</ele></trkpt>
      <trkpt lat="22.4027484454" lon="114.2644105047"><ele>222.000</ele></trkpt>
      <trkpt lat="22.4027681432" lon="114.2644362123"><ele>222.000</ele></trkpt>
      <trkpt lat="22.4027902319" lon="114.2644593518"><ele>222.000</ele></trkpt>
      <trkpt lat="22.4028188919" lon="114.2644812114"><ele>224.000</ele></trkpt>
      <trkpt lat="22.4028553203" lon="114.2644972946"><ele>224.000</ele></trkpt>
      <trkpt lat="22.4028833896" lon="114.2645075901"><ele>224.000</ele></trkpt>
      <trkpt lat="22.4029138479" lon="114.2645172453"><ele>226.000</ele></trkpt>
      <trkpt lat="22.4029389308" lon="114.2645275389"><ele>224.000</ele></trkpt>
      <trkpt lat="22.4029675949" lon="114.2645416895"><ele>224.000</ele></trkpt>
      <trkpt lat="22.4030225331" lon="114.2645712739"><ele>224.000</ele></trkpt>
      <trkpt lat="22.4030667230" lon="114.2645944282"><ele>224.000</ele></trkpt>
      <trkpt lat="22.4031174817" lon="114.2646207984"><ele>226.000</ele></trkpt>
      <trkpt lat="22.4031628649" lon="114.2646465223"><ele>227.000</ele></trkpt>
      <trkpt lat="22.4032040709" lon="114.2646651783"><ele>226.000</ele></trkpt>
      <trkpt lat="22.4032399000" lon="114.2646838299"><ele>228.000</ele></trkpt>
      <trkpt lat="22.4032846912" lon="114.2647005604"><ele>228.000</ele></trkpt>
      <trkpt lat="22.4033169417" lon="114.2647108586"><ele>228.000</ele></trkpt>
      <trkpt lat="22.4033450136" lon="114.2647147309"><ele>228.000</ele></trkpt>
      <trkpt lat="22.4033701000" lon="114.2647186003"><ele>230.000</ele></trkpt>
      <trkpt lat="22.4033963827" lon="114.2647179749"><ele>228.000</ele></trkpt>
      <trkpt lat="22.4034232642" lon="114.2647154220"><ele>228.000</ele></trkpt>
      <trkpt lat="22.4034489508" lon="114.2647115845"><ele>228.000</ele></trkpt>
      <trkpt lat="22.4034794201" lon="114.2647026096"><ele>228.000</ele></trkpt>
      <trkpt lat="22.4035164629" lon="114.2646865735"><ele>228.000</ele></trkpt>
      <trkpt lat="22.4035493251" lon="114.2646711767"><ele>228.000</ele></trkpt>
      <trkpt lat="22.4035881616" lon="114.2646512860"><ele>228.000</ele></trkpt>
      <trkpt lat="22.4036180365" lon="114.2646358873"><ele>228.000</ele></trkpt>
      <trkpt lat="22.4036395453" lon="114.2646275497"><ele>228.000</ele></trkpt>
      <trkpt lat="22.4036526868" lon="114.2646269160"><ele>228.000</ele></trkpt>
      <trkpt lat="22.4036688133" lon="114.2646288529"><ele>228.000</ele></trkpt>
      <trkpt lat="22.4036837453" lon="114.2646320750"><ele>228.000</ele></trkpt>
      <trkpt lat="22.4036968844" lon="114.2646359369"><ele>228.000</ele></trkpt>
      <trkpt lat="22.4037028588" lon="114.2646346557"><ele>228.000</ele></trkpt>
      <trkpt lat="22.4037058490" lon="114.2646275913"><ele>228.000</ele></trkpt>
      <trkpt lat="22.4037034700" lon="114.2646083187"><ele>226.000</ele></trkpt>
      <trkpt lat="22.4036915542" lon="114.2645517798"><ele>229.000</ele></trkpt>
      <trkpt lat="22.4036855935" lon="114.2645280074"><ele>229.000</ele></trkpt>
      <trkpt lat="22.4036832134" lon="114.2645106616"><ele>232.000</ele></trkpt>
      <trkpt lat="22.4036921836" lon="114.2644920370"><ele>232.000</ele></trkpt>
      <trkpt lat="22.4037023495" lon="114.2644714874"><ele>232.000</ele></trkpt>
      <trkpt lat="22.4037166969" lon="114.2644502975"><ele>234.000</ele></trkpt>
      <trkpt lat="22.4037232765" lon="114.2644335992"><ele>234.000</ele></trkpt>
      <trkpt lat="22.4037208957" lon="114.2644175373"><ele>236.000</ele></trkpt>
      <trkpt lat="22.4037155293" lon="114.2644001896"><ele>236.000</ele></trkpt>
      <trkpt lat="22.4037113583" lon="114.2643815569"><ele>236.000</ele></trkpt>
      <trkpt lat="22.4037125613" lon="114.2643661401"><ele>239.000</ele></trkpt>
      <trkpt lat="22.4037125711" lon="114.2643481529"><ele>239.000</ele></trkpt>
      <trkpt lat="22.4037143742" lon="114.2643269551"><ele>239.000</ele></trkpt>
      <trkpt lat="22.4037102025" lon="114.2643096082"><ele>243.000</ele></trkpt>
      <trkpt lat="22.4037012497" lon="114.2642961119"><ele>242.000</ele></trkpt>
      <trkpt lat="22.4036922987" lon="114.2642794040"><ele>242.000</ele></trkpt>
      <trkpt lat="22.4036821580" lon="114.2642549870"><ele>242.000</ele></trkpt>
      <trkpt lat="22.4036738053" lon="114.2642357097"><ele>242.000</ele></trkpt>
      <trkpt lat="22.4036606707" lon="114.2642234957"><ele>242.000</ele></trkpt>
      <trkpt lat="22.4036505232" lon="114.2642099987"><ele>242.000</ele></trkpt>
      <trkpt lat="22.4036451540" lon="114.2641977905"><ele>242.000</ele></trkpt>
      <trkpt lat="22.4036439679" lon="114.2641817293"><ele>242.000</ele></trkpt>
      <trkpt lat="22.4036457686" lon="114.2641650281"><ele>242.000</ele></trkpt>
      <trkpt lat="22.4036499607" lon="114.2641464015"><ele>242.000</ele></trkpt>
      <trkpt lat="22.4036571396" lon="114.2641252071"><ele>244.000</ele></trkpt>
      <trkpt lat="22.4036583423" lon="114.2641104323"><ele>244.000</ele></trkpt>
      <trkpt lat="22.4036565594" lon="114.2640943718"><ele>244.000</ele></trkpt>
      <trkpt lat="22.4036470112" lon="114.2640763786"><ele>245.000</ele></trkpt>
      <trkpt lat="22.4036338787" lon="114.2640603110"><ele>245.000</ele></trkpt>
      <trkpt lat="22.4036195508" lon="114.2640455265"><ele>245.000</ele></trkpt>
      <trkpt lat="22.4036082101" lon="114.2640307439"><ele>246.000</ele></trkpt>
      <trkpt lat="22.4035998549" lon="114.2640159641"><ele>246.000</ele></trkpt>
      <trkpt lat="22.4035909032" lon="114.2640005411"><ele>246.000</ele></trkpt>
      <trkpt lat="22.4035813504" lon="114.2639928259"><ele>246.000</ele></trkpt>
      <trkpt lat="22.4035670169" lon="114.2639883204"><ele>246.000</ele></trkpt>
      <trkpt lat="22.4035329720" lon="114.2639831597"><ele>246.000</ele></trkpt>
      <trkpt lat="22.4034965377" lon="114.2639779984"><ele>246.000</ele></trkpt>
      <trkpt lat="22.4034774249" lon="114.2639741319"><ele>247.000</ele></trkpt>
      <trkpt lat="22.4034654781" lon="114.2639747664"><ele>247.000</ele></trkpt>
      <trkpt lat="22.4034529325" lon="114.2639773283"><ele>247.000</ele></trkpt>
      <trkpt lat="22.4034391938" lon="114.2639766778"><ele>247.000</ele></trkpt>
      <trkpt lat="22.4034176942" lon="114.2639695981"><ele>248.000</ele></trkpt>
      <trkpt lat="22.4033896245" lon="114.2639599446"><ele>249.000</ele></trkpt>
      <trkpt lat="22.4033633460" lon="114.2639528619"><ele>249.000</ele></trkpt>
      <trkpt lat="22.4033430406" lon="114.2639451401"><ele>247.000</ele></trkpt>
      <trkpt lat="22.4033275160" lon="114.2639354944"><ele>248.000</ele></trkpt>
      <trkpt lat="22.4033197566" lon="114.2639245696"><ele>248.000</ele></trkpt>
      <trkpt lat="22.4033167794" lon="114.2639059376"><ele>248.000</ele></trkpt>
      <trkpt lat="22.4033173865" lon="114.2638885938"><ele>248.000</ele></trkpt>
      <trkpt lat="22.4033156040" lon="114.2638699625"><ele>248.000</ele></trkpt>
      <trkpt lat="22.4033126283" lon="114.2638500467"><ele>248.000</ele></trkpt>
      <trkpt lat="22.4033078598" lon="114.2638307717"><ele>248.000</ele></trkpt>
      <trkpt lat="22.4033060747" lon="114.2638185648"><ele>248.000</ele></trkpt>
      <trkpt lat="22.4033060819" lon="114.2638050751"><ele>248.000</ele></trkpt>
      <trkpt lat="22.4033096697" lon="114.2637967262"><ele>248.000</ele></trkpt>
      <trkpt lat="22.4033174380" lon="114.2637928764"><ele>248.000</ele></trkpt>
      <trkpt lat="22.4033299821" lon="114.2637915994"><ele>248.000</ele></trkpt>
      <trkpt lat="22.4033395386" lon="114.2637941751"><ele>248.000</ele></trkpt>
      <trkpt lat="22.4033490948" lon="114.2637954659"><ele>250.000</ele></trkpt>
      <trkpt lat="22.4033556682" lon="114.2637903305"><ele>250.000</ele></trkpt>
      <trkpt lat="22.4033538805" lon="114.2637813363"><ele>249.000</ele></trkpt>
      <trkpt lat="22.4033455272" lon="114.2637646288"><ele>248.000</ele></trkpt>
      <trkpt lat="22.4033294156" lon="114.2637350687"><ele>250.000</ele></trkpt>
      <trkpt lat="22.4033180764" lon="114.2637157896"><ele>250.000</ele></trkpt>
      <trkpt lat="22.4033031612" lon="114.2636830186"><ele>252.000</ele></trkpt>
      <trkpt lat="22.4032930185" lon="114.2636605286"><ele>251.000</ele></trkpt>
      <trkpt lat="22.4032822731" lon="114.2636470313"><ele>251.000</ele></trkpt>
      <trkpt lat="22.4032625803" lon="114.2636116876"><ele>252.000</ele></trkpt>
      <trkpt lat="22.4032530181" lon="114.2635945249"><ele>252.000</ele></trkpt>
      <trkpt lat="22.4032425667" lon="114.2635783764"><ele>252.000</ele></trkpt>
      <trkpt lat="22.4032316599" lon="114.2635612507"><ele>252.000</ele></trkpt>
      <trkpt lat="22.4032262068" lon="114.2635519532"><ele>252.000</ele></trkpt>
      <trkpt lat="22.4032234841" lon="114.2635402129"><ele>254.000</ele></trkpt>
      <trkpt lat="22.4032234907" lon="114.2635279848"><ele>254.000</ele></trkpt>
      <trkpt lat="22.4032230435" lon="114.2635147775"><ele>254.000</ele></trkpt>
      <trkpt lat="22.4032166808" lon="114.2635059698"><ele>254.000</ele></trkpt>
      <trkpt lat="22.4032103175" lon="114.2634966717"><ele>256.000</ele></trkpt>
      <trkpt lat="22.4032039562" lon="114.2634854176"><ele>256.000</ele></trkpt>
      <trkpt lat="22.4032025999" lon="114.2634717213"><ele>256.000</ele></trkpt>
      <trkpt lat="22.4032071552" lon="114.2634575400"><ele>256.000</ele></trkpt>
      <trkpt lat="22.4032117123" lon="114.2634418904"><ele>256.000</ele></trkpt>
      <trkpt lat="22.4032199071" lon="114.2634257545"><ele>258.000</ele></trkpt>
      <trkpt lat="22.4032299210" lon="114.2634105968"><ele>258.000</ele></trkpt>
      <trkpt lat="22.4032458483" lon="114.2633949551"><ele>260.000</ele></trkpt>
      <trkpt lat="22.4032599542" lon="114.2633827358"><ele>260.000</ele></trkpt>
      <trkpt lat="22.4032656938" lon="114.2633778757"><ele>260.000</ele></trkpt>
      <trkpt lat="22.4032783493" lon="114.2633708619"><ele>260.000</ele></trkpt>
      <trkpt lat="22.4034477803" lon="114.2633035883"><ele>264.000</ele></trkpt>
      <trkpt lat="22.4034684455" lon="114.2632953830"><ele>264.000</ele></trkpt>
      <trkpt lat="22.4034722962" lon="114.2632884318"><ele>264.000</ele></trkpt>
      <trkpt lat="22.4034879751" lon="114.2632678039"><ele>266.000</ele></trkpt>
      <trkpt lat="22.4034922863" lon="114.2632610957"><ele>266.000</ele></trkpt>
      <trkpt lat="22.4035088104" lon="114.2632303196"><ele>266.000</ele></trkpt>
      <trkpt lat="22.4035235770" lon="114.2632101864"><ele>266.000</ele></trkpt>
      <trkpt lat="22.4035344673" lon="114.2631942852"><ele>268.000</ele></trkpt>
      <trkpt lat="22.4035480787" lon="114.2631726849"><ele>268.000</ele></trkpt>
      <trkpt lat="22.4035640008" lon="114.2631532809"><ele>268.000</ele></trkpt>
      <trkpt lat="22.4035762641" lon="114.2631366230"><ele>270.000</ele></trkpt>
      <trkpt lat="22.4035819479" lon="114.2631299059"><ele>270.000</ele></trkpt>
      <trkpt lat="22.4035942536" lon="114.2631181914"><ele>270.000</ele></trkpt>
      <trkpt lat="22.4036245409" lon="114.2630863166"><ele>270.000</ele></trkpt>
      <trkpt lat="22.4036352307" lon="114.2630736298"><ele>270.000</ele></trkpt>
      <trkpt lat="22.4036515961" lon="114.2630527401"><ele>270.000</ele></trkpt>
      <trkpt lat="22.4036759477" lon="114.2630256107"><ele>270.000</ele></trkpt>
      <trkpt lat="22.4036816227" lon="114.2630183983"><ele>270.000</ele></trkpt>
      <trkpt lat="22.4036927904" lon="114.2630071880"><ele>270.000</ele></trkpt>
      <trkpt lat="22.4036980307" lon="114.2630021994"><ele>270.000</ele></trkpt>
      <trkpt lat="22.4037048696" lon="114.2629969495"><ele>270.000</ele></trkpt>
      <trkpt lat="22.4037311220" lon="114.2629786978"><ele>270.000</ele></trkpt>
      <trkpt lat="22.4037552894" lon="114.2629582305"><ele>272.000</ele></trkpt>
      <trkpt lat="22.4037609818" lon="114.2629522612"><ele>272.000</ele></trkpt>
      <trkpt lat="22.4037730448" lon="114.2629385653"><ele>272.000</ele></trkpt>
      <trkpt lat="22.4037846385" lon="114.2629243932"><ele>272.000</ele></trkpt>
      <trkpt lat="22.4037910094" lon="114.2629161809"><ele>272.000</ele></trkpt>
      <trkpt lat="22.4037955464" lon="114.2629092301"><ele>272.000</ele></trkpt>
      <trkpt lat="22.4038009369" lon="114.2628936265"><ele>272.000</ele></trkpt>
      <trkpt lat="22.4038049380" lon="114.2628755553"><ele>272.000</ele></trkpt>
      <trkpt lat="22.4038105715" lon="114.2628614281"><ele>272.000</ele></trkpt>
      <trkpt lat="22.4038162384" lon="114.2628524870"><ele>272.000</ele></trkpt>
      <trkpt lat="22.4038210099" lon="114.2628460219"><ele>272.000</ele></trkpt>
      <trkpt lat="22.4038415362" lon="114.2628290485"><ele>272.000</ele></trkpt>
      <trkpt lat="22.4038543270" lon="114.2628222775"><ele>274.000</ele></trkpt>
      <trkpt lat="22.4038670376" lon="114.2628135059"><ele>274.000</ele></trkpt>
      <trkpt lat="22.4038706163" lon="114.2628102177"><ele>274.000</ele></trkpt>
      <trkpt lat="22.4038723378" lon="114.2628079627"><ele>274.000</ele></trkpt>
      <trkpt lat="22.4038741568" lon="114.2628058039"><ele>274.000</ele></trkpt>
      <trkpt lat="22.4038760633" lon="114.2628037345"><ele>274.000</ele></trkpt>
      <trkpt lat="22.4038779726" lon="114.2628016681"><ele>274.000</ele></trkpt>
      <trkpt lat="22.4038798845" lon="114.2627996045"><ele>274.000</ele></trkpt>
      <trkpt lat="22.4038818001" lon="114.2627975429"><ele>274.000</ele></trkpt>
      <trkpt lat="22.4038837192" lon="114.2627954852"><ele>274.000</ele></trkpt>
      <trkpt lat="22.4038856411" lon="114.2627934313"><ele>274.000</ele></trkpt>
      <trkpt lat="22.4038875675" lon="114.2627913814"><ele>274.000</ele></trkpt>
      <trkpt lat="22.4038894975" lon="114.2627893353"><ele>274.000</ele></trkpt>
      <trkpt lat="22.4038914311" lon="114.2627872941"><ele>276.000</ele></trkpt>
      <trkpt lat="22.4038933683" lon="114.2627852578"><ele>276.000</ele></trkpt>
      <trkpt lat="22.4038953110" lon="114.2627832273"><ele>276.000</ele></trkpt>
      <trkpt lat="22.4038972572" lon="114.2627812016"><ele>276.000</ele></trkpt>
      <trkpt lat="22.4038992089" lon="114.2627791827"><ele>276.000</ele></trkpt>
      <trkpt lat="22.4039012318" lon="114.2627772416"><ele>276.000</ele></trkpt>
      <trkpt lat="22.4039033468" lon="114.2627754142"><ele>276.000</ele></trkpt>
      <trkpt lat="22.4039055304" lon="114.2627736946"><ele>276.000</ele></trkpt>
      <trkpt lat="22.4039077988" lon="114.2627720964"><ele>276.000</ele></trkpt>
      <trkpt lat="22.4039101295" lon="114.2627706061"><ele>276.000</ele></trkpt>
      <trkpt lat="22.4039124845" lon="114.2627691625"><ele>276.000</ele></trkpt>
      <trkpt lat="22.4039148468" lon="114.2627677246"><ele>276.000</ele></trkpt>
      <trkpt lat="22.4039172252" lon="114.2627663169"><ele>276.000</ele></trkpt>
      <trkpt lat="22.4039196254" lon="114.2627649646"><ele>276.000</ele></trkpt>
      <trkpt lat="22.4039220543" lon="114.2627636889"><ele>276.000</ele></trkpt>
      <trkpt lat="22.4039245564" lon="114.2627625999"><ele>276.000</ele></trkpt>
      <trkpt lat="22.4039271666" lon="114.2627617857"><ele>276.000</ele></trkpt>
      <trkpt lat="22.4039297958" lon="114.2627610550"><ele>276.000</ele></trkpt>
      <trkpt lat="22.4039324177" lon="114.2627603175"><ele>276.000</ele></trkpt>
      <trkpt lat="22.4039350451" lon="114.2627595917"><ele>276.000</ele></trkpt>
      <trkpt lat="22.4039376769" lon="114.2627588941"><ele>276.000</ele></trkpt>
      <trkpt lat="22.4039403169" lon="114.2627582373"><ele>276.000</ele></trkpt>
      <trkpt lat="22.4039429649" lon="114.2627576358"><ele>276.000</ele></trkpt>
      <trkpt lat="22.4039456346" lon="114.2627571693"><ele>276.000</ele></trkpt>
      <trkpt lat="22.4039483385" lon="114.2627569146"><ele>276.000</ele></trkpt>
      <trkpt lat="22.4039510459" lon="114.2627567550"><ele>276.000</ele></trkpt>
      <trkpt lat="22.4039537533" lon="114.2627566479"><ele>276.000</ele></trkpt>
      <trkpt lat="22.4039564616" lon="114.2627565797"><ele>276.000</ele></trkpt>
      <trkpt lat="22.4039591717" lon="114.2627565221"><ele>276.000</ele></trkpt>
      <trkpt lat="22.4039618808" lon="114.2627564509"><ele>276.000</ele></trkpt>
      <trkpt lat="22.4039645873" lon="114.2627563370"><ele>276.000</ele></trkpt>
      <trkpt lat="22.4039672921" lon="114.2627561571"><ele>276.000</ele></trkpt>
      <trkpt lat="22.4039699914" lon="114.2627558878"><ele>276.000</ele></trkpt>
      <trkpt lat="22.4039726764" lon="114.2627555097"><ele>276.000</ele></trkpt>
      <trkpt lat="22.4039753461" lon="114.2627550092"><ele>276.000</ele></trkpt>
      <trkpt lat="22.4039779969" lon="114.2627543942"><ele>276.000</ele></trkpt>
      <trkpt lat="22.4039806260" lon="114.2627536926"><ele>279.000</ele></trkpt>
      <trkpt lat="22.4039832534" lon="114.2627529814"><ele>279.000</ele></trkpt>
      <trkpt lat="22.4039858807" lon="114.2627522614"><ele>279.000</ele></trkpt>
      <trkpt lat="22.4039885054" lon="114.2627515298"><ele>279.000</ele></trkpt>
      <trkpt lat="22.4039911255" lon="114.2627507826"><ele>279.000</ele></trkpt>
      <trkpt lat="22.4039937393" lon="114.2627500141"><ele>279.000</ele></trkpt>
      <trkpt lat="22.4039963451" lon="114.2627492213"><ele>279.000</ele></trkpt>
      <trkpt lat="22.4039989418" lon="114.2627483983"><ele>279.000</ele></trkpt>
      <trkpt lat="22.4040015078" lon="114.2627474724"><ele>279.000</ele></trkpt>
      <trkpt lat="22.4040040117" lon="114.2627463435"><ele>279.000</ele></trkpt>
      <trkpt lat="22.4040064596" lon="114.2627450912"><ele>279.000</ele></trkpt>
      <trkpt lat="22.4040088552" lon="114.2627437262"><ele>279.000</ele></trkpt>
      <trkpt lat="22.4040111823" lon="114.2627422252"><ele>279.000</ele></trkpt>
      <trkpt lat="22.4040134543" lon="114.2627406184"><ele>279.000</ele></trkpt>
      <trkpt lat="22.4040157137" lon="114.2627389406"><ele>279.000</ele></trkpt>
      <trkpt lat="22.4040177421" lon="114.2627370373"><ele>279.000</ele></trkpt>
      <trkpt lat="22.4040192586" lon="114.2627346899"><ele>279.000</ele></trkpt>
      <trkpt lat="22.4040204078" lon="114.2627320082"><ele>279.000</ele></trkpt>
      <trkpt lat="22.4040217655" lon="114.2627294762"><ele>279.000</ele></trkpt>
      <trkpt lat="22.4040234627" lon="114.2627271814"><ele>279.000</ele></trkpt>
      <trkpt lat="22.4040250957" lon="114.2627248535"><ele>279.000</ele></trkpt>
      <trkpt lat="22.4040263298" lon="114.2627222865"><ele>282.000</ele></trkpt>
      <trkpt lat="22.4040273616" lon="114.2627195989"><ele>284.000</ele></trkpt>
      <trkpt lat="22.4040283031" lon="114.2627168588"><ele>284.000</ele></trkpt>
      <trkpt lat="22.4040292347" lon="114.2627141099"><ele>284.000</ele></trkpt>
      <trkpt lat="22.4040302385" lon="114.2627113980"><ele>284.000</ele></trkpt>
      <trkpt lat="22.4040313706" lon="114.2627087542"><ele>284.000</ele></trkpt>
      <trkpt lat="22.4040325721" lon="114.2627061424"><ele>284.000</ele></trkpt>
      <trkpt lat="22.4040338260" lon="114.2627035560"><ele>284.000</ele></trkpt>
      <trkpt lat="22.4040351232" lon="114.2627009938"><ele>284.000</ele></trkpt>
      <trkpt lat="22.4040364575" lon="114.2626984569"><ele>284.000</ele></trkpt>
      <trkpt lat="22.4040378170" lon="114.2626959308"><ele>284.000</ele></trkpt>
      <trkpt lat="22.4040392506" lon="114.2626934211"><ele>284.000</ele></trkpt>
      <trkpt lat="22.4040409251" lon="114.2626911428"><ele>284.000</ele></trkpt>
      <trkpt lat="22.4040428957" lon="114.2626891774"><ele>284.000</ele></trkpt>
      <trkpt lat="22.4040449737" lon="114.2626873140"><ele>284.000</ele></trkpt>
      <trkpt lat="22.4040471285" lon="114.2626855283"><ele>284.000</ele></trkpt>
      <trkpt lat="22.4040493310" lon="114.2626838039"><ele>284.000</ele></trkpt>
      <trkpt lat="22.4040515552" lon="114.2626821241"><ele>284.000</ele></trkpt>
      <trkpt lat="22.4040538074" lon="114.2626805133"><ele>284.000</ele></trkpt>
      <trkpt lat="22.4040561931" lon="114.2626791212"><ele>284.000</ele></trkpt>
      <trkpt lat="22.4040586491" lon="114.2626778766"><ele>284.000</ele></trkpt>
      <trkpt lat="22.4040611187" lon="114.2626766788"><ele>284.000</ele></trkpt>
      <trkpt lat="22.4040636018" lon="114.2626755061"><ele>284.000</ele></trkpt>
      <trkpt lat="22.4040660975" lon="114.2626743675"><ele>284.000</ele></trkpt>
      <trkpt lat="22.4040686086" lon="114.2626732696"><ele>284.000</ele></trkpt>
      <trkpt lat="22.4040711341" lon="114.2626722204"><ele>286.000</ele></trkpt>
      <trkpt lat="22.4040736948" lon="114.2626711420"><ele>286.000</ele></trkpt>
      <trkpt lat="22.4040763159" lon="114.2626702375"><ele>286.000</ele></trkpt>
      <trkpt lat="22.4040789691" lon="114.2626701206"><ele>286.000</ele></trkpt>
      <trkpt lat="22.4040816375" lon="114.2626703874"><ele>286.000</ele></trkpt>
      <trkpt lat="22.4040843167" lon="114.2626707464"><ele>286.000</ele></trkpt>
      <trkpt lat="22.4040870021" lon="114.2626711851"><ele>286.000</ele></trkpt>
      <trkpt lat="22.4040896884" lon="114.2626716908"><ele>286.000</ele></trkpt>
      <trkpt lat="22.4040923692" lon="114.2626722499"><ele>286.000</ele></trkpt>
      <trkpt lat="22.4040950411" lon="114.2626728508"><ele>286.000</ele></trkpt>
      <trkpt lat="22.4040976966" lon="114.2626734798"><ele>286.000</ele></trkpt>
      <trkpt lat="22.4041003322" lon="114.2626741282"><ele>286.000</ele></trkpt>
      <trkpt lat="22.4041029127" lon="114.2626750427"><ele>286.000</ele></trkpt>
      <trkpt lat="22.4041053692" lon="114.2626763272"><ele>286.000</ele></trkpt>
      <trkpt lat="22.4041076666" lon="114.2626778630"><ele>286.000</ele></trkpt>
      <trkpt lat="22.4041099315" lon="114.2626794552"><ele>286.000</ele></trkpt>
      <trkpt lat="22.4041121829" lon="114.2626810804"><ele>286.000</ele></trkpt>
      <trkpt lat="22.4041144170" lon="114.2626827396"><ele>286.000</ele></trkpt>
      <trkpt lat="22.4041166304" lon="114.2626844328"><ele>287.000</ele></trkpt>
      <trkpt lat="22.4041188194" lon="114.2626861599"><ele>287.000</ele></trkpt>
      <trkpt lat="22.4041209804" lon="114.2626879220"><ele>287.000</ele></trkpt>
      <trkpt lat="22.4041231097" lon="114.2626897190"><ele>287.000</ele></trkpt>
      <trkpt lat="22.4041251794" lon="114.2626915859"><ele>287.000</ele></trkpt>
      <trkpt lat="22.4041271289" lon="114.2626936072"><ele>287.000</ele></trkpt>
      <trkpt lat="22.4041290088" lon="114.2626957178"><ele>287.000</ele></trkpt>
      <trkpt lat="22.4041308816" lon="114.2626978361"><ele>287.000</ele></trkpt>
      <trkpt lat="22.4041328103" lon="114.2626998836"><ele>287.000</ele></trkpt>
      <trkpt lat="22.4041348547" lon="114.2627018010"><ele>287.000</ele></trkpt>
      <trkpt lat="22.4041370527" lon="114.2627035611"><ele>287.000</ele></trkpt>
      <trkpt lat="22.4041394125" lon="114.2627049591"><ele>287.000</ele></trkpt>
      <trkpt lat="22.4041419667" lon="114.2627058542"><ele>287.000</ele></trkpt>
      <trkpt lat="22.4041446548" lon="114.2627064055"><ele>287.000</ele></trkpt>
      <trkpt lat="22.4041473457" lon="114.2627068258"><ele>287.000</ele></trkpt>
      <trkpt lat="22.4041500448" lon="114.2627070741"><ele>287.000</ele></trkpt>
      <trkpt lat="22.4041527575" lon="114.2627071962"><ele>287.000</ele></trkpt>
      <trkpt lat="22.4041554648" lon="114.2627072930"><ele>287.000</ele></trkpt>
      <trkpt lat="22.4041581739" lon="114.2627073802"><ele>287.000</ele></trkpt>
      <trkpt lat="22.4041608839" lon="114.2627074479"><ele>289.000</ele></trkpt>
      <trkpt lat="22.4041635930" lon="114.2627074903"><ele>289.000</ele></trkpt>
      <trkpt lat="22.4041663012" lon="114.2627075007"><ele>289.000</ele></trkpt>
      <trkpt lat="22.4041690077" lon="114.2627074441"><ele>289.000</ele></trkpt>
      <trkpt lat="22.4041717097" lon="114.2627072234"><ele>289.000</ele></trkpt>
      <trkpt lat="22.4041744127" lon="114.2627070075"><ele>289.000</ele></trkpt>
      <trkpt lat="22.4041771201" lon="114.2627068810"><ele>289.000</ele></trkpt>
      <trkpt lat="22.4041798275" lon="114.2627067690"><ele>289.000</ele></trkpt>
      <trkpt lat="22.4041825358" lon="114.2627066658"><ele>289.000</ele></trkpt>
      <trkpt lat="22.4041852441" lon="114.2627065713"><ele>289.000</ele></trkpt>
      <trkpt lat="22.4041879533" lon="114.2627064788"><ele>289.000</ele></trkpt>
      <trkpt lat="22.4041906616" lon="114.2627063882"><ele>289.000</ele></trkpt>
      <trkpt lat="22.4041933708" lon="114.2627062937"><ele>289.000</ele></trkpt>
      <trkpt lat="22.4041960791" lon="114.2627061924"><ele>289.000</ele></trkpt>
      <trkpt lat="22.4041987865" lon="114.2627060814"><ele>289.000</ele></trkpt>
      <trkpt lat="22.4042014930" lon="114.2627059578"><ele>289.000</ele></trkpt>
      <trkpt lat="22.4042041986" lon="114.2627058186"><ele>289.000</ele></trkpt>
      <trkpt lat="22.4042069024" lon="114.2627056591"><ele>290.000</ele></trkpt>
      <trkpt lat="22.4042096053" lon="114.2627054762"><ele>290.000</ele></trkpt>
      <trkpt lat="22.4042123056" lon="114.2627052661"><ele>290.000</ele></trkpt>
      <trkpt lat="22.4042150040" lon="114.2627050250"><ele>290.000</ele></trkpt>
      <trkpt lat="22.4042177016" lon="114.2627047547"><ele>290.000</ele></trkpt>
      <trkpt lat="22.4042203964" lon="114.2627044602"><ele>290.000</ele></trkpt>
      <trkpt lat="22.4042230904" lon="114.2627041462"><ele>290.000</ele></trkpt>
      <trkpt lat="22.4042257834" lon="114.2627038176"><ele>290.000</ele></trkpt>
      <trkpt lat="22.4042284756" lon="114.2627034784"><ele>290.000</ele></trkpt>
      <trkpt lat="22.4042311669" lon="114.2627031343"><ele>290.000</ele></trkpt>
      <trkpt lat="22.4042338582" lon="114.2627027902"><ele>290.000</ele></trkpt>
      <trkpt lat="22.4042365503" lon="114.2627024500"><ele>290.000</ele></trkpt>
      <trkpt lat="22.4042392425" lon="114.2627021186"><ele>290.000</ele></trkpt>
      <trkpt lat="22.4042419355" lon="114.2627018017"><ele>290.000</ele></trkpt>
      <trkpt lat="22.4042446295" lon="114.2627015032"><ele>290.000</ele></trkpt>
      <trkpt lat="22.4042473253" lon="114.2627012281"><ele>290.000</ele></trkpt>
      <trkpt lat="22.4042500282" lon="114.2627010685"><ele>290.000</ele></trkpt>
      <trkpt lat="22.4042527400" lon="114.2627011071"><ele>293.000</ele></trkpt>
      <trkpt lat="22.4042554500" lon="114.2627012195"><ele>293.000</ele></trkpt>
      <trkpt lat="22.4042581573" lon="114.2627013348"><ele>293.000</ele></trkpt>
      <trkpt lat="22.4042608655" lon="114.2627014491"><ele>293.000</ele></trkpt>
      <trkpt lat="22.4042635736" lon="114.2627015663"><ele>293.000</ele></trkpt>
      <trkpt lat="22.4042662827" lon="114.2627016855"><ele>293.000</ele></trkpt>
      <trkpt lat="22.4042689909" lon="114.2627018115"><ele>293.000</ele></trkpt>
      <trkpt lat="22.4042716991" lon="114.2627019443"><ele>293.000</ele></trkpt>
      <trkpt lat="22.4042744054" lon="114.2627020858"><ele>293.000</ele></trkpt>
      <trkpt lat="22.4042771109" lon="114.2627022390"><ele>293.000</ele></trkpt>
      <trkpt lat="22.4042798145" lon="114.2627024047"><ele>293.000</ele></trkpt>
      <trkpt lat="22.4042825164" lon="114.2627025851"><ele>293.000</ele></trkpt>
      <trkpt lat="22.4042852164" lon="114.2627027820"><ele>293.000</ele></trkpt>
      <trkpt lat="22.4042878783" lon="114.2627032818"><ele>293.000</ele></trkpt>
      <trkpt lat="22.4042905203" lon="114.2627039516"><ele>293.000</ele></trkpt>
      <trkpt lat="22.4042932176" lon="114.2627041640"><ele>293.000</ele></trkpt>
      <trkpt lat="22.4042959312" lon="114.2627042550"><ele>293.000</ele></trkpt>
      <trkpt lat="22.4042986321" lon="114.2627044704"><ele>294.000</ele></trkpt>
      <trkpt lat="22.4043013257" lon="114.2627047993"><ele>294.000</ele></trkpt>
      <trkpt lat="22.4043040257" lon="114.2627051147"><ele>294.000</ele></trkpt>
      <trkpt lat="22.4043067274" lon="114.2627054329"><ele>294.000</ele></trkpt>
      <trkpt lat="22.4043094255" lon="114.2627057755"><ele>294.000</ele></trkpt>
      <trkpt lat="22.4043121155" lon="114.2627061598"><ele>294.000</ele></trkpt>
      <trkpt lat="22.4043147928" lon="114.2627066043"><ele>294.000</ele></trkpt>
      <trkpt lat="22.4043174520" lon="114.2627071284"><ele>294.000</ele></trkpt>
      <trkpt lat="22.4043200886" lon="114.2627077516"><ele>294.000</ele></trkpt>
      <trkpt lat="22.4043227125" lon="114.2627084505"><ele>294.000</ele></trkpt>
      <trkpt lat="22.4043253309" lon="114.2627091999"><ele>294.000</ele></trkpt>
      <trkpt lat="22.4043279412" lon="114.2627099989"><ele>294.000</ele></trkpt>
      <trkpt lat="22.4043305407" lon="114.2627108493"><ele>294.000</ele></trkpt>
      <trkpt lat="22.4043331265" lon="114.2627117502"><ele>294.000</ele></trkpt>
      <trkpt lat="22.4043356961" lon="114.2627127016"><ele>294.000</ele></trkpt>
      <trkpt lat="22.4043382458" lon="114.2627137064"><ele>294.000</ele></trkpt>
      <trkpt lat="22.4043407728" lon="114.2627147617"><ele>294.000</ele></trkpt>
      <trkpt lat="22.4043432755" lon="114.2627158704"><ele>296.000</ele></trkpt>
      <trkpt lat="22.4043457547" lon="114.2627170305"><ele>296.000</ele></trkpt>
      <trkpt lat="22.4043482166" lon="114.2627182334"><ele>296.000</ele></trkpt>
      <trkpt lat="22.4043506650" lon="114.2627194741"><ele>296.000</ele></trkpt>
      <trkpt lat="22.4043531008" lon="114.2627207469"><ele>296.000</ele></trkpt>
      <trkpt lat="22.4043555266" lon="114.2627220459"><ele>296.000</ele></trkpt>
      <trkpt lat="22.4043579452" lon="114.2627233643"><ele>294.000</ele></trkpt>
      <trkpt lat="22.4043603583" lon="114.2627246973"><ele>294.000</ele></trkpt>
      <trkpt lat="22.4043627687" lon="114.2627260380"><ele>294.000</ele></trkpt>
      <trkpt lat="22.4043651774" lon="114.2627273817"><ele>294.000</ele></trkpt>
      <trkpt lat="22.4043675878" lon="114.2627287215"><ele>294.000</ele></trkpt>
      <trkpt lat="22.4043700018" lon="114.2627300525"><ele>294.000</ele></trkpt>
      <trkpt lat="22.4043724213" lon="114.2627313680"><ele>294.000</ele></trkpt>
      <trkpt lat="22.4043748489" lon="114.2627326612"><ele>294.000</ele></trkpt>
      <trkpt lat="22.4043772874" lon="114.2627339281"><ele>294.000</ele></trkpt>
      <trkpt lat="22.4043797403" lon="114.2627351553"><ele>294.000</ele></trkpt>
      <trkpt lat="22.4043823036" lon="114.2627360824"><ele>294.000</ele></trkpt>
      <trkpt lat="22.4043849301" lon="114.2627368425"><ele>294.000</ele></trkpt>
      <trkpt lat="22.4043874907" lon="114.2627377871"><ele>296.000</ele></trkpt>
      <trkpt lat="22.4043899825" lon="114.2627389336"><ele>296.000</ele></trkpt>
      <trkpt lat="22.4043924327" lon="114.2627401831"><ele>296.000</ele></trkpt>
      <trkpt lat="22.4043948594" lon="114.2627414782"><ele>296.000</ele></trkpt>
      <trkpt lat="22.4043972753" lon="114.2627427947"><ele>296.000</ele></trkpt>
      <trkpt lat="22.4043996866" lon="114.2627441248"><ele>296.000</ele></trkpt>
      <trkpt lat="22.4044020934" lon="114.2627454616"><ele>296.000</ele></trkpt>
      <trkpt lat="22.4044045012" lon="114.2627467994"><ele>296.000</ele></trkpt>
      <trkpt lat="22.4044069116" lon="114.2627481305"><ele>296.000</ele></trkpt>
      <trkpt lat="22.4044093275" lon="114.2627494469"><ele>296.000</ele></trkpt>
      <trkpt lat="22.4044117533" lon="114.2627507440"><ele>296.000</ele></trkpt>
      <trkpt lat="22.4044141890" lon="114.2627520197"><ele>296.000</ele></trkpt>
      <trkpt lat="22.4044166311" lon="114.2627532818"><ele>296.000</ele></trkpt>
      <trkpt lat="22.4044190777" lon="114.2627545313"><ele>296.000</ele></trkpt>
      <trkpt lat="22.4044215288" lon="114.2627557730"><ele>296.000</ele></trkpt>
      <trkpt lat="22.4044239826" lon="114.2627570079"><ele>296.000</ele></trkpt>
      <trkpt lat="22.4044264374" lon="114.2627582409"><ele>296.000</ele></trkpt>
      <trkpt lat="22.4044288921" lon="114.2627594748"><ele>296.000</ele></trkpt>
      <trkpt lat="22.4044313450" lon="114.2627607107"><ele>296.000</ele></trkpt>
      <trkpt lat="22.4044337943" lon="114.2627619592"><ele>298.000</ele></trkpt>
      <trkpt lat="22.4044362400" lon="114.2627632135"><ele>298.000</ele></trkpt>
      <trkpt lat="22.4044386893" lon="114.2627644591"><ele>298.000</ele></trkpt>
      <trkpt lat="22.4044411495" lon="114.2627656805"><ele>298.000</ele></trkpt>
      <trkpt lat="22.4044436250" lon="114.2627668610"><ele>298.000</ele></trkpt>
      <trkpt lat="22.4044461150" lon="114.2627680105"><ele>298.000</ele></trkpt>
      <trkpt lat="22.4044486132" lon="114.2627691444"><ele>298.000</ele></trkpt>
      <trkpt lat="22.4044511231" lon="114.2627702473"><ele>298.000</ele></trkpt>
      <trkpt lat="22.4044536483" lon="114.2627713045"><ele>298.000</ele></trkpt>
      <trkpt lat="22.4044561926" lon="114.2627723015"><ele>298.000</ele></trkpt>
      <trkpt lat="22.4044587559" lon="114.2627732393"><ele>298.000</ele></trkpt>
      <trkpt lat="22.4044613272" lon="114.2627741558"><ele>298.000</ele></trkpt>
      <trkpt lat="22.4044639068" lon="114.2627750528"><ele>298.000</ele></trkpt>
      <trkpt lat="22.4044664936" lon="114.2627759255"><ele>298.000</ele></trkpt>
      <trkpt lat="22.4044690885" lon="114.2627767711"><ele>298.000</ele></trkpt>
      <trkpt lat="22.4044716915" lon="114.2627775856"><ele>298.000</ele></trkpt>
      <trkpt lat="22.4044743027" lon="114.2627783651"><ele>298.000</ele></trkpt>
      <trkpt lat="22.4044769221" lon="114.2627791058"><ele>298.000</ele></trkpt>
      <trkpt lat="22.4044795487" lon="114.2627798086"><ele>298.000</ele></trkpt>
      <trkpt lat="22.4044821825" lon="114.2627804832"><ele>298.000</ele></trkpt>
      <trkpt lat="22.4044848227" lon="114.2627811326"><ele>298.000</ele></trkpt>
      <trkpt lat="22.4044874683" lon="114.2627817617"><ele>298.000</ele></trkpt>
      <trkpt lat="22.4044901175" lon="114.2627823732"><ele>298.000</ele></trkpt>
      <trkpt lat="22.4044927713" lon="114.2627829682"><ele>298.000</ele></trkpt>
      <trkpt lat="22.4044954268" lon="114.2627835506"><ele>298.000</ele></trkpt>
      <trkpt lat="22.4044980842" lon="114.2627841243"><ele>298.000</ele></trkpt>
      <trkpt lat="22.4045007434" lon="114.2627846912"><ele>298.000</ele></trkpt>
      <trkpt lat="22.4045034025" lon="114.2627852551"><ele>298.000</ele></trkpt>
      <trkpt lat="22.4045060599" lon="114.2627858181"><ele>298.000</ele></trkpt>
      <trkpt lat="22.4045087191" lon="114.2627863772"><ele>298.000</ele></trkpt>
      <trkpt lat="22.4045113801" lon="114.2627869285"><ele>298.000</ele></trkpt>
      <trkpt lat="22.4045140429" lon="114.2627874672"><ele>298.000</ele></trkpt>
      <trkpt lat="22.4045167093" lon="114.2627879923"><ele>298.000</ele></trkpt>
      <trkpt lat="22.4045193776" lon="114.2627885009"><ele>298.000</ele></trkpt>
      <trkpt lat="22.4045220485" lon="114.2627889891"><ele>298.000</ele></trkpt>
      <trkpt lat="22.4045247231" lon="114.2627894540"><ele>298.000</ele></trkpt>
      <trkpt lat="22.4045274004" lon="114.2627898946"><ele>298.000</ele></trkpt>
      <trkpt lat="22.4045300823" lon="114.2627902984"><ele>298.000</ele></trkpt>
      <trkpt lat="22.4045327704" lon="114.2627906535"><ele>298.000</ele></trkpt>
      <trkpt lat="22.4045354641" lon="114.2627909728"><ele>298.000</ele></trkpt>
      <trkpt lat="22.4045381613" lon="114.2627912697"><ele>298.000</ele></trkpt>
      <trkpt lat="22.4045408586" lon="114.2627915578"><ele>298.000</ele></trkpt>
      <trkpt lat="22.4045435549" lon="114.2627918538"><ele>298.000</ele></trkpt>
      <trkpt lat="22.4045462486" lon="114.2627921691"><ele>298.000</ele></trkpt>
      <trkpt lat="22.4045489367" lon="114.2627925204"><ele>298.000</ele></trkpt>
      <trkpt lat="22.4045516132" lon="114.2627929455"><ele>298.000</ele></trkpt>
      <trkpt lat="22.4045542488" lon="114.2627936289"><ele>298.000</ele></trkpt>
      <trkpt lat="22.4045568826" lon="114.2627943278"><ele>298.000</ele></trkpt>
      <trkpt lat="22.4045595518" lon="114.2627948121"><ele>298.000</ele></trkpt>
      <trkpt lat="22.4045622309" lon="114.2627952469"><ele>298.000</ele></trkpt>
      <trkpt lat="22.4045649154" lon="114.2627956467"><ele>298.000</ele></trkpt>
      <trkpt lat="22.4045676054" lon="114.2627960116"><ele>299.000</ele></trkpt>
      <trkpt lat="22.4045702972" lon="114.2627963396"><ele>299.000</ele></trkpt>
      <trkpt lat="22.4045729927" lon="114.2627966307"><ele>299.000</ele></trkpt>
      <trkpt lat="22.4045756927" lon="114.2627968984"><ele>299.000</ele></trkpt>
      <trkpt lat="22.4045783972" lon="114.2627971342"><ele>299.000</ele></trkpt>
      <trkpt lat="22.4045811035" lon="114.2627973242"><ele>299.000</ele></trkpt>
      <trkpt lat="22.4045838090" lon="114.2627974541"><ele>299.000</ele></trkpt>
      <trkpt lat="22.4045865118" lon="114.2627975063"><ele>299.000</ele></trkpt>
      <trkpt lat="22.4045892147" lon="114.2627973409"><ele>299.000</ele></trkpt>
      <trkpt lat="22.4045919132" lon="114.2627970016"><ele>299.000</ele></trkpt>
      <trkpt lat="22.4045945991" lon="114.2627966090"><ele>299.000</ele></trkpt>
      <trkpt lat="22.4045972759" lon="114.2627961484"><ele>299.000</ele></trkpt>
      <trkpt lat="22.4045999474" lon="114.2627956450"><ele>299.000</ele></trkpt>
      <trkpt lat="22.4046026189" lon="114.2627951465"><ele>299.000</ele></trkpt>
      <trkpt lat="22.4046052958" lon="114.2627947004"><ele>299.000</ele></trkpt>
      <trkpt lat="22.4046079835" lon="114.2627943563"><ele>299.000</ele></trkpt>
      <trkpt lat="22.4046106801" lon="114.2627940987"><ele>299.000</ele></trkpt>
      <trkpt lat="22.4046133785" lon="114.2627938633"><ele>300.000</ele></trkpt>
      <trkpt lat="22.4046160806" lon="114.2627936475"><ele>300.000</ele></trkpt>
      <trkpt lat="22.4046187844" lon="114.2627934500"><ele>300.000</ele></trkpt>
      <trkpt lat="22.4046214891" lon="114.2627932672"><ele>300.000</ele></trkpt>
      <trkpt lat="22.4046241957" lon="114.2627930989"><ele>300.000</ele></trkpt>
      <trkpt lat="22.4046269022" lon="114.2627929432"><ele>300.000</ele></trkpt>
      <trkpt lat="22.4046296096" lon="114.2627927973"><ele>300.000</ele></trkpt>
      <trkpt lat="22.4046323161" lon="114.2627926600"><ele>300.000</ele></trkpt>
      <trkpt lat="22.4046350226" lon="114.2627925286"><ele>300.000</ele></trkpt>
      <trkpt lat="22.4046377282" lon="114.2627924031"><ele>300.000</ele></trkpt>
      <trkpt lat="22.4046404346" lon="114.2627924455"><ele>300.000</ele></trkpt>
      <trkpt lat="22.4046431428" lon="114.2627926220"><ele>300.000</ele></trkpt>
      <trkpt lat="22.4046458510" lon="114.2627926373"><ele>300.000</ele></trkpt>
      <trkpt lat="22.4046485593" lon="114.2627925496"><ele>300.000</ele></trkpt>
      <trkpt lat="22.4046512676" lon="114.2627924270"><ele>300.000</ele></trkpt>
      <trkpt lat="22.4046539750" lon="114.2627923033"><ele>300.000</ele></trkpt>
      <trkpt lat="22.4046566833" lon="114.2627922108"><ele>300.000</ele></trkpt>
      <trkpt lat="22.4046593898" lon="114.2627921824"><ele>300.000</ele></trkpt>
      <trkpt lat="22.4046620943" lon="114.2627923549"><ele>300.000</ele></trkpt>
      <trkpt lat="22.4046647979" lon="114.2627926091"><ele>300.000</ele></trkpt>
      <trkpt lat="22.4046675016" lon="114.2627926720"><ele>300.000</ele></trkpt>
      <trkpt lat="22.4046702046" lon="114.2627924318"><ele>300.000</ele></trkpt>
      <trkpt lat="22.4046729075" lon="114.2627922140"><ele>300.000</ele></trkpt>
      <trkpt lat="22.4046756139" lon="114.2627922428"><ele>300.000</ele></trkpt>
      <trkpt lat="22.4046783249" lon="114.2627923164"><ele>300.000</ele></trkpt>
      <trkpt lat="22.4046810357" lon="114.2627924288"><ele>300.000</ele></trkpt>
      <trkpt lat="22.4046837430" lon="114.2627925858"><ele>300.000</ele></trkpt>
      <trkpt lat="22.4046864457" lon="114.2627927934"><ele>300.000</ele></trkpt>
      <trkpt lat="22.4046891385" lon="114.2627930689"><ele>300.000</ele></trkpt>
      <trkpt lat="22.4046918158" lon="114.2627935260"><ele>300.000</ele></trkpt>
      <trkpt lat="22.4046944668" lon="114.2627941560"><ele>300.000</ele></trkpt>
      <trkpt lat="22.4046970879" lon="114.2627948967"><ele>300.000</ele></trkpt>
      <trkpt lat="22.4046997028" lon="114.2627956539"><ele>300.000</ele></trkpt>
      <trkpt lat="22.4047023158" lon="114.2627964198"><ele>300.000</ele></trkpt>
      <trkpt lat="22.4047049279" lon="114.2627971916"><ele>302.000</ele></trkpt>
      <trkpt lat="22.4047075382" lon="114.2627979701"><ele>302.000</ele></trkpt>
      <trkpt lat="22.4047101476" lon="114.2627987526"><ele>302.000</ele></trkpt>
      <trkpt lat="22.4047127570" lon="114.2627995389"><ele>302.000</ele></trkpt>
      <trkpt lat="22.4047153646" lon="114.2628003291"><ele>302.000</ele></trkpt>
      <trkpt lat="22.4047179722" lon="114.2628011203"><ele>302.000</ele></trkpt>
      <trkpt lat="22.4047205797" lon="114.2628019124"><ele>302.000</ele></trkpt>
      <trkpt lat="22.4047231873" lon="114.2628027046"><ele>302.000</ele></trkpt>
      <trkpt lat="22.4047257949" lon="114.2628034967"><ele>302.000</ele></trkpt>
      <trkpt lat="22.4047284034" lon="114.2628042860"><ele>302.000</ele></trkpt>
      <trkpt lat="22.4047310119" lon="114.2628050723"><ele>302.000</ele></trkpt>
      <trkpt lat="22.4047336222" lon="114.2628058547"><ele>302.000</ele></trkpt>
      <trkpt lat="22.4047362334" lon="114.2628066323"><ele>302.000</ele></trkpt>
      <trkpt lat="22.4047388455" lon="114.2628074041"><ele>302.000</ele></trkpt>
      <trkpt lat="22.4047414594" lon="114.2628081690"><ele>302.000</ele></trkpt>
      <trkpt lat="22.4047440761" lon="114.2628089262"><ele>302.000</ele></trkpt>
      <trkpt lat="22.4047466936" lon="114.2628096747"><ele>302.000</ele></trkpt>
      <trkpt lat="22.4047493148" lon="114.2628104115"><ele>303.000</ele></trkpt>
      <trkpt lat="22.4047519386" lon="114.2628111357"><ele>303.000</ele></trkpt>
      <trkpt lat="22.4047545652" lon="114.2628118492"><ele>303.000</ele></trkpt>
      <trkpt lat="22.4047571945" lon="114.2628125530"><ele>303.000</ele></trkpt>
      <trkpt lat="22.4047598266" lon="114.2628132470"><ele>303.000</ele></trkpt>
      <trkpt lat="22.4047624595" lon="114.2628139333"><ele>303.000</ele></trkpt>
      <trkpt lat="22.4047650951" lon="114.2628146119"><ele>303.000</ele></trkpt>
      <trkpt lat="22.4047677308" lon="114.2628152836"><ele>303.000</ele></trkpt>
      <trkpt lat="22.4047703682" lon="114.2628159495"><ele>303.000</ele></trkpt>
      <trkpt lat="22.4047730066" lon="114.2628166096"><ele>303.000</ele></trkpt>
      <trkpt lat="22.4047756458" lon="114.2628172707"><ele>303.000</ele></trkpt>
      <trkpt lat="22.4047782887" lon="114.2628179327"><ele>303.000</ele></trkpt>
      <trkpt lat="22.4047809352" lon="114.2628185724"><ele>303.000</ele></trkpt>
      <trkpt lat="22.4047835908" lon="114.2628191636"><ele>303.000</ele></trkpt>
      <trkpt lat="22.4047862554" lon="114.2628196819"><ele>303.000</ele></trkpt>
      <trkpt lat="22.4047889318" lon="114.2628201040"><ele>302.000</ele></trkpt>
      <trkpt lat="22.4047916173" lon="114.2628204641"><ele>302.000</ele></trkpt>
      <trkpt lat="22.4047943100" lon="114.2628207881"><ele>304.000</ele></trkpt>
      <trkpt lat="22.4047970073" lon="114.2628210783"><ele>304.000</ele></trkpt>
      <trkpt lat="22.4047997090" lon="114.2628213344"><ele>304.000</ele></trkpt>
      <trkpt lat="22.4048024127" lon="114.2628215584"><ele>304.000</ele></trkpt>
      <trkpt lat="22.4048051190" lon="114.2628217524"><ele>304.000</ele></trkpt>
      <trkpt lat="22.4048078244" lon="114.2628219172"><ele>304.000</ele></trkpt>
      <trkpt lat="22.4048105299" lon="114.2628220529"><ele>304.000</ele></trkpt>
      <trkpt lat="22.4048132363" lon="114.2628221595"><ele>304.000</ele></trkpt>
      <trkpt lat="22.4048159463" lon="114.2628222349"><ele>304.000</ele></trkpt>
      <trkpt lat="22.4048186572" lon="114.2628222803"><ele>304.000</ele></trkpt>
      <trkpt lat="22.4048213700" lon="114.2628222956"><ele>304.000</ele></trkpt>
      <trkpt lat="22.4048240818" lon="114.2628222817"><ele>304.000</ele></trkpt>
      <trkpt lat="22.4048267919" lon="114.2628222397"><ele>304.000</ele></trkpt>
      <trkpt lat="22.4048294993" lon="114.2628221714"><ele>304.000</ele></trkpt>
      <trkpt lat="22.4048322031" lon="114.2628220759"><ele>304.000</ele></trkpt>
      <trkpt lat="22.4048348961" lon="114.2628218047"><ele>304.000</ele></trkpt>
      <trkpt lat="22.4048375721" lon="114.2628212994"><ele>304.000</ele></trkpt>
      <trkpt lat="22.4048402301" lon="114.2628207144"><ele>306.000</ele></trkpt>
      <trkpt lat="22.4048428701" lon="114.2628200556"><ele>306.000</ele></trkpt>
      <trkpt lat="22.4048455001" lon="114.2628193376"><ele>306.000</ele></trkpt>
      <trkpt lat="22.4048481311" lon="114.2628186225"><ele>306.000</ele></trkpt>
      <trkpt lat="22.4048507710" lon="114.2628179705"><ele>306.000</ele></trkpt>
      <trkpt lat="22.4048534308" lon="114.2628174438"><ele>306.000</ele></trkpt>
      <trkpt lat="22.4048561086" lon="114.2628170230"><ele>306.000</ele></trkpt>
      <trkpt lat="22.4048587908" lon="114.2628166274"><ele>306.000</ele></trkpt>
      <trkpt lat="22.4048614776" lon="114.2628162542"><ele>306.000</ele></trkpt>
      <trkpt lat="22.4048641671" lon="114.2628159033"><ele>306.000</ele></trkpt>
      <trkpt lat="22.4048668601" lon="114.2628155728"><ele>306.000</ele></trkpt>
      <trkpt lat="22.4048695559" lon="114.2628152598"><ele>306.000</ele></trkpt>
      <trkpt lat="22.4048722535" lon="114.2628149633"><ele>306.000</ele></trkpt>
      <trkpt lat="22.4048749519" lon="114.2628146833"><ele>306.000</ele></trkpt>
      <trkpt lat="22.4048776513" lon="114.2628144160"><ele>306.000</ele></trkpt>
      <trkpt lat="22.4048803506" lon="114.2628141603"><ele>306.000</ele></trkpt>
      <trkpt lat="22.4048830491" lon="114.2628139143"><ele>308.000</ele></trkpt>
      <trkpt lat="22.4048857493" lon="114.2628136770"><ele>308.000</ele></trkpt>
      <trkpt lat="22.4048884505" lon="114.2628134466"><ele>308.000</ele></trkpt>
      <trkpt lat="22.4048911525" lon="114.2628132249"><ele>308.000</ele></trkpt>
      <trkpt lat="22.4048938555" lon="114.2628130119"><ele>308.000</ele></trkpt>
      <trkpt lat="22.4048965593" lon="114.2628128086"><ele>308.000</ele></trkpt>
      <trkpt lat="22.4048992640" lon="114.2628126151"><ele>308.000</ele></trkpt>
      <trkpt lat="22.4049019688" lon="114.2628124322"><ele>308.000</ele></trkpt>
      <trkpt lat="22.4049046744" lon="114.2628122601"><ele>308.000</ele></trkpt>
      <trkpt lat="22.4049073800" lon="114.2628120995"><ele>308.000</ele></trkpt>
      <trkpt lat="22.4049100856" lon="114.2628119507"><ele>308.000</ele></trkpt>
      <trkpt lat="22.4049127912" lon="114.2628118144"><ele>308.000</ele></trkpt>
      <trkpt lat="22.4049154968" lon="114.2628116927"><ele>308.000</ele></trkpt>
      <trkpt lat="22.4049182015" lon="114.2628115837"><ele>308.000</ele></trkpt>
      <trkpt lat="22.4049209080" lon="114.2628115688"><ele>308.000</ele></trkpt>
      <trkpt lat="22.4049236152" lon="114.2628116725"><ele>308.000</ele></trkpt>
      <trkpt lat="22.4049263225" lon="114.2628118344"><ele>308.000</ele></trkpt>
      <trkpt lat="22.4049290316" lon="114.2628119953"><ele>310.000</ele></trkpt>
      <trkpt lat="22.4049317398" lon="114.2628120951"><ele>310.000</ele></trkpt>
      <trkpt lat="22.4049344489" lon="114.2628121036"><ele>310.000</ele></trkpt>
      <trkpt lat="22.4049371590" lon="114.2628120644"><ele>310.000</ele></trkpt>
      <trkpt lat="22.4049398691" lon="114.2628119991"><ele>310.000</ele></trkpt>
      <trkpt lat="22.4049425792" lon="114.2628119231"><ele>310.000</ele></trkpt>
      <trkpt lat="22.4049452892" lon="114.2628118548"><ele>310.000</ele></trkpt>
      <trkpt lat="22.4049479984" lon="114.2628118128"><ele>310.000</ele></trkpt>
      <trkpt lat="22.4049507067" lon="114.2628118135"><ele>310.000</ele></trkpt>
      <trkpt lat="22.4049534131" lon="114.2628118753"><ele>310.000</ele></trkpt>
      <trkpt lat="22.4049561176" lon="114.2628119965"><ele>310.000</ele></trkpt>
      <trkpt lat="22.4049588213" lon="114.2628121477"><ele>310.000</ele></trkpt>
      <trkpt lat="22.4049615249" lon="114.2628123261"><ele>310.000</ele></trkpt>
      <trkpt lat="22.4049642276" lon="114.2628125259"><ele>310.000</ele></trkpt>
      <trkpt lat="22.4049669294" lon="114.2628127451"><ele>310.000</ele></trkpt>
      <trkpt lat="22.4049696312" lon="114.2628129779"><ele>310.000</ele></trkpt>
      <trkpt lat="22.4049723321" lon="114.2628132224"><ele>310.000</ele></trkpt>
      <trkpt lat="22.4049750330" lon="114.2628134726"><ele>313.000</ele></trkpt>
      <trkpt lat="22.4049777330" lon="114.2628137268"><ele>313.000</ele></trkpt>
      <trkpt lat="22.4049804330" lon="114.2628139810"><ele>313.000</ele></trkpt>
      <trkpt lat="22.4049831321" lon="114.2628142313"><ele>313.000</ele></trkpt>
      <trkpt lat="22.4049858293" lon="114.2628145039"><ele>313.000</ele></trkpt>
      <trkpt lat="22.4049885257" lon="114.2628147979"><ele>313.000</ele></trkpt>
      <trkpt lat="22.4049912202" lon="114.2628151074"><ele>313.000</ele></trkpt>
      <trkpt lat="22.4049939147" lon="114.2628154218"><ele>313.000</ele></trkpt>
      <trkpt lat="22.4049966093" lon="114.2628157342"><ele>313.000</ele></trkpt>
      <trkpt lat="22.4049993038" lon="114.2628160350"><ele>313.000</ele></trkpt>
      <trkpt lat="22.4050019993" lon="114.2628163154"><ele>313.000</ele></trkpt>
      <trkpt lat="22.4050046965" lon="114.2628165696"><ele>313.000</ele></trkpt>
      <trkpt lat="22.4050073993" lon="114.2628167577"><ele>313.000</ele></trkpt>
      <trkpt lat="22.4050101120" lon="114.2628167846"><ele>313.000</ele></trkpt>
      <trkpt lat="22.4050128203" lon="114.2628166659"><ele>313.000</ele></trkpt>
      <trkpt lat="22.4050155196" lon="114.2628164432"><ele>313.000</ele></trkpt>
      <trkpt lat="22.4050182163" lon="114.2628161612"><ele>313.000</ele></trkpt>
      <trkpt lat="22.4050209121" lon="114.2628158521"><ele>314.000</ele></trkpt>
      <trkpt lat="22.4050236078" lon="114.2628155498"><ele>314.000</ele></trkpt>
      <trkpt lat="22.4050263063" lon="114.2628152873"><ele>314.000</ele></trkpt>
      <trkpt lat="22.4050290092" lon="114.2628150947"><ele>314.000</ele></trkpt>
      <trkpt lat="22.4050317184" lon="114.2628149857"><ele>314.000</ele></trkpt>
      <trkpt lat="22.4050344276" lon="114.2628149611"><ele>314.000</ele></trkpt>
      <trkpt lat="22.4050371331" lon="114.2628150696"><ele>314.000</ele></trkpt>
      <trkpt lat="22.4050398348" lon="114.2628153238"><ele>314.000</ele></trkpt>
      <trkpt lat="22.4050425385" lon="114.2628154837"><ele>314.000</ele></trkpt>
      <trkpt lat="22.4050452468" lon="114.2628154213"><ele>314.000</ele></trkpt>
      <trkpt lat="22.4050479560" lon="114.2628152812"><ele>314.000</ele></trkpt>
      <trkpt lat="22.4050506634" lon="114.2628152382"><ele>314.000</ele></trkpt>
      <trkpt lat="22.4050533697" lon="114.2628153651"><ele>314.000</ele></trkpt>
      <trkpt lat="22.4050560742" lon="114.2628155688"><ele>314.000</ele></trkpt>
      <trkpt lat="22.4050587788" lon="114.2628158035"><ele>314.000</ele></trkpt>
      <trkpt lat="22.4050614833" lon="114.2628160257"><ele>314.000</ele></trkpt>
      <trkpt lat="22.4050641878" lon="114.2628161905"><ele>317.000</ele></trkpt>
      <trkpt lat="22.4050668915" lon="114.2628162553"><ele>317.000</ele></trkpt>
      <trkpt lat="22.4050695953" lon="114.2628161948"><ele>317.000</ele></trkpt>
      <trkpt lat="22.4050722991" lon="114.2628160420"><ele>317.000</ele></trkpt>
      <trkpt lat="22.4050750020" lon="114.2628158291"><ele>317.000</ele></trkpt>
      <trkpt lat="22.4050777050" lon="114.2628155870"><ele>317.000</ele></trkpt>
      <trkpt lat="22.4050804088" lon="114.2628153487"><ele>317.000</ele></trkpt>
      <trkpt lat="22.4050831136" lon="114.2628151464"><ele>317.000</ele></trkpt>
      <trkpt lat="22.4050858201" lon="114.2628150063"><ele>317.000</ele></trkpt>
      <trkpt lat="22.4050885356" lon="114.2628149109"><ele>317.000</ele></trkpt>
      <trkpt lat="22.4050912484" lon="114.2628149232"><ele>317.000</ele></trkpt>
      <trkpt lat="22.4050939420" lon="114.2628151249"><ele>317.000</ele></trkpt>
      <trkpt lat="22.4050966230" lon="114.2628155724"><ele>317.000</ele></trkpt>
      <trkpt lat="22.4050992667" lon="114.2628162567"><ele>317.000</ele></trkpt>
      <trkpt lat="22.4051018499" lon="114.2628171246"><ele>317.000</ele></trkpt>
      <trkpt lat="22.4051044231" lon="114.2628180323"><ele>317.000</ele></trkpt>
      <trkpt lat="22.4051069891" lon="114.2628189672"><ele>317.000</ele></trkpt>
      <trkpt lat="22.4051095496" lon="114.2628199264"><ele>318.000</ele></trkpt>
      <trkpt lat="22.4051121029" lon="114.2628209089"><ele>318.000</ele></trkpt>
      <trkpt lat="22.4051146499" lon="114.2628219108"><ele>318.000</ele></trkpt>
      <trkpt lat="22.4051171887" lon="114.2628229321"><ele>318.000</ele></trkpt>
      <trkpt lat="22.4051197185" lon="114.2628239699"><ele>318.000</ele></trkpt>
      <trkpt lat="22.4051222058" lon="114.2628251155"><ele>318.000</ele></trkpt>
      <trkpt lat="22.4051246153" lon="114.2628264572"><ele>318.000</ele></trkpt>
      <trkpt lat="22.4051270565" lon="114.2628277203"><ele>318.000</ele></trkpt>
      <trkpt lat="22.4051295763" lon="114.2628287931"><ele>318.000</ele></trkpt>
      <trkpt lat="22.4051321387" lon="114.2628297474"><ele>318.000</ele></trkpt>
      <trkpt lat="22.4051347327" lon="114.2628305813"><ele>318.000</ele></trkpt>
      <trkpt lat="22.4051373620" lon="114.2628312890"><ele>318.000</ele></trkpt>
      <trkpt lat="22.4051400112" lon="114.2628319092"><ele>318.000</ele></trkpt>
      <trkpt lat="22.4051426640" lon="114.2628325081"><ele>318.000</ele></trkpt>
      <trkpt lat="22.4051453259" lon="114.2628330740"><ele>318.000</ele></trkpt>
      <trkpt lat="22.4051480005" lon="114.2628335302"><ele>318.000</ele></trkpt>
      <trkpt lat="22.4051506914" lon="114.2628338397"><ele>318.000</ele></trkpt>
      <trkpt lat="22.4051533878" lon="114.2628341143"><ele>318.000</ele></trkpt>
      <trkpt lat="22.4051560878" lon="114.2628343656"><ele>318.000</ele></trkpt>
      <trkpt lat="22.4051587896" lon="114.2628345954"><ele>318.000</ele></trkpt>
      <trkpt lat="22.4051614941" lon="114.2628348059"><ele>318.000</ele></trkpt>
      <trkpt lat="22.4051641986" lon="114.2628349960"><ele>318.000</ele></trkpt>
      <trkpt lat="22.4051669050" lon="114.2628351686"><ele>318.000</ele></trkpt>
      <trkpt lat="22.4051696095" lon="114.2628353237"><ele>318.000</ele></trkpt>
      <trkpt lat="22.4051723141" lon="114.2628354438"><ele>318.000</ele></trkpt>
      <trkpt lat="22.4051750242" lon="114.2628353367"><ele>318.000</ele></trkpt>
      <trkpt lat="22.4051777343" lon="114.2628351743"><ele>318.000</ele></trkpt>
      <trkpt lat="22.4051804371" lon="114.2628352410"><ele>318.000</ele></trkpt>
      <trkpt lat="22.4051831344" lon="114.2628355068"><ele>318.000</ele></trkpt>
      <trkpt lat="22.4051858289" lon="114.2628358542"><ele>318.000</ele></trkpt>
      <trkpt lat="22.4051885225" lon="114.2628362288"><ele>318.000</ele></trkpt>
      <trkpt lat="22.4051912161" lon="114.2628365762"><ele>318.000</ele></trkpt>
      <trkpt lat="22.4051939107" lon="114.2628368421"><ele>318.000</ele></trkpt>
      <trkpt lat="22.4051966071" lon="114.2628369535"><ele>318.000</ele></trkpt>
      <trkpt lat="22.4051993064" lon="114.2628367657"><ele>320.000</ele></trkpt>
      <trkpt lat="22.4052020094" lon="114.2628364440"><ele>320.000</ele></trkpt>
      <trkpt lat="22.4052047142" lon="114.2628362213"><ele>320.000</ele></trkpt>
      <trkpt lat="22.4052074225" lon="114.2628361375"><ele>320.000</ele></trkpt>
      <trkpt lat="22.4052101308" lon="114.2628360634"><ele>320.000</ele></trkpt>
      <trkpt lat="22.4052128390" lon="114.2628359981"><ele>320.000</ele></trkpt>
      <trkpt lat="22.4052155482" lon="114.2628359405"><ele>320.000</ele></trkpt>
      <trkpt lat="22.4052182574" lon="114.2628358878"><ele>320.000</ele></trkpt>
      <trkpt lat="22.4052209666" lon="114.2628358390"><ele>320.000</ele></trkpt>
      <trkpt lat="22.4052236766" lon="114.2628357930"><ele>320.000</ele></trkpt>
      <trkpt lat="22.4052263858" lon="114.2628357481"><ele>320.000</ele></trkpt>
      <trkpt lat="22.4052290950" lon="114.2628357031"><ele>320.000</ele></trkpt>
      <trkpt lat="22.4052318051" lon="114.2628356562"><ele>320.000</ele></trkpt>
      <trkpt lat="22.4052345142" lon="114.2628356055"><ele>320.000</ele></trkpt>
      <trkpt lat="22.4052372225" lon="114.2628355498"><ele>320.000</ele></trkpt>
      <trkpt lat="22.4052399317" lon="114.2628354874"><ele>320.000</ele></trkpt>
      <trkpt lat="22.4052426400" lon="114.2628354182"><ele>320.000</ele></trkpt>
      <trkpt lat="22.4052453474" lon="114.2628353392"><ele>320.000</ele></trkpt>
      <trkpt lat="22.4052480538" lon="114.2628352486"><ele>320.000</ele></trkpt>
      <trkpt lat="22.4052507603" lon="114.2628351464"><ele>320.000</ele></trkpt>
      <trkpt lat="22.4052534659" lon="114.2628350276"><ele>320.000</ele></trkpt>
      <trkpt lat="22.4052561662" lon="114.2628348049"><ele>320.000</ele></trkpt>
      <trkpt lat="22.4052588601" lon="114.2628344822"><ele>320.000</ele></trkpt>
      <trkpt lat="22.4052615523" lon="114.2628341158"><ele>320.000</ele></trkpt>
      <trkpt lat="22.4052642445" lon="114.2628337639"><ele>320.000</ele></trkpt>
      <trkpt lat="22.4052669412" lon="114.2628334839"><ele>320.000</ele></trkpt>
      <trkpt lat="22.4052696432" lon="114.2628333302"><ele>320.000</ele></trkpt>
      <trkpt lat="22.4052723496" lon="114.2628332532"><ele>320.000</ele></trkpt>
      <trkpt lat="22.4052750570" lon="114.2628332112"><ele>320.000</ele></trkpt>
      <trkpt lat="22.4052777662" lon="114.2628331963"><ele>320.000</ele></trkpt>
      <trkpt lat="22.4052804771" lon="114.2628332029"><ele>320.000</ele></trkpt>
      <trkpt lat="22.4052831872" lon="114.2628332220"><ele>320.000</ele></trkpt>
      <trkpt lat="22.4052858981" lon="114.2628332470"><ele>320.000</ele></trkpt>
      <trkpt lat="22.4052886090" lon="114.2628332690"><ele>320.000</ele></trkpt>
      <trkpt lat="22.4052913200" lon="114.2628332814"><ele>322.000</ele></trkpt>
      <trkpt lat="22.4052940300" lon="114.2628332763"><ele>322.000</ele></trkpt>
      <trkpt lat="22.4052967383" lon="114.2628332459"><ele>322.000</ele></trkpt>
      <trkpt lat="22.4052994457" lon="114.2628331834"><ele>322.000</ele></trkpt>
      <trkpt lat="22.4053021513" lon="114.2628330744"><ele>322.000</ele></trkpt>
      <trkpt lat="22.4053048551" lon="114.2628328954"><ele>322.000</ele></trkpt>
      <trkpt lat="22.4053075571" lon="114.2628326562"><ele>322.000</ele></trkpt>
      <trkpt lat="22.4053102556" lon="114.2628323675"><ele>322.000</ele></trkpt>
      <trkpt lat="22.4053129496" lon="114.2628320389"><ele>322.000</ele></trkpt>
      <trkpt lat="22.4053156381" lon="114.2628316842"><ele>322.000</ele></trkpt>
      <trkpt lat="22.4053183258" lon="114.2628313109"><ele>322.000</ele></trkpt>
      <trkpt lat="22.4053210126" lon="114.2628309134"><ele>322.000</ele></trkpt>
      <trkpt lat="22.4053236949" lon="114.2628304790"><ele>322.000</ele></trkpt>
      <trkpt lat="22.4053263682" lon="114.2628299941"><ele>322.000</ele></trkpt>
      <trkpt lat="22.4053290279" lon="114.2628294451"><ele>322.000</ele></trkpt>
      <trkpt lat="22.4053316706" lon="114.2628288193"><ele>322.000</ele></trkpt>
      <trkpt lat="22.4053342934" lon="114.2628280935"><ele>322.000</ele></trkpt>
      <trkpt lat="22.4053369001" lon="114.2628272900"><ele>324.000</ele></trkpt>
      <trkpt lat="22.4053394977" lon="114.2628264418"><ele>324.000</ele></trkpt>
      <trkpt lat="22.4053420935" lon="114.2628255829"><ele>324.000</ele></trkpt>
      <trkpt lat="22.4053446929" lon="114.2628247464"><ele>324.000</ele></trkpt>
      <trkpt lat="22.4053473032" lon="114.2628239671"><ele>324.000</ele></trkpt>
      <trkpt lat="22.4053499314" lon="114.2628232773"><ele>324.000</ele></trkpt>
      <trkpt lat="22.4053525830" lon="114.2628227069"><ele>324.000</ele></trkpt>
      <trkpt lat="22.4053552482" lon="114.2628222103"><ele>324.000</ele></trkpt>
      <trkpt lat="22.4053579224" lon="114.2628217594"><ele>324.000</ele></trkpt>
      <trkpt lat="22.4053606038" lon="114.2628213463"><ele>324.000</ele></trkpt>
      <trkpt lat="22.4053632905" lon="114.2628209624"><ele>324.000</ele></trkpt>
      <trkpt lat="22.4053659809" lon="114.2628206008"><ele>324.000</ele></trkpt>
      <trkpt lat="22.4053686749" lon="114.2628202538"><ele>324.000</ele></trkpt>
      <trkpt lat="22.4053713698" lon="114.2628199117"><ele>325.000</ele></trkpt>
      <trkpt lat="22.4053740646" lon="114.2628195686"><ele>325.000</ele></trkpt>
      <trkpt lat="22.4053767577" lon="114.2628192157"><ele>325.000</ele></trkpt>
      <trkpt lat="22.4053794472" lon="114.2628188454"><ele>325.000</ele></trkpt>
      <trkpt lat="22.4053821331" lon="114.2628184499"><ele>326.000</ele></trkpt>
      <trkpt lat="22.4053848118" lon="114.2628180213"><ele>326.000</ele></trkpt>
      <trkpt lat="22.4053874823" lon="114.2628175509"><ele>326.000</ele></trkpt>
      <trkpt lat="22.4053901448" lon="114.2628170320"><ele>326.000</ele></trkpt>
      <trkpt lat="22.4053927973" lon="114.2628164616"><ele>326.000</ele></trkpt>
      <trkpt lat="22.4053954427" lon="114.2628158446"><ele>326.000</ele></trkpt>
      <trkpt lat="22.4053980809" lon="114.2628151877"><ele>326.000</ele></trkpt>
      <trkpt lat="22.4054007127" lon="114.2628144940"><ele>326.000</ele></trkpt>
      <trkpt lat="22.4054033383" lon="114.2628137711"><ele>326.000</ele></trkpt>
      <trkpt lat="22.4054059593" lon="114.2628130220"><ele>326.000</ele></trkpt>
      <trkpt lat="22.4054085759" lon="114.2628122524"><ele>326.000</ele></trkpt>
      <trkpt lat="22.4054111888" lon="114.2628114674"><ele>326.000</ele></trkpt>
      <trkpt lat="22.4054137990" lon="114.2628106716"><ele>326.000</ele></trkpt>
      <trkpt lat="22.4054164057" lon="114.2628098701"><ele>326.000</ele></trkpt>
      <trkpt lat="22.4054190114" lon="114.2628090695"><ele>326.000</ele></trkpt>
      <trkpt lat="22.4054216117" lon="114.2628082572"><ele>326.000</ele></trkpt>
      <trkpt lat="22.4054241832" lon="114.2628073459"><ele>326.000</ele></trkpt>
      <trkpt lat="22.4054267348" lon="114.2628063617"><ele>328.000</ele></trkpt>
      <trkpt lat="22.4054292801" lon="114.2628053581"><ele>328.000</ele></trkpt>
      <trkpt lat="22.4054318354" lon="114.2628043855"><ele>328.000</ele></trkpt>
      <trkpt lat="22.4054344140" lon="114.2628034946"><ele>328.000</ele></trkpt>
      <trkpt lat="22.4054370171" lon="114.2628026852"><ele>328.000</ele></trkpt>
      <trkpt lat="22.4054396336" lon="114.2628019225"><ele>328.000</ele></trkpt>
      <trkpt lat="22.4054422546" lon="114.2628011753"><ele>328.000</ele></trkpt>
      <trkpt lat="22.4054448703" lon="114.2628004117"><ele>328.000</ele></trkpt>
      <trkpt lat="22.4054474706" lon="114.2627996013"><ele>328.000</ele></trkpt>
      <trkpt lat="22.4054500457" lon="114.2627987084"><ele>328.000</ele></trkpt>
      <trkpt lat="22.4054525784" lon="114.2627976689"><ele>328.000</ele></trkpt>
      <trkpt lat="22.4054550705" lon="114.2627965147"><ele>328.000</ele></trkpt>
      <trkpt lat="22.4054575301" lon="114.2627952935"><ele>328.000</ele></trkpt>
      <trkpt lat="22.4054599483" lon="114.2627939751"><ele>328.000</ele></trkpt>
      <trkpt lat="22.4054623069" lon="114.2627925363"><ele>328.000</ele></trkpt>
      <trkpt lat="22.4054645934" lon="114.2627909799"><ele>328.000</ele></trkpt>
      <trkpt lat="22.4054668284" lon="114.2627893293"><ele>328.000</ele></trkpt>
      <trkpt lat="22.4054690300" lon="114.2627876281"><ele>328.000</ele></trkpt>
      <trkpt lat="22.4054712335" lon="114.2627859260"><ele>330.000</ele></trkpt>
      <trkpt lat="22.4054734342" lon="114.2627842122"><ele>330.000</ele></trkpt>
      <trkpt lat="22.4054755555" lon="114.2627824023"><ele>330.000</ele></trkpt>
      <trkpt lat="22.4054775352" lon="114.2627804271"><ele>330.000</ele></trkpt>
      <trkpt lat="22.4054794164" lon="114.2627783266"><ele>330.000</ele></trkpt>
      <trkpt lat="22.4054812074" lon="114.2627761289"><ele>330.000</ele></trkpt>
      <trkpt lat="22.4054829073" lon="114.2627738564"><ele>330.000</ele></trkpt>
      <trkpt lat="22.4054845376" lon="114.2627715324"><ele>330.000</ele></trkpt>
      <trkpt lat="22.4054861255" lon="114.2627691734"><ele>330.000</ele></trkpt>
      <trkpt lat="22.4054876873" lon="114.2627667900"><ele>330.000</ele></trkpt>
      <trkpt lat="22.4054892355" lon="114.2627643960"><ele>330.000</ele></trkpt>
      <trkpt lat="22.4054907855" lon="114.2627620030"><ele>330.000</ele></trkpt>
      <trkpt lat="22.4054923517" lon="114.2627596226"><ele>330.000</ele></trkpt>
      <trkpt lat="22.4054939478" lon="114.2627572684"><ele>330.000</ele></trkpt>
      <trkpt lat="22.4054955889" lon="114.2627549522"><ele>330.000</ele></trkpt>
      <trkpt lat="22.4054972770" lon="114.2627526777"><ele>330.000</ele></trkpt>
      <trkpt lat="22.4054989949" lon="114.2627504256"><ele>330.000</ele></trkpt>
      <trkpt lat="22.4055007372" lon="114.2627481949"><ele>330.000</ele></trkpt>
      <trkpt lat="22.4055024993" lon="114.2627459807"><ele>330.000</ele></trkpt>
      <trkpt lat="22.4055042786" lon="114.2627437820"><ele>330.000</ele></trkpt>
      <trkpt lat="22.4055060696" lon="114.2627415940"><ele>330.000</ele></trkpt>
      <trkpt lat="22.4055078705" lon="114.2627394148"><ele>330.000</ele></trkpt>
      <trkpt lat="22.4055096769" lon="114.2627372414"><ele>330.000</ele></trkpt>
      <trkpt lat="22.4055114841" lon="114.2627350709"><ele>330.000</ele></trkpt>
      <trkpt lat="22.4055133013" lon="114.2627329102"><ele>330.000</ele></trkpt>
      <trkpt lat="22.4055151374" lon="114.2627307679"><ele>330.000</ele></trkpt>
      <trkpt lat="22.4055169916" lon="114.2627286421"><ele>330.000</ele></trkpt>
      <trkpt lat="22.4055188612" lon="114.2627265329"><ele>330.000</ele></trkpt>
      <trkpt lat="22.4055207442" lon="114.2627244382"><ele>330.000</ele></trkpt>
      <trkpt lat="22.4055226390" lon="114.2627223552"><ele>331.000</ele></trkpt>
      <trkpt lat="22.4055245356" lon="114.2627202741"><ele>331.000</ele></trkpt>
      <trkpt lat="22.4055264250" lon="114.2627181804"><ele>331.000</ele></trkpt>
      <trkpt lat="22.4055283126" lon="114.2627160847"><ele>331.000</ele></trkpt>
      <trkpt lat="22.4055302092" lon="114.2627139978"><ele>331.000</ele></trkpt>
      <trkpt lat="22.4055321230" lon="114.2627119304"><ele>331.000</ele></trkpt>
      <trkpt lat="22.4055340611" lon="114.2627098950"><ele>331.000</ele></trkpt>
      <trkpt lat="22.4055360335" lon="114.2627079004"><ele>331.000</ele></trkpt>
      <trkpt lat="22.4055380483" lon="114.2627059592"><ele>331.000</ele></trkpt>
      <trkpt lat="22.4055401101" lon="114.2627040764"><ele>331.000</ele></trkpt>
      <trkpt lat="22.4055422034" lon="114.2627022343"><ele>331.000</ele></trkpt>
      <trkpt lat="22.4055443248" lon="114.2627004244"><ele>331.000</ele></trkpt>
      <trkpt lat="22.4055464668" lon="114.2626986426"><ele>331.000</ele></trkpt>
      <trkpt lat="22.4055486242" lon="114.2626968792"><ele>331.000</ele></trkpt>
      <trkpt lat="22.4055507934" lon="114.2626951305"><ele>331.000</ele></trkpt>
      <trkpt lat="22.4055529680" lon="114.2626933876"><ele>331.000</ele></trkpt>
      <trkpt lat="22.4055551425" lon="114.2626916446"><ele>331.000</ele></trkpt>
      <trkpt lat="22.4055573126" lon="114.2626898949"><ele>331.000</ele></trkpt>
      <trkpt lat="22.4055594718" lon="114.2626881316"><ele>331.000</ele></trkpt>
      <trkpt lat="22.4055616157" lon="114.2626863478"><ele>331.000</ele></trkpt>
      <trkpt lat="22.4055637379" lon="114.2626845379"><ele>331.000</ele></trkpt>
      <trkpt lat="22.4055658340" lon="114.2626826919"><ele>331.000</ele></trkpt>
      <trkpt lat="22.4055679111" lon="114.2626808188"><ele>331.000</ele></trkpt>
      <trkpt lat="22.4055699755" lon="114.2626789301"><ele>331.000</ele></trkpt>
      <trkpt lat="22.4055720364" lon="114.2626770356"><ele>331.000</ele></trkpt>
      <trkpt lat="22.4055741009" lon="114.2626751470"><ele>331.000</ele></trkpt>
      <trkpt lat="22.4055761771" lon="114.2626732758"><ele>332.000</ele></trkpt>
      <trkpt lat="22.4055782740" lon="114.2626714318"><ele>332.000</ele></trkpt>
      <trkpt lat="22.4055803972" lon="114.2626696267"><ele>332.000</ele></trkpt>
      <trkpt lat="22.4055825681" lon="114.2626678886"><ele>332.000</ele></trkpt>
      <trkpt lat="22.4055847959" lon="114.2626662331"><ele>332.000</ele></trkpt>
      <trkpt lat="22.4055870571" lon="114.2626646233"><ele>332.000</ele></trkpt>
      <trkpt lat="22.4055893246" lon="114.2626630242"><ele>332.000</ele></trkpt>
      <trkpt lat="22.4055915749" lon="114.2626613988"><ele>332.000</ele></trkpt>
      <trkpt lat="22.4055937838" lon="114.2626597112"><ele>332.000</ele></trkpt>
      <trkpt lat="22.4055959520" lon="114.2626579664"><ele>332.000</ele></trkpt>
      <trkpt lat="22.4055981149" lon="114.2626562118"><ele>332.000</ele></trkpt>
      <trkpt lat="22.4056002714" lon="114.2626544494"><ele>332.000</ele></trkpt>
      <trkpt lat="22.4056024243" lon="114.2626526803"><ele>332.000</ele></trkpt>
      <trkpt lat="22.4056045727" lon="114.2626509053"><ele>332.000</ele></trkpt>
      <trkpt lat="22.4056067184" lon="114.2626491264"><ele>332.000</ele></trkpt>
      <trkpt lat="22.4056088614" lon="114.2626473436"><ele>332.000</ele></trkpt>
      <trkpt lat="22.4056110034" lon="114.2626455579"><ele>332.000</ele></trkpt>
      <trkpt lat="22.4056131437" lon="114.2626437713"><ele>332.000</ele></trkpt>
      <trkpt lat="22.4056152849" lon="114.2626419846"><ele>332.000</ele></trkpt>
      <trkpt lat="22.4056174251" lon="114.2626401989"><ele>332.000</ele></trkpt>
      <trkpt lat="22.4056195681" lon="114.2626384142"><ele>332.000</ele></trkpt>
      <trkpt lat="22.4056217120" lon="114.2626366334"><ele>332.000</ele></trkpt>
      <trkpt lat="22.4056238595" lon="114.2626348565"><ele>332.000</ele></trkpt>
      <trkpt lat="22.4056260097" lon="114.2626330844"><ele>332.000</ele></trkpt>
      <trkpt lat="22.4056281635" lon="114.2626313181"><ele>332.000</ele></trkpt>
      <trkpt lat="22.4056303236" lon="114.2626295597"><ele>332.000</ele></trkpt>
      <trkpt lat="22.4056324928" lon="114.2626278167"><ele>332.000</ele></trkpt>
      <trkpt lat="22.4056347224" lon="114.2626261603"><ele>332.000</ele></trkpt>
      <trkpt lat="22.4056370025" lon="114.2626245825"><ele>334.000</ele></trkpt>
      <trkpt lat="22.4056393088" lon="114.2626230533"><ele>334.000</ele></trkpt>
      <trkpt lat="22.4056416178" lon="114.2626215290"><ele>334.000</ele></trkpt>
      <trkpt lat="22.4056439259" lon="114.2626200017"><ele>334.000</ele></trkpt>
      <trkpt lat="22.4056462322" lon="114.2626184726"><ele>334.000</ele></trkpt>
      <trkpt lat="22.4056485385" lon="114.2626169424"><ele>334.000</ele></trkpt>
      <trkpt lat="22.4056508448" lon="114.2626154113"><ele>334.000</ele></trkpt>
      <trkpt lat="22.4056531511" lon="114.2626138801"><ele>334.000</ele></trkpt>
      <trkpt lat="22.4056554583" lon="114.2626123500"><ele>334.000</ele></trkpt>
      <trkpt lat="22.4056577664" lon="114.2626108227"><ele>334.000</ele></trkpt>
      <trkpt lat="22.4056600754" lon="114.2626092974"><ele>334.000</ele></trkpt>
      <trkpt lat="22.4056623871" lon="114.2626077751"><ele>334.000</ele></trkpt>
      <trkpt lat="22.4056647006" lon="114.2626062575"><ele>334.000</ele></trkpt>
      <trkpt lat="22.4056670168" lon="114.2626047449"><ele>334.000</ele></trkpt>
      <trkpt lat="22.4056693358" lon="114.2626032380"><ele>334.000</ele></trkpt>
      <trkpt lat="22.4056716574" lon="114.2626017370"><ele>334.000</ele></trkpt>
      <trkpt lat="22.4056739836" lon="114.2626002447"><ele>334.000</ele></trkpt>
      <trkpt lat="22.4056763133" lon="114.2625987593"><ele>334.000</ele></trkpt>
      <trkpt lat="22.4056786485" lon="114.2625972835"><ele>334.000</ele></trkpt>
      <trkpt lat="22.4056809872" lon="114.2625958165"><ele>334.000</ele></trkpt>
      <trkpt lat="22.4056833323" lon="114.2625943612"><ele>334.000</ele></trkpt>
      <trkpt lat="22.4056856828" lon="114.2625929184"><ele>334.000</ele></trkpt>
      <trkpt lat="22.4056880667" lon="114.2625915408"><ele>334.000</ele></trkpt>
      <trkpt lat="22.4056904876" lon="114.2625902360"><ele>334.000</ele></trkpt>
      <trkpt lat="22.4056929346" lon="114.2625889827"><ele>334.000</ele></trkpt>
      <trkpt lat="22.4056953961" lon="114.2625877596"><ele>334.000</ele></trkpt>
      <trkpt lat="22.4056978629" lon="114.2625865452"><ele>336.000</ele></trkpt>
      <trkpt lat="22.4057003226" lon="114.2625853171"><ele>336.000</ele></trkpt>
      <trkpt lat="22.4057027651" lon="114.2625840541"><ele>336.000</ele></trkpt>
      <trkpt lat="22.4057051796" lon="114.2625827348"><ele>336.000</ele></trkpt>
      <trkpt lat="22.4057075798" lon="114.2625813824"><ele>336.000</ele></trkpt>
      <trkpt lat="22.4057099763" lon="114.2625800194"><ele>336.000</ele></trkpt>
      <trkpt lat="22.4057123665" lon="114.2625786417"><ele>336.000</ele></trkpt>
      <trkpt lat="22.4057147477" lon="114.2625772466"><ele>336.000</ele></trkpt>
      <trkpt lat="22.4057171171" lon="114.2625758301"><ele>336.000</ele></trkpt>
      <trkpt lat="22.4057194730" lon="114.2625743894"><ele>336.000</ele></trkpt>
      <trkpt lat="22.4057218109" lon="114.2625729204"><ele>336.000</ele></trkpt>
      <trkpt lat="22.4057241298" lon="114.2625714194"><ele>336.000</ele></trkpt>
      <trkpt lat="22.4057264090" lon="114.2625698542"><ele>336.000</ele></trkpt>
      <trkpt lat="22.4057286215" lon="114.2625681764"><ele>336.000</ele></trkpt>
      <trkpt lat="22.4057307952" lon="114.2625664325"><ele>336.000</ele></trkpt>
      <trkpt lat="22.4057329598" lon="114.2625646721"><ele>336.000</ele></trkpt>
      <trkpt lat="22.4057351443" lon="114.2625629447"><ele>336.000</ele></trkpt>
      <trkpt lat="22.4057373721" lon="114.2625612873"><ele>336.000</ele></trkpt>
      <trkpt lat="22.4057396161" lon="114.2625596531"><ele>336.000</ele></trkpt>
      <trkpt lat="22.4057418683" lon="114.2625580326"><ele>338.000</ele></trkpt>
      <trkpt lat="22.4057441268" lon="114.2625564209"><ele>338.000</ele></trkpt>
      <trkpt lat="22.4057463879" lon="114.2625548149"><ele>338.000</ele></trkpt>
      <trkpt lat="22.4057486509" lon="114.2625532100"><ele>338.000</ele></trkpt>
      <trkpt lat="22.4057509121" lon="114.2625516030"><ele>338.000</ele></trkpt>
      <trkpt lat="22.4057531697" lon="114.2625499903"><ele>338.000</ele></trkpt>
      <trkpt lat="22.4057554200" lon="114.2625483688"><ele>338.000</ele></trkpt>
      <trkpt lat="22.4057576614" lon="114.2625467337"><ele>338.000</ele></trkpt>
      <trkpt lat="22.4057598919" lon="114.2625450821"><ele>338.000</ele></trkpt>
      <trkpt lat="22.4057621079" lon="114.2625434101"><ele>338.000</ele></trkpt>
      <trkpt lat="22.4057643060" lon="114.2625417090"><ele>338.000</ele></trkpt>
      <trkpt lat="22.4057664724" lon="114.2625399515"><ele>338.000</ele></trkpt>
      <trkpt lat="22.4057686010" lon="114.2625381395"><ele>338.000</ele></trkpt>
      <trkpt lat="22.4057706898" lon="114.2625362752"><ele>338.000</ele></trkpt>
      <trkpt lat="22.4057727326" lon="114.2625343622"><ele>338.000</ele></trkpt>
      <trkpt lat="22.4057747158" lon="114.2625323909"><ele>338.000</ele></trkpt>
      <trkpt lat="22.4057764410" lon="114.2625301436"><ele>338.000</ele></trkpt>
      <trkpt lat="22.4057781038" lon="114.2625278274"><ele>338.000</ele></trkpt>
      <trkpt lat="22.4057800004" lon="114.2625257580"><ele>338.000</ele></trkpt>
      <trkpt lat="22.4057820360" lon="114.2625238285"><ele>338.000</ele></trkpt>
      <trkpt lat="22.4057841573" lon="114.2625220049"><ele>338.000</ele></trkpt>
      <trkpt lat="22.4057863553" lon="114.2625203096"><ele>338.000</ele></trkpt>
      <trkpt lat="22.4057886643" lon="114.2625187784"><ele>338.000</ele></trkpt>
      <trkpt lat="22.4057909724" lon="114.2625172444"><ele>338.000</ele></trkpt>
      <trkpt lat="22.4057931686" lon="114.2625155462"><ele>338.000</ele></trkpt>
      <trkpt lat="22.4057952990" lon="114.2625137410"><ele>338.000</ele></trkpt>
      <trkpt lat="22.4057973680" lon="114.2625118533"><ele>338.000</ele></trkpt>
      <trkpt lat="22.4057993611" lon="114.2625098791"><ele>338.000</ele></trkpt>
      <trkpt lat="22.4058013038" lon="114.2625078505"><ele>338.000</ele></trkpt>
      <trkpt lat="22.4058032284" lon="114.2625057976"><ele>338.000</ele></trkpt>
      <trkpt lat="22.4058051295" lon="114.2625037185"><ele>338.000</ele></trkpt>
      <trkpt lat="22.4058070017" lon="114.2625016092"><ele>338.000</ele></trkpt>
      <trkpt lat="22.4058088424" lon="114.2624994689"><ele>338.000</ele></trkpt>
      <trkpt lat="22.4058106451" lon="114.2624972955"><ele>338.000</ele></trkpt>
      <trkpt lat="22.4058123747" lon="114.2624950249"><ele>338.000</ele></trkpt>
      <trkpt lat="22.4058140114" lon="114.2624926096"><ele>338.000</ele></trkpt>
      <trkpt lat="22.4058155922" lon="114.2624901136"><ele>338.000</ele></trkpt>
      <trkpt lat="22.4058171567" lon="114.2624876001"><ele>338.000</ele></trkpt>
      <trkpt lat="22.4058187420" lon="114.2624851343"><ele>338.000</ele></trkpt>
      <trkpt lat="22.4058203877" lon="114.2624827801"><ele>338.000</ele></trkpt>
      <trkpt lat="22.4058221317" lon="114.2624806018"><ele>338.000</ele></trkpt>
      <trkpt lat="22.4058240129" lon="114.2624786616"><ele>340.000</ele></trkpt>
      <trkpt lat="22.4058260700" lon="114.2624770264"><ele>340.000</ele></trkpt>
      <trkpt lat="22.4058283653" lon="114.2624758138"><ele>340.000</ele></trkpt>
      <trkpt lat="22.4058308825" lon="114.2624749995"><ele>340.000</ele></trkpt>
      <trkpt lat="22.4058335639" lon="114.2624744758"><ele>340.000</ele></trkpt>
      <trkpt lat="22.4058363473" lon="114.2624741356"><ele>340.000</ele></trkpt>
      <trkpt lat="22.4058391731" lon="114.2624738683"><ele>340.000</ele></trkpt>
      <trkpt lat="22.4058419826" lon="114.2624735680"><ele>340.000</ele></trkpt>
      <trkpt lat="22.4058447155" lon="114.2624731249"><ele>340.000</ele></trkpt>
      <trkpt lat="22.4058473672" lon="114.2624725214"><ele>340.000</ele></trkpt>
      <trkpt lat="22.4058500116" lon="114.2624718772"><ele>340.000</ele></trkpt>
      <trkpt lat="22.4058526534" lon="114.2624712194"><ele>340.000</ele></trkpt>
      <trkpt lat="22.4058552970" lon="114.2624705722"><ele>340.000</ele></trkpt>
      <trkpt lat="22.4058579450" lon="114.2624699591"><ele>340.000</ele></trkpt>
      <trkpt lat="22.4058606021" lon="114.2624694042"><ele>340.000</ele></trkpt>
      <trkpt lat="22.4058632736" lon="114.2624689348"><ele>340.000</ele></trkpt>
      <trkpt lat="22.4058659657" lon="114.2624685830"><ele>340.000</ele></trkpt>
      <trkpt lat="22.4058686741" lon="114.2624683166"><ele>340.000</ele></trkpt>
      <trkpt lat="22.4058713888" lon="114.2624680910"><ele>340.000</ele></trkpt>
      <trkpt lat="22.4058741008" lon="114.2624678615"><ele>340.000</ele></trkpt>
      <trkpt lat="22.4058768020" lon="114.2624675835"><ele>343.000</ele></trkpt>
      <trkpt lat="22.4058794842" lon="114.2624672131"><ele>343.000</ele></trkpt>
      <trkpt lat="22.4058821367" lon="114.2624667049"><ele>343.000</ele></trkpt>
      <trkpt lat="22.4058847505" lon="114.2624660043"><ele>343.000</ele></trkpt>
      <trkpt lat="22.4058873229" lon="114.2624650862"><ele>343.000</ele></trkpt>
      <trkpt lat="22.4058898647" lon="114.2624640145"><ele>343.000</ele></trkpt>
      <trkpt lat="22.4058923893" lon="114.2624628633"><ele>343.000</ele></trkpt>
      <trkpt lat="22.4058949094" lon="114.2624617013"><ele>343.000</ele></trkpt>
      <trkpt lat="22.4058974376" lon="114.2624606015"><ele>343.000</ele></trkpt>
      <trkpt lat="22.4058999874" lon="114.2624596348"><ele>343.000</ele></trkpt>
      <trkpt lat="22.4059025724" lon="114.2624588730"><ele>343.000</ele></trkpt>
      <trkpt lat="22.4059052032" lon="114.2624583667"><ele>343.000</ele></trkpt>
      <trkpt lat="22.4059078764" lon="114.2624580226"><ele>343.000</ele></trkpt>
      <trkpt lat="22.4059105821" lon="114.2624578116"><ele>343.000</ele></trkpt>
      <trkpt lat="22.4059133084" lon="114.2624577220"><ele>343.000</ele></trkpt>
      <trkpt lat="22.4059160465" lon="114.2624577431"><ele>343.000</ele></trkpt>
      <trkpt lat="22.4059187844" lon="114.2624578652"><ele>343.000</ele></trkpt>
      <trkpt lat="22.4059215115" lon="114.2624580766"><ele>343.000</ele></trkpt>
      <trkpt lat="22.4059242169" lon="114.2624583677"><ele>346.000</ele></trkpt>
      <trkpt lat="22.4059268925" lon="114.2624587335"><ele>346.000</ele></trkpt>
      <trkpt lat="22.4059295463" lon="114.2624592373"><ele>346.000</ele></trkpt>
      <trkpt lat="22.4059321846" lon="114.2624598702"><ele>346.000</ele></trkpt>
      <trkpt lat="22.4059348121" lon="114.2624605982"><ele>346.000</ele></trkpt>
      <trkpt lat="22.4059374324" lon="114.2624613855"><ele>346.000</ele></trkpt>
      <trkpt lat="22.4059400517" lon="114.2624621981"><ele>346.000</ele></trkpt>
      <trkpt lat="22.4059426719" lon="114.2624630009"><ele>346.000</ele></trkpt>
      <trkpt lat="22.4059452985" lon="114.2624637601"><ele>346.000</ele></trkpt>
      <trkpt lat="22.4059479350" lon="114.2624644396"><ele>346.000</ele></trkpt>
      <trkpt lat="22.4059505861" lon="114.2624650055"><ele>346.000</ele></trkpt>
      <trkpt lat="22.4059532570" lon="114.2624654451"><ele>346.000</ele></trkpt>
      <trkpt lat="22.4059559497" lon="114.2624658333"><ele>346.000</ele></trkpt>
      <trkpt lat="22.4059586587" lon="114.2624661710"><ele>346.000</ele></trkpt>
      <trkpt lat="22.4059613785" lon="114.2624664465"><ele>346.000</ele></trkpt>
      <trkpt lat="22.4059641029" lon="114.2624666502"><ele>346.000</ele></trkpt>
      <trkpt lat="22.4059668247" lon="114.2624667723"><ele>348.000</ele></trkpt>
      <trkpt lat="22.4059695392" lon="114.2624668012"><ele>348.000</ele></trkpt>
      <trkpt lat="22.4059722385" lon="114.2624667271"><ele>348.000</ele></trkpt>
      <trkpt lat="22.4059749179" lon="114.2624665393"><ele>348.000</ele></trkpt>
      <trkpt lat="22.4059775848" lon="114.2624661971"><ele>348.000</ele></trkpt>
      <trkpt lat="22.4059802482" lon="114.2624656821"><ele>348.000</ele></trkpt>
      <trkpt lat="22.4059828999" lon="114.2624650165"><ele>348.000</ele></trkpt>
      <trkpt lat="22.4059855336" lon="114.2624642247"><ele>348.000</ele></trkpt>
      <trkpt lat="22.4059881420" lon="114.2624633289"><ele>348.000</ele></trkpt>
      <trkpt lat="22.4059907163" lon="114.2624623534"><ele>348.000</ele></trkpt>
      <trkpt lat="22.4059932508" lon="114.2624613216"><ele>348.000</ele></trkpt>
      <trkpt lat="22.4059957401" lon="114.2624602121"><ele>348.000</ele></trkpt>
      <trkpt lat="22.4059981935" lon="114.2624589928"><ele>348.000</ele></trkpt>
      <trkpt lat="22.4060006161" lon="114.2624576871"><ele>348.000</ele></trkpt>
      <trkpt lat="22.4060030145" lon="114.2624563172"><ele>348.000</ele></trkpt>
      <trkpt lat="22.4060053966" lon="114.2624549046"><ele>348.000</ele></trkpt>
      <trkpt lat="22.4060077687" lon="114.2624534726"><ele>348.000</ele></trkpt>
      <trkpt lat="22.4060101373" lon="114.2624520425"><ele>348.000</ele></trkpt>
      <trkpt lat="22.4060125004" lon="114.2624506192"><ele>350.000</ele></trkpt>
      <trkpt lat="22.4060147905" lon="114.2624490608"><ele>350.000</ele></trkpt>
      <trkpt lat="22.4060170498" lon="114.2624474471"><ele>350.000</ele></trkpt>
      <trkpt lat="22.4060193588" lon="114.2624459257"><ele>350.000</ele></trkpt>
      <trkpt lat="22.4060217346" lon="114.2624445286"><ele>350.000</ele></trkpt>
      <trkpt lat="22.4060241338" lon="114.2624431772"><ele>350.000</ele></trkpt>
      <trkpt lat="22.4060265466" lon="114.2624418491"><ele>350.000</ele></trkpt>
      <trkpt lat="22.4060289620" lon="114.2624405269"><ele>350.000</ele></trkpt>
      <trkpt lat="22.4060313702" lon="114.2624391900"><ele>350.000</ele></trkpt>
      <trkpt lat="22.4060337622" lon="114.2624378231"><ele>350.000</ele></trkpt>
      <trkpt lat="22.4060361434" lon="114.2624364328"><ele>350.000</ele></trkpt>
      <trkpt lat="22.4060385156" lon="114.2624350251"><ele>350.000</ele></trkpt>
      <trkpt lat="22.4060408769" lon="114.2624335969"><ele>350.000</ele></trkpt>
      <trkpt lat="22.4060431778" lon="114.2624320522"><ele>350.000</ele></trkpt>
      <trkpt lat="22.4060455409" lon="114.2624306405"><ele>350.000</ele></trkpt>
      <trkpt lat="22.4060480231" lon="114.2624294698"><ele>350.000</ele></trkpt>
      <trkpt lat="22.4060505324" lon="114.2624283535"><ele>350.000</ele></trkpt>
      <trkpt lat="22.4060530281" lon="114.2624272110"><ele>350.000</ele></trkpt>
      <trkpt lat="22.4060554688" lon="114.2624259606"><ele>350.000</ele></trkpt>
      <trkpt lat="22.4060577805" lon="114.2624244489"><ele>352.000</ele></trkpt>
      <trkpt lat="22.4060599740" lon="114.2624227021"><ele>352.000</ele></trkpt>
      <trkpt lat="22.4060622108" lon="114.2624210573"><ele>352.000</ele></trkpt>
      <trkpt lat="22.4060646344" lon="114.2624198176"><ele>352.000</ele></trkpt>
      <trkpt lat="22.4060672077" lon="114.2624189150"><ele>352.000</ele></trkpt>
      <trkpt lat="22.4060698314" lon="114.2624181173"><ele>352.000</ele></trkpt>
      <trkpt lat="22.4060724092" lon="114.2624172030"><ele>352.000</ele></trkpt>
      <trkpt lat="22.4060749338" lon="114.2624161440"><ele>352.000</ele></trkpt>
      <trkpt lat="22.4060774485" lon="114.2624150539"><ele>352.000</ele></trkpt>
      <trkpt lat="22.4060799857" lon="114.2624140347"><ele>352.000</ele></trkpt>
      <trkpt lat="22.4060825625" lon="114.2624131438"><ele>352.000</ele></trkpt>
      <trkpt lat="22.4060851629" lon="114.2624123247"><ele>352.000</ele></trkpt>
      <trkpt lat="22.4060877713" lon="114.2624115299"><ele>352.000</ele></trkpt>
      <trkpt lat="22.4060903734" lon="114.2624107138"><ele>352.000</ele></trkpt>
      <trkpt lat="22.4060929557" lon="114.2624098325"><ele>352.000</ele></trkpt>
      <trkpt lat="22.4060956472" lon="114.2624090417"><ele>352.000</ele></trkpt>
      <trkpt lat="22.4060984253" lon="114.2624083296"><ele>352.000</ele></trkpt>
      <trkpt lat="22.4061011412" lon="114.2624075280"><ele>352.000</ele></trkpt>
      <trkpt lat="22.4061036469" lon="114.2624064700"><ele>354.000</ele></trkpt>
      <trkpt lat="22.4061057969" lon="114.2624049873"><ele>354.000</ele></trkpt>
      <trkpt lat="22.4061074876" lon="114.2624029702"><ele>354.000</ele></trkpt>
      <trkpt lat="22.4061088154" lon="114.2624005343"><ele>354.000</ele></trkpt>
      <trkpt lat="22.4061099132" lon="114.2623978234"><ele>354.000</ele></trkpt>
      <trkpt lat="22.4061109125" lon="114.2623949803"><ele>354.000</ele></trkpt>
      <trkpt lat="22.4061119480" lon="114.2623921490"><ele>354.000</ele></trkpt>
      <trkpt lat="22.4061131505" lon="114.2623894702"><ele>354.000</ele></trkpt>
      <trkpt lat="22.4061145994" lon="114.2623870168"><ele>354.000</ele></trkpt>
      <trkpt lat="22.4061162008" lon="114.2623846636"><ele>354.000</ele></trkpt>
      <trkpt lat="22.4061178826" lon="114.2623823639"><ele>354.000</ele></trkpt>
      <trkpt lat="22.4061195780" lon="114.2623800729"><ele>354.000</ele></trkpt>
      <trkpt lat="22.4061212191" lon="114.2623777489"><ele>354.000</ele></trkpt>
      <trkpt lat="22.4061227402" lon="114.2623753480"><ele>354.000</ele></trkpt>
      <trkpt lat="22.4061240853" lon="114.2623728354"><ele>354.000</ele></trkpt>
      <trkpt lat="22.4061252868" lon="114.2623702333"><ele>354.000</ele></trkpt>
      <trkpt lat="22.4061263927" lon="114.2623675729"><ele>354.000</ele></trkpt>
      <trkpt lat="22.4061274516" lon="114.2623648814"><ele>354.000</ele></trkpt>
      <trkpt lat="22.4061285105" lon="114.2623621879"><ele>354.000</ele></trkpt>
      <trkpt lat="22.4061296154" lon="114.2623595207"><ele>354.000</ele></trkpt>
      <trkpt lat="22.4061308142" lon="114.2623569070"><ele>354.000</ele></trkpt>
      <trkpt lat="22.4061320808" lon="114.2623543341"><ele>354.000</ele></trkpt>
      <trkpt lat="22.4061333780" lon="114.2623517768"><ele>354.000</ele></trkpt>
      <trkpt lat="22.4061346987" lon="114.2623492330"><ele>354.000</ele></trkpt>
      <trkpt lat="22.4061360347" lon="114.2623466981"><ele>354.000</ele></trkpt>
      <trkpt lat="22.4061373789" lon="114.2623441670"><ele>354.000</ele></trkpt>
      <trkpt lat="22.4061387240" lon="114.2623416359"><ele>354.000</ele></trkpt>
      <trkpt lat="22.4061400609" lon="114.2623391009"><ele>354.000</ele></trkpt>
      <trkpt lat="22.4061413834" lon="114.2623365572"><ele>354.000</ele></trkpt>
      <trkpt lat="22.4061426825" lon="114.2623340008"><ele>354.000</ele></trkpt>
      <trkpt lat="22.4061439598" lon="114.2623314308"><ele>354.000</ele></trkpt>
      <trkpt lat="22.4061452182" lon="114.2623288492"><ele>354.000</ele></trkpt>
      <trkpt lat="22.4061464496" lon="114.2623262510"><ele>354.000</ele></trkpt>
      <trkpt lat="22.4061476412" lon="114.2623236344"><ele>356.000</ele></trkpt>
      <trkpt lat="22.4061487840" lon="114.2623209934"><ele>356.000</ele></trkpt>
      <trkpt lat="22.4061498854" lon="114.2623183330"><ele>356.000</ele></trkpt>
      <trkpt lat="22.4061509785" lon="114.2623156648"><ele>356.000</ele></trkpt>
      <trkpt lat="22.4061520591" lon="114.2623129898"><ele>356.000</ele></trkpt>
      <trkpt lat="22.4061531243" lon="114.2623103071"><ele>356.000</ele></trkpt>
      <trkpt lat="22.4061541679" lon="114.2623076155"><ele>356.000</ele></trkpt>
      <trkpt lat="22.4061551852" lon="114.2623049143"><ele>356.000</ele></trkpt>
      <trkpt lat="22.4061561728" lon="114.2623022014"><ele>356.000</ele></trkpt>
      <trkpt lat="22.4061571251" lon="114.2622994768"><ele>356.000</ele></trkpt>
      <trkpt lat="22.4061580504" lon="114.2622967366"><ele>356.000</ele></trkpt>
      <trkpt lat="22.4061589965" lon="114.2622939654"><ele>356.000</ele></trkpt>
      <trkpt lat="22.4061598911" lon="114.2622911640"><ele>356.000</ele></trkpt>
      <trkpt lat="22.4061606394" lon="114.2622883393"><ele>356.000</ele></trkpt>
      <trkpt lat="22.4061611493" lon="114.2622854959"><ele>356.000</ele></trkpt>
      <trkpt lat="22.4061613341" lon="114.2622826398"><ele>356.000</ele></trkpt>
      <trkpt lat="22.4061612959" lon="114.2622797601"><ele>356.000</ele></trkpt>
      <trkpt lat="22.4061611078" lon="114.2622768610"><ele>356.000</ele></trkpt>
      <trkpt lat="22.4061607969" lon="114.2622739521"><ele>356.000</ele></trkpt>
      <trkpt lat="22.4061603902" lon="114.2622710411"><ele>356.000</ele></trkpt>
      <trkpt lat="22.4061599159" lon="114.2622681379"><ele>356.000</ele></trkpt>
      <trkpt lat="22.4061593999" lon="114.2622652522"><ele>356.000</ele></trkpt>
      <trkpt lat="22.4061588705" lon="114.2622623917"><ele>356.000</ele></trkpt>
      <trkpt lat="22.4061582516" lon="114.2622595593"><ele>356.000</ele></trkpt>
      <trkpt lat="22.4061574701" lon="114.2622567598"><ele>356.000</ele></trkpt>
      <trkpt lat="22.4061565495" lon="114.2622540030"><ele>356.000</ele></trkpt>
      <trkpt lat="22.4061555161" lon="114.2622513034"><ele>356.000</ele></trkpt>
      <trkpt lat="22.4061544004" lon="114.2622486543"><ele>356.000</ele></trkpt>
      <trkpt lat="22.4061532278" lon="114.2622460197"><ele>356.000</ele></trkpt>
      <trkpt lat="22.4061519902" lon="114.2622434142"><ele>356.000</ele></trkpt>
      <trkpt lat="22.4061506767" lon="114.2622408533"><ele>356.000</ele></trkpt>
      <trkpt lat="22.4061492792" lon="114.2622383536"><ele>356.000</ele></trkpt>
      <trkpt lat="22.4061477860" lon="114.2622359324"><ele>357.000</ele></trkpt>
      <trkpt lat="22.4061461536" lon="114.2622336171"><ele>356.000</ele></trkpt>
      <trkpt lat="22.4061443911" lon="114.2622313958"><ele>356.000</ele></trkpt>
      <trkpt lat="22.4061425545" lon="114.2622292260"><ele>356.000</ele></trkpt>
      <trkpt lat="22.4061407044" lon="114.2622270698"><ele>356.000</ele></trkpt>
      <trkpt lat="22.4061388959" lon="114.2622248845"><ele>356.000</ele></trkpt>
      <trkpt lat="22.4061371885" lon="114.2622226302"><ele>356.000</ele></trkpt>
      <trkpt lat="22.4061356401" lon="114.2622202664"><ele>356.000</ele></trkpt>
      <trkpt lat="22.4061342552" lon="114.2622177841"><ele>356.000</ele></trkpt>
      <trkpt lat="22.4061329860" lon="114.2622152136"><ele>356.000</ele></trkpt>
      <trkpt lat="22.4061318161" lon="114.2622125741"><ele>356.000</ele></trkpt>
      <trkpt lat="22.4061307294" lon="114.2622098852"><ele>356.000</ele></trkpt>
      <trkpt lat="22.4061297086" lon="114.2622071652"><ele>356.000</ele></trkpt>
      <trkpt lat="22.4061287383" lon="114.2622044336"><ele>356.000</ele></trkpt>
      <trkpt lat="22.4061278214" lon="114.2622016981"><ele>356.000</ele></trkpt>
      <trkpt lat="22.4061270435" lon="114.2621989074"><ele>356.000</ele></trkpt>
      <trkpt lat="22.4061263650" lon="114.2621960760"><ele>356.000</ele></trkpt>
      <trkpt lat="22.4061257263" lon="114.2621932300"><ele>356.000</ele></trkpt>
      <trkpt lat="22.4061250694" lon="114.2621903927"><ele>356.000</ele></trkpt>
      <trkpt lat="22.4061243322" lon="114.2621875903"><ele>356.000</ele></trkpt>
      <trkpt lat="22.4061234577" lon="114.2621848491"><ele>356.000</ele></trkpt>
      <trkpt lat="22.4061223791" lon="114.2621821941"><ele>356.000</ele></trkpt>
      <trkpt lat="22.4061211125" lon="114.2621796197"><ele>356.000</ele></trkpt>
      <trkpt lat="22.4061197286" lon="114.2621770996"><ele>356.000</ele></trkpt>
      <trkpt lat="22.4061182995" lon="114.2621746056"><ele>356.000</ele></trkpt>
      <trkpt lat="22.4061168920" lon="114.2621721107"><ele>356.000</ele></trkpt>
      <trkpt lat="22.4061155117" lon="114.2621695984"><ele>356.000</ele></trkpt>
      <trkpt lat="22.4061141260" lon="114.2621670841"><ele>356.000</ele></trkpt>
      <trkpt lat="22.4061127131" lon="114.2621645901"><ele>356.000</ele></trkpt>
      <trkpt lat="22.4061112496" lon="114.2621621360"><ele>356.000</ele></trkpt>
      <trkpt lat="22.4061097112" lon="114.2621597440"><ele>356.000</ele></trkpt>
      <trkpt lat="22.4061080725" lon="114.2621574364"><ele>356.000</ele></trkpt>
      <trkpt lat="22.4061063091" lon="114.2621552326"><ele>356.000</ele></trkpt>
      <trkpt lat="22.4061044545" lon="114.2621531026"><ele>356.000</ele></trkpt>
      <trkpt lat="22.4061025546" lon="114.2621510105"><ele>356.000</ele></trkpt>
      <trkpt lat="22.4061006548" lon="114.2621489174"><ele>356.000</ele></trkpt>
      <trkpt lat="22.4060988020" lon="114.2621467864"><ele>356.000</ele></trkpt>
      <trkpt lat="22.4060970404" lon="114.2621445807"><ele>356.000</ele></trkpt>
      <trkpt lat="22.4060954207" lon="114.2621422576"><ele>356.000</ele></trkpt>
      <trkpt lat="22.4060939545" lon="114.2621398073"><ele>356.000</ele></trkpt>
      <trkpt lat="22.4060925751" lon="114.2621372843"><ele>356.000</ele></trkpt>
      <trkpt lat="22.4060912164" lon="114.2621347467"><ele>356.000</ele></trkpt>
      <trkpt lat="22.4060898099" lon="114.2621322499"><ele>356.000</ele></trkpt>
      <trkpt lat="22.4060882868" lon="114.2621298530"><ele>356.000</ele></trkpt>
      <trkpt lat="22.4060866092" lon="114.2621275667"><ele>356.000</ele></trkpt>
      <trkpt lat="22.4060848160" lon="114.2621253387"><ele>356.000</ele></trkpt>
      <trkpt lat="22.4060829045" lon="114.2621232281"><ele>356.000</ele></trkpt>
      <trkpt lat="22.4060808691" lon="114.2621213000"><ele>356.000</ele></trkpt>
      <trkpt lat="22.4060786928" lon="114.2621196292"><ele>356.000</ele></trkpt>
      <trkpt lat="22.4060762380" lon="114.2621184069"><ele>356.000</ele></trkpt>
      <trkpt lat="22.4060736134" lon="114.2621174487"><ele>356.000</ele></trkpt>
      <trkpt lat="22.4060710176" lon="114.2621164506"><ele>356.000</ele></trkpt>
      <trkpt lat="22.4060686478" lon="114.2621151109"><ele>356.000</ele></trkpt>
      <trkpt lat="22.4060665862" lon="114.2621133022"><ele>356.000</ele></trkpt>
      <trkpt lat="22.4060646376" lon="114.2621113237"><ele>356.000</ele></trkpt>
      <trkpt lat="22.4060627685" lon="114.2621092257"><ele>356.000</ele></trkpt>
      <trkpt lat="22.4060609545" lon="114.2621070443"><ele>356.000</ele></trkpt>
      <trkpt lat="22.4060591740" lon="114.2621048133"><ele>356.000</ele></trkpt>
      <trkpt lat="22.4060574025" lon="114.2621025668"><ele>356.000</ele></trkpt>
      <trkpt lat="22.4060556174" lon="114.2621003417"><ele>356.000</ele></trkpt>
      <trkpt lat="22.4060537962" lon="114.2620981719"><ele>356.000</ele></trkpt>
      <trkpt lat="22.4060496274" lon="114.2620610454"><ele>356.000</ele></trkpt>
      <trkpt lat="22.4060442713" lon="114.2620218553"><ele>356.000</ele></trkpt>
      <trkpt lat="22.4060389104" lon="114.2619935863"><ele>356.000</ele></trkpt>
      <trkpt lat="22.4060263795" lon="114.2619698096"><ele>356.000</ele></trkpt>
      <trkpt lat="22.4060078762" lon="114.2619421746"><ele>356.000</ele></trkpt>
      <trkpt lat="22.4059893720" lon="114.2619177523"><ele>356.000</ele></trkpt>
      <trkpt lat="22.4059654913" lon="114.2618946107"><ele>356.000</ele></trkpt>
      <trkpt lat="22.4059505691" lon="114.2618727603"><ele>356.000</ele></trkpt>
      <trkpt lat="22.4059392330" lon="114.2618489844"><ele>356.000</ele></trkpt>
      <trkpt lat="22.4059308803" lon="114.2618290649"><ele>356.000</ele></trkpt>
      <trkpt lat="22.4059165545" lon="114.2618097838"><ele>356.000</ele></trkpt>
      <trkpt lat="22.4059058123" lon="114.2617917898"><ele>356.000</ele></trkpt>
      <trkpt lat="22.4058980628" lon="114.2617615916"><ele>356.000</ele></trkpt>
      <trkpt lat="22.4058950985" lon="114.2617179063"><ele>354.000</ele></trkpt>
      <trkpt lat="22.4058885454" lon="114.2616844971"><ele>352.000</ele></trkpt>
      <trkpt lat="22.4058796008" lon="114.2616568680"><ele>352.000</ele></trkpt>
      <trkpt lat="22.4058652774" lon="114.2616330902"><ele>352.000</ele></trkpt>
      <trkpt lat="22.4058551340" lon="114.2616112429"><ele>352.000</ele></trkpt>
      <trkpt lat="22.4058485749" lon="114.2615893967"><ele>354.000</ele></trkpt>
      <trkpt lat="22.4058485823" lon="114.2615752639"><ele>354.000</ele></trkpt>
      <trkpt lat="22.4058575504" lon="114.2615598516"><ele>354.000</ele></trkpt>
      <trkpt lat="22.4058706963" lon="114.2615508663"><ele>354.000</ele></trkpt>
      <trkpt lat="22.4058928039" lon="114.2615386737"><ele>354.000</ele></trkpt>
      <trkpt lat="22.4059065474" lon="114.2615284029"><ele>354.000</ele></trkpt>
      <trkpt lat="22.4059149193" lon="114.2615117053"><ele>354.000</ele></trkpt>
      <trkpt lat="22.4059256781" lon="114.2614982219"><ele>352.000</ele></trkpt>
      <trkpt lat="22.4059424145" lon="114.2614770328"><ele>352.000</ele></trkpt>
      <trkpt lat="22.4059615368" lon="114.2614629115"><ele>352.000</ele></trkpt>
      <trkpt lat="22.4059776717" lon="114.2614487875"><ele>352.000</ele></trkpt>
      <trkpt lat="22.4060009744" lon="114.2614359536"><ele>352.000</ele></trkpt>
      <trkpt lat="22.4060254721" lon="114.2614224785"><ele>352.000</ele></trkpt>
      <trkpt lat="22.4060463813" lon="114.2614173516"><ele>352.000</ele></trkpt>
      <trkpt lat="22.4060744580" lon="114.2614122290"><ele>354.000</ele></trkpt>
      <trkpt lat="22.4060971627" lon="114.2614013217"><ele>354.000</ele></trkpt>
      <trkpt lat="22.4061186728" lon="114.2613884867"><ele>354.000</ele></trkpt>
      <trkpt lat="22.4061605028" lon="114.2613576765"><ele>354.000</ele></trkpt>
      <trkpt lat="22.4061987501" lon="114.2613223675"><ele>356.000</ele></trkpt>
      <trkpt lat="22.4062172782" lon="114.2613011793"><ele>356.000</ele></trkpt>
      <trkpt lat="22.4062322200" lon="114.2612857706"><ele>356.000</ele></trkpt>
      <trkpt lat="22.4062370047" lon="114.2612729245"><ele>356.000</ele></trkpt>
      <trkpt lat="22.4062382058" lon="114.2612607202"><ele>357.000</ele></trkpt>
      <trkpt lat="22.4062364266" lon="114.2612369500"><ele>357.000</ele></trkpt>
      <trkpt lat="22.4062322636" lon="114.2612022573"><ele>358.000</ele></trkpt>
      <trkpt lat="22.4062352667" lon="114.2611701387"><ele>358.000</ele></trkpt>
      <trkpt lat="22.4062370738" lon="114.2611405891"><ele>358.000</ele></trkpt>
      <trkpt lat="22.4062430622" lon="114.2611123270"><ele>360.000</ele></trkpt>
      <trkpt lat="22.4062490489" lon="114.2610872766"><ele>360.000</ele></trkpt>
      <trkpt lat="22.4062592145" lon="114.2610647985"><ele>359.000</ele></trkpt>
      <trkpt lat="22.4062777428" lon="114.2610448943"><ele>359.000</ele></trkpt>
      <trkpt lat="22.4062986573" lon="114.2610294891"><ele>360.000</ele></trkpt>
      <trkpt lat="22.4063189710" lon="114.2610198651"><ele>358.000</ele></trkpt>
      <trkpt lat="22.4063530266" lon="114.2610063957"><ele>359.000</ele></trkpt>
      <trkpt lat="22.4063727433" lon="114.2609967713"><ele>359.000</ele></trkpt>
      <trkpt lat="22.4064008230" lon="114.2609858671"><ele>360.000</ele></trkpt>
      <trkpt lat="22.4064211376" lon="114.2609762431"><ele>360.000</ele></trkpt>
      <trkpt lat="22.4064390637" lon="114.2609646908"><ele>360.000</ele></trkpt>
      <trkpt lat="22.4064587845" lon="114.2609473570"><ele>360.000</ele></trkpt>
      <trkpt lat="22.4064832832" lon="114.2609319540"><ele>360.000</ele></trkpt>
      <trkpt lat="22.4065053931" lon="114.2609152646"><ele>360.000</ele></trkpt>
      <trkpt lat="22.4065251102" lon="114.2609049982"><ele>360.000</ele></trkpt>
      <trkpt lat="22.4065436329" lon="114.2608940882"><ele>360.000</ele></trkpt>
      <trkpt lat="22.4065531961" lon="114.2608838158"><ele>360.000</ele></trkpt>
      <trkpt lat="22.4065597710" lon="114.2608754684"><ele>360.000</ele></trkpt>
      <trkpt lat="22.4065633620" lon="114.2608606947"><ele>360.000</ele></trkpt>
      <trkpt lat="22.4065681593" lon="114.2608253653"><ele>360.000</ele></trkpt>
      <trkpt lat="22.4065759556" lon="114.2607656256"><ele>360.000</ele></trkpt>
      <trkpt lat="22.4065813552" lon="114.2607200184"><ele>362.000</ele></trkpt>
      <trkpt lat="22.4065855526" lon="114.2606885423"><ele>362.000</ele></trkpt>
      <trkpt lat="22.4065909414" lon="114.2606654193"><ele>362.000</ele></trkpt>
      <trkpt lat="22.4065951305" lon="114.2606500040"><ele>362.000</ele></trkpt>
      <trkpt lat="22.4066023083" lon="114.2606300929"><ele>364.000</ele></trkpt>
      <trkpt lat="22.4066124711" lon="114.2606146812"><ele>364.000</ele></trkpt>
      <trkpt lat="22.4066250250" lon="114.2605960591"><ele>364.000</ele></trkpt>
      <trkpt lat="22.4066417600" lon="114.2605774396"><ele>363.000</ele></trkpt>
      <trkpt lat="22.4066590933" lon="114.2605562496"><ele>364.000</ele></trkpt>
      <trkpt lat="22.4066776199" lon="114.2605376311"><ele>362.000</ele></trkpt>
      <trkpt lat="22.4066943529" lon="114.2605228663"><ele>364.000</ele></trkpt>
      <trkpt lat="22.4067146708" lon="114.2605068177"><ele>364.000</ele></trkpt>
      <trkpt lat="22.4067284159" lon="114.2604933349"><ele>364.000</ele></trkpt>
      <trkpt lat="22.4067535230" lon="114.2604573757"><ele>364.000</ele></trkpt>
      <trkpt lat="22.4067899867" lon="114.2604060044"><ele>364.000</ele></trkpt>
      <trkpt lat="22.4068414021" lon="114.2603180248"><ele>368.000</ele></trkpt>
      <trkpt lat="22.4068868384" lon="114.2602422467"><ele>370.000</ele></trkpt>
      <trkpt lat="22.4069179206" lon="114.2602017942"><ele>370.000</ele></trkpt>
      <trkpt lat="22.4069340617" lon="114.2601754648"><ele>370.000</ele></trkpt>
      <trkpt lat="22.4069400406" lon="114.2601651892"><ele>370.000</ele></trkpt>
      <trkpt lat="22.4069382526" lon="114.2601581226"><ele>370.000</ele></trkpt>
      <trkpt lat="22.4069316834" lon="114.2601555489"><ele>370.000</ele></trkpt>
      <trkpt lat="22.4069227217" lon="114.2601587553"><ele>370.000</ele></trkpt>
      <trkpt lat="22.4068904597" lon="114.2601702992"><ele>372.000</ele></trkpt>
      <trkpt lat="22.4068432630" lon="114.2601856889"><ele>373.000</ele></trkpt>
      <trkpt lat="22.4068157810" lon="114.2601933819"><ele>375.000</ele></trkpt>
      <trkpt lat="22.4067853142" lon="114.2601997873"><ele>373.000</ele></trkpt>
      <trkpt lat="22.4067530559" lon="114.2602042657"><ele>374.000</ele></trkpt>
      <trkpt lat="22.4067213977" lon="114.2602042468"><ele>374.000</ele></trkpt>
      <trkpt lat="22.4066939187" lon="114.2602080841"><ele>374.000</ele></trkpt>
      <trkpt lat="22.4066598672" lon="114.2602138454"><ele>374.000</ele></trkpt>
      <trkpt lat="22.4066282040" lon="114.2602234627"><ele>374.000</ele></trkpt>
      <trkpt lat="22.4066102822" lon="114.2602266648"><ele>374.000</ele></trkpt>
      <trkpt lat="22.4065947506" lon="114.2602285824"><ele>376.000</ele></trkpt>
      <trkpt lat="22.4065780259" lon="114.2602272875"><ele>376.000</ele></trkpt>
      <trkpt lat="22.4065702626" lon="114.2602234282"><ele>376.000</ele></trkpt>
      <trkpt lat="22.4065714606" lon="114.2602170054"><ele>376.000</ele></trkpt>
      <trkpt lat="22.4065792283" lon="114.2602125133"><ele>376.000</ele></trkpt>
      <trkpt lat="22.4065935688" lon="114.2602035276"><ele>376.000</ele></trkpt>
      <trkpt lat="22.4066073147" lon="114.2601900449"><ele>378.000</ele></trkpt>
      <trkpt lat="22.4066192691" lon="114.2601746342"><ele>378.000</ele></trkpt>
      <trkpt lat="22.4066318260" lon="114.2601502305"><ele>378.000</ele></trkpt>
      <trkpt lat="22.4066378116" lon="114.2601251800"><ele>380.000</ele></trkpt>
      <trkpt lat="22.4066396125" lon="114.2601091213"><ele>380.000</ele></trkpt>
      <trkpt lat="22.4066354366" lon="114.2600988396"><ele>380.000</ele></trkpt>
      <trkpt lat="22.4066306657" lon="114.2600834190"><ele>380.000</ele></trkpt>
      <trkpt lat="22.4066348521" lon="114.2600731433"><ele>380.000</ele></trkpt>
      <trkpt lat="22.4066426223" lon="114.2600635116"><ele>380.000</ele></trkpt>
      <trkpt lat="22.4066575613" lon="114.2600532423"><ele>380.000</ele></trkpt>
      <trkpt lat="22.4066928127" lon="114.2600359176"><ele>380.000</ele></trkpt>
      <trkpt lat="22.4067280626" lon="114.2600211637"><ele>380.000</ele></trkpt>
      <trkpt lat="22.4067501688" lon="114.2600115406"><ele>380.000</ele></trkpt>
      <trkpt lat="22.4067758599" lon="114.2600006348"><ele>379.000</ele></trkpt>
      <trkpt lat="22.4067824324" lon="114.2599967840"><ele>380.000</ele></trkpt>
      <trkpt lat="22.4067854224" lon="114.2599897193"><ele>380.000</ele></trkpt>
      <trkpt lat="22.4067848299" lon="114.2599794397"><ele>380.000</ele></trkpt>
      <trkpt lat="22.4067794603" lon="114.2599672314"><ele>379.000</ele></trkpt>
      <trkpt lat="22.4067746896" lon="114.2599530957"><ele>378.000</ele></trkpt>
      <trkpt lat="22.4067746965" lon="114.2599396047"><ele>378.000</ele></trkpt>
      <trkpt lat="22.4067747021" lon="114.2599286835"><ele>378.000</ele></trkpt>
      <trkpt lat="22.4067759071" lon="114.2599087698"><ele>378.000</ele></trkpt>
      <trkpt lat="22.4067765172" lon="114.2598830741"><ele>378.000</ele></trkpt>
      <trkpt lat="22.4067717545" lon="114.2598515926"><ele>376.000</ele></trkpt>
      <trkpt lat="22.4067651990" lon="114.2598220380"><ele>376.000</ele></trkpt>
      <trkpt lat="22.4067538649" lon="114.2597937654"><ele>374.000</ele></trkpt>
      <trkpt lat="22.4067419291" lon="114.2597712740"><ele>374.000</ele></trkpt>
      <trkpt lat="22.4067270075" lon="114.2597494229"><ele>373.000</ele></trkpt>
      <trkpt lat="22.4067079036" lon="114.2597282121"><ele>373.000</ele></trkpt>
      <trkpt lat="22.4066840226" lon="114.2597050708"><ele>373.000</ele></trkpt>
      <trkpt lat="22.4066589452" lon="114.2596832145"><ele>373.000</ele></trkpt>
      <trkpt lat="22.4066320775" lon="114.2596607143"><ele>372.000</ele></trkpt>
      <trkpt lat="22.4066087911" lon="114.2596420700"><ele>372.000</ele></trkpt>
      <trkpt lat="22.4065902817" lon="114.2596272842"><ele>370.000</ele></trkpt>
      <trkpt lat="22.4065789374" lon="114.2596169983"><ele>370.000</ele></trkpt>
      <trkpt lat="22.4065741624" lon="114.2596092870"><ele>370.000</ele></trkpt>
      <trkpt lat="22.4065705822" lon="114.2596015755"><ele>370.000</ele></trkpt>
      <trkpt lat="22.4065705904" lon="114.2595855157"><ele>370.000</ele></trkpt>
      <trkpt lat="22.4065729960" lon="114.2595540386"><ele>372.000</ele></trkpt>
      <trkpt lat="22.4065753992" lon="114.2595270591"><ele>372.000</ele></trkpt>
      <trkpt lat="22.4065784024" lon="114.2594942984"><ele>374.000</ele></trkpt>
      <trkpt lat="22.4065861871" lon="114.2594564009"><ele>372.000</ele></trkpt>
      <trkpt lat="22.4065933755" lon="114.2594172182"><ele>371.000</ele></trkpt>
      <trkpt lat="22.4065999628" lon="114.2593844586"><ele>371.000</ele></trkpt>
      <trkpt lat="22.4066083451" lon="114.2593452766"><ele>370.000</ele></trkpt>
      <trkpt lat="22.4066107411" lon="114.2593324300"><ele>370.000</ele></trkpt>
      <trkpt lat="22.4066107473" lon="114.2593202240"><ele>370.000</ele></trkpt>
      <trkpt lat="22.4066107529" lon="114.2593093028"><ele>370.000</ele></trkpt>
      <trkpt lat="22.4066071766" lon="114.2592938829"><ele>370.000</ele></trkpt>
      <trkpt lat="22.4066012113" lon="114.2592791045"><ele>370.000</ele></trkpt>
      <trkpt lat="22.4065892764" lon="114.2592546854"><ele>368.000</ele></trkpt>
      <trkpt lat="22.4065821204" lon="114.2592321969"><ele>368.000</ele></trkpt>
      <trkpt lat="22.4065767563" lon="114.2592090675"><ele>368.000</ele></trkpt>
      <trkpt lat="22.4065731806" lon="114.2591923627"><ele>368.000</ele></trkpt>
      <trkpt lat="22.4065708138" lon="114.2591480347"><ele>370.000</ele></trkpt>
      <trkpt lat="22.4065684415" lon="114.2591159128"><ele>371.000</ele></trkpt>
      <trkpt lat="22.4065654749" lon="114.2590754392"><ele>372.000</ele></trkpt>
      <trkpt lat="22.4065631047" lon="114.2590375357"><ele>372.000</ele></trkpt>
      <trkpt lat="22.4065577491" lon="114.2589977027"><ele>374.000</ele></trkpt>
      <trkpt lat="22.4065511932" lon="114.2589687911"><ele>376.000</ele></trkpt>
      <trkpt lat="22.4065482221" lon="114.2589385957"><ele>376.000</ele></trkpt>
      <trkpt lat="22.4065494309" lon="114.2589109725"><ele>377.000</ele></trkpt>
      <trkpt lat="22.4065494439" lon="114.2588852765"><ele>378.000</ele></trkpt>
      <trkpt lat="22.4065494563" lon="114.2588608644"><ele>378.000</ele></trkpt>
      <trkpt lat="22.4065536524" lon="114.2588313162"><ele>378.000</ele></trkpt>
      <trkpt lat="22.4065572464" lon="114.2588120468"><ele>378.000</ele></trkpt>
      <trkpt lat="22.4065638268" lon="114.2587927771"><ele>378.000</ele></trkpt>
      <trkpt lat="22.4065757807" lon="114.2587780093"><ele>378.000</ele></trkpt>
      <trkpt lat="22.4065865382" lon="114.2587664525"><ele>378.000</ele></trkpt>
      <trkpt lat="22.4066050682" lon="114.2587426942"><ele>378.000</ele></trkpt>
      <trkpt lat="22.4066301718" lon="114.2587112303"><ele>379.000</ele></trkpt>
      <trkpt lat="22.4066427235" lon="114.2586964628"><ele>379.000</ele></trkpt>
      <trkpt lat="22.4066522876" lon="114.2586823355"><ele>380.000</ele></trkpt>
      <trkpt lat="22.4066606560" lon="114.2586701343"><ele>380.000</ele></trkpt>
      <trkpt lat="22.4066624557" lon="114.2586560025"><ele>380.000</ele></trkpt>
      <trkpt lat="22.4066684396" lon="114.2586341636"><ele>380.000</ele></trkpt>
      <trkpt lat="22.4066821889" lon="114.2586136143"><ele>380.000</ele></trkpt>
      <trkpt lat="22.4067102778" lon="114.2585860078"><ele>380.000</ele></trkpt>
      <trkpt lat="22.4067539022" lon="114.2585468453"><ele>380.000</ele></trkpt>
      <trkpt lat="22.4067778048" lon="114.2585275877"><ele>380.000</ele></trkpt>
      <trkpt lat="22.4067933394" lon="114.2585198874"><ele>378.000</ele></trkpt>
      <trkpt lat="22.4068118635" lon="114.2585076932"><ele>378.000</ele></trkpt>
      <trkpt lat="22.4068321812" lon="114.2584897174"><ele>376.000</ele></trkpt>
      <trkpt lat="22.4068519027" lon="114.2584704564"><ele>376.000</ele></trkpt>
      <trkpt lat="22.4068686397" lon="114.2584473389"><ele>378.000</ele></trkpt>
      <trkpt lat="22.4068800003" lon="114.2584255042"><ele>377.000</ele></trkpt>
      <trkpt lat="22.4068871810" lon="114.2584010962"><ele>378.000</ele></trkpt>
      <trkpt lat="22.4068919726" lon="114.2583741180"><ele>378.000</ele></trkpt>
      <trkpt lat="22.4068949706" lon="114.2583529203"><ele>380.000</ele></trkpt>
      <trkpt lat="22.4068979693" lon="114.2583285099"><ele>380.000</ele></trkpt>
      <trkpt lat="22.4068979849" lon="114.2582976743"><ele>380.000</ele></trkpt>
      <trkpt lat="22.4068932234" lon="114.2582629821"><ele>380.000</ele></trkpt>
      <trkpt lat="22.4068818897" lon="114.2582314968"><ele>380.000</ele></trkpt>
      <trkpt lat="22.4068723447" lon="114.2582077221"><ele>380.000</ele></trkpt>
      <trkpt lat="22.4068616066" lon="114.2581807348"><ele>380.000</ele></trkpt>
      <trkpt lat="22.4068580341" lon="114.2581576055"><ele>380.000</ele></trkpt>
      <trkpt lat="22.4068562557" lon="114.2581293386"><ele>380.000</ele></trkpt>
      <trkpt lat="22.4068532813" lon="114.2581055677"><ele>380.000</ele></trkpt>
      <trkpt lat="22.4068550855" lon="114.2580824415"><ele>380.000</ele></trkpt>
      <trkpt lat="22.4068568894" lon="114.2580580313"><ele>380.000</ele></trkpt>
      <trkpt lat="22.4068598877" lon="114.2580342639"><ele>380.000</ele></trkpt>
      <trkpt lat="22.4068634861" lon="114.2580060001"><ele>380.000</ele></trkpt>
      <trkpt lat="22.4068694762" lon="114.2579732401"><ele>380.000</ele></trkpt>
      <trkpt lat="22.4068820421" lon="114.2579282787"><ele>380.000</ele></trkpt>
      <trkpt lat="22.4068916216" lon="114.2578852425"><ele>380.000</ele></trkpt>
      <trkpt lat="22.4068994001" lon="114.2578589080"><ele>380.000</ele></trkpt>
      <trkpt lat="22.4069059816" lon="114.2578370704"><ele>380.000</ele></trkpt>
      <trkpt lat="22.4069179419" lon="114.2578094535"><ele>380.000</ele></trkpt>
      <trkpt lat="22.4069287023" lon="114.2577921140"><ele>380.000</ele></trkpt>
      <trkpt lat="22.4069352803" lon="114.2577773429"><ele>380.000</ele></trkpt>
      <trkpt lat="22.4069388738" lon="114.2577587154"><ele>382.000</ele></trkpt>
      <trkpt lat="22.4069406783" lon="114.2577349472"><ele>382.000</ele></trkpt>
      <trkpt lat="22.4069412874" lon="114.2577105354"><ele>382.000</ele></trkpt>
      <trkpt lat="22.4069425001" lon="114.2576745608"><ele>382.000</ele></trkpt>
      <trkpt lat="22.4069419180" lon="114.2576430828"><ele>382.000</ele></trkpt>
      <trkpt lat="22.4069419331" lon="114.2576128891"><ele>384.000</ele></trkpt>
      <trkpt lat="22.4069443348" lon="114.2575884793"><ele>384.000</ele></trkpt>
      <trkpt lat="22.4069503203" lon="114.2575647135"><ele>385.000</ele></trkpt>
      <trkpt lat="22.4069569031" lon="114.2575403051"><ele>385.000</ele></trkpt>
      <trkpt lat="22.4069664707" lon="114.2575191112"><ele>386.000</ele></trkpt>
      <trkpt lat="22.4069736509" lon="114.2574953461"><ele>386.000</ele></trkpt>
      <trkpt lat="22.4069808271" lon="114.2574780056"><ele>386.000</ele></trkpt>
      <trkpt lat="22.4069862109" lon="114.2574619479"><ele>386.000</ele></trkpt>
      <trkpt lat="22.4069886113" lon="114.2574401079"><ele>386.000</ele></trkpt>
      <trkpt lat="22.4069850370" lon="114.2574221181"><ele>386.000</ele></trkpt>
      <trkpt lat="22.4069790713" lon="114.2574060539"><ele>386.000</ele></trkpt>
      <trkpt lat="22.4069647498" lon="114.2573771378"><ele>385.000</ele></trkpt>
      <trkpt lat="22.4069510249" lon="114.2573488630"><ele>386.000</ele></trkpt>
      <trkpt lat="22.4069331220" lon="114.2573160901"><ele>384.000</ele></trkpt>
      <trkpt lat="22.4069241722" lon="114.2572955275"><ele>384.000</ele></trkpt>
      <trkpt lat="22.4069199972" lon="114.2572813922"><ele>384.000</ele></trkpt>
      <trkpt lat="22.4069170192" lon="114.2572646877"><ele>384.000</ele></trkpt>
      <trkpt lat="22.4069176243" lon="114.2572499132"><ele>384.000</ele></trkpt>
      <trkpt lat="22.4069194249" lon="114.2572319266"><ele>384.000</ele></trkpt>
      <trkpt lat="22.4069248113" lon="114.2572107302"><ele>384.000</ele></trkpt>
      <trkpt lat="22.4069290020" lon="114.2571914601"><ele>384.000</ele></trkpt>
      <trkpt lat="22.4069403643" lon="114.2571657696"><ele>384.000</ele></trkpt>
      <trkpt lat="22.4069499318" lon="114.2571445756"><ele>384.000</ele></trkpt>
      <trkpt lat="22.4069589005" lon="114.2571272361"><ele>386.000</ele></trkpt>
      <trkpt lat="22.4069702576" lon="114.2571118247"><ele>384.000</ele></trkpt>
      <trkpt lat="22.4069780300" lon="114.2570976953"><ele>384.000</ele></trkpt>
      <trkpt lat="22.4069917753" lon="114.2570848561"><ele>387.000</ele></trkpt>
      <trkpt lat="22.4070031287" lon="114.2570752263"><ele>387.000</ele></trkpt>
      <trkpt lat="22.4070120933" lon="114.2570662372"><ele>387.000</ele></trkpt>
      <trkpt lat="22.4070174752" lon="114.2570540342"><ele>387.000</ele></trkpt>
      <trkpt lat="22.4070210696" lon="114.2570334788"><ele>390.000</ele></trkpt>
      <trkpt lat="22.4070252653" lon="114.2570039313"><ele>390.000</ele></trkpt>
      <trkpt lat="22.4070276628" lon="114.2569878719"><ele>392.000</ele></trkpt>
      <trkpt lat="22.4070294665" lon="114.2569634617"><ele>392.000</ele></trkpt>
      <trkpt lat="22.4070330670" lon="114.2569307002"><ele>394.000</ele></trkpt>
      <trkpt lat="22.4070360635" lon="114.2569120723"><ele>394.000</ele></trkpt>
      <trkpt lat="22.4070414536" lon="114.2568831666"><ele>395.000</ele></trkpt>
      <trkpt lat="22.4070450474" lon="114.2568619692"><ele>395.000</ele></trkpt>
      <trkpt lat="22.4070456545" lon="114.2568433399"><ele>396.000</ele></trkpt>
      <trkpt lat="22.4070468626" lon="114.2568163586"><ele>396.000</ele></trkpt>
      <trkpt lat="22.4070468718" lon="114.2567977290"><ele>398.000</ele></trkpt>
      <trkpt lat="22.4070450942" lon="114.2567675342"><ele>398.000</ele></trkpt>
      <trkpt lat="22.4070397301" lon="114.2567437619"><ele>398.000</ele></trkpt>
      <trkpt lat="22.4070289939" lon="114.2567122781"><ele>398.000</ele></trkpt>
      <trkpt lat="22.4070194452" lon="114.2566955699"><ele>399.000</ele></trkpt>
      <trkpt lat="22.4070116869" lon="114.2566814325"><ele>399.000</ele></trkpt>
      <trkpt lat="22.4070081116" lon="114.2566634428"><ele>400.000</ele></trkpt>
      <trkpt lat="22.4070069279" lon="114.2566409578"><ele>401.000</ele></trkpt>
      <trkpt lat="22.4070045556" lon="114.2566062660"><ele>401.000</ele></trkpt>
      <trkpt lat="22.4070039691" lon="114.2565850662"><ele>403.000</ele></trkpt>
      <trkpt lat="22.4070045730" lon="114.2565709336"><ele>403.000</ele></trkpt>
      <trkpt lat="22.4070069707" lon="114.2565542322"><ele>406.000</ele></trkpt>
      <trkpt lat="22.4070129561" lon="114.2565304664"><ele>404.000</ele></trkpt>
      <trkpt lat="22.4070201360" lon="114.2565054164"><ele>407.000</ele></trkpt>
      <trkpt lat="22.4070303050" lon="114.2564765133"><ele>407.000</ele></trkpt>
      <trkpt lat="22.4070404712" lon="114.2564533928"><ele>410.000</ele></trkpt>
      <trkpt lat="22.4070524277" lon="114.2564328421"><ele>410.000</ele></trkpt>
      <trkpt lat="22.4070661727" lon="114.2564206439"><ele>408.000</ele></trkpt>
      <trkpt lat="22.4070852936" lon="114.2564065218"><ele>412.000</ele></trkpt>
      <trkpt lat="22.4071050136" lon="114.2563898303"><ele>411.000</ele></trkpt>
      <trkpt lat="22.4071432578" lon="114.2563603012"><ele>414.000</ele></trkpt>
      <trkpt lat="22.4071671586" lon="114.2563442549"><ele>414.000</ele></trkpt>
      <trkpt lat="22.4071844900" lon="114.2563275620"><ele>414.000</ele></trkpt>
      <trkpt lat="22.4071922622" lon="114.2563134325"><ele>419.000</ele></trkpt>
      <trkpt lat="22.4072018277" lon="114.2562960932"><ele>419.000</ele></trkpt>
      <trkpt lat="22.4072060189" lon="114.2562755381"><ele>419.000</ele></trkpt>
      <trkpt lat="22.4072018498" lon="114.2562511245"><ele>420.000</ele></trkpt>
      <trkpt lat="22.4071958881" lon="114.2562267089"><ele>420.000</ele></trkpt>
      <trkpt lat="22.4071863441" lon="114.2562003654"><ele>423.000</ele></trkpt>
      <trkpt lat="22.4071791902" lon="114.2561708095"><ele>423.000</ele></trkpt>
      <trkpt lat="22.4071762158" lon="114.2561463966"><ele>427.000</ele></trkpt>
      <trkpt lat="22.4071762268" lon="114.2561239122"><ele>427.000</ele></trkpt>
      <trkpt lat="22.4071863889" lon="114.2561091421"><ele>431.000</ele></trkpt>
      <trkpt lat="22.4071977469" lon="114.2560918038"><ele>428.000</ele></trkpt>
      <trkpt lat="22.4072031297" lon="114.2560776738"><ele>428.000</ele></trkpt>
      <trkpt lat="22.4072055320" lon="114.2560513361"><ele>432.000</ele></trkpt>
      <trkpt lat="22.4071971755" lon="114.2560378404"><ele>432.000</ele></trkpt>
      <trkpt lat="22.4071762738" lon="114.2560281922"><ele>434.000</ele></trkpt>
      <trkpt lat="22.4071511884" lon="114.2560236813"><ele>434.000</ele></trkpt>
      <trkpt lat="22.4071284918" lon="114.2560185289"><ele>436.000</ele></trkpt>
      <trkpt lat="22.4071093795" lon="114.2560153063"><ele>436.000</ele></trkpt>
      <trkpt lat="22.4070741400" lon="114.2560075779"><ele>438.000</ele></trkpt>
      <trkpt lat="22.4070526388" lon="114.2560030680"><ele>438.000</ele></trkpt>
      <trkpt lat="22.4070251693" lon="114.2559876346"><ele>438.000</ele></trkpt>
      <trkpt lat="22.4070030740" lon="114.2559754170"><ele>438.000</ele></trkpt>
      <trkpt lat="22.4069881450" lon="114.2559657722"><ele>440.000</ele></trkpt>
      <trkpt lat="22.4069779965" lon="114.2559548453"><ele>440.000</ele></trkpt>
      <trkpt lat="22.4069714322" lon="114.2559400657"><ele>440.000</ele></trkpt>
      <trkpt lat="22.4069696572" lon="114.2559060172"><ele>443.000</ele></trkpt>
      <trkpt lat="22.4069702667" lon="114.2558822484"><ele>443.000</ele></trkpt>
      <trkpt lat="22.4069750541" lon="114.2558629785"><ele>446.000</ele></trkpt>
      <trkpt lat="22.4069804372" lon="114.2558482066"><ele>446.000</ele></trkpt>
      <trkpt lat="22.4069870153" lon="114.2558327925"><ele>446.000</ele></trkpt>
      <trkpt lat="22.4069918037" lon="114.2558135226"><ele>448.000</ele></trkpt>
      <trkpt lat="22.4069971902" lon="114.2557916833"><ele>448.000</ele></trkpt>
      <trkpt lat="22.4069995872" lon="114.2557762668"><ele>450.000</ele></trkpt>
      <trkpt lat="22.4069989978" lon="114.2557608486"><ele>450.000</ele></trkpt>
      <trkpt lat="22.4069978137" lon="114.2557390066"><ele>450.000</ele></trkpt>
      <trkpt lat="22.4069966265" lon="114.2557235880"><ele>452.000</ele></trkpt>
      <trkpt lat="22.4069954374" lon="114.2557120232"><ele>452.000</ele></trkpt>
      <trkpt lat="22.4069960422" lon="114.2556959638"><ele>452.000</ele></trkpt>
      <trkpt lat="22.4069978404" lon="114.2556844007"><ele>452.000</ele></trkpt>
      <trkpt lat="22.4070038191" lon="114.2556721989"><ele>454.000</ele></trkpt>
      <trkpt lat="22.4070086049" lon="114.2556580687"><ele>454.000</ele></trkpt>
      <trkpt lat="22.4070086131" lon="114.2556413659"><ele>454.000</ele></trkpt>
      <trkpt lat="22.4070074249" lon="114.2556278743"><ele>457.000</ele></trkpt>
      <trkpt lat="22.4070044482" lon="114.2556079580"><ele>457.000</ele></trkpt>
      <trkpt lat="22.4070008750" lon="114.2555854717"><ele>460.000</ele></trkpt>
      <trkpt lat="22.4070008859" lon="114.2555629874"><ele>460.000</ele></trkpt>
      <trkpt lat="22.4070008966" lon="114.2555411450"><ele>460.000</ele></trkpt>
      <trkpt lat="22.4070044911" lon="114.2555199476"><ele>461.000</ele></trkpt>
      <trkpt lat="22.4070110711" lon="114.2555006787"><ele>461.000</ele></trkpt>
      <trkpt lat="22.4070200427" lon="114.2554769146"><ele>464.000</ele></trkpt>
      <trkpt lat="22.4070337911" lon="114.2554557229"><ele>464.000</ele></trkpt>
      <trkpt lat="22.4070505289" lon="114.2554300352"><ele>466.000</ele></trkpt>
      <trkpt lat="22.4070642817" lon="114.2554017770"><ele>466.000</ele></trkpt>
      <trkpt lat="22.4070738492" lon="114.2553799410"><ele>468.000</ele></trkpt>
      <trkpt lat="22.4070756471" lon="114.2553670930"><ele>468.000</ele></trkpt>
      <trkpt lat="22.4070774494" lon="114.2553471794"><ele>468.000</ele></trkpt>
      <trkpt lat="22.4070774587" lon="114.2553279069"><ele>471.000</ele></trkpt>
      <trkpt lat="22.4070750780" lon="114.2553099179"><ele>471.000</ele></trkpt>
      <trkpt lat="22.4070577725" lon="114.2552752187"><ele>473.000</ele></trkpt>
      <trkpt lat="22.4070398724" lon="114.2552340937"><ele>476.000</ele></trkpt>
      <trkpt lat="22.4070327130" lon="114.2552154600"><ele>476.000</ele></trkpt>
      <trkpt lat="22.4070213822" lon="114.2551788364"><ele>476.000</ele></trkpt>
      <trkpt lat="22.4070148271" lon="114.2551467121"><ele>476.000</ele></trkpt>
      <trkpt lat="22.4070076734" lon="114.2551165143"><ele>477.000</ele></trkpt>
      <trkpt lat="22.4069981288" lon="114.2550908129"><ele>478.000</ele></trkpt>
      <trkpt lat="22.4069867883" lon="114.2550721759"><ele>478.000</ele></trkpt>
      <trkpt lat="22.4069784336" lon="114.2550567534"><ele>478.000</ele></trkpt>
      <trkpt lat="22.4069754509" lon="114.2550471155"><ele>480.000</ele></trkpt>
      <trkpt lat="22.4069748590" lon="114.2550368369"><ele>480.000</ele></trkpt>
      <trkpt lat="22.4069790448" lon="114.2550272030"><ele>480.000</ele></trkpt>
      <trkpt lat="22.4069850222" lon="114.2550194979"><ele>480.000</ele></trkpt>
      <trkpt lat="22.4069898030" lon="114.2550137190"><ele>480.000</ele></trkpt>
      <trkpt lat="22.4069963764" lon="114.2550079401"><ele>480.000</ele></trkpt>
      <trkpt lat="22.4070017560" lon="114.2550002347"><ele>482.000</ele></trkpt>
      <trkpt lat="22.4070029557" lon="114.2549899571"><ele>482.000</ele></trkpt>
      <trkpt lat="22.4070029600" lon="114.2549809628"><ele>482.000</ele></trkpt>
      <trkpt lat="22.4070029653" lon="114.2549700416"><ele>482.000</ele></trkpt>
      <trkpt lat="22.4070035690" lon="114.2549578368"><ele>482.000</ele></trkpt>
      <trkpt lat="22.4070035743" lon="114.2549469156"><ele>485.000</ele></trkpt>
      <trkpt lat="22.4070071641" lon="114.2549353545"><ele>485.000</ele></trkpt>
      <trkpt lat="22.4070137415" lon="114.2549212242"><ele>484.000</ele></trkpt>
      <trkpt lat="22.4070233065" lon="114.2549045268"><ele>486.000</ele></trkpt>
      <trkpt lat="22.4070334731" lon="114.2548801213"><ele>486.000</ele></trkpt>
      <trkpt lat="22.4070394545" lon="114.2548621370"><ele>486.000</ele></trkpt>
      <trkpt lat="22.4070424483" lon="114.2548486476"><ele>489.000</ele></trkpt>
      <trkpt lat="22.4070424536" lon="114.2548377274"><ele>489.000</ele></trkpt>
      <trkpt lat="22.4070412675" lon="114.2548197391"><ele>489.000</ele></trkpt>
      <trkpt lat="22.4070341109" lon="114.2547953229"><ele>492.000</ele></trkpt>
      <trkpt lat="22.4070251595" lon="114.2547773303"><ele>492.000</ele></trkpt>
      <trkpt lat="22.4070162063" lon="114.2547651192"><ele>492.000</ele></trkpt>
      <trkpt lat="22.4070072521" lon="114.2547529091"><ele>494.000</ele></trkpt>
      <trkpt lat="22.4069982983" lon="114.2547400560"><ele>494.000</ele></trkpt>
      <trkpt lat="22.4069923308" lon="114.2547272047"><ele>494.000</ele></trkpt>
      <trkpt lat="22.4069905475" lon="114.2547098580"><ele>494.000</ele></trkpt>
      <trkpt lat="22.4069911534" lon="114.2546912287"><ele>494.000</ele></trkpt>
      <trkpt lat="22.4069917645" lon="114.2546636051"><ele>494.000</ele></trkpt>
      <trkpt lat="22.4069947617" lon="114.2546411224"><ele>496.000</ele></trkpt>
      <trkpt lat="22.4069959707" lon="114.2546115723"><ele>498.000</ele></trkpt>
      <trkpt lat="22.4069995647" lon="114.2545910168"><ele>498.000</ele></trkpt>
      <trkpt lat="22.4070001678" lon="114.2545781691"><ele>498.000</ele></trkpt>
      <trkpt lat="22.4069977849" lon="114.2545646768"><ele>500.000</ele></trkpt>
      <trkpt lat="22.4069936109" lon="114.2545498996"><ele>500.000</ele></trkpt>
      <trkpt lat="22.4069900371" lon="114.2545280552"><ele>500.000</ele></trkpt>
      <trkpt lat="22.4069924340" lon="114.2545126387"><ele>502.000</ele></trkpt>
      <trkpt lat="22.4069954346" lon="114.2544830895"><ele>502.000</ele></trkpt>
      <trkpt lat="22.4069954491" lon="114.2544528958"><ele>503.000</ele></trkpt>
      <trkpt lat="22.4069918837" lon="114.2544156346"><ele>504.000</ele></trkpt>
      <trkpt lat="22.4069918960" lon="114.2543899375"><ele>504.000</ele></trkpt>
      <trkpt lat="22.4069895152" lon="114.2543719485"><ele>504.000</ele></trkpt>
      <trkpt lat="22.4069853405" lon="114.2543584562"><ele>506.000</ele></trkpt>
      <trkpt lat="22.4069805672" lon="114.2543468894"><ele>506.000</ele></trkpt>
      <trkpt lat="22.4069823711" lon="114.2543211943"><ele>506.000</ele></trkpt>
      <trkpt lat="22.4069847711" lon="114.2542993533"><ele>506.000</ele></trkpt>
      <trkpt lat="22.4069907533" lon="114.2542813699"><ele>506.000</ele></trkpt>
      <trkpt lat="22.4069943459" lon="114.2542640262"><ele>508.000</ele></trkpt>
      <trkpt lat="22.4069997306" lon="114.2542453996"><ele>508.000</ele></trkpt>
      <trkpt lat="22.4070039213" lon="114.2542254874"><ele>508.000</ele></trkpt>
      <trkpt lat="22.4070057212" lon="114.2542081427"><ele>508.000</ele></trkpt>
      <trkpt lat="22.4070075221" lon="114.2541907989"><ele>508.000</ele></trkpt>
      <trkpt lat="22.4070129044" lon="114.2541773109"><ele>510.000</ele></trkpt>
      <trkpt lat="22.4070194820" lon="114.2541625396"><ele>510.000</ele></trkpt>
      <trkpt lat="22.4070284485" lon="114.2541490536"><ele>510.000</ele></trkpt>
      <trkpt lat="22.4070398048" lon="114.2541329991"><ele>510.000</ele></trkpt>
      <trkpt lat="22.4070433930" lon="114.2541246497"><ele>512.000</ele></trkpt>
      <trkpt lat="22.4070445936" lon="114.2541124452"><ele>512.000</ele></trkpt>
      <trkpt lat="22.4070452006" lon="114.2540931730"><ele>512.000</ele></trkpt>
      <trkpt lat="22.4070470006" lon="114.2540758283"><ele>512.000</ele></trkpt>
      <trkpt lat="22.4070458141" lon="114.2540584829"><ele>512.000</ele></trkpt>
      <trkpt lat="22.4070428366" lon="114.2540398516"><ele>512.000</ele></trkpt>
      <trkpt lat="22.4070362750" lon="114.2540212174"><ele>514.000</ele></trkpt>
      <trkpt lat="22.4070231442" lon="114.2539993688"><ele>514.000</ele></trkpt>
      <trkpt lat="22.4070094157" lon="114.2539775188"><ele>514.000</ele></trkpt>
      <trkpt lat="22.4069992685" lon="114.2539614534"><ele>514.000</ele></trkpt>
      <trkpt lat="22.4069939010" lon="114.2539441047"><ele>514.000</ele></trkpt>
      <trkpt lat="22.4069861470" lon="114.2539203312"><ele>516.000</ele></trkpt>
      <trkpt lat="22.4069807837" lon="114.2538939892"><ele>516.000</ele></trkpt>
      <trkpt lat="22.4069712368" lon="114.2538727845"><ele>518.000</ele></trkpt>
      <trkpt lat="22.4069622853" lon="114.2538547919"><ele>516.000</ele></trkpt>
      <trkpt lat="22.4069467666" lon="114.2538297293"><ele>518.000</ele></trkpt>
      <trkpt lat="22.4069372173" lon="114.2538117373"><ele>518.000</ele></trkpt>
      <trkpt lat="22.4069294609" lon="114.2537931025"><ele>518.000</ele></trkpt>
      <trkpt lat="22.4069264840" lon="114.2537731863"><ele>520.000</ele></trkpt>
      <trkpt lat="22.4069217185" lon="114.2537449178"><ele>520.000</ele></trkpt>
      <trkpt lat="22.4069145626" lon="114.2537205017"><ele>519.000</ele></trkpt>
      <trkpt lat="22.4069080046" lon="114.2536941591"><ele>519.000</ele></trkpt>
      <trkpt lat="22.4068942763" lon="114.2536716672"><ele>521.000</ele></trkpt>
      <trkpt lat="22.4068793554" lon="114.2536466049"><ele>521.000</ele></trkpt>
      <trkpt lat="22.4068620444" lon="114.2536208993"><ele>520.000</ele></trkpt>
      <trkpt lat="22.4068435362" lon="114.2536022595"><ele>520.000</ele></trkpt>
      <trkpt lat="22.4068274181" lon="114.2535823352"><ele>520.000</ele></trkpt>
      <trkpt lat="22.4068136858" lon="114.2535681947"><ele>520.000</ele></trkpt>
      <trkpt lat="22.4068017470" lon="114.2535521283"><ele>520.000</ele></trkpt>
      <trkpt lat="22.4067868249" lon="114.2535277080"><ele>521.000</ele></trkpt>
      <trkpt lat="22.4067760835" lon="114.2535058608"><ele>520.000</ele></trkpt>
      <trkpt lat="22.4067635530" lon="114.2534788720"><ele>520.000</ele></trkpt>
      <trkpt lat="22.4067540091" lon="114.2534493160"><ele>520.000</ele></trkpt>
      <trkpt lat="22.4067480501" lon="114.2534204049"><ele>522.000</ele></trkpt>
      <trkpt lat="22.4067379117" lon="114.2533857090"><ele>520.000</ele></trkpt>
      <trkpt lat="22.4067295626" lon="114.2533561527"><ele>520.000</ele></trkpt>
      <trkpt lat="22.4067247973" lon="114.2533291691"><ele>521.000</ele></trkpt>
      <trkpt lat="22.4067224206" lon="114.2533021869"><ele>522.000</ele></trkpt>
      <trkpt lat="22.4067230275" lon="114.2532809878"><ele>522.000</ele></trkpt>
      <trkpt lat="22.4067200554" lon="114.2532507925"><ele>522.000</ele></trkpt>
      <trkpt lat="22.4067188701" lon="114.2532308774"><ele>522.000</ele></trkpt>
      <trkpt lat="22.4067182826" lon="114.2532109625"><ele>522.000</ele></trkpt>
      <trkpt lat="22.4067176939" lon="114.2531916897"><ele>524.000</ele></trkpt>
      <trkpt lat="22.4067171070" lon="114.2531704900"><ele>524.000</ele></trkpt>
      <trkpt lat="22.4067105446" lon="114.2531531407"><ele>526.000</ele></trkpt>
      <trkpt lat="22.4067033871" lon="114.2531300106"><ele>526.000</ele></trkpt>
      <trkpt lat="22.4066932405" lon="114.2531126594"><ele>526.000</ele></trkpt>
      <trkpt lat="22.4066830933" lon="114.2530985209"><ele>526.000</ele></trkpt>
      <trkpt lat="22.4066759297" lon="114.2530882388"><ele>526.000</ele></trkpt>
      <trkpt lat="22.4066717526" lon="114.2530798852"><ele>526.000</ele></trkpt>
      <trkpt lat="22.4066729525" lon="114.2530689647"><ele>526.000</ele></trkpt>
      <trkpt lat="22.4066759461" lon="114.2530535485"><ele>528.000</ele></trkpt>
      <trkpt lat="22.4066634121" lon="114.2530317003"><ele>528.000</ele></trkpt>
      <trkpt lat="22.4066514727" lon="114.2530169179"><ele>528.000</ele></trkpt>
      <trkpt lat="22.4066413230" lon="114.2530059912"><ele>528.000</ele></trkpt>
      <trkpt lat="22.4066269920" lon="114.2529957052"><ele>528.000</ele></trkpt>
      <trkpt lat="22.4066072842" lon="114.2529873431"><ele>528.000</ele></trkpt>
      <trkpt lat="22.4065929501" lon="114.2529834806"><ele>527.000</ele></trkpt>
      <trkpt lat="22.4065684612" lon="114.2529796126"><ele>527.000</ele></trkpt>
      <trkpt lat="22.4065511413" lon="114.2529744645"><ele>527.000</ele></trkpt>
      <trkpt lat="22.4065320313" lon="114.2529641749"><ele>527.000</ele></trkpt>
      <trkpt lat="22.4065141170" lon="114.2529519601"><ele>530.000</ele></trkpt>
      <trkpt lat="22.4064932159" lon="114.2529403846"><ele>530.000</ele></trkpt>
      <trkpt lat="22.4064824679" lon="114.2529326703"><ele>530.000</ele></trkpt>
      <trkpt lat="22.4064693343" lon="114.2529166025"><ele>530.000</ele></trkpt>
      <trkpt lat="22.4064532134" lon="114.2529024608"><ele>531.000</ele></trkpt>
      <trkpt lat="22.4064412721" lon="114.2528896063"><ele>531.000</ele></trkpt>
      <trkpt lat="22.4064293320" lon="114.2528761089"><ele>531.000</ele></trkpt>
      <trkpt lat="22.4064096284" lon="114.2528587535"><ele>532.000</ele></trkpt>
      <trkpt lat="22.4063923109" lon="114.2528484659"><ele>532.000</ele></trkpt>
      <trkpt lat="22.4063726013" lon="114.2528439575"><ele>530.000</ele></trkpt>
      <trkpt lat="22.4063487111" lon="114.2528362361"><ele>530.000</ele></trkpt>
      <trkpt lat="22.4063313916" lon="114.2528304452"><ele>530.000</ele></trkpt>
      <trkpt lat="22.4063086971" lon="114.2528207966"><ele>530.000</ele></trkpt>
      <trkpt lat="22.4062871979" lon="114.2528117906"><ele>533.000</ele></trkpt>
      <trkpt lat="22.4062650997" lon="114.2528053551"><ele>533.000</ele></trkpt>
      <trkpt lat="22.4062495699" lon="114.2528034188"><ele>533.000</ele></trkpt>
      <trkpt lat="22.4062358316" lon="114.2528021265"><ele>534.000</ele></trkpt>
      <trkpt lat="22.4062256777" lon="114.2528001941"><ele>534.000</ele></trkpt>
      <trkpt lat="22.4062125386" lon="114.2527956903"><ele>534.000</ele></trkpt>
      <trkpt lat="22.4061994011" lon="114.2527879738"><ele>534.000</ele></trkpt>
      <trkpt lat="22.4061856672" lon="114.2527789730"><ele>534.000</ele></trkpt>
      <trkpt lat="22.4061713343" lon="114.2527725408"><ele>534.000</ele></trkpt>
      <trkpt lat="22.4061564015" lon="114.2527706058"><ele>534.000</ele></trkpt>
      <trkpt lat="22.4061408709" lon="114.2527705974"><ele>534.000</ele></trkpt>
      <trkpt lat="22.4061313139" lon="114.2527705922"><ele>534.000</ele></trkpt>
      <trkpt lat="22.4061229526" lon="114.2527667330"><ele>536.000</ele></trkpt>
      <trkpt lat="22.4061116055" lon="114.2527635150"><ele>536.000</ele></trkpt>
      <trkpt lat="22.4061026445" lon="114.2527654370"><ele>537.000</ele></trkpt>
      <trkpt lat="22.4060889037" lon="114.2527692842"><ele>535.000</ele></trkpt>
      <trkpt lat="22.4060709791" lon="114.2527789107"><ele>535.000</ele></trkpt>
      <trkpt lat="22.4060470799" lon="114.2527923886"><ele>536.000</ele></trkpt>
      <trkpt lat="22.4060267661" lon="114.2528013709"><ele>536.000</ele></trkpt>
      <trkpt lat="22.4060094441" lon="114.2528007195"><ele>538.000</ele></trkpt>
      <trkpt lat="22.4059789821" lon="114.2527974902"><ele>538.000</ele></trkpt>
      <trkpt lat="22.4059527004" lon="114.2527942642"><ele>539.000</ele></trkpt>
      <trkpt lat="22.4059216434" lon="114.2527871809"><ele>540.000</ele></trkpt>
      <trkpt lat="22.4059025300" lon="114.2527839588"><ele>540.000</ele></trkpt>
      <trkpt lat="22.4058869979" lon="114.2527871621"><ele>540.000</ele></trkpt>
      <trkpt lat="22.4058601123" lon="114.2527987105"><ele>542.000</ele></trkpt>
      <trkpt lat="22.4058433845" lon="114.2528038410"><ele>542.000</ele></trkpt>
      <trkpt lat="22.4058230783" lon="114.2527986904"><ele>544.000</ele></trkpt>
      <trkpt lat="22.4057854536" lon="114.2527832522"><ele>545.000</ele></trkpt>
      <trkpt lat="22.4057526070" lon="114.2527678166"><ele>546.000</ele></trkpt>
      <trkpt lat="22.4057293147" lon="114.2527600956"><ele>548.000</ele></trkpt>
      <trkpt lat="22.4057042310" lon="114.2527517307"><ele>548.000</ele></trkpt>
      <trkpt lat="22.4056910908" lon="114.2527497957"><ele>548.000</ele></trkpt>
      <trkpt lat="22.4056749632" lon="114.2527497870"><ele>548.000</ele></trkpt>
      <trkpt lat="22.4056540579" lon="114.2527472058"><ele>550.000</ele></trkpt>
      <trkpt lat="22.4056212110" lon="114.2527324132"><ele>550.000</ele></trkpt>
      <trkpt lat="22.4055859747" lon="114.2527195462"><ele>551.000</ele></trkpt>
      <trkpt lat="22.4055375999" lon="114.2527008895"><ele>552.000</ele></trkpt>
      <trkpt lat="22.4055011700" lon="114.2526854520"><ele>552.000</ele></trkpt>
      <trkpt lat="22.4054575726" lon="114.2526680838"><ele>554.000</ele></trkpt>
      <trkpt lat="22.4054301012" lon="114.2526558630"><ele>554.000</ele></trkpt>
      <trkpt lat="22.4054199491" lon="114.2526500760"><ele>554.000</ele></trkpt>
      <trkpt lat="22.4054044143" lon="114.2526590608"><ele>554.000</ele></trkpt>
      <trkpt lat="22.4053852970" lon="114.2526661168"><ele>554.000</ele></trkpt>
      <trkpt lat="22.4053667728" lon="114.2526795976"><ele>554.000</ele></trkpt>
      <trkpt lat="22.4053428709" lon="114.2526988569"><ele>554.000</ele></trkpt>
      <trkpt lat="22.4053231516" lon="114.2527149059"><ele>554.000</ele></trkpt>
      <trkpt lat="22.4053046264" lon="114.2527303135"><ele>556.000</ele></trkpt>
      <trkpt lat="22.4052867018" lon="114.2527418677"><ele>554.000</ele></trkpt>
      <trkpt lat="22.4052741539" lon="114.2527495693"><ele>554.000</ele></trkpt>
      <trkpt lat="22.4052669831" lon="114.2527566318"><ele>554.000</ele></trkpt>
      <trkpt lat="22.4052538356" lon="114.2527701154"><ele>556.000</ele></trkpt>
      <trkpt lat="22.4052454670" lon="114.2527816739"><ele>554.000</ele></trkpt>
      <trkpt lat="22.4052370975" lon="114.2527970870"><ele>554.000</ele></trkpt>
      <trkpt lat="22.4052275324" lon="114.2528124995"><ele>554.000</ele></trkpt>
      <trkpt lat="22.4052197601" lon="114.2528272710"><ele>556.000</ele></trkpt>
      <trkpt lat="22.4052119882" lon="114.2528413995"><ele>556.000</ele></trkpt>
      <trkpt lat="22.4052042156" lon="114.2528568129"><ele>556.000</ele></trkpt>
      <trkpt lat="22.4051970393" lon="114.2528754384"><ele>555.000</ele></trkpt>
      <trkpt lat="22.4051898591" lon="114.2529004883"><ele>555.000</ele></trkpt>
      <trkpt lat="22.4051844718" lon="114.2529248972"><ele>556.000</ele></trkpt>
      <trkpt lat="22.4051808773" lon="114.2529486642"><ele>556.000</ele></trkpt>
      <trkpt lat="22.4051796732" lon="114.2529685778"><ele>557.000</ele></trkpt>
      <trkpt lat="22.4051796605" lon="114.2529955585"><ele>557.000</ele></trkpt>
      <trkpt lat="22.4051778573" lon="114.2530180415"><ele>557.000</ele></trkpt>
      <trkpt lat="22.4051760560" lon="114.2530385978"><ele>557.000</ele></trkpt>
      <trkpt lat="22.4051718676" lon="114.2530540131"><ele>557.000</ele></trkpt>
      <trkpt lat="22.4051634960" lon="114.2530719960"><ele>558.000</ele></trkpt>
      <trkpt lat="22.4051533336" lon="114.2530880500"><ele>556.000</ele></trkpt>
      <trkpt lat="22.4051288284" lon="114.2531207998"><ele>558.000</ele></trkpt>
      <trkpt lat="22.4051156763" lon="114.2531419918"><ele>558.000</ele></trkpt>
      <trkpt lat="22.4051055127" lon="114.2531625434"><ele>558.000</ele></trkpt>
      <trkpt lat="22.4050923588" lon="114.2531895169"><ele>558.000</ele></trkpt>
      <trkpt lat="22.4050780108" lon="114.2532132779"><ele>558.000</ele></trkpt>
      <trkpt lat="22.4050660552" lon="114.2532325437"><ele>556.000</ele></trkpt>
      <trkpt lat="22.4050594789" lon="114.2532447460"><ele>556.000</ele></trkpt>
      <trkpt lat="22.4050546963" lon="114.2532543786"><ele>558.000</ele></trkpt>
      <trkpt lat="22.4050523023" lon="114.2532640134"><ele>558.000</ele></trkpt>
      <trkpt lat="22.4050487099" lon="114.2532813569"><ele>558.000</ele></trkpt>
      <trkpt lat="22.4050391410" lon="114.2533064055"><ele>558.000</ele></trkpt>
      <trkpt lat="22.4050283790" lon="114.2533263138"><ele>558.000</ele></trkpt>
      <trkpt lat="22.4050188129" lon="114.2533455809"><ele>557.000</ele></trkpt>
      <trkpt lat="22.4050062614" lon="114.2533609916"><ele>558.000</ele></trkpt>
      <trkpt lat="22.4049889336" lon="114.2533725451"><ele>558.000</ele></trkpt>
      <trkpt lat="22.4049620452" lon="114.2533898749"><ele>557.000</ele></trkpt>
      <trkpt lat="22.4049459140" lon="114.2533975753"><ele>557.000</ele></trkpt>
      <trkpt lat="22.4049232071" lon="114.2534142654"><ele>558.000</ele></trkpt>
      <trkpt lat="22.4048987109" lon="114.2534277428"><ele>558.000</ele></trkpt>
      <trkpt lat="22.4048742138" lon="114.2534412192"><ele>556.000</ele></trkpt>
      <trkpt lat="22.4048556931" lon="114.2534469905"><ele>556.000</ele></trkpt>
      <trkpt lat="22.4048353817" lon="114.2534527618"><ele>558.000</ele></trkpt>
      <trkpt lat="22.4048150679" lon="114.2534617439"><ele>558.000</ele></trkpt>
      <trkpt lat="22.4048013265" lon="114.2534688027"><ele>558.000</ele></trkpt>
      <trkpt lat="22.4047875829" lon="114.2534784313"><ele>556.000</ele></trkpt>
      <trkpt lat="22.4047720471" lon="114.2534893438"><ele>556.000</ele></trkpt>
      <trkpt lat="22.4047588998" lon="114.2535021844"><ele>558.000</ele></trkpt>
      <trkpt lat="22.4047517265" lon="114.2535124586"><ele>556.000</ele></trkpt>
      <trkpt lat="22.4047439560" lon="114.2535253022"><ele>556.000</ele></trkpt>
      <trkpt lat="22.4047284187" lon="114.2535394273"><ele>556.000</ele></trkpt>
      <trkpt lat="22.4047110906" lon="114.2535496959"><ele>558.000</ele></trkpt>
      <trkpt lat="22.4046955566" lon="114.2535567537"><ele>556.000</ele></trkpt>
      <trkpt lat="22.4046734499" lon="114.2535683046"><ele>556.000</ele></trkpt>
      <trkpt lat="22.4046519422" lon="114.2535753591"><ele>556.000</ele></trkpt>
      <trkpt lat="22.4046334231" lon="114.2535798465"><ele>556.000</ele></trkpt>
      <trkpt lat="22.4046208779" lon="114.2535836933"><ele>556.000</ele></trkpt>
      <trkpt lat="22.4046071365" lon="114.2535888253"><ele>554.000</ele></trkpt>
      <trkpt lat="22.4045904080" lon="114.2535952405"><ele>556.000</ele></trkpt>
      <trkpt lat="22.4045700960" lon="114.2536022957"><ele>556.000</ele></trkpt>
      <trkpt lat="22.4045521738" lon="114.2536067824"><ele>556.000</ele></trkpt>
      <trkpt lat="22.4045414190" lon="114.2536132000"><ele>556.000</ele></trkpt>
      <trkpt lat="22.4045264807" lon="114.2536228279"><ele>556.000</ele></trkpt>
      <trkpt lat="22.4045043728" lon="114.2536369484"><ele>554.000</ele></trkpt>
      <trkpt lat="22.4044900317" lon="114.2536478615"><ele>556.000</ele></trkpt>
      <trkpt lat="22.4044786776" lon="114.2536574914"><ele>555.000</ele></trkpt>
      <trkpt lat="22.4044667293" lon="114.2536613395"><ele>555.000</ele></trkpt>
      <trkpt lat="22.4044565736" lon="114.2536632607"><ele>555.000</ele></trkpt>
      <trkpt lat="22.4044416405" lon="114.2536638954"><ele>555.000</ele></trkpt>
      <trkpt lat="22.4044332773" lon="114.2536638908"><ele>555.000</ele></trkpt>
      <trkpt lat="22.4044177455" lon="114.2536683789"><ele>555.000</ele></trkpt>
      <trkpt lat="22.4044010183" lon="114.2536722243"><ele>555.000</ele></trkpt>
      <trkpt lat="22.4043842914" lon="114.2536754268"><ele>556.000</ele></trkpt>
      <trkpt lat="22.4043765266" lon="114.2536741377"><ele>556.000</ele></trkpt>
      <trkpt lat="22.4043645827" lon="114.2536689916"><ele>556.000</ele></trkpt>
      <trkpt lat="22.4043556235" lon="114.2536670599"><ele>556.000</ele></trkpt>
      <trkpt lat="22.4043466625" lon="114.2536689818"><ele>556.000</ele></trkpt>
      <trkpt lat="22.4043341168" lon="114.2536721876"><ele>556.000</ele></trkpt>
      <trkpt lat="22.4043227639" lon="114.2536792477"><ele>556.000</ele></trkpt>
      <trkpt lat="22.4043126079" lon="114.2536837387"><ele>556.000</ele></trkpt>
      <trkpt lat="22.4042899064" lon="114.2536888657"><ele>555.000</ele></trkpt>
      <trkpt lat="22.4042731798" lon="114.2536914262"><ele>556.000</ele></trkpt>
      <trkpt lat="22.4042546588" lon="114.2536997673"><ele>554.000</ele></trkpt>
      <trkpt lat="22.4042403192" lon="114.2537074677"><ele>554.000</ele></trkpt>
      <trkpt lat="22.4042176180" lon="114.2537138796"><ele>554.000</ele></trkpt>
      <trkpt lat="22.4042056701" lon="114.2537151579"><ele>554.000</ele></trkpt>
      <trkpt lat="22.4041889456" lon="114.2537132209"><ele>554.000</ele></trkpt>
      <trkpt lat="22.4041680415" lon="114.2537080699"><ele>554.000</ele></trkpt>
      <trkpt lat="22.4041423616" lon="114.2536984206"><ele>554.000</ele></trkpt>
      <trkpt lat="22.4041208610" lon="114.2536906996"><ele>554.000</ele></trkpt>
      <trkpt lat="22.4040969717" lon="114.2536829782"><ele>553.000</ele></trkpt>
      <trkpt lat="22.4040814439" lon="114.2536771872"><ele>553.000</ele></trkpt>
      <trkpt lat="22.4040599423" lon="114.2536713939"><ele>553.000</ele></trkpt>
      <trkpt lat="22.4040432178" lon="114.2536694579"><ele>553.000</ele></trkpt>
      <trkpt lat="22.4040294779" lon="114.2536733050"><ele>553.000</ele></trkpt>
      <trkpt lat="22.4040115541" lon="114.2536810034"><ele>553.000</ele></trkpt>
      <trkpt lat="22.4039996043" lon="114.2536880631"><ele>553.000</ele></trkpt>
      <trkpt lat="22.4039798907" lon="114.2536919069"><ele>554.000</ele></trkpt>
      <trkpt lat="22.4039607765" lon="114.2536906115"><ele>554.000</ele></trkpt>
      <trkpt lat="22.4039392762" lon="114.2536822485"><ele>553.000</ele></trkpt>
      <trkpt lat="22.4039106117" lon="114.2536668153"><ele>553.000</ele></trkpt>
      <trkpt lat="22.4038992667" lon="114.2536591007"><ele>553.000</ele></trkpt>
      <trkpt lat="22.4038915069" lon="114.2536475326"><ele>554.000</ele></trkpt>
      <trkpt lat="22.4038795666" lon="114.2536327515"><ele>552.000</ele></trkpt>
      <trkpt lat="22.4038664309" lon="114.2536211804"><ele>552.000</ele></trkpt>
      <trkpt lat="22.4038479203" lon="114.2536076805"><ele>554.000</ele></trkpt>
      <trkpt lat="22.4038365735" lon="114.2536018928"><ele>554.000</ele></trkpt>
      <trkpt lat="22.4038228363" lon="114.2535999575"><ele>554.000</ele></trkpt>
      <trkpt lat="22.4038037230" lon="114.2535967353"><ele>554.000</ele></trkpt>
      <trkpt lat="22.4037917772" lon="114.2535954439"><ele>554.000</ele></trkpt>
      <trkpt lat="22.4037762484" lon="114.2535915807"><ele>553.000</ele></trkpt>
      <trkpt lat="22.4037666941" lon="114.2535857940"><ele>553.000</ele></trkpt>
      <trkpt lat="22.4037535573" lon="114.2535748659"><ele>554.000</ele></trkpt>
      <trkpt lat="22.4037392296" lon="114.2535575137"><ele>554.000</ele></trkpt>
      <trkpt lat="22.4037296793" lon="114.2535433758"><ele>552.000</ele></trkpt>
      <trkpt lat="22.4037213247" lon="114.2535273108"><ele>552.000</ele></trkpt>
      <trkpt lat="22.4037129692" lon="114.2535112468"><ele>554.000</ele></trkpt>
      <trkpt lat="22.4037028238" lon="114.2534913272"><ele>552.000</ele></trkpt>
      <trkpt lat="22.4036932763" lon="114.2534714069"><ele>552.000</ele></trkpt>
      <trkpt lat="22.4036801440" lon="114.2534527705"><ele>552.000</ele></trkpt>
      <trkpt lat="22.4036729804" lon="114.2534424886"><ele>552.000</ele></trkpt>
      <trkpt lat="22.4036670086" lon="114.2534405575"><ele>554.000</ele></trkpt>
      <trkpt lat="22.4036568553" lon="114.2534373403"><ele>554.000</ele></trkpt>
      <trkpt lat="22.4036490903" lon="114.2534366941"><ele>554.000</ele></trkpt>
      <trkpt lat="22.4036383380" lon="114.2534379721"><ele>554.000</ele></trkpt>
      <trkpt lat="22.4036150414" lon="114.2534392442"><ele>554.000</ele></trkpt>
      <trkpt lat="22.4035923427" lon="114.2534385898"><ele>554.000</ele></trkpt>
      <trkpt lat="22.4035696454" lon="114.2534366505"><ele>554.000</ele></trkpt>
      <trkpt lat="22.4035517271" lon="114.2534327861"><ele>554.000</ele></trkpt>
      <trkpt lat="22.4035367962" lon="114.2534269965"><ele>554.000</ele></trkpt>
      <trkpt lat="22.4035254491" lon="114.2534237776"><ele>556.000</ele></trkpt>
      <trkpt lat="22.4035087246" lon="114.2534218416"><ele>556.000</ele></trkpt>
      <trkpt lat="22.4034943920" lon="114.2534147675"><ele>556.000</ele></trkpt>
      <trkpt lat="22.4034800622" lon="114.2534019119"><ele>556.000</ele></trkpt>
      <trkpt lat="22.4034699126" lon="114.2533909854"><ele>555.000</ele></trkpt>
      <trkpt lat="22.4034591676" lon="114.2533768469"><ele>555.000</ele></trkpt>
      <trkpt lat="22.4034454353" lon="114.2533627068"><ele>555.000</ele></trkpt>
      <trkpt lat="22.4034317020" lon="114.2533524204"><ele>556.000</ele></trkpt>
      <trkpt lat="22.4034161747" lon="114.2533453456"><ele>554.000</ele></trkpt>
      <trkpt lat="22.4034054264" lon="114.2533363466"><ele>554.000</ele></trkpt>
      <trkpt lat="22.4034012498" lon="114.2533267082"><ele>554.000</ele></trkpt>
      <trkpt lat="22.4033988664" lon="114.2533138592"><ele>554.000</ele></trkpt>
      <trkpt lat="22.4033946896" lon="114.2533048629"><ele>554.000</ele></trkpt>
      <trkpt lat="22.4033851372" lon="114.2532952216"><ele>552.000</ele></trkpt>
      <trkpt lat="22.4033755805" lon="114.2532926476"><ele>552.000</ele></trkpt>
      <trkpt lat="22.4033630387" lon="114.2532894281"><ele>552.000</ele></trkpt>
      <trkpt lat="22.4033498999" lon="114.2532842824"><ele>552.000</ele></trkpt>
      <trkpt lat="22.4033367615" lon="114.2532784928"><ele>552.000</ele></trkpt>
      <trkpt lat="22.4033224271" lon="114.2532752733"><ele>552.000</ele></trkpt>
      <trkpt lat="22.4033057032" lon="114.2532720525"><ele>552.000</ele></trkpt>
      <trkpt lat="22.4032919646" lon="114.2532714020"><ele>552.000</ele></trkpt>
      <trkpt lat="22.4032764330" lon="114.2532733213"><ele>552.000</ele></trkpt>
      <trkpt lat="22.4032609033" lon="114.2532713850"><ele>551.000</ele></trkpt>
      <trkpt lat="22.4032453751" lon="114.2532662380"><ele>551.000</ele></trkpt>
      <trkpt lat="22.4032352215" lon="114.2532636628"><ele>551.000</ele></trkpt>
      <trkpt lat="22.4032196908" lon="114.2532636543"><ele>551.000</ele></trkpt>
      <trkpt lat="22.4032053549" lon="114.2532636464"><ele>550.000</ele></trkpt>
      <trkpt lat="22.4031784781" lon="114.2532584923"><ele>550.000</ele></trkpt>
      <trkpt lat="22.4031623508" lon="114.2532559137"><ele>550.000</ele></trkpt>
      <trkpt lat="22.4031456264" lon="114.2532539778"><ele>550.000</ele></trkpt>
      <trkpt lat="22.4031300997" lon="114.2532475449"><ele>550.000</ele></trkpt>
      <trkpt lat="22.4031187538" lon="114.2532398305"><ele>550.000</ele></trkpt>
      <trkpt lat="22.4031103928" lon="114.2532353294"><ele>550.000</ele></trkpt>
      <trkpt lat="22.4030996468" lon="114.2532231178"><ele>550.000</ele></trkpt>
      <trkpt lat="22.4030918915" lon="114.2532019147"><ele>549.000</ele></trkpt>
      <trkpt lat="22.4030823494" lon="114.2531704317"><ele>549.000</ele></trkpt>
      <trkpt lat="22.4030751901" lon="114.2531511558"><ele>550.000</ele></trkpt>
      <trkpt lat="22.4030692249" lon="114.2531350932"><ele>550.000</ele></trkpt>
      <trkpt lat="22.4030632561" lon="114.2531248119"><ele>550.000</ele></trkpt>
      <trkpt lat="22.4030531034" lon="114.2531203089"><ele>550.000</ele></trkpt>
      <trkpt lat="22.4030435471" lon="114.2531190188"><ele>550.000</ele></trkpt>
      <trkpt lat="22.4030304062" lon="114.2531183697"><ele>550.000</ele></trkpt>
      <trkpt lat="22.4030202505" lon="114.2531202909"><ele>550.000</ele></trkpt>
      <trkpt lat="22.4030071072" lon="114.2531247813"><ele>550.000</ele></trkpt>
      <trkpt lat="22.4029969494" lon="114.2531311991"><ele>550.000</ele></trkpt>
      <trkpt lat="22.4029802186" lon="114.2531427528"><ele>552.000</ele></trkpt>
      <trkpt lat="22.4029569135" lon="114.2531620121"><ele>553.000</ele></trkpt>
      <trkpt lat="22.4029354022" lon="114.2531787026"><ele>554.000</ele></trkpt>
      <trkpt lat="22.4029162807" lon="114.2531928247"><ele>554.000</ele></trkpt>
      <trkpt lat="22.4028971585" lon="114.2532082317"><ele>556.000</ele></trkpt>
      <trkpt lat="22.4028762460" lon="114.2532210689"><ele>556.000</ele></trkpt>
      <trkpt lat="22.4028625046" lon="114.2532281276"><ele>556.000</ele></trkpt>
      <trkpt lat="22.4028487601" lon="114.2532396829"><ele>556.000</ele></trkpt>
      <trkpt lat="22.4028362073" lon="114.2532576632"><ele>556.000</ele></trkpt>
      <trkpt lat="22.4028260440" lon="114.2532775716"><ele>556.000</ele></trkpt>
      <trkpt lat="22.4028128901" lon="114.2533026178"><ele>556.000</ele></trkpt>
      <trkpt lat="22.4028015275" lon="114.2533321615"><ele>556.000</ele></trkpt>
      <trkpt lat="22.4027907606" lon="114.2533623484"><ele>554.000</ele></trkpt>
      <trkpt lat="22.4027829837" lon="114.2533867546"><ele>554.000</ele></trkpt>
      <trkpt lat="22.4027716248" lon="114.2534085901"><ele>556.000</ele></trkpt>
      <trkpt lat="22.4027584760" lon="114.2534246422"><ele>554.000</ele></trkpt>
      <trkpt lat="22.4027405486" lon="114.2534400498"><ele>554.000</ele></trkpt>
      <trkpt lat="22.4027214252" lon="114.2534580264"><ele>555.000</ele></trkpt>
      <trkpt lat="22.4027017052" lon="114.2534753608"><ele>554.000</ele></trkpt>
      <trkpt lat="22.4026795964" lon="114.2534914080"><ele>554.000</ele></trkpt>
      <trkpt lat="22.4026550990" lon="114.2535055271"><ele>554.000</ele></trkpt>
      <trkpt lat="22.4026341900" lon="114.2535106551"><ele>554.000</ele></trkpt>
      <trkpt lat="22.4026138792" lon="114.2535132136"><ele>552.000</ele></trkpt>
      <trkpt lat="22.4025881935" lon="114.2535157693"><ele>552.000</ele></trkpt>
      <trkpt lat="22.4025726631" lon="114.2535151178"><ele>552.000</ele></trkpt>
      <trkpt lat="22.4025577276" lon="114.2535189642"><ele>552.000</ele></trkpt>
      <trkpt lat="22.4025427911" lon="114.2535247374"><ele>552.000</ele></trkpt>
      <trkpt lat="22.4025242689" lon="114.2535356481"><ele>552.000</ele></trkpt>
      <trkpt lat="22.4025063451" lon="114.2535452742"><ele>555.000</ele></trkpt>
      <trkpt lat="22.4024842366" lon="114.2535606795"><ele>554.000</ele></trkpt>
      <trkpt lat="22.4024686992" lon="114.2535748034"><ele>554.000</ele></trkpt>
      <trkpt lat="22.4024489780" lon="114.2535927797"><ele>554.000</ele></trkpt>
      <trkpt lat="22.4024370261" lon="114.2536043359"><ele>554.000</ele></trkpt>
      <trkpt lat="22.4024262683" lon="114.2536171776"><ele>554.000</ele></trkpt>
      <trkpt lat="22.4024214845" lon="114.2536274529"><ele>554.000</ele></trkpt>
      <trkpt lat="22.4024137124" lon="114.2536415821"><ele>556.000</ele></trkpt>
      <trkpt lat="22.4024017584" lon="114.2536576348"><ele>554.000</ele></trkpt>
      <trkpt lat="22.4023874166" lon="114.2536698326"><ele>554.000</ele></trkpt>
      <trkpt lat="22.4023718799" lon="114.2536826717"><ele>554.000</ele></trkpt>
      <trkpt lat="22.4023623180" lon="114.2536929443"><ele>557.000</ele></trkpt>
      <trkpt lat="22.4023461832" lon="114.2537064260"><ele>554.000</ele></trkpt>
      <trkpt lat="22.4023354260" lon="114.2537179829"><ele>554.000</ele></trkpt>
      <trkpt lat="22.4023270570" lon="114.2537321107"><ele>554.000</ele></trkpt>
      <trkpt lat="22.4023204797" lon="114.2537462406"><ele>556.000</ele></trkpt>
      <trkpt lat="22.4023162885" lon="114.2537655092"><ele>556.000</ele></trkpt>
      <trkpt lat="22.4023115016" lon="114.2537841366"><ele>554.000</ele></trkpt>
      <trkpt lat="22.4023090999" lon="114.2538098305"><ele>554.000</ele></trkpt>
      <trkpt lat="22.4023049078" lon="114.2538329547"><ele>554.000</ele></trkpt>
      <trkpt lat="22.4022971333" lon="114.2538522213"><ele>555.000</ele></trkpt>
      <trkpt lat="22.4022851773" lon="114.2538721296"><ele>555.000</ele></trkpt>
      <trkpt lat="22.4022684418" lon="114.2538933191"><ele>554.000</ele></trkpt>
      <trkpt lat="22.4022523060" lon="114.2539087275"><ele>554.000</ele></trkpt>
      <trkpt lat="22.4022337832" lon="114.2539209229"><ele>554.000</ele></trkpt>
      <trkpt lat="22.4022068969" lon="114.2539337557"><ele>555.000</ele></trkpt>
      <trkpt lat="22.4021776229" lon="114.2539446604"><ele>554.000</ele></trkpt>
      <trkpt lat="22.4021465574" lon="114.2539536363"><ele>554.000</ele></trkpt>
      <trkpt lat="22.4021244522" lon="114.2539619752"><ele>553.000</ele></trkpt>
      <trkpt lat="22.4021154899" lon="114.2539664668"><ele>553.000</ele></trkpt>
      <trkpt lat="22.4020993569" lon="114.2539780206"><ele>553.000</ele></trkpt>
      <trkpt lat="22.4020808316" lon="114.2539934277"><ele>552.000</ele></trkpt>
      <trkpt lat="22.4020658929" lon="114.2540056251"><ele>552.000</ele></trkpt>
      <trkpt lat="22.4020503558" lon="114.2540191070"><ele>552.000</ele></trkpt>
      <trkpt lat="22.4020258553" lon="114.2540396502"><ele>552.000</ele></trkpt>
      <trkpt lat="22.4020121105" lon="114.2540537751"><ele>552.000</ele></trkpt>
      <trkpt lat="22.4019965728" lon="114.2540685409"><ele>550.000</ele></trkpt>
      <trkpt lat="22.4019786447" lon="114.2540852332"><ele>552.000</ele></trkpt>
      <trkpt lat="22.4019595225" lon="114.2541006399"><ele>552.000</ele></trkpt>
      <trkpt lat="22.4019409984" lon="114.2541154050"><ele>550.000</ele></trkpt>
      <trkpt lat="22.4019218768" lon="114.2541295269"><ele>552.000</ele></trkpt>
      <trkpt lat="22.4018985728" lon="114.2541462161"><ele>549.000</ele></trkpt>
      <trkpt lat="22.4018782568" lon="114.2541616222"><ele>549.000</ele></trkpt>
      <trkpt lat="22.4018680995" lon="114.2541667560"><ele>549.000</ele></trkpt>
      <trkpt lat="22.4018549556" lon="114.2541725301"><ele>548.000</ele></trkpt>
      <trkpt lat="22.4018340445" lon="114.2541821544"><ele>550.000</ele></trkpt>
      <trkpt lat="22.4018173148" lon="114.2541911382"><ele>550.000</ele></trkpt>
      <trkpt lat="22.4018011817" lon="114.2542007652"><ele>548.000</ele></trkpt>
      <trkpt lat="22.4017856458" lon="114.2542116774"><ele>548.000</ele></trkpt>
      <trkpt lat="22.4017683171" lon="114.2542251573"><ele>549.000</ele></trkpt>
      <trkpt lat="22.4017533778" lon="114.2542367127"><ele>549.000</ele></trkpt>
      <trkpt lat="22.4017378422" lon="114.2542489088"><ele>549.000</ele></trkpt>
      <trkpt lat="22.4017270853" lon="114.2542578968"><ele>549.000</ele></trkpt>
      <trkpt lat="22.4017175250" lon="114.2542649577"><ele>546.000</ele></trkpt>
      <trkpt lat="22.4017049773" lon="114.2542720170"><ele>548.000</ele></trkpt>
      <trkpt lat="22.4016822718" lon="114.2542874216"><ele>548.000</ele></trkpt>
      <trkpt lat="22.4016595663" lon="114.2543008995"><ele>546.000</ele></trkpt>
      <trkpt lat="22.4016458227" lon="114.2543105278"><ele>546.000</ele></trkpt>
      <trkpt lat="22.4016308846" lon="114.2543214394"><ele>547.000</ele></trkpt>
      <trkpt lat="22.4016051912" lon="114.2543381272"><ele>547.000</ele></trkpt>
      <trkpt lat="22.4015753166" lon="114.2543567405"><ele>545.000</ele></trkpt>
      <trkpt lat="22.4015585850" lon="114.2543695788"><ele>547.000</ele></trkpt>
      <trkpt lat="22.4015412557" lon="114.2543824167"><ele>544.000</ele></trkpt>
      <trkpt lat="22.4015227309" lon="114.2543984657"><ele>544.000</ele></trkpt>
      <trkpt lat="22.4015053988" lon="114.2544190127"><ele>546.000</ele></trkpt>
      <trkpt lat="22.4014856778" lon="114.2544382736"><ele>544.000</ele></trkpt>
      <trkpt lat="22.4014653626" lon="114.2544498250"><ele>544.000</ele></trkpt>
      <trkpt lat="22.4014360831" lon="114.2544703654"><ele>542.000</ele></trkpt>
      <trkpt lat="22.4014085992" lon="114.2544844825"><ele>540.000</ele></trkpt>
      <trkpt lat="22.4013691652" lon="114.2545063021"><ele>540.000</ele></trkpt>
      <trkpt lat="22.4013398922" lon="114.2545133520"><ele>538.000</ele></trkpt>
      <trkpt lat="22.4013052454" lon="114.2545178292"><ele>538.000</ele></trkpt>
      <trkpt lat="22.4012861300" lon="114.2545191035"><ele>538.000</ele></trkpt>
      <trkpt lat="22.4012568628" lon="114.2545158746"><ele>536.000</ele></trkpt>
      <trkpt lat="22.4012264021" lon="114.2545081495"><ele>536.000</ele></trkpt>
      <trkpt lat="22.4012037117" lon="114.2544920778"><ele>536.000</ele></trkpt>
      <trkpt lat="22.4011804271" lon="114.2544682966"><ele>538.000</ele></trkpt>
      <trkpt lat="22.4011553528" lon="114.2544387321"><ele>536.000</ele></trkpt>
      <trkpt lat="22.4011296824" lon="114.2544091683"><ele>538.000</ele></trkpt>
      <trkpt lat="22.4011153561" lon="114.2543892467"><ele>538.000</ele></trkpt>
      <trkpt lat="22.4011075994" lon="114.2543712555"><ele>538.000</ele></trkpt>
      <trkpt lat="22.4010914832" lon="114.2543455515"><ele>538.000</ele></trkpt>
      <trkpt lat="22.4010759637" lon="114.2543224166"><ele>538.000</ele></trkpt>
      <trkpt lat="22.4010550719" lon="114.2542915706"><ele>538.000</ele></trkpt>
      <trkpt lat="22.4010383604" lon="114.2542626547"><ele>538.000</ele></trkpt>
      <trkpt lat="22.4010228417" lon="114.2542375931"><ele>538.000</ele></trkpt>
      <trkpt lat="22.4010043370" lon="114.2542118869"><ele>537.000</ele></trkpt>
      <trkpt lat="22.4009744871" lon="114.2541771814"><ele>538.000</ele></trkpt>
      <trkpt lat="22.4009470232" lon="114.2541495444"><ele>536.000</ele></trkpt>
      <trkpt lat="22.4009171689" lon="114.2541238320"><ele>536.000</ele></trkpt>
      <trkpt lat="22.4009016490" lon="114.2541013400"><ele>536.000</ele></trkpt>
      <trkpt lat="22.4008843436" lon="114.2540659996"><ele>534.000</ele></trkpt>
      <trkpt lat="22.4008700233" lon="114.2540332296"><ele>534.000</ele></trkpt>
      <trkpt lat="22.4008580925" lon="114.2539985351"><ele>534.000</ele></trkpt>
      <trkpt lat="22.4008443719" lon="114.2539619109"><ele>534.000</ele></trkpt>
      <trkpt lat="22.4008210903" lon="114.2539317066"><ele>534.000</ele></trkpt>
      <trkpt lat="22.4007924311" lon="114.2539053529"><ele>534.000</ele></trkpt>
      <trkpt lat="22.4007625722" lon="114.2538892764"><ele>534.000</ele></trkpt>
      <trkpt lat="22.4007165872" lon="114.2538699803"><ele>534.000</ele></trkpt>
      <trkpt lat="22.4006676144" lon="114.2538519665"><ele>534.000</ele></trkpt>
      <trkpt lat="22.4006407382" lon="114.2538436007"><ele>534.000</ele></trkpt>
      <trkpt lat="22.4006037090" lon="114.2538333015"><ele>534.000</ele></trkpt>
      <trkpt lat="22.4005690687" lon="114.2538223627"><ele>535.000</ele></trkpt>
      <trkpt lat="22.4005469715" lon="114.2538139996"><ele>536.000</ele></trkpt>
      <trkpt lat="22.4005332389" lon="114.2538005016"><ele>536.000</ele></trkpt>
      <trkpt lat="22.4005207035" lon="114.2537837928"><ele>536.000</ele></trkpt>
      <trkpt lat="22.4005069752" lon="114.2537613019"><ele>538.000</ele></trkpt>
      <trkpt lat="22.4004950419" lon="114.2537336727"><ele>538.000</ele></trkpt>
      <trkpt lat="22.4004825104" lon="114.2537066861"><ele>538.000</ele></trkpt>
      <trkpt lat="22.4004699790" lon="114.2536816262"><ele>539.000</ele></trkpt>
      <trkpt lat="22.4004562498" lon="114.2536610621"><ele>540.000</ele></trkpt>
      <trkpt lat="22.4004335611" lon="114.2536392083"><ele>540.000</ele></trkpt>
      <trkpt lat="22.4004108718" lon="114.2536205671"><ele>538.000</ele></trkpt>
      <trkpt lat="22.4003828057" lon="114.2536038497"><ele>538.000</ele></trkpt>
      <trkpt lat="22.4003457796" lon="114.2535852007"><ele>536.000</ele></trkpt>
      <trkpt lat="22.4003230896" lon="114.2535678443"><ele>536.000</ele></trkpt>
      <trkpt lat="22.4002986099" lon="114.2535447047"><ele>536.000</ele></trkpt>
      <trkpt lat="22.4002842828" lon="114.2535260681"><ele>535.000</ele></trkpt>
      <trkpt lat="22.4002651762" lon="114.2535087128"><ele>534.000</ele></trkpt>
      <trkpt lat="22.4002508494" lon="114.2534894343"><ele>534.000</ele></trkpt>
      <trkpt lat="22.4002419019" lon="114.2534630916"><ele>534.000</ele></trkpt>
      <trkpt lat="22.4002192147" lon="114.2534399530"><ele>534.000</ele></trkpt>
      <trkpt lat="22.4001977210" lon="114.2534174580"><ele>534.000</ele></trkpt>
      <trkpt lat="22.4001726449" lon="114.2533930333"><ele>535.000</ele></trkpt>
      <trkpt lat="22.4001523411" lon="114.2533808176"><ele>535.000</ele></trkpt>
      <trkpt lat="22.4001266636" lon="114.2533641016"><ele>536.000</ele></trkpt>
      <trkpt lat="22.4001153171" lon="114.2533595990"><ele>536.000</ele></trkpt>
      <trkpt lat="22.4000944118" lon="114.2533570179"><ele>534.000</ele></trkpt>
      <trkpt lat="22.4000735041" lon="114.2533576483"><ele>534.000</ele></trkpt>
      <trkpt lat="22.4000430403" lon="114.2533582746"><ele>534.000</ele></trkpt>
      <trkpt lat="22.4000257204" lon="114.2533531257"><ele>534.000</ele></trkpt>
      <trkpt lat="22.4000048258" lon="114.2533280614"><ele>532.000</ele></trkpt>
      <trkpt lat="22.3999797546" lon="114.2532914323"><ele>530.000</ele></trkpt>
      <trkpt lat="22.3999618478" lon="114.2532650848"><ele>530.000</ele></trkpt>
      <trkpt lat="22.3999272184" lon="114.2532310201"><ele>528.000</ele></trkpt>
      <trkpt lat="22.3999021420" lon="114.2532072383"><ele>528.000</ele></trkpt>
      <trkpt lat="22.3998931871" lon="114.2531963128"><ele>526.000</ele></trkpt>
      <trkpt lat="22.3998943888" lon="114.2531815383"><ele>526.000</ele></trkpt>
      <trkpt lat="22.3998979761" lon="114.2531731893"><ele>526.000</ele></trkpt>
      <trkpt lat="22.3999057444" lon="114.2531667704"><ele>526.000</ele></trkpt>
      <trkpt lat="22.3999182893" lon="114.2531654924"><ele>526.000</ele></trkpt>
      <trkpt lat="22.3999403902" lon="114.2531661464"><ele>526.000</ele></trkpt>
      <trkpt lat="22.3999571150" lon="114.2531674403"><ele>526.000</ele></trkpt>
      <trkpt lat="22.3999780239" lon="114.2531623134"><ele>525.000</ele></trkpt>
      <trkpt lat="22.4000037139" lon="114.2531526916"><ele>522.000</ele></trkpt>
      <trkpt lat="22.4000371686" lon="114.2531424312"><ele>522.000</ele></trkpt>
      <trkpt lat="22.4000652466" lon="114.2531360233"><ele>522.000</ele></trkpt>
      <trkpt lat="22.4000849605" lon="114.2531315376"><ele>522.000</ele></trkpt>
      <trkpt lat="22.4001106474" lon="114.2531283390"><ele>522.000</ele></trkpt>
      <trkpt lat="22.4001309604" lon="114.2531212840"><ele>522.000</ele></trkpt>
      <trkpt lat="22.4001512715" lon="114.2531161567"><ele>522.000</ele></trkpt>
      <trkpt lat="22.4001829394" lon="114.2530975442"><ele>520.000</ele></trkpt>
      <trkpt lat="22.4002032547" lon="114.2530834231"><ele>520.000</ele></trkpt>
      <trkpt lat="22.4002241727" lon="114.2530590245"><ele>520.000</ele></trkpt>
      <trkpt lat="22.4002540553" lon="114.2530249939"><ele>518.000</ele></trkpt>
      <trkpt lat="22.4002875249" lon="114.2529851850"><ele>515.000</ele></trkpt>
      <trkpt lat="22.4003186016" lon="114.2529524400"><ele>514.000</ele></trkpt>
      <trkpt lat="22.4003293633" lon="114.2529312474"><ele>512.000</ele></trkpt>
      <trkpt lat="22.4003311607" lon="114.2529209706"><ele>512.000</ele></trkpt>
      <trkpt lat="22.4003275825" lon="114.2529081212"><ele>514.000</ele></trkpt>
      <trkpt lat="22.4003204186" lon="114.2528984815"><ele>513.000</ele></trkpt>
      <trkpt lat="22.4003084746" lon="114.2528933357"><ele>513.000</ele></trkpt>
      <trkpt lat="22.4002941420" lon="114.2528862617"><ele>513.000</ele></trkpt>
      <trkpt lat="22.4002726407" lon="114.2528817536"><ele>512.000</ele></trkpt>
      <trkpt lat="22.4002505413" lon="114.2528778870"><ele>512.000</ele></trkpt>
      <trkpt lat="22.4002308283" lon="114.2528785182"><ele>510.000</ele></trkpt>
      <trkpt lat="22.4002111165" lon="114.2528785075"><ele>510.000</ele></trkpt>
      <trkpt lat="22.4001782648" lon="114.2528759209"><ele>508.000</ele></trkpt>
      <trkpt lat="22.4001525806" lon="114.2528733373"><ele>508.000</ele></trkpt>
      <trkpt lat="22.4001292864" lon="114.2528694701"><ele>507.000</ele></trkpt>
      <trkpt lat="22.4001149544" lon="114.2528611113"><ele>504.000</ele></trkpt>
      <trkpt lat="22.4001060001" lon="114.2528489010"><ele>504.000</ele></trkpt>
      <trkpt lat="22.4000934670" lon="114.2528270539"><ele>502.000</ele></trkpt>
      <trkpt lat="22.4000803346" lon="114.2528084170"><ele>500.000</ele></trkpt>
      <trkpt lat="22.4000695880" lon="114.2527955638"><ele>500.000</ele></trkpt>
      <trkpt lat="22.4000552560" lon="114.2527872050"><ele>500.000</ele></trkpt>
      <trkpt lat="22.4000391315" lon="114.2527807731"><ele>500.000</ele></trkpt>
      <trkpt lat="22.4000271880" lon="114.2527743424"><ele>500.000</ele></trkpt>
      <trkpt lat="22.4000170387" lon="114.2527627743"><ele>498.000</ele></trkpt>
      <trkpt lat="22.4000098769" lon="114.2527486382"><ele>498.000</ele></trkpt>
      <trkpt lat="22.4000027166" lon="114.2527332172"><ele>498.000</ele></trkpt>
      <trkpt lat="22.3999991397" lon="114.2527177982"><ele>498.000</ele></trkpt>
      <trkpt lat="22.3999919785" lon="114.2527023762"><ele>496.000</ele></trkpt>
      <trkpt lat="22.3999806353" lon="114.2526908075"><ele>496.000</ele></trkpt>
      <trkpt lat="22.3999704835" lon="114.2526843788"><ele>496.000</ele></trkpt>
      <trkpt lat="22.3999561494" lon="114.2526805165"><ele>496.000</ele></trkpt>
      <trkpt lat="22.3999406203" lon="114.2526772964"><ele>496.000</ele></trkpt>
      <trkpt lat="22.3999221062" lon="114.2526708622"><ele>496.000</ele></trkpt>
      <trkpt lat="22.3999083709" lon="114.2526631457"><ele>492.000</ele></trkpt>
      <trkpt lat="22.3998934426" lon="114.2526535028"><ele>492.000</ele></trkpt>
      <trkpt lat="22.3998803044" lon="114.2526470715"><ele>492.000</ele></trkpt>
      <trkpt lat="22.3998647773" lon="114.2526393541"><ele>492.000</ele></trkpt>
      <trkpt lat="22.3998534284" lon="114.2526380631"><ele>492.000</ele></trkpt>
      <trkpt lat="22.3998372991" lon="114.2526399821"><ele>492.000</ele></trkpt>
      <trkpt lat="22.3998092256" lon="114.2526386820"><ele>490.000</ele></trkpt>
      <trkpt lat="22.3997805550" lon="114.2526360968"><ele>488.000</ele></trkpt>
      <trkpt lat="22.3997477015" lon="114.2526354371"><ele>488.000</ele></trkpt>
      <trkpt lat="22.3997094724" lon="114.2526360583"><ele>486.000</ele></trkpt>
      <trkpt lat="22.3996784117" lon="114.2526347566"><ele>485.000</ele></trkpt>
      <trkpt lat="22.3996509331" lon="114.2526379533"><ele>485.000</ele></trkpt>
      <trkpt lat="22.3996174808" lon="114.2526411477"><ele>484.000</ele></trkpt>
      <trkpt lat="22.3995935852" lon="114.2526469160"><ele>482.000</ele></trkpt>
      <trkpt lat="22.3995643107" lon="114.2526571779"><ele>482.000</ele></trkpt>
      <trkpt lat="22.3995308536" lon="114.2526725768"><ele>482.000</ele></trkpt>
      <trkpt lat="22.3995051615" lon="114.2526866950"><ele>481.000</ele></trkpt>
      <trkpt lat="22.3994872378" lon="114.2526943943"><ele>481.000</ele></trkpt>
      <trkpt lat="22.3994723020" lon="114.2527008103"><ele>481.000</ele></trkpt>
      <trkpt lat="22.3994549779" lon="114.2527027277"><ele>478.000</ele></trkpt>
      <trkpt lat="22.3994382510" lon="114.2527059302"><ele>478.000</ele></trkpt>
      <trkpt lat="22.3994191331" lon="114.2527142708"><ele>477.000</ele></trkpt>
      <trkpt lat="22.3993988208" lon="114.2527200410"><ele>478.000</ele></trkpt>
      <trkpt lat="22.3993808964" lon="114.2527290251"><ele>478.000</ele></trkpt>
      <trkpt lat="22.3993617771" lon="114.2527405773"><ele>476.000</ele></trkpt>
      <trkpt lat="22.3993474351" lon="114.2527534168"><ele>476.000</ele></trkpt>
      <trkpt lat="22.3993307046" lon="114.2527643283"><ele>474.000</ele></trkpt>
      <trkpt lat="22.3993103902" lon="114.2527745950"><ele>475.000</ele></trkpt>
      <trkpt lat="22.3992876884" lon="114.2527822916"><ele>472.000</ele></trkpt>
      <trkpt lat="22.3992673773" lon="114.2527854922"><ele>472.000</ele></trkpt>
      <trkpt lat="22.3992482594" lon="114.2527919060"><ele>472.000</ele></trkpt>
      <trkpt lat="22.3992285437" lon="114.2528002462"><ele>470.000</ele></trkpt>
      <trkpt lat="22.3992118144" lon="114.2528085880"><ele>470.000</ele></trkpt>
      <trkpt lat="22.3991956845" lon="114.2528137176"><ele>470.000</ele></trkpt>
      <trkpt lat="22.3991777613" lon="114.2528201320"><ele>470.000</ele></trkpt>
      <trkpt lat="22.3991556559" lon="114.2528291138"><ele>470.000</ele></trkpt>
      <trkpt lat="22.3991389262" lon="114.2528380975"><ele>467.000</ele></trkpt>
      <trkpt lat="22.3991227960" lon="114.2528438700"><ele>467.000</ele></trkpt>
      <trkpt lat="22.3991042753" lon="114.2528496412"><ele>466.000</ele></trkpt>
      <trkpt lat="22.3990911344" lon="114.2528489921"><ele>466.000</ele></trkpt>
      <trkpt lat="22.3990779926" lon="114.2528502698"><ele>466.000</ele></trkpt>
      <trkpt lat="22.3990618648" lon="114.2528509030"><ele>464.000</ele></trkpt>
      <trkpt lat="22.3990433495" lon="114.2528470384"><ele>464.000</ele></trkpt>
      <trkpt lat="22.3990158758" lon="114.2528380306"><ele>464.000</ele></trkpt>
      <trkpt lat="22.3989842242" lon="114.2528238813"><ele>464.000</ele></trkpt>
      <trkpt lat="22.3989537683" lon="114.2528078049"><ele>463.000</ele></trkpt>
      <trkpt lat="22.3989191318" lon="114.2527885156"><ele>462.000</ele></trkpt>
      <trkpt lat="22.3989000212" lon="114.2527795114"><ele>462.000</ele></trkpt>
      <trkpt lat="22.3988743402" lon="114.2527698617"><ele>462.000</ele></trkpt>
      <trkpt lat="22.3988492568" lon="114.2527608553"><ele>461.000</ele></trkpt>
      <trkpt lat="22.3988331332" lon="114.2527524956"><ele>460.000</ele></trkpt>
      <trkpt lat="22.3988128266" lon="114.2527460605"><ele>460.000</ele></trkpt>
      <trkpt lat="22.3987919249" lon="114.2527357715"><ele>458.000</ele></trkpt>
      <trkpt lat="22.3987746047" lon="114.2527312657"><ele>458.000</ele></trkpt>
      <trkpt lat="22.3987596743" lon="114.2527241915"><ele>458.000</ele></trkpt>
      <trkpt lat="22.3987483290" lon="114.2527151915"><ele>458.000</ele></trkpt>
      <trkpt lat="22.3987435582" lon="114.2526997720"><ele>458.000</ele></trkpt>
      <trkpt lat="22.3987405794" lon="114.2526837115"><ele>458.000</ele></trkpt>
      <trkpt lat="22.3987370024" lon="114.2526682926"><ele>458.000</ele></trkpt>
      <trkpt lat="22.3987328312" lon="114.2526470912"><ele>456.000</ele></trkpt>
      <trkpt lat="22.3987304511" lon="114.2526271766"><ele>456.000</ele></trkpt>
      <trkpt lat="22.3987250830" lon="114.2526104719"><ele>453.000</ele></trkpt>
      <trkpt lat="22.3987191169" lon="114.2525944098"><ele>453.000</ele></trkpt>
      <trkpt lat="22.3987143467" lon="114.2525757777"><ele>453.000</ele></trkpt>
      <trkpt lat="22.3987137546" lon="114.2525654998"><ele>450.000</ele></trkpt>
      <trkpt lat="22.3987161501" lon="114.2525526538"><ele>450.000</ele></trkpt>
      <trkpt lat="22.3987209326" lon="114.2525430206"><ele>450.000</ele></trkpt>
      <trkpt lat="22.3987328836" lon="114.2525353182"><ele>450.000</ele></trkpt>
      <trkpt lat="22.3987466262" lon="114.2525256909"><ele>450.000</ele></trkpt>
      <trkpt lat="22.3987615653" lon="114.2525141355"><ele>448.000</ele></trkpt>
      <trkpt lat="22.3987824791" lon="114.2524968031"><ele>448.000</ele></trkpt>
      <trkpt lat="22.3987956271" lon="114.2524839629"><ele>448.000</ele></trkpt>
      <trkpt lat="22.3988075817" lon="114.2524666247"><ele>446.000</ele></trkpt>
      <trkpt lat="22.3988231238" lon="114.2524422234"><ele>446.000</ele></trkpt>
      <trkpt lat="22.3988344838" lon="114.2524197465"><ele>444.000</ele></trkpt>
      <trkpt lat="22.3988362827" lon="114.2524043305"><ele>444.000</ele></trkpt>
      <trkpt lat="22.3988327054" lon="114.2523895535"><ele>444.000</ele></trkpt>
      <trkpt lat="22.3988291290" lon="114.2523747766"><ele>442.000</ele></trkpt>
      <trkpt lat="22.3988267434" lon="114.2523664254"><ele>442.000</ele></trkpt>
      <trkpt lat="22.3988303342" lon="114.2523503675"><ele>442.000</ele></trkpt>
      <trkpt lat="22.3988351234" lon="114.2523285289"><ele>442.000</ele></trkpt>
      <trkpt lat="22.3988363277" lon="114.2523079743"><ele>441.000</ele></trkpt>
      <trkpt lat="22.3988393231" lon="114.2522887045"><ele>443.000</ele></trkpt>
      <trkpt lat="22.3988363427" lon="114.2522758556"><ele>440.000</ele></trkpt>
      <trkpt lat="22.3988303747" lon="114.2522636470"><ele>440.000</ele></trkpt>
      <trkpt lat="22.3988220232" lon="114.2522405166"><ele>440.000</ele></trkpt>
      <trkpt lat="22.3988136706" lon="114.2522199568"><ele>438.000</ele></trkpt>
      <trkpt lat="22.3988089021" lon="114.2521974712"><ele>438.000</ele></trkpt>
      <trkpt lat="22.3988041366" lon="114.2521685615"><ele>438.000</ele></trkpt>
      <trkpt lat="22.3988029539" lon="114.2521428662"><ele>438.000</ele></trkpt>
      <trkpt lat="22.3987975912" lon="114.2521145981"><ele>437.000</ele></trkpt>
      <trkpt lat="22.3987910323" lon="114.2520895419"><ele>434.000</ele></trkpt>
      <trkpt lat="22.3987880545" lon="114.2520709118"><ele>433.000</ele></trkpt>
      <trkpt lat="22.3987850789" lon="114.2520477852"><ele>433.000</ele></trkpt>
      <trkpt lat="22.3987821060" lon="114.2520169497"><ele>432.000</ele></trkpt>
      <trkpt lat="22.3987755488" lon="114.2519880391"><ele>432.000</ele></trkpt>
      <trkpt lat="22.3987654051" lon="114.2519642658"><ele>430.000</ele></trkpt>
      <trkpt lat="22.3987522734" lon="114.2519437025"><ele>430.000</ele></trkpt>
      <trkpt lat="22.3987385425" lon="114.2519263514"><ele>428.000</ele></trkpt>
      <trkpt lat="22.3987355615" lon="114.2519147863"><ele>428.000</ele></trkpt>
      <trkpt lat="22.3987349720" lon="114.2518987272"><ele>428.000</ele></trkpt>
      <trkpt lat="22.3987355809" lon="114.2518730329"><ele>428.000</ele></trkpt>
      <trkpt lat="22.3987320035" lon="114.2518601827"><ele>428.000</ele></trkpt>
      <trkpt lat="22.3987260376" lon="114.2518434777"><ele>428.000</ele></trkpt>
      <trkpt lat="22.3987200743" lon="114.2518209915"><ele>425.000</ele></trkpt>
      <trkpt lat="22.3987194881" lon="114.2517978663"><ele>425.000</ele></trkpt>
      <trkpt lat="22.3987183059" lon="114.2517708853"><ele>424.000</ele></trkpt>
      <trkpt lat="22.3987105555" lon="114.2517387624"><ele>423.000</ele></trkpt>
      <trkpt lat="22.3987040006" lon="114.2517047134"><ele>423.000</ele></trkpt>
      <trkpt lat="22.3986920664" lon="114.2516783696"><ele>421.000</ele></trkpt>
      <trkpt lat="22.3986819169" lon="114.2516668017"><ele>421.000</ele></trkpt>
      <trkpt lat="22.3986663872" lon="114.2516648666"><ele>421.000</ele></trkpt>
      <trkpt lat="22.3986544396" lon="114.2516674289"><ele>420.000</ele></trkpt>
      <trkpt lat="22.3986359169" lon="114.2516796243"><ele>420.000</ele></trkpt>
      <trkpt lat="22.3986167955" lon="114.2516937462"><ele>420.000</ele></trkpt>
      <trkpt lat="22.3986012612" lon="114.2517014469"><ele>421.000</ele></trkpt>
      <trkpt lat="22.3985725876" lon="114.2517052860"><ele>421.000</ele></trkpt>
      <trkpt lat="22.3985516838" lon="114.2516994926"><ele>422.000</ele></trkpt>
      <trkpt lat="22.3985164458" lon="114.2516879113"><ele>418.000</ele></trkpt>
      <trkpt lat="22.3984925580" lon="114.2516769780"><ele>418.000</ele></trkpt>
      <trkpt lat="22.3984680741" lon="114.2516621908"><ele>422.000</ele></trkpt>
      <trkpt lat="22.3984459815" lon="114.2516435496"><ele>420.000</ele></trkpt>
      <trkpt lat="22.3984262759" lon="114.2516300498"><ele>423.000</ele></trkpt>
      <trkpt lat="22.3984137406" lon="114.2516126985"><ele>423.000</ele></trkpt>
      <trkpt lat="22.3984065799" lon="114.2515959929"><ele>422.000</ele></trkpt>
      <trkpt lat="22.3984024104" lon="114.2515709391"><ele>422.000</ele></trkpt>
      <trkpt lat="22.3983976451" lon="114.2515413866"><ele>421.000</ele></trkpt>
      <trkpt lat="22.3983964619" lon="114.2515163333"><ele>421.000</ele></trkpt>
      <trkpt lat="22.3983964735" lon="114.2514912807"><ele>421.000</ele></trkpt>
      <trkpt lat="22.3983976798" lon="114.2514662298"><ele>421.000</ele></trkpt>
      <trkpt lat="22.3983964922" lon="114.2514508112"><ele>419.000</ele></trkpt>
      <trkpt lat="22.3983911240" lon="114.2514341076"><ele>419.000</ele></trkpt>
      <trkpt lat="22.3983815756" lon="114.2514154731"><ele>422.000</ele></trkpt>
      <trkpt lat="22.3983660551" lon="114.2513936247"><ele>420.000</ele></trkpt>
      <trkpt lat="22.3983517280" lon="114.2513743457"><ele>420.000</ele></trkpt>
      <trkpt lat="22.3983403853" lon="114.2513595647"><ele>423.000</ele></trkpt>
      <trkpt lat="22.3983326265" lon="114.2513454285"><ele>422.000</ele></trkpt>
      <trkpt lat="22.3983242720" lon="114.2513287223"><ele>422.000</ele></trkpt>
      <trkpt lat="22.3983153190" lon="114.2513133006"><ele>422.000</ele></trkpt>
      <trkpt lat="22.3983045717" lon="114.2513036592"><ele>418.000</ele></trkpt>
      <trkpt lat="22.3982956199" lon="114.2512856679"><ele>418.000</ele></trkpt>
      <trkpt lat="22.3982807007" lon="114.2512541843"><ele>416.000</ele></trkpt>
      <trkpt lat="22.3982633994" lon="114.2512085663"><ele>418.000</ele></trkpt>
      <trkpt lat="22.3982443005" lon="114.2511738679"><ele>418.000</ele></trkpt>
      <trkpt lat="22.3982287819" lon="114.2511475232"><ele>418.000</ele></trkpt>
      <trkpt lat="22.3982066948" lon="114.2511166777"><ele>418.000</ele></trkpt>
      <trkpt lat="22.3981875944" lon="114.2510851909"><ele>418.000</ele></trkpt>
      <trkpt lat="22.3981732674" lon="114.2510659119"><ele>418.000</ele></trkpt>
      <trkpt lat="22.3981631185" lon="114.2510549861"><ele>418.000</ele></trkpt>
      <trkpt lat="22.3981505769" lon="114.2510491982"><ele>418.000</ele></trkpt>
      <trkpt lat="22.3981302705" lon="114.2510421214"><ele>418.000</ele></trkpt>
      <trkpt lat="22.3981117585" lon="114.2510311911"><ele>417.000</ele></trkpt>
      <trkpt lat="22.3980956351" lon="114.2510221897"><ele>417.000</ele></trkpt>
      <trkpt lat="22.3980759274" lon="114.2510112588"><ele>416.000</ele></trkpt>
      <trkpt lat="22.3980592020" lon="114.2510112499"><ele>416.000</ele></trkpt>
      <trkpt lat="22.3980382946" lon="114.2510131666"><ele>416.000</ele></trkpt>
      <trkpt lat="22.3980179830" lon="114.2510195789"><ele>417.000</ele></trkpt>
      <trkpt lat="22.3979928921" lon="114.2510266316"><ele>417.000</ele></trkpt>
      <trkpt lat="22.3979803443" lon="114.2510343339"><ele>417.000</ele></trkpt>
      <trkpt lat="22.3979677965" lon="114.2510420352"><ele>417.000</ele></trkpt>
      <trkpt lat="22.3979534553" lon="114.2510535900"><ele>417.000</ele></trkpt>
      <trkpt lat="22.3979409072" lon="114.2510638618"><ele>417.000</ele></trkpt>
      <trkpt lat="22.3979271632" lon="114.2510747750"><ele>418.000</ele></trkpt>
      <trkpt lat="22.3979181990" lon="114.2510837630"><ele>418.000</ele></trkpt>
      <trkpt lat="22.3979002738" lon="114.2510946740"><ele>418.000</ele></trkpt>
      <trkpt lat="22.3978901167" lon="114.2510998069"><ele>417.000</ele></trkpt>
      <trkpt lat="22.3978757790" lon="114.2511036537"><ele>417.000</ele></trkpt>
      <trkpt lat="22.3978638319" lon="114.2511049322"><ele>417.000</ele></trkpt>
      <trkpt lat="22.3978518858" lon="114.2511042839"><ele>417.000</ele></trkpt>
      <trkpt lat="22.3978387467" lon="114.2510997796"><ele>418.000</ele></trkpt>
      <trkpt lat="22.3978250127" lon="114.2510888528"><ele>418.000</ele></trkpt>
      <trkpt lat="22.3978184486" lon="114.2510747173"><ele>418.000</ele></trkpt>
      <trkpt lat="22.3978053174" lon="114.2510528694"><ele>416.000</ele></trkpt>
      <trkpt lat="22.3977909874" lon="114.2510400146"><ele>416.000</ele></trkpt>
      <trkpt lat="22.3977766550" lon="114.2510322981"><ele>416.000</ele></trkpt>
      <trkpt lat="22.3977545594" lon="114.2510200820"><ele>417.000</ele></trkpt>
      <trkpt lat="22.3977324649" lon="114.2510052954"><ele>414.000</ele></trkpt>
      <trkpt lat="22.3977175353" lon="114.2509962947"><ele>414.000</ele></trkpt>
      <trkpt lat="22.3977014121" lon="114.2509866505"><ele>417.000</ele></trkpt>
      <trkpt lat="22.3976882768" lon="114.2509737954"><ele>417.000</ele></trkpt>
      <trkpt lat="22.3976793206" lon="114.2509654408"><ele>416.000</ele></trkpt>
      <trkpt lat="22.3976727556" lon="114.2509532321"><ele>416.000</ele></trkpt>
      <trkpt lat="22.3976685877" lon="114.2509243229"><ele>416.000</ele></trkpt>
      <trkpt lat="22.3976632231" lon="114.2508999105"><ele>416.000</ele></trkpt>
      <trkpt lat="22.3976596536" lon="114.2508677902"><ele>416.000</ele></trkpt>
      <trkpt lat="22.3976548867" lon="114.2508414503"><ele>416.000</ele></trkpt>
      <trkpt lat="22.3976525014" lon="114.2508343831"><ele>416.000</ele></trkpt>
      <trkpt lat="22.3976405631" lon="114.2508144626"><ele>418.000</ele></trkpt>
      <trkpt lat="22.3976310147" lon="114.2507958292"><ele>418.000</ele></trkpt>
      <trkpt lat="22.3976208669" lon="114.2507804070"><ele>418.000</ele></trkpt>
      <trkpt lat="22.3976113143" lon="114.2507707663"><ele>420.000</ele></trkpt>
      <trkpt lat="22.3975963847" lon="114.2507617656"><ele>420.000</ele></trkpt>
      <trkpt lat="22.3975850399" lon="114.2507534088"><ele>420.000</ele></trkpt>
      <trkpt lat="22.3975736959" lon="114.2507411976"><ele>421.000</ele></trkpt>
      <trkpt lat="22.3975659371" lon="114.2507270615"><ele>421.000</ele></trkpt>
      <trkpt lat="22.3975528053" lon="114.2507064985"><ele>420.000</ele></trkpt>
      <trkpt lat="22.3975420624" lon="114.2506872215"><ele>420.000</ele></trkpt>
      <trkpt lat="22.3975319129" lon="114.2506756538"><ele>418.000</ele></trkpt>
      <trkpt lat="22.3975187775" lon="114.2506627997"><ele>418.000</ele></trkpt>
      <trkpt lat="22.3975104176" lon="114.2506557293"><ele>418.000</ele></trkpt>
      <trkpt lat="22.3974984741" lon="114.2506492989"><ele>418.000</ele></trkpt>
      <trkpt lat="22.3974823503" lon="114.2506409396"><ele>417.000</ele></trkpt>
      <trkpt lat="22.3974650298" lon="114.2506351492"><ele>417.000</ele></trkpt>
      <trkpt lat="22.3974512958" lon="114.2506242215"><ele>414.000</ele></trkpt>
      <trkpt lat="22.3974405528" lon="114.2506049456"><ele>414.000</ele></trkpt>
      <trkpt lat="22.3974369830" lon="114.2505753940"><ele>415.000</ele></trkpt>
      <trkpt lat="22.3974322222" lon="114.2505355651"><ele>415.000</ele></trkpt>
      <trkpt lat="22.3974316361" lon="114.2505098695"><ele>416.000</ele></trkpt>
      <trkpt lat="22.3974298556" lon="114.2504854590"><ele>416.000</ele></trkpt>
      <trkpt lat="22.3974322562" lon="114.2504610507"><ele>417.000</ele></trkpt>
      <trkpt lat="22.3974334638" lon="114.2504327864"><ele>415.000</ele></trkpt>
      <trkpt lat="22.3974334717" lon="114.2504154429"><ele>415.000</ele></trkpt>
      <trkpt lat="22.3974316844" lon="114.2504038796"><ele>415.000</ele></trkpt>
      <trkpt lat="22.3974227337" lon="114.2503852456"><ele>415.000</ele></trkpt>
      <trkpt lat="22.3974101979" lon="114.2503666106"><ele>416.000</ele></trkpt>
      <trkpt lat="22.3974018394" lon="114.2503563287"><ele>416.000</ele></trkpt>
      <trkpt lat="22.3973940808" lon="114.2503434774"><ele>416.000</ele></trkpt>
      <trkpt lat="22.3973845384" lon="114.2503094263"><ele>418.000</ele></trkpt>
      <trkpt lat="22.3973738007" lon="114.2502785871"><ele>420.000</ele></trkpt>
      <trkpt lat="22.3973612675" lon="114.2502541710"><ele>420.000</ele></trkpt>
      <trkpt lat="22.3973517176" lon="114.2502387492"><ele>420.000</ele></trkpt>
      <trkpt lat="22.3973385825" lon="114.2502252522"><ele>420.000</ele></trkpt>
      <trkpt lat="22.3973218650" lon="114.2502078999"><ele>420.000</ele></trkpt>
      <trkpt lat="22.3972985757" lon="114.2501931128"><ele>420.000</ele></trkpt>
      <trkpt lat="22.3972746860" lon="114.2501860343"><ele>420.000</ele></trkpt>
      <trkpt lat="22.3972436270" lon="114.2501808788"><ele>420.000</ele></trkpt>
      <trkpt lat="22.3972143579" lon="114.2501795786"><ele>420.000</ele></trkpt>
      <trkpt lat="22.3971803117" lon="114.2501763492"><ele>420.000</ele></trkpt>
      <trkpt lat="22.3971534315" lon="114.2501763351"><ele>420.000</ele></trkpt>
      <trkpt lat="22.3971199851" lon="114.2501686097"><ele>419.000</ele></trkpt>
      <trkpt lat="22.3970889279" lon="114.2501595997"><ele>419.000</ele></trkpt>
      <trkpt lat="22.3970644424" lon="114.2501480245"><ele>420.000</ele></trkpt>
      <trkpt lat="22.3970483195" lon="114.2501358108"><ele>420.000</ele></trkpt>
      <trkpt lat="22.3970393638" lon="114.2501261706"><ele>420.000</ele></trkpt>
      <trkpt lat="22.3970304119" lon="114.2501101072"><ele>418.000</ele></trkpt>
      <trkpt lat="22.3970142887" lon="114.2500985354"><ele>418.000</ele></trkpt>
      <trkpt lat="22.3969939817" lon="114.2500927436"><ele>418.000</ele></trkpt>
      <trkpt lat="22.3969671036" lon="114.2500901599"><ele>416.000</ele></trkpt>
      <trkpt lat="22.3969479870" lon="114.2500940044"><ele>417.000</ele></trkpt>
      <trkpt lat="22.3969270781" lon="114.2500991326"><ele>418.000</ele></trkpt>
      <trkpt lat="22.3969157297" lon="114.2500965571"><ele>418.000</ele></trkpt>
      <trkpt lat="22.3969025926" lon="114.2500875575"><ele>416.000</ele></trkpt>
      <trkpt lat="22.3968834909" lon="114.2500605675"><ele>418.000</ele></trkpt>
      <trkpt lat="22.3968685700" lon="114.2500322958"><ele>417.000</ele></trkpt>
      <trkpt lat="22.3968566334" lon="114.2500104488"><ele>417.000</ele></trkpt>
      <trkpt lat="22.3968506673" lon="114.2499937451"><ele>415.000</ele></trkpt>
      <trkpt lat="22.3968464920" lon="114.2499808948"><ele>415.000</ele></trkpt>
      <trkpt lat="22.3968429176" lon="114.2499590531"><ele>415.000</ele></trkpt>
      <trkpt lat="22.3968339706" lon="114.2499301417"><ele>416.000</ele></trkpt>
      <trkpt lat="22.3968262152" lon="114.2499082968"><ele>416.000</ele></trkpt>
      <trkpt lat="22.3968160694" lon="114.2498903062"><ele>416.000</ele></trkpt>
      <trkpt lat="22.3968047283" lon="114.2498716710"><ele>412.000</ele></trkpt>
      <trkpt lat="22.3967963744" lon="114.2498511107"><ele>412.000</ele></trkpt>
      <trkpt lat="22.3967898137" lon="114.2498292674"><ele>413.000</ele></trkpt>
      <trkpt lat="22.3967808632" lon="114.2498080649"><ele>413.000</ele></trkpt>
      <trkpt lat="22.3967635516" lon="114.2497842883"><ele>413.000</ele></trkpt>
      <trkpt lat="22.3967504162" lon="114.2497714334"><ele>412.000</ele></trkpt>
      <trkpt lat="22.3967307126" lon="114.2497534378"><ele>412.000</ele></trkpt>
      <trkpt lat="22.3967086194" lon="114.2497354399"><ele>412.000</ele></trkpt>
      <trkpt lat="22.3966895118" lon="114.2497193703"><ele>412.000</ele></trkpt>
      <trkpt lat="22.3966745818" lon="114.2497110118"><ele>412.000</ele></trkpt>
      <trkpt lat="22.3966548726" lon="114.2497052204"><ele>412.000</ele></trkpt>
      <trkpt lat="22.3966399410" lon="114.2497026430"><ele>414.000</ele></trkpt>
      <trkpt lat="22.3966232162" lon="114.2497013495"><ele>413.000</ele></trkpt>
      <trkpt lat="22.3966058959" lon="114.2496968441"><ele>413.000</ele></trkpt>
      <trkpt lat="22.3965867819" lon="114.2496949074"><ele>413.000</ele></trkpt>
      <trkpt lat="22.3965712532" lon="114.2496904020"><ele>412.000</ele></trkpt>
      <trkpt lat="22.3965503528" lon="114.2496769021"><ele>412.000</ele></trkpt>
      <trkpt lat="22.3965360227" lon="114.2496640475"><ele>412.000</ele></trkpt>
      <trkpt lat="22.3965258711" lon="114.2496569763"><ele>412.000</ele></trkpt>
      <trkpt lat="22.3964906361" lon="114.2496402565"><ele>412.000</ele></trkpt>
      <trkpt lat="22.3964631665" lon="114.2496235407"><ele>412.000</ele></trkpt>
      <trkpt lat="22.3964249507" lon="114.2495946141"><ele>412.000</ele></trkpt>
      <trkpt lat="22.3963819536" lon="114.2495688976"><ele>411.000</ele></trkpt>
      <trkpt lat="22.3963407503" lon="114.2495425391"><ele>411.000</ele></trkpt>
      <trkpt lat="22.3963061154" lon="114.2495187537"><ele>410.000</ele></trkpt>
      <trkpt lat="22.3962852150" lon="114.2495052529"><ele>412.000</ele></trkpt>
      <trkpt lat="22.3962696935" lon="114.2494846889"><ele>412.000</ele></trkpt>
      <trkpt lat="22.3962356637" lon="114.2494448452"><ele>412.000</ele></trkpt>
      <trkpt lat="22.3962111900" lon="114.2494069333"><ele>411.000</ele></trkpt>
      <trkpt lat="22.3961879079" lon="114.2493760878"><ele>411.000</ele></trkpt>
      <trkpt lat="22.3961580612" lon="114.2493317491"><ele>414.000</ele></trkpt>
      <trkpt lat="22.3961282156" lon="114.2492848417"><ele>410.000</ele></trkpt>
      <trkpt lat="22.3961019508" lon="114.2492456431"><ele>408.000</ele></trkpt>
      <trkpt lat="22.3960697117" lon="114.2492077272"><ele>407.000</ele></trkpt>
      <trkpt lat="22.3960410577" lon="114.2491678864"><ele>409.000</ele></trkpt>
      <trkpt lat="22.3960046441" lon="114.2491151936"><ele>409.000</ele></trkpt>
      <trkpt lat="22.3959789729" lon="114.2490830623"><ele>405.000</ele></trkpt>
      <trkpt lat="22.3959556884" lon="114.2490573562"><ele>407.000</ele></trkpt>
      <trkpt lat="22.3959467350" lon="114.2490425768"><ele>404.000</ele></trkpt>
      <trkpt lat="22.3959437566" lon="114.2490245891"><ele>404.000</ele></trkpt>
      <trkpt lat="22.3959419716" lon="114.2490098144"><ele>404.000</ele></trkpt>
      <trkpt lat="22.3959366037" lon="114.2489918254"><ele>404.000</ele></trkpt>
      <trkpt lat="22.3959270542" lon="114.2489731923"><ele>406.000</ele></trkpt>
      <trkpt lat="22.3959169011" lon="114.2489693326"><ele>406.000</ele></trkpt>
      <trkpt lat="22.3958965921" lon="114.2489699641"><ele>403.000</ele></trkpt>
      <trkpt lat="22.3958864353" lon="114.2489744552"><ele>403.000</ele></trkpt>
      <trkpt lat="22.3958679131" lon="114.2489860088"><ele>402.000</ele></trkpt>
      <trkpt lat="22.3958499829" lon="114.2490084821"><ele>402.000</ele></trkpt>
      <trkpt lat="22.3958284688" lon="114.2490303106"><ele>406.000</ele></trkpt>
      <trkpt lat="22.3958057618" lon="114.2490502128"><ele>405.000</ele></trkpt>
      <trkpt lat="22.3957806678" lon="114.2490643317"><ele>405.000</ele></trkpt>
      <trkpt lat="22.3957603499" lon="114.2490829493"><ele>401.000</ele></trkpt>
      <trkpt lat="22.3957346538" lon="114.2491067034"><ele>401.000</ele></trkpt>
      <trkpt lat="22.3957167259" lon="114.2491240384"><ele>401.000</ele></trkpt>
      <trkpt lat="22.3957011849" lon="114.2491471548"><ele>401.000</ele></trkpt>
      <trkpt lat="22.3956850473" lon="114.2491696290"><ele>401.000</ele></trkpt>
      <trkpt lat="22.3956581513" lon="114.2492049455"><ele>398.000</ele></trkpt>
      <trkpt lat="22.3956384263" lon="114.2492344837"><ele>400.000</ele></trkpt>
      <trkpt lat="22.3956169053" lon="114.2492736565"><ele>398.000</ele></trkpt>
      <trkpt lat="22.3955977772" lon="114.2493031950"><ele>398.000</ele></trkpt>
      <trkpt lat="22.3955690901" lon="114.2493372248"><ele>396.000</ele></trkpt>
      <trkpt lat="22.3955541454" lon="114.2493616273"><ele>396.000</ele></trkpt>
      <trkpt lat="22.3955487606" lon="114.2493815374"><ele>399.000</ele></trkpt>
      <trkpt lat="22.3955374013" lon="114.2494033711"><ele>395.000</ele></trkpt>
      <trkpt lat="22.3955176791" lon="114.2494264862"><ele>397.000</ele></trkpt>
      <trkpt lat="22.3955069170" lon="114.2494496060"><ele>397.000</ele></trkpt>
      <trkpt lat="22.3954848014" lon="114.2494817125"><ele>394.000</ele></trkpt>
      <trkpt lat="22.3954614958" lon="114.2495028981"><ele>394.000</ele></trkpt>
      <trkpt lat="22.3954340060" lon="114.2495311474"><ele>393.000</ele></trkpt>
      <trkpt lat="22.3954166736" lon="114.2495536208"><ele>393.000</ele></trkpt>
      <trkpt lat="22.3953945611" lon="114.2495786614"><ele>392.000</ele></trkpt>
      <trkpt lat="22.3953754373" lon="114.2495985643"><ele>392.000</ele></trkpt>
      <trkpt lat="22.3953509382" lon="114.2496171806"><ele>392.000</ele></trkpt>
      <trkpt lat="22.3953306205" lon="114.2496351552"><ele>392.000</ele></trkpt>
      <trkpt lat="22.3953192643" lon="114.2496518507"><ele>392.000</ele></trkpt>
      <trkpt lat="22.3953132811" lon="114.2496730462"><ele>392.000</ele></trkpt>
      <trkpt lat="22.3953084883" lon="114.2497038768"><ele>394.000</ele></trkpt>
      <trkpt lat="22.3953054856" lon="114.2497398466"><ele>394.000</ele></trkpt>
      <trkpt lat="22.3952959136" lon="114.2497732443"><ele>397.000</ele></trkpt>
      <trkpt lat="22.3952863433" lon="114.2498008610"><ele>398.000</ele></trkpt>
      <trkpt lat="22.3952773725" lon="114.2498265502"><ele>398.000</ele></trkpt>
      <trkpt lat="22.3952719870" lon="114.2498458184"><ele>398.000</ele></trkpt>
      <trkpt lat="22.3952594329" lon="114.2498695791"><ele>395.000</ele></trkpt>
      <trkpt lat="22.3952438939" lon="114.2498882000"><ele>395.000</ele></trkpt>
      <trkpt lat="22.3952259647" lon="114.2499081035"><ele>392.000</ele></trkpt>
      <trkpt lat="22.3952074370" lon="114.2499318610"><ele>392.000</ele></trkpt>
      <trkpt lat="22.3951901004" lon="114.2499614003"><ele>393.000</ele></trkpt>
      <trkpt lat="22.3951805347" lon="114.2499806662"><ele>392.000</ele></trkpt>
      <trkpt lat="22.3951715644" lon="114.2500031439"><ele>392.000</ele></trkpt>
      <trkpt lat="22.3951667756" lon="114.2500249810"><ele>392.000</ele></trkpt>
      <trkpt lat="22.3951643748" lon="114.2500519594"><ele>390.000</ele></trkpt>
      <trkpt lat="22.3951613721" lon="114.2500860025"><ele>390.000</ele></trkpt>
      <trkpt lat="22.3951631507" lon="114.2501168365"><ele>388.000</ele></trkpt>
      <trkpt lat="22.3951631394" lon="114.2501418885"><ele>388.000</ele></trkpt>
      <trkpt lat="22.3951583467" lon="114.2501720772"><ele>388.000</ele></trkpt>
      <trkpt lat="22.3951523637" lon="114.2501926288"><ele>389.000</ele></trkpt>
      <trkpt lat="22.3951487691" lon="114.2502176789"><ele>389.000</ele></trkpt>
      <trkpt lat="22.3951487603" lon="114.2502369499"><ele>389.000</ele></trkpt>
      <trkpt lat="22.3951547261" lon="114.2502523695"><ele>389.000</ele></trkpt>
      <trkpt lat="22.3951612926" lon="114.2502613665"><ele>389.000</ele></trkpt>
      <trkpt lat="22.3951708441" lon="114.2502755033"><ele>389.000</ele></trkpt>
      <trkpt lat="22.3951762126" lon="114.2502915646"><ele>388.000</ele></trkpt>
      <trkpt lat="22.3951744122" lon="114.2503089079"><ele>388.000</ele></trkpt>
      <trkpt lat="22.3951648503" lon="114.2503198221"><ele>388.000</ele></trkpt>
      <trkpt lat="22.3951403537" lon="114.2503326572"><ele>388.000</ele></trkpt>
      <trkpt lat="22.3951140643" lon="114.2503480599"><ele>389.000</ele></trkpt>
      <trkpt lat="22.3950925489" lon="114.2503724577"><ele>389.000</ele></trkpt>
      <trkpt lat="22.3950776041" lon="114.2503987867"><ele>389.000</ele></trkpt>
      <trkpt lat="22.3950644523" lon="114.2504219051"><ele>389.000</ele></trkpt>
      <trkpt lat="22.3950501053" lon="114.2504463066"><ele>390.000</ele></trkpt>
      <trkpt lat="22.3950387435" lon="114.2504732793"><ele>388.000</ele></trkpt>
      <trkpt lat="22.3950333589" lon="114.2504925474"><ele>390.000</ele></trkpt>
      <trkpt lat="22.3950249829" lon="114.2505227342"><ele>390.000</ele></trkpt>
      <trkpt lat="22.3950219839" lon="114.2505484265"><ele>392.000</ele></trkpt>
      <trkpt lat="22.3950207757" lon="114.2505779741"><ele>392.000</ele></trkpt>
      <trkpt lat="22.3950297184" lon="114.2506158778"><ele>392.000</ele></trkpt>
      <trkpt lat="22.3950374694" lon="114.2506473578"><ele>392.000</ele></trkpt>
      <trkpt lat="22.3950458170" lon="114.2506814068"><ele>394.000</ele></trkpt>
      <trkpt lat="22.3950535671" lon="114.2507128869"><ele>394.000</ele></trkpt>
      <trkpt lat="22.3950571395" lon="114.2507385827"><ele>394.000</ele></trkpt>
      <trkpt lat="22.3950583231" lon="114.2507629934"><ele>394.000</ele></trkpt>
      <trkpt lat="22.3950559207" lon="114.2507912556"><ele>394.000</ele></trkpt>
      <trkpt lat="22.3950487373" lon="114.2508259393"><ele>394.000</ele></trkpt>
      <trkpt lat="22.3950421567" lon="114.2508477753"><ele>392.000</ele></trkpt>
      <trkpt lat="22.3950331852" lon="114.2508728226"><ele>392.000</ele></trkpt>
      <trkpt lat="22.3950266040" lon="114.2508959444"><ele>392.000</ele></trkpt>
      <trkpt lat="22.3950110613" lon="114.2509222729"><ele>392.000</ele></trkpt>
      <trkpt lat="22.3949937204" lon="114.2509627323"><ele>391.000</ele></trkpt>
      <trkpt lat="22.3949751869" lon="114.2509967670"><ele>392.000</ele></trkpt>
      <trkpt lat="22.3949578516" lon="114.2510250213"><ele>394.000</ele></trkpt>
      <trkpt lat="22.3949435071" lon="114.2510436426"><ele>394.000</ele></trkpt>
      <trkpt lat="22.3949321549" lon="114.2510494177"><ele>394.000</ele></trkpt>
      <trkpt lat="22.3949028818" lon="114.2510590376"><ele>395.000</ele></trkpt>
      <trkpt lat="22.3948801806" lon="114.2510635218"><ele>396.000</ele></trkpt>
      <trkpt lat="22.3948521048" lon="114.2510673613"><ele>394.000</ele></trkpt>
      <trkpt lat="22.3948246251" lon="114.2510731278"><ele>394.000</ele></trkpt>
      <trkpt lat="22.3948043131" lon="114.2510782552"><ele>390.000</ele></trkpt>
      <trkpt lat="22.3947756362" lon="114.2510891602"><ele>390.000</ele></trkpt>
      <trkpt lat="22.3947553199" lon="114.2511039240"><ele>388.000</ele></trkpt>
      <trkpt lat="22.3947320144" lon="114.2511244663"><ele>390.000</ele></trkpt>
      <trkpt lat="22.3947128901" lon="114.2511469395"><ele>390.000</ele></trkpt>
      <trkpt lat="22.3946979496" lon="114.2511617052"><ele>391.000</ele></trkpt>
      <trkpt lat="22.3946632908" lon="114.2511905931"><ele>390.000</ele></trkpt>
      <trkpt lat="22.3946441697" lon="114.2512059994"><ele>390.000</ele></trkpt>
      <trkpt lat="22.3946172748" lon="114.2512381029"><ele>391.000</ele></trkpt>
      <trkpt lat="22.3945975461" lon="114.2512747064"><ele>393.000</ele></trkpt>
      <trkpt lat="22.3945778145" lon="114.2513177339"><ele>392.000</ele></trkpt>
      <trkpt lat="22.3945622614" lon="114.2513665446"><ele>394.000</ele></trkpt>
      <trkpt lat="22.3945526890" lon="114.2513980144"><ele>394.000</ele></trkpt>
      <trkpt lat="22.3945389322" lon="114.2514384754"><ele>391.000</ele></trkpt>
      <trkpt lat="22.3945239828" lon="114.2514725129"><ele>392.000</ele></trkpt>
      <trkpt lat="22.3945126255" lon="114.2514911348"><ele>392.000</ele></trkpt>
      <trkpt lat="22.3944911069" lon="114.2515219563"><ele>392.000</ele></trkpt>
      <trkpt lat="22.3944767592" lon="114.2515476424"><ele>392.000</ele></trkpt>
      <trkpt lat="22.3944653992" lon="114.2515701186"><ele>392.000</ele></trkpt>
      <trkpt lat="22.3944468676" lon="114.2516015846"><ele>392.000</ele></trkpt>
      <trkpt lat="22.3944313224" lon="114.2516330511"><ele>392.000</ele></trkpt>
      <trkpt lat="22.3944139879" lon="114.2516593785"><ele>395.000</ele></trkpt>
      <trkpt lat="22.3943954614" lon="114.2516779975"><ele>392.000</ele></trkpt>
      <trkpt lat="22.3943763388" lon="114.2516966152"><ele>394.000</ele></trkpt>
      <trkpt lat="22.3943530330" lon="114.2517178003"><ele>392.000</ele></trkpt>
      <trkpt lat="22.3943351048" lon="114.2517351338"><ele>392.000</ele></trkpt>
      <trkpt lat="22.3943225528" lon="114.2517518293"><ele>392.000</ele></trkpt>
      <trkpt lat="22.3943129872" lon="114.2517704521"><ele>392.000</ele></trkpt>
      <trkpt lat="22.3943034204" lon="114.2517916445"><ele>392.000</ele></trkpt>
      <trkpt lat="22.3942932528" lon="114.2518192605"><ele>392.000</ele></trkpt>
      <trkpt lat="22.3942848804" lon="114.2518391687"><ele>392.000</ele></trkpt>
      <trkpt lat="22.3942735264" lon="114.2518507247"><ele>394.000</ele></trkpt>
      <trkpt lat="22.3942561990" lon="114.2518597089"><ele>394.000</ele></trkpt>
      <trkpt lat="22.3942418628" lon="114.2518603431"><ele>394.000</ele></trkpt>
      <trkpt lat="22.3942167757" lon="114.2518590449"><ele>392.000</ele></trkpt>
      <trkpt lat="22.3941875049" lon="114.2518635254"><ele>392.000</ele></trkpt>
      <trkpt lat="22.3941671917" lon="114.2518712233"><ele>392.000</ele></trkpt>
      <trkpt lat="22.3941283582" lon="114.2518859769"><ele>390.000</ele></trkpt>
      <trkpt lat="22.3940960956" lon="114.2519000913"><ele>392.000</ele></trkpt>
      <trkpt lat="22.3940512839" lon="114.2519264038"><ele>391.000</ele></trkpt>
      <trkpt lat="22.3940249947" lon="114.2519411633"><ele>394.000</ele></trkpt>
      <trkpt lat="22.3939831703" lon="114.2519636230"><ele>393.000</ele></trkpt>
      <trkpt lat="22.3939616612" lon="114.2519758164"><ele>393.000</ele></trkpt>
      <trkpt lat="22.3939293998" lon="114.2519873612"><ele>393.000</ele></trkpt>
      <trkpt lat="22.3938953443" lon="114.2520040441"><ele>391.000</ele></trkpt>
      <trkpt lat="22.3938660666" lon="114.2520213714"><ele>390.000</ele></trkpt>
      <trkpt lat="22.3938248427" lon="114.2520399781"><ele>390.000</ele></trkpt>
      <trkpt lat="22.3937854113" lon="114.2520547304"><ele>390.000</ele></trkpt>
      <trkpt lat="22.3937489726" lon="114.2520579233"><ele>390.000</ele></trkpt>
      <trkpt lat="22.3937101469" lon="114.2520559747"><ele>390.000</ele></trkpt>
      <trkpt lat="22.3936731128" lon="114.2520559548"><ele>392.000</ele></trkpt>
      <trkpt lat="22.3936390627" lon="114.2520610756"><ele>392.000</ele></trkpt>
      <trkpt lat="22.3935924671" lon="114.2520687592"><ele>392.000</ele></trkpt>
      <trkpt lat="22.3935416907" lon="114.2520757977"><ele>392.000</ele></trkpt>
      <trkpt lat="22.3934968907" lon="114.2520751307"><ele>392.000</ele></trkpt>
      <trkpt lat="22.3934741946" lon="114.2520706223"><ele>392.000</ele></trkpt>
      <trkpt lat="22.3934413467" lon="114.2520577578"><ele>392.000</ele></trkpt>
      <trkpt lat="22.3934073047" lon="114.2520455346"><ele>392.000</ele></trkpt>
      <trkpt lat="22.3933768480" lon="114.2520307437"><ele>392.000</ele></trkpt>
      <trkpt lat="22.3933404162" lon="114.2520191621"><ele>392.000</ele></trkpt>
      <trkpt lat="22.3933105511" lon="114.2520159346"><ele>392.000</ele></trkpt>
      <trkpt lat="22.3932771009" lon="114.2520146319"><ele>394.000</ele></trkpt>
      <trkpt lat="22.3932460378" lon="114.2520184695"><ele>394.000</ele></trkpt>
      <trkpt lat="22.3932161659" lon="114.2520300154"><ele>394.000</ele></trkpt>
      <trkpt lat="22.3931868911" lon="114.2520428465"><ele>394.000</ele></trkpt>
      <trkpt lat="22.3931528329" lon="114.2520633836"><ele>394.000</ele></trkpt>
      <trkpt lat="22.3931247508" lon="114.2520807115"><ele>396.000</ele></trkpt>
      <trkpt lat="22.3930865142" lon="114.2520954653"><ele>394.000</ele></trkpt>
      <trkpt lat="22.3930596328" lon="114.2520999471"><ele>394.000</ele></trkpt>
      <trkpt lat="22.3930351421" lon="114.2520999339"><ele>394.000</ele></trkpt>
      <trkpt lat="22.3930100565" lon="114.2520954242"><ele>394.000</ele></trkpt>
      <trkpt lat="22.3929748180" lon="114.2520851270"><ele>394.000</ele></trkpt>
      <trkpt lat="22.3929407738" lon="114.2520774011"><ele>396.000</ele></trkpt>
      <trkpt lat="22.3929144939" lon="114.2520722478"><ele>395.000</ele></trkpt>
      <trkpt lat="22.3928690990" lon="114.2520670853"><ele>394.000</ele></trkpt>
      <trkpt lat="22.3928296769" lon="114.2520638517"><ele>394.000</ele></trkpt>
      <trkpt lat="22.3927848787" lon="114.2520593314"><ele>394.000</ele></trkpt>
      <trkpt lat="22.3927532213" lon="114.2520573877"><ele>394.000</ele></trkpt>
      <trkpt lat="22.3927155894" lon="114.2520573674"><ele>396.000</ele></trkpt>
      <trkpt lat="22.3926755656" lon="114.2520624840"><ele>396.000</ele></trkpt>
      <trkpt lat="22.3926283725" lon="114.2520714520"><ele>395.000</ele></trkpt>
      <trkpt lat="22.3925895417" lon="114.2520804235"><ele>394.000</ele></trkpt>
      <trkpt lat="22.3925554889" lon="114.2520913253"><ele>396.000</ele></trkpt>
      <trkpt lat="22.3925303952" lon="114.2521022318"><ele>396.000</ele></trkpt>
      <trkpt lat="22.3925035088" lon="114.2521176336"><ele>396.000</ele></trkpt>
      <trkpt lat="22.3924724388" lon="114.2521362446"><ele>396.000</ele></trkpt>
      <trkpt lat="22.3924437588" lon="114.2521535730"><ele>396.000</ele></trkpt>
      <trkpt lat="22.3924097039" lon="114.2521689709"><ele>396.000</ele></trkpt>
      <trkpt lat="22.3923786363" lon="114.2521824428"><ele>397.000</ele></trkpt>
      <trkpt lat="22.3923529476" lon="114.2521894947"><ele>397.000</ele></trkpt>
      <trkpt lat="22.3923194941" lon="114.2521952586"><ele>397.000</ele></trkpt>
      <trkpt lat="22.3922878349" lon="114.2521971682"><ele>396.000</ele></trkpt>
      <trkpt lat="22.3922394531" lon="114.2521932878"><ele>396.000</ele></trkpt>
      <trkpt lat="22.3921970446" lon="114.2521881269"><ele>396.000</ele></trkpt>
      <trkpt lat="22.3921630005" lon="114.2521804000"><ele>396.000</ele></trkpt>
      <trkpt lat="22.3921319425" lon="114.2521733175"><ele>396.000</ele></trkpt>
      <trkpt lat="22.3920955047" lon="114.2521745826"><ele>396.000</ele></trkpt>
      <trkpt lat="22.3920465220" lon="114.2521771258"><ele>396.000</ele></trkpt>
      <trkpt lat="22.3920160582" lon="114.2521777513"><ele>396.000</ele></trkpt>
      <trkpt lat="22.3919820069" lon="114.2521854415"><ele>396.000</ele></trkpt>
      <trkpt lat="22.3919443747" lon="114.2521860631"><ele>394.000</ele></trkpt>
      <trkpt lat="22.3919055465" lon="114.2521892536"><ele>394.000</ele></trkpt>
      <trkpt lat="22.3918649261" lon="114.2521918013"><ele>394.000</ele></trkpt>
      <trkpt lat="22.3918404348" lon="114.2521950005"><ele>394.000</ele></trkpt>
      <trkpt lat="22.3918171346" lon="114.2522039803"><ele>394.000</ele></trkpt>
      <trkpt lat="22.3917759113" lon="114.2522193743"><ele>394.000</ele></trkpt>
      <trkpt lat="22.3917442482" lon="114.2522296343"><ele>396.000</ele></trkpt>
      <trkpt lat="22.3917233354" lon="114.2522411859"><ele>396.000</ele></trkpt>
      <trkpt lat="22.3917078002" lon="114.2522527394"><ele>396.000</ele></trkpt>
      <trkpt lat="22.3916946534" lon="114.2522630094"><ele>394.000</ele></trkpt>
      <trkpt lat="22.3916821061" lon="114.2522713531"><ele>394.000</ele></trkpt>
      <trkpt lat="22.3916594058" lon="114.2522739104"><ele>394.000</ele></trkpt>
      <trkpt lat="22.3916343167" lon="114.2522771083"><ele>394.000</ele></trkpt>
      <trkpt lat="22.3916062414" lon="114.2522777360"><ele>394.000</ele></trkpt>
      <trkpt lat="22.3915775702" lon="114.2522764358"><ele>394.000</ele></trkpt>
      <trkpt lat="22.3915363540" lon="114.2522764136"><ele>393.000</ele></trkpt>
      <trkpt lat="22.3914975289" lon="114.2522751079"><ele>394.000</ele></trkpt>
      <trkpt lat="22.3914640790" lon="114.2522731632"><ele>394.000</ele></trkpt>
      <trkpt lat="22.3914228661" lon="114.2522660743"><ele>392.000</ele></trkpt>
      <trkpt lat="22.3913828498" lon="114.2522551337"><ele>392.000</ele></trkpt>
      <trkpt lat="22.3913386536" lon="114.2522416204"><ele>392.000</ele></trkpt>
      <trkpt lat="22.3912944567" lon="114.2522293919"><ele>392.000</ele></trkpt>
      <trkpt lat="22.3912651916" lon="114.2522216685"><ele>392.000</ele></trkpt>
      <trkpt lat="22.3912424946" lon="114.2522171601"><ele>392.000</ele></trkpt>
      <trkpt lat="22.3912090483" lon="114.2522094335"><ele>392.000</ele></trkpt>
      <trkpt lat="22.3911540985" lon="114.2521978421"><ele>394.000</ele></trkpt>
      <trkpt lat="22.3910806359" lon="114.2521791750"><ele>394.000</ele></trkpt>
      <trkpt lat="22.3910221055" lon="114.2521617997"><ele>394.000</ele></trkpt>
      <trkpt lat="22.3909952283" lon="114.2521553625"><ele>394.000</ele></trkpt>
      <trkpt lat="22.3909701430" lon="114.2521502099"><ele>394.000</ele></trkpt>
      <trkpt lat="22.3909468497" lon="114.2521444165"><ele>394.000</ele></trkpt>
      <trkpt lat="22.3909092241" lon="114.2521309068"><ele>394.000</ele></trkpt>
      <trkpt lat="22.3908787668" lon="114.2521174010"><ele>394.000</ele></trkpt>
      <trkpt lat="22.3908530861" lon="114.2521071101"><ele>394.000</ele></trkpt>
      <trkpt lat="22.3908274051" lon="114.2520974611"><ele>394.000</ele></trkpt>
      <trkpt lat="22.3907903749" lon="114.2520871641"><ele>394.000</ele></trkpt>
      <trkpt lat="22.3907646942" lon="114.2520787999"><ele>394.000</ele></trkpt>
      <trkpt lat="22.3907252745" lon="114.2520685007"><ele>394.000</ele></trkpt>
      <trkpt lat="22.3906888433" lon="114.2520556345"><ele>394.000</ele></trkpt>
      <trkpt lat="22.3906739128" lon="114.2520504884"><ele>394.000</ele></trkpt>
      <trkpt lat="22.3906374789" lon="114.2520434032"><ele>394.000</ele></trkpt>
      <trkpt lat="22.3905986552" lon="114.2520369586"><ele>396.000</ele></trkpt>
      <trkpt lat="22.3905687922" lon="114.2520292340"><ele>394.000</ele></trkpt>
      <trkpt lat="22.3905431100" lon="114.2520221545"><ele>394.000</ele></trkpt>
      <trkpt lat="22.3905198170" lon="114.2520157192"><ele>394.000</ele></trkpt>
      <trkpt lat="22.3905042873" lon="114.2520137833"><ele>394.000</ele></trkpt>
      <trkpt lat="22.3904857714" lon="114.2520112048"><ele>394.000</ele></trkpt>
      <trkpt lat="22.3904600853" lon="114.2520124757"><ele>395.000</ele></trkpt>
      <trkpt lat="22.3904373859" lon="114.2520150321"><ele>396.000</ele></trkpt>
      <trkpt lat="22.3904134921" lon="114.2520150192"><ele>396.000</ele></trkpt>
      <trkpt lat="22.3903824329" lon="114.2520124340"><ele>396.000</ele></trkpt>
      <trkpt lat="22.3903519694" lon="114.2520104900"><ele>396.000</ele></trkpt>
      <trkpt lat="22.3903179228" lon="114.2520079022"><ele>396.000</ele></trkpt>
      <trkpt lat="22.3902826816" lon="114.2520053138"><ele>396.000</ele></trkpt>
      <trkpt lat="22.3902462485" lon="114.2519963019"><ele>396.000</ele></trkpt>
      <trkpt lat="22.3902050378" lon="114.2519847180"><ele>396.000</ele></trkpt>
      <trkpt lat="22.3901709951" lon="114.2519737799"><ele>396.000</ele></trkpt>
      <trkpt lat="22.3901262046" lon="114.2519525589"><ele>396.000</ele></trkpt>
      <trkpt lat="22.3901076926" lon="114.2519416291"><ele>396.000</ele></trkpt>
      <trkpt lat="22.3900766411" lon="114.2519204156"><ele>396.000</ele></trkpt>
      <trkpt lat="22.3900497726" lon="114.2518972767"><ele>396.000</ele></trkpt>
      <trkpt lat="22.3900306669" lon="114.2518773543"><ele>396.000</ele></trkpt>
      <trkpt lat="22.3900187318" lon="114.2518529397"><ele>396.000</ele></trkpt>
      <trkpt lat="22.3900067963" lon="114.2518272393"><ele>396.000</ele></trkpt>
      <trkpt lat="22.3900020338" lon="114.2517938353"><ele>396.000</ele></trkpt>
      <trkpt lat="22.3899996628" lon="114.2517540098"><ele>397.000</ele></trkpt>
      <trkpt lat="22.3899966892" lon="114.2517263877"><ele>398.000</ele></trkpt>
      <trkpt lat="22.3899817774" lon="114.2516788470"><ele>394.000</ele></trkpt>
      <trkpt lat="22.3899662634" lon="114.2516428678"><ele>394.000</ele></trkpt>
      <trkpt lat="22.3899465703" lon="114.2516023902"><ele>394.000</ele></trkpt>
      <trkpt lat="22.3899125454" lon="114.2515529127"><ele>394.000</ele></trkpt>
      <trkpt lat="22.3898570313" lon="114.2514706642"><ele>392.000</ele></trkpt>
      <trkpt lat="22.3898218126" lon="114.2514192586"><ele>392.000</ele></trkpt>
      <trkpt lat="22.3897907714" lon="114.2513755636"><ele>392.000</ele></trkpt>
      <trkpt lat="22.3897770400" lon="114.2513588556"><ele>392.000</ele></trkpt>
      <trkpt lat="22.3897519636" lon="114.2513344340"><ele>390.000</ele></trkpt>
      <trkpt lat="22.3897382362" lon="114.2513113023"><ele>390.000</ele></trkpt>
      <trkpt lat="22.3897251050" lon="114.2512875290"><ele>390.000</ele></trkpt>
      <trkpt lat="22.3897113775" lon="114.2512643973"><ele>390.000</ele></trkpt>
      <trkpt lat="22.3897054163" lon="114.2512374165"><ele>390.000</ele></trkpt>
      <trkpt lat="22.3896958758" lon="114.2512014405"><ele>390.000</ele></trkpt>
      <trkpt lat="22.3896940989" lon="114.2511673963"><ele>390.000</ele></trkpt>
      <trkpt lat="22.3896941181" lon="114.2511256446"><ele>392.000</ele></trkpt>
      <trkpt lat="22.3896881553" lon="114.2511038027"><ele>392.000</ele></trkpt>
      <trkpt lat="22.3896762210" lon="114.2510774606"><ele>392.000</ele></trkpt>
      <trkpt lat="22.3896648865" lon="114.2510446951"><ele>394.000</ele></trkpt>
      <trkpt lat="22.3896589246" lon="114.2510189990"><ele>394.000</ele></trkpt>
      <trkpt lat="22.3896493791" lon="114.2509939429"><ele>394.000</ele></trkpt>
      <trkpt lat="22.3896350555" lon="114.2509669577"><ele>394.000</ele></trkpt>
      <trkpt lat="22.3896189400" lon="114.2509386858"><ele>394.000</ele></trkpt>
      <trkpt lat="22.3895980499" lon="114.2509046315"><ele>392.000</ele></trkpt>
      <trkpt lat="22.3895837263" lon="114.2508776462"><ele>392.000</ele></trkpt>
      <trkpt lat="22.3895801521" lon="114.2508558047"><ele>392.000</ele></trkpt>
      <trkpt lat="22.3895753852" lon="114.2508294664"><ele>392.000</ele></trkpt>
      <trkpt lat="22.3895694230" lon="114.2508044122"><ele>392.000</ele></trkpt>
      <trkpt lat="22.3895646576" lon="114.2507767902"><ele>392.000</ele></trkpt>
      <trkpt lat="22.3895706389" lon="114.2507581651"><ele>392.000</ele></trkpt>
      <trkpt lat="22.3895831955" lon="114.2507311941"><ele>392.000</ele></trkpt>
      <trkpt lat="22.3895921673" lon="114.2507055059"><ele>392.000</ele></trkpt>
      <trkpt lat="22.3895975531" lon="114.2506836691"><ele>392.000</ele></trkpt>
      <trkpt lat="22.3895969682" lon="114.2506554064"><ele>392.000</ele></trkpt>
      <trkpt lat="22.3895880225" lon="114.2506258545"><ele>392.000</ele></trkpt>
      <trkpt lat="22.3895737015" lon="114.2505930875"><ele>392.000</ele></trkpt>
      <trkpt lat="22.3895641574" lon="114.2505628935"><ele>390.000</ele></trkpt>
      <trkpt lat="22.3895581955" lon="114.2505391240"><ele>390.000</ele></trkpt>
      <trkpt lat="22.3895552216" lon="114.2505095744"><ele>390.000</ele></trkpt>
      <trkpt lat="22.3895558315" lon="114.2504832399"><ele>390.000</ele></trkpt>
      <trkpt lat="22.3895564374" lon="114.2504633272"><ele>389.000</ele></trkpt>
      <trkpt lat="22.3895510736" lon="114.2504369886"><ele>389.000</ele></trkpt>
      <trkpt lat="22.3895403359" lon="114.2504061511"><ele>386.000</ele></trkpt>
      <trkpt lat="22.3895260160" lon="114.2503708156"><ele>384.000</ele></trkpt>
      <trkpt lat="22.3895128903" lon="114.2503367645"><ele>384.000</ele></trkpt>
      <trkpt lat="22.3895033473" lon="114.2503040010"><ele>384.000</ele></trkpt>
      <trkpt lat="22.3894973885" lon="114.2502731660"><ele>385.000</ele></trkpt>
      <trkpt lat="22.3894872555" lon="114.2502249863"><ele>384.000</ele></trkpt>
      <trkpt lat="22.3894777198" lon="114.2501761641"><ele>384.000</ele></trkpt>
      <trkpt lat="22.3894622139" lon="114.2501234845"><ele>384.000</ele></trkpt>
      <trkpt lat="22.3894425213" lon="114.2500810806"><ele>384.000</ele></trkpt>
      <trkpt lat="22.3894174525" lon="114.2500373882"><ele>384.000</ele></trkpt>
      <trkpt lat="22.3893911855" lon="114.2500033313"><ele>383.000</ele></trkpt>
      <trkpt lat="22.3893643213" lon="114.2499679893"><ele>384.000</ele></trkpt>
      <trkpt lat="22.3893332806" lon="114.2499223672"><ele>384.000</ele></trkpt>
      <trkpt lat="22.3893022407" lon="114.2498767461"><ele>383.000</ele></trkpt>
      <trkpt lat="22.3892926895" lon="114.2498619671"><ele>383.000</ele></trkpt>
      <trkpt lat="22.3892914988" lon="114.2498529743"><ele>383.000</ele></trkpt>
      <trkpt lat="22.3892926982" lon="114.2498426970"><ele>383.000</ele></trkpt>
      <trkpt lat="22.3892944951" lon="114.2498330629"><ele>383.000</ele></trkpt>
      <trkpt lat="22.3892909158" lon="114.2498221422"><ele>383.000</ele></trkpt>
      <trkpt lat="22.3892807686" lon="114.2498054363"><ele>383.000</ele></trkpt>
      <trkpt lat="22.3892688288" lon="114.2497906560"><ele>385.000</ele></trkpt>
      <trkpt lat="22.3892491262" lon="114.2497700909"><ele>382.000</ele></trkpt>
      <trkpt lat="22.3892413644" lon="114.2497623794"><ele>382.000</ele></trkpt>
      <trkpt lat="22.3892353979" lon="114.2497463175"><ele>384.000</ele></trkpt>
      <trkpt lat="22.3892210759" lon="114.2497154782"><ele>382.000</ele></trkpt>
      <trkpt lat="22.3892055585" lon="114.2496859231"><ele>383.000</ele></trkpt>
      <trkpt lat="22.3891984026" lon="114.2496602265"><ele>383.000</ele></trkpt>
      <trkpt lat="22.3891864613" lon="114.2496467311"><ele>384.000</ele></trkpt>
      <trkpt lat="22.3891763132" lon="114.2496338794"><ele>382.000</ele></trkpt>
      <trkpt lat="22.3891625863" lon="114.2496068946"><ele>382.000</ele></trkpt>
      <trkpt lat="22.3891542362" lon="114.2495799118"><ele>382.000</ele></trkpt>
      <trkpt lat="22.3891518568" lon="114.2495574291"><ele>382.000</ele></trkpt>
      <trkpt lat="22.3891441091" lon="114.2495182430"><ele>382.000</ele></trkpt>
      <trkpt lat="22.3891393443" lon="114.2494867668"><ele>384.000</ele></trkpt>
      <trkpt lat="22.3891363674" lon="114.2494655676"><ele>384.000</ele></trkpt>
      <trkpt lat="22.3891333968" lon="114.2494283115"><ele>384.000</ele></trkpt>
      <trkpt lat="22.3891226607" lon="114.2493936200"><ele>381.000</ele></trkpt>
      <trkpt lat="22.3891107249" lon="114.2493698476"><ele>381.000</ele></trkpt>
      <trkpt lat="22.3890969959" lon="114.2493473590"><ele>381.000</ele></trkpt>
      <trkpt lat="22.3890922332" lon="114.2493133125"><ele>381.000</ele></trkpt>
      <trkpt lat="22.3890844790" lon="114.2492882585"><ele>380.000</ele></trkpt>
      <trkpt lat="22.3890815024" lon="114.2492644907"><ele>380.000</ele></trkpt>
      <trkpt lat="22.3890785290" lon="114.2492355841"><ele>380.000</ele></trkpt>
      <trkpt lat="22.3890791409" lon="114.2492041098"><ele>380.000</ele></trkpt>
      <trkpt lat="22.3890797507" lon="114.2491752059"><ele>380.000</ele></trkpt>
      <trkpt lat="22.3890773693" lon="114.2491572193"><ele>380.000</ele></trkpt>
      <trkpt lat="22.3890708076" lon="114.2491373030"><ele>380.000</ele></trkpt>
      <trkpt lat="22.3890660410" lon="114.2491116077"><ele>382.000</ele></trkpt>
      <trkpt lat="22.3890636581" lon="114.2490968334"><ele>382.000</ele></trkpt>
      <trkpt lat="22.3890541137" lon="114.2490666386"><ele>384.000</ele></trkpt>
      <trkpt lat="22.3890403943" lon="114.2490248800"><ele>379.000</ele></trkpt>
      <trkpt lat="22.3890272685" lon="114.2489901873"><ele>382.000</ele></trkpt>
      <trkpt lat="22.3890141368" lon="114.2489689838"><ele>383.000</ele></trkpt>
      <trkpt lat="22.3889986190" lon="114.2489400707"><ele>383.000</ele></trkpt>
      <trkpt lat="22.3889866828" lon="114.2489150146"><ele>380.000</ele></trkpt>
      <trkpt lat="22.3889747512" lon="114.2488816072"><ele>380.000</ele></trkpt>
      <trkpt lat="22.3889640150" lon="114.2488469157"><ele>382.000</ele></trkpt>
      <trkpt lat="22.3889592477" lon="114.2488205776"><ele>385.000</ele></trkpt>
      <trkpt lat="22.3889550778" lon="114.2487955246"><ele>385.000</ele></trkpt>
      <trkpt lat="22.3889527006" lon="114.2487679030"><ele>386.000</ele></trkpt>
      <trkpt lat="22.3889527128" lon="114.2487402826"><ele>386.000</ele></trkpt>
      <trkpt lat="22.3889461520" lon="114.2487184407"><ele>385.000</ele></trkpt>
      <trkpt lat="22.3889312311" lon="114.2486914555"><ele>385.000</ele></trkpt>
      <trkpt lat="22.3889163028" lon="114.2486792433"><ele>385.000</ele></trkpt>
      <trkpt lat="22.3889037688" lon="114.2486580402"><ele>378.000</ele></trkpt>
      <trkpt lat="22.3888966092" lon="114.2486381236"><ele>378.000</ele></trkpt>
      <trkpt lat="22.3888930321" lon="114.2486220640"><ele>378.000</ele></trkpt>
      <trkpt lat="22.3888972224" lon="114.2486015113"><ele>378.000</ele></trkpt>
      <trkpt lat="22.3889032080" lon="114.2485745369"><ele>378.000</ele></trkpt>
      <trkpt lat="22.3889157708" lon="114.2485327918"><ele>381.000</ele></trkpt>
      <trkpt lat="22.3889295217" lon="114.2485038938"><ele>381.000</ele></trkpt>
      <trkpt lat="22.3889355011" lon="114.2484910504"><ele>381.000</ele></trkpt>
      <trkpt lat="22.3889390899" lon="114.2484807754"><ele>379.000</ele></trkpt>
      <trkpt lat="22.3889402932" lon="114.2484615059"><ele>379.000</ele></trkpt>
      <trkpt lat="22.3889373150" lon="114.2484409496"><ele>379.000</ele></trkpt>
      <trkpt lat="22.3889301540" lon="114.2484261729"><ele>378.000</ele></trkpt>
      <trkpt lat="22.3889170190" lon="114.2484120350"><ele>378.000</ele></trkpt>
      <trkpt lat="22.3889122455" lon="114.2483998281"><ele>378.000</ele></trkpt>
      <trkpt lat="22.3889104609" lon="114.2483837685"><ele>378.000</ele></trkpt>
      <trkpt lat="22.3889104700" lon="114.2483632146"><ele>378.000</ele></trkpt>
      <trkpt lat="22.3889098813" lon="114.2483426595"><ele>378.000</ele></trkpt>
      <trkpt lat="22.3889063062" lon="114.2483221029"><ele>378.000</ele></trkpt>
      <trkpt lat="22.3888991438" lon="114.2483105376"><ele>376.000</ele></trkpt>
      <trkpt lat="22.3888925777" lon="114.2483002573"><ele>376.000</ele></trkpt>
      <trkpt lat="22.3888854184" lon="114.2482796988"><ele>376.000</ele></trkpt>
      <trkpt lat="22.3888818464" lon="114.2482540042"><ele>376.000</ele></trkpt>
      <trkpt lat="22.3888764779" lon="114.2482353733"><ele>376.000</ele></trkpt>
      <trkpt lat="22.3888752919" lon="114.2482154608"><ele>376.000</ele></trkpt>
      <trkpt lat="22.3888752993" lon="114.2481987602"><ele>376.000</ele></trkpt>
      <trkpt lat="22.3888782957" lon="114.2481782069"><ele>376.000</ele></trkpt>
      <trkpt lat="22.3888777066" lon="114.2481582946"><ele>376.000</ele></trkpt>
      <trkpt lat="22.3888741309" lon="114.2481390227"><ele>376.000</ele></trkpt>
      <trkpt lat="22.3888657777" lon="114.2481184647"><ele>376.000</ele></trkpt>
      <trkpt lat="22.3888520470" lon="114.2481017571"><ele>373.000</ele></trkpt>
      <trkpt lat="22.3888329380" lon="114.2480882581"><ele>375.000</ele></trkpt>
      <trkpt lat="22.3888126360" lon="114.2480709053"><ele>372.000</ele></trkpt>
      <trkpt lat="22.3887893474" lon="114.2480541928"><ele>372.000</ele></trkpt>
      <trkpt lat="22.3887696421" lon="114.2480394088"><ele>374.000</ele></trkpt>
      <trkpt lat="22.3887547188" lon="114.2480175617"><ele>374.000</ele></trkpt>
      <trkpt lat="22.3887445731" lon="114.2479970028"><ele>377.000</ele></trkpt>
      <trkpt lat="22.3887248771" lon="114.2479610221"><ele>374.000</ele></trkpt>
      <trkpt lat="22.3887010045" lon="114.2479128349"><ele>377.000</ele></trkpt>
      <trkpt lat="22.3886753421" lon="114.2478601516"><ele>377.000</ele></trkpt>
      <trkpt lat="22.3886526653" lon="114.2478113231"><ele>379.000</ele></trkpt>
      <trkpt lat="22.3886252164" lon="114.2477470764"><ele>379.000</ele></trkpt>
      <trkpt lat="22.3886079078" lon="114.2477136665"><ele>379.000</ele></trkpt>
      <trkpt lat="22.3886001515" lon="114.2476950354"><ele>380.000</ele></trkpt>
      <trkpt lat="22.3885959793" lon="114.2476725519"><ele>380.000</ele></trkpt>
      <trkpt lat="22.3885959883" lon="114.2476519972"><ele>380.000</ele></trkpt>
      <trkpt lat="22.3885954035" lon="114.2476243765"><ele>380.000</ele></trkpt>
      <trkpt lat="22.3885954139" lon="114.2476006104"><ele>380.000</ele></trkpt>
      <trkpt lat="22.3885942296" lon="114.2475768437"><ele>380.000</ele></trkpt>
      <trkpt lat="22.3885888613" lon="114.2475594976"><ele>378.000</ele></trkpt>
      <trkpt lat="22.3885817005" lon="114.2475421515"><ele>378.000</ele></trkpt>
      <trkpt lat="22.3885685677" lon="114.2475228749"><ele>378.000</ele></trkpt>
      <trkpt lat="22.3885560336" lon="114.2475016719"><ele>379.000</ele></trkpt>
      <trkpt lat="22.3885488713" lon="114.2474875372"><ele>379.000</ele></trkpt>
      <trkpt lat="22.3885435044" lon="114.2474669797"><ele>378.000</ele></trkpt>
      <trkpt lat="22.3885375389" lon="114.2474483496"><ele>378.000</ele></trkpt>
      <trkpt lat="22.3885285858" lon="114.2474322873"><ele>378.000</ele></trkpt>
      <trkpt lat="22.3885184400" lon="114.2474136541"><ele>378.000</ele></trkpt>
      <trkpt lat="22.3885106802" lon="114.2473988772"><ele>378.000</ele></trkpt>
      <trkpt lat="22.3885041142" lon="114.2473905226"><ele>378.000</ele></trkpt>
      <trkpt lat="22.3884933630" lon="114.2473873059"><ele>376.000</ele></trkpt>
      <trkpt lat="22.3884838079" lon="114.2473828050"><ele>376.000</ele></trkpt>
      <trkpt lat="22.3884742554" lon="114.2473725233"><ele>376.000</ele></trkpt>
      <trkpt lat="22.3884635098" lon="114.2473564592"><ele>378.000</ele></trkpt>
      <trkpt lat="22.3884575462" lon="114.2473333329"><ele>378.000</ele></trkpt>
      <trkpt lat="22.3884539735" lon="114.2473089222"><ele>376.000</ele></trkpt>
      <trkpt lat="22.3884497997" lon="114.2472922196"><ele>376.000</ele></trkpt>
      <trkpt lat="22.3884438316" lon="114.2472793702"><ele>376.000</ele></trkpt>
      <trkpt lat="22.3884360707" lon="114.2472690894"><ele>376.000</ele></trkpt>
      <trkpt lat="22.3884217401" lon="114.2472568777"><ele>376.000</ele></trkpt>
      <trkpt lat="22.3884032306" lon="114.2472395260"><ele>373.000</ele></trkpt>
      <trkpt lat="22.3883811371" lon="114.2472215296"><ele>374.000</ele></trkpt>
      <trkpt lat="22.3883656140" lon="114.2472041784"><ele>374.000</ele></trkpt>
      <trkpt lat="22.3883500917" lon="114.2471849016"><ele>372.000</ele></trkpt>
      <trkpt lat="22.3883345708" lon="114.2471624124"><ele>374.000</ele></trkpt>
      <trkpt lat="22.3883136757" lon="114.2471360664"><ele>372.000</ele></trkpt>
      <trkpt lat="22.3882885978" lon="114.2471116449"><ele>373.000</ele></trkpt>
      <trkpt lat="22.3882659110" lon="114.2470852980"><ele>372.000</ele></trkpt>
      <trkpt lat="22.3882402359" lon="114.2470615190"><ele>372.000</ele></trkpt>
      <trkpt lat="22.3882151588" lon="114.2470370985"><ele>370.000</ele></trkpt>
      <trkpt lat="22.3881948553" lon="114.2470229573"><ele>372.000</ele></trkpt>
      <trkpt lat="22.3881721635" lon="114.2470081720"><ele>370.000</ele></trkpt>
      <trkpt lat="22.3881518581" lon="114.2469985268"><ele>370.000</ele></trkpt>
      <trkpt lat="22.3881369280" lon="114.2469920967"><ele>369.000</ele></trkpt>
      <trkpt lat="22.3881231912" lon="114.2469869509"><ele>369.000</ele></trkpt>
      <trkpt lat="22.3881112456" lon="114.2469850183"><ele>369.000</ele></trkpt>
      <trkpt lat="22.3880963153" lon="114.2469792300"><ele>371.000</ele></trkpt>
      <trkpt lat="22.3880777981" lon="114.2469772931"><ele>370.000</ele></trkpt>
      <trkpt lat="22.3880521127" lon="114.2469792078"><ele>370.000</ele></trkpt>
      <trkpt lat="22.3880264264" lon="114.2469811215"><ele>368.000</ele></trkpt>
      <trkpt lat="22.3880031295" lon="114.2469830365"><ele>368.000</ele></trkpt>
      <trkpt lat="22.3879846122" lon="114.2469836700"><ele>368.000</ele></trkpt>
      <trkpt lat="22.3879619142" lon="114.2469810892"><ele>368.000</ele></trkpt>
      <trkpt lat="22.3879451902" lon="114.2469778695"><ele>369.000</ele></trkpt>
      <trkpt lat="22.3879272737" lon="114.2469714368"><ele>369.000</ele></trkpt>
      <trkpt lat="22.3879111491" lon="114.2469624366"><ele>368.000</ele></trkpt>
      <trkpt lat="22.3878878573" lon="114.2469527900"><ele>368.000</ele></trkpt>
      <trkpt lat="22.3878556087" lon="114.2469354305"><ele>368.000</ele></trkpt>
      <trkpt lat="22.3878143993" lon="114.2469219207"><ele>368.000</ele></trkpt>
      <trkpt lat="22.3877690126" lon="114.2468974901"><ele>366.000</ele></trkpt>
      <trkpt lat="22.3877349721" lon="114.2468807726"><ele>369.000</ele></trkpt>
      <trkpt lat="22.3877158628" lon="114.2468679168"><ele>368.000</ele></trkpt>
      <trkpt lat="22.3876973518" lon="114.2468537765"><ele>368.000</ele></trkpt>
      <trkpt lat="22.3876812314" lon="114.2468351414"><ele>366.000</ele></trkpt>
      <trkpt lat="22.3876663113" lon="114.2468055862"><ele>367.000</ele></trkpt>
      <trkpt lat="22.3876430348" lon="114.2467606121"><ele>371.000</ele></trkpt>
      <trkpt lat="22.3876293093" lon="114.2467291320"><ele>368.000</ele></trkpt>
      <trkpt lat="22.3876173759" lon="114.2466989364"><ele>368.000</ele></trkpt>
      <trkpt lat="22.3876060414" lon="114.2466642452"><ele>366.000</ele></trkpt>
      <trkpt lat="22.3875947073" lon="114.2466282701"><ele>364.000</ele></trkpt>
      <trkpt lat="22.3875762033" lon="114.2465980713"><ele>364.000</ele></trkpt>
      <trkpt lat="22.3875553084" lon="114.2465710837"><ele>364.000</ele></trkpt>
      <trkpt lat="22.3875356029" lon="114.2465563000"><ele>364.000</ele></trkpt>
      <trkpt lat="22.3875093266" lon="114.2465421559"><ele>364.000</ele></trkpt>
      <trkpt lat="22.3874860334" lon="114.2465357207"><ele>364.000</ele></trkpt>
      <trkpt lat="22.3874525831" lon="114.2465344193"><ele>364.000</ele></trkpt>
      <trkpt lat="22.3874167415" lon="114.2465395403"><ele>364.000</ele></trkpt>
      <trkpt lat="22.3873755220" lon="114.2465472281"><ele>365.000</ele></trkpt>
      <trkpt lat="22.3873426640" lon="114.2465568467"><ele>364.000</ele></trkpt>
      <trkpt lat="22.3873145846" lon="114.2465690361"><ele>364.000</ele></trkpt>
      <trkpt lat="22.3872942706" lon="114.2465793037"><ele>364.000</ele></trkpt>
      <trkpt lat="22.3872727607" lon="114.2465921393"><ele>364.000</ele></trkpt>
      <trkpt lat="22.3872506581" lon="114.2465972671"><ele>364.000</ele></trkpt>
      <trkpt lat="22.3872255679" lon="114.2466011078"><ele>364.000</ele></trkpt>
      <trkpt lat="22.3872052600" lon="114.2465991711"><ele>364.000</ele></trkpt>
      <trkpt lat="22.3871789809" lon="114.2465914496"><ele>366.000</ele></trkpt>
      <trkpt lat="22.3871568813" lon="114.2465875854"><ele>366.000</ele></trkpt>
      <trkpt lat="22.3871323916" lon="114.2465850038"><ele>365.000</ele></trkpt>
      <trkpt lat="22.3871174568" lon="114.2465875658"><ele>365.000</ele></trkpt>
      <trkpt lat="22.3870929641" lon="114.2465920496"><ele>364.000</ele></trkpt>
      <trkpt lat="22.3870732495" lon="114.2465984624"><ele>364.000</ele></trkpt>
      <trkpt lat="22.3870553272" lon="114.2466035923"><ele>364.000</ele></trkpt>
      <trkpt lat="22.3870272506" lon="114.2466093591"><ele>364.000</ele></trkpt>
      <trkpt lat="22.3870093296" lon="114.2466112777"><ele>364.000</ele></trkpt>
      <trkpt lat="22.3869866323" lon="114.2466093388"><ele>364.000</ele></trkpt>
      <trkpt lat="22.3869699091" lon="114.2466041926"><ele>364.000</ele></trkpt>
      <trkpt lat="22.3869531889" lon="114.2465919799"><ele>366.000</ele></trkpt>
      <trkpt lat="22.3869442358" lon="114.2465759169"><ele>366.000</ele></trkpt>
      <trkpt lat="22.3869281148" lon="114.2465604933"><ele>366.000</ele></trkpt>
      <trkpt lat="22.3869119894" lon="114.2465534198"><ele>366.000</ele></trkpt>
      <trkpt lat="22.3868988498" lon="114.2465495600"><ele>366.000</ele></trkpt>
      <trkpt lat="22.3868821236" lon="114.2465514783"><ele>366.000</ele></trkpt>
      <trkpt lat="22.3868695771" lon="114.2465566109"><ele>368.000</ele></trkpt>
      <trkpt lat="22.3868576278" lon="114.2465630276"><ele>368.000</ele></trkpt>
      <trkpt lat="22.3868486631" lon="114.2465739427"><ele>368.000</ele></trkpt>
      <trkpt lat="22.3868373058" lon="114.2465919221"><ele>368.000</ele></trkpt>
      <trkpt lat="22.3868235610" lon="114.2466073309"><ele>368.000</ele></trkpt>
      <trkpt lat="22.3868098159" lon="114.2466214550"><ele>368.000</ele></trkpt>
      <trkpt lat="22.3867799416" lon="114.2466413517"><ele>368.000</ele></trkpt>
      <trkpt lat="22.3867628323" lon="114.2466539320"><ele>368.000</ele></trkpt>
      <trkpt lat="22.3867461012" lon="114.2466693393"><ele>368.000</ele></trkpt>
      <trkpt lat="22.3867186131" lon="114.2466924495"><ele>370.000</ele></trkpt>
      <trkpt lat="22.3866953100" lon="114.2467110648"><ele>370.000</ele></trkpt>
      <trkpt lat="22.3866708131" lon="114.2467251835"><ele>370.000</ele></trkpt>
      <trkpt lat="22.3866427315" lon="114.2467405850"><ele>370.000</ele></trkpt>
      <trkpt lat="22.3866295867" lon="114.2467489286"><ele>370.000</ele></trkpt>
      <trkpt lat="22.3866062787" lon="114.2467765369"><ele>370.000</ele></trkpt>
      <trkpt lat="22.3865829691" lon="114.2468079983"><ele>370.000</ele></trkpt>
      <trkpt lat="22.3865608553" lon="114.2468368919"><ele>370.000</ele></trkpt>
      <trkpt lat="22.3865273848" lon="114.2468824801"><ele>368.000</ele></trkpt>
      <trkpt lat="22.3865004896" lon="114.2469190785"><ele>368.000</ele></trkpt>
      <trkpt lat="22.3864831555" lon="114.2469441203"><ele>367.000</ele></trkpt>
      <trkpt lat="22.3864616426" lon="114.2469659477"><ele>367.000</ele></trkpt>
      <trkpt lat="22.3864353535" lon="114.2469813501"><ele>366.000</ele></trkpt>
      <trkpt lat="22.3864126474" lon="114.2469973972"><ele>366.000</ele></trkpt>
      <trkpt lat="22.3863953192" lon="114.2470108765"><ele>366.000</ele></trkpt>
      <trkpt lat="22.3863750004" lon="114.2470320626"><ele>364.000</ele></trkpt>
      <trkpt lat="22.3863552774" lon="114.2470577460"><ele>364.000</ele></trkpt>
      <trkpt lat="22.3863361531" lon="114.2470795756"><ele>362.000</ele></trkpt>
      <trkpt lat="22.3863140420" lon="114.2471020455"><ele>362.000</ele></trkpt>
      <trkpt lat="22.3862931277" lon="114.2471200200"><ele>362.000</ele></trkpt>
      <trkpt lat="22.3862656422" lon="114.2471392749"><ele>362.000</ele></trkpt>
      <trkpt lat="22.3862363653" lon="114.2471578880"><ele>362.000</ele></trkpt>
      <trkpt lat="22.3862190378" lon="114.2471675142"><ele>362.000</ele></trkpt>
      <trkpt lat="22.3861831909" lon="114.2471848383"><ele>360.000</ele></trkpt>
      <trkpt lat="22.3861539187" lon="114.2471906043"><ele>360.000</ele></trkpt>
      <trkpt lat="22.3861300258" lon="114.2471905923"><ele>358.000</ele></trkpt>
      <trkpt lat="22.3861031486" lon="114.2471835133"><ele>358.000</ele></trkpt>
      <trkpt lat="22.3860816465" lon="114.2471783637"><ele>358.000</ele></trkpt>
      <trkpt lat="22.3860517822" lon="114.2471751374"><ele>356.000</ele></trkpt>
      <trkpt lat="22.3860296769" lon="114.2471821917"><ele>356.000</ele></trkpt>
      <trkpt lat="22.3860093634" lon="114.2471931010"><ele>356.000</ele></trkpt>
      <trkpt lat="22.3859777012" lon="114.2472020771"><ele>356.000</ele></trkpt>
      <trkpt lat="22.3859603749" lon="114.2472091347"><ele>357.000</ele></trkpt>
      <trkpt lat="22.3859448401" lon="114.2472187608"><ele>357.000</ele></trkpt>
      <trkpt lat="22.3859299030" lon="114.2472283881"><ele>355.000</ele></trkpt>
      <trkpt lat="22.3859167551" lon="114.2472437970"><ele>356.000</ele></trkpt>
      <trkpt lat="22.3859012172" lon="114.2472604894"><ele>356.000</ele></trkpt>
      <trkpt lat="22.3858904586" lon="114.2472739730"><ele>354.000</ele></trkpt>
      <trkpt lat="22.3858677537" lon="114.2472893771"><ele>354.000</ele></trkpt>
      <trkpt lat="22.3858498280" lon="114.2473022142"><ele>354.000</ele></trkpt>
      <trkpt lat="22.3858229408" lon="114.2473182580"><ele>354.000</ele></trkpt>
      <trkpt lat="22.3857954552" lon="114.2473375138"><ele>353.000</ele></trkpt>
      <trkpt lat="22.3857745442" lon="114.2473477809"><ele>353.000</ele></trkpt>
      <trkpt lat="22.3857482593" lon="114.2473535484"><ele>353.000</ele></trkpt>
      <trkpt lat="22.3857160021" lon="114.2473561015"><ele>353.000</ele></trkpt>
      <trkpt lat="22.3856706031" lon="114.2473599328"><ele>353.000</ele></trkpt>
      <trkpt lat="22.3856461129" lon="114.2473586347"><ele>353.000</ele></trkpt>
      <trkpt lat="22.3856258042" lon="114.2473586245"><ele>353.000</ele></trkpt>
      <trkpt lat="22.3856084804" lon="114.2473599014"><ele>353.000</ele></trkpt>
      <trkpt lat="22.3855953372" lon="114.2473643908"><ele>353.000</ele></trkpt>
      <trkpt lat="22.3855786062" lon="114.2473772284"><ele>350.000</ele></trkpt>
      <trkpt lat="22.3855564979" lon="114.2473932747"><ele>350.000</ele></trkpt>
      <trkpt lat="22.3855308091" lon="114.2474028965"><ele>350.000</ele></trkpt>
      <trkpt lat="22.3855075100" lon="114.2474099501"><ele>350.000</ele></trkpt>
      <trkpt lat="22.3854901862" lon="114.2474112261"><ele>350.000</ele></trkpt>
      <trkpt lat="22.3854656966" lon="114.2474105719"><ele>350.000</ele></trkpt>
      <trkpt lat="22.3854424006" lon="114.2474086326"><ele>350.000</ele></trkpt>
      <trkpt lat="22.3854238841" lon="114.2474073395"><ele>350.000</ele></trkpt>
      <trkpt lat="22.3854065603" lon="114.2474105421"><ele>350.000</ele></trkpt>
      <trkpt lat="22.3853737067" lon="114.2474118102"><ele>350.000</ele></trkpt>
      <trkpt lat="22.3853438401" lon="114.2474117951"><ele>350.000</ele></trkpt>
      <trkpt lat="22.3853187536" lon="114.2474092131"><ele>350.000</ele></trkpt>
      <trkpt lat="22.3852942662" lon="114.2474014925"><ele>350.000</ele></trkpt>
      <trkpt lat="22.3852697807" lon="114.2473892769"><ele>348.000</ele></trkpt>
      <trkpt lat="22.3852297677" lon="114.2473699872"><ele>348.000</ele></trkpt>
      <trkpt lat="22.3852136457" lon="114.2473571330"><ele>349.000</ele></trkpt>
      <trkpt lat="22.3851933425" lon="114.2473423492"><ele>348.000</ele></trkpt>
      <trkpt lat="22.3851718410" lon="114.2473359158"><ele>348.000</ele></trkpt>
      <trkpt lat="22.3851437714" lon="114.2473256240"><ele>346.000</ele></trkpt>
      <trkpt lat="22.3851228688" lon="114.2473166216"><ele>348.000</ele></trkpt>
      <trkpt lat="22.3850840465" lon="114.2473063244"><ele>346.000</ele></trkpt>
      <trkpt lat="22.3850535849" lon="114.2472998865"><ele>346.000</ele></trkpt>
      <trkpt lat="22.3850249150" lon="114.2472953761"><ele>346.000</ele></trkpt>
      <trkpt lat="22.3849950486" lon="114.2472947182"><ele>346.000</ele></trkpt>
      <trkpt lat="22.3849580201" lon="114.2472818536"><ele>344.000</ele></trkpt>
      <trkpt lat="22.3849383125" lon="114.2472722089"><ele>344.000</ele></trkpt>
      <trkpt lat="22.3849215879" lon="114.2472702739"><ele>345.000</ele></trkpt>
      <trkpt lat="22.3848994880" lon="114.2472670505"><ele>345.000</ele></trkpt>
      <trkpt lat="22.3848642475" lon="114.2472625368"><ele>344.000</ele></trkpt>
      <trkpt lat="22.3848290108" lon="114.2472490303"><ele>343.000</ele></trkpt>
      <trkpt lat="22.3847985517" lon="114.2472368117"><ele>343.000</ele></trkpt>
      <trkpt lat="22.3847609242" lon="114.2472265152"><ele>342.000</ele></trkpt>
      <trkpt lat="22.3847340502" lon="114.2472142985"><ele>342.000</ele></trkpt>
      <trkpt lat="22.3846904515" lon="114.2471982184"><ele>340.000</ele></trkpt>
      <trkpt lat="22.3846611916" lon="114.2471757229"><ele>340.000</ele></trkpt>
      <trkpt lat="22.3846164033" lon="114.2471500084"><ele>339.000</ele></trkpt>
      <trkpt lat="22.3845841539" lon="114.2471345768"><ele>339.000</ele></trkpt>
      <trkpt lat="22.3845525046" lon="114.2471140067"><ele>338.000</ele></trkpt>
      <trkpt lat="22.3845017420" lon="114.2470895730"><ele>337.000</ele></trkpt>
      <trkpt lat="22.3844539636" lon="114.2470702805"><ele>337.000</ele></trkpt>
      <trkpt lat="22.3844133516" lon="114.2470554866"><ele>336.000</ele></trkpt>
      <trkpt lat="22.3843900601" lon="114.2470451983"><ele>334.000</ele></trkpt>
      <trkpt lat="22.3843745338" lon="114.2470349130"><ele>334.000</ele></trkpt>
      <trkpt lat="22.3843619962" lon="114.2470194913"><ele>336.000</ele></trkpt>
      <trkpt lat="22.3843506534" lon="114.2470040703"><ele>336.000</ele></trkpt>
      <trkpt lat="22.3843363219" lon="114.2469937865"><ele>333.000</ele></trkpt>
      <trkpt lat="22.3843190029" lon="114.2469860697"><ele>333.000</ele></trkpt>
      <trkpt lat="22.3843004858" lon="114.2469860604"><ele>332.000</ele></trkpt>
      <trkpt lat="22.3842831637" lon="114.2469834833"><ele>332.000</ele></trkpt>
      <trkpt lat="22.3842676387" lon="114.2469725561"><ele>332.000</ele></trkpt>
      <trkpt lat="22.3842515129" lon="114.2469661245"><ele>330.000</ele></trkpt>
      <trkpt lat="22.3842312030" lon="114.2469667562"><ele>330.000</ele></trkpt>
      <trkpt lat="22.3842138774" lon="114.2469744557"><ele>330.000</ele></trkpt>
      <trkpt lat="22.3841983428" lon="114.2469834408"><ele>328.000</ele></trkpt>
      <trkpt lat="22.3841887838" lon="114.2469879319"><ele>328.000</ele></trkpt>
      <trkpt lat="22.3841708642" lon="114.2469866382"><ele>328.000</ele></trkpt>
      <trkpt lat="22.3841463790" lon="114.2469737800"><ele>327.000</ele></trkpt>
      <trkpt lat="22.3841141319" lon="114.2469532097"><ele>326.000</ele></trkpt>
      <trkpt lat="22.3840860642" lon="114.2469384222"><ele>326.000</ele></trkpt>
      <trkpt lat="22.3840466508" lon="114.2469127105"><ele>324.000</ele></trkpt>
      <trkpt lat="22.3840078342" lon="114.2468914952"><ele>322.000</ele></trkpt>
      <trkpt lat="22.3839600543" lon="114.2468754131"><ele>323.000</ele></trkpt>
      <trkpt lat="22.3839260116" lon="114.2468638348"><ele>322.000</ele></trkpt>
      <trkpt lat="22.3839003294" lon="114.2468561148"><ele>322.000</ele></trkpt>
      <trkpt lat="22.3838776317" lon="114.2468528912"><ele>320.000</ele></trkpt>
      <trkpt lat="22.3838459748" lon="114.2468496641"><ele>319.000</ele></trkpt>
      <trkpt lat="22.3838011848" lon="114.2468278030"><ele>320.000</ele></trkpt>
      <trkpt lat="22.3837647519" lon="114.2468155817"><ele>320.000</ele></trkpt>
      <trkpt lat="22.3837277175" lon="114.2468162050"><ele>320.000</ele></trkpt>
      <trkpt lat="22.3836954620" lon="114.2468149042"><ele>320.000</ele></trkpt>
      <trkpt lat="22.3836709723" lon="114.2468123225"><ele>320.000</ele></trkpt>
      <trkpt lat="22.3836506686" lon="114.2468007512"><ele>318.000</ele></trkpt>
      <trkpt lat="22.3836303648" lon="114.2467872523"><ele>318.000</ele></trkpt>
      <trkpt lat="22.3835951309" lon="114.2467673235"><ele>316.000</ele></trkpt>
      <trkpt lat="22.3835664673" lon="114.2467480398"><ele>316.000</ele></trkpt>
      <trkpt lat="22.3835473552" lon="114.2467416078"><ele>316.000</ele></trkpt>
      <trkpt lat="22.3835252564" lon="114.2467358161"><ele>317.000</ele></trkpt>
      <trkpt lat="22.3835067455" lon="114.2467216763"><ele>317.000</ele></trkpt>
      <trkpt lat="22.3834876386" lon="114.2467030393"><ele>314.000</ele></trkpt>
      <trkpt lat="22.3834757030" lon="114.2466779834"><ele>316.000</ele></trkpt>
      <trkpt lat="22.3834667523" lon="114.2466561412"><ele>316.000</ele></trkpt>
      <trkpt lat="22.3834578039" lon="114.2466291593"><ele>316.000</ele></trkpt>
      <trkpt lat="22.3834542288" lon="114.2466079617"><ele>316.000</ele></trkpt>
      <trkpt lat="22.3834464762" lon="114.2465784120"><ele>314.000</ele></trkpt>
      <trkpt lat="22.3834423089" lon="114.2465462947"><ele>314.000</ele></trkpt>
      <trkpt lat="22.3834429156" lon="114.2465257410"><ele>316.000</ele></trkpt>
      <trkpt lat="22.3834399355" lon="114.2465090396"><ele>316.000</ele></trkpt>
      <trkpt lat="22.3834291876" lon="114.2465000424"><ele>316.000</ele></trkpt>
      <trkpt lat="22.3834094766" lon="114.2464981050"><ele>316.000</ele></trkpt>
      <trkpt lat="22.3833921565" lon="114.2464929586"><ele>316.000</ele></trkpt>
      <trkpt lat="22.3833772294" lon="114.2464775360"><ele>316.000</ele></trkpt>
      <trkpt lat="22.3833694712" lon="114.2464608322"><ele>316.000</ele></trkpt>
      <trkpt lat="22.3833652973" lon="114.2464441301"><ele>316.000</ele></trkpt>
      <trkpt lat="22.3833611233" lon="114.2464274281"><ele>316.000</ele></trkpt>
      <trkpt lat="22.3833575452" lon="114.2464132958"><ele>316.000</ele></trkpt>
      <trkpt lat="22.3833503820" lon="114.2464010882"><ele>316.000</ele></trkpt>
      <trkpt lat="22.3833342586" lon="114.2463914455"><ele>314.000</ele></trkpt>
      <trkpt lat="22.3833187309" lon="114.2463843725"><ele>314.000</ele></trkpt>
      <trkpt lat="22.3832918515" lon="114.2463824326"><ele>314.000</ele></trkpt>
      <trkpt lat="22.3832566087" lon="114.2463830570"><ele>313.000</ele></trkpt>
      <trkpt lat="22.3832418573" lon="114.2463832147"><ele>313.000</ele></trkpt>
      <trkpt lat="22.3832328341" lon="114.2463852698"><ele>313.000</ele></trkpt>
      <trkpt lat="22.3832249038" lon="114.2463885480"><ele>313.000</ele></trkpt>
      <trkpt lat="22.3832171015" lon="114.2463885732"><ele>312.000</ele></trkpt>
      <trkpt lat="22.3831874926" lon="114.2463834703"><ele>312.000</ele></trkpt>
      <trkpt lat="22.3831716536" lon="114.2463822874"><ele>315.000</ele></trkpt>
      <trkpt lat="22.3831638596" lon="114.2463837984"><ele>315.000</ele></trkpt>
      <trkpt lat="22.3831572118" lon="114.2463867762"><ele>315.000</ele></trkpt>
      <trkpt lat="22.3831505638" lon="114.2463905016"><ele>315.000</ele></trkpt>
      <trkpt lat="22.3831329383" lon="114.2464066121"><ele>316.000</ele></trkpt>
      <trkpt lat="22.3831205793" lon="114.2464187536"><ele>314.000</ele></trkpt>
      <trkpt lat="22.3831029541" lon="114.2464343689"><ele>314.000</ele></trkpt>
      <trkpt lat="22.3830899006" lon="114.2464445389"><ele>318.000</ele></trkpt>
      <trkpt lat="22.3830688333" lon="114.2464633762"><ele>317.000</ele></trkpt>
      <trkpt lat="22.3830496085" lon="114.2464817095"><ele>317.000</ele></trkpt>
      <trkpt lat="22.3830255780" lon="114.2465034207"><ele>318.000</ele></trkpt>
      <trkpt lat="22.3830177906" lon="114.2465104558"><ele>318.000</ele></trkpt>
      <trkpt lat="22.3830095434" lon="114.2465159187"><ele>318.000</ele></trkpt>
      <trkpt lat="22.3829953507" lon="114.2465293022"><ele>318.000</ele></trkpt>
      <trkpt lat="22.3829829837" lon="114.2465389676"><ele>318.000</ele></trkpt>
      <trkpt lat="22.3829623861" lon="114.2465575624"><ele>317.000</ele></trkpt>
      <trkpt lat="22.3829507055" lon="114.2465672281"><ele>317.000</ele></trkpt>
      <trkpt lat="22.3829234520" lon="114.2465868197"><ele>318.000</ele></trkpt>
      <trkpt lat="22.3829000835" lon="114.2466019659"><ele>319.000</ele></trkpt>
      <trkpt lat="22.3828741959" lon="114.2466161204"><ele>319.000</ele></trkpt>
      <trkpt lat="22.3828570154" lon="114.2466265505"><ele>319.000</ele></trkpt>
      <trkpt lat="22.3828293009" lon="114.2466471324"><ele>318.000</ele></trkpt>
      <trkpt lat="22.3828015870" lon="114.2466662382"><ele>318.000</ele></trkpt>
      <trkpt lat="22.3827791389" lon="114.2466831036"><ele>318.000</ele></trkpt>
      <trkpt lat="22.3827670066" lon="114.2466930215"><ele>316.000</ele></trkpt>
      <trkpt lat="22.3827505355" lon="114.2467125797"><ele>318.000</ele></trkpt>
      <trkpt lat="22.3827432095" lon="114.2467177905"><ele>318.000</ele></trkpt>
      <trkpt lat="22.3827370221" lon="114.2467212734"><ele>318.000</ele></trkpt>
      <trkpt lat="22.3827212071" lon="114.2467272471"><ele>318.000</ele></trkpt>
      <trkpt lat="22.3827037757" lon="114.2467329772"><ele>318.000</ele></trkpt>
      <trkpt lat="22.3826858934" lon="114.2467372311"><ele>315.000</ele></trkpt>
      <trkpt lat="22.3826764921" lon="114.2467384985"><ele>315.000</ele></trkpt>
      <trkpt lat="22.3826590538" lon="114.2467392957"><ele>315.000</ele></trkpt>
      <trkpt lat="22.3826333532" lon="114.2467388750"><ele>315.000</ele></trkpt>
      <trkpt lat="22.3826078864" lon="114.2467404354"><ele>315.000</ele></trkpt>
      <trkpt lat="22.3825915952" lon="114.2467407380"><ele>315.000</ele></trkpt>
      <trkpt lat="22.3825821856" lon="114.2467402672"><ele>314.000</ele></trkpt>
      <trkpt lat="22.3825746099" lon="114.2467383213"><ele>314.000</ele></trkpt>
      <trkpt lat="22.3825624307" lon="114.2467314403"><ele>316.000</ele></trkpt>
      <trkpt lat="22.3825440417" lon="114.2467171666"><ele>316.000</ele></trkpt>
      <trkpt lat="22.3825341488" lon="114.2467065774"><ele>314.000</ele></trkpt>
      <trkpt lat="22.3825281637" lon="114.2467016610"><ele>314.000</ele></trkpt>
      <trkpt lat="22.3825159858" lon="114.2466918184"><ele>314.000</ele></trkpt>
      <trkpt lat="22.3824892941" lon="114.2466649754"><ele>312.000</ele></trkpt>
      <trkpt lat="22.3824828578" lon="114.2466593110"><ele>312.000</ele></trkpt>
      <trkpt lat="22.3824720358" lon="114.2466462550"><ele>312.000</ele></trkpt>
      <trkpt lat="22.3824665207" lon="114.2466403483"><ele>312.000</ele></trkpt>
      <trkpt lat="22.3824437152" lon="114.2466065741"><ele>314.000</ele></trkpt>
      <trkpt lat="22.3824402595" lon="114.2465996781"><ele>314.000</ele></trkpt>
      <trkpt lat="22.3824303507" lon="114.2465841463"><ele>315.000</ele></trkpt>
      <trkpt lat="22.3824183594" lon="114.2465602238"><ele>315.000</ele></trkpt>
      <trkpt lat="22.3824036129" lon="114.2465385333"><ele>314.000</ele></trkpt>
      <trkpt lat="22.3823994625" lon="114.2465301512"><ele>314.000</ele></trkpt>
      <trkpt lat="22.3823941653" lon="114.2465215161"><ele>314.000</ele></trkpt>
      <trkpt lat="22.3823900146" lon="114.2465136292"><ele>314.000</ele></trkpt>
      <trkpt lat="22.3823801055" lon="114.2464988355"><ele>314.000</ele></trkpt>
      <trkpt lat="22.3823692931" lon="114.2464845462"><ele>316.000</ele></trkpt>
      <trkpt lat="22.3823642212" lon="114.2464769016"><ele>316.000</ele></trkpt>
      <trkpt lat="22.3823517769" lon="114.2464564455"><ele>315.000</ele></trkpt>
      <trkpt lat="22.3823483132" lon="114.2464470636"><ele>315.000</ele></trkpt>
      <trkpt lat="22.3823280894" lon="114.2464365081"><ele>316.000</ele></trkpt>
      <trkpt lat="22.3823099349" lon="114.2464229823"><ele>316.000</ele></trkpt>
      <trkpt lat="22.3822903978" lon="114.2464114368"><ele>316.000</ele></trkpt>
      <trkpt lat="22.3822837356" lon="114.2464060151"><ele>316.000</ele></trkpt>
      <trkpt lat="22.3822726870" lon="114.2463949398"><ele>316.000</ele></trkpt>
      <trkpt lat="22.3822667110" lon="114.2463897710"><ele>316.000</ele></trkpt>
      <trkpt lat="22.3822558973" lon="114.2463784434"><ele>316.000</ele></trkpt>
      <trkpt lat="22.3822508341" lon="114.2463717893"><ele>316.000</ele></trkpt>
      <trkpt lat="22.3822453094" lon="114.2463671159"><ele>316.000</ele></trkpt>
      <trkpt lat="22.3822264679" lon="114.2463550657"><ele>316.000</ele></trkpt>
      <trkpt lat="22.3822138200" lon="114.2463459706"><ele>316.000</ele></trkpt>
      <trkpt lat="22.3822017402" lon="114.2463389052"><ele>316.000</ele></trkpt>
      <trkpt lat="22.3821914848" lon="114.2463314329"><ele>316.000</ele></trkpt>
      <trkpt lat="22.3821774372" lon="114.2463222011"><ele>314.000</ele></trkpt>
      <trkpt lat="22.3821602114" lon="114.2463118996"><ele>314.000</ele></trkpt>
      <trkpt lat="22.3821276764" lon="114.2462864036"><ele>314.000</ele></trkpt>
      <trkpt lat="22.3821082215" lon="114.2462725859"><ele>314.000</ele></trkpt>
      <trkpt lat="22.3820870075" lon="114.2462547764"><ele>313.000</ele></trkpt>
      <trkpt lat="22.3820703714" lon="114.2462380664"><ele>314.000</ele></trkpt>
      <trkpt lat="22.3820527867" lon="114.2462223172"><ele>314.000</ele></trkpt>
      <trkpt lat="22.3820024366" lon="114.2461706917"><ele>314.000</ele></trkpt>
      <trkpt lat="22.3819848426" lon="114.2461554476"><ele>314.000</ele></trkpt>
      <trkpt lat="22.3819312592" lon="114.2461047236"><ele>314.000</ele></trkpt>
      <trkpt lat="22.3819120809" lon="114.2460775738"><ele>314.000</ele></trkpt>
      <trkpt lat="22.3819040118" lon="114.2460679857"><ele>314.000</ele></trkpt>
      <trkpt lat="22.3818945607" lon="114.2460588631"><ele>314.000</ele></trkpt>
      <trkpt lat="22.3818845384" lon="114.2460551585"><ele>316.000</ele></trkpt>
      <trkpt lat="22.3818727291" lon="114.2460489478"><ele>316.000</ele></trkpt>
      <trkpt lat="22.3818646230" lon="114.2460413406"><ele>316.000</ele></trkpt>
      <trkpt lat="22.3818570051" lon="114.2460322577"><ele>316.000</ele></trkpt>
      <trkpt lat="22.3818485583" lon="114.2460187077"><ele>316.000</ele></trkpt>
      <trkpt lat="22.3818326779" lon="114.2459876852"><ele>317.000</ele></trkpt>
      <trkpt lat="22.3818224901" lon="114.2459696385"><ele>317.000</ele></trkpt>
      <trkpt lat="22.3818019947" lon="114.2459394973"><ele>320.000</ele></trkpt>
      <trkpt lat="22.3817930319" lon="114.2459288990"><ele>320.000</ele></trkpt>
      <trkpt lat="22.3817548133" lon="114.2458899224"><ele>322.000</ele></trkpt>
      <trkpt lat="22.3817381312" lon="114.2458751837"><ele>322.000</ele></trkpt>
      <trkpt lat="22.3817255853" lon="114.2458600586"><ele>322.000</ele></trkpt>
      <trkpt lat="22.3817116574" lon="114.2458453892"><ele>322.000</ele></trkpt>
      <trkpt lat="22.3816955465" lon="114.2458252227"><ele>322.000</ele></trkpt>
      <trkpt lat="22.3816841703" lon="114.2458200124"><ele>322.000</ele></trkpt>
      <trkpt lat="22.3816703802" lon="114.2458211611"><ele>322.000</ele></trkpt>
      <trkpt lat="22.3816564981" lon="114.2458262619"><ele>322.000</ele></trkpt>
      <trkpt lat="22.3816366284" lon="114.2458322142"><ele>320.000</ele></trkpt>
      <trkpt lat="22.3816135622" lon="114.2458375823"><ele>320.000</ele></trkpt>
      <trkpt lat="22.3815867559" lon="114.2458463278"><ele>318.000</ele></trkpt>
      <trkpt lat="22.3815571863" lon="114.2458550136"><ele>318.000</ele></trkpt>
      <trkpt lat="22.3815093590" lon="114.2458588061"><ele>320.000</ele></trkpt>
      <trkpt lat="22.3814758744" lon="114.2458574981"><ele>322.000</ele></trkpt>
      <trkpt lat="22.3814341084" lon="114.2458569920"><ele>323.000</ele></trkpt>
      <trkpt lat="22.3813509913" lon="114.2458574657"><ele>324.000</ele></trkpt>
      <trkpt lat="22.3813174975" lon="114.2458566529"><ele>324.000</ele></trkpt>
      <trkpt lat="22.3812996546" lon="114.2458532649"><ele>324.000</ele></trkpt>
      <trkpt lat="22.3812781452" lon="114.2458502733"><ele>324.000</ele></trkpt>
      <trkpt lat="22.3812603298" lon="114.2458458852"><ele>324.000</ele></trkpt>
      <trkpt lat="22.3812269469" lon="114.2458391492"><ele>324.000</ele></trkpt>
      <trkpt lat="22.3812113404" lon="114.2458389201"><ele>324.000</ele></trkpt>
      <trkpt lat="22.3811930114" lon="114.2458151093"><ele>324.000</ele></trkpt>
      <trkpt lat="22.3811818011" lon="114.2458019853"><ele>326.000</ele></trkpt>
      <trkpt lat="22.3811695500" lon="114.2457730233"><ele>326.000</ele></trkpt>
      <trkpt lat="22.3811623926" lon="114.2457639504"><ele>326.000</ele></trkpt>
      <trkpt lat="22.3811388110" lon="114.2457495482"><ele>326.000</ele></trkpt>
      <trkpt lat="22.3811201758" lon="114.2457406930"><ele>326.000</ele></trkpt>
      <trkpt lat="22.3811056860" lon="114.2457309562"><ele>326.000</ele></trkpt>
      <trkpt lat="22.3810961982" lon="114.2457233096"><ele>326.000</ele></trkpt>
      <trkpt lat="22.3810863050" lon="114.2457131866"><ele>329.000</ele></trkpt>
      <trkpt lat="22.3810656989" lon="114.2456884737"><ele>329.000</ele></trkpt>
      <trkpt lat="22.3810526276" lon="114.2456767955"><ele>329.000</ele></trkpt>
      <trkpt lat="22.3810350796" lon="114.2456595609"><ele>330.000</ele></trkpt>
      <trkpt lat="22.3810162052" lon="114.2456398302"><ele>330.000</ele></trkpt>
      <trkpt lat="22.3810036500" lon="114.2456252004"><ele>331.000</ele></trkpt>
      <trkpt lat="22.3809951847" lon="114.2456126409"><ele>332.000</ele></trkpt>
      <trkpt lat="22.3809921358" lon="114.2456046576"><ele>332.000</ele></trkpt>
      <trkpt lat="22.3809908646" lon="114.2455996853"><ele>332.000</ele></trkpt>
      <trkpt lat="22.3809863605" lon="114.2455733781"><ele>332.000</ele></trkpt>
      <trkpt lat="22.3809798666" lon="114.2455544400"><ele>332.000</ele></trkpt>
      <trkpt lat="22.3809732437" lon="114.2455414250"><ele>332.000</ele></trkpt>
      <trkpt lat="22.3809674865" lon="114.2455314012"><ele>332.000</ele></trkpt>
      <trkpt lat="22.3809475069" lon="114.2454982990"><ele>334.000</ele></trkpt>
      <trkpt lat="22.3809327869" lon="114.2454776866"><ele>334.000</ele></trkpt>
      <trkpt lat="22.3809096200" lon="114.2454435147"><ele>336.000</ele></trkpt>
      <trkpt lat="22.3808715213" lon="114.2453986057"><ele>338.000</ele></trkpt>
      <trkpt lat="22.3808617110" lon="114.2453845307"><ele>338.000</ele></trkpt>
      <trkpt lat="22.3808518456" lon="114.2453729319"><ele>338.000</ele></trkpt>
      <trkpt lat="22.3808401745" lon="114.2453602932"><ele>338.000</ele></trkpt>
      <trkpt lat="22.3808280245" lon="114.2453481398"><ele>338.000</ele></trkpt>
      <trkpt lat="22.3808113331" lon="114.2453338964"><ele>338.000</ele></trkpt>
      <trkpt lat="22.3807936560" lon="114.2453230900"><ele>338.000</ele></trkpt>
      <trkpt lat="22.3807840852" lon="114.2453193954"><ele>338.000</ele></trkpt>
      <trkpt lat="22.3807717229" lon="114.2453181173"><ele>339.000</ele></trkpt>
      <trkpt lat="22.3807584950" lon="114.2453138384"><ele>339.000</ele></trkpt>
      <trkpt lat="22.3807517337" lon="114.2453077468"><ele>339.000</ele></trkpt>
      <trkpt lat="22.3807418498" lon="114.2452971287"><ele>339.000</ele></trkpt>
      <trkpt lat="22.3807342411" lon="114.2452875604"><ele>340.000</ele></trkpt>
      <trkpt lat="22.3807253335" lon="114.2452744861"><ele>342.000</ele></trkpt>
      <trkpt lat="22.3807187474" lon="114.2452599952"><ele>342.000</ele></trkpt>
      <trkpt lat="22.3807148603" lon="114.2452480400"><ele>342.000</ele></trkpt>
      <trkpt lat="22.3807069477" lon="114.2452310433"><ele>342.000</ele></trkpt>
      <trkpt lat="22.3806838641" lon="114.2451706831"><ele>344.000</ele></trkpt>
      <trkpt lat="22.3806746620" lon="114.2451492093"><ele>344.000</ele></trkpt>
      <trkpt lat="22.3806704156" lon="114.2451327970"><ele>344.000</ele></trkpt>
      <trkpt lat="22.3806656445" lon="114.2450970999"><ele>344.000</ele></trkpt>
      <trkpt lat="22.3806619048" lon="114.2450782215"><ele>344.000</ele></trkpt>
      <trkpt lat="22.3806566912" lon="114.2450637604"><ele>344.000</ele></trkpt>
      <trkpt lat="22.3806515237" lon="114.2450473282"><ele>344.000</ele></trkpt>
      <trkpt lat="22.3806412898" lon="114.2450312626"><ele>346.000</ele></trkpt>
      <trkpt lat="22.3806170083" lon="114.2449847194"><ele>346.000</ele></trkpt>
      <trkpt lat="22.3806153872" lon="114.2449742996"><ele>346.000</ele></trkpt>
      <trkpt lat="22.3806094461" lon="114.2449504290"><ele>346.000</ele></trkpt>
      <trkpt lat="22.3806060103" lon="114.2449389790"><ele>346.000</ele></trkpt>
      <trkpt lat="22.3805907193" lon="114.2449015387"><ele>346.000</ele></trkpt>
      <trkpt lat="22.3805698646" lon="114.2448664456"><ele>348.000</ele></trkpt>
      <trkpt lat="22.3805610124" lon="114.2448504098"><ele>348.000</ele></trkpt>
      <trkpt lat="22.3805516349" lon="114.2448378305"><ele>348.000</ele></trkpt>
      <trkpt lat="22.3805449106" lon="114.2448297581"><ele>348.000</ele></trkpt>
      <trkpt lat="22.3805336171" lon="114.2448210814"><ele>348.000</ele></trkpt>
      <trkpt lat="22.3805214578" lon="114.2448094232"><ele>348.000</ele></trkpt>
      <trkpt lat="22.3805022332" lon="114.2447847403"><ele>348.000</ele></trkpt>
      <trkpt lat="22.3804874119" lon="114.2447685656"><ele>348.000</ele></trkpt>
      <trkpt lat="22.3804761368" lon="114.2447589082"><ele>348.000</ele></trkpt>
      <trkpt lat="22.3804638947" lon="114.2447512021"><ele>346.000</ele></trkpt>
      <trkpt lat="22.3804447528" lon="114.2447443083"><ele>346.000</ele></trkpt>
      <trkpt lat="22.3804287337" lon="114.2447419506"><ele>348.000</ele></trkpt>
      <trkpt lat="22.3804108721" lon="114.2447400388"><ele>348.000</ele></trkpt>
      <trkpt lat="22.3803961986" lon="114.2447374876"><ele>348.000</ele></trkpt>
      <trkpt lat="22.3803677440" lon="114.2447359590"><ele>346.000</ele></trkpt>
      <trkpt lat="22.3803526013" lon="114.2447324754"><ele>346.000</ele></trkpt>
      <trkpt lat="22.3803342452" lon="114.2447255334"><ele>346.000</ele></trkpt>
      <trkpt lat="22.3803094673" lon="114.2447210450"><ele>346.000</ele></trkpt>
      <trkpt lat="22.3802920300" lon="114.2447195315"><ele>346.000</ele></trkpt>
      <trkpt lat="22.3802649479" lon="114.2447184987"><ele>346.000</ele></trkpt>
      <trkpt lat="22.3802470391" lon="114.2447214420"><ele>346.000</ele></trkpt>
      <trkpt lat="22.3802318845" lon="114.2447248720"><ele>348.000</ele></trkpt>
      <trkpt lat="22.3802038806" lon="114.2447253245"><ele>348.000</ele></trkpt>
      <trkpt lat="22.3801722008" lon="114.2447272512"><ele>349.000</ele></trkpt>
      <trkpt lat="22.3801634758" lon="114.2447306941"><ele>349.000</ele></trkpt>
      <trkpt lat="22.3801538283" lon="114.2447376030"><ele>349.000</ele></trkpt>
      <trkpt lat="22.3801455430" lon="114.2447479597"><ele>352.000</ele></trkpt>
      <trkpt lat="22.3801391001" lon="114.2447578319"><ele>352.000</ele></trkpt>
      <trkpt lat="22.3801308240" lon="114.2447677031"><ele>352.000</ele></trkpt>
      <trkpt lat="22.3801202539" lon="114.2447780684"><ele>352.000</ele></trkpt>
      <trkpt lat="22.3801083032" lon="114.2447859570"><ele>352.000</ele></trkpt>
      <trkpt lat="22.3800935984" lon="114.2447933393"><ele>352.000</ele></trkpt>
      <trkpt lat="22.3800738550" lon="114.2447997384"><ele>352.000</ele></trkpt>
      <trkpt lat="22.3800504263" lon="114.2448080972"><ele>352.000</ele></trkpt>
      <trkpt lat="22.3800306729" lon="114.2448169627"><ele>352.000</ele></trkpt>
      <trkpt lat="22.3800196529" lon="114.2448233660"><ele>352.000</ele></trkpt>
      <trkpt lat="22.3800026552" lon="114.2448287761"><ele>354.000</ele></trkpt>
      <trkpt lat="22.3799930199" lon="114.2448282664"><ele>354.000</ele></trkpt>
      <trkpt lat="22.3799861403" lon="114.2448243014"><ele>354.000</ele></trkpt>
      <trkpt lat="22.3799760475" lon="114.2448163827"><ele>354.000</ele></trkpt>
      <trkpt lat="22.3799632211" lon="114.2448020345"><ele>354.000</ele></trkpt>
      <trkpt lat="22.3799531399" lon="114.2447881830"><ele>354.000</ele></trkpt>
      <trkpt lat="22.3799435177" lon="114.2447777884"><ele>354.000</ele></trkpt>
      <trkpt lat="22.3799320615" lon="114.2447693641"><ele>354.000</ele></trkpt>
      <trkpt lat="22.3799127958" lon="114.2447564888"><ele>356.000</ele></trkpt>
      <trkpt lat="22.3798967537" lon="114.2447441103"><ele>356.000</ele></trkpt>
      <trkpt lat="22.3798807022" lon="114.2447327222"><ele>357.000</ele></trkpt>
      <trkpt lat="22.3798706195" lon="114.2447223275"><ele>358.000</ele></trkpt>
      <trkpt lat="22.3798403824" lon="114.2446862105"><ele>358.000</ele></trkpt>
      <trkpt lat="22.3798009734" lon="114.2446426608"><ele>358.000</ele></trkpt>
      <trkpt lat="22.3797831130" lon="114.2446164444"><ele>360.000</ele></trkpt>
      <trkpt lat="22.3797780785" lon="114.2446055666"><ele>360.000</ele></trkpt>
      <trkpt lat="22.3797730545" lon="114.2445912320"><ele>360.000</ele></trkpt>
      <trkpt lat="22.3797694023" lon="114.2445788692"><ele>360.000</ele></trkpt>
      <trkpt lat="22.3797680453" lon="114.2445630507"><ele>360.000</ele></trkpt>
      <trkpt lat="22.3797658242" lon="114.2445190724"><ele>358.000</ele></trkpt>
      <trkpt lat="22.3797654023" lon="114.2444913983"><ele>358.000</ele></trkpt>
      <trkpt lat="22.3797599670" lon="114.2444454375"><ele>356.000</ele></trkpt>
      <trkpt lat="22.3797531612" lon="114.2443945240"><ele>356.000</ele></trkpt>
      <trkpt lat="22.3797408445" lon="114.2443490454"><ele>357.000</ele></trkpt>
      <trkpt lat="22.3797248409" lon="114.2443094883"><ele>357.000</ele></trkpt>
      <trkpt lat="22.3797147698" lon="114.2442926752"><ele>356.000</ele></trkpt>
      <trkpt lat="22.3797083647" lon="114.2442768543"><ele>356.000</ele></trkpt>
      <trkpt lat="22.3797037916" lon="114.2442639958"><ele>356.000</ele></trkpt>
      <trkpt lat="22.3797001503" lon="114.2442471955"><ele>356.000</ele></trkpt>
      <trkpt lat="22.3796873510" lon="114.2442110968"><ele>354.000</ele></trkpt>
      <trkpt lat="22.3796740875" lon="114.2441839020"><ele>354.000</ele></trkpt>
      <trkpt lat="22.3796640187" lon="114.2441616512"><ele>354.000</ele></trkpt>
      <trkpt lat="22.3796534992" lon="114.2441374194"><ele>354.000</ele></trkpt>
      <trkpt lat="22.3796457321" lon="114.2441176458"><ele>351.000</ele></trkpt>
      <trkpt lat="22.3796407093" lon="114.2441003399"><ele>351.000</ele></trkpt>
      <trkpt lat="22.3796329580" lon="114.2440642533"><ele>351.000</ele></trkpt>
      <trkpt lat="22.3796256534" lon="114.2440400327"><ele>351.000</ele></trkpt>
      <trkpt lat="22.3796124040" lon="114.2440004770"><ele>351.000</ele></trkpt>
      <trkpt lat="22.3796023341" lon="114.2439806926"><ele>348.000</ele></trkpt>
      <trkpt lat="22.3795959403" lon="114.2439594438"><ele>348.000</ele></trkpt>
      <trkpt lat="22.3795881738" lon="114.2439381749"><ele>348.000</ele></trkpt>
      <trkpt lat="22.3795803973" lon="114.2439193917"><ele>348.000</ele></trkpt>
      <trkpt lat="22.3795712594" lon="114.2438951606"><ele>348.000</ele></trkpt>
      <trkpt lat="22.3795607302" lon="114.2438724144"><ele>346.000</ele></trkpt>
      <trkpt lat="22.3795433549" lon="114.2438303903"><ele>346.000</ele></trkpt>
      <trkpt lat="22.3795355902" lon="114.2438046839"><ele>346.000</ele></trkpt>
      <trkpt lat="22.3795292070" lon="114.2437794636"><ele>346.000</ele></trkpt>
      <trkpt lat="22.3795264878" lon="114.2437601974"><ele>346.000</ele></trkpt>
      <trkpt lat="22.3795210062" lon="114.2437384441"><ele>346.000</ele></trkpt>
      <trkpt lat="22.3795146120" lon="114.2437181760"><ele>344.000</ele></trkpt>
      <trkpt lat="22.3795091390" lon="114.2436974132"><ele>344.000</ele></trkpt>
      <trkpt lat="22.3795023072" lon="114.2436652791"><ele>344.000</ele></trkpt>
      <trkpt lat="22.3795000519" lon="114.2436376042"><ele>344.000</ele></trkpt>
      <trkpt lat="22.3794964234" lon="114.2436114142"><ele>344.000</ele></trkpt>
      <trkpt lat="22.3794909646" lon="114.2435782904"><ele>344.000</ele></trkpt>
      <trkpt lat="22.3794896188" lon="114.2435570440"><ele>347.000</ele></trkpt>
      <trkpt lat="22.3794751254" lon="114.2435117685"><ele>350.000</ele></trkpt>
      <trkpt lat="22.3794428414" lon="114.2434676788"><ele>352.000</ele></trkpt>
      <trkpt lat="22.3793897700" lon="114.2434214042"><ele>352.000</ele></trkpt>
      <trkpt lat="22.3793550338" lon="114.2433671470"><ele>350.000</ele></trkpt>
      <trkpt lat="22.3793337638" lon="114.2433307434"><ele>348.000</ele></trkpt>
      <trkpt lat="22.3792993465" lon="114.2432698252"><ele>348.000</ele></trkpt>
      <trkpt lat="22.3792530585" lon="114.2431755763"><ele>350.000</ele></trkpt>
      <trkpt lat="22.3791973047" lon="114.2430639225"><ele>352.000</ele></trkpt>
      <trkpt lat="22.3791805435" lon="114.2430210639"><ele>352.000</ele></trkpt>
      <trkpt lat="22.3791134877" lon="114.2429429532"><ele>356.000</ele></trkpt>
      <trkpt lat="22.3790742032" lon="114.2429027446"><ele>356.000</ele></trkpt>
      <trkpt lat="22.3790217775" lon="114.2428449739"><ele>358.000</ele></trkpt>
      <trkpt lat="22.3790002325" lon="114.2427962579"><ele>360.000</ele></trkpt>
      <trkpt lat="22.3789667408" lon="114.2427459147"><ele>362.000</ele></trkpt>
      <trkpt lat="22.3789100949" lon="114.2427172045"><ele>362.000</ele></trkpt>
      <trkpt lat="22.3788859161" lon="114.2426828873"><ele>363.000</ele></trkpt>
      <trkpt lat="22.3788558938" lon="114.2426503833"><ele>364.000</ele></trkpt>
      <trkpt lat="22.3788314176" lon="114.2426146484"><ele>366.000</ele></trkpt>
      <trkpt lat="22.3787630621" lon="114.2425786890"><ele>368.000</ele></trkpt>
      <trkpt lat="22.3787198582" lon="114.2425609963"><ele>368.000</ele></trkpt>
      <trkpt lat="22.3786831770" lon="114.2425368690"><ele>370.000</ele></trkpt>
      <trkpt lat="22.3786450393" lon="114.2424966903"><ele>372.000</ele></trkpt>
      <trkpt lat="22.3785754057" lon="114.2424503891"><ele>374.000</ele></trkpt>
      <trkpt lat="22.3785349146" lon="114.2424459229"><ele>374.000</ele></trkpt>
      <trkpt lat="22.3784937873" lon="114.2424292509"><ele>376.000</ele></trkpt>
      <trkpt lat="22.3784512739" lon="114.2424013437"><ele>378.000</ele></trkpt>
      <trkpt lat="22.3784060957" lon="114.2424200338"><ele>378.000</ele></trkpt>
      <trkpt lat="22.3783473224" lon="114.2423819914"><ele>379.000</ele></trkpt>
      <trkpt lat="22.3783289976" lon="114.2423597197"><ele>382.000</ele></trkpt>
      <trkpt lat="22.3783237274" lon="114.2423552680"><ele>382.000</ele></trkpt>
      <trkpt lat="22.3782864615" lon="114.2423252466"><ele>382.000</ele></trkpt>
      <trkpt lat="22.3782289456" lon="114.2422819517"><ele>382.000</ele></trkpt>
      <trkpt lat="22.3782169763" lon="114.2422691386"><ele>382.000</ele></trkpt>
      <trkpt lat="22.3782077770" lon="114.2422622499"><ele>384.000</ele></trkpt>
      <trkpt lat="22.3781948934" lon="114.2422548836"><ele>384.000</ele></trkpt>
      <trkpt lat="22.3781457128" lon="114.2422333044"><ele>384.000</ele></trkpt>
      <trkpt lat="22.3781250359" lon="114.2422259539"><ele>384.000</ele></trkpt>
      <trkpt lat="22.3781075646" lon="114.2422191002"><ele>385.000</ele></trkpt>
      <trkpt lat="22.3780965323" lon="114.2422117251"><ele>386.000</ele></trkpt>
      <trkpt lat="22.3780748858" lon="114.2421900422"><ele>386.000</ele></trkpt>
      <trkpt lat="22.3780399211" lon="114.2421639739"><ele>388.000</ele></trkpt>
      <trkpt lat="22.3780348492" lon="114.2421560773"><ele>388.000</ele></trkpt>
      <trkpt lat="22.3780237767" lon="114.2421363413"><ele>388.000</ele></trkpt>
      <trkpt lat="22.3780163943" lon="114.2421250063"><ele>388.000</ele></trkpt>
      <trkpt lat="22.3780108704" lon="114.2421180999"><ele>389.000</ele></trkpt>
      <trkpt lat="22.3779952329" lon="114.2421097517"><ele>389.000</ele></trkpt>
      <trkpt lat="22.3779832706" lon="114.2421018810"><ele>389.000</ele></trkpt>
      <trkpt lat="22.3779782067" lon="114.2420964604"><ele>390.000</ele></trkpt>
      <trkpt lat="22.3779754371" lon="114.2420895553"><ele>390.000</ele></trkpt>
      <trkpt lat="22.3779767782" lon="114.2420781758"><ele>390.000</ele></trkpt>
      <trkpt lat="22.3779799613" lon="114.2420672923"><ele>390.000</ele></trkpt>
      <trkpt lat="22.3779794614" lon="114.2420529601"><ele>390.000</ele></trkpt>
      <trkpt lat="22.3779540770" lon="114.2420070782"><ele>390.000</ele></trkpt>
      <trkpt lat="22.3779332966" lon="114.2419651406"><ele>392.000</ele></trkpt>
      <trkpt lat="22.3779065315" lon="114.2419167917"><ele>393.000</ele></trkpt>
      <trkpt lat="22.3778986968" lon="114.2419074276"><ele>393.000</ele></trkpt>
      <trkpt lat="22.3778839812" lon="114.2418970893"><ele>394.000</ele></trkpt>
      <trkpt lat="22.3778623345" lon="114.2418759114"><ele>394.000</ele></trkpt>
      <trkpt lat="22.3778512783" lon="114.2418606324"><ele>394.000</ele></trkpt>
      <trkpt lat="22.3778374583" lon="114.2418463426"><ele>395.000</ele></trkpt>
      <trkpt lat="22.3778241157" lon="114.2418350145"><ele>395.000</ele></trkpt>
      <trkpt lat="22.3778135351" lon="114.2418271445"><ele>397.000</ele></trkpt>
      <trkpt lat="22.3778061764" lon="114.2418242086"><ele>397.000</ele></trkpt>
      <trkpt lat="22.3777965324" lon="114.2418227574"><ele>399.000</ele></trkpt>
      <trkpt lat="22.3777855233" lon="114.2418247719"><ele>399.000</ele></trkpt>
      <trkpt lat="22.3777648773" lon="114.2418302776"><ele>398.000</ele></trkpt>
      <trkpt lat="22.3777497572" lon="114.2418377473"><ele>400.000</ele></trkpt>
      <trkpt lat="22.3777236263" lon="114.2418516787"><ele>400.000</ele></trkpt>
      <trkpt lat="22.3777135376" lon="114.2418556649"><ele>400.000</ele></trkpt>
      <trkpt lat="22.3777066716" lon="114.2418626140"><ele>402.000</ele></trkpt>
      <trkpt lat="22.3776988924" lon="114.2418725243"><ele>402.000</ele></trkpt>
      <trkpt lat="22.3776860980" lon="114.2418903654"><ele>401.000</ele></trkpt>
      <trkpt lat="22.3776783268" lon="114.2419027517"><ele>401.000</ele></trkpt>
      <trkpt lat="22.3776682702" lon="114.2419166226"><ele>401.000</ele></trkpt>
      <trkpt lat="22.3776554423" lon="114.2419280356"><ele>402.000</ele></trkpt>
      <trkpt lat="22.3776417024" lon="114.2419389627"><ele>402.000</ele></trkpt>
      <trkpt lat="22.3776325431" lon="114.2419449204"><ele>402.000</ele></trkpt>
      <trkpt lat="22.3776192475" lon="114.2419513908"><ele>402.000</ele></trkpt>
      <trkpt lat="22.3776077774" lon="114.2419548907"><ele>402.000</ele></trkpt>
      <trkpt lat="22.3775935535" lon="114.2419569232"><ele>402.000</ele></trkpt>
      <trkpt lat="22.3775779401" lon="114.2419559838"><ele>402.000</ele></trkpt>
      <trkpt lat="22.3775595651" lon="114.2419506153"><ele>404.000</ele></trkpt>
      <trkpt lat="22.3775421026" lon="114.2419442472"><ele>404.000</ele></trkpt>
      <trkpt lat="22.3775237110" lon="114.2419354122"><ele>406.000</ele></trkpt>
      <trkpt lat="22.3775085341" lon="114.2419270643"><ele>406.000</ele></trkpt>
      <trkpt lat="22.3774961283" lon="114.2419216695"><ele>407.000</ele></trkpt>
      <trkpt lat="22.3774896827" lon="114.2419162483"><ele>407.000</ele></trkpt>
      <trkpt lat="22.3774813874" lon="114.2419068840"><ele>408.000</ele></trkpt>
      <trkpt lat="22.3774735536" lon="114.2418950536"><ele>408.000</ele></trkpt>
      <trkpt lat="22.3774633860" lon="114.2418708710"><ele>410.000</ele></trkpt>
      <trkpt lat="22.3774583053" lon="114.2418619840"><ele>410.000</ele></trkpt>
      <trkpt lat="22.3774509476" lon="114.2418565721"><ele>410.000</ele></trkpt>
      <trkpt lat="22.3774435893" lon="114.2418526459"><ele>410.000</ele></trkpt>
      <trkpt lat="22.3774316512" lon="114.2418521937"><ele>412.000</ele></trkpt>
      <trkpt lat="22.3773972338" lon="114.2418572560"><ele>412.000</ele></trkpt>
      <trkpt lat="22.3773880586" lon="114.2418577858"><ele>412.000</ele></trkpt>
      <trkpt lat="22.3773797792" lon="114.2418538591"><ele>412.000</ele></trkpt>
      <trkpt lat="22.3773701191" lon="114.2418474655"><ele>412.000</ele></trkpt>
      <trkpt lat="22.3773623090" lon="114.2418440342"><ele>412.000</ele></trkpt>
      <trkpt lat="22.3773489892" lon="114.2418435814"><ele>414.000</ele></trkpt>
      <trkpt lat="22.3773223668" lon="114.2418446662"><ele>414.000</ele></trkpt>
      <trkpt lat="22.3773168587" lon="114.2418431975"><ele>414.000</ele></trkpt>
      <trkpt lat="22.3773099688" lon="114.2418422330"><ele>414.000</ele></trkpt>
      <trkpt lat="22.3773085554" lon="114.2418313669"><ele>414.000</ele></trkpt>
      <trkpt lat="22.3773108176" lon="114.2418199878"><ele>414.000</ele></trkpt>
      <trkpt lat="22.3773153744" lon="114.2418066290"><ele>414.000</ele></trkpt>
      <trkpt lat="22.3773231287" lon="114.2417912714"><ele>414.000</ele></trkpt>
      <trkpt lat="22.3773368289" lon="114.2417665173"><ele>416.000</ele></trkpt>
      <trkpt lat="22.3773487203" lon="114.2417486759"><ele>416.000</ele></trkpt>
      <trkpt lat="22.3773615070" lon="114.2417273781"><ele>416.000</ele></trkpt>
      <trkpt lat="22.3773692700" lon="114.2417130207"><ele>416.000</ele></trkpt>
      <trkpt lat="22.3773788428" lon="114.2416892551"><ele>416.000</ele></trkpt>
      <trkpt lat="22.3773815654" lon="114.2416783715"><ele>418.000</ele></trkpt>
      <trkpt lat="22.3773810570" lon="114.2416625634"><ele>418.000</ele></trkpt>
      <trkpt lat="22.3773787399" lon="114.2416531728"><ele>418.000</ele></trkpt>
      <trkpt lat="22.3773727389" lon="114.2416423239"><ele>418.000</ele></trkpt>
      <trkpt lat="22.3773667543" lon="114.2416359126"><ele>418.000</ele></trkpt>
      <trkpt lat="22.3773566334" lon="114.2416300236"><ele>419.000</ele></trkpt>
      <trkpt lat="22.3773194304" lon="114.2416232289"><ele>420.000</ele></trkpt>
      <trkpt lat="22.3773120722" lon="114.2416188074"><ele>420.000</ele></trkpt>
      <trkpt lat="22.3773042451" lon="114.2416129001"><ele>420.000</ele></trkpt>
      <trkpt lat="22.3772973399" lon="114.2416050124"><ele>420.000</ele></trkpt>
      <trkpt lat="22.3772913468" lon="114.2415971251"><ele>420.000</ele></trkpt>
      <trkpt lat="22.3772849016" lon="114.2415907233"><ele>420.000</ele></trkpt>
      <trkpt lat="22.3772780042" lon="114.2415858069"><ele>420.000</ele></trkpt>
      <trkpt lat="22.3772504287" lon="114.2415765114"><ele>420.000</ele></trkpt>
      <trkpt lat="22.3772403083" lon="114.2415696223"><ele>420.000</ele></trkpt>
      <trkpt lat="22.3772343242" lon="114.2415617351"><ele>420.000</ele></trkpt>
      <trkpt lat="22.3772269257" lon="114.2415454480"><ele>420.000</ele></trkpt>
      <trkpt lat="22.3772167736" lon="114.2415271983"><ele>422.000</ele></trkpt>
      <trkpt lat="22.3772080031" lon="114.2415094347"><ele>421.000</ele></trkpt>
      <trkpt lat="22.3772015411" lon="114.2414995664"><ele>421.000</ele></trkpt>
      <trkpt lat="22.3771932462" lon="114.2414892117"><ele>422.000</ele></trkpt>
      <trkpt lat="22.3771780541" lon="114.2414734551"><ele>422.000</ele></trkpt>
      <trkpt lat="22.3771729904" lon="114.2414675394"><ele>422.000</ele></trkpt>
      <trkpt lat="22.3771697598" lon="114.2414616149"><ele>422.000</ele></trkpt>
      <trkpt lat="22.3771688073" lon="114.2414497586"><ele>422.000</ele></trkpt>
      <trkpt lat="22.3771674021" lon="114.2414408636"><ele>422.000</ele></trkpt>
      <trkpt lat="22.3771646160" lon="114.2414299968"><ele>424.000</ele></trkpt>
      <trkpt lat="22.3771581545" lon="114.2414191478"><ele>424.000</ele></trkpt>
      <trkpt lat="22.3771369618" lon="114.2413915423"><ele>424.000</ele></trkpt>
      <trkpt lat="22.3771300315" lon="114.2413787123"><ele>424.000</ele></trkpt>
      <trkpt lat="22.3771138553" lon="114.2413397193"><ele>424.000</ele></trkpt>
      <trkpt lat="22.3771074018" lon="114.2413313366"><ele>424.000</ele></trkpt>
      <trkpt lat="22.3770981942" lon="114.2413224769"><ele>424.000</ele></trkpt>
      <trkpt lat="22.3770673648" lon="114.2412978674"><ele>424.000</ele></trkpt>
      <trkpt lat="22.3770356068" lon="114.2412693055"><ele>426.000</ele></trkpt>
      <trkpt lat="22.3770300738" lon="114.2412624089"><ele>426.000</ele></trkpt>
      <trkpt lat="22.3770282249" lon="114.2412564752"><ele>426.000</ele></trkpt>
      <trkpt lat="22.3770286374" lon="114.2412411531"><ele>426.000</ele></trkpt>
      <trkpt lat="22.3770281293" lon="114.2412243547"><ele>426.000</ele></trkpt>
      <trkpt lat="22.3770253352" lon="114.2412110119"><ele>426.000</ele></trkpt>
      <trkpt lat="22.3770202628" lon="114.2412041155"><ele>426.000</ele></trkpt>
      <trkpt lat="22.3770096908" lon="114.2411972263"><ele>426.000</ele></trkpt>
      <trkpt lat="22.3769995693" lon="114.2411928133"><ele>426.000</ele></trkpt>
      <trkpt lat="22.3769880762" lon="114.2411859334"><ele>428.000</ele></trkpt>
      <trkpt lat="22.3769811702" lon="114.2411800265"><ele>428.000</ele></trkpt>
      <trkpt lat="22.3769765426" lon="114.2411671878"><ele>428.000</ele></trkpt>
      <trkpt lat="22.3769649859" lon="114.2411385576"><ele>428.000</ele></trkpt>
      <trkpt lat="22.3769585161" lon="114.2411257375"><ele>428.000</ele></trkpt>
      <trkpt lat="22.3769534368" lon="114.2411133938"><ele>428.000</ele></trkpt>
      <trkpt lat="22.3769442211" lon="114.2411020581"><ele>428.000</ele></trkpt>
      <trkpt lat="22.3769340842" lon="114.2410912171"><ele>428.000</ele></trkpt>
      <trkpt lat="22.3769138275" lon="114.2410715160"><ele>428.000</ele></trkpt>
      <trkpt lat="22.3769050883" lon="114.2410656181"><ele>428.000</ele></trkpt>
      <trkpt lat="22.3768977307" lon="114.2410597111"><ele>428.000</ele></trkpt>
      <trkpt lat="22.3768788789" lon="114.2410498857"><ele>429.000</ele></trkpt>
      <trkpt lat="22.3768655518" lon="114.2410449954"><ele>429.000</ele></trkpt>
      <trkpt lat="22.3768517722" lon="114.2410425713"><ele>428.000</ele></trkpt>
      <trkpt lat="22.3768375396" lon="114.2410436038"><ele>428.000</ele></trkpt>
      <trkpt lat="22.3768205534" lon="114.2410431687"><ele>428.000</ele></trkpt>
      <trkpt lat="22.3767856154" lon="114.2410402689"><ele>428.000</ele></trkpt>
      <trkpt lat="22.3767539009" lon="114.2410385065"><ele>426.000</ele></trkpt>
      <trkpt lat="22.3767283809" lon="114.2410378831"><ele>426.000</ele></trkpt>
      <trkpt lat="22.3767058307" lon="114.2410403294"><ele>426.000</ele></trkpt>
      <trkpt lat="22.3766706801" lon="114.2410499358"><ele>426.000</ele></trkpt>
      <trkpt lat="22.3766494463" lon="114.2410574901"><ele>426.000</ele></trkpt>
      <trkpt lat="22.3766382026" lon="114.2410593298"><ele>426.000</ele></trkpt>
      <trkpt lat="22.3766253613" lon="114.2410591103"><ele>426.000</ele></trkpt>
      <trkpt lat="22.3766113466" lon="114.2410572493"><ele>426.000</ele></trkpt>
      <trkpt lat="22.3765997511" lon="114.2410580596"><ele>426.000</ele></trkpt>
      <trkpt lat="22.3765817253" lon="114.2410603040"><ele>424.000</ele></trkpt>
      <trkpt lat="22.3765699495" lon="114.2410600947"><ele>424.000</ele></trkpt>
      <trkpt lat="22.3765499754" lon="114.2410565997"><ele>424.000</ele></trkpt>
      <trkpt lat="22.3765261192" lon="114.2410504618"><ele>423.000</ele></trkpt>
      <trkpt lat="22.3765111383" lon="114.2410486197"><ele>423.000</ele></trkpt>
      <trkpt lat="22.3764897742" lon="114.2410431044"><ele>423.000</ele></trkpt>
      <trkpt lat="22.3764764025" lon="114.2410369616"><ele>423.000</ele></trkpt>
      <trkpt lat="22.3764637356" lon="114.2410295859"><ele>423.000</ele></trkpt>
      <trkpt lat="22.3764517836" lon="114.2410183364"><ele>423.000</ele></trkpt>
      <trkpt lat="22.3764375235" lon="114.2409978711"><ele>422.000</ele></trkpt>
      <trkpt lat="22.3764188577" lon="114.2409743936"><ele>422.000</ele></trkpt>
      <trkpt lat="22.3764062041" lon="114.2409561817"><ele>422.000</ele></trkpt>
      <trkpt lat="22.3763981811" lon="114.2409432930"><ele>422.000</ele></trkpt>
      <trkpt lat="22.3763938955" lon="114.2409332704"><ele>422.000</ele></trkpt>
      <trkpt lat="22.3763930140" lon="114.2409244728"><ele>422.000</ele></trkpt>
      <trkpt lat="22.3763935520" lon="114.2409113841"><ele>422.000</ele></trkpt>
      <trkpt lat="22.3763962308" lon="114.2408968690"><ele>422.000</ele></trkpt>
      <trkpt lat="22.3763990928" lon="114.2408757998"><ele>422.000</ele></trkpt>
      <trkpt lat="22.3763999977" lon="114.2408481853"><ele>423.000</ele></trkpt>
      <trkpt lat="22.3763975343" lon="114.2407748549"><ele>423.000</ele></trkpt>
      <trkpt lat="22.3763954024" lon="114.2407537931"><ele>424.000</ele></trkpt>
      <trkpt lat="22.3763945155" lon="114.2407357905"><ele>424.000</ele></trkpt>
      <trkpt lat="22.3763916686" lon="114.2407186124"><ele>424.000</ele></trkpt>
      <trkpt lat="22.3763856140" lon="114.2407061324"><ele>424.000</ele></trkpt>
      <trkpt lat="22.3763766964" lon="114.2406946706"><ele>424.000</ele></trkpt>
      <trkpt lat="22.3763512663" lon="114.2406720252"><ele>424.000</ele></trkpt>
      <trkpt lat="22.3763353861" lon="114.2406607739"><ele>426.000</ele></trkpt>
      <trkpt lat="22.3763241564" lon="114.2406499228"><ele>426.000</ele></trkpt>
      <trkpt lat="22.3762949126" lon="114.2406114582"><ele>426.000</ele></trkpt>
      <trkpt lat="22.3762849927" lon="114.2405998407"><ele>426.000</ele></trkpt>
      <trkpt lat="22.3762760825" lon="114.2405922726"><ele>426.000</ele></trkpt>
      <trkpt lat="22.3762600290" lon="114.2405853130"><ele>426.000</ele></trkpt>
      <trkpt lat="22.3762459327" lon="114.2405844812"><ele>426.000</ele></trkpt>
      <trkpt lat="22.3761976368" lon="114.2405860905"><ele>428.000</ele></trkpt>
      <trkpt lat="22.3761466687" lon="114.2405854750"><ele>428.000</ele></trkpt>
      <trkpt lat="22.3761334671" lon="114.2405828085"><ele>428.000</ele></trkpt>
      <trkpt lat="22.3761199139" lon="114.2405787144"><ele>426.000</ele></trkpt>
      <trkpt lat="22.3761063532" lon="114.2405707267"><ele>426.000</ele></trkpt>
      <trkpt lat="22.3760636157" lon="114.2405378102"><ele>424.000</ele></trkpt>
      <trkpt lat="22.3760438169" lon="114.2405245083"><ele>424.000</ele></trkpt>
      <trkpt lat="22.3760123277" lon="114.2405010155"><ele>424.000</ele></trkpt>
      <trkpt lat="22.3759894956" lon="114.2404854596"><ele>422.000</ele></trkpt>
      <trkpt lat="22.3759464104" lon="114.2404640103"><ele>422.000</ele></trkpt>
      <trkpt lat="22.3759303568" lon="114.2404570507"><ele>422.000</ele></trkpt>
      <trkpt lat="22.3759107354" lon="114.2404523325"><ele>422.000</ele></trkpt>
      <trkpt lat="22.3758842140" lon="114.2404490676"><ele>422.000</ele></trkpt>
      <trkpt lat="22.3758540711" lon="114.2404463934"><ele>421.000</ele></trkpt>
      <trkpt lat="22.3758256979" lon="114.2404445356"><ele>421.000</ele></trkpt>
      <trkpt lat="22.3757784867" lon="114.2404436888"><ele>420.000</ele></trkpt>
      <trkpt lat="22.3757610047" lon="114.2404408262"><ele>421.000</ele></trkpt>
      <trkpt lat="22.3757519036" lon="114.2404365206"><ele>421.000</ele></trkpt>
      <trkpt lat="22.3757320137" lon="114.2404255103"><ele>421.000</ele></trkpt>
      <trkpt lat="22.3757186434" lon="114.2404154739"><ele>424.000</ele></trkpt>
      <trkpt lat="22.3757106186" lon="114.2404070907"><ele>424.000</ele></trkpt>
      <trkpt lat="22.3757029469" lon="114.2403962413"><ele>424.000</ele></trkpt>
      <trkpt lat="22.3756956378" lon="114.2403819256"><ele>424.000</ele></trkpt>
      <trkpt lat="22.3756744194" lon="114.2403504172"><ele>424.000</ele></trkpt>
      <trkpt lat="22.3756509368" lon="114.2403126254"><ele>426.000</ele></trkpt>
      <trkpt lat="22.3756447003" lon="114.2403034177"><ele>426.000</ele></trkpt>
      <trkpt lat="22.3756370263" lon="114.2402982971"><ele>426.000</ele></trkpt>
      <trkpt lat="22.3755987316" lon="114.2402888903"><ele>426.000</ele></trkpt>
      <trkpt lat="22.3755931971" lon="114.2402856156"><ele>426.000</ele></trkpt>
      <trkpt lat="22.3755849917" lon="114.2402772225"><ele>426.000</ele></trkpt>
      <trkpt lat="22.3755760847" lon="114.2402614691"><ele>426.000</ele></trkpt>
      <trkpt lat="22.3755577230" lon="114.2402221941"><ele>426.000</ele></trkpt>
      <trkpt lat="22.3755435181" lon="114.2401987287"><ele>426.000</ele></trkpt>
      <trkpt lat="22.3755312070" lon="114.2401819445"><ele>426.000</ele></trkpt>
      <trkpt lat="22.3755148067" lon="114.2401612842"><ele>428.000</ele></trkpt>
      <trkpt lat="22.3755033882" lon="114.2401481805"><ele>428.000</ele></trkpt>
      <trkpt lat="22.3754928709" lon="114.2401397961"><ele>428.000</ele></trkpt>
      <trkpt lat="22.3754836442" lon="114.2401332863"><ele>428.000</ele></trkpt>
      <trkpt lat="22.3754663458" lon="114.2401228501"><ele>428.000</ele></trkpt>
      <trkpt lat="22.3754515403" lon="114.2401111819"><ele>428.000</ele></trkpt>
      <trkpt lat="22.3754328533" lon="114.2400954532"><ele>428.000</ele></trkpt>
      <trkpt lat="22.3754094932" lon="114.2400674201"><ele>430.000</ele></trkpt>
      <trkpt lat="22.3754039606" lon="114.2400594361"><ele>430.000</ele></trkpt>
      <trkpt lat="22.3753878325" lon="114.2400352027"><ele>430.000</ele></trkpt>
      <trkpt lat="22.3753771384" lon="114.2400171959"><ele>430.000</ele></trkpt>
      <trkpt lat="22.3753621579" lon="114.2399910114"><ele>432.000</ele></trkpt>
      <trkpt lat="22.3753527100" lon="114.2399730051"><ele>432.000</ele></trkpt>
      <trkpt lat="22.3753427288" lon="114.2399562317"><ele>432.000</ele></trkpt>
      <trkpt lat="22.3753314940" lon="114.2399351562"><ele>432.000</ele></trkpt>
      <trkpt lat="22.3753234743" lon="114.2399134706"><ele>432.000</ele></trkpt>
      <trkpt lat="22.3753183259" lon="114.2398928737"><ele>432.000</ele></trkpt>
      <trkpt lat="22.3753133346" lon="114.2398630137"><ele>432.000</ele></trkpt>
      <trkpt lat="22.3753128096" lon="114.2398429626"><ele>432.000</ele></trkpt>
      <trkpt lat="22.3753162166" lon="114.2398135628"><ele>432.000</ele></trkpt>
      <trkpt lat="22.3753131674" lon="114.2398054246"><ele>432.000</ele></trkpt>
      <trkpt lat="22.3753063636" lon="114.2397920316"><ele>432.000</ele></trkpt>
      <trkpt lat="22.3752981871" lon="114.2397786381"><ele>434.000</ele></trkpt>
      <trkpt lat="22.3752936290" lon="114.2397726742"><ele>434.000</ele></trkpt>
      <trkpt lat="22.3752888449" lon="114.2397674579"><ele>434.000</ele></trkpt>
      <trkpt lat="22.3752776506" lon="114.2397582382"><ele>434.000</ele></trkpt>
      <trkpt lat="22.3752449394" lon="114.2397417168"><ele>434.000</ele></trkpt>
      <trkpt lat="22.3752387730" lon="114.2397382185"><ele>436.000</ele></trkpt>
      <trkpt lat="22.3752325977" lon="114.2397339725"><ele>436.000</ele></trkpt>
      <trkpt lat="22.3752271179" lon="114.2397294938"><ele>436.000</ele></trkpt>
      <trkpt lat="22.3752150698" lon="114.2397098939"><ele>436.000</ele></trkpt>
      <trkpt lat="22.3752119027" lon="114.2397032025"><ele>436.000</ele></trkpt>
      <trkpt lat="22.3752112264" lon="114.2397004737"><ele>436.000</ele></trkpt>
      <trkpt lat="22.3752105884" lon="114.2396925696"><ele>436.000</ele></trkpt>
      <trkpt lat="22.3752106275" lon="114.2396846561"><ele>437.000</ele></trkpt>
      <trkpt lat="22.3752093814" lon="114.2396611772"><ele>437.000</ele></trkpt>
      <trkpt lat="22.3752105765" lon="114.2396532739"><ele>437.000</ele></trkpt>
      <trkpt lat="22.3752107956" lon="114.2396401434"><ele>438.000</ele></trkpt>
      <trkpt lat="22.3752109186" lon="114.2396327669"><ele>438.000</ele></trkpt>
      <trkpt lat="22.3752091334" lon="114.2396253478"><ele>438.000</ele></trkpt>
      <trkpt lat="22.3752043983" lon="114.2396102372"><ele>438.000</ele></trkpt>
      <trkpt lat="22.3752012315" lon="114.2396025553"><ele>438.000</ele></trkpt>
      <trkpt lat="22.3751914774" lon="114.2395822282"><ele>438.000</ele></trkpt>
      <trkpt lat="22.3751876241" lon="114.2395752840"><ele>438.000</ele></trkpt>
      <trkpt lat="22.3751751151" lon="114.2395564316"><ele>438.000</ele></trkpt>
      <trkpt lat="22.3751646165" lon="114.2395462316"><ele>438.000</ele></trkpt>
      <trkpt lat="22.3751589109" lon="114.2395419858"><ele>438.000</ele></trkpt>
      <trkpt lat="22.3751451776" lon="114.2395364645"><ele>438.000</ele></trkpt>
      <trkpt lat="22.3751309739" lon="114.2395329140"><ele>438.000</ele></trkpt>
      <trkpt lat="22.3751243283" lon="114.2395306390"><ele>438.000</ele></trkpt>
      <trkpt lat="22.3751188387" lon="114.2395283838"><ele>438.000</ele></trkpt>
      <trkpt lat="22.3751122116" lon="114.2395248756"><ele>438.000</ele></trkpt>
      <trkpt lat="22.3751058107" lon="114.2395203868"><ele>438.000</ele></trkpt>
      <trkpt lat="22.3750944000" lon="114.2395104291"><ele>438.000</ele></trkpt>
      <trkpt lat="22.3750845972" lon="114.2394989963"><ele>440.000</ele></trkpt>
      <trkpt lat="22.3750521983" lon="114.2394688910"><ele>440.000</ele></trkpt>
      <trkpt lat="22.3750343773" lon="114.2394554253"><ele>442.000</ele></trkpt>
      <trkpt lat="22.3750277502" lon="114.2394519268"><ele>442.000</ele></trkpt>
      <trkpt lat="22.3750147133" lon="114.2394436870"><ele>442.000</ele></trkpt>
      <trkpt lat="22.3750094685" lon="114.2394387035"><ele>442.000</ele></trkpt>
      <trkpt lat="22.3750051449" lon="114.2394334874"><ele>442.000</ele></trkpt>
      <trkpt lat="22.3750012826" lon="114.2394263004"><ele>442.000</ele></trkpt>
      <trkpt lat="22.3749949396" lon="114.2394121698"><ele>442.000</ele></trkpt>
      <trkpt lat="22.3749926849" lon="114.2394047408"><ele>442.000</ele></trkpt>
      <trkpt lat="22.3749909389" lon="114.2393894082"><ele>442.000</ele></trkpt>
      <trkpt lat="22.3749902016" lon="114.2393577830"><ele>442.000</ele></trkpt>
      <trkpt lat="22.3749895545" lon="114.2393496168"><ele>442.000</ele></trkpt>
      <trkpt lat="22.3749853277" lon="114.2393276027"><ele>442.000</ele></trkpt>
      <trkpt lat="22.3749830729" lon="114.2393201737"><ele>442.000</ele></trkpt>
      <trkpt lat="22.3749815135" lon="114.2393127450"><ele>442.000</ele></trkpt>
      <trkpt lat="22.3749760825" lon="114.2392988770"><ele>442.000</ele></trkpt>
      <trkpt lat="22.3749688181" lon="114.2392854839"><ele>442.000</ele></trkpt>
      <trkpt lat="22.3749644950" lon="114.2392790347"><ele>442.000</ele></trkpt>
      <trkpt lat="22.3749487709" lon="114.2392606470"><ele>445.000</ele></trkpt>
      <trkpt lat="22.3749346541" lon="114.2392425125"><ele>445.000</ele></trkpt>
      <trkpt lat="22.3749161949" lon="114.2392211426"><ele>445.000</ele></trkpt>
      <trkpt lat="22.3749070877" lon="114.2392092149"><ele>448.000</ele></trkpt>
      <trkpt lat="22.3749013827" lon="114.2392032506"><ele>446.000</ele></trkpt>
      <trkpt lat="22.3748847180" lon="114.2391885619"><ele>446.000</ele></trkpt>
      <trkpt lat="22.3748817474" lon="114.2391875508"><ele>446.000</ele></trkpt>
      <trkpt lat="22.3748758068" lon="114.2391835574"><ele>446.000</ele></trkpt>
      <trkpt lat="22.3748691706" lon="114.2391803017"><ele>446.000</ele></trkpt>
      <trkpt lat="22.3748552116" lon="114.2391747803"><ele>447.000</ele></trkpt>
      <trkpt lat="22.3748481052" lon="114.2391730002"><ele>447.000</ele></trkpt>
      <trkpt lat="22.3748334405" lon="114.2391706827"><ele>447.000</ele></trkpt>
      <trkpt lat="22.3747841541" lon="114.2391649223"><ele>448.000</ele></trkpt>
      <trkpt lat="22.3747761265" lon="114.2391636370"><ele>448.000</ele></trkpt>
      <trkpt lat="22.3747550510" lon="114.2391590446"><ele>448.000</ele></trkpt>
      <trkpt lat="22.3747271234" lon="114.2391489825"><ele>448.000</ele></trkpt>
      <trkpt lat="22.3746859039" lon="114.2391363512"><ele>450.000</ele></trkpt>
      <trkpt lat="22.3746726309" lon="114.2391315778"><ele>450.000</ele></trkpt>
      <trkpt lat="22.3746586720" lon="114.2391255515"><ele>450.000</ele></trkpt>
      <trkpt lat="22.3746451742" lon="114.2391183020"><ele>450.000</ele></trkpt>
      <trkpt lat="22.3746330675" lon="114.2391098199"><ele>450.000</ele></trkpt>
      <trkpt lat="22.3746282743" lon="114.2391045939"><ele>450.000</ele></trkpt>
      <trkpt lat="22.3746214893" lon="114.2390889873"><ele>450.000</ele></trkpt>
      <trkpt lat="22.3746187740" lon="114.2390815581"><ele>450.000</ele></trkpt>
      <trkpt lat="22.3746156943" lon="114.2390587970"><ele>448.000</ele></trkpt>
      <trkpt lat="22.3746178599" lon="114.2390397862"><ele>448.000</ele></trkpt>
      <trkpt lat="22.3746237297" lon="114.2390163493"><ele>448.000</ele></trkpt>
      <trkpt lat="22.3746258851" lon="114.2390005525"><ele>447.000</ele></trkpt>
      <trkpt lat="22.3746263848" lon="114.2389926489"><ele>447.000</ele></trkpt>
      <trkpt lat="22.3746253344" lon="114.2389765788"><ele>447.000</ele></trkpt>
      <trkpt lat="22.3746240008" lon="114.2389689074"><ele>447.000</ele></trkpt>
      <trkpt lat="22.3746224323" lon="114.2389617312"><ele>446.000</ele></trkpt>
      <trkpt lat="22.3746188145" lon="114.2389525636"><ele>446.000</ele></trkpt>
      <trkpt lat="22.3746031483" lon="114.2389245439"><ele>446.000</ele></trkpt>
      <trkpt lat="22.3745992857" lon="114.2389180948"><ele>446.000</ele></trkpt>
      <trkpt lat="22.3745949623" lon="114.2389123836"><ele>446.000</ele></trkpt>
      <trkpt lat="22.3745555537" lon="114.2388634385"><ele>447.000</ele></trkpt>
      <trkpt lat="22.3745471327" lon="114.2388517733"><ele>446.000</ele></trkpt>
      <trkpt lat="22.3745206846" lon="114.2388221953"><ele>446.000</ele></trkpt>
      <trkpt lat="22.3745015490" lon="114.2387983493"><ele>448.000</ele></trkpt>
      <trkpt lat="22.3744919808" lon="114.2387876546"><ele>448.000</ele></trkpt>
      <trkpt lat="22.3744876574" lon="114.2387817006"><ele>448.000</ele></trkpt>
      <trkpt lat="22.3744840205" lon="114.2387754944"><ele>448.000</ele></trkpt>
      <trkpt lat="22.3744744622" lon="114.2387623432"><ele>448.000</ele></trkpt>
      <trkpt lat="22.3744644438" lon="114.2387479391"><ele>448.000</ele></trkpt>
      <trkpt lat="22.3744539639" lon="114.2387360109"><ele>450.000</ele></trkpt>
      <trkpt lat="22.3744377696" lon="114.2387190990"><ele>450.000</ele></trkpt>
      <trkpt lat="22.3744147226" lon="114.2386984458"><ele>452.000</ele></trkpt>
      <trkpt lat="22.3744097036" lon="114.2386932198"><ele>452.000</ele></trkpt>
      <trkpt lat="22.3743999103" lon="114.2386805539"><ele>452.000</ele></trkpt>
      <trkpt lat="22.3743800884" lon="114.2386566979"><ele>453.000</ele></trkpt>
      <trkpt lat="22.3743588847" lon="114.2386330938"><ele>454.000</ele></trkpt>
      <trkpt lat="22.3743240242" lon="114.2385928314"><ele>455.000</ele></trkpt>
      <trkpt lat="22.3743089862" lon="114.2385746967"><ele>454.000</ele></trkpt>
      <trkpt lat="22.3742875568" lon="114.2385508303"><ele>454.000</ele></trkpt>
      <trkpt lat="22.3742784495" lon="114.2385391552"><ele>456.000</ele></trkpt>
      <trkpt lat="22.3742734304" lon="114.2385341816"><ele>456.000</ele></trkpt>
      <trkpt lat="22.3742693331" lon="114.2385274800"><ele>456.000</ele></trkpt>
      <trkpt lat="22.3742602352" lon="114.2385145717"><ele>455.000</ele></trkpt>
      <trkpt lat="22.3742568332" lon="114.2385081327"><ele>455.000</ele></trkpt>
      <trkpt lat="22.3742525101" lon="114.2385014310"><ele>455.000</ele></trkpt>
      <trkpt lat="22.3742292769" lon="114.2384716215"><ele>456.000</ele></trkpt>
      <trkpt lat="22.3742238065" lon="114.2384661525"><ele>456.000</ele></trkpt>
      <trkpt lat="22.3742119258" lon="114.2384569327"><ele>456.000</ele></trkpt>
      <trkpt lat="22.3742054506" lon="114.2384530528"><ele>456.000</ele></trkpt>
      <trkpt lat="22.3741982022" lon="114.2384496735"><ele>456.000</ele></trkpt>
      <trkpt lat="22.3741849291" lon="114.2384448904"><ele>458.000</ele></trkpt>
      <trkpt lat="22.3741716566" lon="114.2384386315"><ele>458.000</ele></trkpt>
      <trkpt lat="22.3741595593" lon="114.2384291592"><ele>458.000</ele></trkpt>
      <trkpt lat="22.3741540797" lon="114.2384241854"><ele>458.000</ele></trkpt>
      <trkpt lat="22.3741123483" lon="114.2383801721"><ele>458.000</ele></trkpt>
      <trkpt lat="22.3741007124" lon="114.2383684862"><ele>458.000</ele></trkpt>
      <trkpt lat="22.3740781261" lon="114.2383470856"><ele>460.000</ele></trkpt>
      <trkpt lat="22.3740368552" lon="114.2383033251"><ele>460.000</ele></trkpt>
      <trkpt lat="22.3740211115" lon="114.2382886370"><ele>460.000</ele></trkpt>
      <trkpt lat="22.3739942020" lon="114.2382610398"><ele>462.000</ele></trkpt>
      <trkpt lat="22.3739887222" lon="114.2382563088"><ele>462.000</ele></trkpt>
      <trkpt lat="22.3739834684" lon="114.2382510826"><ele>462.000</ele></trkpt>
      <trkpt lat="22.3739793800" lon="114.2382446336"><ele>462.000</ele></trkpt>
      <trkpt lat="22.3739698606" lon="114.2382243069"><ele>462.000</ele></trkpt>
      <trkpt lat="22.3739517625" lon="114.2381789642"><ele>464.000</ele></trkpt>
      <trkpt lat="22.3739406353" lon="114.2381593747"><ele>464.000</ele></trkpt>
      <trkpt lat="22.3739381547" lon="114.2381519457"><ele>464.000</ele></trkpt>
      <trkpt lat="22.3739279487" lon="114.2381321139"><ele>464.000</ele></trkpt>
      <trkpt lat="22.3739161357" lon="114.2381110289"><ele>464.000</ele></trkpt>
      <trkpt lat="22.3738931567" lon="114.2380775203"><ele>464.000</ele></trkpt>
      <trkpt lat="22.3738831283" lon="114.2380655923"><ele>464.000</ele></trkpt>
      <trkpt lat="22.3738740210" lon="114.2380536745"><ele>465.000</ele></trkpt>
      <trkpt lat="22.3738508067" lon="114.2380211464"><ele>466.000</ele></trkpt>
      <trkpt lat="22.3738255244" lon="114.2379888602"><ele>466.000</ele></trkpt>
      <trkpt lat="22.3738187302" lon="114.2379734965"><ele>466.000</ele></trkpt>
      <trkpt lat="22.3738162495" lon="114.2379665626"><ele>466.000</ele></trkpt>
      <trkpt lat="22.3738165330" lon="114.2379569307"><ele>466.000</ele></trkpt>
      <trkpt lat="22.3738195613" lon="114.2379487953"><ele>466.000</ele></trkpt>
      <trkpt lat="22.3738272062" lon="114.2379354963"><ele>466.000</ele></trkpt>
      <trkpt lat="22.3738315974" lon="114.2379290995"><ele>468.000</ele></trkpt>
      <trkpt lat="22.3738427215" lon="114.2379094033"><ele>468.000</ele></trkpt>
      <trkpt lat="22.3738452887" lon="114.2379025008"><ele>468.000</ele></trkpt>
      <trkpt lat="22.3738469350" lon="114.2378953454"><ele>468.000</ele></trkpt>
      <trkpt lat="22.3738479530" lon="114.2378778101"><ele>468.000</ele></trkpt>
      <trkpt lat="22.3738446385" lon="114.2378548062"><ele>468.000</ele></trkpt>
      <trkpt lat="22.3738421580" lon="114.2378471345"><ele>468.000</ele></trkpt>
      <trkpt lat="22.3738349031" lon="114.2378320133"><ele>468.000</ele></trkpt>
      <trkpt lat="22.3738271779" lon="114.2378188629"><ele>468.000</ele></trkpt>
      <trkpt lat="22.3738219819" lon="114.2378042572"><ele>468.000</ele></trkpt>
      <trkpt lat="22.3738163733" lon="114.2377819806"><ele>468.000</ele></trkpt>
      <trkpt lat="22.3738154709" lon="114.2377802422"><ele>468.000</ele></trkpt>
      <trkpt lat="22.3738141354" lon="114.2377774452"><ele>468.000</ele></trkpt>
      <trkpt lat="22.3738125487" lon="114.2377702787"><ele>468.000</ele></trkpt>
      <trkpt lat="22.3738098151" lon="114.2377633448"><ele>468.000</ele></trkpt>
      <trkpt lat="22.3738054738" lon="114.2377569054"><ele>468.000</ele></trkpt>
      <trkpt lat="22.3737951833" lon="114.2377455114"><ele>469.000</ele></trkpt>
      <trkpt lat="22.3737867059" lon="114.2377395556"><ele>469.000</ele></trkpt>
      <trkpt lat="22.3737791490" lon="114.2377350858"><ele>469.000</ele></trkpt>
      <trkpt lat="22.3737447847" lon="114.2377194188"><ele>469.000</ele></trkpt>
      <trkpt lat="22.3737175276" lon="114.2377032791"><ele>470.000</ele></trkpt>
      <trkpt lat="22.3737113435" lon="114.2376985672"><ele>470.000</ele></trkpt>
      <trkpt lat="22.3737053946" lon="114.2376926125"><ele>470.000</ele></trkpt>
      <trkpt lat="22.3737018033" lon="114.2376896952"><ele>470.000</ele></trkpt>
      <trkpt lat="22.3736989849" lon="114.2376874053"><ele>470.000</ele></trkpt>
      <trkpt lat="22.3736882332" lon="114.2376774968"><ele>470.000</ele></trkpt>
      <trkpt lat="22.3736726796" lon="114.2376616340"><ele>470.000</ele></trkpt>
      <trkpt lat="22.3736669560" lon="114.2376569223"><ele>470.000</ele></trkpt>
      <trkpt lat="22.3736545873" lon="114.2376487316"><ele>470.000</ele></trkpt>
      <trkpt lat="22.3736168039" lon="114.2376236641"><ele>470.000</ele></trkpt>
      <trkpt lat="22.3736049053" lon="114.2376139881"><ele>470.000</ele></trkpt>
      <trkpt lat="22.3735840800" lon="114.2375924332"><ele>470.000</ele></trkpt>
      <trkpt lat="22.3735671435" lon="114.2375795313"><ele>470.000</ele></trkpt>
      <trkpt lat="22.3735545490" lon="114.2375713406"><ele>470.000</ele></trkpt>
      <trkpt lat="22.3735268212" lon="114.2375581622"><ele>470.000</ele></trkpt>
      <trkpt lat="22.3735080413" lon="114.2375484734"><ele>470.000</ele></trkpt>
      <trkpt lat="22.3735023175" lon="114.2375444997"><ele>470.000</ele></trkpt>
      <trkpt lat="22.3734970544" lon="114.2375397882"><ele>470.000</ele></trkpt>
      <trkpt lat="22.3734901741" lon="114.2375372995"><ele>470.000</ele></trkpt>
      <trkpt lat="22.3734881158" lon="114.2375355606"><ele>470.000</ele></trkpt>
      <trkpt lat="22.3734828528" lon="114.2375306064"><ele>470.000</ele></trkpt>
      <trkpt lat="22.3734780507" lon="114.2375249144"><ele>470.000</ele></trkpt>
      <trkpt lat="22.3734622932" lon="114.2374989147"><ele>470.000</ele></trkpt>
      <trkpt lat="22.3734453587" lon="114.2374808279"><ele>470.000</ele></trkpt>
      <trkpt lat="22.3734279722" lon="114.2374639740"><ele>470.000</ele></trkpt>
      <trkpt lat="22.3734222486" lon="114.2374592623"><ele>470.000</ele></trkpt>
      <trkpt lat="22.3734105756" lon="114.2374500816"><ele>471.000</ele></trkpt>
      <trkpt lat="22.3733851519" lon="114.2374332048"><ele>471.000</ele></trkpt>
      <trkpt lat="22.3733734790" lon="114.2374235386"><ele>470.000</ele></trkpt>
      <trkpt lat="22.3733627278" lon="114.2374126299"><ele>470.000</ele></trkpt>
      <trkpt lat="22.3733432841" lon="114.2373910757"><ele>472.000</ele></trkpt>
      <trkpt lat="22.3733336799" lon="114.2373794393"><ele>472.000</ele></trkpt>
      <trkpt lat="22.3733247623" lon="114.2373672983"><ele>470.000</ele></trkpt>
      <trkpt lat="22.3733080838" lon="114.2373408128"><ele>471.000</ele></trkpt>
      <trkpt lat="22.3733021558" lon="114.2373271972"><ele>471.000</ele></trkpt>
      <trkpt lat="22.3732978357" lon="114.2373123589"><ele>470.000</ele></trkpt>
      <trkpt lat="22.3732915434" lon="114.2372589626"><ele>470.000</ele></trkpt>
      <trkpt lat="22.3732912115" lon="114.2372529910"><ele>470.000</ele></trkpt>
      <trkpt lat="22.3732911038" lon="114.2372510587"><ele>470.000</ele></trkpt>
      <trkpt lat="22.3732897969" lon="114.2372201619"><ele>470.000</ele></trkpt>
      <trkpt lat="22.3732898066" lon="114.2372184336"><ele>470.000</ele></trkpt>
      <trkpt lat="22.3732898810" lon="114.2371882850"><ele>469.000</ele></trkpt>
      <trkpt lat="22.3732908566" lon="114.2371633315"><ele>469.000</ele></trkpt>
      <trkpt lat="22.3732904170" lon="114.2371554179"><ele>469.000</ele></trkpt>
      <trkpt lat="22.3732890564" lon="114.2371475039"><ele>469.000</ele></trkpt>
      <trkpt lat="22.3732867833" lon="114.2371405799"><ele>468.000</ele></trkpt>
      <trkpt lat="22.3732803950" lon="114.2371262262"><ele>468.000</ele></trkpt>
      <trkpt lat="22.3732753887" lon="114.2371111449"><ele>468.000</ele></trkpt>
      <trkpt lat="22.3732647013" lon="114.2370740396"><ele>468.000</ele></trkpt>
      <trkpt lat="22.3732601468" lon="114.2370582108"><ele>468.000</ele></trkpt>
      <trkpt lat="22.3732585603" lon="114.2370505492"><ele>468.000</ele></trkpt>
      <trkpt lat="22.3732576601" lon="114.2370428878"><ele>468.000</ele></trkpt>
      <trkpt lat="22.3732565552" lon="114.2370270703"><ele>468.000</ele></trkpt>
      <trkpt lat="22.3732568436" lon="114.2370043303"><ele>470.000</ele></trkpt>
      <trkpt lat="22.3732561692" lon="114.2369964263"><ele>470.000</ele></trkpt>
      <trkpt lat="22.3732473362" lon="114.2369509229"><ele>469.000</ele></trkpt>
      <trkpt lat="22.3732441850" lon="114.2369254627"><ele>469.000</ele></trkpt>
      <trkpt lat="22.3732416981" lon="114.2369106252"><ele>467.000</ele></trkpt>
      <trkpt lat="22.3732355658" lon="114.2368878728"><ele>467.000</ele></trkpt>
      <trkpt lat="22.3732325972" lon="114.2368812009"><ele>467.000</ele></trkpt>
      <trkpt lat="22.3732220925" lon="114.2368626315"><ele>468.000</ele></trkpt>
      <trkpt lat="22.3732081474" lon="114.2368435654"><ele>468.000</ele></trkpt>
      <trkpt lat="22.3731999254" lon="114.2368306868"><ele>468.000</ele></trkpt>
      <trkpt lat="22.3731887351" lon="114.2368103985"><ele>466.000</ele></trkpt>
      <trkpt lat="22.3731782315" lon="114.2367888676"><ele>466.000</ele></trkpt>
      <trkpt lat="22.3731720783" lon="114.2367737761"><ele>468.000</ele></trkpt>
      <trkpt lat="22.3731650245" lon="114.2367517612"><ele>468.000</ele></trkpt>
      <trkpt lat="22.3731463208" lon="114.2367069721"><ele>467.000</ele></trkpt>
      <trkpt lat="22.3731399533" lon="114.2366852100"><ele>467.000</ele></trkpt>
      <trkpt lat="22.3731322776" lon="114.2366357650"><ele>468.000</ele></trkpt>
      <trkpt lat="22.3731302622" lon="114.2366155000"><ele>468.000</ele></trkpt>
      <trkpt lat="22.3731296303" lon="114.2365905362"><ele>468.000</ele></trkpt>
      <trkpt lat="22.3731285150" lon="114.2365784180"><ele>467.000</ele></trkpt>
      <trkpt lat="22.3731283106" lon="114.2365695238"><ele>467.000</ele></trkpt>
      <trkpt lat="22.3731299926" lon="114.2365386380"><ele>467.000</ele></trkpt>
      <trkpt lat="22.3731297887" lon="114.2365282583"><ele>467.000</ele></trkpt>
      <trkpt lat="22.3731273556" lon="114.2364899525"><ele>467.000</ele></trkpt>
      <trkpt lat="22.3731249004" lon="114.2364622692"><ele>468.000</ele></trkpt>
      <trkpt lat="22.3731242574" lon="114.2364427427"><ele>468.000</ele></trkpt>
      <trkpt lat="22.3731224555" lon="114.2364313719"><ele>468.000</ele></trkpt>
      <trkpt lat="22.3731188017" lon="114.2364217189"><ele>468.000</ele></trkpt>
      <trkpt lat="22.3731083079" lon="114.2363982170"><ele>468.000</ele></trkpt>
      <trkpt lat="22.3731023899" lon="114.2363816401"><ele>466.000</ele></trkpt>
      <trkpt lat="22.3730964729" lon="114.2363625969"><ele>466.000</ele></trkpt>
      <trkpt lat="22.3730944260" lon="114.2363544302"><ele>466.000</ele></trkpt>
      <trkpt lat="22.3730926140" lon="114.2363457781"><ele>466.000</ele></trkpt>
      <trkpt lat="22.3730901379" lon="114.2363259984"><ele>466.000</ele></trkpt>
      <trkpt lat="22.3730872003" lon="114.2363086945"><ele>466.000</ele></trkpt>
      <trkpt lat="22.3730865257" lon="114.2363012760"><ele>466.000</ele></trkpt>
      <trkpt lat="22.3730820023" lon="114.2362743297"><ele>466.000</ele></trkpt>
      <trkpt lat="22.3730797392" lon="114.2362646870"><ele>466.000</ele></trkpt>
      <trkpt lat="22.3730708641" lon="114.2362347580"><ele>466.000</ele></trkpt>
      <trkpt lat="22.3730567690" lon="114.2361813391"><ele>465.000</ele></trkpt>
      <trkpt lat="22.3730458450" lon="114.2361486905"><ele>465.000</ele></trkpt>
      <trkpt lat="22.3730342689" lon="114.2360965155"><ele>466.000</ele></trkpt>
      <trkpt lat="22.3730210841" lon="114.2360477965"><ele>466.000</ele></trkpt>
      <trkpt lat="22.3730099882" lon="114.2359911746"><ele>464.000</ele></trkpt>
      <trkpt lat="22.3729970499" lon="114.2359350375"><ele>464.000</ele></trkpt>
      <trkpt lat="22.3729890967" lon="114.2359031379"><ele>464.000</ele></trkpt>
      <trkpt lat="22.3729863728" lon="114.2358939902"><ele>464.000</ele></trkpt>
      <trkpt lat="22.3729768432" lon="114.2358509626"><ele>464.000</ele></trkpt>
      <trkpt lat="22.3729673026" lon="114.2358133724"><ele>462.000</ele></trkpt>
      <trkpt lat="22.3729579990" lon="114.2357696070"><ele>463.000</ele></trkpt>
      <trkpt lat="22.3729559835" lon="114.2357495848"><ele>464.000</ele></trkpt>
      <trkpt lat="22.3729534754" lon="114.2357429035"><ele>464.000</ele></trkpt>
      <trkpt lat="22.3729464004" lon="114.2357292876"><ele>464.000</ele></trkpt>
      <trkpt lat="22.3729297217" lon="114.2357028023"><ele>466.000</ele></trkpt>
      <trkpt lat="22.3729139642" lon="114.2356758222"><ele>463.000</ele></trkpt>
      <trkpt lat="22.3729036744" lon="114.2356619524"><ele>463.000</ele></trkpt>
      <trkpt lat="22.3728833406" lon="114.2356290281"><ele>464.000</ele></trkpt>
      <trkpt lat="22.3728742075" lon="114.2356129354"><ele>463.000</ele></trkpt>
      <trkpt lat="22.3728652903" lon="114.2355993187"><ele>463.000</ele></trkpt>
      <trkpt lat="22.3728513554" lon="114.2355765436"><ele>463.000</ele></trkpt>
      <trkpt lat="22.3728367337" lon="114.2355552539"><ele>462.000</ele></trkpt>
      <trkpt lat="22.3728271297" lon="114.2355428701"><ele>462.000</ele></trkpt>
      <trkpt lat="22.3728136455" lon="114.2355223188"><ele>462.000</ele></trkpt>
      <trkpt lat="22.3728083833" lon="114.2355151411"><ele>464.000</ele></trkpt>
      <trkpt lat="22.3727923907" lon="114.2354891416"><ele>464.000</ele></trkpt>
      <trkpt lat="22.3727716065" lon="114.2354527605"><ele>463.000</ele></trkpt>
      <trkpt lat="22.3727668141" lon="114.2354450782"><ele>463.000</ele></trkpt>
      <trkpt lat="22.3727530949" lon="114.2354252744"><ele>463.000</ele></trkpt>
      <trkpt lat="22.3727364048" lon="114.2354049646"><ele>462.000</ele></trkpt>
      <trkpt lat="22.3727316029" lon="114.2353982726"><ele>462.000</ele></trkpt>
      <trkpt lat="22.3727220092" lon="114.2353824321"><ele>462.000</ele></trkpt>
      <trkpt lat="22.3727041839" lon="114.2353549561"><ele>464.000</ele></trkpt>
      <trkpt lat="22.3726966481" lon="114.2353418352"><ele>462.000</ele></trkpt>
      <trkpt lat="22.3726774828" lon="114.2352987843"><ele>463.000</ele></trkpt>
      <trkpt lat="22.3726690352" lon="114.2352851678"><ele>463.000</ele></trkpt>
      <trkpt lat="22.3726610393" lon="114.2352708039"><ele>464.000</ele></trkpt>
      <trkpt lat="22.3726583058" lon="114.2352631418"><ele>464.000</ele></trkpt>
      <trkpt lat="22.3726407473" lon="114.2352218199"><ele>463.000</ele></trkpt>
      <trkpt lat="22.3726373282" lon="114.2352121768"><ele>463.000</ele></trkpt>
      <trkpt lat="22.3726234143" lon="114.2351812458"><ele>463.000</ele></trkpt>
      <trkpt lat="22.3726113237" lon="114.2351525390"><ele>464.000</ele></trkpt>
      <trkpt lat="22.3725989960" lon="114.2351302696"><ele>462.000</ele></trkpt>
      <trkpt lat="22.3725898536" lon="114.2351149149"><ele>463.000</ele></trkpt>
      <trkpt lat="22.3725848363" lon="114.2351047759"><ele>463.000</ele></trkpt>
      <trkpt lat="22.3725734201" lon="114.2350842255"><ele>463.000</ele></trkpt>
      <trkpt lat="22.3725572133" lon="114.2350508176"><ele>462.000</ele></trkpt>
      <trkpt lat="22.3725464833" lon="114.2350302772"><ele>463.000</ele></trkpt>
      <trkpt lat="22.3725359891" lon="114.2350072707"><ele>463.000</ele></trkpt>
      <trkpt lat="22.3725215933" lon="114.2349852336"><ele>463.000</ele></trkpt>
      <trkpt lat="22.3725183986" lon="114.2349795424"><ele>462.000</ele></trkpt>
      <trkpt lat="22.3725138223" lon="114.2349733457"><ele>462.000</ele></trkpt>
      <trkpt lat="22.3725083342" lon="114.2349666632"><ele>462.000</ele></trkpt>
      <trkpt lat="22.3725030711" lon="114.2349617091"><ele>462.000</ele></trkpt>
      <trkpt lat="22.3724783427" lon="114.2349445808"><ele>462.000</ele></trkpt>
      <trkpt lat="22.3724373642" lon="114.2349135803"><ele>463.000</ele></trkpt>
      <trkpt lat="22.3724034823" lon="114.2348865443"><ele>462.000</ele></trkpt>
      <trkpt lat="22.3723851548" lon="114.2348739627"><ele>462.000</ele></trkpt>
      <trkpt lat="22.3723602003" lon="114.2348577567"><ele>462.000</ele></trkpt>
      <trkpt lat="22.3723299622" lon="114.2348433351"><ele>461.000</ele></trkpt>
      <trkpt lat="22.3723070560" lon="114.2348314119"><ele>464.000</ele></trkpt>
      <trkpt lat="22.3722797986" lon="114.2348152632"><ele>462.000</ele></trkpt>
      <trkpt lat="22.3722662822" lon="114.2348088007"><ele>462.000</ele></trkpt>
      <trkpt lat="22.3722589689" lon="114.2348047002"><ele>462.000</ele></trkpt>
      <trkpt lat="22.3722520880" lon="114.2348037167"><ele>462.000</ele></trkpt>
      <trkpt lat="22.3722378653" lon="114.2348027204"><ele>462.000</ele></trkpt>
      <trkpt lat="22.3722236429" lon="114.2348007338"><ele>462.000</ele></trkpt>
      <trkpt lat="22.3722135477" lon="114.2347982633"><ele>462.000</ele></trkpt>
      <trkpt lat="22.3721977371" lon="114.2347930427"><ele>460.000</ele></trkpt>
      <trkpt lat="22.3721798687" lon="114.2347845880"><ele>462.000</ele></trkpt>
      <trkpt lat="22.3721670479" lon="114.2347773878"><ele>462.000</ele></trkpt>
      <trkpt lat="22.3721423101" lon="114.2347610072"><ele>462.000</ele></trkpt>
      <trkpt lat="22.3721049970" lon="114.2347327270"><ele>463.000</ele></trkpt>
      <trkpt lat="22.3720928628" lon="114.2347247796"><ele>463.000</ele></trkpt>
      <trkpt lat="22.3720704074" lon="114.2347150801"><ele>463.000</ele></trkpt>
      <trkpt lat="22.3720328287" lon="114.2346971794"><ele>462.000</ele></trkpt>
      <trkpt lat="22.3719833392" lon="114.2346780116"><ele>464.000</ele></trkpt>
      <trkpt lat="22.3719379572" lon="114.2346628071"><ele>462.000</ele></trkpt>
      <trkpt lat="22.3719168732" lon="114.2346563220"><ele>462.000</ele></trkpt>
      <trkpt lat="22.3719001412" lon="114.2346518293"><ele>462.000</ele></trkpt>
      <trkpt lat="22.3718932700" lon="114.2346490884"><ele>462.000</ele></trkpt>
      <trkpt lat="22.3718703452" lon="114.2346385634"><ele>463.000</ele></trkpt>
      <trkpt lat="22.3718589053" lon="114.2346334223"><ele>463.000</ele></trkpt>
      <trkpt lat="22.3718385184" lon="114.2346222478"><ele>462.000</ele></trkpt>
      <trkpt lat="22.3718016256" lon="114.2346055807"><ele>462.000</ele></trkpt>
      <trkpt lat="22.3717855998" lon="114.2345961460"><ele>461.000</ele></trkpt>
      <trkpt lat="22.3717626845" lon="114.2345842229"><ele>463.000</ele></trkpt>
      <trkpt lat="22.3717560485" lon="114.2345802489"><ele>463.000</ele></trkpt>
      <trkpt lat="22.3717494038" lon="114.2345752846"><ele>462.000</ele></trkpt>
      <trkpt lat="22.3717425429" lon="114.2345688443"><ele>462.000</ele></trkpt>
      <trkpt lat="22.3717311061" lon="114.2345552170"><ele>462.000</ele></trkpt>
      <trkpt lat="22.3717199048" lon="114.2345393664"><ele>463.000</ele></trkpt>
      <trkpt lat="22.3717119087" lon="114.2345255075"><ele>463.000</ele></trkpt>
      <trkpt lat="22.3717087145" lon="114.2345183308"><ele>463.000</ele></trkpt>
      <trkpt lat="22.3717062156" lon="114.2345109116"><ele>461.000</ele></trkpt>
      <trkpt lat="22.3716962043" lon="114.2344757879"><ele>461.000</ele></trkpt>
      <trkpt lat="22.3716971573" lon="114.2344622046"><ele>461.000</ele></trkpt>
      <trkpt lat="22.3716987865" lon="114.2344518257"><ele>461.000</ele></trkpt>
      <trkpt lat="22.3717022488" lon="114.2344417098"><ele>461.000</ele></trkpt>
      <trkpt lat="22.3717054842" lon="114.2344347979"><ele>461.000</ele></trkpt>
      <trkpt lat="22.3717163098" lon="114.2344150530"><ele>464.000</ele></trkpt>
      <trkpt lat="22.3717202222" lon="114.2344088891"><ele>464.000</ele></trkpt>
      <trkpt lat="22.3717234689" lon="114.2343955591"><ele>464.000</ele></trkpt>
      <trkpt lat="22.3717264922" lon="114.2343755489"><ele>464.000</ele></trkpt>
      <trkpt lat="22.3717288166" lon="114.2343656655"><ele>464.000</ele></trkpt>
      <trkpt lat="22.3717313783" lon="114.2343486262"><ele>462.000</ele></trkpt>
      <trkpt lat="22.3717325469" lon="114.2343382471"><ele>462.000</ele></trkpt>
      <trkpt lat="22.3717330290" lon="114.2343283630"><ele>462.000</ele></trkpt>
      <trkpt lat="22.3717353752" lon="114.2343078670"><ele>462.000</ele></trkpt>
      <trkpt lat="22.3717363395" lon="114.2342880987"><ele>462.000</ele></trkpt>
      <trkpt lat="22.3717357386" lon="114.2342510272"><ele>462.000</ele></trkpt>
      <trkpt lat="22.3717344084" lon="114.2342329862"><ele>462.000</ele></trkpt>
      <trkpt lat="22.3717305805" lon="114.2342045550"><ele>460.000</ele></trkpt>
      <trkpt lat="22.3717274077" lon="114.2341879891"><ele>460.000</ele></trkpt>
      <trkpt lat="22.3717244489" lon="114.2341788318"><ele>460.000</ele></trkpt>
      <trkpt lat="22.3717189707" lon="114.2341694307"><ele>460.000</ele></trkpt>
      <trkpt lat="22.3717032139" lon="114.2341397323"><ele>457.000</ele></trkpt>
      <trkpt lat="22.3716970396" lon="114.2341323019"><ele>457.000</ele></trkpt>
      <trkpt lat="22.3716908560" lon="114.2341258522"><ele>457.000</ele></trkpt>
      <trkpt lat="22.3716846808" lon="114.2341211406"><ele>457.000</ele></trkpt>
      <trkpt lat="22.3716723116" lon="114.2341136979"><ele>457.000</ele></trkpt>
      <trkpt lat="22.3716613594" lon="114.2341084309"><ele>455.000</ele></trkpt>
      <trkpt lat="22.3716346782" lon="114.2340972248"><ele>456.000</ele></trkpt>
      <trkpt lat="22.3716075369" lon="114.2340845524"><ele>455.000</ele></trkpt>
      <trkpt lat="22.3715886667" lon="114.2340742914"><ele>455.000</ele></trkpt>
      <trkpt lat="22.3715633244" lon="114.2340561532"><ele>454.000</ele></trkpt>
      <trkpt lat="22.3715554800" lon="114.2340473046"><ele>454.000</ele></trkpt>
      <trkpt lat="22.3715373866" lon="114.2340108377"><ele>454.000</ele></trkpt>
      <trkpt lat="22.3715304116" lon="114.2339950665"><ele>456.000</ele></trkpt>
      <trkpt lat="22.3715257564" lon="114.2339822480"><ele>452.000</ele></trkpt>
      <trkpt lat="22.3715196856" lon="114.2339630012"><ele>452.000</ele></trkpt>
      <trkpt lat="22.3715169611" lon="114.2339553489"><ele>452.000</ele></trkpt>
      <trkpt lat="22.3715133066" lon="114.2339471817"><ele>452.000</ele></trkpt>
      <trkpt lat="22.3715091912" lon="114.2339402473"><ele>452.000</ele></trkpt>
      <trkpt lat="22.3714721668" lon="114.2338867616"><ele>448.000</ele></trkpt>
      <trkpt lat="22.3714639447" lon="114.2338733979"><ele>448.000</ele></trkpt>
      <trkpt lat="22.3714513826" lon="114.2338493907"><ele>450.000</ele></trkpt>
      <trkpt lat="22.3714481976" lon="114.2338414761"><ele>450.000</ele></trkpt>
      <trkpt lat="22.3714413486" lon="114.2338268799"><ele>450.000</ele></trkpt>
      <trkpt lat="22.3714329129" lon="114.2338046124"><ele>447.000</ele></trkpt>
      <trkpt lat="22.3714187729" lon="114.2337736817"><ele>447.000</ele></trkpt>
      <trkpt lat="22.3714082687" lon="114.2337528892"><ele>447.000</ele></trkpt>
      <trkpt lat="22.3714002724" lon="114.2337392828"><ele>447.000</ele></trkpt>
      <trkpt lat="22.3713968530" lon="114.2337303681"><ele>447.000</ele></trkpt>
      <trkpt lat="22.3713934535" lon="114.2337160257"><ele>448.000</ele></trkpt>
      <trkpt lat="22.3713909771" lon="114.2336962560"><ele>444.000</ele></trkpt>
      <trkpt lat="22.3713893911" lon="114.2336866137"><ele>444.000</ele></trkpt>
      <trkpt lat="22.3713875785" lon="114.2336791949"><ele>444.000</ele></trkpt>
      <trkpt lat="22.3713761629" lon="114.2336564213"><ele>445.000</ele></trkpt>
      <trkpt lat="22.3713700609" lon="114.2336489910"><ele>445.000</ele></trkpt>
      <trkpt lat="22.3713502419" lon="114.2336146111"><ele>446.000</ele></trkpt>
      <trkpt lat="22.3713383669" lon="114.2335883031"><ele>443.000</ele></trkpt>
      <trkpt lat="22.3713259845" lon="114.2335671701"><ele>444.000</ele></trkpt>
      <trkpt lat="22.3713160844" lon="114.2335487859"><ele>444.000</ele></trkpt>
      <trkpt lat="22.3713055444" lon="114.2335269254"><ele>444.000</ele></trkpt>
      <trkpt lat="22.3712932368" lon="114.2334983937"><ele>440.000</ele></trkpt>
      <trkpt lat="22.3712876981" lon="114.2334810502"><ele>440.000</ele></trkpt>
      <trkpt lat="22.3712845373" lon="114.2334555905"><ele>440.000</ele></trkpt>
      <trkpt lat="22.3712849213" lon="114.2334420264"><ele>440.000</ele></trkpt>
      <trkpt lat="22.3712862452" lon="114.2334264916"><ele>440.000</ele></trkpt>
      <trkpt lat="22.3712897119" lon="114.2334035882"><ele>440.000</ele></trkpt>
      <trkpt lat="22.3712927549" lon="114.2333784610"><ele>439.000</ele></trkpt>
      <trkpt lat="22.3712939186" lon="114.2333562655"><ele>439.000</ele></trkpt>
      <trkpt lat="22.3712925067" lon="114.2333392246"><ele>439.000</ele></trkpt>
      <trkpt lat="22.3712873638" lon="114.2333263282"><ele>436.000</ele></trkpt>
      <trkpt lat="22.3712779613" lon="114.2333054780"><ele>436.000</ele></trkpt>
      <trkpt lat="22.3712746700" lon="114.2332916115"><ele>436.000</ele></trkpt>
      <trkpt lat="22.3712729674" lon="114.2332797457"><ele>437.000</ele></trkpt>
      <trkpt lat="22.3712708394" lon="114.2332444312"><ele>437.000</ele></trkpt>
      <trkpt lat="22.3712681298" lon="114.2332199717"><ele>436.000</ele></trkpt>
      <trkpt lat="22.3712626378" lon="114.2331981812"><ele>436.000</ele></trkpt>
      <trkpt lat="22.3712550683" lon="114.2331776036"><ele>433.000</ele></trkpt>
      <trkpt lat="22.3712488902" lon="114.2331553177"><ele>433.000</ele></trkpt>
      <trkpt lat="22.3712339306" lon="114.2331178620"><ele>433.000</ele></trkpt>
      <trkpt lat="22.3712190642" lon="114.2330720172"><ele>433.000</ele></trkpt>
      <trkpt lat="22.3712099154" lon="114.2330484581"><ele>430.000</ele></trkpt>
      <trkpt lat="22.3712038509" lon="114.2330367751"><ele>430.000</ele></trkpt>
      <trkpt lat="22.3711950323" lon="114.2330248191"><ele>430.000</ele></trkpt>
      <trkpt lat="22.3711821147" lon="114.2330100942"><ele>430.000</ele></trkpt>
      <trkpt lat="22.3711681062" lon="114.2329901743"><ele>433.000</ele></trkpt>
      <trkpt lat="22.3711565983" lon="114.2329727508"><ele>429.000</ele></trkpt>
      <trkpt lat="22.3711469052" lon="114.2329563377"><ele>429.000</ele></trkpt>
      <trkpt lat="22.3711348322" lon="114.2329280490"><ele>429.000</ele></trkpt>
      <trkpt lat="22.3711256368" lon="114.2329086845"><ele>429.000</ele></trkpt>
      <trkpt lat="22.3711187070" lon="114.2328923114"><ele>426.000</ele></trkpt>
      <trkpt lat="22.3711117960" lon="114.2328737148"><ele>426.000</ele></trkpt>
      <trkpt lat="22.3711046873" lon="114.2328523995"><ele>426.000</ele></trkpt>
      <trkpt lat="22.3710952456" lon="114.2328142761"><ele>426.000</ele></trkpt>
      <trkpt lat="22.3710911353" lon="114.2327922629"><ele>426.000</ele></trkpt>
      <trkpt lat="22.3710873905" lon="114.2327576663"><ele>426.000</ele></trkpt>
      <trkpt lat="22.3710803936" lon="114.2327264862"><ele>426.000</ele></trkpt>
      <trkpt lat="22.3710739711" lon="114.2327054236"><ele>422.000</ele></trkpt>
      <trkpt lat="22.3710527865" lon="114.2326501290"><ele>423.000</ele></trkpt>
      <trkpt lat="22.3710435145" lon="114.2326171905"><ele>423.000</ele></trkpt>
      <trkpt lat="22.3710398367" lon="114.2325978865"><ele>425.000</ele></trkpt>
      <trkpt lat="22.3710361873" lon="114.2325746501"><ele>425.000</ele></trkpt>
      <trkpt lat="22.3710333817" lon="114.2325453126"><ele>425.000</ele></trkpt>
      <trkpt lat="22.3710288249" lon="114.2325294784"><ele>418.000</ele></trkpt>
      <trkpt lat="22.3710256127" lon="114.2325217289"><ele>418.000</ele></trkpt>
      <trkpt lat="22.3710125345" lon="114.2325012269"><ele>420.000</ele></trkpt>
      <trkpt lat="22.3710070288" lon="114.2324928356"><ele>420.000</ele></trkpt>
      <trkpt lat="22.3709893643" lon="114.2324688752"><ele>420.000</ele></trkpt>
      <trkpt lat="22.3709799593" lon="114.2324548023"><ele>417.000</ele></trkpt>
      <trkpt lat="22.3709613767" lon="114.2324219573"><ele>417.000</ele></trkpt>
      <trkpt lat="22.3709563312" lon="114.2324145566"><ele>417.000</ele></trkpt>
      <trkpt lat="22.3709473875" lon="114.2323982508"><ele>418.000</ele></trkpt>
      <trkpt lat="22.3709388957" lon="114.2323809741"><ele>414.000</ele></trkpt>
      <trkpt lat="22.3709267389" lon="114.2323597346"><ele>414.000</ele></trkpt>
      <trkpt lat="22.3709141240" lon="114.2323310864"><ele>416.000</ele></trkpt>
      <trkpt lat="22.3709047231" lon="114.2323051582"><ele>416.000</ele></trkpt>
      <trkpt lat="22.3708987536" lon="114.2322797266"><ele>416.000</ele></trkpt>
      <trkpt lat="22.3708893557" lon="114.2322449142"><ele>413.000</ele></trkpt>
      <trkpt lat="22.3708797224" lon="114.2322118203"><ele>413.000</ele></trkpt>
      <trkpt lat="22.3708781184" lon="114.2322017024"><ele>413.000</ele></trkpt>
      <trkpt lat="22.3708742134" lon="114.2321863889"><ele>413.000</ele></trkpt>
      <trkpt lat="22.3708710051" lon="114.2321671336"><ele>413.000</ele></trkpt>
      <trkpt lat="22.3708677955" lon="114.2321518204"><ele>412.000</ele></trkpt>
      <trkpt lat="22.3708618334" lon="114.2321310785"><ele>412.000</ele></trkpt>
      <trkpt lat="22.3708570176" lon="114.2321120654"><ele>413.000</ele></trkpt>
      <trkpt lat="22.3708554137" lon="114.2321016949"><ele>413.000</ele></trkpt>
      <trkpt lat="22.3708542622" lon="114.2320624389"><ele>413.000</ele></trkpt>
      <trkpt lat="22.3708533531" lon="114.2320535446"><ele>413.000</ele></trkpt>
      <trkpt lat="22.3708517403" lon="114.2320429314"><ele>413.000</ele></trkpt>
      <trkpt lat="22.3708437165" lon="114.2320036726"><ele>408.000</ele></trkpt>
      <trkpt lat="22.3708425733" lon="114.2319928072"><ele>408.000</ele></trkpt>
      <trkpt lat="22.3708411997" lon="114.2319691057"><ele>408.000</ele></trkpt>
      <trkpt lat="22.3708366073" lon="114.2319305862"><ele>408.000</ele></trkpt>
      <trkpt lat="22.3708306477" lon="114.2319024360"><ele>408.000</ele></trkpt>
      <trkpt lat="22.3708258302" lon="114.2318881125"><ele>408.000</ele></trkpt>
      <trkpt lat="22.3708214739" lon="114.2318723037"><ele>408.000</ele></trkpt>
      <trkpt lat="22.3708132167" lon="114.2318288503"><ele>408.000</ele></trkpt>
      <trkpt lat="22.3708063351" lon="114.2318031659"><ele>408.000</ele></trkpt>
      <trkpt lat="22.3708008373" lon="114.2317713165"><ele>406.000</ele></trkpt>
      <trkpt lat="22.3707962445" lon="114.2317335349"><ele>406.000</ele></trkpt>
      <trkpt lat="22.3707946434" lon="114.2317147755"><ele>406.000</ele></trkpt>
      <trkpt lat="22.3707948721" lon="114.2317061341"><ele>406.000</ele></trkpt>
      <trkpt lat="22.3707944157" lon="114.2316940359"><ele>406.000</ele></trkpt>
      <trkpt lat="22.3707953350" lon="114.2316727918"><ele>405.000</ele></trkpt>
      <trkpt lat="22.3707985516" lon="114.2316409458"><ele>405.000</ele></trkpt>
      <trkpt lat="22.3708010771" lon="114.2316231687"><ele>405.000</ele></trkpt>
      <trkpt lat="22.3708024558" lon="114.2316053911"><ele>405.000</ele></trkpt>
      <trkpt lat="22.3708063571" lon="114.2315784778"><ele>404.000</ele></trkpt>
      <trkpt lat="22.3708102546" lon="114.2315626722"><ele>406.000</ele></trkpt>
      <trkpt lat="22.3708141626" lon="114.2315424294"><ele>406.000</ele></trkpt>
      <trkpt lat="22.3708164555" lon="114.2315182341"><ele>406.000</ele></trkpt>
      <trkpt lat="22.3708185186" lon="114.2315058844"><ele>406.000</ele></trkpt>
      <trkpt lat="22.3708208160" lon="114.2314952728"><ele>406.000</ele></trkpt>
      <trkpt lat="22.3708283906" lon="114.2314742838"><ele>404.000</ele></trkpt>
      <trkpt lat="22.3708334380" lon="114.2314495944"><ele>404.000</ele></trkpt>
      <trkpt lat="22.3708378054" lon="114.2314327986"><ele>404.000</ele></trkpt>
      <trkpt lat="22.3708449157" lon="114.2313965072"><ele>404.000</ele></trkpt>
      <trkpt lat="22.3708458357" lon="114.2313730493"><ele>404.000</ele></trkpt>
      <trkpt lat="22.3708449213" lon="114.2313530473"><ele>404.000</ele></trkpt>
      <trkpt lat="22.3708440027" lon="114.2313456386"><ele>404.000</ele></trkpt>
      <trkpt lat="22.3708428562" lon="114.2313177427"><ele>404.000</ele></trkpt>
      <trkpt lat="22.3708437801" lon="114.2313093443"><ele>404.000</ele></trkpt>
      <trkpt lat="22.3708442351" lon="114.2312989747"><ele>404.000</ele></trkpt>
      <trkpt lat="22.3708449263" lon="114.2312577386"><ele>404.000</ele></trkpt>
      <trkpt lat="22.3708469923" lon="114.2312367474"><ele>403.000</ele></trkpt>
      <trkpt lat="22.3708474572" lon="114.2312236688"><ele>403.000</ele></trkpt>
      <trkpt lat="22.3708499827" lon="114.2312061344"><ele>403.000</ele></trkpt>
      <trkpt lat="22.3708509011" lon="114.2311871235"><ele>402.000</ele></trkpt>
      <trkpt lat="22.3708531949" lon="114.2311602096"><ele>405.000</ele></trkpt>
      <trkpt lat="22.3708532004" lon="114.2311167497"><ele>404.000</ele></trkpt>
      <trkpt lat="22.3708536554" lon="114.2311063801"><ele>404.000</ele></trkpt>
      <trkpt lat="22.3708557293" lon="114.2310888552"><ele>403.000</ele></trkpt>
      <trkpt lat="22.3708559590" lon="114.2310770000"><ele>403.000</ele></trkpt>
      <trkpt lat="22.3708598597" lon="114.2310515625"><ele>403.000</ele></trkpt>
      <trkpt lat="22.3708600885" lon="114.2310426784"><ele>402.000</ele></trkpt>
      <trkpt lat="22.3708587118" lon="114.2310007036"><ele>402.000</ele></trkpt>
      <trkpt lat="22.3708591755" lon="114.2309913243"><ele>401.000</ele></trkpt>
      <trkpt lat="22.3708589442" lon="114.2309809448"><ele>401.000</ele></trkpt>
      <trkpt lat="22.3708578067" lon="114.2309527964"><ele>401.000</ele></trkpt>
      <trkpt lat="22.3708567274" lon="114.2309399600"><ele>400.000</ele></trkpt>
      <trkpt lat="22.3708556084" lon="114.2309105882"><ele>400.000</ele></trkpt>
      <trkpt lat="22.3708553408" lon="114.2308735463"><ele>400.000</ele></trkpt>
      <trkpt lat="22.3708545337" lon="114.2308565154"><ele>400.000</ele></trkpt>
      <trkpt lat="22.3708533263" lon="114.2308486211"><ele>399.000</ele></trkpt>
      <trkpt lat="22.3708492629" lon="114.2307933432"><ele>396.000</ele></trkpt>
      <trkpt lat="22.3708447906" lon="114.2307457260"><ele>396.000</ele></trkpt>
      <trkpt lat="22.3708416296" lon="114.2307195770"><ele>396.000</ele></trkpt>
      <trkpt lat="22.3708388681" lon="114.2306867577"><ele>396.000</ele></trkpt>
      <trkpt lat="22.3708364538" lon="114.2306692408"><ele>396.000</ele></trkpt>
      <trkpt lat="22.3708347083" lon="114.2306499958"><ele>396.000</ele></trkpt>
      <trkpt lat="22.3708330406" lon="114.2306411207"><ele>396.000</ele></trkpt>
      <trkpt lat="22.3708323600" lon="114.2306236627"><ele>396.000</ele></trkpt>
      <trkpt lat="22.3708307553" lon="114.2306155061"><ele>396.000</ele></trkpt>
      <trkpt lat="22.3708277746" lon="114.2305903281"><ele>394.000</ele></trkpt>
      <trkpt lat="22.3708263999" lon="114.2305693356"><ele>394.000</ele></trkpt>
      <trkpt lat="22.3708238789" lon="114.2305463716"><ele>394.000</ele></trkpt>
      <trkpt lat="22.3708229637" lon="114.2305285931"><ele>394.000</ele></trkpt>
      <trkpt lat="22.3708227362" lon="114.2305066204"><ele>394.000</ele></trkpt>
      <trkpt lat="22.3708234288" lon="114.2304876094"><ele>394.000</ele></trkpt>
      <trkpt lat="22.3708257173" lon="114.2304764928"><ele>394.000</ele></trkpt>
      <trkpt lat="22.3708277823" lon="114.2304582300"><ele>392.000</ele></trkpt>
      <trkpt lat="22.3708300824" lon="114.2304118096"><ele>390.000</ele></trkpt>
      <trkpt lat="22.3708310052" lon="114.2303792151"><ele>390.000</ele></trkpt>
      <trkpt lat="22.3708337589" lon="114.2303540297"><ele>390.000</ele></trkpt>
      <trkpt lat="22.3708337652" lon="114.2303347660"><ele>390.000</ele></trkpt>
      <trkpt lat="22.3708344506" lon="114.2303103273"><ele>390.000</ele></trkpt>
      <trkpt lat="22.3708358290" lon="114.2302927925"><ele>390.000</ele></trkpt>
      <trkpt lat="22.3708360582" lon="114.2302824228"><ele>390.000</ele></trkpt>
      <trkpt lat="22.3708346838" lon="114.2302604496"><ele>388.000</ele></trkpt>
      <trkpt lat="22.3708349151" lon="114.2302436619"><ele>388.000</ele></trkpt>
      <trkpt lat="22.3708339969" lon="114.2302347676"><ele>388.000</ele></trkpt>
      <trkpt lat="22.3708337738" lon="114.2301992112"><ele>388.000</ele></trkpt>
      <trkpt lat="22.3708346893" lon="114.2301890846"><ele>388.000</ele></trkpt>
      <trkpt lat="22.3708346949" lon="114.2301720540"><ele>386.000</ele></trkpt>
      <trkpt lat="22.3708360704" lon="114.2301634131"><ele>386.000</ele></trkpt>
      <trkpt lat="22.3708374493" lon="114.2301444024"><ele>386.000</ele></trkpt>
      <trkpt lat="22.3708385988" lon="114.2301362468"><ele>386.000</ele></trkpt>
      <trkpt lat="22.3708470898" lon="114.2301019268"><ele>386.000</ele></trkpt>
      <trkpt lat="22.3708503013" lon="114.2300846451"><ele>386.000</ele></trkpt>
      <trkpt lat="22.3708505282" lon="114.2300811886"><ele>386.000</ele></trkpt>
      <trkpt lat="22.3708528247" lon="114.2300730432"><ele>387.000</ele></trkpt>
      <trkpt lat="22.3708581040" lon="114.2300288474"><ele>386.000</ele></trkpt>
      <trkpt lat="22.3708599400" lon="114.2300202066"><ele>386.000</ele></trkpt>
      <trkpt lat="22.3708654530" lon="114.2299794578"><ele>385.000</ele></trkpt>
      <trkpt lat="22.3708686640" lon="114.2299639044"><ele>385.000</ele></trkpt>
      <trkpt lat="22.3708709600" lon="114.2299569920"><ele>385.000</ele></trkpt>
      <trkpt lat="22.3708769252" lon="114.2299416824"><ele>385.000</ele></trkpt>
      <trkpt lat="22.3708819757" lon="114.2299342759"><ele>385.000</ele></trkpt>
      <trkpt lat="22.3708874768" lon="114.2299295883"><ele>384.000</ele></trkpt>
      <trkpt lat="22.3708994089" lon="114.2299211941"><ele>386.000</ele></trkpt>
      <trkpt lat="22.3709157057" lon="114.2299036648"><ele>386.000</ele></trkpt>
      <trkpt lat="22.3709216686" lon="114.2298952684"><ele>386.000</ele></trkpt>
      <trkpt lat="22.3709313091" lon="114.2298804553"><ele>384.000</ele></trkpt>
      <trkpt lat="22.3709356644" lon="114.2298725534"><ele>384.000</ele></trkpt>
      <trkpt lat="22.3709391077" lon="114.2298644084"><ele>384.000</ele></trkpt>
      <trkpt lat="22.3709407177" lon="114.2298565054"><ele>384.000</ele></trkpt>
      <trkpt lat="22.3709453017" lon="114.2298397194"><ele>390.000</ele></trkpt>
      <trkpt lat="22.3709577022" lon="114.2297797191"><ele>387.000</ele></trkpt>
      <trkpt lat="22.3709572372" lon="114.2297656498"><ele>387.000</ele></trkpt>
      <trkpt lat="22.3709544882" lon="114.2297493465"><ele>387.000</ele></trkpt>
      <trkpt lat="22.3709441697" lon="114.2297113200"><ele>388.000</ele></trkpt>
      <trkpt lat="22.3709379749" lon="114.2296834222"><ele>385.000</ele></trkpt>
      <trkpt lat="22.3709359093" lon="114.2296760130"><ele>385.000</ele></trkpt>
      <trkpt lat="22.3709253614" lon="114.2296490942"><ele>385.000</ele></trkpt>
      <trkpt lat="22.3709196240" lon="114.2296305760"><ele>386.000</ele></trkpt>
      <trkpt lat="22.3709150338" lon="114.2296110678"><ele>386.000</ele></trkpt>
      <trkpt lat="22.3709083864" lon="114.2295861312"><ele>386.000</ele></trkpt>
      <trkpt lat="22.3709058605" lon="114.2295782267"><ele>386.000</ele></trkpt>
      <trkpt lat="22.3708982898" lon="114.2295599602"><ele>386.000</ele></trkpt>
      <trkpt lat="22.3708948513" lon="114.2295535409"><ele>381.000</ele></trkpt>
      <trkpt lat="22.3708891195" lon="114.2295453925"><ele>381.000</ele></trkpt>
      <trkpt lat="22.3708829178" lon="114.2295384769"><ele>381.000</ele></trkpt>
      <trkpt lat="22.3708794797" lon="114.2295305721"><ele>381.000</ele></trkpt>
      <trkpt lat="22.3708783353" lon="114.2295231633"><ele>381.000</ele></trkpt>
      <trkpt lat="22.3708785640" lon="114.2295140267"><ele>381.000</ele></trkpt>
      <trkpt lat="22.3708739729" lon="114.2294974799"><ele>381.000</ele></trkpt>
      <trkpt lat="22.3708664013" lon="114.2294819321"><ele>381.000</ele></trkpt>
      <trkpt lat="22.3708604437" lon="114.2294740263"><ele>381.000</ele></trkpt>
      <trkpt lat="22.3708491960" lon="114.2294606909"><ele>376.000</ele></trkpt>
      <trkpt lat="22.3708452968" lon="114.2294545142"><ele>376.000</ele></trkpt>
      <trkpt lat="22.3708395648" lon="114.2294473561"><ele>376.000</ele></trkpt>
      <trkpt lat="22.3708347449" lon="114.2294399459"><ele>376.000</ele></trkpt>
      <trkpt lat="22.3708315322" lon="114.2294330315"><ele>376.000</ele></trkpt>
      <trkpt lat="22.3708290154" lon="114.2294248843"><ele>376.000</ele></trkpt>
      <trkpt lat="22.3708244259" lon="114.2294031527"><ele>376.000</ele></trkpt>
      <trkpt lat="22.3708232819" lon="114.2293942680"><ele>374.000</ele></trkpt>
      <trkpt lat="22.3708244221" lon="114.2293871028"><ele>374.000</ele></trkpt>
      <trkpt lat="22.3708269530" lon="114.2293796954"><ele>374.000</ele></trkpt>
      <trkpt lat="22.3708284429" lon="114.2293774511"><ele>374.000</ele></trkpt>
      <trkpt lat="22.3708338376" lon="114.2293693282"><ele>374.000</ele></trkpt>
      <trkpt lat="22.3708450763" lon="114.2293550109"><ele>374.000</ele></trkpt>
      <trkpt lat="22.3708551773" lon="114.2293399455"><ele>379.000</ele></trkpt>
      <trkpt lat="22.3708671051" lon="114.2293167442"><ele>379.000</ele></trkpt>
      <trkpt lat="22.3708834022" lon="114.2292703193"><ele>379.000</ele></trkpt>
      <trkpt lat="22.3708882208" lon="114.2292540285"><ele>379.000</ele></trkpt>
      <trkpt lat="22.3708895958" lon="114.2292468634"><ele>377.000</ele></trkpt>
      <trkpt lat="22.3708902846" lon="114.2292389698"><ele>377.000</ele></trkpt>
      <trkpt lat="22.3708891404" lon="114.2292308134"><ele>377.000</ele></trkpt>
      <trkpt lat="22.3708879950" lon="114.2292263757"><ele>377.000</ele></trkpt>
      <trkpt lat="22.3708843215" lon="114.2292201990"><ele>377.000</ele></trkpt>
      <trkpt lat="22.3708778940" lon="114.2292132834"><ele>377.000</ele></trkpt>
      <trkpt lat="22.3708719358" lon="114.2292073584"><ele>377.000</ele></trkpt>
      <trkpt lat="22.3708595404" lon="114.2291964888"><ele>377.000</ele></trkpt>
      <trkpt lat="22.3708409602" lon="114.2291821700"><ele>376.000</ele></trkpt>
      <trkpt lat="22.3708343065" lon="114.2291764874"><ele>376.000</ele></trkpt>
      <trkpt lat="22.3708283393" lon="114.2291703197"><ele>376.000</ele></trkpt>
      <trkpt lat="22.3708189339" lon="114.2291567325"><ele>376.000</ele></trkpt>
      <trkpt lat="22.3708152701" lon="114.2291485849"><ele>376.000</ele></trkpt>
      <trkpt lat="22.3708095315" lon="114.2291337660"><ele>376.000</ele></trkpt>
      <trkpt lat="22.3708063189" lon="114.2291268516"><ele>376.000</ele></trkpt>
      <trkpt lat="22.3708015005" lon="114.2291145090"><ele>376.000</ele></trkpt>
      <trkpt lat="22.3707955370" lon="114.2290969811"><ele>375.000</ele></trkpt>
      <trkpt lat="22.3707943934" lon="114.2290868536"><ele>375.000</ele></trkpt>
      <trkpt lat="22.3707937005" lon="114.2290794450"><ele>375.000</ele></trkpt>
      <trkpt lat="22.3707934715" lon="114.2290614240"><ele>375.000</ele></trkpt>
      <trkpt lat="22.3707923308" lon="114.2290421599"><ele>374.000</ele></trkpt>
      <trkpt lat="22.3707925636" lon="114.2290204301"><ele>374.000</ele></trkpt>
      <trkpt lat="22.3707937084" lon="114.2289989530"><ele>372.000</ele></trkpt>
      <trkpt lat="22.3707927902" lon="114.2289898160"><ele>372.000</ele></trkpt>
      <trkpt lat="22.3707893558" lon="114.2289703083"><ele>372.000</ele></trkpt>
      <trkpt lat="22.3707893496" lon="114.2289616668"><ele>372.000</ele></trkpt>
      <trkpt lat="22.3707877538" lon="114.2289253720"><ele>370.000</ele></trkpt>
      <trkpt lat="22.3707891318" lon="114.2289088275"><ele>370.000</ele></trkpt>
      <trkpt lat="22.3707916560" lon="114.2288942641"><ele>370.000</ele></trkpt>
      <trkpt lat="22.3707939435" lon="114.2288856235"><ele>370.000</ele></trkpt>
      <trkpt lat="22.3707967002" lon="114.2288782162"><ele>370.000</ele></trkpt>
      <trkpt lat="22.3708033514" lon="114.2288636447"><ele>371.000</ele></trkpt>
      <trkpt lat="22.3708051870" lon="114.2288559942"><ele>371.000</ele></trkpt>
      <trkpt lat="22.3708065728" lon="114.2288431490"><ele>371.000</ele></trkpt>
      <trkpt lat="22.3708058802" lon="114.2288345073"><ele>371.000</ele></trkpt>
      <trkpt lat="22.3708035917" lon="114.2288182139"><ele>371.000</ele></trkpt>
      <trkpt lat="22.3707990007" lon="114.2288009292"><ele>371.000</ele></trkpt>
      <trkpt lat="22.3707937229" lon="114.2287853726"><ele>371.000</ele></trkpt>
      <trkpt lat="22.3707840892" lon="114.2287231504"><ele>371.000</ele></trkpt>
      <trkpt lat="22.3707801939" lon="114.2287046329"><ele>370.000</ele></trkpt>
      <trkpt lat="22.3707758372" lon="114.2286890766"><ele>370.000</ele></trkpt>
      <trkpt lat="22.3707714784" lon="114.2286796859"><ele>370.000</ele></trkpt>
      <trkpt lat="22.3707519732" lon="114.2286490645"><ele>368.000</ele></trkpt>
      <trkpt lat="22.3707464665" lon="114.2286431397"><ele>368.000</ele></trkpt>
      <trkpt lat="22.3707283492" lon="114.2286214128"><ele>368.000</ele></trkpt>
      <trkpt lat="22.3707054011" lon="114.2285979558"><ele>368.000</ele></trkpt>
      <trkpt lat="22.3707001291" lon="114.2285922738"><ele>368.000</ele></trkpt>
      <trkpt lat="22.3706948484" lon="114.2285853587"><ele>368.000</ele></trkpt>
      <trkpt lat="22.3706904976" lon="114.2285794342"><ele>368.000</ele></trkpt>
      <trkpt lat="22.3706861386" lon="114.2285707912"><ele>369.000</ele></trkpt>
      <trkpt lat="22.3706833779" lon="114.2285626439"><ele>369.000</ele></trkpt>
      <trkpt lat="22.3706792572" lon="114.2285428835"><ele>369.000</ele></trkpt>
      <trkpt lat="22.3706771852" lon="114.2285273281"><ele>369.000</ele></trkpt>
      <trkpt lat="22.3706710013" lon="114.2284925172"><ele>366.000</ele></trkpt>
      <trkpt lat="22.3706700826" lon="114.2284851085"><ele>366.000</ele></trkpt>
      <trkpt lat="22.3706698508" lon="114.2284757290"><ele>366.000</ele></trkpt>
      <trkpt lat="22.3706675535" lon="114.2284584452"><ele>366.000</ele></trkpt>
      <trkpt lat="22.3706673307" lon="114.2284493085"><ele>366.000</ele></trkpt>
      <trkpt lat="22.3706659522" lon="114.2284391809"><ele>366.000</ele></trkpt>
      <trkpt lat="22.3706654978" lon="114.2284199171"><ele>366.000</ele></trkpt>
      <trkpt lat="22.3706657297" lon="114.2284006632"><ele>366.000</ele></trkpt>
      <trkpt lat="22.3706664191" lon="114.2283910316"><ele>366.000</ele></trkpt>
      <trkpt lat="22.3706675589" lon="114.2283848568"><ele>366.000</ele></trkpt>
      <trkpt lat="22.3706682476" lon="114.2283774487"><ele>366.000</ele></trkpt>
      <trkpt lat="22.3706705438" lon="114.2283695557"><ele>366.000</ele></trkpt>
      <trkpt lat="22.3706758228" lon="114.2283535078"><ele>366.000</ele></trkpt>
      <trkpt lat="22.3706875239" lon="114.2283330056"><ele>366.000</ele></trkpt>
      <trkpt lat="22.3706985369" lon="114.2283177074"><ele>366.000</ele></trkpt>
      <trkpt lat="22.3707272197" lon="114.2282838803"><ele>366.000</ele></trkpt>
      <trkpt lat="22.3707414496" lon="114.2282621556"><ele>366.000</ele></trkpt>
      <trkpt lat="22.3707455791" lon="114.2282542536"><ele>366.000</ele></trkpt>
      <trkpt lat="22.3707485617" lon="114.2282463511"><ele>366.000</ele></trkpt>
      <trkpt lat="22.3707520046" lon="114.2282391868"><ele>366.000</ele></trkpt>
      <trkpt lat="22.3707552178" lon="114.2282302989"><ele>366.000</ele></trkpt>
      <trkpt lat="22.3707584310" lon="114.2282214110"><ele>366.000</ele></trkpt>
      <trkpt lat="22.3707604930" lon="114.2282117799"><ele>366.000</ele></trkpt>
      <trkpt lat="22.3707738085" lon="114.2281690726"><ele>367.000</ele></trkpt>
      <trkpt lat="22.3707811511" lon="114.2281382087"><ele>367.000</ele></trkpt>
      <trkpt lat="22.3707850522" lon="114.2281100622"><ele>368.000</ele></trkpt>
      <trkpt lat="22.3707873439" lon="114.2280878380"><ele>368.000</ele></trkpt>
      <trkpt lat="22.3707866569" lon="114.2280616608"><ele>368.000</ele></trkpt>
      <trkpt lat="22.3707848288" lon="114.2280453676"><ele>368.000</ele></trkpt>
      <trkpt lat="22.3707834494" lon="114.2280382014"><ele>369.000</ele></trkpt>
      <trkpt lat="22.3707806973" lon="114.2280312873"><ele>369.000</ele></trkpt>
      <trkpt lat="22.3707754169" lon="114.2280233915"><ele>369.000</ele></trkpt>
      <trkpt lat="22.3707708312" lon="114.2280177097"><ele>369.000</ele></trkpt>
      <trkpt lat="22.3707657848" lon="114.2280125230"><ele>369.000</ele></trkpt>
      <trkpt lat="22.3707540845" lon="114.2280021490"><ele>368.000</ele></trkpt>
      <trkpt lat="22.3707343577" lon="114.2279865968"><ele>368.000</ele></trkpt>
      <trkpt lat="22.3707277041" lon="114.2279804191"><ele>368.000</ele></trkpt>
      <trkpt lat="22.3707217372" lon="114.2279732610"><ele>368.000</ele></trkpt>
      <trkpt lat="22.3707143994" lon="114.2279606651"><ele>366.000</ele></trkpt>
      <trkpt lat="22.3707084329" lon="114.2279520214"><ele>366.000</ele></trkpt>
      <trkpt lat="22.3707024662" lon="114.2279443682"><ele>366.000</ele></trkpt>
      <trkpt lat="22.3706861808" lon="114.2279260986"><ele>366.000</ele></trkpt>
      <trkpt lat="22.3706737855" lon="114.2279147340"><ele>366.000</ele></trkpt>
      <trkpt lat="22.3706513050" lon="114.2278972001"><ele>364.000</ele></trkpt>
      <trkpt lat="22.3706386841" lon="114.2278853499"><ele>364.000</ele></trkpt>
      <trkpt lat="22.3706276705" lon="114.2278737430"><ele>364.000</ele></trkpt>
      <trkpt lat="22.3706155111" lon="114.2278586791"><ele>364.000</ele></trkpt>
      <trkpt lat="22.3706070265" lon="114.2278455876"><ele>364.000</ele></trkpt>
      <trkpt lat="22.3706029022" lon="114.2278371971"><ele>364.000</ele></trkpt>
      <trkpt lat="22.3705960172" lon="114.2278204068"><ele>364.000</ele></trkpt>
      <trkpt lat="22.3705937261" lon="114.2278120072"><ele>364.000</ele></trkpt>
      <trkpt lat="22.3705895963" lon="114.2277922566"><ele>364.000</ele></trkpt>
      <trkpt lat="22.3705877574" lon="114.2277816337"><ele>364.000</ele></trkpt>
      <trkpt lat="22.3705872997" lon="114.2277727493"><ele>364.000</ele></trkpt>
      <trkpt lat="22.3705893700" lon="114.2277364559"><ele>364.000</ele></trkpt>
      <trkpt lat="22.3705912001" lon="114.2277176881"><ele>364.000</ele></trkpt>
      <trkpt lat="22.3705925850" lon="114.2277073189"><ele>364.000</ele></trkpt>
      <trkpt lat="22.3705948729" lon="114.2276974451"><ele>364.000</ele></trkpt>
      <trkpt lat="22.3706006131" lon="114.2276789215"><ele>364.000</ele></trkpt>
      <trkpt lat="22.3706019881" lon="114.2276715136"><ele>364.000</ele></trkpt>
      <trkpt lat="22.3706047449" lon="114.2276633683"><ele>364.000</ele></trkpt>
      <trkpt lat="22.3706118598" lon="114.2276384272"><ele>364.000</ele></trkpt>
      <trkpt lat="22.3706143816" lon="114.2276312722"><ele>364.000</ele></trkpt>
      <trkpt lat="22.3706162172" lon="114.2276236120"><ele>364.000</ele></trkpt>
      <trkpt lat="22.3706208095" lon="114.2276080591"><ele>364.000</ele></trkpt>
      <trkpt lat="22.3706242531" lon="114.2275986809"><ele>362.000</ele></trkpt>
      <trkpt lat="22.3706279241" lon="114.2275841083"><ele>364.000</ele></trkpt>
      <trkpt lat="22.3706380186" lon="114.2275604110"><ele>364.000</ele></trkpt>
      <trkpt lat="22.3706407759" lon="114.2275510229"><ele>364.000</ele></trkpt>
      <trkpt lat="22.3706506361" lon="114.2275258400"><ele>364.000</ele></trkpt>
      <trkpt lat="22.3706575255" lon="114.2274996656"><ele>364.000</ele></trkpt>
      <trkpt lat="22.3706683069" lon="114.2274742403"><ele>364.000</ele></trkpt>
      <trkpt lat="22.3706728970" lon="114.2274660860"><ele>364.000</ele></trkpt>
      <trkpt lat="22.3706758794" lon="114.2274586787"><ele>364.000</ele></trkpt>
      <trkpt lat="22.3706839121" lon="114.2274441173"><ele>364.000</ele></trkpt>
      <trkpt lat="22.3706914847" lon="114.2274280702"><ele>364.000</ele></trkpt>
      <trkpt lat="22.3706965293" lon="114.2274102939"><ele>364.000</ele></trkpt>
      <trkpt lat="22.3707006633" lon="114.2273878179"><ele>364.000</ele></trkpt>
      <trkpt lat="22.3707018129" lon="114.2273789341"><ele>364.000</ele></trkpt>
      <trkpt lat="22.3707025057" lon="114.2273581948"><ele>364.000</ele></trkpt>
      <trkpt lat="22.3707034207" lon="114.2273488060"><ele>364.000</ele></trkpt>
      <trkpt lat="22.3707034230" lon="114.2273413977"><ele>364.000</ele></trkpt>
      <trkpt lat="22.3707048010" lon="114.2273243677"><ele>364.000</ele></trkpt>
      <trkpt lat="22.3707041112" lon="114.2273065893"><ele>362.000</ele></trkpt>
      <trkpt lat="22.3707022723" lon="114.2272957237"><ele>362.000</ele></trkpt>
      <trkpt lat="22.3707013630" lon="114.2272870819"><ele>362.000</ele></trkpt>
      <trkpt lat="22.3706997493" lon="114.2272781874"><ele>362.000</ele></trkpt>
      <trkpt lat="22.3706935605" lon="114.2272584360"><ele>362.000</ele></trkpt>
      <trkpt lat="22.3706917209" lon="114.2272500463"><ele>362.000</ele></trkpt>
      <trkpt lat="22.3706910368" lon="114.2272426377"><ele>362.000</ele></trkpt>
      <trkpt lat="22.3706921866" lon="114.2272335014"><ele>362.000</ele></trkpt>
      <trkpt lat="22.3706940225" lon="114.2272248606"><ele>362.000</ele></trkpt>
      <trkpt lat="22.3707004509" lon="114.2272001619"><ele>361.000</ele></trkpt>
      <trkpt lat="22.3707015910" lon="114.2271927637"><ele>361.000</ele></trkpt>
      <trkpt lat="22.3707043488" lon="114.2271816473"><ele>361.000</ele></trkpt>
      <trkpt lat="22.3707071054" lon="114.2271742399"><ele>361.000</ele></trkpt>
      <trkpt lat="22.3707183466" lon="114.2271510285"><ele>362.000</ele></trkpt>
      <trkpt lat="22.3707291711" lon="114.2271320891"><ele>362.000</ele></trkpt>
      <trkpt lat="22.3707320181" lon="114.2271243808"><ele>362.000</ele></trkpt>
      <trkpt lat="22.3707342515" lon="114.2271152255"><ele>364.000</ele></trkpt>
      <trkpt lat="22.3707353465" lon="114.2271078078"><ele>364.000</ele></trkpt>
      <trkpt lat="22.3707350513" lon="114.2270986710"><ele>364.000</ele></trkpt>
      <trkpt lat="22.3707333832" lon="114.2270902911"><ele>364.000</ele></trkpt>
      <trkpt lat="22.3707314333" lon="114.2270854318"><ele>364.000</ele></trkpt>
      <trkpt lat="22.3707263719" lon="114.2270728212"><ele>364.000</ele></trkpt>
      <trkpt lat="22.3707240265" lon="114.2270649362"><ele>364.000</ele></trkpt>
      <trkpt lat="22.3707235140" lon="114.2270575277"><ele>364.000</ele></trkpt>
      <trkpt lat="22.3707232717" lon="114.2270236996"><ele>364.000</ele></trkpt>
      <trkpt lat="22.3707211518" lon="114.2270160672"><ele>364.000</ele></trkpt>
      <trkpt lat="22.3707181198" lon="114.2270089296"><ele>364.000</ele></trkpt>
      <trkpt lat="22.3707106826" lon="114.2269961492"><ele>364.000</ele></trkpt>
      <trkpt lat="22.3707058172" lon="114.2269895255"><ele>364.000</ele></trkpt>
      <trkpt lat="22.3706995791" lon="114.2269829111"><ele>364.000</ele></trkpt>
      <trkpt lat="22.3706864247" lon="114.2269731484"><ele>364.000</ele></trkpt>
      <trkpt lat="22.3706645301" lon="114.2269587607"><ele>364.000</ele></trkpt>
      <trkpt lat="22.3706405673" lon="114.2269448870"><ele>364.000</ele></trkpt>
      <trkpt lat="22.3706121997" lon="114.2269246325"><ele>364.000</ele></trkpt>
      <trkpt lat="22.3705893406" lon="114.2269043314"><ele>364.000</ele></trkpt>
      <trkpt lat="22.3705528323" lon="114.2268683349"><ele>364.000</ele></trkpt>
      <trkpt lat="22.3705214412" lon="114.2268421760"><ele>363.000</ele></trkpt>
      <trkpt lat="22.3705133697" lon="114.2268363183"><ele>363.000</ele></trkpt>
      <trkpt lat="22.3705059932" lon="114.2268316939"><ele>363.000</ele></trkpt>
      <trkpt lat="22.3704834119" lon="114.2268183062"><ele>362.000</ele></trkpt>
      <trkpt lat="22.3704769651" lon="114.2268151483"><ele>362.000</ele></trkpt>
      <trkpt lat="22.3704695976" lon="114.2268107667"><ele>362.000</ele></trkpt>
      <trkpt lat="22.3704606052" lon="114.2268041707"><ele>362.000</ele></trkpt>
      <trkpt lat="22.3704441929" lon="114.2267872703"><ele>361.000</ele></trkpt>
      <trkpt lat="22.3704321854" lon="114.2267770031"><ele>361.000</ele></trkpt>
      <trkpt lat="22.3704181278" lon="114.2267677352"><ele>362.000</ele></trkpt>
      <trkpt lat="22.3703951033" lon="114.2267568232"><ele>362.000</ele></trkpt>
      <trkpt lat="22.3703891080" lon="114.2267534130"><ele>362.000</ele></trkpt>
      <trkpt lat="22.3703667358" lon="114.2267358212"><ele>362.000</ele></trkpt>
      <trkpt lat="22.3703609665" lon="114.2267319159"><ele>362.000</ele></trkpt>
      <trkpt lat="22.3703545109" lon="114.2267277774"><ele>364.000</ele></trkpt>
      <trkpt lat="22.3703482230" lon="114.2267247749"><ele>364.000</ele></trkpt>
      <trkpt lat="22.3703397753" lon="114.2267207424"><ele>364.000</ele></trkpt>
      <trkpt lat="22.3703321816" lon="114.2267175938"><ele>364.000</ele></trkpt>
      <trkpt lat="22.3703241360" lon="114.2267154355"><ele>364.000</ele></trkpt>
      <trkpt lat="22.3702899033" lon="114.2267088111"><ele>364.000</ele></trkpt>
      <trkpt lat="22.3702595892" lon="114.2267041301"><ele>364.000</ele></trkpt>
      <trkpt lat="22.3702423685" lon="114.2267025510"><ele>364.000</ele></trkpt>
      <trkpt lat="22.3702329587" lon="114.2267023826"><ele>364.000</ele></trkpt>
      <trkpt lat="22.3702077358" lon="114.2267045679"><ele>364.000</ele></trkpt>
      <trkpt lat="22.3701997250" lon="114.2267066138"><ele>364.000</ele></trkpt>
      <trkpt lat="22.3701874933" lon="114.2267093019"><ele>364.000</ele></trkpt>
      <trkpt lat="22.3701653342" lon="114.2267121117"><ele>364.000</ele></trkpt>
      <trkpt lat="22.3701356821" lon="114.2267187686"><ele>364.000</ele></trkpt>
      <trkpt lat="22.3701159679" lon="114.2267264690"><ele>364.000</ele></trkpt>
      <trkpt lat="22.3700962525" lon="114.2267380220"><ele>363.000</ele></trkpt>
      <trkpt lat="22.3700747422" lon="114.2267572818"><ele>363.000</ele></trkpt>
      <trkpt lat="22.3700424787" lon="114.2267810333"><ele>360.000</ele></trkpt>
      <trkpt lat="22.3700143988" lon="114.2267996480"><ele>360.000</ele></trkpt>
      <trkpt lat="22.3699731772" lon="114.2268169734"><ele>361.000</ele></trkpt>
      <trkpt lat="22.3699391250" lon="114.2268310915"><ele>361.000</ele></trkpt>
      <trkpt lat="22.3699002958" lon="114.2268387840"><ele>362.000</ele></trkpt>
      <trkpt lat="22.3698644540" lon="114.2268432667"><ele>362.000</ele></trkpt>
      <trkpt lat="22.3698250285" lon="114.2268490326"><ele>364.000</ele></trkpt>
      <trkpt lat="22.3697951593" lon="114.2268573711"><ele>365.000</ele></trkpt>
      <trkpt lat="22.3697605098" lon="114.2268695616"><ele>365.000</ele></trkpt>
      <trkpt lat="22.3697276534" lon="114.2268804681"><ele>364.000</ele></trkpt>
      <trkpt lat="22.3696977859" lon="114.2268830266"><ele>364.000</ele></trkpt>
      <trkpt lat="22.3696661262" lon="114.2268842998"><ele>364.000</ele></trkpt>
      <trkpt lat="22.3696398460" lon="114.2268772258"><ele>364.000</ele></trkpt>
      <trkpt lat="22.3696201373" lon="114.2268669423"><ele>366.000</ele></trkpt>
      <trkpt lat="22.3695628043" lon="114.2268315989"><ele>366.000</ele></trkpt>
      <trkpt lat="22.3695060693" lon="114.2267956129"><ele>368.000</ele></trkpt>
      <trkpt lat="22.3694600818" lon="114.2267705491"><ele>368.000</ele></trkpt>
      <trkpt lat="22.3694385809" lon="114.2267621923"><ele>368.000</ele></trkpt>
      <trkpt lat="22.3694272321" lon="114.2267596201"><ele>368.000</ele></trkpt>
      <trkpt lat="22.3694099099" lon="114.2267589711"><ele>368.000</ele></trkpt>
      <trkpt lat="22.3693973632" lon="114.2267666740"><ele>368.000</ele></trkpt>
      <trkpt lat="22.3693866069" lon="114.2267814411"><ele>368.000</ele></trkpt>
      <trkpt lat="22.3693758475" lon="114.2268032738"><ele>368.000</ele></trkpt>
      <trkpt lat="22.3693674765" lon="114.2268315291"><ele>368.000</ele></trkpt>
      <trkpt lat="22.3693561196" lon="114.2268552879"><ele>370.000</ele></trkpt>
      <trkpt lat="22.3693393874" lon="114.2268771184"><ele>368.000</ele></trkpt>
      <trkpt lat="22.3693196696" lon="114.2268963778"><ele>368.000</ele></trkpt>
      <trkpt lat="22.3693029392" lon="114.2269124283"><ele>368.000</ele></trkpt>
      <trkpt lat="22.3692790420" lon="114.2269259061"><ele>368.000</ele></trkpt>
      <trkpt lat="22.3692485743" lon="114.2269361717"><ele>369.000</ele></trkpt>
      <trkpt lat="22.3692228875" lon="114.2269432270"><ele>370.000</ele></trkpt>
      <trkpt lat="22.3691977972" lon="114.2269483563"><ele>370.000</ele></trkpt>
      <trkpt lat="22.3691733054" lon="114.2269515584"><ele>370.000</ele></trkpt>
      <trkpt lat="22.3691422453" lon="114.2269502628"><ele>370.000</ele></trkpt>
      <trkpt lat="22.3691213390" lon="114.2269464016"><ele>370.000</ele></trkpt>
      <trkpt lat="22.3690992393" lon="114.2269412564"><ele>370.000</ele></trkpt>
      <trkpt lat="22.3690825151" lon="114.2269399659"><ele>370.000</ele></trkpt>
      <trkpt lat="22.3690651914" lon="114.2269412443"><ele>370.000</ele></trkpt>
      <trkpt lat="22.3690478667" lon="114.2269489444"><ele>370.000</ele></trkpt>
      <trkpt lat="22.3690215810" lon="114.2269592114"><ele>371.000</ele></trkpt>
      <trkpt lat="22.3689976855" lon="114.2269643401"><ele>371.000</ele></trkpt>
      <trkpt lat="22.3689833496" lon="114.2269643350"><ele>371.000</ele></trkpt>
      <trkpt lat="22.3689672229" lon="114.2269611183"><ele>371.000</ele></trkpt>
      <trkpt lat="22.3689516956" lon="114.2269501946"><ele>370.000</ele></trkpt>
      <trkpt lat="22.3689373646" lon="114.2269341340"><ele>370.000</ele></trkpt>
      <trkpt lat="22.3689284112" lon="114.2269122943"><ele>372.000</ele></trkpt>
      <trkpt lat="22.3689182661" lon="114.2268808206"><ele>372.000</ele></trkpt>
      <trkpt lat="22.3689057318" lon="114.2268512734"><ele>372.000</ele></trkpt>
      <trkpt lat="22.3688955845" lon="114.2268268652"><ele>372.000</ele></trkpt>
      <trkpt lat="22.3688812541" lon="114.2268088773"><ele>373.000</ele></trkpt>
      <trkpt lat="22.3688609504" lon="114.2267896027"><ele>372.000</ele></trkpt>
      <trkpt lat="22.3688406437" lon="114.2267799618"><ele>372.000</ele></trkpt>
      <trkpt lat="22.3688215299" lon="114.2267793132"><ele>372.000</ele></trkpt>
      <trkpt lat="22.3688036077" lon="114.2267857286"><ele>372.000</ele></trkpt>
      <trkpt lat="22.3687862802" lon="114.2268024206"><ele>372.000</ele></trkpt>
      <trkpt lat="22.3687659647" lon="114.2268210379"><ele>372.000</ele></trkpt>
      <trkpt lat="22.3687366908" lon="114.2268345148"><ele>371.000</ele></trkpt>
      <trkpt lat="22.3687110041" lon="114.2268409284"><ele>372.000</ele></trkpt>
      <trkpt lat="22.3686799423" lon="114.2268422018"><ele>372.000</ele></trkpt>
      <trkpt lat="22.3686447019" lon="114.2268351247"><ele>372.000</ele></trkpt>
      <trkpt lat="22.3686190213" lon="114.2268190591"><ele>374.000</ele></trkpt>
      <trkpt lat="22.3686076773" lon="114.2268010723"><ele>374.000</ele></trkpt>
      <trkpt lat="22.3685993226" lon="114.2267766648"><ele>374.000</ele></trkpt>
      <trkpt lat="22.3685897817" lon="114.2267214287"><ele>374.000</ele></trkpt>
      <trkpt lat="22.3685862158" lon="114.2266649111"><ele>374.000</ele></trkpt>
      <trkpt lat="22.3685862290" lon="114.2266218811"><ele>374.000</ele></trkpt>
      <trkpt lat="22.3685844442" lon="114.2265968332"><ele>374.000</ele></trkpt>
      <trkpt lat="22.3685826586" lon="114.2265769235"><ele>376.000</ele></trkpt>
      <trkpt lat="22.3685742984" lon="114.2265672869"><ele>376.000</ele></trkpt>
      <trkpt lat="22.3685617568" lon="114.2265615025"><ele>376.000</ele></trkpt>
      <trkpt lat="22.3685444349" lon="114.2265570009"><ele>373.000</ele></trkpt>
      <trkpt lat="22.3685151650" lon="114.2265602014"><ele>373.000</ele></trkpt>
      <trkpt lat="22.3684870892" lon="114.2265627605"><ele>372.000</ele></trkpt>
      <trkpt lat="22.3684679742" lon="114.2265659646"><ele>372.000</ele></trkpt>
      <trkpt lat="22.3684440806" lon="114.2265646716"><ele>373.000</ele></trkpt>
      <trkpt lat="22.3684195924" lon="114.2265563138"><ele>373.000</ele></trkpt>
      <trkpt lat="22.3684040658" lon="114.2265428220"><ele>372.000</ele></trkpt>
      <trkpt lat="22.3683969046" lon="114.2265222676"><ele>374.000</ele></trkpt>
      <trkpt lat="22.3683921331" lon="114.2264978605"><ele>374.000</ele></trkpt>
      <trkpt lat="22.3683867637" lon="114.2264766650"><ele>375.000</ele></trkpt>
      <trkpt lat="22.3683790037" lon="114.2264593223"><ele>375.000</ele></trkpt>
      <trkpt lat="22.3683652689" lon="114.2264483993"><ele>373.000</ele></trkpt>
      <trkpt lat="22.3683425723" lon="114.2264400422"><ele>373.000</ele></trkpt>
      <trkpt lat="22.3683186799" lon="114.2264381074"><ele>372.000</ele></trkpt>
      <trkpt lat="22.3682912035" lon="114.2264355285"><ele>374.000</ele></trkpt>
      <trkpt lat="22.3682583522" lon="114.2264265251"><ele>374.000</ele></trkpt>
      <trkpt lat="22.3682069850" lon="114.2264168742"><ele>374.000</ele></trkpt>
      <trkpt lat="22.3681717446" lon="114.2264097972"><ele>374.000</ele></trkpt>
      <trkpt lat="22.3681424756" lon="114.2264072178"><ele>374.000</ele></trkpt>
      <trkpt lat="22.3681138030" lon="114.2264091340"><ele>374.000</ele></trkpt>
      <trkpt lat="22.3680911042" lon="114.2264110522"><ele>374.000</ele></trkpt>
      <trkpt lat="22.3680618340" lon="114.2264123264"><ele>374.000</ele></trkpt>
      <trkpt lat="22.3680343592" lon="114.2264046104"><ele>374.000</ele></trkpt>
      <trkpt lat="22.3679979273" lon="114.2263866149"><ele>372.000</ele></trkpt>
      <trkpt lat="22.3679716510" lon="114.2263666966"><ele>372.000</ele></trkpt>
      <trkpt lat="22.3679423853" lon="114.2263531990"><ele>372.000</ele></trkpt>
      <trkpt lat="22.3679131211" lon="114.2263377751"><ele>370.000</ele></trkpt>
      <trkpt lat="22.3678874389" lon="114.2263268479"><ele>370.000</ele></trkpt>
      <trkpt lat="22.3678611627" lon="114.2263062878"><ele>370.000</ele></trkpt>
      <trkpt lat="22.3678348862" lon="114.2262837995"><ele>368.000</ele></trkpt>
      <trkpt lat="22.3678115951" lon="114.2262677360"><ele>368.000</ele></trkpt>
      <trkpt lat="22.3677906957" lon="114.2262439660"><ele>368.000</ele></trkpt>
      <trkpt lat="22.3677668098" lon="114.2262208368"><ele>366.000</ele></trkpt>
      <trkpt lat="22.3677339653" lon="114.2261925672"><ele>366.000</ele></trkpt>
      <trkpt lat="22.3676897750" lon="114.2261520910"><ele>366.000</ele></trkpt>
      <trkpt lat="22.3676485692" lon="114.2261173958"><ele>364.000</ele></trkpt>
      <trkpt lat="22.3676145316" lon="114.2260839877"><ele>362.000</ele></trkpt>
      <trkpt lat="22.3675810877" lon="114.2260608562"><ele>362.000</ele></trkpt>
      <trkpt lat="22.3675524222" lon="114.2260396526"><ele>360.000</ele></trkpt>
      <trkpt lat="22.3675273397" lon="114.2260223030"><ele>360.000</ele></trkpt>
      <trkpt lat="22.3675028538" lon="114.2260062391"><ele>360.000</ele></trkpt>
      <trkpt lat="22.3674801608" lon="114.2259856795"><ele>360.000</ele></trkpt>
      <trkpt lat="22.3674652352" lon="114.2259619117"><ele>360.000</ele></trkpt>
      <trkpt lat="22.3674521013" lon="114.2259375018"><ele>360.000</ele></trkpt>
      <trkpt lat="22.3674407570" lon="114.2259201580"><ele>360.000</ele></trkpt>
      <trkpt lat="22.3674103026" lon="114.2258867513"><ele>360.000</ele></trkpt>
      <trkpt lat="22.3673792502" lon="114.2258597670"><ele>360.000</ele></trkpt>
      <trkpt lat="22.3673392382" lon="114.2258282842"><ele>358.000</ele></trkpt>
      <trkpt lat="22.3672962410" lon="114.2257929458"><ele>356.000</ele></trkpt>
      <trkpt lat="22.3672574247" lon="114.2257582517"><ele>356.000</ele></trkpt>
      <trkpt lat="22.3672305506" lon="114.2257376916"><ele>354.000</ele></trkpt>
      <trkpt lat="22.3672018827" lon="114.2257241945"><ele>354.000</ele></trkpt>
      <trkpt lat="22.3671672405" lon="114.2257126225"><ele>354.000</ele></trkpt>
      <trkpt lat="22.3671367808" lon="114.2256997675"><ele>352.000</ele></trkpt>
      <trkpt lat="22.3671134870" lon="114.2256920521"><ele>352.000</ele></trkpt>
      <trkpt lat="22.3671003464" lon="114.2256901212"><ele>352.000</ele></trkpt>
      <trkpt lat="22.3670812301" lon="114.2256946100"><ele>352.000</ele></trkpt>
      <trkpt lat="22.3670537492" lon="114.2257068030"><ele>350.000</ele></trkpt>
      <trkpt lat="22.3670292547" lon="114.2257189961"><ele>352.000</ele></trkpt>
      <trkpt lat="22.3670083442" lon="114.2257318341"><ele>349.000</ele></trkpt>
      <trkpt lat="22.3669772758" lon="114.2257549430"><ele>349.000</ele></trkpt>
      <trkpt lat="22.3669515847" lon="114.2257761274"><ele>347.000</ele></trkpt>
      <trkpt lat="22.3669282814" lon="114.2257998816"><ele>347.000</ele></trkpt>
      <trkpt lat="22.3669055764" lon="114.2258191408"><ele>347.000</ele></trkpt>
      <trkpt lat="22.3668942239" lon="114.2258287703"><ele>347.000</ele></trkpt>
      <trkpt lat="22.3668786923" lon="114.2258319757"><ele>346.000</ele></trkpt>
      <trkpt lat="22.3668613716" lon="114.2258261897"><ele>346.000</ele></trkpt>
      <trkpt lat="22.3668344938" lon="114.2258178314"><ele>346.000</ele></trkpt>
      <trkpt lat="22.3668046293" lon="114.2258107565"><ele>346.000</ele></trkpt>
      <trkpt lat="22.3667831271" lon="114.2258062536"><ele>346.000</ele></trkpt>
      <trkpt lat="22.3667646123" lon="114.2257985399"><ele>346.000</ele></trkpt>
      <trkpt lat="22.3667443058" lon="114.2257882575"><ele>346.000</ele></trkpt>
      <trkpt lat="22.3667317655" lon="114.2257747660"><ele>346.000</ele></trkpt>
      <trkpt lat="22.3667204221" lon="114.2257574223"><ele>346.000</ele></trkpt>
      <trkpt lat="22.3667072894" lon="114.2257291599"><ele>346.000</ele></trkpt>
      <trkpt lat="22.3666929648" lon="114.2256912636"><ele>348.000</ele></trkpt>
      <trkpt lat="22.3666756534" lon="114.2256520818"><ele>348.000</ele></trkpt>
      <trkpt lat="22.3666583413" lon="114.2256180371"><ele>348.000</ele></trkpt>
      <trkpt lat="22.3666434144" lon="114.2255949123"><ele>348.000</ele></trkpt>
      <trkpt lat="22.3666302778" lon="114.2255794943"><ele>348.000</ele></trkpt>
      <trkpt lat="22.3666171405" lon="114.2255666444"><ele>348.000</ele></trkpt>
      <trkpt lat="22.3665974323" lon="114.2255544359"><ele>348.000</ele></trkpt>
      <trkpt lat="22.3665693607" lon="114.2255428654"><ele>348.000</ele></trkpt>
      <trkpt lat="22.3665388996" lon="114.2255345058"><ele>348.000</ele></trkpt>
      <trkpt lat="22.3665108267" lon="114.2255274316"><ele>350.000</ele></trkpt>
      <trkpt lat="22.3664791708" lon="114.2255190716"><ele>350.000</ele></trkpt>
      <trkpt lat="22.3664582669" lon="114.2255100736"><ele>350.000</ele></trkpt>
      <trkpt lat="22.3664385595" lon="114.2254952952"><ele>350.000</ele></trkpt>
      <trkpt lat="22.3664260202" lon="114.2254785929"><ele>350.000</ele></trkpt>
      <trkpt lat="22.3664134797" lon="114.2254657442"><ele>350.000</ele></trkpt>
      <trkpt lat="22.3663913817" lon="114.2254548185"><ele>352.000</ele></trkpt>
      <trkpt lat="22.3663692829" lon="114.2254464629"><ele>351.000</ele></trkpt>
      <trkpt lat="22.3663441957" lon="114.2254445269"><ele>351.000</ele></trkpt>
      <trkpt lat="22.3663143280" lon="114.2254477273"><ele>350.000</ele></trkpt>
      <trkpt lat="22.3662940178" lon="114.2254496476"><ele>350.000</ele></trkpt>
      <trkpt lat="22.3662790856" lon="114.2254470733"><ele>350.000</ele></trkpt>
      <trkpt lat="22.3662438461" lon="114.2254367858"><ele>350.000</ele></trkpt>
      <trkpt lat="22.3661990497" lon="114.2254232832"><ele>350.000</ele></trkpt>
      <trkpt lat="22.3661572415" lon="114.2254065708"><ele>350.000</ele></trkpt>
      <trkpt lat="22.3661243940" lon="114.2253879343"><ele>350.000</ele></trkpt>
      <trkpt lat="22.3660760157" lon="114.2253692933"><ele>350.000</ele></trkpt>
      <trkpt lat="22.3660383875" lon="114.2253564360"><ele>352.000</ele></trkpt>
      <trkpt lat="22.3660127037" lon="114.2253506472"><ele>351.000</ele></trkpt>
      <trkpt lat="22.3659923971" lon="114.2253403649"><ele>351.000</ele></trkpt>
      <trkpt lat="22.3659732880" lon="114.2253236595"><ele>348.000</ele></trkpt>
      <trkpt lat="22.3659505929" lon="114.2253101655"><ele>349.000</ele></trkpt>
      <trkpt lat="22.3659237159" lon="114.2252992383"><ele>347.000</ele></trkpt>
      <trkpt lat="22.3658998238" lon="114.2252960192"><ele>347.000</ele></trkpt>
      <trkpt lat="22.3658735419" lon="114.2252940838"><ele>346.000</ele></trkpt>
      <trkpt lat="22.3658520390" lon="114.2252889382"><ele>346.000</ele></trkpt>
      <trkpt lat="22.3658209793" lon="114.2252831476"><ele>346.000</ele></trkpt>
      <trkpt lat="22.3657976851" lon="114.2252799277"><ele>346.000</ele></trkpt>
      <trkpt lat="22.3657755827" lon="114.2252805628"><ele>346.000</ele></trkpt>
      <trkpt lat="22.3657481062" lon="114.2252779843"><ele>348.000</ele></trkpt>
      <trkpt lat="22.3657212282" lon="114.2252734796"><ele>348.000</ele></trkpt>
      <trkpt lat="22.3656943509" lon="114.2252631951"><ele>348.000</ele></trkpt>
      <trkpt lat="22.3656734470" lon="114.2252541962"><ele>348.000</ele></trkpt>
      <trkpt lat="22.3656507502" lon="114.2252464813"><ele>348.000</ele></trkpt>
      <trkpt lat="22.3656286505" lon="114.2252406938"><ele>348.000</ele></trkpt>
      <trkpt lat="22.3656167046" lon="114.2252387633"><ele>348.000</ele></trkpt>
      <trkpt lat="22.3655963978" lon="114.2252323337"><ele>348.000</ele></trkpt>
      <trkpt lat="22.3655701174" lon="114.2252220494"><ele>348.000</ele></trkpt>
      <trkpt lat="22.3655306956" lon="114.2252156132"><ele>349.000</ele></trkpt>
      <trkpt lat="22.3654978439" lon="114.2252111065"><ele>349.000</ele></trkpt>
      <trkpt lat="22.3654643941" lon="114.2252072423"><ele>350.000</ele></trkpt>
      <trkpt lat="22.3654422937" lon="114.2252040229"><ele>350.000</ele></trkpt>
      <trkpt lat="22.3654136239" lon="114.2251969486"><ele>354.000</ele></trkpt>
      <trkpt lat="22.3653807736" lon="114.2251873039"><ele>355.000</ele></trkpt>
      <trkpt lat="22.3653532995" lon="114.2251770192"><ele>355.000</ele></trkpt>
      <trkpt lat="22.3653222407" lon="114.2251680168"><ele>354.000</ele></trkpt>
      <trkpt lat="22.3652983481" lon="114.2251635132"><ele>354.000</ele></trkpt>
      <trkpt lat="22.3652726633" lon="114.2251609353"><ele>354.000</ele></trkpt>
      <trkpt lat="22.3652463797" lon="114.2251647798"><ele>352.000</ele></trkpt>
      <trkpt lat="22.3652093438" lon="114.2251673361"><ele>352.000</ele></trkpt>
      <trkpt lat="22.3651848541" lon="114.2251666859"><ele>352.000</ele></trkpt>
      <trkpt lat="22.3651531961" lon="114.2251653894"><ele>354.000</ele></trkpt>
      <trkpt lat="22.3651287074" lon="114.2251583176"><ele>354.000</ele></trkpt>
      <trkpt lat="22.3650958572" lon="114.2251454611"><ele>356.000</ele></trkpt>
      <trkpt lat="22.3650725669" lon="114.2251261872"><ele>358.000</ele></trkpt>
      <trkpt lat="22.3650534564" lon="114.2251139782"><ele>358.000</ele></trkpt>
      <trkpt lat="22.3650301661" lon="114.2250947034"><ele>358.000</ele></trkpt>
      <trkpt lat="22.3650056791" lon="114.2250818507"><ele>359.000</ele></trkpt>
      <trkpt lat="22.3649764149" lon="114.2250632166"><ele>360.000</ele></trkpt>
      <trkpt lat="22.3649567066" lon="114.2250510074"><ele>360.000</ele></trkpt>
      <trkpt lat="22.3649405822" lon="114.2250400840"><ele>360.000</ele></trkpt>
      <trkpt lat="22.3649190853" lon="114.2250150299"><ele>362.000</ele></trkpt>
      <trkpt lat="22.3648969916" lon="114.2249893340"><ele>362.000</ele></trkpt>
      <trkpt lat="22.3648695237" lon="114.2249578553"><ele>362.000</ele></trkpt>
      <trkpt lat="22.3648480269" lon="114.2249353704"><ele>360.000</ele></trkpt>
      <trkpt lat="22.3648307114" lon="114.2249090333"><ele>361.000</ele></trkpt>
      <trkpt lat="22.3648127993" lon="114.2248846233"><ele>361.000</ele></trkpt>
      <trkpt lat="22.3647972761" lon="114.2248595714"><ele>364.000</ele></trkpt>
      <trkpt lat="22.3647823462" lon="114.2248460794"><ele>364.000</ele></trkpt>
      <trkpt lat="22.3647626388" lon="114.2248313021"><ele>366.000</ele></trkpt>
      <trkpt lat="22.3647363614" lon="114.2248139527"><ele>369.000</ele></trkpt>
      <trkpt lat="22.3647112808" lon="114.2247869712"><ele>370.000</ele></trkpt>
      <trkpt lat="22.3646736618" lon="114.2247426450"><ele>372.000</ele></trkpt>
      <trkpt lat="22.3646348482" lon="114.2247008875"><ele>371.000</ele></trkpt>
      <trkpt lat="22.3646073790" lon="114.2246706944"><ele>368.000</ele></trkpt>
      <trkpt lat="22.3645900622" lon="114.2246520636"><ele>368.000</ele></trkpt>
      <trkpt lat="22.3645727436" lon="114.2246392135"><ele>369.000</ele></trkpt>
      <trkpt lat="22.3645542305" lon="114.2246225095"><ele>369.000</ele></trkpt>
      <trkpt lat="22.3645428867" lon="114.2246058079"><ele>369.000</ele></trkpt>
      <trkpt lat="22.3645327393" lon="114.2245807579"><ele>372.000</ele></trkpt>
      <trkpt lat="22.3645184110" lon="114.2245544229"><ele>374.000</ele></trkpt>
      <trkpt lat="22.3645016943" lon="114.2245248744"><ele>374.000</ele></trkpt>
      <trkpt lat="22.3644855755" lon="114.2244946853"><ele>374.000</ele></trkpt>
      <trkpt lat="22.3644640839" lon="114.2244510065"><ele>376.000</ele></trkpt>
      <trkpt lat="22.3644467693" lon="114.2244246706"><ele>378.000</ele></trkpt>
      <trkpt lat="22.3644252732" lon="114.2243964050"><ele>378.000</ele></trkpt>
      <trkpt lat="22.3644133312" lon="114.2243809878"><ele>378.000</ele></trkpt>
      <trkpt lat="22.3643995999" lon="114.2243546530"><ele>378.000</ele></trkpt>
      <trkpt lat="22.3643888524" lon="114.2243398780"><ele>380.000</ele></trkpt>
      <trkpt lat="22.3643703376" lon="114.2243321646"><ele>380.000</ele></trkpt>
      <trkpt lat="22.3643315174" lon="114.2243096740"><ele>383.000</ele></trkpt>
      <trkpt lat="22.3643124079" lon="114.2242910436"><ele>384.000</ele></trkpt>
      <trkpt lat="22.3642885183" lon="114.2242794758"><ele>386.000</ele></trkpt>
      <trkpt lat="22.3642688088" lon="114.2242711203"><ele>386.000</ele></trkpt>
      <trkpt lat="22.3642544768" lon="114.2242576286"><ele>388.000</ele></trkpt>
      <trkpt lat="22.3642425327" lon="114.2242492757"><ele>388.000</ele></trkpt>
      <trkpt lat="22.3642335755" lon="114.2242396394"><ele>388.000</ele></trkpt>
      <trkpt lat="22.3642180521" lon="114.2242145876"><ele>388.000</ele></trkpt>
      <trkpt lat="22.3642120823" lon="114.2242010987"><ele>391.000</ele></trkpt>
      <trkpt lat="22.3642096964" lon="114.2241888965"><ele>391.000</ele></trkpt>
      <trkpt lat="22.3642097009" lon="114.2241734834"><ele>391.000</ele></trkpt>
      <trkpt lat="22.3642109005" lon="114.2241567861"><ele>391.000</ele></trkpt>
      <trkpt lat="22.3642073236" lon="114.2241317385"><ele>391.000</ele></trkpt>
      <trkpt lat="22.3642007583" lon="114.2241137541"><ele>391.000</ele></trkpt>
      <trkpt lat="22.3641864271" lon="114.2240970516"><ele>392.000</ele></trkpt>
      <trkpt lat="22.3641768774" lon="114.2240720019"><ele>392.000</ele></trkpt>
      <trkpt lat="22.3641750946" lon="114.2240418177"><ele>394.000</ele></trkpt>
      <trkpt lat="22.3641751017" lon="114.2240174130"><ele>394.000</ele></trkpt>
      <trkpt lat="22.3641739189" lon="114.2239981207"><ele>396.000</ele></trkpt>
      <trkpt lat="22.3641730083" lon="114.2239835947"><ele>396.000</ele></trkpt>
      <trkpt lat="22.3641740119" lon="114.2239795890"><ele>396.000</ele></trkpt>
      <trkpt lat="22.3641820919" lon="114.2239566492"><ele>398.000</ele></trkpt>
      <trkpt lat="22.3641885535" lon="114.2239401363"><ele>398.000</ele></trkpt>
      <trkpt lat="22.3641906328" lon="114.2239324862"><ele>398.000</ele></trkpt>
      <trkpt lat="22.3641908789" lon="114.2239245928"><ele>398.000</ele></trkpt>
      <trkpt lat="22.3641904389" lon="114.2239159516"><ele>398.000</ele></trkpt>
      <trkpt lat="22.3641877050" lon="114.2239077951"><ele>398.000</ele></trkpt>
      <trkpt lat="22.3641829031" lon="114.2238998806"><ele>398.000</ele></trkpt>
      <trkpt lat="22.3641755925" lon="114.2238855475"><ele>398.000</ele></trkpt>
      <trkpt lat="22.3641721727" lon="114.2238759150"><ele>398.000</ele></trkpt>
      <trkpt lat="22.3641712719" lon="114.2238682542"><ele>402.000</ele></trkpt>
      <trkpt lat="22.3641735975" lon="114.2238519729"><ele>400.000</ele></trkpt>
      <trkpt lat="22.3641736178" lon="114.2238443222"><ele>400.000</ele></trkpt>
      <trkpt lat="22.3641750219" lon="114.2238290212"><ele>400.000</ele></trkpt>
      <trkpt lat="22.3641743468" lon="114.2238216129"><ele>400.000</ele></trkpt>
      <trkpt lat="22.3641702515" lon="114.2238058052"><ele>404.000</ele></trkpt>
      <trkpt lat="22.3641654496" lon="114.2237976480"><ele>404.000</ele></trkpt>
      <trkpt lat="22.3641585884" lon="114.2237907134"><ele>404.000</ele></trkpt>
      <trkpt lat="22.3641517088" lon="114.2237850216"><ele>404.000</ele></trkpt>
      <trkpt lat="22.3641448382" lon="114.2237795725"><ele>404.000</ele></trkpt>
      <trkpt lat="22.3641379672" lon="114.2237751137"><ele>404.000</ele></trkpt>
      <trkpt lat="22.3641313319" lon="114.2237676841"><ele>404.000</ele></trkpt>
      <trkpt lat="22.3641249228" lon="114.2237587884"><ele>408.000</ele></trkpt>
      <trkpt lat="22.3641217282" lon="114.2237511269"><ele>408.000</ele></trkpt>
      <trkpt lat="22.3641201410" lon="114.2237437183"><ele>408.000</ele></trkpt>
      <trkpt lat="22.3641192515" lon="114.2237281641"><ele>408.000</ele></trkpt>
      <trkpt lat="22.3641167435" lon="114.2237192698"><ele>408.000</ele></trkpt>
      <trkpt lat="22.3641096475" lon="114.2237123351"><ele>409.000</ele></trkpt>
      <trkpt lat="22.3640878686" lon="114.2237029004"><ele>409.000</ele></trkpt>
      <trkpt lat="22.3640800866" lon="114.2236949752"><ele>412.000</ele></trkpt>
      <trkpt lat="22.3640704723" lon="114.2236838454"><ele>412.000</ele></trkpt>
      <trkpt lat="22.3640673569" lon="114.2236740119"><ele>412.000</ele></trkpt>
      <trkpt lat="22.3640629567" lon="114.2236601236"><ele>413.000</ele></trkpt>
      <trkpt lat="22.3640547569" lon="114.2236290033"><ele>413.000</ele></trkpt>
      <trkpt lat="22.3640490542" lon="114.2236131951"><ele>414.000</ele></trkpt>
      <trkpt lat="22.3640444870" lon="114.2236055234"><ele>414.000</ele></trkpt>
      <trkpt lat="22.3640387637" lon="114.2235981038"><ele>414.000</ele></trkpt>
      <trkpt lat="22.3640324831" lon="114.2235915354"><ele>414.000</ele></trkpt>
      <trkpt lat="22.3640316679" lon="114.2235906837"><ele>414.000</ele></trkpt>
      <trkpt lat="22.3640245623" lon="114.2235857297"><ele>414.000</ele></trkpt>
      <trkpt lat="22.3640153977" lon="114.2235807653"><ele>414.000</ele></trkpt>
      <trkpt lat="22.3639931574" lon="114.2235740392"><ele>414.000</ele></trkpt>
      <trkpt lat="22.3639761908" lon="114.2235678198"><ele>412.000</ele></trkpt>
      <trkpt lat="22.3639615185" lon="114.2235598826"><ele>412.000</ele></trkpt>
      <trkpt lat="22.3639463950" lon="114.2235504597"><ele>412.000</ele></trkpt>
      <trkpt lat="22.3639308106" lon="114.2235425222"><ele>413.000</ele></trkpt>
      <trkpt lat="22.3639165983" lon="114.2235363134"><ele>413.000</ele></trkpt>
      <trkpt lat="22.3639092669" lon="114.2235316021"><ele>413.000</ele></trkpt>
      <trkpt lat="22.3639021608" lon="114.2235281239"><ele>413.000</ele></trkpt>
      <trkpt lat="22.3638881841" lon="114.2235191966"><ele>412.000</ele></trkpt>
      <trkpt lat="22.3638737570" lon="114.2235065700"><ele>412.000</ele></trkpt>
      <trkpt lat="22.3638600062" lon="114.2234971574"><ele>412.000</ele></trkpt>
      <trkpt lat="22.3638526750" lon="114.2234914557"><ele>413.000</ele></trkpt>
      <trkpt lat="22.3638302198" lon="114.2234785644"><ele>413.000</ele></trkpt>
      <trkpt lat="22.3638160076" lon="114.2234718604"><ele>412.000</ele></trkpt>
      <trkpt lat="22.3638075290" lon="114.2234681293"><ele>412.000</ele></trkpt>
      <trkpt lat="22.3637845929" lon="114.2234628885"><ele>412.000</ele></trkpt>
      <trkpt lat="22.3637706054" lon="114.2234603789"><ele>412.000</ele></trkpt>
      <trkpt lat="22.3637611958" lon="114.2234593660"><ele>414.000</ele></trkpt>
      <trkpt lat="22.3637504857" lon="114.2234591100"><ele>414.000</ele></trkpt>
      <trkpt lat="22.3637401382" lon="114.2234539608"><ele>414.000</ele></trkpt>
      <trkpt lat="22.3637263332" lon="114.2234443831"><ele>414.000</ele></trkpt>
      <trkpt lat="22.3637122775" lon="114.2234276400"><ele>415.000</ele></trkpt>
      <trkpt lat="22.3636938272" lon="114.2233993126"><ele>414.000</ele></trkpt>
      <trkpt lat="22.3636813711" lon="114.2233783661"><ele>414.000</ele></trkpt>
      <trkpt lat="22.3636693583" lon="114.2233544585"><ele>415.000</ele></trkpt>
      <trkpt lat="22.3636575883" lon="114.2233342598"><ele>415.000</ele></trkpt>
      <trkpt lat="22.3636453411" lon="114.2233088666"><ele>414.000</ele></trkpt>
      <trkpt lat="22.3636314865" lon="114.2232834826"><ele>414.000</ele></trkpt>
      <trkpt lat="22.3636123412" lon="114.2232539220"><ele>416.000</ele></trkpt>
      <trkpt lat="22.3635945941" lon="114.2232295367"><ele>416.000</ele></trkpt>
      <trkpt lat="22.3635696893" lon="114.2231930808"><ele>418.000</ele></trkpt>
      <trkpt lat="22.3635385063" lon="114.2231319522"><ele>422.000</ele></trkpt>
      <trkpt lat="22.3635278670" lon="114.2231050838"><ele>422.000</ele></trkpt>
      <trkpt lat="22.3635172107" lon="114.2230742541"><ele>422.000</ele></trkpt>
      <trkpt lat="22.3635095348" lon="114.2230424254"><ele>422.000</ele></trkpt>
      <trkpt lat="22.3635020607" lon="114.2229997324"><ele>422.000</ele></trkpt>
      <trkpt lat="22.3634992021" lon="114.2229852359"><ele>422.000</ele></trkpt>
      <trkpt lat="22.3634973896" lon="114.2229760409"><ele>422.000</ele></trkpt>
      <trkpt lat="22.3634899732" lon="114.2229523678"><ele>422.000</ele></trkpt>
      <trkpt lat="22.3634800367" lon="114.2229309173"><ele>420.000</ele></trkpt>
      <trkpt lat="22.3634661904" lon="114.2229079995"><ele>420.000</ele></trkpt>
      <trkpt lat="22.3634523694" lon="114.2228912663"><ele>420.000</ele></trkpt>
      <trkpt lat="22.3634325783" lon="114.2228775021"><ele>419.000</ele></trkpt>
      <trkpt lat="22.3634107454" lon="114.2228672131"><ele>419.000</ele></trkpt>
      <trkpt lat="22.3633939535" lon="114.2228625609"><ele>419.000</ele></trkpt>
      <trkpt lat="22.3633852361" lon="114.2228601463"><ele>419.000</ele></trkpt>
      <trkpt lat="22.3633606487" lon="114.2228503612"><ele>419.000</ele></trkpt>
      <trkpt lat="22.3633358102" lon="114.2228346439"><ele>418.000</ele></trkpt>
      <trkpt lat="22.3633130140" lon="114.2228137426"><ele>419.000</ele></trkpt>
      <trkpt lat="22.3632916077" lon="114.2227955506"><ele>419.000</ele></trkpt>
      <trkpt lat="22.3632743543" lon="114.2227817776"><ele>417.000</ele></trkpt>
      <trkpt lat="22.3632527217" lon="114.2227655662"><ele>420.000</ele></trkpt>
      <trkpt lat="22.3632340947" lon="114.2227550161"><ele>420.000</ele></trkpt>
      <trkpt lat="22.3632099589" lon="114.2227449788"><ele>421.000</ele></trkpt>
      <trkpt lat="22.3631715662" lon="114.2227268395"><ele>420.000</ele></trkpt>
      <trkpt lat="22.3631322529" lon="114.2227064960"><ele>420.000</ele></trkpt>
      <trkpt lat="22.3631133917" lon="114.2226937225"><ele>418.000</ele></trkpt>
      <trkpt lat="22.3630979630" lon="114.2226779694"><ele>418.000</ele></trkpt>
      <trkpt lat="22.3630666366" lon="114.2226442593"><ele>418.000</ele></trkpt>
      <trkpt lat="22.3630484282" lon="114.2226220974"><ele>418.000</ele></trkpt>
      <trkpt lat="22.3630274163" lon="114.2225824196"><ele>419.000</ele></trkpt>
      <trkpt lat="22.3630121308" lon="114.2225392582"><ele>418.000</ele></trkpt>
      <trkpt lat="22.3630097708" lon="114.2225177908"><ele>418.000</ele></trkpt>
      <trkpt lat="22.3630097047" lon="114.2224960621"><ele>418.000</ele></trkpt>
      <trkpt lat="22.3630077883" lon="114.2224711288"><ele>418.000</ele></trkpt>
      <trkpt lat="22.3630026659" lon="114.2224462042"><ele>418.000</ele></trkpt>
      <trkpt lat="22.3629945539" lon="114.2224235116"><ele>418.000</ele></trkpt>
      <trkpt lat="22.3629841652" lon="114.2224040417"><ele>418.000</ele></trkpt>
      <trkpt lat="22.3629673638" lon="114.2223883077"><ele>418.000</ele></trkpt>
      <trkpt lat="22.3629439141" lon="114.2223790086"><ele>419.000</ele></trkpt>
      <trkpt lat="22.3629202638" lon="114.2223763795"><ele>419.000</ele></trkpt>
      <trkpt lat="22.3628986895" lon="114.2223774404"><ele>420.000</ele></trkpt>
      <trkpt lat="22.3628757589" lon="114.2223846856"><ele>420.000</ele></trkpt>
      <trkpt lat="22.3628493867" lon="114.2223954054"><ele>420.000</ele></trkpt>
      <trkpt lat="22.3628303491" lon="114.2223999139"><ele>420.000</ele></trkpt>
      <trkpt lat="22.3627801257" lon="114.2224161504"><ele>422.000</ele></trkpt>
      <trkpt lat="22.3627218489" lon="114.2224255006"><ele>424.000</ele></trkpt>
      <trkpt lat="22.3626995880" lon="114.2224275613"><ele>424.000</ele></trkpt>
      <trkpt lat="22.3626787091" lon="114.2224288652"><ele>425.000</ele></trkpt>
      <trkpt lat="22.3626316506" lon="114.2224300247"><ele>426.000</ele></trkpt>
      <trkpt lat="22.3626075476" lon="114.2224315994"><ele>426.000</ele></trkpt>
      <trkpt lat="22.3625533900" lon="114.2224364848"><ele>426.000</ele></trkpt>
      <trkpt lat="22.3625267679" lon="114.2224368354"><ele>426.000</ele></trkpt>
      <trkpt lat="22.3624985379" lon="114.2224386612"><ele>426.000</ele></trkpt>
      <trkpt lat="22.3624707597" lon="114.2224395065"><ele>426.000</ele></trkpt>
      <trkpt lat="22.3624207297" lon="114.2224424126"><ele>428.000</ele></trkpt>
      <trkpt lat="22.3623922565" lon="114.2224417723"><ele>429.000</ele></trkpt>
      <trkpt lat="22.3623771036" lon="114.2224405926"><ele>429.000</ele></trkpt>
      <trkpt lat="22.3623543574" lon="114.2224344976"><ele>430.000</ele></trkpt>
      <trkpt lat="22.3623341233" lon="114.2224227238"><ele>430.000</ele></trkpt>
      <trkpt lat="22.3622922399" lon="114.2223895445"><ele>428.000</ele></trkpt>
      <trkpt lat="22.3622772719" lon="114.2223730538"><ele>428.000</ele></trkpt>
      <trkpt lat="22.3622611397" lon="114.2223538540"><ele>426.000</ele></trkpt>
      <trkpt lat="22.3622440950" lon="114.2223363821"><ele>426.000</ele></trkpt>
      <trkpt lat="22.3622234005" lon="114.2223238606"><ele>426.000</ele></trkpt>
      <trkpt lat="22.3621790388" lon="114.2223047681"><ele>426.000</ele></trkpt>
      <trkpt lat="22.3621585782" lon="114.2222952079"><ele>426.000</ele></trkpt>
      <trkpt lat="22.3621385697" lon="114.2222839196"><ele>426.000</ele></trkpt>
      <trkpt lat="22.3621158151" lon="114.2222756111"><ele>426.000</ele></trkpt>
      <trkpt lat="22.3620955973" lon="114.2222700025"><ele>426.000</ele></trkpt>
      <trkpt lat="22.3620712440" lon="114.2222624411"><ele>426.000</ele></trkpt>
      <trkpt lat="22.3620473509" lon="114.2222563555"><ele>426.000</ele></trkpt>
      <trkpt lat="22.3620264461" lon="114.2222532225"><ele>426.000</ele></trkpt>
      <trkpt lat="22.3619984342" lon="114.2222498638"><ele>426.000</ele></trkpt>
      <trkpt lat="22.3619538711" lon="114.2222406453"><ele>426.000</ele></trkpt>
      <trkpt lat="22.3619308989" lon="114.2222352980"><ele>426.000</ele></trkpt>
      <trkpt lat="22.3619093080" lon="114.2222311744"><ele>426.000</ele></trkpt>
      <trkpt lat="22.3618796799" lon="114.2222270870"><ele>426.000</ele></trkpt>
      <trkpt lat="22.3618704035" lon="114.2222246529"><ele>426.000</ele></trkpt>
      <trkpt lat="22.3618648393" lon="114.2222231928"><ele>428.000</ele></trkpt>
      <trkpt lat="22.3618653854" lon="114.2221984072"><ele>428.000</ele></trkpt>
      <trkpt lat="22.3618649185" lon="114.2221757649"><ele>428.000</ele></trkpt>
      <trkpt lat="22.3618620867" lon="114.2221493062"><ele>426.000</ele></trkpt>
      <trkpt lat="22.3618573597" lon="114.2221281897"><ele>426.000</ele></trkpt>
      <trkpt lat="22.3618497948" lon="114.2221024927"><ele>423.000</ele></trkpt>
      <trkpt lat="22.3618417579" lon="114.2220757789"><ele>423.000</ele></trkpt>
      <trkpt lat="22.3618351376" lon="114.2220531347"><ele>422.000</ele></trkpt>
      <trkpt lat="22.3618262964" lon="114.2220219342"><ele>422.000</ele></trkpt>
      <trkpt lat="22.3618200896" lon="114.2219995833"><ele>426.000</ele></trkpt>
      <trkpt lat="22.3618160310" lon="114.2219908478"><ele>426.000</ele></trkpt>
      <trkpt lat="22.3618017003" lon="114.2219718341"><ele>426.000</ele></trkpt>
      <trkpt lat="22.3617940568" lon="114.2219623267"><ele>426.000</ele></trkpt>
      <trkpt lat="22.3617739913" lon="114.2219448519"><ele>428.000</ele></trkpt>
      <trkpt lat="22.3617541645" lon="114.2219260938"><ele>428.000</ele></trkpt>
      <trkpt lat="22.3617233632" lon="114.2218513312"><ele>432.000</ele></trkpt>
      <trkpt lat="22.3617281466" lon="114.2218351490"><ele>432.000</ele></trkpt>
      <trkpt lat="22.3617393850" lon="114.2218032996"><ele>434.000</ele></trkpt>
      <trkpt lat="22.3617618634" lon="114.2217365174"><ele>436.000</ele></trkpt>
      <trkpt lat="22.3617652226" lon="114.2216848856"><ele>438.000</ele></trkpt>
      <trkpt lat="22.3617666600" lon="114.2216725547"><ele>438.000</ele></trkpt>
      <trkpt lat="22.3617776680" lon="114.2216116776"><ele>438.000</ele></trkpt>
      <trkpt lat="22.3617963301" lon="114.2215184354"><ele>436.000</ele></trkpt>
      <trkpt lat="22.3618066316" lon="114.2214187691"><ele>436.000</ele></trkpt>
      <trkpt lat="22.3618111758" lon="114.2214023294"><ele>436.000</ele></trkpt>
      <trkpt lat="22.3618202617" lon="114.2213784426"><ele>434.000</ele></trkpt>
      <trkpt lat="22.3618252845" lon="114.2213620041"><ele>436.000</ele></trkpt>
      <trkpt lat="22.3618268436" lon="114.2213405547"><ele>436.000</ele></trkpt>
      <trkpt lat="22.3618244585" lon="114.2213212876"><ele>436.000</ele></trkpt>
      <trkpt lat="22.3618155041" lon="114.2213039456"><ele>435.000</ele></trkpt>
      <trkpt lat="22.3618047569" lon="114.2212872449"><ele>434.000</ele></trkpt>
      <trkpt lat="22.3617928150" lon="114.2212673320"><ele>434.000</ele></trkpt>
      <trkpt lat="22.3617844573" lon="114.2212506320"><ele>434.000</ele></trkpt>
      <trkpt lat="22.3617760987" lon="114.2212339329"><ele>432.000</ele></trkpt>
      <trkpt lat="22.3617671431" lon="114.2212204435"><ele>432.000</ele></trkpt>
      <trkpt lat="22.3617498257" lon="114.2211992454"><ele>432.000</ele></trkpt>
      <trkpt lat="22.3617295221" lon="114.2211799726"><ele>432.000</ele></trkpt>
      <trkpt lat="22.3617139956" lon="114.2211645548"><ele>432.000</ele></trkpt>
      <trkpt lat="22.3616984693" lon="114.2211484943"><ele>432.000</ele></trkpt>
      <trkpt lat="22.3616733868" lon="114.2211260093"><ele>431.000</ele></trkpt>
      <trkpt lat="22.3616584577" lon="114.2211118762"><ele>431.000</ele></trkpt>
      <trkpt lat="22.3616411426" lon="114.2210855402"><ele>430.000</ele></trkpt>
      <trkpt lat="22.3616333830" lon="114.2210611345"><ele>430.000</ele></trkpt>
      <trkpt lat="22.3616226393" lon="114.2210315899"><ele>430.000</ele></trkpt>
      <trkpt lat="22.3616089104" lon="114.2209975481"><ele>430.000</ele></trkpt>
      <trkpt lat="22.3615939837" lon="114.2209712139"><ele>430.000</ele></trkpt>
      <trkpt lat="22.3615718896" lon="114.2209448764"><ele>428.000</ele></trkpt>
      <trkpt lat="22.3615480030" lon="114.2209211073"><ele>428.000</ele></trkpt>
      <trkpt lat="22.3615276979" lon="114.2209044026"><ele>428.000</ele></trkpt>
      <trkpt lat="22.3614954474" lon="114.2208832009"><ele>426.000</ele></trkpt>
      <trkpt lat="22.3614715588" lon="114.2208671378"><ele>426.000</ele></trkpt>
      <trkpt lat="22.3614403415" lon="114.2208557822"><ele>426.000</ele></trkpt>
      <trkpt lat="22.3614287351" lon="114.2208536290"><ele>426.000</ele></trkpt>
      <trkpt lat="22.3614200198" lon="114.2208533923"><ele>426.000</ele></trkpt>
      <trkpt lat="22.3614128307" lon="114.2208526871"><ele>425.000</ele></trkpt>
      <trkpt lat="22.3614038978" lon="114.2208524503"><ele>425.000</ele></trkpt>
      <trkpt lat="22.3613949664" lon="114.2208498708"><ele>424.000</ele></trkpt>
      <trkpt lat="22.3613834203" lon="114.2208451826"><ele>424.000</ele></trkpt>
      <trkpt lat="22.3613729637" lon="114.2208423686"><ele>424.000</ele></trkpt>
      <trkpt lat="22.3613646847" lon="114.2208414282"><ele>424.000</ele></trkpt>
      <trkpt lat="22.3613570587" lon="114.2208437685"><ele>424.000</ele></trkpt>
      <trkpt lat="22.3613489967" lon="114.2208486845"><ele>424.000</ele></trkpt>
      <trkpt lat="22.3613383177" lon="114.2208599250"><ele>424.000</ele></trkpt>
      <trkpt lat="22.3613291642" lon="114.2208704620"><ele>424.000</ele></trkpt>
      <trkpt lat="22.3613195755" lon="114.2208807660"><ele>424.000</ele></trkpt>
      <trkpt lat="22.3613078074" lon="114.2208922391"><ele>424.000</ele></trkpt>
      <trkpt lat="22.3612949504" lon="114.2209030100"><ele>424.000</ele></trkpt>
      <trkpt lat="22.3612825291" lon="114.2209119072"><ele>424.000</ele></trkpt>
      <trkpt lat="22.3612622633" lon="114.2209266573"><ele>425.000</ele></trkpt>
      <trkpt lat="22.3612498861" lon="114.2209328467"><ele>425.000</ele></trkpt>
    </trkseg>
  </trk>
</gpx>
