<?xml version="1.0" encoding="UTF-8"?>
<gpx xmlns:xsi="http://www.w3.org/2001/XMLSchema-instance"
     xsi:schemaLocation="http://www.topografix.com/GPX/1/1 http://www.topografix.com/GPX/1/1/gpx.xsd"
     version="1.1" creator="json3d_batch_to_gpx"
     xmlns="http://www.topografix.com/GPX/1/1">
  <metadata>
    <name>MacLehoseTrail(Section10)TinFuTsaitoTuenMun</name>
  </metadata>
  <trk>
    <name>MacLehoseTrail(Section10)TinFuTsaitoTuenMun</name>
    <type>hike</type>
    <trkseg>
      <trkpt lat="22.3905002679" lon="114.0660254953"><ele>238.000</ele></trkpt>
      <trkpt lat="22.3904983856" lon="114.0659380600"><ele>238.000</ele></trkpt>
      <trkpt lat="22.3904903265" lon="114.0658349747"><ele>239.000</ele></trkpt>
      <trkpt lat="22.3904769393" lon="114.0657304623"><ele>240.000</ele></trkpt>
      <trkpt lat="22.3904569045" lon="114.0656402729"><ele>235.000</ele></trkpt>
      <trkpt lat="22.3904168871" lon="114.0655357817"><ele>230.000</ele></trkpt>
      <trkpt lat="22.3903688902" lon="114.0654441823"><ele>228.000</ele></trkpt>
      <trkpt lat="22.3903088925" lon="114.0653289679"><ele>230.000</ele></trkpt>
      <trkpt lat="22.3902622324" lon="114.0652459597"><ele>227.000</ele></trkpt>
      <trkpt lat="22.3902382230" lon="114.0651844100"><ele>234.000</ele></trkpt>
      <trkpt lat="22.3902155476" lon="114.0651271544"><ele>232.000</ele></trkpt>
      <trkpt lat="22.3901782187" lon="114.0650598890"><ele>230.000</ele></trkpt>
      <trkpt lat="22.3901328885" lon="114.0649740162"><ele>231.000</ele></trkpt>
      <trkpt lat="22.3900502551" lon="114.0648595360"><ele>230.000</ele></trkpt>
      <trkpt lat="22.3900049546" lon="114.0648166173"><ele>230.000</ele></trkpt>
      <trkpt lat="22.3899583300" lon="114.0647851546"><ele>233.000</ele></trkpt>
      <trkpt lat="22.3899023831" lon="114.0647522670"><ele>227.000</ele></trkpt>
      <trkpt lat="22.3898743942" lon="114.0647121982"><ele>224.000</ele></trkpt>
      <trkpt lat="22.3898677042" lon="114.0646663859"><ele>224.000</ele></trkpt>
      <trkpt lat="22.3898823190" lon="114.0646205556"><ele>225.000</ele></trkpt>
      <trkpt lat="22.3899075802" lon="114.0645661264"><ele>223.000</ele></trkpt>
      <trkpt lat="22.3899554573" lon="114.0644830418"><ele>222.000</ele></trkpt>
      <trkpt lat="22.3899780515" lon="114.0644243187"><ele>230.000</ele></trkpt>
      <trkpt lat="22.3899873290" lon="114.0643613112"><ele>234.000</ele></trkpt>
      <trkpt lat="22.3899766258" lon="114.0642882971"><ele>235.000</ele></trkpt>
      <trkpt lat="22.3899459503" lon="114.0642160149"><ele>230.000</ele></trkpt>
      <trkpt lat="22.3899086259" lon="114.0641544763"><ele>226.000</ele></trkpt>
      <trkpt lat="22.3898366693" lon="114.0640757842"><ele>226.000</ele></trkpt>
      <trkpt lat="22.3897927057" lon="114.0640414550"><ele>223.000</ele></trkpt>
      <trkpt lat="22.3897274353" lon="114.0640042811"><ele>222.000</ele></trkpt>
      <trkpt lat="22.3896674720" lon="114.0639398972"><ele>222.000</ele></trkpt>
      <trkpt lat="22.3896328146" lon="114.0638840841"><ele>221.000</ele></trkpt>
      <trkpt lat="22.3896181221" lon="114.0638182323"><ele>220.000</ele></trkpt>
      <trkpt lat="22.3896154179" lon="114.0637595297"><ele>220.000</ele></trkpt>
      <trkpt lat="22.3896193651" lon="114.0636922315"><ele>221.000</ele></trkpt>
      <trkpt lat="22.3896419248" lon="114.0635833947"><ele>220.000</ele></trkpt>
      <trkpt lat="22.3896884784" lon="114.0635131983"><ele>220.000</ele></trkpt>
      <trkpt lat="22.3897843019" lon="114.0634486883"><ele>220.000</ele></trkpt>
      <trkpt lat="22.3899094206" lon="114.0633870182"><ele>218.000</ele></trkpt>
      <trkpt lat="22.3900545008" lon="114.0633095818"><ele>218.000</ele></trkpt>
      <trkpt lat="22.3901090678" lon="114.0632737423"><ele>218.000</ele></trkpt>
      <trkpt lat="22.3901995570" lon="114.0631977824"><ele>218.000</ele></trkpt>
      <trkpt lat="22.3902409186" lon="114.0631494341"><ele>218.000</ele></trkpt>
      <trkpt lat="22.3903631979" lon="114.0630064996"><ele>218.000</ele></trkpt>
      <trkpt lat="22.3904164175" lon="114.0629477521"><ele>218.000</ele></trkpt>
      <trkpt lat="22.3904696392" lon="114.0628932987"><ele>218.000</ele></trkpt>
      <trkpt lat="22.3904975710" lon="114.0628503209"><ele>218.000</ele></trkpt>
      <trkpt lat="22.3905121822" lon="114.0628001950"><ele>218.000</ele></trkpt>
      <trkpt lat="22.3905094828" lon="114.0627486518"><ele>218.000</ele></trkpt>
      <trkpt lat="22.3904881396" lon="114.0626928278"><ele>218.000</ele></trkpt>
      <trkpt lat="22.3904561450" lon="114.0626398762"><ele>218.000</ele></trkpt>
      <trkpt lat="22.3904267973" lon="114.0625625812"><ele>216.000</ele></trkpt>
      <trkpt lat="22.3904227657" lon="114.0625096068"><ele>216.000</ele></trkpt>
      <trkpt lat="22.3904267427" lon="114.0624852623"><ele>216.000</ele></trkpt>
      <trkpt lat="22.3904573354" lon="114.0624394194"><ele>218.000</ele></trkpt>
      <trkpt lat="22.3905132241" lon="114.0623906911"><ele>216.000</ele></trkpt>
      <trkpt lat="22.3905571283" lon="114.0623405412"><ele>216.000</ele></trkpt>
      <trkpt lat="22.3905877038" lon="114.0622703569"><ele>216.000</ele></trkpt>
      <trkpt lat="22.3906076227" lon="114.0621944529"><ele>216.000</ele></trkpt>
      <trkpt lat="22.3906208774" lon="114.0621099641"><ele>216.000</ele></trkpt>
      <trkpt lat="22.3906461235" lon="114.0620354881"><ele>216.000</ele></trkpt>
      <trkpt lat="22.3906926907" lon="114.0619853358"><ele>216.000</ele></trkpt>
      <trkpt lat="22.3907592439" lon="114.0619537810"><ele>216.000</ele></trkpt>
      <trkpt lat="22.3908124968" lon="114.0619437146"><ele>215.000</ele></trkpt>
      <trkpt lat="22.3908950570" lon="114.0619522380"><ele>215.000</ele></trkpt>
      <trkpt lat="22.3909509873" lon="114.0619622147"><ele>216.000</ele></trkpt>
      <trkpt lat="22.3910895093" lon="114.0620251015"><ele>216.000</ele></trkpt>
      <trkpt lat="22.3911774049" lon="114.0620479394"><ele>216.000</ele></trkpt>
      <trkpt lat="22.3912732674" lon="114.0620392695"><ele>216.000</ele></trkpt>
      <trkpt lat="22.3913611346" lon="114.0620220148"><ele>216.000</ele></trkpt>
      <trkpt lat="22.3914250470" lon="114.0620219623"><ele>216.000</ele></trkpt>
      <trkpt lat="22.3914956319" lon="114.0620419507"><ele>214.000</ele></trkpt>
      <trkpt lat="22.3916314878" lon="114.0621019763"><ele>214.000</ele></trkpt>
      <trkpt lat="22.3917007376" lon="114.0621176697"><ele>214.000</ele></trkpt>
      <trkpt lat="22.3917539914" lon="114.0621076033"><ele>212.000</ele></trkpt>
      <trkpt lat="22.3918125655" lon="114.0620903727"><ele>212.000</ele></trkpt>
      <trkpt lat="22.3918777877" lon="114.0620602510"><ele>212.000</ele></trkpt>
      <trkpt lat="22.3919509848" lon="114.0620086441"><ele>212.000</ele></trkpt>
      <trkpt lat="22.3920175106" lon="114.0619398610"><ele>212.000</ele></trkpt>
      <trkpt lat="22.3920654006" lon="114.0618768206"><ele>210.000</ele></trkpt>
      <trkpt lat="22.3920693673" lon="114.0618381579"><ele>210.000</ele></trkpt>
      <trkpt lat="22.3920520164" lon="114.0617801820"><ele>210.000</ele></trkpt>
      <trkpt lat="22.3920186537" lon="114.0616742529"><ele>209.000</ele></trkpt>
      <trkpt lat="22.3919946327" lon="114.0615983852"><ele>208.000</ele></trkpt>
      <trkpt lat="22.3919865975" lon="114.0615339585"><ele>208.000</ele></trkpt>
      <trkpt lat="22.3919905559" lon="114.0614838407"><ele>208.000</ele></trkpt>
      <trkpt lat="22.3920198143" lon="114.0614351335"><ele>208.000</ele></trkpt>
      <trkpt lat="22.3920624045" lon="114.0614093254"><ele>208.000</ele></trkpt>
      <trkpt lat="22.3921090022" lon="114.0614021280"><ele>209.000</ele></trkpt>
      <trkpt lat="22.3921622694" lon="114.0614121067"><ele>207.000</ele></trkpt>
      <trkpt lat="22.3922461627" lon="114.0614234926"><ele>208.000</ele></trkpt>
      <trkpt lat="22.3923340389" lon="114.0614176925"><ele>208.000</ele></trkpt>
      <trkpt lat="22.3924298944" lon="114.0614004307"><ele>210.000</ele></trkpt>
      <trkpt lat="22.3925284066" lon="114.0613717126"><ele>208.000</ele></trkpt>
      <trkpt lat="22.3926042697" lon="114.0613258314"><ele>208.000</ele></trkpt>
      <trkpt lat="22.3926322042" lon="114.0612885801"><ele>208.000</ele></trkpt>
      <trkpt lat="22.3926694293" lon="114.0612083654"><ele>208.000</ele></trkpt>
      <trkpt lat="22.3927279234" lon="114.0610794506"><ele>206.000</ele></trkpt>
      <trkpt lat="22.3927904165" lon="114.0609562590"><ele>206.000</ele></trkpt>
      <trkpt lat="22.3928276630" lon="114.0609061134"><ele>206.000</ele></trkpt>
      <trkpt lat="22.3928848947" lon="114.0608745652"><ele>206.000</ele></trkpt>
      <trkpt lat="22.3929421467" lon="114.0608702225"><ele>206.000</ele></trkpt>
      <trkpt lat="22.3930047516" lon="114.0609031028"><ele>206.000</ele></trkpt>
      <trkpt lat="22.3930780286" lon="114.0609646121"><ele>205.000</ele></trkpt>
      <trkpt lat="22.3931388536" lon="114.0610138021"><ele>206.000</ele></trkpt>
      <trkpt lat="22.3932832002" lon="114.0611305374"><ele>204.000</ele></trkpt>
      <trkpt lat="22.3934350657" lon="114.0612335056"><ele>203.000</ele></trkpt>
      <trkpt lat="22.3935003225" lon="114.0612520658"><ele>202.000</ele></trkpt>
      <trkpt lat="22.3935389227" lon="114.0612334197"><ele>202.000</ele></trkpt>
      <trkpt lat="22.3935761722" lon="114.0611861377"><ele>202.000</ele></trkpt>
      <trkpt lat="22.3936200627" lon="114.0611173721"><ele>201.000</ele></trkpt>
      <trkpt lat="22.3936626201" lon="114.0610471761"><ele>200.000</ele></trkpt>
      <trkpt lat="22.3937184898" lon="114.0609712405"><ele>198.000</ele></trkpt>
      <trkpt lat="22.3937677178" lon="114.0609196531"><ele>196.000</ele></trkpt>
      <trkpt lat="22.3938382525" lon="114.0608694795"><ele>196.000</ele></trkpt>
      <trkpt lat="22.3938874916" lon="114.0608322101"><ele>194.000</ele></trkpt>
      <trkpt lat="22.3939620338" lon="114.0608006474"><ele>194.000</ele></trkpt>
      <trkpt lat="22.3940592130" lon="114.0607719296"><ele>192.000</ele></trkpt>
      <trkpt lat="22.3941124473" lon="114.0607360882"><ele>192.000</ele></trkpt>
      <trkpt lat="22.3941430344" lon="114.0606830837"><ele>192.000</ele></trkpt>
      <trkpt lat="22.3941829181" lon="114.0605971391"><ele>192.000</ele></trkpt>
      <trkpt lat="22.3942161565" lon="114.0605290976"><ele>192.000</ele></trkpt>
      <trkpt lat="22.3942254460" lon="114.0604861336"><ele>192.000</ele></trkpt>
      <trkpt lat="22.3942320671" lon="114.0604345813"><ele>192.000</ele></trkpt>
      <trkpt lat="22.3942306928" lon="114.0603758757"><ele>190.000</ele></trkpt>
      <trkpt lat="22.3942239685" lon="114.0602828098"><ele>191.000</ele></trkpt>
      <trkpt lat="22.3942091856" lon="114.0600938152"><ele>191.000</ele></trkpt>
      <trkpt lat="22.3942024663" lon="114.0600079093"><ele>188.000</ele></trkpt>
      <trkpt lat="22.3942130639" lon="114.0599334432"><ele>189.000</ele></trkpt>
      <trkpt lat="22.3942449435" lon="114.0598274583"><ele>188.000</ele></trkpt>
      <trkpt lat="22.3942927912" lon="114.0597071419"><ele>188.000</ele></trkpt>
      <trkpt lat="22.3943978899" lon="114.0595824811"><ele>186.000</ele></trkpt>
      <trkpt lat="22.3944990265" lon="114.0595022113"><ele>184.000</ele></trkpt>
      <trkpt lat="22.3945868633" lon="114.0594434307"><ele>182.000</ele></trkpt>
      <trkpt lat="22.3946640672" lon="114.0594104334"><ele>180.000</ele></trkpt>
      <trkpt lat="22.3947519320" lon="114.0593903128"><ele>180.000</ele></trkpt>
      <trkpt lat="22.3948597684" lon="114.0593687440"><ele>180.000</ele></trkpt>
      <trkpt lat="22.3949210136" lon="114.0593629659"><ele>178.000</ele></trkpt>
      <trkpt lat="22.3949862580" lon="114.0593629111"><ele>178.000</ele></trkpt>
      <trkpt lat="22.3950728072" lon="114.0593642698"><ele>178.000</ele></trkpt>
      <trkpt lat="22.3951487026" lon="114.0593634903"><ele>177.000</ele></trkpt>
      <trkpt lat="22.3952898263" lon="114.0593418935"><ele>178.000</ele></trkpt>
      <trkpt lat="22.3953710317" lon="114.0593189155"><ele>178.000</ele></trkpt>
      <trkpt lat="22.3954468995" lon="114.0592801904"><ele>178.000</ele></trkpt>
      <trkpt lat="22.3954934710" lon="114.0592371946"><ele>176.000</ele></trkpt>
      <trkpt lat="22.3955134083" lon="114.0591884945"><ele>176.000</ele></trkpt>
      <trkpt lat="22.3955253449" lon="114.0591240495"><ele>176.000</ele></trkpt>
      <trkpt lat="22.3955306158" lon="114.0590481557"><ele>176.000</ele></trkpt>
      <trkpt lat="22.3955558719" lon="114.0589894271"><ele>176.000</ele></trkpt>
      <trkpt lat="22.3955878083" lon="114.0589621941"><ele>174.000</ele></trkpt>
      <trkpt lat="22.3956144310" lon="114.0589521487"><ele>174.000</ele></trkpt>
      <trkpt lat="22.3956743513" lon="114.0589549621"><ele>174.000</ele></trkpt>
      <trkpt lat="22.3957542424" lon="114.0589563271"><ele>174.000</ele></trkpt>
      <trkpt lat="22.3957955136" lon="114.0589477008"><ele>174.000</ele></trkpt>
      <trkpt lat="22.3958341156" lon="114.0589319176"><ele>174.000</ele></trkpt>
      <trkpt lat="22.3958660321" lon="114.0588774785"><ele>172.000</ele></trkpt>
      <trkpt lat="22.3958926109" lon="114.0588072942"><ele>172.000</ele></trkpt>
      <trkpt lat="22.3959178241" lon="114.0586898580"><ele>170.000</ele></trkpt>
      <trkpt lat="22.3959483310" lon="114.0585294615"><ele>170.000</ele></trkpt>
      <trkpt lat="22.3959655317" lon="114.0583805306"><ele>168.000</ele></trkpt>
      <trkpt lat="22.3959907414" lon="114.0582587990"><ele>168.000</ele></trkpt>
      <trkpt lat="22.3960133378" lon="114.0582050843"><ele>168.000</ele></trkpt>
      <trkpt lat="22.3960227509" lon="114.0581882268"><ele>168.000</ele></trkpt>
      <trkpt lat="22.3961157291" lon="114.0580217157"><ele>166.000</ele></trkpt>
      <trkpt lat="22.3962008443" lon="114.0578841822"><ele>162.000</ele></trkpt>
      <trkpt lat="22.3962660370" lon="114.0578139647"><ele>162.000</ele></trkpt>
      <trkpt lat="22.3963086224" lon="114.0577824270"><ele>160.000</ele></trkpt>
      <trkpt lat="22.3963538752" lon="114.0577580461"><ele>160.000</ele></trkpt>
      <trkpt lat="22.3963818182" lon="114.0577322486"><ele>160.000</ele></trkpt>
      <trkpt lat="22.3964190658" lon="114.0576849636"><ele>160.000</ele></trkpt>
      <trkpt lat="22.3964443226" lon="114.0576290993"><ele>158.000</ele></trkpt>
      <trkpt lat="22.3964549201" lon="114.0575546318"><ele>158.000</ele></trkpt>
      <trkpt lat="22.3964508541" lon="114.0574572669"><ele>156.000</ele></trkpt>
      <trkpt lat="22.3964347909" lon="114.0573427292"><ele>154.000</ele></trkpt>
      <trkpt lat="22.3964227365" lon="114.0572468026"><ele>152.000</ele></trkpt>
      <trkpt lat="22.3964280066" lon="114.0571709082"><ele>150.000</ele></trkpt>
      <trkpt lat="22.3964545846" lon="114.0571007224"><ele>150.000</ele></trkpt>
      <trkpt lat="22.3965197793" lon="114.0570347997"><ele>148.000</ele></trkpt>
      <trkpt lat="22.3965916401" lon="114.0569796109"><ele>148.000</ele></trkpt>
      <trkpt lat="22.3966794556" lon="114.0568921902"><ele>147.000</ele></trkpt>
      <trkpt lat="22.3967392932" lon="114.0567847463"><ele>146.000</ele></trkpt>
      <trkpt lat="22.3967632122" lon="114.0567202912"><ele>144.000</ele></trkpt>
      <trkpt lat="22.3967764436" lon="114.0566071595"><ele>143.000</ele></trkpt>
      <trkpt lat="22.3967683926" lon="114.0565241172"><ele>142.000</ele></trkpt>
      <trkpt lat="22.3967509987" lon="114.0564110129"><ele>142.000</ele></trkpt>
      <trkpt lat="22.3967242663" lon="114.0562735732"><ele>140.000</ele></trkpt>
      <trkpt lat="22.3966975444" lon="114.0561504539"><ele>139.000</ele></trkpt>
      <trkpt lat="22.3966748209" lon="114.0560330580"><ele>137.000</ele></trkpt>
      <trkpt lat="22.3966840846" lon="114.0559571600"><ele>136.000</ele></trkpt>
      <trkpt lat="22.3967133349" lon="114.0558998594"><ele>136.000</ele></trkpt>
      <trkpt lat="22.3967838443" lon="114.0558181806"><ele>135.000</ele></trkpt>
      <trkpt lat="22.3968583540" lon="114.0557458047"><ele>132.000</ele></trkpt>
      <trkpt lat="22.3968822951" lon="114.0557099870"><ele>130.000</ele></trkpt>
      <trkpt lat="22.3969062180" lon="114.0556512584"><ele>129.000</ele></trkpt>
      <trkpt lat="22.3969061740" lon="114.0555925506"><ele>128.000</ele></trkpt>
      <trkpt lat="22.3968861347" lon="114.0555037909"><ele>128.000</ele></trkpt>
      <trkpt lat="22.3968687379" lon="114.0553878228"><ele>128.000</ele></trkpt>
      <trkpt lat="22.3968646275" lon="114.0552331813"><ele>124.000</ele></trkpt>
      <trkpt lat="22.3968831821" lon="114.0551186143"><ele>124.000</ele></trkpt>
      <trkpt lat="22.3969376997" lon="114.0550197657"><ele>122.000</ele></trkpt>
      <trkpt lat="22.3970374729" lon="114.0549008315"><ele>120.000</ele></trkpt>
      <trkpt lat="22.3971079754" lon="114.0548105604"><ele>118.000</ele></trkpt>
      <trkpt lat="22.3971438674" lon="114.0547332065"><ele>116.000</ele></trkpt>
      <trkpt lat="22.3971877058" lon="114.0545992857"><ele>114.000</ele></trkpt>
      <trkpt lat="22.3972568263" lon="114.0544431483"><ele>112.000</ele></trkpt>
      <trkpt lat="22.3973166534" lon="114.0543228170"><ele>112.000</ele></trkpt>
      <trkpt lat="22.3973419048" lon="114.0542612229"><ele>110.000</ele></trkpt>
      <trkpt lat="22.3973503074" lon="114.0542397324"><ele>110.000</ele></trkpt>
      <trkpt lat="22.3974203116" lon="114.0540606884"><ele>108.000</ele></trkpt>
      <trkpt lat="22.3974934125" lon="114.0538859323"><ele>108.000</ele></trkpt>
      <trkpt lat="22.3975625356" lon="114.0537340896"><ele>106.000</ele></trkpt>
      <trkpt lat="22.3975851127" lon="114.0536581793"><ele>106.000</ele></trkpt>
      <trkpt lat="22.3975903701" lon="114.0535679648"><ele>106.000</ele></trkpt>
      <trkpt lat="22.3975904697" lon="114.0535669903"><ele>106.000</ele></trkpt>
      <trkpt lat="22.3976101948" lon="114.0533739247"><ele>108.000</ele></trkpt>
      <trkpt lat="22.3976340655" lon="114.0532478966"><ele>108.000</ele></trkpt>
      <trkpt lat="22.3976685654" lon="114.0530917888"><ele>108.000</ele></trkpt>
      <trkpt lat="22.3977031013" lon="114.0529829335"><ele>108.000</ele></trkpt>
      <trkpt lat="22.3977097027" lon="114.0529099000"><ele>110.000</ele></trkpt>
      <trkpt lat="22.3977109885" lon="114.0528497592"><ele>110.000</ele></trkpt>
      <trkpt lat="22.3976896023" lon="114.0527423859"><ele>110.000</ele></trkpt>
      <trkpt lat="22.3976891713" lon="114.0527410606"><ele>110.000</ele></trkpt>
      <trkpt lat="22.3976295423" lon="114.0525577240"><ele>112.000</ele></trkpt>
      <trkpt lat="22.3976020029" lon="114.0524855002"><ele>112.000</ele></trkpt>
      <trkpt lat="22.3975334799" lon="114.0523057946"><ele>114.000</ele></trkpt>
      <trkpt lat="22.3974854442" lon="114.0521748184"><ele>114.000</ele></trkpt>
      <trkpt lat="22.3974254286" lon="114.0520474327"><ele>114.000</ele></trkpt>
      <trkpt lat="22.3973843536" lon="114.0519485242"><ele>112.000</ele></trkpt>
      <trkpt lat="22.3973107050" lon="114.0517711791"><ele>110.000</ele></trkpt>
      <trkpt lat="22.3973085394" lon="114.0517656287"><ele>110.000</ele></trkpt>
      <trkpt lat="22.3972386613" lon="114.0515865279"><ele>106.000</ele></trkpt>
      <trkpt lat="22.3972092940" lon="114.0514920493"><ele>106.000</ele></trkpt>
      <trkpt lat="22.3971878803" lon="114.0513503110"><ele>105.000</ele></trkpt>
      <trkpt lat="22.3971571271" lon="114.0511842378"><ele>102.000</ele></trkpt>
      <trkpt lat="22.3971264130" lon="114.0510697144"><ele>101.000</ele></trkpt>
      <trkpt lat="22.3970957116" lon="114.0509716565"><ele>101.000</ele></trkpt>
      <trkpt lat="22.3970583242" lon="114.0508356606"><ele>98.000</ele></trkpt>
      <trkpt lat="22.3970574394" lon="114.0508325302"><ele>98.000</ele></trkpt>
      <trkpt lat="22.3970049159" lon="114.0506466981"><ele>95.000</ele></trkpt>
      <trkpt lat="22.3969608342" lon="114.0504648875"><ele>92.000</ele></trkpt>
      <trkpt lat="22.3969447681" lon="114.0503517825"><ele>90.000</ele></trkpt>
      <trkpt lat="22.3969526579" lon="114.0502257680"><ele>89.000</ele></trkpt>
      <trkpt lat="22.3969738347" lon="114.0500625131"><ele>90.000</ele></trkpt>
      <trkpt lat="22.3970096424" lon="114.0498806301"><ele>88.000</ele></trkpt>
      <trkpt lat="22.3970707995" lon="114.0497631587"><ele>86.000</ele></trkpt>
      <trkpt lat="22.3971892047" lon="114.0496370445"><ele>84.000</ele></trkpt>
      <trkpt lat="22.3972783625" lon="114.0495689480"><ele>84.000</ele></trkpt>
      <trkpt lat="22.3973275990" lon="114.0495316738"><ele>84.000</ele></trkpt>
      <trkpt lat="22.3974047763" lon="114.0494686001"><ele>82.000</ele></trkpt>
      <trkpt lat="22.3974553211" lon="114.0494012544"><ele>80.000</ele></trkpt>
      <trkpt lat="22.3975298036" lon="114.0492980896"><ele>78.000</ele></trkpt>
      <trkpt lat="22.3976029400" lon="114.0491748798"><ele>78.000</ele></trkpt>
      <trkpt lat="22.3976907322" lon="114.0490645435"><ele>75.000</ele></trkpt>
      <trkpt lat="22.3978038334" lon="114.0489670709"><ele>74.000</ele></trkpt>
      <trkpt lat="22.3978368353" lon="114.0489422349"><ele>75.000</ele></trkpt>
      <trkpt lat="22.3979848104" lon="114.0488308740"><ele>74.000</ele></trkpt>
      <trkpt lat="22.3980433101" lon="114.0487854479"><ele>74.000</ele></trkpt>
      <trkpt lat="22.3981897370" lon="114.0486717445"><ele>70.000</ele></trkpt>
      <trkpt lat="22.3982331420" lon="114.0486401387"><ele>73.000</ele></trkpt>
      <trkpt lat="22.3983826939" lon="114.0485312405"><ele>68.000</ele></trkpt>
      <trkpt lat="22.3984758468" lon="114.0484638557"><ele>67.000</ele></trkpt>
      <trkpt lat="22.3985264027" lon="114.0484122601"><ele>68.000</ele></trkpt>
      <trkpt lat="22.3985463265" lon="114.0483506693"><ele>70.000</ele></trkpt>
      <trkpt lat="22.3985476167" lon="114.0482991198"><ele>70.000</ele></trkpt>
      <trkpt lat="22.3985369060" lon="114.0482246702"><ele>71.000</ele></trkpt>
      <trkpt lat="22.3984955602" lon="114.0481387931"><ele>72.000</ele></trkpt>
      <trkpt lat="22.3984675490" lon="114.0480758150"><ele>72.000</ele></trkpt>
      <trkpt lat="22.3984209166" lon="114.0480386282"><ele>72.000</ele></trkpt>
      <trkpt lat="22.3983383387" lon="114.0480086348"><ele>70.000</ele></trkpt>
      <trkpt lat="22.3983050229" lon="114.0479728673"><ele>70.000</ele></trkpt>
      <trkpt lat="22.3982663712" lon="114.0479249343"><ele>71.000</ele></trkpt>
      <trkpt lat="22.3981717504" lon="114.0478204918"><ele>72.000</ele></trkpt>
      <trkpt lat="22.3981131105" lon="114.0477532469"><ele>72.000</ele></trkpt>
      <trkpt lat="22.3980638162" lon="114.0477174942"><ele>72.000</ele></trkpt>
      <trkpt lat="22.3980287770" lon="114.0477082275"><ele>72.000</ele></trkpt>
      <trkpt lat="22.3978533929" lon="114.0476618442"><ele>73.000</ele></trkpt>
      <trkpt lat="22.3977468446" lon="114.0476275769"><ele>72.000</ele></trkpt>
      <trkpt lat="22.3976802414" lon="114.0475918414"><ele>74.000</ele></trkpt>
      <trkpt lat="22.3975643361" lon="114.0475117618"><ele>74.000</ele></trkpt>
      <trkpt lat="22.3974297667" lon="114.0474037784"><ele>72.000</ele></trkpt>
      <trkpt lat="22.3973724598" lon="114.0473379642"><ele>72.000</ele></trkpt>
      <trkpt lat="22.3973457908" lon="114.0472893039"><ele>72.000</ele></trkpt>
      <trkpt lat="22.3973284399" lon="114.0472377712"><ele>72.000</ele></trkpt>
      <trkpt lat="22.3973243920" lon="114.0471719077"><ele>72.000</ele></trkpt>
      <trkpt lat="22.3973390018" lon="114.0471260741"><ele>72.000</ele></trkpt>
      <trkpt lat="22.3973855574" lon="114.0470673228"><ele>72.000</ele></trkpt>
      <trkpt lat="22.3974547649" lon="114.0470285977"><ele>72.000</ele></trkpt>
      <trkpt lat="22.3975292893" lon="114.0469784110"><ele>70.000</ele></trkpt>
      <trkpt lat="22.3975745221" lon="114.0469311164"><ele>70.000</ele></trkpt>
      <trkpt lat="22.3975944603" lon="114.0468881416"><ele>72.000</ele></trkpt>
      <trkpt lat="22.3975944292" lon="114.0468494797"><ele>72.000</ele></trkpt>
      <trkpt lat="22.3975810882" lon="114.0468165589"><ele>70.000</ele></trkpt>
      <trkpt lat="22.3975557697" lon="114.0467922399"><ele>70.000</ele></trkpt>
      <trkpt lat="22.3974705271" lon="114.0467593851"><ele>72.000</ele></trkpt>
      <trkpt lat="22.3973786262" lon="114.0467265374"><ele>72.000</ele></trkpt>
      <trkpt lat="22.3973386405" lon="114.0466764582"><ele>74.000</ele></trkpt>
      <trkpt lat="22.3972853182" lon="114.0465991852"><ele>74.000</ele></trkpt>
      <trkpt lat="22.3972266951" lon="114.0465534187"><ele>74.000</ele></trkpt>
      <trkpt lat="22.3971361101" lon="114.0465005229"><ele>74.000</ele></trkpt>
      <trkpt lat="22.3970095461" lon="114.0464132953"><ele>74.000</ele></trkpt>
      <trkpt lat="22.3969482691" lon="114.0463789870"><ele>72.000</ele></trkpt>
      <trkpt lat="22.3967884397" lon="114.0463189968"><ele>70.000</ele></trkpt>
      <trkpt lat="22.3966485911" lon="114.0462690112"><ele>68.000</ele></trkpt>
      <trkpt lat="22.3965673390" lon="114.0462318579"><ele>68.000</ele></trkpt>
      <trkpt lat="22.3965167002" lon="114.0461810733"><ele>68.000</ele></trkpt>
      <trkpt lat="22.3964767047" lon="114.0461181077"><ele>67.000</ele></trkpt>
      <trkpt lat="22.3964100737" lon="114.0460494393"><ele>66.000</ele></trkpt>
      <trkpt lat="22.3963314847" lon="114.0460122827"><ele>66.000</ele></trkpt>
      <trkpt lat="22.3962821922" lon="114.0459793959"><ele>64.000</ele></trkpt>
      <trkpt lat="22.3962608481" lon="114.0459307323"><ele>64.000</ele></trkpt>
      <trkpt lat="22.3962301694" lon="114.0458634619"><ele>64.000</ele></trkpt>
      <trkpt lat="22.3962021459" lon="114.0457875984"><ele>64.000</ele></trkpt>
      <trkpt lat="22.3961954213" lon="114.0457045549"><ele>64.000</ele></trkpt>
      <trkpt lat="22.3962020263" lon="114.0456401135"><ele>64.000</ele></trkpt>
      <trkpt lat="22.3962299256" lon="114.0455627661"><ele>66.000</ele></trkpt>
      <trkpt lat="22.3962857684" lon="114.0454639131"><ele>66.000</ele></trkpt>
      <trkpt lat="22.3962900907" lon="114.0454573823"><ele>66.000</ele></trkpt>
      <trkpt lat="22.3963948186" lon="114.0452991432"><ele>69.000</ele></trkpt>
      <trkpt lat="22.3964014167" lon="114.0452890367"><ele>69.000</ele></trkpt>
      <trkpt lat="22.3965051961" lon="114.0451300764"><ele>72.000</ele></trkpt>
      <trkpt lat="22.3965703316" lon="114.0449975656"><ele>72.000</ele></trkpt>
      <trkpt lat="22.3965955663" lon="114.0449187870"><ele>74.000</ele></trkpt>
      <trkpt lat="22.3966128292" lon="114.0448614954"><ele>74.000</ele></trkpt>
      <trkpt lat="22.3966234117" lon="114.0447770039"><ele>74.000</ele></trkpt>
      <trkpt lat="22.3966326396" lon="114.0446638760"><ele>74.000</ele></trkpt>
      <trkpt lat="22.3966472285" lon="114.0445922676"><ele>75.000</ele></trkpt>
      <trkpt lat="22.3966817986" lon="114.0445320957"><ele>76.000</ele></trkpt>
      <trkpt lat="22.3967230400" lon="114.0444890997"><ele>74.000</ele></trkpt>
      <trkpt lat="22.3967735829" lon="114.0444231849"><ele>76.000</ele></trkpt>
      <trkpt lat="22.3968108031" lon="114.0443472596"><ele>76.000</ele></trkpt>
      <trkpt lat="22.3968174076" lon="114.0442828178"><ele>77.000</ele></trkpt>
      <trkpt lat="22.3968239977" lon="114.0441997613"><ele>76.000</ele></trkpt>
      <trkpt lat="22.3968252641" lon="114.0441210062"><ele>76.000</ele></trkpt>
      <trkpt lat="22.3968238484" lon="114.0440179112"><ele>76.000</ele></trkpt>
      <trkpt lat="22.3968304457" lon="114.0439448788"><ele>76.000</ele></trkpt>
      <trkpt lat="22.3968437093" lon="114.0438818621"><ele>76.000</ele></trkpt>
      <trkpt lat="22.3968782685" lon="114.0438088030"><ele>76.000</ele></trkpt>
      <trkpt lat="22.3969341309" lon="114.0437350070"><ele>76.000</ele></trkpt>
      <trkpt lat="22.3969713593" lon="114.0436705369"><ele>76.000</ele></trkpt>
      <trkpt lat="22.3969806452" lon="114.0436275709"><ele>76.000</ele></trkpt>
      <trkpt lat="22.3969819374" lon="114.0435803173"><ele>76.000</ele></trkpt>
      <trkpt lat="22.3969765404" lon="114.0434944083"><ele>76.000</ele></trkpt>
      <trkpt lat="22.3969817921" lon="114.0434041938"><ele>76.000</ele></trkpt>
      <trkpt lat="22.3969896951" lon="114.0432996584"><ele>76.000</ele></trkpt>
      <trkpt lat="22.3970042518" lon="114.0431908203"><ele>79.000</ele></trkpt>
      <trkpt lat="22.3970267881" lon="114.0430705201"><ele>78.000</ele></trkpt>
      <trkpt lat="22.3970626579" lon="114.0429731161"><ele>78.000</ele></trkpt>
      <trkpt lat="22.3971118466" lon="114.0428799965"><ele>79.000</ele></trkpt>
      <trkpt lat="22.3971810068" lon="114.0427854244"><ele>80.000</ele></trkpt>
      <trkpt lat="22.3972541813" lon="114.0427151917"><ele>80.000</ele></trkpt>
      <trkpt lat="22.3973047233" lon="114.0426478436"><ele>80.000</ele></trkpt>
      <trkpt lat="22.3973379630" lon="114.0425905361"><ele>80.000</ele></trkpt>
      <trkpt lat="22.3973525697" lon="114.0425425538"><ele>80.000</ele></trkpt>
      <trkpt lat="22.3973644889" lon="114.0424652196"><ele>80.000</ele></trkpt>
      <trkpt lat="22.3973670473" lon="114.0423392094"><ele>80.000</ele></trkpt>
      <trkpt lat="22.3973722996" lon="114.0422504271"><ele>79.000</ele></trkpt>
      <trkpt lat="22.3973616019" lon="114.0421960247"><ele>79.000</ele></trkpt>
      <trkpt lat="22.3973322731" lon="114.0421530967"><ele>78.000</ele></trkpt>
      <trkpt lat="22.3972922796" lon="114.0420944272"><ele>79.000</ele></trkpt>
      <trkpt lat="22.3972669258" lon="114.0420285844"><ele>79.000</ele></trkpt>
      <trkpt lat="22.3972481884" lon="114.0419126189"><ele>80.000</ele></trkpt>
      <trkpt lat="22.3972436539" lon="114.0418680234"><ele>82.000</ele></trkpt>
      <trkpt lat="22.3972240221" lon="114.0416749475"><ele>87.000</ele></trkpt>
      <trkpt lat="22.3972142696" lon="114.0415555832"><ele>86.000</ele></trkpt>
      <trkpt lat="22.3971984613" lon="114.0413621019"><ele>88.000</ele></trkpt>
      <trkpt lat="22.3971944841" lon="114.0413285557"><ele>89.000</ele></trkpt>
      <trkpt lat="22.3971716417" lon="114.0411358887"><ele>90.000</ele></trkpt>
      <trkpt lat="22.3971696041" lon="114.0411156549"><ele>90.000</ele></trkpt>
      <trkpt lat="22.3971501587" lon="114.0409225572"><ele>92.000</ele></trkpt>
      <trkpt lat="22.3971313758" lon="114.0407536119"><ele>98.000</ele></trkpt>
      <trkpt lat="22.3971179314" lon="114.0406004112"><ele>99.000</ele></trkpt>
      <trkpt lat="22.3971058562" lon="114.0404915997"><ele>100.000</ele></trkpt>
      <trkpt lat="22.3971084287" lon="114.0403842044"><ele>102.000</ele></trkpt>
      <trkpt lat="22.3971283120" lon="114.0402782246"><ele>104.000</ele></trkpt>
      <trkpt lat="22.3971668546" lon="114.0401944208"><ele>106.000</ele></trkpt>
      <trkpt lat="22.3972080622" lon="114.0401127626"><ele>108.000</ele></trkpt>
      <trkpt lat="22.3972545959" lon="114.0400310990"><ele>108.000</ele></trkpt>
      <trkpt lat="22.3972745080" lon="114.0399594846"><ele>110.000</ele></trkpt>
      <trkpt lat="22.3972744183" lon="114.0398535242"><ele>112.000</ele></trkpt>
      <trkpt lat="22.3972876345" lon="114.0397375277"><ele>114.000</ele></trkpt>
      <trkpt lat="22.3973367919" lon="114.0396086089"><ele>116.000</ele></trkpt>
      <trkpt lat="22.3974072545" lon="114.0394825330"><ele>118.000</ele></trkpt>
      <trkpt lat="22.3974324901" lon="114.0394080493"><ele>118.000</ele></trkpt>
      <trkpt lat="22.3974284159" lon="114.0393149797"><ele>120.000</ele></trkpt>
      <trkpt lat="22.3974097070" lon="114.0392348114"><ele>122.000</ele></trkpt>
      <trkpt lat="22.3973710277" lon="114.0391575267"><ele>122.000</ele></trkpt>
      <trkpt lat="22.3973217156" lon="114.0391031635"><ele>122.000</ele></trkpt>
      <trkpt lat="22.3972710593" lon="114.0390344824"><ele>123.000</ele></trkpt>
      <trkpt lat="22.3972470423" lon="114.0389757981"><ele>124.000</ele></trkpt>
      <trkpt lat="22.3972469898" lon="114.0389142263"><ele>126.000</ele></trkpt>
      <trkpt lat="22.3972615765" lon="114.0388440494"><ele>126.000</ele></trkpt>
      <trkpt lat="22.3972881619" lon="114.0387917586"><ele>126.000</ele></trkpt>
      <trkpt lat="22.3973413775" lon="114.0387387258"><ele>128.000</ele></trkpt>
      <trkpt lat="22.3974052580" lon="114.0387014332"><ele>130.000</ele></trkpt>
      <trkpt lat="22.3975064077" lon="114.0386497854"><ele>130.000</ele></trkpt>
      <trkpt lat="22.3975995789" lon="114.0386095999"><ele>132.000</ele></trkpt>
      <trkpt lat="22.3976794330" lon="114.0385665637"><ele>134.000</ele></trkpt>
      <trkpt lat="22.3977579416" lon="114.0385077779"><ele>136.000</ele></trkpt>
      <trkpt lat="22.3978297930" lon="114.0384489995"><ele>137.000</ele></trkpt>
      <trkpt lat="22.3978923096" lon="114.0383744785"><ele>138.000</ele></trkpt>
      <trkpt lat="22.3979388191" lon="114.0382656076"><ele>140.000</ele></trkpt>
      <trkpt lat="22.3979627000" lon="114.0381653507"><ele>140.000</ele></trkpt>
      <trkpt lat="22.3979905477" lon="114.0380321556"><ele>144.000</ele></trkpt>
      <trkpt lat="22.3980050848" lon="114.0379047014"><ele>144.000</ele></trkpt>
      <trkpt lat="22.3979970226" lon="114.0378187956"><ele>146.000</ele></trkpt>
      <trkpt lat="22.3979729889" lon="114.0377422122"><ele>148.000</ele></trkpt>
      <trkpt lat="22.3979383118" lon="114.0376749477"><ele>148.000</ele></trkpt>
      <trkpt lat="22.3978916438" lon="114.0375991026"><ele>148.000</ele></trkpt>
      <trkpt lat="22.3978476413" lon="114.0375261197"><ele>148.000</ele></trkpt>
      <trkpt lat="22.3978276155" lon="114.0374645675"><ele>148.000</ele></trkpt>
      <trkpt lat="22.3978208990" lon="114.0373958429"><ele>148.000</ele></trkpt>
      <trkpt lat="22.3978195074" lon="114.0373256815"><ele>148.000</ele></trkpt>
      <trkpt lat="22.3978274092" lon="114.0372254405"><ele>148.000</ele></trkpt>
      <trkpt lat="22.3978619295" lon="114.0371108534"><ele>148.000</ele></trkpt>
      <trkpt lat="22.3979004659" lon="114.0370206048"><ele>148.000</ele></trkpt>
      <trkpt lat="22.3979642893" lon="114.0369188763"><ele>148.000</ele></trkpt>
      <trkpt lat="22.3979657653" lon="114.0369168557"><ele>148.000</ele></trkpt>
      <trkpt lat="22.3980773335" lon="114.0367641169"><ele>148.000</ele></trkpt>
      <trkpt lat="22.3981017582" lon="114.0367323576"><ele>150.000</ele></trkpt>
      <trkpt lat="22.3982168643" lon="114.0365826856"><ele>150.000</ele></trkpt>
      <trkpt lat="22.3983319702" lon="114.0364330133"><ele>152.000</ele></trkpt>
      <trkpt lat="22.3984470760" lon="114.0362833407"><ele>154.000</ele></trkpt>
      <trkpt lat="22.3984832233" lon="114.0362362148"><ele>156.000</ele></trkpt>
      <trkpt lat="22.3985981497" lon="114.0360863828"><ele>158.000</ele></trkpt>
      <trkpt lat="22.3987130760" lon="114.0359365505"><ele>160.000</ele></trkpt>
      <trkpt lat="22.3987507825" lon="114.0358866571"><ele>160.000</ele></trkpt>
      <trkpt lat="22.3988646927" lon="114.0357359300"><ele>160.000</ele></trkpt>
      <trkpt lat="22.3989139022" lon="114.0356714439"><ele>160.000</ele></trkpt>
      <trkpt lat="22.3989444535" lon="114.0355869301"><ele>160.000</ele></trkpt>
      <trkpt lat="22.3989696551" lon="114.0354766475"><ele>160.000</ele></trkpt>
      <trkpt lat="22.3989703178" lon="114.0354688663"><ele>158.000</ele></trkpt>
      <trkpt lat="22.3989867887" lon="114.0352754465"><ele>160.000</ele></trkpt>
      <trkpt lat="22.3989907299" lon="114.0352138699"><ele>159.000</ele></trkpt>
      <trkpt lat="22.3990066410" lon="114.0351379616"><ele>159.000</ele></trkpt>
      <trkpt lat="22.3990372071" lon="114.0350706312"><ele>158.000</ele></trkpt>
      <trkpt lat="22.3990704542" lon="114.0350247758"><ele>158.000</ele></trkpt>
      <trkpt lat="22.3991263244" lon="114.0349645789"><ele>158.000</ele></trkpt>
      <trkpt lat="22.3992087979" lon="114.0348728529"><ele>158.000</ele></trkpt>
      <trkpt lat="22.3992859464" lon="114.0347825636"><ele>157.000</ele></trkpt>
      <trkpt lat="22.3993577892" lon="114.0347166224"><ele>158.000</ele></trkpt>
      <trkpt lat="22.3994203175" lon="114.0346564175"><ele>157.000</ele></trkpt>
      <trkpt lat="22.3994588844" lon="114.0346033972"><ele>157.000</ele></trkpt>
      <trkpt lat="22.3994548360" lon="114.0345418285"><ele>156.000</ele></trkpt>
      <trkpt lat="22.3994468039" lon="114.0344931520"><ele>157.000</ele></trkpt>
      <trkpt lat="22.3994267669" lon="114.0344201449"><ele>157.000</ele></trkpt>
      <trkpt lat="22.3994080833" lon="114.0343714783"><ele>156.000</ele></trkpt>
      <trkpt lat="22.3993973729" lon="114.0343056210"><ele>156.000</ele></trkpt>
      <trkpt lat="22.3994053003" lon="114.0342354493"><ele>156.000</ele></trkpt>
      <trkpt lat="22.3994278634" lon="114.0341530904"><ele>155.000</ele></trkpt>
      <trkpt lat="22.3994318235" lon="114.0341144249"><ele>155.000</ele></trkpt>
      <trkpt lat="22.3994264404" lon="114.0340499936"><ele>155.000</ele></trkpt>
      <trkpt lat="22.3994104138" lon="114.0339955975"><ele>152.000</ele></trkpt>
      <trkpt lat="22.3993730755" lon="114.0339311989"><ele>150.000</ele></trkpt>
      <trkpt lat="22.3993277495" lon="114.0338696725"><ele>150.000</ele></trkpt>
      <trkpt lat="22.3992757725" lon="114.0338153132"><ele>150.000</ele></trkpt>
      <trkpt lat="22.3992078369" lon="114.0337824481"><ele>148.000</ele></trkpt>
      <trkpt lat="22.3991159449" lon="114.0337624957"><ele>148.000</ele></trkpt>
      <trkpt lat="22.3990293930" lon="114.0337582889"><ele>148.000</ele></trkpt>
      <trkpt lat="22.3989588323" lon="114.0337683843"><ele>146.000</ele></trkpt>
      <trkpt lat="22.3988869485" lon="114.0337885043"><ele>146.000</ele></trkpt>
      <trkpt lat="22.3988177426" lon="114.0338243734"><ele>144.000</ele></trkpt>
      <trkpt lat="22.3987591770" lon="114.0338487751"><ele>146.000</ele></trkpt>
      <trkpt lat="22.3986926219" lon="114.0338717544"><ele>144.000</ele></trkpt>
      <trkpt lat="22.3986393658" lon="114.0338761042"><ele>144.000</ele></trkpt>
      <trkpt lat="22.3985754383" lon="114.0338589871"><ele>146.000</ele></trkpt>
      <trkpt lat="22.3985327905" lon="114.0338146408"><ele>146.000</ele></trkpt>
      <trkpt lat="22.3984914836" lon="114.0337803172"><ele>145.000</ele></trkpt>
      <trkpt lat="22.3984355390" lon="114.0337560328"><ele>146.000</ele></trkpt>
      <trkpt lat="22.3983596293" lon="114.0337403595"><ele>146.000</ele></trkpt>
      <trkpt lat="22.3982158237" lon="114.0337376428"><ele>146.000</ele></trkpt>
      <trkpt lat="22.3981079768" lon="114.0337434809"><ele>144.000</ele></trkpt>
      <trkpt lat="22.3980320747" lon="114.0337363984"><ele>144.000</ele></trkpt>
      <trkpt lat="22.3979681422" lon="114.0337135537"><ele>145.000</ele></trkpt>
      <trkpt lat="22.3978389539" lon="114.0336778878"><ele>146.000</ele></trkpt>
      <trkpt lat="22.3977164427" lon="114.0336636948"><ele>146.000</ele></trkpt>
      <trkpt lat="22.3976378902" lon="114.0336709345"><ele>146.000</ele></trkpt>
      <trkpt lat="22.3975447178" lon="114.0337082594"><ele>146.000</ele></trkpt>
      <trkpt lat="22.3974715156" lon="114.0337426999"><ele>146.000</ele></trkpt>
      <trkpt lat="22.3974182876" lon="114.0337799838"><ele>146.000</ele></trkpt>
      <trkpt lat="22.3973903671" lon="114.0338258334"><ele>144.000</ele></trkpt>
      <trkpt lat="22.3973318506" lon="114.0339046474"><ele>144.000</ele></trkpt>
      <trkpt lat="22.3972812908" lon="114.0339476563"><ele>143.000</ele></trkpt>
      <trkpt lat="22.3972213951" lon="114.0339720590"><ele>144.000</ele></trkpt>
      <trkpt lat="22.3971574903" lon="114.0339807159"><ele>144.000</ele></trkpt>
      <trkpt lat="22.3971042244" lon="114.0339750426"><ele>144.000</ele></trkpt>
      <trkpt lat="22.3970269710" lon="114.0339450513"><ele>144.000</ele></trkpt>
      <trkpt lat="22.3969723348" lon="114.0338949919"><ele>144.000</ele></trkpt>
      <trkpt lat="22.3968870401" lon="114.0338063011"><ele>144.000</ele></trkpt>
      <trkpt lat="22.3968403897" lon="114.0337533688"><ele>144.000</ele></trkpt>
      <trkpt lat="22.3968030563" lon="114.0336946992"><ele>142.000</ele></trkpt>
      <trkpt lat="22.3967830316" lon="114.0336360129"><ele>142.000</ele></trkpt>
      <trkpt lat="22.3967723171" lon="114.0335658606"><ele>142.000</ele></trkpt>
      <trkpt lat="22.3967722244" lon="114.0334613331"><ele>142.000</ele></trkpt>
      <trkpt lat="22.3967721470" lon="114.0333739877"><ele>142.000</ele></trkpt>
      <trkpt lat="22.3967707396" lon="114.0332880751"><ele>142.000</ele></trkpt>
      <trkpt lat="22.3967826493" lon="114.0332050137"><ele>142.000</ele></trkpt>
      <trkpt lat="22.3968105557" lon="114.0331434134"><ele>140.000</ele></trkpt>
      <trkpt lat="22.3968530904" lon="114.0330603195"><ele>140.000</ele></trkpt>
      <trkpt lat="22.3968756561" lon="114.0329815424"><ele>142.000</ele></trkpt>
      <trkpt lat="22.3968782517" lon="114.0329056497"><ele>142.000</ele></trkpt>
      <trkpt lat="22.3968675471" lon="114.0328469529"><ele>142.000</ele></trkpt>
      <trkpt lat="22.3968475144" lon="114.0327796741"><ele>142.000</ele></trkpt>
      <trkpt lat="22.3968168341" lon="114.0327167026"><ele>143.000</ele></trkpt>
      <trkpt lat="22.3967781675" lon="114.0326580347"><ele>142.000</ele></trkpt>
      <trkpt lat="22.3967315252" lon="114.0326136944"><ele>142.000</ele></trkpt>
      <trkpt lat="22.3966502554" lon="114.0325600825"><ele>144.000</ele></trkpt>
      <trkpt lat="22.3965969571" lon="114.0325171805"><ele>144.000</ele></trkpt>
      <trkpt lat="22.3965556333" lon="114.0324642432"><ele>144.000</ele></trkpt>
      <trkpt lat="22.3965129672" lon="114.0323998519"><ele>144.000</ele></trkpt>
      <trkpt lat="22.3964942689" lon="114.0323354368"><ele>144.000</ele></trkpt>
      <trkpt lat="22.3964901958" lon="114.0322480957"><ele>144.000</ele></trkpt>
      <trkpt lat="22.3964914381" lon="114.0321478623"><ele>146.000</ele></trkpt>
      <trkpt lat="22.3964899587" lon="114.0319831963"><ele>146.000</ele></trkpt>
      <trkpt lat="22.3964857906" lon="114.0317891798"><ele>143.000</ele></trkpt>
      <trkpt lat="22.3964803989" lon="114.0317161594"><ele>143.000</ele></trkpt>
      <trkpt lat="22.3964683370" lon="114.0316288267"><ele>144.000</ele></trkpt>
      <trkpt lat="22.3964469226" lon="114.0315057059"><ele>144.000</ele></trkpt>
      <trkpt lat="22.3964201990" lon="114.0314026377"><ele>142.000</ele></trkpt>
      <trkpt lat="22.3964174303" lon="114.0312852263"><ele>143.000</ele></trkpt>
      <trkpt lat="22.3964147037" lon="114.0312136347"><ele>144.000</ele></trkpt>
      <trkpt lat="22.3963999785" lon="114.0311263048"><ele>144.000</ele></trkpt>
      <trkpt lat="22.3963625967" lon="114.0310160877"><ele>142.000</ele></trkpt>
      <trkpt lat="22.3963332598" lon="114.0309674347"><ele>142.000</ele></trkpt>
      <trkpt lat="22.3963056361" lon="114.0309571142"><ele>142.000</ele></trkpt>
      <trkpt lat="22.3962824860" lon="114.0309436416"><ele>142.000</ele></trkpt>
      <trkpt lat="22.3962496360" lon="114.0309247953"><ele>144.000</ele></trkpt>
      <trkpt lat="22.3962234664" lon="114.0309286828"><ele>144.000</ele></trkpt>
      <trkpt lat="22.3961984129" lon="114.0309324041"><ele>148.000</ele></trkpt>
      <trkpt lat="22.3961621653" lon="114.0309433088"><ele>152.000</ele></trkpt>
      <trkpt lat="22.3961466419" lon="114.0309732842"><ele>151.000</ele></trkpt>
      <trkpt lat="22.3961245821" lon="114.0309791602"><ele>155.000</ele></trkpt>
      <trkpt lat="22.3961094181" lon="114.0309831994"><ele>155.000</ele></trkpt>
      <trkpt lat="22.3960991247" lon="114.0309746254"><ele>155.000</ele></trkpt>
      <trkpt lat="22.3960991233" lon="114.0309590864"><ele>155.000</ele></trkpt>
      <trkpt lat="22.3960991196" lon="114.0309289728"><ele>156.000</ele></trkpt>
      <trkpt lat="22.3960825329" lon="114.0309025463"><ele>157.000</ele></trkpt>
      <trkpt lat="22.3960652785" lon="114.0308866787"><ele>160.000</ele></trkpt>
      <trkpt lat="22.3960398244" lon="114.0308727871"><ele>160.000</ele></trkpt>
      <trkpt lat="22.3959795785" lon="114.0308339078"><ele>164.000</ele></trkpt>
      <trkpt lat="22.3959283421" lon="114.0307967769"><ele>165.000</ele></trkpt>
      <trkpt lat="22.3959215057" lon="114.0307844129"><ele>165.000</ele></trkpt>
      <trkpt lat="22.3959022194" lon="114.0307495299"><ele>164.000</ele></trkpt>
      <trkpt lat="22.3959023466" lon="114.0307344657"><ele>164.000</ele></trkpt>
      <trkpt lat="22.3959026763" lon="114.0306955543"><ele>164.000</ele></trkpt>
      <trkpt lat="22.3958879837" lon="114.0306595458"><ele>166.000</ele></trkpt>
      <trkpt lat="22.3958644593" lon="114.0306215839"><ele>166.000</ele></trkpt>
      <trkpt lat="22.3958353629" lon="114.0305854593"><ele>167.000</ele></trkpt>
      <trkpt lat="22.3958114376" lon="114.0305526205"><ele>166.000</ele></trkpt>
      <trkpt lat="22.3957586601" lon="114.0304680831"><ele>170.000</ele></trkpt>
      <trkpt lat="22.3957045126" lon="114.0303905062"><ele>172.000</ele></trkpt>
      <trkpt lat="22.3956914492" lon="114.0303607734"><ele>172.000</ele></trkpt>
      <trkpt lat="22.3956867061" lon="114.0303375462"><ele>172.000</ele></trkpt>
      <trkpt lat="22.3956902157" lon="114.0303019742"><ele>172.000</ele></trkpt>
      <trkpt lat="22.3956954679" lon="114.0302741985"><ele>170.000</ele></trkpt>
      <trkpt lat="22.3956971240" lon="114.0302442531"><ele>170.000</ele></trkpt>
      <trkpt lat="22.3956959349" lon="114.0301995652"><ele>170.000</ele></trkpt>
      <trkpt lat="22.3956934531" lon="114.0301555060"><ele>170.000</ele></trkpt>
      <trkpt lat="22.3956925792" lon="114.0300851859"><ele>170.000</ele></trkpt>
      <trkpt lat="22.3956934525" lon="114.0300365220"><ele>170.000</ele></trkpt>
      <trkpt lat="22.3956943678" lon="114.0299852788"><ele>170.000</ele></trkpt>
      <trkpt lat="22.3956909984" lon="114.0299623590"><ele>170.000</ele></trkpt>
      <trkpt lat="22.3956853229" lon="114.0299237569"><ele>169.000</ele></trkpt>
      <trkpt lat="22.3956670420" lon="114.0298774691"><ele>170.000</ele></trkpt>
      <trkpt lat="22.3956570900" lon="114.0298562071"><ele>170.000</ele></trkpt>
      <trkpt lat="22.3956557694" lon="114.0298219803"><ele>170.000</ele></trkpt>
      <trkpt lat="22.3956550184" lon="114.0298025256"><ele>170.000</ele></trkpt>
      <trkpt lat="22.3956337357" lon="114.0297701018"><ele>168.000</ele></trkpt>
      <trkpt lat="22.3956162142" lon="114.0297526420"><ele>168.000</ele></trkpt>
      <trkpt lat="22.3955719165" lon="114.0297173650"><ele>166.000</ele></trkpt>
      <trkpt lat="22.3955242405" lon="114.0296751937"><ele>162.000</ele></trkpt>
      <trkpt lat="22.3955044260" lon="114.0296436511"><ele>160.000</ele></trkpt>
      <trkpt lat="22.3954512609" lon="114.0295347268"><ele>158.000</ele></trkpt>
      <trkpt lat="22.3954379392" lon="114.0295099608"><ele>160.000</ele></trkpt>
      <trkpt lat="22.3954224693" lon="114.0294894514"><ele>160.000</ele></trkpt>
      <trkpt lat="22.3954042780" lon="114.0294653344"><ele>160.000</ele></trkpt>
      <trkpt lat="22.3953765700" lon="114.0294378692"><ele>162.000</ele></trkpt>
      <trkpt lat="22.3953296397" lon="114.0293886401"><ele>162.000</ele></trkpt>
      <trkpt lat="22.3953008688" lon="114.0293601710"><ele>162.000</ele></trkpt>
      <trkpt lat="22.3952672561" lon="114.0293291267"><ele>161.000</ele></trkpt>
      <trkpt lat="22.3952295052" lon="114.0292995775"><ele>162.000</ele></trkpt>
      <trkpt lat="22.3951975883" lon="114.0292812599"><ele>164.000</ele></trkpt>
      <trkpt lat="22.3951708801" lon="114.0292638730"><ele>164.000</ele></trkpt>
      <trkpt lat="22.3951531060" lon="114.0292496804"><ele>163.000</ele></trkpt>
      <trkpt lat="22.3951151138" lon="114.0292011694"><ele>163.000</ele></trkpt>
      <trkpt lat="22.3950553938" lon="114.0291146465"><ele>164.000</ele></trkpt>
      <trkpt lat="22.3949818662" lon="114.0290084120"><ele>164.000</ele></trkpt>
      <trkpt lat="22.3949649200" lon="114.0289633894"><ele>162.000</ele></trkpt>
      <trkpt lat="22.3949467941" lon="114.0288904184"><ele>164.000</ele></trkpt>
      <trkpt lat="22.3949261940" lon="114.0288018655"><ele>162.000</ele></trkpt>
      <trkpt lat="22.3949080237" lon="114.0287417143"><ele>162.000</ele></trkpt>
      <trkpt lat="22.3948970172" lon="114.0286843426"><ele>162.000</ele></trkpt>
      <trkpt lat="22.3949041718" lon="114.0285786871"><ele>160.000</ele></trkpt>
      <trkpt lat="22.3949049772" lon="114.0285361717"><ele>159.000</ele></trkpt>
      <trkpt lat="22.3948969670" lon="114.0284297204"><ele>158.000</ele></trkpt>
      <trkpt lat="22.3948907557" lon="114.0283527912"><ele>158.000</ele></trkpt>
      <trkpt lat="22.3948852439" lon="114.0283031341"><ele>158.000</ele></trkpt>
      <trkpt lat="22.3948852141" lon="114.0282775821"><ele>158.000</ele></trkpt>
      <trkpt lat="22.3948909565" lon="114.0282400821"><ele>158.000</ele></trkpt>
      <trkpt lat="22.3949072111" lon="114.0282073178"><ele>159.000</ele></trkpt>
      <trkpt lat="22.3949243613" lon="114.0281744262"><ele>160.000</ele></trkpt>
      <trkpt lat="22.3949393374" lon="114.0281468519"><ele>160.000</ele></trkpt>
      <trkpt lat="22.3949494033" lon="114.0281140368"><ele>162.000</ele></trkpt>
      <trkpt lat="22.3949504271" lon="114.0280783277"><ele>164.000</ele></trkpt>
      <trkpt lat="22.3949480826" lon="114.0280526053"><ele>164.000</ele></trkpt>
      <trkpt lat="22.3949499291" lon="114.0280082135"><ele>164.000</ele></trkpt>
      <trkpt lat="22.3949460352" lon="114.0279671006"><ele>166.000</ele></trkpt>
      <trkpt lat="22.3949423384" lon="114.0279339894"><ele>168.000</ele></trkpt>
      <trkpt lat="22.3949485363" lon="114.0278999781"><ele>168.000</ele></trkpt>
      <trkpt lat="22.3949612564" lon="114.0278546289"><ele>170.000</ele></trkpt>
      <trkpt lat="22.3949767890" lon="114.0278332827"><ele>170.000</ele></trkpt>
      <trkpt lat="22.3950180333" lon="114.0277884352"><ele>173.000</ele></trkpt>
      <trkpt lat="22.3950697436" lon="114.0277413294"><ele>174.000</ele></trkpt>
      <trkpt lat="22.3950974188" lon="114.0277231448"><ele>177.000</ele></trkpt>
      <trkpt lat="22.3951256426" lon="114.0276975189"><ele>176.000</ele></trkpt>
      <trkpt lat="22.3951574911" lon="114.0276611185"><ele>178.000</ele></trkpt>
      <trkpt lat="22.3951619209" lon="114.0276467422"><ele>178.000</ele></trkpt>
      <trkpt lat="22.3951718527" lon="114.0276067865"><ele>176.000</ele></trkpt>
      <trkpt lat="22.3951760197" lon="114.0275709108"><ele>175.000</ele></trkpt>
      <trkpt lat="22.3951778343" lon="114.0275214342"><ele>175.000</ele></trkpt>
      <trkpt lat="22.3951797440" lon="114.0274693413"><ele>175.000</ele></trkpt>
      <trkpt lat="22.3951819037" lon="114.0273809439"><ele>175.000</ele></trkpt>
      <trkpt lat="22.3951831132" lon="114.0273314252"><ele>175.000</ele></trkpt>
      <trkpt lat="22.3951778547" lon="114.0272435416"><ele>174.000</ele></trkpt>
      <trkpt lat="22.3951702720" lon="114.0271168215"><ele>177.000</ele></trkpt>
      <trkpt lat="22.3951671683" lon="114.0270759921"><ele>177.000</ele></trkpt>
      <trkpt lat="22.3951626840" lon="114.0270265301"><ele>178.000</ele></trkpt>
      <trkpt lat="22.3951518832" lon="114.0269901382"><ele>180.000</ele></trkpt>
      <trkpt lat="22.3951300549" lon="114.0269737468"><ele>180.000</ele></trkpt>
      <trkpt lat="22.3951072489" lon="114.0269615973"><ele>180.000</ele></trkpt>
      <trkpt lat="22.3950628683" lon="114.0269447804"><ele>180.000</ele></trkpt>
      <trkpt lat="22.3950378405" lon="114.0269382056"><ele>180.000</ele></trkpt>
      <trkpt lat="22.3950125654" lon="114.0269335966"><ele>180.000</ele></trkpt>
      <trkpt lat="22.3949865787" lon="114.0269310859"><ele>180.000</ele></trkpt>
      <trkpt lat="22.3949661627" lon="114.0269312068"><ele>180.000</ele></trkpt>
      <trkpt lat="22.3949501278" lon="114.0269327545"><ele>180.000</ele></trkpt>
      <trkpt lat="22.3949041554" lon="114.0269415817"><ele>180.000</ele></trkpt>
      <trkpt lat="22.3948526253" lon="114.0269518823"><ele>180.000</ele></trkpt>
      <trkpt lat="22.3947748400" lon="114.0269681823"><ele>180.000</ele></trkpt>
      <trkpt lat="22.3947205834" lon="114.0269792655"><ele>180.000</ele></trkpt>
      <trkpt lat="22.3946617555" lon="114.0269835772"><ele>180.000</ele></trkpt>
      <trkpt lat="22.3946212003" lon="114.0269784485"><ele>180.000</ele></trkpt>
      <trkpt lat="22.3945939812" lon="114.0269732900"><ele>180.000</ele></trkpt>
      <trkpt lat="22.3945362310" lon="114.0269593309"><ele>182.000</ele></trkpt>
      <trkpt lat="22.3945041441" lon="114.0269498659"><ele>182.000</ele></trkpt>
      <trkpt lat="22.3944573819" lon="114.0269356464"><ele>182.000</ele></trkpt>
      <trkpt lat="22.3944067726" lon="114.0269194423"><ele>182.000</ele></trkpt>
      <trkpt lat="22.3943346608" lon="114.0268963527"><ele>184.000</ele></trkpt>
      <trkpt lat="22.3942425860" lon="114.0268710898"><ele>184.000</ele></trkpt>
      <trkpt lat="22.3941785929" lon="114.0268599790"><ele>186.000</ele></trkpt>
      <trkpt lat="22.3941471827" lon="114.0268557087"><ele>186.000</ele></trkpt>
      <trkpt lat="22.3940762902" lon="114.0268474157"><ele>190.000</ele></trkpt>
      <trkpt lat="22.3939969304" lon="114.0268368312"><ele>194.000</ele></trkpt>
      <trkpt lat="22.3939502520" lon="114.0268312323"><ele>193.000</ele></trkpt>
      <trkpt lat="22.3938933889" lon="114.0268254201"><ele>194.000</ele></trkpt>
      <trkpt lat="22.3938488770" lon="114.0268208706"><ele>197.000</ele></trkpt>
      <trkpt lat="22.3937675297" lon="114.0268163509"><ele>199.000</ele></trkpt>
      <trkpt lat="22.3937307314" lon="114.0268153183"><ele>199.000</ele></trkpt>
      <trkpt lat="22.3936851087" lon="114.0268156080"><ele>199.000</ele></trkpt>
      <trkpt lat="22.3936085376" lon="114.0268187880"><ele>200.000</ele></trkpt>
      <trkpt lat="22.3935572053" lon="114.0268165260"><ele>201.000</ele></trkpt>
      <trkpt lat="22.3935326713" lon="114.0268185033"><ele>201.000</ele></trkpt>
      <trkpt lat="22.3934982325" lon="114.0268251719"><ele>201.000</ele></trkpt>
      <trkpt lat="22.3934563216" lon="114.0268247896"><ele>202.000</ele></trkpt>
      <trkpt lat="22.3934451894" lon="114.0268185262"><ele>202.000</ele></trkpt>
      <trkpt lat="22.3934173889" lon="114.0268028843"><ele>202.000</ele></trkpt>
      <trkpt lat="22.3934045867" lon="114.0267671807"><ele>202.000</ele></trkpt>
      <trkpt lat="22.3934026119" lon="114.0267313781"><ele>202.000</ele></trkpt>
      <trkpt lat="22.3934047551" lon="114.0266957071"><ele>202.000</ele></trkpt>
      <trkpt lat="22.3934148962" lon="114.0266644052"><ele>202.000</ele></trkpt>
      <trkpt lat="22.3934245204" lon="114.0266347003"><ele>204.000</ele></trkpt>
      <trkpt lat="22.3934341946" lon="114.0265888633"><ele>204.000</ele></trkpt>
      <trkpt lat="22.3934272257" lon="114.0265673055"><ele>204.000</ele></trkpt>
      <trkpt lat="22.3934209359" lon="114.0265478483"><ele>204.000</ele></trkpt>
      <trkpt lat="22.3934125397" lon="114.0265394398"><ele>204.000</ele></trkpt>
      <trkpt lat="22.3933919771" lon="114.0265188472"><ele>204.000</ele></trkpt>
      <trkpt lat="22.3933665625" lon="114.0265002710"><ele>204.000</ele></trkpt>
      <trkpt lat="22.3933399218" lon="114.0264888445"><ele>202.000</ele></trkpt>
      <trkpt lat="22.3933186020" lon="114.0264716856"><ele>202.000</ele></trkpt>
      <trkpt lat="22.3932852992" lon="114.0264559710"><ele>202.000</ele></trkpt>
      <trkpt lat="22.3932586519" lon="114.0264373855"><ele>200.000</ele></trkpt>
      <trkpt lat="22.3932280082" lon="114.0264173720"><ele>200.000</ele></trkpt>
      <trkpt lat="22.3932093595" lon="114.0264088016"><ele>200.000</ele></trkpt>
      <trkpt lat="22.3931867051" lon="114.0263887794"><ele>199.000</ele></trkpt>
      <trkpt lat="22.3931613898" lon="114.0263701925"><ele>200.000</ele></trkpt>
      <trkpt lat="22.3931493774" lon="114.0263401371"><ele>200.000</ele></trkpt>
      <trkpt lat="22.3931400278" lon="114.0263086455"><ele>200.000</ele></trkpt>
      <trkpt lat="22.3931360083" lon="114.0262814453"><ele>200.000</ele></trkpt>
      <trkpt lat="22.3931293203" lon="114.0262485194"><ele>200.000</ele></trkpt>
      <trkpt lat="22.3931252959" lon="114.0262170230"><ele>200.000</ele></trkpt>
      <trkpt lat="22.3931132791" lon="114.0261812400"><ele>200.000</ele></trkpt>
      <trkpt lat="22.3931026001" lon="114.0261526136"><ele>199.000</ele></trkpt>
      <trkpt lat="22.3930865944" lon="114.0261225626"><ele>200.000</ele></trkpt>
      <trkpt lat="22.3930652426" lon="114.0260710383"><ele>200.000</ele></trkpt>
      <trkpt lat="22.3930558919" lon="114.0260395477"><ele>198.000</ele></trkpt>
      <trkpt lat="22.3930265388" lon="114.0259751466"><ele>199.000</ele></trkpt>
      <trkpt lat="22.3930051882" lon="114.0259250548"><ele>199.000</ele></trkpt>
      <trkpt lat="22.3929944971" lon="114.0258835419"><ele>198.000</ele></trkpt>
      <trkpt lat="22.3929918086" lon="114.0258563403"><ele>199.000</ele></trkpt>
      <trkpt lat="22.3929944436" lon="114.0258262682"><ele>199.000</ele></trkpt>
      <trkpt lat="22.3929970713" lon="114.0257883214"><ele>200.000</ele></trkpt>
      <trkpt lat="22.3929970459" lon="114.0257611159"><ele>200.000</ele></trkpt>
      <trkpt lat="22.3929876720" lon="114.0257038523"><ele>200.000</ele></trkpt>
      <trkpt lat="22.3929796359" lon="114.0256537461"><ele>202.000</ele></trkpt>
      <trkpt lat="22.3929649492" lon="114.0256108062"><ele>202.000</ele></trkpt>
      <trkpt lat="22.3929436052" lon="114.0255678734"><ele>205.000</ele></trkpt>
      <trkpt lat="22.3929289292" lon="114.0255363886"><ele>205.000</ele></trkpt>
      <trkpt lat="22.3929248980" lon="114.0254977334"><ele>206.000</ele></trkpt>
      <trkpt lat="22.3929381772" lon="114.0254590584"><ele>208.000</ele></trkpt>
      <trkpt lat="22.3929620878" lon="114.0253988949"><ele>208.000</ele></trkpt>
      <trkpt lat="22.3929753577" lon="114.0253501972"><ele>210.000</ele></trkpt>
      <trkpt lat="22.3929766512" lon="114.0253101037"><ele>212.000</ele></trkpt>
      <trkpt lat="22.3929739465" lon="114.0252657194"><ele>213.000</ele></trkpt>
      <trkpt lat="22.3929605931" lon="114.0252242105"><ele>216.000</ele></trkpt>
      <trkpt lat="22.3929392494" lon="114.0251827102"><ele>217.000</ele></trkpt>
      <trkpt lat="22.3929165689" lon="114.0251340514"><ele>218.000</ele></trkpt>
      <trkpt lat="22.3929058776" lon="114.0250925396"><ele>216.000</ele></trkpt>
      <trkpt lat="22.3928898480" lon="114.0250381460"><ele>218.000</ele></trkpt>
      <trkpt lat="22.3928764770" lon="114.0249780230"><ele>218.000</ele></trkpt>
      <trkpt lat="22.3928737803" lon="114.0249422301"><ele>218.000</ele></trkpt>
      <trkpt lat="22.3928737520" lon="114.0249121608"><ele>220.000</ele></trkpt>
      <trkpt lat="22.3928630822" lon="114.0248935583"><ele>217.000</ele></trkpt>
      <trkpt lat="22.3928537470" lon="114.0248778182"><ele>219.000</ele></trkpt>
      <trkpt lat="22.3928350969" lon="114.0248678156"><ele>219.000</ele></trkpt>
      <trkpt lat="22.3928177752" lon="114.0248549479"><ele>218.000</ele></trkpt>
      <trkpt lat="22.3927804699" lon="114.0248306468"><ele>220.000</ele></trkpt>
      <trkpt lat="22.3927711361" lon="114.0248163381"><ele>219.000</ele></trkpt>
      <trkpt lat="22.3927564694" lon="114.0247948761"><ele>219.000</ele></trkpt>
      <trkpt lat="22.3927298170" lon="114.0247719958"><ele>220.000</ele></trkpt>
      <trkpt lat="22.3927178187" lon="114.0247562585"><ele>220.000</ele></trkpt>
      <trkpt lat="22.3926991457" lon="114.0247219144"><ele>222.000</ele></trkpt>
      <trkpt lat="22.3926857750" lon="114.0246632229"><ele>220.000</ele></trkpt>
      <trkpt lat="22.3926711015" lon="114.0246346021"><ele>221.000</ele></trkpt>
      <trkpt lat="22.3926617542" lon="114.0246059754"><ele>221.000</ele></trkpt>
      <trkpt lat="22.3926404383" lon="114.0245931121"><ele>221.000</ele></trkpt>
      <trkpt lat="22.3926217832" lon="114.0245788135"><ele>221.000</ele></trkpt>
      <trkpt lat="22.3925964636" lon="114.0245559318"><ele>221.000</ele></trkpt>
      <trkpt lat="22.3925524840" lon="114.0245144564"><ele>222.000</ele></trkpt>
      <trkpt lat="22.3925058442" lon="114.0244751310"><ele>224.000</ele></trkpt>
      <trkpt lat="22.3924698601" lon="114.0244393735"><ele>226.000</ele></trkpt>
      <trkpt lat="22.3924605033" lon="114.0244007242"><ele>226.000</ele></trkpt>
      <trkpt lat="22.3924511371" lon="114.0243520521"><ele>228.000</ele></trkpt>
      <trkpt lat="22.3924523953" lon="114.0242747298"><ele>226.000</ele></trkpt>
      <trkpt lat="22.3924630044" lon="114.0242288997"><ele>228.000</ele></trkpt>
      <trkpt lat="22.3924989169" lon="114.0241887687"><ele>226.000</ele></trkpt>
      <trkpt lat="22.3925268546" lon="114.0241629651"><ele>224.000</ele></trkpt>
      <trkpt lat="22.3925814294" lon="114.0241457229"><ele>224.000</ele></trkpt>
      <trkpt lat="22.3926386750" lon="114.0241356377"><ele>226.000</ele></trkpt>
      <trkpt lat="22.3926839263" lon="114.0241141104"><ele>224.000</ele></trkpt>
      <trkpt lat="22.3926945588" lon="114.0240940533"><ele>226.000</ele></trkpt>
      <trkpt lat="22.3927025210" lon="114.0240654078"><ele>224.000</ele></trkpt>
      <trkpt lat="22.3927011575" lon="114.0240310448"><ele>224.000</ele></trkpt>
      <trkpt lat="22.3926971259" lon="114.0239923887"><ele>224.000</ele></trkpt>
      <trkpt lat="22.3926864230" lon="114.0239379905"><ele>222.000</ele></trkpt>
      <trkpt lat="22.3926623726" lon="114.0238506739"><ele>222.000</ele></trkpt>
      <trkpt lat="22.3926516778" lon="114.0238048661"><ele>221.000</ele></trkpt>
      <trkpt lat="22.3926436384" lon="114.0237518965"><ele>221.000</ele></trkpt>
      <trkpt lat="22.3926662240" lon="114.0236988933"><ele>220.000</ele></trkpt>
      <trkpt lat="22.3926874994" lon="114.0236688018"><ele>218.000</ele></trkpt>
      <trkpt lat="22.3927580147" lon="114.0236114499"><ele>217.000</ele></trkpt>
      <trkpt lat="22.3928471947" lon="114.0235784201"><ele>216.000</ele></trkpt>
      <trkpt lat="22.3928751526" lon="114.0235740933"><ele>214.000</ele></trkpt>
      <trkpt lat="22.3929177638" lon="114.0235769104"><ele>214.000</ele></trkpt>
      <trkpt lat="22.3929710387" lon="114.0235926023"><ele>217.000</ele></trkpt>
      <trkpt lat="22.3929990012" lon="114.0235940041"><ele>217.000</ele></trkpt>
      <trkpt lat="22.3930376046" lon="114.0235825066"><ele>216.000</ele></trkpt>
      <trkpt lat="22.3930961758" lon="114.0235666921"><ele>212.000</ele></trkpt>
      <trkpt lat="22.3932319653" lon="114.0235407701"><ele>210.000</ele></trkpt>
      <trkpt lat="22.3932585790" lon="114.0235235582"><ele>210.000</ele></trkpt>
      <trkpt lat="22.3932811868" lon="114.0234948965"><ele>210.000</ele></trkpt>
      <trkpt lat="22.3933077742" lon="114.0234490486"><ele>210.000</ele></trkpt>
      <trkpt lat="22.3933356900" lon="114.0234003344"><ele>211.000</ele></trkpt>
      <trkpt lat="22.3933383318" lon="114.0233788536"><ele>212.000</ele></trkpt>
      <trkpt lat="22.3933435982" lon="114.0233158463"><ele>212.000</ele></trkpt>
      <trkpt lat="22.3933209297" lon="114.0232815066"><ele>214.000</ele></trkpt>
      <trkpt lat="22.3933102484" lon="114.0232500176"><ele>214.000</ele></trkpt>
      <trkpt lat="22.3932769330" lon="114.0232214172"><ele>215.000</ele></trkpt>
      <trkpt lat="22.3932596044" lon="114.0232013897"><ele>214.000</ele></trkpt>
      <trkpt lat="22.3932263049" lon="114.0231885397"><ele>216.000</ele></trkpt>
      <trkpt lat="22.3932063267" lon="114.0231828341"><ele>216.000</ele></trkpt>
      <trkpt lat="22.3931796859" lon="114.0231714092"><ele>216.000</ele></trkpt>
      <trkpt lat="22.3931570541" lon="114.0231757292"><ele>216.000</ele></trkpt>
      <trkpt lat="22.3931304269" lon="114.0231786223"><ele>214.000</ele></trkpt>
      <trkpt lat="22.3931051334" lon="114.0231843776"><ele>214.000</ele></trkpt>
      <trkpt lat="22.3930705346" lon="114.0232058936"><ele>213.000</ele></trkpt>
      <trkpt lat="22.3930519048" lon="114.0232173682"><ele>213.000</ele></trkpt>
      <trkpt lat="22.3930386016" lon="114.0232302694"><ele>213.000</ele></trkpt>
      <trkpt lat="22.3930239700" lon="114.0232460358"><ele>212.000</ele></trkpt>
      <trkpt lat="22.3930013546" lon="114.0232675386"><ele>212.000</ele></trkpt>
      <trkpt lat="22.3929654233" lon="114.0232876245"><ele>212.000</ele></trkpt>
      <trkpt lat="22.3929268302" lon="114.0233091448"><ele>210.000</ele></trkpt>
      <trkpt lat="22.3928775821" lon="114.0233278130"><ele>210.000</ele></trkpt>
      <trkpt lat="22.3928123568" lon="114.0233479301"><ele>208.000</ele></trkpt>
      <trkpt lat="22.3927524491" lon="114.0233580186"><ele>208.000</ele></trkpt>
      <trkpt lat="22.3926698925" lon="114.0233552454"><ele>208.000</ele></trkpt>
      <trkpt lat="22.3926525910" lon="114.0233638557"><ele>208.000</ele></trkpt>
      <trkpt lat="22.3926059924" lon="114.0233682020"><ele>208.000</ele></trkpt>
      <trkpt lat="22.3925740471" lon="114.0233796922"><ele>208.000</ele></trkpt>
      <trkpt lat="22.3925461023" lon="114.0233969045"><ele>208.000</ele></trkpt>
      <trkpt lat="22.3925074948" lon="114.0234041068"><ele>208.000</ele></trkpt>
      <trkpt lat="22.3924782071" lon="114.0234098665"><ele>208.000</ele></trkpt>
      <trkpt lat="22.3923836666" lon="114.0234056741"><ele>208.000</ele></trkpt>
      <trkpt lat="22.3923490528" lon="114.0234114396"><ele>208.000</ele></trkpt>
      <trkpt lat="22.3923090978" lon="114.0234014607"><ele>206.000</ele></trkpt>
      <trkpt lat="22.3922851246" lon="114.0233957595"><ele>206.000</ele></trkpt>
      <trkpt lat="22.3922571397" lon="114.0233707329"><ele>206.000</ele></trkpt>
      <trkpt lat="22.3922224974" lon="114.0233464293"><ele>206.000</ele></trkpt>
      <trkpt lat="22.3922051633" lon="114.0233206754"><ele>208.000</ele></trkpt>
      <trkpt lat="22.3921785007" lon="114.0232863404"><ele>206.000</ele></trkpt>
      <trkpt lat="22.3921611693" lon="114.0232634493"><ele>206.000</ele></trkpt>
      <trkpt lat="22.3921425150" lon="114.0232491519"><ele>206.000</ele></trkpt>
      <trkpt lat="22.3921092200" lon="114.0232420295"><ele>206.000</ele></trkpt>
      <trkpt lat="22.3920785959" lon="114.0232420631"><ele>206.000</ele></trkpt>
      <trkpt lat="22.3920612849" lon="114.0232406498"><ele>206.000</ele></trkpt>
      <trkpt lat="22.3920519582" lon="114.0232349335"><ele>206.000</ele></trkpt>
      <trkpt lat="22.3920319755" lon="114.0232235003"><ele>206.000</ele></trkpt>
      <trkpt lat="22.3920013382" lon="114.0232106475"><ele>206.000</ele></trkpt>
      <trkpt lat="22.3919547097" lon="114.0231834935"><ele>206.000</ele></trkpt>
      <trkpt lat="22.3919267177" lon="114.0231520238"><ele>206.000</ele></trkpt>
      <trkpt lat="22.3918640966" lon="114.0231091371"><ele>206.000</ele></trkpt>
      <trkpt lat="22.3918134689" lon="114.0230776924"><ele>206.000</ele></trkpt>
      <trkpt lat="22.3917668444" lon="114.0230548345"><ele>204.000</ele></trkpt>
      <trkpt lat="22.3917122293" lon="114.0230305531"><ele>204.000</ele></trkpt>
      <trkpt lat="22.3916922398" lon="114.0230119611"><ele>204.000</ele></trkpt>
      <trkpt lat="22.3916695781" lon="114.0229847808"><ele>202.000</ele></trkpt>
      <trkpt lat="22.3916575687" lon="114.0229575897"><ele>202.000</ele></trkpt>
      <trkpt lat="22.3916428990" lon="114.0229332644"><ele>204.000</ele></trkpt>
      <trkpt lat="22.3916309038" lon="114.0229218226"><ele>204.000</ele></trkpt>
      <trkpt lat="22.3916122481" lon="114.0229060929"><ele>204.000</ele></trkpt>
      <trkpt lat="22.3915856072" lon="114.0228946672"><ele>204.000</ele></trkpt>
      <trkpt lat="22.3915722795" lon="114.0228817955"><ele>204.000</ele></trkpt>
      <trkpt lat="22.3915589363" lon="114.0228517422"><ele>204.000</ele></trkpt>
      <trkpt lat="22.3915495901" lon="114.0228245472"><ele>204.000</ele></trkpt>
      <trkpt lat="22.3915468942" lon="114.0227901861"><ele>204.000</ele></trkpt>
      <trkpt lat="22.3915721513" lon="114.0227472029"><ele>204.000</ele></trkpt>
      <trkpt lat="22.3916213407" lon="114.0226669654"><ele>202.000</ele></trkpt>
      <trkpt lat="22.3916425990" lon="114.0226182600"><ele>202.000</ele></trkpt>
      <trkpt lat="22.3916638714" lon="114.0225853038"><ele>204.000</ele></trkpt>
      <trkpt lat="22.3916505396" lon="114.0225681369"><ele>204.000</ele></trkpt>
      <trkpt lat="22.3916278860" lon="114.0225495480"><ele>202.000</ele></trkpt>
      <trkpt lat="22.3916052251" lon="114.0225223678"><ele>202.000</ele></trkpt>
      <trkpt lat="22.3915865576" lon="114.0224951831"><ele>202.000</ele></trkpt>
      <trkpt lat="22.3915691960" lon="114.0224407929"><ele>202.000</ele></trkpt>
      <trkpt lat="22.3915731473" lon="114.0223949693"><ele>202.000</ele></trkpt>
      <trkpt lat="22.3915797691" lon="114.0223577342"><ele>202.000</ele></trkpt>
      <trkpt lat="22.3915943623" lon="114.0223018772"><ele>202.000</ele></trkpt>
      <trkpt lat="22.3916103011" lon="114.0222603356"><ele>204.000</ele></trkpt>
      <trkpt lat="22.3916102847" lon="114.0222431540"><ele>204.000</ele></trkpt>
      <trkpt lat="22.3916182333" lon="114.0222016212"><ele>202.000</ele></trkpt>
      <trkpt lat="22.3916168879" lon="114.0221865892"><ele>202.000</ele></trkpt>
      <trkpt lat="22.3916035492" lon="114.0221622625"><ele>203.000</ele></trkpt>
      <trkpt lat="22.3915915465" lon="114.0221422294"><ele>201.000</ele></trkpt>
      <trkpt lat="22.3915702112" lon="114.0221093213"><ele>202.000</ele></trkpt>
      <trkpt lat="22.3915528770" lon="114.0220835676"><ele>200.000</ele></trkpt>
      <trkpt lat="22.3915408688" lon="114.0220578071"><ele>200.000</ele></trkpt>
      <trkpt lat="22.3915275287" lon="114.0220320490"><ele>200.000</ele></trkpt>
      <trkpt lat="22.3915234715" lon="114.0219661891"><ele>198.000</ele></trkpt>
      <trkpt lat="22.3915301013" lon="114.0219375451"><ele>198.000</ele></trkpt>
      <trkpt lat="22.3915407029" lon="114.0218845553"><ele>198.000</ele></trkpt>
      <trkpt lat="22.3915606318" lon="114.0218387141"><ele>198.000</ele></trkpt>
      <trkpt lat="22.3916005461" lon="114.0218071695"><ele>198.000</ele></trkpt>
      <trkpt lat="22.3916511068" lon="114.0217684542"><ele>200.000</ele></trkpt>
      <trkpt lat="22.3916816912" lon="114.0217268963"><ele>198.000</ele></trkpt>
      <trkpt lat="22.3917176168" lon="114.0217010835"><ele>200.000</ele></trkpt>
      <trkpt lat="22.3917495409" lon="114.0216666840"><ele>203.000</ele></trkpt>
      <trkpt lat="22.3917734638" lon="114.0216208382"><ele>203.000</ele></trkpt>
      <trkpt lat="22.3917747729" lon="114.0215979277"><ele>203.000</ele></trkpt>
      <trkpt lat="22.3917747372" lon="114.0215606998"><ele>201.000</ele></trkpt>
      <trkpt lat="22.3917666952" lon="114.0215048668"><ele>201.000</ele></trkpt>
      <trkpt lat="22.3917559837" lon="114.0214433103"><ele>199.000</ele></trkpt>
      <trkpt lat="22.3917399074" lon="114.0213416670"><ele>203.000</ele></trkpt>
      <trkpt lat="22.3917397043" lon="114.0213398262"><ele>203.000</ele></trkpt>
      <trkpt lat="22.3917184163" lon="114.0211469611"><ele>204.000</ele></trkpt>
      <trkpt lat="22.3917156746" lon="114.0210653484"><ele>206.000</ele></trkpt>
      <trkpt lat="22.3917209594" lon="114.0210223881"><ele>204.000</ele></trkpt>
      <trkpt lat="22.3917156008" lon="114.0209887456"><ele>204.000</ele></trkpt>
      <trkpt lat="22.3917155815" lon="114.0209687003"><ele>204.000</ele></trkpt>
      <trkpt lat="22.3917128839" lon="114.0209329068"><ele>204.000</ele></trkpt>
      <trkpt lat="22.3917141925" lon="114.0209085638"><ele>203.000</ele></trkpt>
      <trkpt lat="22.3917314786" lon="114.0208842031"><ele>203.000</ele></trkpt>
      <trkpt lat="22.3917514513" lon="114.0208841808"><ele>204.000</ele></trkpt>
      <trkpt lat="22.3918047071" lon="114.0208798262"><ele>205.000</ele></trkpt>
      <trkpt lat="22.3918766101" lon="114.0208811784"><ele>205.000</ele></trkpt>
      <trkpt lat="22.3919231907" lon="114.0208582164"><ele>202.000</ele></trkpt>
      <trkpt lat="22.3919671041" lon="114.0208309621"><ele>204.000</ele></trkpt>
      <trkpt lat="22.3919883733" lon="114.0207951428"><ele>202.000</ele></trkpt>
      <trkpt lat="22.3919949790" lon="114.0207407258"><ele>200.000</ele></trkpt>
      <trkpt lat="22.3919896224" lon="114.0207092313"><ele>200.000</ele></trkpt>
      <trkpt lat="22.3919789369" lon="114.0206748781"><ele>200.000</ele></trkpt>
      <trkpt lat="22.3919602699" lon="114.0206476946"><ele>199.000</ele></trkpt>
      <trkpt lat="22.3919362675" lon="114.0206119248"><ele>200.000</ele></trkpt>
      <trkpt lat="22.3919189316" lon="114.0205847399"><ele>200.000</ele></trkpt>
      <trkpt lat="22.3918975933" lon="114.0205489672"><ele>202.000</ele></trkpt>
      <trkpt lat="22.3918935576" lon="114.0205060162"><ele>200.000</ele></trkpt>
      <trkpt lat="22.3919347358" lon="114.0204043099"><ele>200.000</ele></trkpt>
      <trkpt lat="22.3919612591" lon="114.0202940287"><ele>197.000</ele></trkpt>
      <trkpt lat="22.3919957466" lon="114.0201579646"><ele>196.000</ele></trkpt>
      <trkpt lat="22.3920050045" lon="114.0200935210"><ele>194.000</ele></trkpt>
      <trkpt lat="22.3919929753" lon="114.0200462838"><ele>194.000</ele></trkpt>
      <trkpt lat="22.3919623192" lon="114.0200133863"><ele>196.000</ele></trkpt>
      <trkpt lat="22.3919090417" lon="114.0199962635"><ele>192.000</ele></trkpt>
      <trkpt lat="22.3918371276" lon="114.0199834577"><ele>194.000</ele></trkpt>
      <trkpt lat="22.3917639144" lon="114.0200035851"><ele>191.000</ele></trkpt>
      <trkpt lat="22.3917040374" lon="114.0200451753"><ele>190.000</ele></trkpt>
      <trkpt lat="22.3916308760" lon="114.0201197131"><ele>189.000</ele></trkpt>
      <trkpt lat="22.3915709990" lon="114.0201613042"><ele>188.000</ele></trkpt>
      <trkpt lat="22.3915070978" lon="114.0201728308"><ele>186.000</ele></trkpt>
      <trkpt lat="22.3913566540" lon="114.0201901809"><ele>183.000</ele></trkpt>
      <trkpt lat="22.3911795899" lon="114.0202175833"><ele>180.000</ele></trkpt>
      <trkpt lat="22.3911236696" lon="114.0202205107"><ele>179.000</ele></trkpt>
      <trkpt lat="22.3910836895" lon="114.0201847591"><ele>177.000</ele></trkpt>
      <trkpt lat="22.3910117297" lon="114.0201247030"><ele>178.000</ele></trkpt>
      <trkpt lat="22.3909624417" lon="114.0201018492"><ele>176.000</ele></trkpt>
      <trkpt lat="22.3909198387" lon="114.0201076235"><ele>176.000</ele></trkpt>
      <trkpt lat="22.3908985835" lon="114.0201577613"><ele>174.000</ele></trkpt>
      <trkpt lat="22.3908600657" lon="114.0202566012"><ele>172.000</ele></trkpt>
      <trkpt lat="22.3908068806" lon="114.0203339798"><ele>172.000</ele></trkpt>
      <trkpt lat="22.3907749457" lon="114.0203569245"><ele>172.000</ele></trkpt>
      <trkpt lat="22.3907070378" lon="114.0203555691"><ele>170.000</ele></trkpt>
      <trkpt lat="22.3905419155" lon="114.0203400028"><ele>168.000</ele></trkpt>
      <trkpt lat="22.3904913339" lon="114.0203558104"><ele>166.000</ele></trkpt>
      <trkpt lat="22.3904261256" lon="114.0203931109"><ele>165.000</ele></trkpt>
      <trkpt lat="22.3903515950" lon="114.0204275581"><ele>164.000</ele></trkpt>
      <trkpt lat="22.3903129821" lon="114.0204290326"><ele>162.000</ele></trkpt>
      <trkpt lat="22.3902064289" lon="114.0203947880"><ele>162.000</ele></trkpt>
      <trkpt lat="22.3901345273" lon="114.0203948684"><ele>160.000</ele></trkpt>
      <trkpt lat="22.3899960378" lon="114.0203821371"><ele>158.000</ele></trkpt>
      <trkpt lat="22.3899467471" lon="114.0203564196"><ele>158.000</ele></trkpt>
      <trkpt lat="22.3898667934" lon="114.0202906454"><ele>156.000</ele></trkpt>
      <trkpt lat="22.3898134923" lon="114.0202491816"><ele>154.000</ele></trkpt>
      <trkpt lat="22.3897575499" lon="114.0202291992"><ele>154.000</ele></trkpt>
      <trkpt lat="22.3897162733" lon="114.0202292454"><ele>153.000</ele></trkpt>
      <trkpt lat="22.3896297640" lon="114.0202694333"><ele>152.000</ele></trkpt>
      <trkpt lat="22.3895618783" lon="114.0202909867"><ele>149.000</ele></trkpt>
      <trkpt lat="22.3894566871" lon="114.0202896721"><ele>148.000</ele></trkpt>
      <trkpt lat="22.3893621382" lon="114.0202768916"><ele>150.000</ele></trkpt>
      <trkpt lat="22.3893048263" lon="114.0202182512"><ele>150.000</ele></trkpt>
      <trkpt lat="22.3892461666" lon="114.0201424310"><ele>148.000</ele></trkpt>
      <trkpt lat="22.3891675384" lon="114.0200709283"><ele>148.000</ele></trkpt>
      <trkpt lat="22.3891275596" lon="114.0200366096"><ele>148.000</ele></trkpt>
      <trkpt lat="22.3890755919" lon="114.0199965770"><ele>146.000</ele></trkpt>
      <trkpt lat="22.3890395971" lon="114.0199508000"><ele>146.000</ele></trkpt>
      <trkpt lat="22.3890049098" lon="114.0198806796"><ele>146.000</ele></trkpt>
      <trkpt lat="22.3889821878" lon="114.0197919332"><ele>146.000</ele></trkpt>
      <trkpt lat="22.3889661518" lon="114.0197318143"><ele>144.000</ele></trkpt>
      <trkpt lat="22.3889474781" lon="114.0196989042"><ele>144.000</ele></trkpt>
      <trkpt lat="22.3889075118" lon="114.0196774718"><ele>142.000</ele></trkpt>
      <trkpt lat="22.3888315994" lon="114.0196603749"><ele>142.000</ele></trkpt>
      <trkpt lat="22.3887863426" lon="114.0196747442"><ele>142.000</ele></trkpt>
      <trkpt lat="22.3887131488" lon="114.0197149173"><ele>140.000</ele></trkpt>
      <trkpt lat="22.3886412973" lon="114.0197665426"><ele>140.000</ele></trkpt>
      <trkpt lat="22.3885295197" lon="114.0198382585"><ele>140.000</ele></trkpt>
      <trkpt lat="22.3884736286" lon="114.0198712533"><ele>138.000</ele></trkpt>
      <trkpt lat="22.3883671397" lon="114.0199043037"><ele>136.000</ele></trkpt>
      <trkpt lat="22.3882779516" lon="114.0199273123"><ele>136.000</ele></trkpt>
      <trkpt lat="22.3881235495" lon="114.0199826103"><ele>134.000</ele></trkpt>
      <trkpt lat="22.3880796251" lon="114.0199984093"><ele>134.000</ele></trkpt>
      <trkpt lat="22.3880330432" lon="114.0200199387"><ele>134.000</ele></trkpt>
      <trkpt lat="22.3879971137" lon="114.0200414561"><ele>134.000</ele></trkpt>
      <trkpt lat="22.3879758478" lon="114.0200815706"><ele>132.000</ele></trkpt>
      <trkpt lat="22.3879665732" lon="114.0201288303"><ele>132.000</ele></trkpt>
      <trkpt lat="22.3879639670" lon="114.0201875372"><ele>132.000</ele></trkpt>
      <trkpt lat="22.3879614342" lon="114.0203221293"><ele>131.000</ele></trkpt>
      <trkpt lat="22.3879388630" lon="114.0203880173"><ele>130.000</ele></trkpt>
      <trkpt lat="22.3878483779" lon="114.0204482539"><ele>130.000</ele></trkpt>
      <trkpt lat="22.3877325874" lon="114.0204999286"><ele>128.000</ele></trkpt>
      <trkpt lat="22.3876554136" lon="114.0205558551"><ele>128.000</ele></trkpt>
      <trkpt lat="22.3875809111" lon="114.0206203685"><ele>128.000</ele></trkpt>
      <trkpt lat="22.3874864630" lon="114.0207121096"><ele>126.000</ele></trkpt>
      <trkpt lat="22.3874119715" lon="114.0207880776"><ele>124.000</ele></trkpt>
      <trkpt lat="22.3873374538" lon="114.0208368422"><ele>122.000</ele></trkpt>
      <trkpt lat="22.3872628983" lon="114.0208455154"><ele>122.000</ele></trkpt>
      <trkpt lat="22.3871816726" lon="114.0208427433"><ele>122.000</ele></trkpt>
      <trkpt lat="22.3870218319" lon="114.0207799219"><ele>120.000</ele></trkpt>
      <trkpt lat="22.3870127836" lon="114.0207770920"><ele>120.000</ele></trkpt>
      <trkpt lat="22.3868393599" lon="114.0207228541"><ele>120.000</ele></trkpt>
      <trkpt lat="22.3867741142" lon="114.0207214956"><ele>120.000</ele></trkpt>
      <trkpt lat="22.3866582840" lon="114.0207330785"><ele>118.000</ele></trkpt>
      <trkpt lat="22.3864878834" lon="114.0207662002"><ele>116.000</ele></trkpt>
      <trkpt lat="22.3863880336" lon="114.0207806289"><ele>114.000</ele></trkpt>
      <trkpt lat="22.3862668988" lon="114.0208136955"><ele>114.000</ele></trkpt>
      <trkpt lat="22.3861763928" lon="114.0208524542"><ele>113.000</ele></trkpt>
      <trkpt lat="22.3861311566" lon="114.0208882997"><ele>112.000</ele></trkpt>
      <trkpt lat="22.3860886170" lon="114.0209599363"><ele>112.000</ele></trkpt>
      <trkpt lat="22.3860300916" lon="114.0210229997"><ele>110.000</ele></trkpt>
      <trkpt lat="22.3859409244" lon="114.0210689163"><ele>110.000</ele></trkpt>
      <trkpt lat="22.3858517283" lon="114.0210847652"><ele>109.000</ele></trkpt>
      <trkpt lat="22.3857651603" lon="114.0210633838"><ele>108.000</ele></trkpt>
      <trkpt lat="22.3857065291" lon="114.0210176328"><ele>107.000</ele></trkpt>
      <trkpt lat="22.3856664997" lon="114.0209296232"><ele>106.000</ele></trkpt>
      <trkpt lat="22.3856491142" lon="114.0208508951"><ele>106.000</ele></trkpt>
      <trkpt lat="22.3856357297" lon="114.0207793210"><ele>104.000</ele></trkpt>
      <trkpt lat="22.3856209726" lon="114.0206647950"><ele>104.000</ele></trkpt>
      <trkpt lat="22.3855929110" lon="114.0205617384"><ele>102.000</ele></trkpt>
      <trkpt lat="22.3855688860" lon="114.0205016308"><ele>102.000</ele></trkpt>
      <trkpt lat="22.3855355503" lon="114.0204515560"><ele>102.000</ele></trkpt>
      <trkpt lat="22.3854862416" lon="114.0204072252"><ele>102.000</ele></trkpt>
      <trkpt lat="22.3853863212" lon="114.0203486350"><ele>100.000</ele></trkpt>
      <trkpt lat="22.3853410918" lon="114.0203231184"><ele>100.000</ele></trkpt>
      <trkpt lat="22.3851811573" lon="114.0202328900"><ele>98.000</ele></trkpt>
      <trkpt lat="22.3851278479" lon="114.0201828377"><ele>98.000</ele></trkpt>
      <trkpt lat="22.3850998368" lon="114.0201313258"><ele>98.000</ele></trkpt>
      <trkpt lat="22.3850837695" lon="114.0200397107"><ele>96.000</ele></trkpt>
      <trkpt lat="22.3850890291" lon="114.0199709798"><ele>96.000</ele></trkpt>
      <trkpt lat="22.3851076082" lon="114.0199065288"><ele>96.000</ele></trkpt>
      <trkpt lat="22.3851421502" lon="114.0198277428"><ele>94.000</ele></trkpt>
      <trkpt lat="22.3851900342" lon="114.0197754291"><ele>94.000</ele></trkpt>
      <trkpt lat="22.3852512084" lon="114.0196980444"><ele>93.000</ele></trkpt>
      <trkpt lat="22.3852910954" lon="114.0196378654"><ele>94.000</ele></trkpt>
      <trkpt lat="22.3852950437" lon="114.0195906125"><ele>92.000</ele></trkpt>
      <trkpt lat="22.3852816693" lon="114.0195290610"><ele>92.000</ele></trkpt>
      <trkpt lat="22.3852549771" lon="114.0194660931"><ele>92.000</ele></trkpt>
      <trkpt lat="22.3852269728" lon="114.0194217399"><ele>90.000</ele></trkpt>
      <trkpt lat="22.3851883431" lon="114.0194060339"><ele>92.000</ele></trkpt>
      <trkpt lat="22.3851457341" lon="114.0194046495"><ele>92.000</ele></trkpt>
      <trkpt lat="22.3850658669" lon="114.0194290797"><ele>90.000</ele></trkpt>
      <trkpt lat="22.3849974264" lon="114.0194519336"><ele>90.000</ele></trkpt>
      <trkpt lat="22.3848249419" lon="114.0195095302"><ele>88.000</ele></trkpt>
      <trkpt lat="22.3846678673" lon="114.0195540914"><ele>88.000</ele></trkpt>
      <trkpt lat="22.3846066235" lon="114.0195598875"><ele>86.000</ele></trkpt>
      <trkpt lat="22.3845706551" lon="114.0195413149"><ele>86.000</ele></trkpt>
      <trkpt lat="22.3845439833" lon="114.0194983916"><ele>86.000</ele></trkpt>
      <trkpt lat="22.3845132300" lon="114.0193667039"><ele>86.000</ele></trkpt>
      <trkpt lat="22.3844785090" lon="114.0192622236"><ele>84.000</ele></trkpt>
      <trkpt lat="22.3844291930" lon="114.0192107361"><ele>84.000</ele></trkpt>
      <trkpt lat="22.3843079864" lon="114.0191707831"><ele>82.000</ele></trkpt>
      <trkpt lat="22.3841907847" lon="114.0191408478"><ele>80.000</ele></trkpt>
      <trkpt lat="22.3840642367" lon="114.0190851516"><ele>80.000</ele></trkpt>
      <trkpt lat="22.3839523402" lon="114.0190337349"><ele>78.000</ele></trkpt>
      <trkpt lat="22.3839190087" lon="114.0189893881"><ele>78.000</ele></trkpt>
      <trkpt lat="22.3839123081" lon="114.0189450104"><ele>78.000</ele></trkpt>
      <trkpt lat="22.3839255830" lon="114.0189034747"><ele>80.000</ele></trkpt>
      <trkpt lat="22.3839561471" lon="114.0188418742"><ele>78.000</ele></trkpt>
      <trkpt lat="22.3839680662" lon="114.0187759998"><ele>77.000</ele></trkpt>
      <trkpt lat="22.3839719928" lon="114.0187058396"><ele>78.000</ele></trkpt>
      <trkpt lat="22.3839573098" lon="114.0186686304"><ele>77.000</ele></trkpt>
      <trkpt lat="22.3839172944" lon="114.0185970875"><ele>76.000</ele></trkpt>
      <trkpt lat="22.3838466166" lon="114.0184876380"><ele>78.000</ele></trkpt>
      <trkpt lat="22.3837772935" lon="114.0184003791"><ele>76.000</ele></trkpt>
      <trkpt lat="22.3837226552" lon="114.0183531931"><ele>76.000</ele></trkpt>
      <trkpt lat="22.3836747031" lon="114.0183346345"><ele>76.000</ele></trkpt>
      <trkpt lat="22.3835974613" lon="114.0183204041"><ele>74.000</ele></trkpt>
      <trkpt lat="22.3835641520" lon="114.0182989653"><ele>74.000</ele></trkpt>
      <trkpt lat="22.3835521335" lon="114.0182631855"><ele>74.000</ele></trkpt>
      <trkpt lat="22.3835720501" lon="114.0182058930"><ele>76.000</ele></trkpt>
      <trkpt lat="22.3836132452" lon="114.0181228040"><ele>74.000</ele></trkpt>
      <trkpt lat="22.3836717494" lon="114.0180382640"><ele>72.000</ele></trkpt>
      <trkpt lat="22.3836943351" lon="114.0179881269"><ele>70.000</ele></trkpt>
      <trkpt lat="22.3836876399" lon="114.0179494775"><ele>70.000</ele></trkpt>
      <trkpt lat="22.3836609874" lon="114.0179265989"><ele>70.000</ele></trkpt>
      <trkpt lat="22.3836316858" lon="114.0179180415"><ele>70.000</ele></trkpt>
      <trkpt lat="22.3835944119" lon="114.0179266746"><ele>70.000</ele></trkpt>
      <trkpt lat="22.3835451967" lon="114.0179782742"><ele>69.000</ele></trkpt>
      <trkpt lat="22.3835106322" lon="114.0180341510"><ele>68.000</ele></trkpt>
      <trkpt lat="22.3834706980" lon="114.0180456507"><ele>66.000</ele></trkpt>
      <trkpt lat="22.3834174394" lon="114.0180471434"><ele>66.000</ele></trkpt>
      <trkpt lat="22.3833708086" lon="114.0180185614"><ele>64.000</ele></trkpt>
      <trkpt lat="22.3833401554" lon="114.0179899603"><ele>64.000</ele></trkpt>
      <trkpt lat="22.3833121029" lon="114.0178969290"><ele>62.000</ele></trkpt>
      <trkpt lat="22.3832840733" lon="114.0178282367"><ele>61.000</ele></trkpt>
      <trkpt lat="22.3832494132" lon="114.0177867545"><ele>62.000</ele></trkpt>
      <trkpt lat="22.3832121041" lon="114.0177595943"><ele>60.000</ele></trkpt>
      <trkpt lat="22.3831628284" lon="114.0177496273"><ele>59.000</ele></trkpt>
      <trkpt lat="22.3830629544" lon="114.0177382875"><ele>54.000</ele></trkpt>
      <trkpt lat="22.3830123336" lon="114.0177140051"><ele>55.000</ele></trkpt>
      <trkpt lat="22.3829390210" lon="114.0176339102"><ele>54.000</ele></trkpt>
      <trkpt lat="22.3828497041" lon="114.0175266310"><ele>52.000</ele></trkpt>
      <trkpt lat="22.3827310772" lon="114.0174014883"><ele>50.000</ele></trkpt>
      <trkpt lat="22.3827057514" lon="114.0173743137"><ele>50.000</ele></trkpt>
      <trkpt lat="22.3826684422" lon="114.0173471527"><ele>48.000</ele></trkpt>
      <trkpt lat="22.3826138164" lon="114.0173128531"><ele>48.000</ele></trkpt>
      <trkpt lat="22.3825139070" lon="114.0172657195"><ele>46.000</ele></trkpt>
      <trkpt lat="22.3824339732" lon="114.0172214268"><ele>45.000</ele></trkpt>
      <trkpt lat="22.3823780040" lon="114.0171756745"><ele>45.000</ele></trkpt>
      <trkpt lat="22.3822646872" lon="114.0170354929"><ele>44.000</ele></trkpt>
      <trkpt lat="22.3822073567" lon="114.0169582441"><ele>44.000</ele></trkpt>
      <trkpt lat="22.3821206754" lon="114.0168237595"><ele>44.000</ele></trkpt>
      <trkpt lat="22.3820713118" lon="114.0167250265"><ele>43.000</ele></trkpt>
      <trkpt lat="22.3820379159" lon="114.0166162523"><ele>44.000</ele></trkpt>
      <trkpt lat="22.3820124874" lon="114.0164845614"><ele>44.000</ele></trkpt>
      <trkpt lat="22.3820057299" lon="114.0163843475"><ele>42.000</ele></trkpt>
      <trkpt lat="22.3819830103" lon="114.0162998999"><ele>42.000</ele></trkpt>
      <trkpt lat="22.3819323117" lon="114.0161975895"><ele>42.000</ele></trkpt>
      <trkpt lat="22.3818642914" lon="114.0160831282"><ele>42.000</ele></trkpt>
      <trkpt lat="22.3818015706" lon="114.0159428898"><ele>41.000</ele></trkpt>
      <trkpt lat="22.3817695361" lon="114.0158641813"><ele>40.000</ele></trkpt>
      <trkpt lat="22.3817441517" lon="114.0157783058"><ele>42.000</ele></trkpt>
      <trkpt lat="22.3817334390" lon="114.0157167541"><ele>41.000</ele></trkpt>
      <trkpt lat="22.3817373690" lon="114.0156523210"><ele>40.000</ele></trkpt>
      <trkpt lat="22.3817598906" lon="114.0155377558"><ele>40.000</ele></trkpt>
      <trkpt lat="22.3817811416" lon="114.0154847570"><ele>40.000</ele></trkpt>
      <trkpt lat="22.3818344168" lon="114.0154990133"><ele>40.000</ele></trkpt>
      <trkpt lat="22.3818916853" lon="114.0155132641"><ele>40.000</ele></trkpt>
      <trkpt lat="22.3819942249" lon="114.0155260324"><ele>40.000</ele></trkpt>
      <trkpt lat="22.3820727767" lon="114.0155187824"><ele>40.000</ele></trkpt>
      <trkpt lat="22.3821326683" lon="114.0154929423"><ele>40.000</ele></trkpt>
      <trkpt lat="22.3821699064" lon="114.0154485156"><ele>42.000</ele></trkpt>
      <trkpt lat="22.3821791610" lon="114.0153826449"><ele>44.000</ele></trkpt>
      <trkpt lat="22.3821870560" lon="114.0152881401"><ele>46.000</ele></trkpt>
      <trkpt lat="22.3821869416" lon="114.0151736015"><ele>48.000</ele></trkpt>
      <trkpt lat="22.3821801627" lon="114.0150519112"><ele>49.000</ele></trkpt>
      <trkpt lat="22.3821707320" lon="114.0149416773"><ele>52.000</ele></trkpt>
      <trkpt lat="22.3821719685" lon="114.0148471812"><ele>52.000</ele></trkpt>
      <trkpt lat="22.3822118380" lon="114.0147712530"><ele>54.000</ele></trkpt>
      <trkpt lat="22.3822863575" lon="114.0147260663"><ele>54.000</ele></trkpt>
      <trkpt lat="22.3823994712" lon="114.0146615073"><ele>57.000</ele></trkpt>
      <trkpt lat="22.3824766622" lon="114.0146256237"><ele>58.000</ele></trkpt>
      <trkpt lat="22.3825165890" lon="114.0146069647"><ele>57.000</ele></trkpt>
      <trkpt lat="22.3826456931" lon="114.0145552727"><ele>60.000</ele></trkpt>
      <trkpt lat="22.3827708031" lon="114.0145035842"><ele>62.000</ele></trkpt>
      <trkpt lat="22.3828959010" lon="114.0144390099"><ele>64.000</ele></trkpt>
      <trkpt lat="22.3829398119" lon="114.0144103251"><ele>66.000</ele></trkpt>
      <trkpt lat="22.3829464461" lon="114.0143874088"><ele>66.000</ele></trkpt>
      <trkpt lat="22.3829384109" lon="114.0143416018"><ele>66.000</ele></trkpt>
      <trkpt lat="22.3829263584" lon="114.0142728918"><ele>68.000</ele></trkpt>
      <trkpt lat="22.3829036592" lon="114.0142099214"><ele>68.000</ele></trkpt>
      <trkpt lat="22.3828690126" lon="114.0141827591"><ele>66.000</ele></trkpt>
      <trkpt lat="22.3827850593" lon="114.0141141328"><ele>70.000</ele></trkpt>
      <trkpt lat="22.3827264276" lon="114.0140698161"><ele>70.000</ele></trkpt>
      <trkpt lat="22.3826531444" lon="114.0140197903"><ele>70.000</ele></trkpt>
      <trkpt lat="22.3825892061" lon="114.0139940935"><ele>70.000</ele></trkpt>
      <trkpt lat="22.3825167591" lon="114.0139805063"><ele>70.000</ele></trkpt>
      <trkpt lat="22.3823388353" lon="114.0139471374"><ele>70.000</ele></trkpt>
      <trkpt lat="22.3822229680" lon="114.0139215012"><ele>70.000</ele></trkpt>
      <trkpt lat="22.3821523652" lon="114.0138886529"><ele>70.000</ele></trkpt>
      <trkpt lat="22.3821190294" lon="114.0138414444"><ele>70.000</ele></trkpt>
      <trkpt lat="22.3821056709" lon="114.0137977918"><ele>70.000</ele></trkpt>
      <trkpt lat="22.3821029443" lon="114.0137347986"><ele>70.000</ele></trkpt>
      <trkpt lat="22.3821028548" lon="114.0136460302"><ele>70.000</ele></trkpt>
      <trkpt lat="22.3820868401" lon="114.0136102558"><ele>70.000</ele></trkpt>
      <trkpt lat="22.3820561813" lon="114.0135759298"><ele>70.000</ele></trkpt>
      <trkpt lat="22.3819727655" lon="114.0135294902"><ele>70.000</ele></trkpt>
      <trkpt lat="22.3818123779" lon="114.0134401987"><ele>70.000</ele></trkpt>
      <trkpt lat="22.3817644056" lon="114.0134030295"><ele>70.000</ele></trkpt>
      <trkpt lat="22.3817430410" lon="114.0133429217"><ele>70.000</ele></trkpt>
      <trkpt lat="22.3817420959" lon="114.0133281299"><ele>70.000</ele></trkpt>
      <trkpt lat="22.3817297156" lon="114.0131343817"><ele>70.000</ele></trkpt>
      <trkpt lat="22.3817173351" lon="114.0129406335"><ele>70.000</ele></trkpt>
      <trkpt lat="22.3817105501" lon="114.0128146489"><ele>70.000</ele></trkpt>
      <trkpt lat="22.3817011586" lon="114.0127445043"><ele>70.000</ele></trkpt>
      <trkpt lat="22.3816651347" lon="114.0126729596"><ele>70.000</ele></trkpt>
      <trkpt lat="22.3816144622" lon="114.0125985696"><ele>70.000</ele></trkpt>
      <trkpt lat="22.3815984277" lon="114.0125434663"><ele>70.000</ele></trkpt>
      <trkpt lat="22.3815863585" lon="114.0124590081"><ele>70.000</ele></trkpt>
      <trkpt lat="22.3815755993" lon="114.0123530722"><ele>70.000</ele></trkpt>
      <trkpt lat="22.3815448577" lon="114.0122385692"><ele>70.000</ele></trkpt>
      <trkpt lat="22.3814821832" lon="114.0121470123"><ele>70.000</ele></trkpt>
      <trkpt lat="22.3814568255" lon="114.0120883408"><ele>71.000</ele></trkpt>
      <trkpt lat="22.3814541142" lon="114.0120410969"><ele>70.000</ele></trkpt>
      <trkpt lat="22.3814713641" lon="114.0119823753"><ele>70.000</ele></trkpt>
      <trkpt lat="22.3815152424" lon="114.0119221910"><ele>70.000</ele></trkpt>
      <trkpt lat="22.3815710969" lon="114.0118548331"><ele>70.000</ele></trkpt>
      <trkpt lat="22.3816083224" lon="114.0117989524"><ele>70.000</ele></trkpt>
      <trkpt lat="22.3816189198" lon="114.0117459656"><ele>70.000</ele></trkpt>
      <trkpt lat="22.3816068758" lon="114.0116858462"><ele>71.000</ele></trkpt>
      <trkpt lat="22.3815495287" lon="114.0115957145"><ele>70.000</ele></trkpt>
      <trkpt lat="22.3814295469" lon="114.0114526836"><ele>72.000</ele></trkpt>
      <trkpt lat="22.3813988669" lon="114.0113990290"><ele>70.000</ele></trkpt>
      <trkpt lat="22.3813868483" lon="114.0113646816"><ele>72.000</ele></trkpt>
      <trkpt lat="22.3813774606" lon="114.0112988331"><ele>71.000</ele></trkpt>
      <trkpt lat="22.3813733307" lon="114.0111671187"><ele>71.000</ele></trkpt>
      <trkpt lat="22.3813785293" lon="114.0110425516"><ele>70.000</ele></trkpt>
      <trkpt lat="22.3813824471" lon="114.0109680967"><ele>70.000</ele></trkpt>
      <trkpt lat="22.3813637521" lon="114.0109151446"><ele>70.000</ele></trkpt>
      <trkpt lat="22.3813410972" lon="114.0108965589"><ele>70.000</ele></trkpt>
      <trkpt lat="22.3812851579" lon="114.0108808763"><ele>70.000</ele></trkpt>
      <trkpt lat="22.3812118988" lon="114.0108551922"><ele>70.000</ele></trkpt>
      <trkpt lat="22.3811612554" lon="114.0108108688"><ele>70.000</ele></trkpt>
      <trkpt lat="22.3810586326" lon="114.0107164966"><ele>70.000</ele></trkpt>
      <trkpt lat="22.3810332734" lon="114.0106578256"><ele>70.000</ele></trkpt>
      <trkpt lat="22.3810345671" lon="114.0106205990"><ele>70.000</ele></trkpt>
      <trkpt lat="22.3810557901" lon="114.0105418289"><ele>70.000</ele></trkpt>
      <trkpt lat="22.3810730232" lon="114.0104673583"><ele>71.000</ele></trkpt>
      <trkpt lat="22.3810689612" lon="114.0104015036"><ele>70.000</ele></trkpt>
      <trkpt lat="22.3810516065" lon="114.0103585721"><ele>70.000</ele></trkpt>
      <trkpt lat="22.3810169351" lon="114.0103070706"><ele>71.000</ele></trkpt>
      <trkpt lat="22.3809529932" lon="114.0102785123"><ele>70.000</ele></trkpt>
      <trkpt lat="22.3808211528" lon="114.0102586254"><ele>72.000</ele></trkpt>
      <trkpt lat="22.3807239310" lon="114.0102372651"><ele>70.000</ele></trkpt>
      <trkpt lat="22.3806466236" lon="114.0101600437"><ele>71.000</ele></trkpt>
      <trkpt lat="22.3805733075" lon="114.0100792385"><ele>70.000</ele></trkpt>
      <trkpt lat="22.3805026463" lon="114.0099905562"><ele>70.000</ele></trkpt>
      <trkpt lat="22.3804573053" lon="114.0099233188"><ele>70.000</ele></trkpt>
      <trkpt lat="22.3804332911" lon="114.0098775329"><ele>72.000</ele></trkpt>
      <trkpt lat="22.3804212426" lon="114.0098145506"><ele>70.000</ele></trkpt>
      <trkpt lat="22.3803878643" lon="114.0097272553"><ele>71.000</ele></trkpt>
      <trkpt lat="22.3803518458" lon="114.0096614392"><ele>70.000</ele></trkpt>
      <trkpt lat="22.3802905211" lon="114.0095884950"><ele>71.000</ele></trkpt>
      <trkpt lat="22.3802518603" lon="114.0095427258"><ele>72.000</ele></trkpt>
      <trkpt lat="22.3802278347" lon="114.0094869172"><ele>70.000</ele></trkpt>
      <trkpt lat="22.3802157817" lon="114.0094196413"><ele>70.000</ele></trkpt>
      <trkpt lat="22.3802090533" lon="114.0093509267"><ele>71.000</ele></trkpt>
      <trkpt lat="22.3802196315" lon="114.0092793279"><ele>70.000</ele></trkpt>
      <trkpt lat="22.3802421789" lon="114.0091948293"><ele>70.000</ele></trkpt>
      <trkpt lat="22.3802713859" lon="114.0091117541"><ele>70.000</ele></trkpt>
      <trkpt lat="22.3802779868" lon="114.0090573411"><ele>70.000</ele></trkpt>
      <trkpt lat="22.3802659367" lon="114.0089922121"><ele>70.000</ele></trkpt>
      <trkpt lat="22.3802179203" lon="114.0089135252"><ele>70.000</ele></trkpt>
      <trkpt lat="22.3801952235" lon="114.0088548517"><ele>71.000</ele></trkpt>
      <trkpt lat="22.3801978227" lon="114.0087932843"><ele>71.000</ele></trkpt>
      <trkpt lat="22.3802057406" lon="114.0087245522"><ele>72.000</ele></trkpt>
      <trkpt lat="22.3802349593" lon="114.0086529309"><ele>70.000</ele></trkpt>
      <trkpt lat="22.3803014171" lon="114.0085397452"><ele>70.000</ele></trkpt>
      <trkpt lat="22.3803293240" lon="114.0084867379"><ele>70.000</ele></trkpt>
      <trkpt lat="22.3803319349" lon="114.0084366245"><ele>70.000</ele></trkpt>
      <trkpt lat="22.3803172130" lon="114.0083650560"><ele>70.000</ele></trkpt>
      <trkpt lat="22.3802850942" lon="114.0082090369"><ele>71.000</ele></trkpt>
      <trkpt lat="22.3802569973" lon="114.0080787838"><ele>70.000</ele></trkpt>
      <trkpt lat="22.3802195581" lon="114.0079284983"><ele>70.000</ele></trkpt>
      <trkpt lat="22.3801808355" lon="114.0078240289"><ele>72.000</ele></trkpt>
      <trkpt lat="22.3801234697" lon="114.0077181518"><ele>70.000</ele></trkpt>
      <trkpt lat="22.3800887868" lon="114.0076573451"><ele>70.000</ele></trkpt>
      <trkpt lat="22.3800701221" lon="114.0076344605"><ele>70.000</ele></trkpt>
      <trkpt lat="22.3800514310" lon="114.0075872365"><ele>70.000</ele></trkpt>
      <trkpt lat="22.3800340420" lon="114.0075113757"><ele>70.000</ele></trkpt>
      <trkpt lat="22.3800139854" lon="114.0074312243"><ele>70.000</ele></trkpt>
      <trkpt lat="22.3799926366" lon="114.0073882983"><ele>70.000</ele></trkpt>
      <trkpt lat="22.3799619680" lon="114.0073468159"><ele>70.000</ele></trkpt>
      <trkpt lat="22.3798540440" lon="114.0072782242"><ele>70.000</ele></trkpt>
      <trkpt lat="22.3798047256" lon="114.0072281729"><ele>70.000</ele></trkpt>
      <trkpt lat="22.3797820397" lon="114.0071795226"><ele>70.000</ele></trkpt>
      <trkpt lat="22.3797779650" lon="114.0071036468"><ele>70.000</ele></trkpt>
      <trkpt lat="22.3797771161" lon="114.0070687143"><ele>70.000</ele></trkpt>
      <trkpt lat="22.3797723984" lon="114.0068745783"><ele>70.000</ele></trkpt>
      <trkpt lat="22.3797682417" lon="114.0067199584"><ele>70.000</ele></trkpt>
      <trkpt lat="22.3797601274" lon="114.0066011359"><ele>70.000</ele></trkpt>
      <trkpt lat="22.3797360784" lon="114.0065231366"><ele>71.000</ele></trkpt>
      <trkpt lat="22.3796920679" lon="114.0064558990"><ele>70.000</ele></trkpt>
      <trkpt lat="22.3796494006" lon="114.0064001140"><ele>71.000</ele></trkpt>
      <trkpt lat="22.3796280439" lon="114.0063500300"><ele>70.000</ele></trkpt>
      <trkpt lat="22.3796186503" lon="114.0062813191"><ele>72.000</ele></trkpt>
      <trkpt lat="22.3796078810" lon="114.0061696582"><ele>72.000</ele></trkpt>
      <trkpt lat="22.3795691724" lon="114.0060795082"><ele>72.000</ele></trkpt>
      <trkpt lat="22.3795011425" lon="114.0059636216"><ele>70.000</ele></trkpt>
      <trkpt lat="22.3794024566" lon="114.0058177081"><ele>70.000</ele></trkpt>
      <trkpt lat="22.3793530863" lon="114.0057189799"><ele>70.000</ele></trkpt>
      <trkpt lat="22.3793409999" lon="114.0056216384"><ele>72.000</ele></trkpt>
      <trkpt lat="22.3793372314" lon="114.0055902150"><ele>72.000</ele></trkpt>
      <trkpt lat="22.3793141326" lon="114.0053976081"><ele>70.000</ele></trkpt>
      <trkpt lat="22.3793104370" lon="114.0053668903"><ele>70.000</ele></trkpt>
      <trkpt lat="22.3792872658" lon="114.0051742935"><ele>72.000</ele></trkpt>
      <trkpt lat="22.3792751563" lon="114.0050554764"><ele>72.000</ele></trkpt>
      <trkpt lat="22.3792804147" lon="114.0049924748"><ele>72.000</ele></trkpt>
      <trkpt lat="22.3793069984" lon="114.0049480593"><ele>72.000</ele></trkpt>
      <trkpt lat="22.3793522342" lon="114.0049150739"><ele>72.000</ele></trkpt>
      <trkpt lat="22.3793855178" lon="114.0049107382"><ele>72.000</ele></trkpt>
      <trkpt lat="22.3794374528" lon="114.0049164015"><ele>72.000</ele></trkpt>
      <trkpt lat="22.3795213835" lon="114.0049592500"><ele>72.000</ele></trkpt>
      <trkpt lat="22.3795853156" lon="114.0049777838"><ele>72.000</ele></trkpt>
      <trkpt lat="22.3796585453" lon="114.0049748304"><ele>72.000</ele></trkpt>
      <trkpt lat="22.3797251177" lon="114.0049718851"><ele>72.000</ele></trkpt>
      <trkpt lat="22.3797743988" lon="114.0049861412"><ele>72.000</ele></trkpt>
      <trkpt lat="22.3798623252" lon="114.0050304172"><ele>72.000</ele></trkpt>
      <trkpt lat="22.3799409084" lon="114.0050532279"><ele>72.000</ele></trkpt>
      <trkpt lat="22.3799835048" lon="114.0050417216"><ele>72.000</ele></trkpt>
      <trkpt lat="22.3800047919" lon="114.0050259466"><ele>72.000</ele></trkpt>
      <trkpt lat="22.3800380390" lon="114.0049872497"><ele>72.000</ele></trkpt>
      <trkpt lat="22.3800552817" lon="114.0049242330"><ele>72.000</ele></trkpt>
      <trkpt lat="22.3800498983" lon="114.0048712660"><ele>72.000</ele></trkpt>
      <trkpt lat="22.3800284803" lon="114.0047639127"><ele>72.000</ele></trkpt>
      <trkpt lat="22.3799883850" lon="114.0046222223"><ele>72.000</ele></trkpt>
      <trkpt lat="22.3799629641" lon="114.0045077157"><ele>72.000</ele></trkpt>
      <trkpt lat="22.3799642373" lon="114.0044533093"><ele>72.000</ele></trkpt>
      <trkpt lat="22.3799947754" lon="114.0043716638"><ele>72.000</ele></trkpt>
      <trkpt lat="22.3800213016" lon="114.0042742734"><ele>72.000</ele></trkpt>
      <trkpt lat="22.3800451646" lon="114.0041768872"><ele>72.000</ele></trkpt>
      <trkpt lat="22.3800517701" lon="114.0041274846"><ele>72.000</ele></trkpt>
      <trkpt lat="22.3800596989" lon="114.0040716376"><ele>72.000</ele></trkpt>
      <trkpt lat="22.3800569700" lon="114.0040100777"><ele>72.000</ele></trkpt>
      <trkpt lat="22.3800249389" lon="114.0039399625"><ele>72.000</ele></trkpt>
      <trkpt lat="22.3799796054" lon="114.0038813188"><ele>72.000</ele></trkpt>
      <trkpt lat="22.3799311389" lon="114.0038464298"><ele>72.000</ele></trkpt>
      <trkpt lat="22.3797810571" lon="114.0037383924"><ele>72.000</ele></trkpt>
      <trkpt lat="22.3797090773" lon="114.0036654633"><ele>72.000</ele></trkpt>
      <trkpt lat="22.3796690607" lon="114.0035982227"><ele>72.000</ele></trkpt>
      <trkpt lat="22.3796600455" lon="114.0035837183"><ele>72.000</ele></trkpt>
      <trkpt lat="22.3795596881" lon="114.0034222567"><ele>72.000</ele></trkpt>
      <trkpt lat="22.3795196638" lon="114.0033478580"><ele>72.000</ele></trkpt>
      <trkpt lat="22.3794722062" lon="114.0032607505"><ele>72.000</ele></trkpt>
      <trkpt lat="22.3793809132" lon="114.0030931847"><ele>72.000</ele></trkpt>
      <trkpt lat="22.3793342082" lon="114.0029980334"><ele>72.000</ele></trkpt>
      <trkpt lat="22.3793141709" lon="114.0029379266"><ele>72.000</ele></trkpt>
      <trkpt lat="22.3793101213" lon="114.0028863905"><ele>72.000</ele></trkpt>
      <trkpt lat="22.3793180173" lon="114.0028004775"><ele>72.000</ele></trkpt>
      <trkpt lat="22.3793112799" lon="114.0027260367"><ele>72.000</ele></trkpt>
      <trkpt lat="22.3792805787" lon="114.0026544892"><ele>72.000</ele></trkpt>
      <trkpt lat="22.3792299054" lon="114.0025843989"><ele>72.000</ele></trkpt>
      <trkpt lat="22.3791619517" lon="114.0025415320"><ele>72.000</ele></trkpt>
      <trkpt lat="22.3790513780" lon="114.0024872652"><ele>72.000</ele></trkpt>
      <trkpt lat="22.3790247202" lon="114.0024615269"><ele>72.000</ele></trkpt>
      <trkpt lat="22.3789993836" lon="114.0024257662"><ele>72.000</ele></trkpt>
      <trkpt lat="22.3788807249" lon="114.0022827432"><ele>72.000</ele></trkpt>
      <trkpt lat="22.3788586615" lon="114.0022775178"><ele>72.000</ele></trkpt>
      <trkpt lat="22.3786822796" lon="114.0022357445"><ele>72.000</ele></trkpt>
      <trkpt lat="22.3786183385" lon="114.0022100539"><ele>72.000</ele></trkpt>
      <trkpt lat="22.3785716949" lon="114.0021714554"><ele>72.000</ele></trkpt>
      <trkpt lat="22.3785103458" lon="114.0020799033"><ele>72.000</ele></trkpt>
      <trkpt lat="22.3785064906" lon="114.0020740324"><ele>72.000</ele></trkpt>
      <trkpt lat="22.3784023159" lon="114.0019153921"><ele>72.000</ele></trkpt>
      <trkpt lat="22.3783569662" lon="114.0018424324"><ele>72.000</ele></trkpt>
      <trkpt lat="22.3783382596" lon="114.0017823246"><ele>72.000</ele></trkpt>
      <trkpt lat="22.3783408468" lon="114.0017121674"><ele>72.000</ele></trkpt>
      <trkpt lat="22.3783687437" lon="114.0016520012"><ele>72.000</ele></trkpt>
      <trkpt lat="22.3784086504" lon="114.0016161582"><ele>72.000</ele></trkpt>
      <trkpt lat="22.3784512409" lon="114.0016003562"><ele>72.000</ele></trkpt>
      <trkpt lat="22.3784991656" lon="114.0015909901"><ele>72.000</ele></trkpt>
      <trkpt lat="22.3786735620" lon="114.0015621378"><ele>72.000</ele></trkpt>
      <trkpt lat="22.3787308053" lon="114.0015520444"><ele>72.000</ele></trkpt>
      <trkpt lat="22.3787959876" lon="114.0014946948"><ele>72.000</ele></trkpt>
      <trkpt lat="22.3788956998" lon="114.0013556937"><ele>72.000</ele></trkpt>
      <trkpt lat="22.3789727769" lon="114.0012167218"><ele>72.000</ele></trkpt>
      <trkpt lat="22.3790205438" lon="114.0010620369"><ele>72.000</ele></trkpt>
      <trkpt lat="22.3790235540" lon="114.0010533962"><ele>72.000</ele></trkpt>
      <trkpt lat="22.3790869113" lon="114.0008715361"><ele>72.000</ele></trkpt>
      <trkpt lat="22.3791453832" lon="114.0007655160"><ele>72.000</ele></trkpt>
      <trkpt lat="22.3792105113" lon="114.0006594874"><ele>72.000</ele></trkpt>
      <trkpt lat="22.3792517130" lon="114.0005907134"><ele>72.000</ele></trkpt>
      <trkpt lat="22.3792596313" lon="114.0005255604"><ele>72.000</ele></trkpt>
      <trkpt lat="22.3792569170" lon="114.0004703882"><ele>72.000</ele></trkpt>
      <trkpt lat="22.3792473762" lon="114.0002764579"><ele>72.000</ele></trkpt>
      <trkpt lat="22.3792391962" lon="114.0001018004"><ele>72.000</ele></trkpt>
      <trkpt lat="22.3792204397" lon="113.9999958774"><ele>74.000</ele></trkpt>
      <trkpt lat="22.3791843570" lon="113.9998756589"><ele>74.000</ele></trkpt>
      <trkpt lat="22.3791122918" lon="113.9997254206"><ele>74.000</ele></trkpt>
      <trkpt lat="22.3790455900" lon="113.9996109680"><ele>72.000</ele></trkpt>
      <trkpt lat="22.3790201477" lon="113.9994792832"><ele>72.000</ele></trkpt>
      <trkpt lat="22.3790133908" lon="113.9993883784"><ele>72.000</ele></trkpt>
      <trkpt lat="22.3790052774" lon="113.9992752839"><ele>72.000</ele></trkpt>
      <trkpt lat="22.3790078525" lon="113.9991951046"><ele>72.000</ele></trkpt>
      <trkpt lat="22.3790144563" lon="113.9991464178"><ele>73.000</ele></trkpt>
      <trkpt lat="22.3790543389" lon="113.9990890991"><ele>72.000</ele></trkpt>
      <trkpt lat="22.3791354885" lon="113.9990231375"><ele>74.000</ele></trkpt>
      <trkpt lat="22.3792352835" lon="113.9989614468"><ele>72.000</ele></trkpt>
      <trkpt lat="22.3793177714" lon="113.9989012103"><ele>72.000</ele></trkpt>
      <trkpt lat="22.3793723019" lon="113.9988453041"><ele>72.000</ele></trkpt>
      <trkpt lat="22.3794055325" lon="113.9987937207"><ele>72.000</ele></trkpt>
      <trkpt lat="22.3794121425" lon="113.9987507606"><ele>72.000</ele></trkpt>
      <trkpt lat="22.3794054427" lon="113.9987121123"><ele>72.000</ele></trkpt>
      <trkpt lat="22.3793787654" lon="113.9986691956"><ele>73.000</ele></trkpt>
      <trkpt lat="22.3793147726" lon="113.9985962592"><ele>74.000</ele></trkpt>
      <trkpt lat="22.3792548056" lon="113.9985519528"><ele>74.000</ele></trkpt>
      <trkpt lat="22.3791722273" lon="113.9985291509"><ele>74.000</ele></trkpt>
      <trkpt lat="22.3790657253" lon="113.9985464666"><ele>74.000</ele></trkpt>
      <trkpt lat="22.3789605680" lon="113.9985752346"><ele>74.000</ele></trkpt>
      <trkpt lat="22.3788993590" lon="113.9985908465"><ele>74.000</ele></trkpt>
      <trkpt lat="22.3787236256" lon="113.9986356688"><ele>74.000</ele></trkpt>
      <trkpt lat="22.3786863495" lon="113.9986414432"><ele>74.000</ele></trkpt>
      <trkpt lat="22.3786170810" lon="113.9986143287"><ele>74.000</ele></trkpt>
      <trkpt lat="22.3785930763" lon="113.9985799984"><ele>74.000</ele></trkpt>
      <trkpt lat="22.3785730263" lon="113.9985098699"><ele>74.000</ele></trkpt>
      <trkpt lat="22.3785595586" lon="113.9983710123"><ele>74.000</ele></trkpt>
      <trkpt lat="22.3785586271" lon="113.9983609752"><ele>74.000</ele></trkpt>
      <trkpt lat="22.3785406926" lon="113.9981677345"><ele>74.000</ele></trkpt>
      <trkpt lat="22.3785205997" lon="113.9980589505"><ele>74.000</ele></trkpt>
      <trkpt lat="22.3784992310" lon="113.9980002778"><ele>74.000</ele></trkpt>
      <trkpt lat="22.3784605662" lon="113.9979537968"><ele>73.000</ele></trkpt>
      <trkpt lat="22.3784086056" lon="113.9979252293"><ele>74.000</ele></trkpt>
      <trkpt lat="22.3783366707" lon="113.9978952551"><ele>74.000</ele></trkpt>
      <trkpt lat="22.3782341085" lon="113.9978624577"><ele>74.000</ele></trkpt>
      <trkpt lat="22.3781448545" lon="113.9978239153"><ele>74.000</ele></trkpt>
      <trkpt lat="22.3780755621" lon="113.9977753268"><ele>74.000</ele></trkpt>
      <trkpt lat="22.3780142336" lon="113.9977038202"><ele>74.000</ele></trkpt>
      <trkpt lat="22.3779862028" lon="113.9976408616"><ele>72.000</ele></trkpt>
      <trkpt lat="22.3779688155" lon="113.9975707301"><ele>74.000</ele></trkpt>
      <trkpt lat="22.3779580457" lon="113.9974647982"><ele>72.000</ele></trkpt>
      <trkpt lat="22.3779485745" lon="113.9973287996"><ele>72.000</ele></trkpt>
      <trkpt lat="22.3779551524" lon="113.9972572062"><ele>74.000</ele></trkpt>
      <trkpt lat="22.3779790334" lon="113.9971798637"><ele>74.000</ele></trkpt>
      <trkpt lat="22.3780361868" lon="113.9970881619"><ele>74.000</ele></trkpt>
      <trkpt lat="22.3781000418" lon="113.9970365383"><ele>74.000</ele></trkpt>
      <trkpt lat="22.3782064959" lon="113.9969762704"><ele>73.000</ele></trkpt>
      <trkpt lat="22.3783342505" lon="113.9969131115"><ele>73.000</ele></trkpt>
      <trkpt lat="22.3784141278" lon="113.9969015548"><ele>74.000</ele></trkpt>
      <trkpt lat="22.3784687341" lon="113.9969143698"><ele>74.000</ele></trkpt>
      <trkpt lat="22.3785126928" lon="113.9969314943"><ele>74.000</ele></trkpt>
      <trkpt lat="22.3785939673" lon="113.9969786359"><ele>74.000</ele></trkpt>
      <trkpt lat="22.3786965536" lon="113.9970329084"><ele>74.000</ele></trkpt>
      <trkpt lat="22.3787897583" lon="113.9970313574"><ele>74.000</ele></trkpt>
      <trkpt lat="22.3788749458" lon="113.9970054775"><ele>74.000</ele></trkpt>
      <trkpt lat="22.3789547992" lon="113.9969724452"><ele>74.000</ele></trkpt>
      <trkpt lat="22.3790412996" lon="113.9969293825"><ele>74.000</ele></trkpt>
      <trkpt lat="22.3790772126" lon="113.9968949753"><ele>74.000</ele></trkpt>
      <trkpt lat="22.3791050861" lon="113.9968161957"><ele>74.000</ele></trkpt>
      <trkpt lat="22.3791116678" lon="113.9967474652"><ele>74.000</ele></trkpt>
      <trkpt lat="22.3790956208" lon="113.9966859220"><ele>74.000</ele></trkpt>
      <trkpt lat="22.3790569436" lon="113.9966287038"><ele>74.000</ele></trkpt>
      <trkpt lat="22.3789796440" lon="113.9965643761"><ele>74.000</ele></trkpt>
      <trkpt lat="22.3788890371" lon="113.9965065092"><ele>74.000</ele></trkpt>
      <trkpt lat="22.3788225082" lon="113.9964592348"><ele>74.000</ele></trkpt>
      <trkpt lat="22.3786718287" lon="113.9963521645"><ele>74.000</ele></trkpt>
      <trkpt lat="22.3786141902" lon="113.9963120055"><ele>74.000</ele></trkpt>
      <trkpt lat="22.3784626191" lon="113.9962064004"><ele>74.000</ele></trkpt>
      <trkpt lat="22.3783919632" lon="113.9961291794"><ele>74.000</ele></trkpt>
      <trkpt lat="22.3783665923" lon="113.9960647862"><ele>74.000</ele></trkpt>
      <trkpt lat="22.3783531754" lon="113.9959731750"><ele>74.000</ele></trkpt>
      <trkpt lat="22.3783370496" lon="113.9958414785"><ele>74.000</ele></trkpt>
      <trkpt lat="22.3782942905" lon="113.9957069540"><ele>75.000</ele></trkpt>
      <trkpt lat="22.3782049342" lon="113.9955767856"><ele>75.000</ele></trkpt>
      <trkpt lat="22.3781821918" lon="113.9954816065"><ele>74.000</ele></trkpt>
      <trkpt lat="22.3781820381" lon="113.9953445733"><ele>74.000</ele></trkpt>
      <trkpt lat="22.3781818202" lon="113.9951503735"><ele>74.000</ele></trkpt>
      <trkpt lat="22.3781816020" lon="113.9949561737"><ele>74.000</ele></trkpt>
      <trkpt lat="22.3781827673" lon="113.9948087073"><ele>74.000</ele></trkpt>
      <trkpt lat="22.3782013155" lon="113.9947256442"><ele>74.000</ele></trkpt>
      <trkpt lat="22.3782118210" lon="113.9945960611"><ele>74.000</ele></trkpt>
      <trkpt lat="22.3782196958" lon="113.9944944007"><ele>74.000</ele></trkpt>
      <trkpt lat="22.3782200424" lon="113.9944518395"><ele>74.000</ele></trkpt>
      <trkpt lat="22.3782216236" lon="113.9942576469"><ele>74.000</ele></trkpt>
      <trkpt lat="22.3782232047" lon="113.9940634544"><ele>74.000</ele></trkpt>
      <trkpt lat="22.3782244015" lon="113.9939446217"><ele>74.000</ele></trkpt>
      <trkpt lat="22.3782402473" lon="113.9938272012"><ele>76.000</ele></trkpt>
      <trkpt lat="22.3782734649" lon="113.9937655943"><ele>75.000</ele></trkpt>
      <trkpt lat="22.3783465988" lon="113.9936781649"><ele>74.000</ele></trkpt>
      <trkpt lat="22.3784104139" lon="113.9935921797"><ele>76.000</ele></trkpt>
      <trkpt lat="22.3784356479" lon="113.9935348789"><ele>74.000</ele></trkpt>
      <trkpt lat="22.3784355684" lon="113.9934647251"><ele>74.000</ele></trkpt>
      <trkpt lat="22.3784221742" lon="113.9933953053"><ele>76.000</ele></trkpt>
      <trkpt lat="22.3784047883" lon="113.9933280377"><ele>74.000</ele></trkpt>
      <trkpt lat="22.3783646440" lon="113.9931519914"><ele>75.000</ele></trkpt>
      <trkpt lat="22.3783325366" lon="113.9930188849"><ele>76.000</ele></trkpt>
      <trkpt lat="22.3782911469" lon="113.9929201525"><ele>76.000</ele></trkpt>
      <trkpt lat="22.3782444254" lon="113.9928156993"><ele>76.000</ele></trkpt>
      <trkpt lat="22.3782003962" lon="113.9927370139"><ele>76.000</ele></trkpt>
      <trkpt lat="22.3781803632" lon="113.9926840673"><ele>76.000</ele></trkpt>
      <trkpt lat="22.3781829562" lon="113.9926225006"><ele>76.000</ele></trkpt>
      <trkpt lat="22.3781962211" lon="113.9925781006"><ele>76.000</ele></trkpt>
      <trkpt lat="22.3782214711" lon="113.9925351161"><ele>76.000</ele></trkpt>
      <trkpt lat="22.3782959762" lon="113.9924834773"><ele>76.000</ele></trkpt>
      <trkpt lat="22.3783798205" lon="113.9924475738"><ele>76.000</ele></trkpt>
      <trkpt lat="22.3784556673" lon="113.9924045225"><ele>76.000</ele></trkpt>
      <trkpt lat="22.3785607575" lon="113.9923170501"><ele>76.000</ele></trkpt>
      <trkpt lat="22.3785840176" lon="113.9922982442"><ele>76.000</ele></trkpt>
      <trkpt lat="22.3787283723" lon="113.9921815333"><ele>76.000</ele></trkpt>
      <trkpt lat="22.3787789129" lon="113.9921313569"><ele>76.000</ele></trkpt>
      <trkpt lat="22.3788094733" lon="113.9920754799"><ele>76.000</ele></trkpt>
      <trkpt lat="22.3788280168" lon="113.9919895536"><ele>76.000</ele></trkpt>
      <trkpt lat="22.3788425145" lon="113.9918592489"><ele>76.000</ele></trkpt>
      <trkpt lat="22.3788503506" lon="113.9917260894"><ele>76.000</ele></trkpt>
      <trkpt lat="22.3788329033" lon="113.9916058497"><ele>76.000</ele></trkpt>
      <trkpt lat="22.3787981112" lon="113.9914541345"><ele>76.000</ele></trkpt>
      <trkpt lat="22.3787980488" lon="113.9913997292"><ele>76.000</ele></trkpt>
      <trkpt lat="22.3788232779" lon="113.9913395644"><ele>76.000</ele></trkpt>
      <trkpt lat="22.3788764797" lon="113.9912879529"><ele>76.000</ele></trkpt>
      <trkpt lat="22.3789136930" lon="113.9912277721"><ele>76.000</ele></trkpt>
      <trkpt lat="22.3789242853" lon="113.9911762161"><ele>76.000</ele></trkpt>
      <trkpt lat="22.3789135616" lon="113.9911132354"><ele>76.000</ele></trkpt>
      <trkpt lat="22.3788842216" lon="113.9910731864"><ele>76.000</ele></trkpt>
      <trkpt lat="22.3788654470" lon="113.9910621385"><ele>76.000</ele></trkpt>
      <trkpt lat="22.3787070112" lon="113.9909689076"><ele>76.000</ele></trkpt>
      <trkpt lat="22.3786270645" lon="113.9909196198"><ele>76.000</ele></trkpt>
      <trkpt lat="22.3786118838" lon="113.9908818289"><ele>76.000</ele></trkpt>
      <trkpt lat="22.3785402678" lon="113.9907035481"><ele>76.000</ele></trkpt>
      <trkpt lat="22.3784748333" lon="113.9905375569"><ele>76.000</ele></trkpt>
      <trkpt lat="22.3784107461" lon="113.9903858823"><ele>76.000</ele></trkpt>
      <trkpt lat="22.3783835520" lon="113.9903210756"><ele>76.000</ele></trkpt>
      <trkpt lat="22.3783092725" lon="113.9901440596"><ele>76.000</ele></trkpt>
      <trkpt lat="22.3782758918" lon="113.9900639295"><ele>76.000</ele></trkpt>
      <trkpt lat="22.3782745062" lon="113.9900166844"><ele>76.000</ele></trkpt>
      <trkpt lat="22.3783249873" lon="113.9899163980"><ele>76.000</ele></trkpt>
      <trkpt lat="22.3783940620" lon="113.9897745677"><ele>76.000</ele></trkpt>
      <trkpt lat="22.3784152905" lon="113.9897093968"><ele>76.000</ele></trkpt>
      <trkpt lat="22.3784178261" lon="113.9895991526"><ele>76.000</ele></trkpt>
      <trkpt lat="22.3784137441" lon="113.9895232772"><ele>76.000</ele></trkpt>
      <trkpt lat="22.3784002860" lon="113.9894001693"><ele>76.000</ele></trkpt>
      <trkpt lat="22.3783988637" lon="113.9893214278"><ele>76.000</ele></trkpt>
      <trkpt lat="22.3784161202" lon="113.9892755899"><ele>76.000</ele></trkpt>
      <trkpt lat="22.3784733255" lon="113.9892325619"><ele>77.000</ele></trkpt>
      <trkpt lat="22.3785651325" lon="113.9891751710"><ele>76.000</ele></trkpt>
      <trkpt lat="22.3786542855" lon="113.9891249419"><ele>76.000</ele></trkpt>
      <trkpt lat="22.3787035430" lon="113.9891177176"><ele>76.000</ele></trkpt>
      <trkpt lat="22.3788340075" lon="113.9890974981"><ele>76.000</ele></trkpt>
      <trkpt lat="22.3789272079" lon="113.9890930783"><ele>76.000</ele></trkpt>
      <trkpt lat="22.3789831160" lon="113.9890801181"><ele>76.000</ele></trkpt>
      <trkpt lat="22.3790097177" lon="113.9890557432"><ele>76.000</ele></trkpt>
      <trkpt lat="22.3790575460" lon="113.9889640500"><ele>76.000</ele></trkpt>
      <trkpt lat="22.3790933500" lon="113.9888380109"><ele>76.000</ele></trkpt>
      <trkpt lat="22.3791131613" lon="113.9886991090"><ele>76.000</ele></trkpt>
      <trkpt lat="22.3791237021" lon="113.9886031700"><ele>76.000</ele></trkpt>
      <trkpt lat="22.3791116587" lon="113.9885516442"><ele>76.000</ele></trkpt>
      <trkpt lat="22.3790622996" lon="113.9884715356"><ele>77.000</ele></trkpt>
      <trkpt lat="22.3789836007" lon="113.9883513776"><ele>77.000</ele></trkpt>
      <trkpt lat="22.3789075765" lon="113.9882412388"><ele>76.000</ele></trkpt>
      <trkpt lat="22.3788515491" lon="113.9881525490"><ele>76.000</ele></trkpt>
      <trkpt lat="22.3788261843" lon="113.9880953143"><ele>78.000</ele></trkpt>
      <trkpt lat="22.3788287780" lon="113.9880366106"><ele>78.000</ele></trkpt>
      <trkpt lat="22.3788566748" lon="113.9879807373"><ele>77.000</ele></trkpt>
      <trkpt lat="22.3789178655" lon="113.9879305441"><ele>77.000</ele></trkpt>
      <trkpt lat="22.3790150000" lon="113.9878738606"><ele>78.000</ele></trkpt>
      <trkpt lat="22.3790961717" lon="113.9878308005"><ele>77.000</ele></trkpt>
      <trkpt lat="22.3791520479" lon="113.9877906370"><ele>77.000</ele></trkpt>
      <trkpt lat="22.3792278199" lon="113.9876845880"><ele>77.000</ele></trkpt>
      <trkpt lat="22.3792929671" lon="113.9876014603"><ele>78.000</ele></trkpt>
      <trkpt lat="22.3793102214" lon="113.9875541907"><ele>78.000</ele></trkpt>
      <trkpt lat="22.3792984083" lon="113.9874924874"><ele>78.000</ele></trkpt>
      <trkpt lat="22.3792619918" lon="113.9873022746"><ele>77.000</ele></trkpt>
      <trkpt lat="22.3792547515" lon="113.9872699462"><ele>76.000</ele></trkpt>
      <trkpt lat="22.3792124667" lon="113.9870811423"><ele>78.000</ele></trkpt>
      <trkpt lat="22.3791830259" lon="113.9869551921"><ele>78.000</ele></trkpt>
      <trkpt lat="22.3791762913" lon="113.9868893427"><ele>78.000</ele></trkpt>
      <trkpt lat="22.3791868940" lon="113.9868478090"><ele>78.000</ele></trkpt>
      <trkpt lat="22.3792825876" lon="113.9866987809"><ele>78.000</ele></trkpt>
      <trkpt lat="22.3793836105" lon="113.9865526088"><ele>78.000</ele></trkpt>
      <trkpt lat="22.3794207834" lon="113.9864594968"><ele>78.000</ele></trkpt>
      <trkpt lat="22.3794586812" lon="113.9863603533"><ele>78.000</ele></trkpt>
      <trkpt lat="22.3795273417" lon="113.9861807321"><ele>78.000</ele></trkpt>
      <trkpt lat="22.3795960020" lon="113.9860011107"><ele>78.000</ele></trkpt>
      <trkpt lat="22.3796172333" lon="113.9859388021"><ele>78.000</ele></trkpt>
      <trkpt lat="22.3796118040" lon="113.9858514749"><ele>78.000</ele></trkpt>
      <trkpt lat="22.3795956581" lon="113.9857097567"><ele>78.000</ele></trkpt>
      <trkpt lat="22.3795942475" lon="113.9856424686"><ele>78.000</ele></trkpt>
      <trkpt lat="22.3796221503" lon="113.9855923206"><ele>78.000</ele></trkpt>
      <trkpt lat="22.3797152625" lon="113.9855134482"><ele>78.000</ele></trkpt>
      <trkpt lat="22.3797817583" lon="113.9854460672"><ele>78.000</ele></trkpt>
      <trkpt lat="22.3798095961" lon="113.9853647544"><ele>78.000</ele></trkpt>
      <trkpt lat="22.3798719888" lon="113.9851825083"><ele>78.000</ele></trkpt>
      <trkpt lat="22.3798826418" lon="113.9851513541"><ele>78.000</ele></trkpt>
      <trkpt lat="22.3799449686" lon="113.9849690818"><ele>78.000</ele></trkpt>
      <trkpt lat="22.3799927623" lon="113.9848501838"><ele>78.000</ele></trkpt>
      <trkpt lat="22.3800432521" lon="113.9847599161"><ele>78.000</ele></trkpt>
      <trkpt lat="22.3801070505" lon="113.9846639041"><ele>78.000</ele></trkpt>
      <trkpt lat="22.3801535800" lon="113.9846022760"><ele>79.000</ele></trkpt>
      <trkpt lat="22.3801974720" lon="113.9845621274"><ele>78.000</ele></trkpt>
      <trkpt lat="22.3802453760" lon="113.9845362899"><ele>80.000</ele></trkpt>
      <trkpt lat="22.3803252710" lon="113.9845404758"><ele>80.000</ele></trkpt>
      <trkpt lat="22.3804224953" lon="113.9845603869"><ele>79.000</ele></trkpt>
      <trkpt lat="22.3804944223" lon="113.9845817631"><ele>78.000</ele></trkpt>
      <trkpt lat="22.3805397355" lon="113.9846174944"><ele>78.000</ele></trkpt>
      <trkpt lat="22.3806250494" lon="113.9846989854"><ele>80.000</ele></trkpt>
      <trkpt lat="22.3807023595" lon="113.9847690333"><ele>80.000</ele></trkpt>
      <trkpt lat="22.3807543020" lon="113.9847804162"><ele>80.000</ele></trkpt>
      <trkpt lat="22.3808261457" lon="113.9847316385"><ele>80.000</ele></trkpt>
      <trkpt lat="22.3809232517" lon="113.9846527604"><ele>80.000</ele></trkpt>
      <trkpt lat="22.3809830473" lon="113.9845495939"><ele>80.000</ele></trkpt>
      <trkpt lat="22.3810215722" lon="113.9844750909"><ele>80.000</ele></trkpt>
      <trkpt lat="22.3810667859" lon="113.9844263505"><ele>80.000</ele></trkpt>
      <trkpt lat="22.3811213336" lon="113.9843890505"><ele>80.000</ele></trkpt>
      <trkpt lat="22.3811931780" lon="113.9843417047"><ele>78.000</ele></trkpt>
      <trkpt lat="22.3812463715" lon="113.9842850783"><ele>79.000</ele></trkpt>
      <trkpt lat="22.3813421053" lon="113.9841718390"><ele>79.000</ele></trkpt>
      <trkpt lat="22.3813806369" lon="113.9841030628"><ele>78.000</ele></trkpt>
      <trkpt lat="22.3813912278" lon="113.9840515064"><ele>80.000</ele></trkpt>
      <trkpt lat="22.3813924377" lon="113.9839498513"><ele>78.000</ele></trkpt>
      <trkpt lat="22.3813829654" lon="113.9838224410"><ele>78.000</ele></trkpt>
      <trkpt lat="22.3813735135" lon="113.9837122100"><ele>79.000</ele></trkpt>
      <trkpt lat="22.3813734280" lon="113.9836406235"><ele>78.000</ele></trkpt>
      <trkpt lat="22.3813853482" lon="113.9835876329"><ele>78.000</ele></trkpt>
      <trkpt lat="22.3814119217" lon="113.9835403492"><ele>79.000</ele></trkpt>
      <trkpt lat="22.3814944021" lon="113.9834786704"><ele>80.000</ele></trkpt>
      <trkpt lat="22.3816167909" lon="113.9833868706"><ele>80.000</ele></trkpt>
      <trkpt lat="22.3816912793" lon="113.9833237715"><ele>80.000</ele></trkpt>
      <trkpt lat="22.3817617846" lon="113.9832692684"><ele>80.000</ele></trkpt>
      <trkpt lat="22.3818163294" lon="113.9832305355"><ele>80.000</ele></trkpt>
      <trkpt lat="22.3818456062" lon="113.9832161782"><ele>80.000</ele></trkpt>
      <trkpt lat="22.3818895338" lon="113.9832060945"><ele>80.000</ele></trkpt>
      <trkpt lat="22.3819188251" lon="113.9832046227"><ele>80.000</ele></trkpt>
      <trkpt lat="22.3819880944" lon="113.9832302978"><ele>80.000</ele></trkpt>
      <trkpt lat="22.3820613613" lon="113.9832588311"><ele>80.000</ele></trkpt>
      <trkpt lat="22.3821253181" lon="113.9832959679"><ele>80.000</ele></trkpt>
      <trkpt lat="22.3821679813" lon="113.9833417249"><ele>80.000</ele></trkpt>
      <trkpt lat="22.3821840120" lon="113.9833860865"><ele>80.000</ele></trkpt>
      <trkpt lat="22.3821907514" lon="113.9834548007"><ele>80.000</ele></trkpt>
      <trkpt lat="22.3821974986" lon="113.9835292420"><ele>80.000</ele></trkpt>
      <trkpt lat="22.3822175995" lon="113.9836365944"><ele>80.000</ele></trkpt>
      <trkpt lat="22.3822403028" lon="113.9836938323"><ele>80.000</ele></trkpt>
      <trkpt lat="22.3822643031" lon="113.9837210026"><ele>80.000</ele></trkpt>
      <trkpt lat="22.3823402654" lon="113.9837767358"><ele>80.000</ele></trkpt>
      <trkpt lat="22.3824908248" lon="113.9838595696"><ele>80.000</ele></trkpt>
      <trkpt lat="22.3826280533" lon="113.9839295353"><ele>80.000</ele></trkpt>
      <trkpt lat="22.3826973259" lon="113.9839580755"><ele>80.000</ele></trkpt>
      <trkpt lat="22.3828677614" lon="113.9839607032"><ele>80.000</ele></trkpt>
      <trkpt lat="22.3830275199" lon="113.9839418712"><ele>80.000</ele></trkpt>
      <trkpt lat="22.3830861103" lon="113.9839446530"><ele>80.000</ele></trkpt>
      <trkpt lat="22.3831273953" lon="113.9839517555"><ele>80.000</ele></trkpt>
      <trkpt lat="22.3831793668" lon="113.9839874772"><ele>80.000</ele></trkpt>
      <trkpt lat="22.3832167020" lon="113.9840318098"><ele>80.000</ele></trkpt>
      <trkpt lat="22.3832620375" lon="113.9840861545"><ele>80.000</ele></trkpt>
      <trkpt lat="22.3833100011" lon="113.9841104284"><ele>80.000</ele></trkpt>
      <trkpt lat="22.3834431569" lon="113.9841145398"><ele>80.000</ele></trkpt>
      <trkpt lat="22.3836042687" lon="113.9841143179"><ele>80.000</ele></trkpt>
      <trkpt lat="22.3836801609" lon="113.9841113498"><ele>80.000</ele></trkpt>
      <trkpt lat="22.3837320659" lon="113.9840912341"><ele>80.000</ele></trkpt>
      <trkpt lat="22.3837799459" lon="113.9840453516"><ele>80.000</ele></trkpt>
      <trkpt lat="22.3838251398" lon="113.9839808600"><ele>80.000</ele></trkpt>
      <trkpt lat="22.3838716998" lon="113.9839450023"><ele>80.000</ele></trkpt>
      <trkpt lat="22.3839116281" lon="113.9839306293"><ele>80.000</ele></trkpt>
      <trkpt lat="22.3839529080" lon="113.9839334359"><ele>80.000</ele></trkpt>
      <trkpt lat="22.3840261508" lon="113.9839419258"><ele>80.000</ele></trkpt>
      <trkpt lat="22.3841513293" lon="113.9839560712"><ele>80.000</ele></trkpt>
      <trkpt lat="22.3842711842" lon="113.9839716553"><ele>80.000</ele></trkpt>
      <trkpt lat="22.3844056796" lon="113.9839829233"><ele>80.000</ele></trkpt>
      <trkpt lat="22.3844842469" lon="113.9839899746"><ele>80.000</ele></trkpt>
      <trkpt lat="22.3845401904" lon="113.9840070781"><ele>80.000</ele></trkpt>
      <trkpt lat="22.3846014917" lon="113.9840499468"><ele>80.000</ele></trkpt>
      <trkpt lat="22.3846508222" lon="113.9841042855"><ele>81.000</ele></trkpt>
      <trkpt lat="22.3847121140" lon="113.9841399958"><ele>82.000</ele></trkpt>
      <trkpt lat="22.3847840266" lon="113.9841499189"><ele>82.000</ele></trkpt>
      <trkpt lat="22.3848452604" lon="113.9841369488"><ele>80.000</ele></trkpt>
      <trkpt lat="22.3848905191" lon="113.9841210558"><ele>82.000</ele></trkpt>
      <trkpt lat="22.3850622056" lon="113.9840607665"><ele>82.000</ele></trkpt>
      <trkpt lat="22.3851176451" lon="113.9840418569"><ele>82.000</ele></trkpt>
      <trkpt lat="22.3852898013" lon="113.9839831370"><ele>82.000</ele></trkpt>
      <trkpt lat="22.3853747967" lon="113.9839561563"><ele>82.000</ele></trkpt>
      <trkpt lat="22.3855480161" lon="113.9839011700"><ele>82.000</ele></trkpt>
      <trkpt lat="22.3856797869" lon="113.9838608984"><ele>82.000</ele></trkpt>
      <trkpt lat="22.3857915945" lon="113.9838278129"><ele>82.000</ele></trkpt>
      <trkpt lat="22.3858395180" lon="113.9838191558"><ele>82.000</ele></trkpt>
      <trkpt lat="22.3859859960" lon="113.9838289770"><ele>82.000</ele></trkpt>
      <trkpt lat="22.3860845556" lon="113.9838531805"><ele>82.000</ele></trkpt>
      <trkpt lat="22.3862004086" lon="113.9838630439"><ele>82.000</ele></trkpt>
      <trkpt lat="22.3862989332" lon="113.9838571807"><ele>82.000</ele></trkpt>
      <trkpt lat="22.3863947622" lon="113.9838241171"><ele>82.000</ele></trkpt>
      <trkpt lat="22.3865504786" lon="113.9837651989"><ele>82.000</ele></trkpt>
      <trkpt lat="22.3866582791" lon="113.9837220972"><ele>82.000</ele></trkpt>
      <trkpt lat="22.3866955443" lon="113.9837077275"><ele>82.000</ele></trkpt>
      <trkpt lat="22.3867301600" lon="113.9837048161"><ele>82.000</ele></trkpt>
      <trkpt lat="22.3867834234" lon="113.9837076062"><ele>82.000</ele></trkpt>
      <trkpt lat="22.3868460353" lon="113.9837332917"><ele>82.000</ele></trkpt>
      <trkpt lat="22.3869233184" lon="113.9837804349"><ele>82.000</ele></trkpt>
      <trkpt lat="22.3869539520" lon="113.9837875513"><ele>82.000</ele></trkpt>
      <trkpt lat="22.3870125107" lon="113.9837645612"><ele>82.000</ele></trkpt>
      <trkpt lat="22.3871229623" lon="113.9837114325"><ele>82.000</ele></trkpt>
      <trkpt lat="22.3871695410" lon="113.9836913235"><ele>83.000</ele></trkpt>
      <trkpt lat="22.3872214698" lon="113.9836912518"><ele>82.000</ele></trkpt>
      <trkpt lat="22.3872507765" lon="113.9837026660"><ele>82.000</ele></trkpt>
      <trkpt lat="22.3873067534" lon="113.9837469741"><ele>82.000</ele></trkpt>
      <trkpt lat="22.3873600594" lon="113.9837855585"><ele>85.000</ele></trkpt>
      <trkpt lat="22.3874253198" lon="113.9837997868"><ele>82.000</ele></trkpt>
      <trkpt lat="22.3876050867" lon="113.9838109935"><ele>83.000</ele></trkpt>
      <trkpt lat="22.3877222631" lon="113.9838136954"><ele>82.000</ele></trkpt>
      <trkpt lat="22.3878460993" lon="113.9838192510"><ele>83.000</ele></trkpt>
      <trkpt lat="22.3879113512" lon="113.9838263206"><ele>82.000</ele></trkpt>
      <trkpt lat="22.3879552814" lon="113.9838176689"><ele>82.000</ele></trkpt>
      <trkpt lat="22.3880045198" lon="113.9837946925"><ele>84.000</ele></trkpt>
      <trkpt lat="22.3880457398" lon="113.9837473854"><ele>84.000</ele></trkpt>
      <trkpt lat="22.3881015499" lon="113.9836528098"><ele>83.000</ele></trkpt>
      <trkpt lat="22.3881493931" lon="113.9835761419"><ele>82.000</ele></trkpt>
      <trkpt lat="22.3882038771" lon="113.9834858640"><ele>83.000</ele></trkpt>
      <trkpt lat="22.3882344619" lon="113.9834528898"><ele>82.000</ele></trkpt>
      <trkpt lat="22.3882969985" lon="113.9834155764"><ele>84.000</ele></trkpt>
      <trkpt lat="22.3883622041" lon="113.9833839866"><ele>84.000</ele></trkpt>
      <trkpt lat="22.3884287486" lon="113.9833581224"><ele>84.000</ele></trkpt>
      <trkpt lat="22.3884873090" lon="113.9833365642"><ele>84.000</ele></trkpt>
      <trkpt lat="22.3885338996" lon="113.9833264773"><ele>84.000</ele></trkpt>
      <trkpt lat="22.3886057891" lon="113.9833163554"><ele>84.000</ele></trkpt>
      <trkpt lat="22.3886390686" lon="113.9833091497"><ele>84.000</ele></trkpt>
      <trkpt lat="22.3886710179" lon="113.9833033781"><ele>84.000</ele></trkpt>
      <trkpt lat="22.3887548479" lon="113.9832574449"><ele>84.000</ele></trkpt>
      <trkpt lat="22.3888479915" lon="113.9832057704"><ele>84.000</ele></trkpt>
      <trkpt lat="22.3889012410" lon="113.9831971066"><ele>84.000</ele></trkpt>
      <trkpt lat="22.3890437000" lon="113.9831868860"><ele>84.000</ele></trkpt>
      <trkpt lat="22.3891741789" lon="113.9831795466"><ele>84.000</ele></trkpt>
      <trkpt lat="22.3893392753" lon="113.9831707269"><ele>84.000</ele></trkpt>
      <trkpt lat="22.3893978665" lon="113.9831749418"><ele>84.000</ele></trkpt>
      <trkpt lat="22.3894471510" lon="113.9831906235"><ele>84.000</ele></trkpt>
      <trkpt lat="22.3894951336" lon="113.9832306480"><ele>84.000</ele></trkpt>
      <trkpt lat="22.3895498188" lon="113.9833093220"><ele>84.000</ele></trkpt>
      <trkpt lat="22.3896031430" lon="113.9833622254"><ele>84.000</ele></trkpt>
      <trkpt lat="22.3896604210" lon="113.9833821912"><ele>84.000</ele></trkpt>
      <trkpt lat="22.3897190182" lon="113.9833907013"><ele>84.000</ele></trkpt>
      <trkpt lat="22.3897722713" lon="113.9833849002"><ele>84.000</ele></trkpt>
      <trkpt lat="22.3898733749" lon="113.9833088743"><ele>84.000</ele></trkpt>
      <trkpt lat="22.3900023933" lon="113.9831941499"><ele>84.000</ele></trkpt>
      <trkpt lat="22.3900981502" lon="113.9831009487"><ele>84.000</ele></trkpt>
      <trkpt lat="22.3901526803" lon="113.9830493281"><ele>84.000</ele></trkpt>
      <trkpt lat="22.3901966027" lon="113.9830349486"><ele>84.000</ele></trkpt>
      <trkpt lat="22.3902418759" lon="113.9830363173"><ele>84.000</ele></trkpt>
      <trkpt lat="22.3903617437" lon="113.9830633561"><ele>84.000</ele></trkpt>
      <trkpt lat="22.3905029212" lon="113.9830946606"><ele>84.000</ele></trkpt>
      <trkpt lat="22.3906054468" lon="113.9830945186"><ele>84.000</ele></trkpt>
      <trkpt lat="22.3906525271" lon="113.9830941574"><ele>84.000</ele></trkpt>
      <trkpt lat="22.3908331319" lon="113.9830927718"><ele>85.000</ele></trkpt>
      <trkpt lat="22.3909609597" lon="113.9830954585"><ele>85.000</ele></trkpt>
      <trkpt lat="22.3910208897" lon="113.9831053981"><ele>84.000</ele></trkpt>
      <trkpt lat="22.3910581840" lon="113.9831153691"><ele>84.000</ele></trkpt>
      <trkpt lat="22.3910981448" lon="113.9831282001"><ele>84.000</ele></trkpt>
      <trkpt lat="22.3911767515" lon="113.9831681827"><ele>84.000</ele></trkpt>
      <trkpt lat="22.3912433619" lon="113.9831981593"><ele>84.000</ele></trkpt>
      <trkpt lat="22.3912939836" lon="113.9832181345"><ele>84.000</ele></trkpt>
      <trkpt lat="22.3913499288" lon="113.9832366709"><ele>84.000</ele></trkpt>
      <trkpt lat="22.3914151524" lon="113.9832193991"><ele>84.000</ele></trkpt>
      <trkpt lat="22.3914630141" lon="113.9831591960"><ele>85.000</ele></trkpt>
      <trkpt lat="22.3915201696" lon="113.9830760700"><ele>84.000</ele></trkpt>
      <trkpt lat="22.3915627145" lon="113.9830230331"><ele>84.000</ele></trkpt>
      <trkpt lat="22.3916199411" lon="113.9830000447"><ele>85.000</ele></trkpt>
      <trkpt lat="22.3916572182" lon="113.9829956969"><ele>85.000</ele></trkpt>
      <trkpt lat="22.3917171465" lon="113.9830042051"><ele>86.000</ele></trkpt>
      <trkpt lat="22.3917890779" lon="113.9830298783"><ele>84.000</ele></trkpt>
      <trkpt lat="22.3918703212" lon="113.9830469483"><ele>86.000</ele></trkpt>
      <trkpt lat="22.3919115959" lon="113.9830454587"><ele>85.000</ele></trkpt>
      <trkpt lat="22.3919435297" lon="113.9830268005"><ele>86.000</ele></trkpt>
      <trkpt lat="22.3919993857" lon="113.9829708812"><ele>86.000</ele></trkpt>
      <trkpt lat="22.3920579013" lon="113.9829120944"><ele>86.000</ele></trkpt>
      <trkpt lat="22.3920939163" lon="113.9828974513"><ele>86.000</ele></trkpt>
      <trkpt lat="22.3922628537" lon="113.9828287639"><ele>86.000</ele></trkpt>
      <trkpt lat="22.3923600084" lon="113.9827914011"><ele>86.000</ele></trkpt>
      <trkpt lat="22.3923892662" lon="113.9827612924"><ele>86.000</ele></trkpt>
      <trkpt lat="22.3924850537" lon="113.9826938623"><ele>88.000</ele></trkpt>
      <trkpt lat="22.3926074522" lon="113.9826106449"><ele>92.000</ele></trkpt>
      <trkpt lat="22.3926726559" lon="113.9825776223"><ele>92.000</ele></trkpt>
      <trkpt lat="22.3927032792" lon="113.9825761474"><ele>94.000</ele></trkpt>
      <trkpt lat="22.3928630889" lon="113.9826002671"><ele>96.000</ele></trkpt>
      <trkpt lat="22.3929123649" lon="113.9826087900"><ele>96.000</ele></trkpt>
      <trkpt lat="22.3929536224" lon="113.9825929824"><ele>96.000</ele></trkpt>
      <trkpt lat="22.3930081609" lon="113.9825485195"><ele>98.000</ele></trkpt>
      <trkpt lat="22.3930586665" lon="113.9824725605"><ele>100.000</ele></trkpt>
      <trkpt lat="22.3931131843" lon="113.9824109158"><ele>100.000</ele></trkpt>
      <trkpt lat="22.3931743714" lon="113.9823592836"><ele>101.000</ele></trkpt>
      <trkpt lat="22.3932262675" lon="113.9823320059"><ele>102.000</ele></trkpt>
      <trkpt lat="22.3933101144" lon="113.9823003886"><ele>102.000</ele></trkpt>
      <trkpt lat="22.3933620156" lon="113.9822774071"><ele>102.000</ele></trkpt>
      <trkpt lat="22.3934152720" lon="113.9822744692"><ele>102.000</ele></trkpt>
      <trkpt lat="22.3934406036" lon="113.9823016385"><ele>102.000</ele></trkpt>
      <trkpt lat="22.3934899295" lon="113.9823516858"><ele>102.000</ele></trkpt>
      <trkpt lat="22.3935472206" lon="113.9823816744"><ele>102.000</ele></trkpt>
      <trkpt lat="22.3936471157" lon="113.9824087411"><ele>102.000</ele></trkpt>
      <trkpt lat="22.3936884128" lon="113.9824258665"><ele>102.000</ele></trkpt>
      <trkpt lat="22.3937243950" lon="113.9824515897"><ele>102.000</ele></trkpt>
      <trkpt lat="22.3937523904" lon="113.9824801877"><ele>102.000</ele></trkpt>
      <trkpt lat="22.3937790771" lon="113.9825274019"><ele>102.000</ele></trkpt>
      <trkpt lat="22.3938110917" lon="113.9825760410"><ele>102.000</ele></trkpt>
      <trkpt lat="22.3938590503" lon="113.9825960200"><ele>102.000</ele></trkpt>
      <trkpt lat="22.3939096333" lon="113.9825844955"><ele>102.000</ele></trkpt>
      <trkpt lat="22.3939668813" lon="113.9825786884"><ele>102.000</ele></trkpt>
      <trkpt lat="22.3940188221" lon="113.9825886391"><ele>102.000</ele></trkpt>
      <trkpt lat="22.3940721112" lon="113.9826129069"><ele>103.000</ele></trkpt>
      <trkpt lat="22.3941187654" lon="113.9826557972"><ele>102.000</ele></trkpt>
      <trkpt lat="22.3941561061" lon="113.9827044291"><ele>103.000</ele></trkpt>
      <trkpt lat="22.3941934089" lon="113.9827215602"><ele>104.000</ele></trkpt>
      <trkpt lat="22.3942480059" lon="113.9827257796"><ele>104.000</ele></trkpt>
      <trkpt lat="22.3943025960" lon="113.9827242724"><ele>104.000</ele></trkpt>
      <trkpt lat="22.3943491977" lon="113.9827242077"><ele>106.000</ele></trkpt>
      <trkpt lat="22.3943904733" lon="113.9827227180"><ele>106.000</ele></trkpt>
      <trkpt lat="22.3943930969" lon="113.9826897811"><ele>106.000</ele></trkpt>
      <trkpt lat="22.3944037105" lon="113.9826582654"><ele>106.000</ele></trkpt>
      <trkpt lat="22.3944156553" lon="113.9826253164"><ele>106.000</ele></trkpt>
      <trkpt lat="22.3944275974" lon="113.9825909351"><ele>106.000</ele></trkpt>
      <trkpt lat="22.3944400844" lon="113.9825665758"><ele>106.000</ele></trkpt>
      <trkpt lat="22.3944666584" lon="113.9825200032"><ele>107.000</ele></trkpt>
      <trkpt lat="22.3944519344" lon="113.9824555903"><ele>106.000</ele></trkpt>
      <trkpt lat="22.3944372466" lon="113.9824212459"><ele>104.000</ele></trkpt>
      <trkpt lat="22.3944105582" lon="113.9823725992"><ele>103.000</ele></trkpt>
      <trkpt lat="22.3943825446" lon="113.9823296820"><ele>101.000</ele></trkpt>
      <trkpt lat="22.3943692172" lon="113.9823196777"><ele>101.000</ele></trkpt>
      <trkpt lat="22.3943598796" lon="113.9823053716"><ele>100.000</ele></trkpt>
      <trkpt lat="22.3943598555" lon="113.9822853260"><ele>100.000</ele></trkpt>
      <trkpt lat="22.3943731433" lon="113.9822623979"><ele>100.000</ele></trkpt>
      <trkpt lat="22.3943757719" lon="113.9822337562"><ele>98.000</ele></trkpt>
      <trkpt lat="22.3943743952" lon="113.9821965295"><ele>96.000</ele></trkpt>
      <trkpt lat="22.3943730106" lon="113.9821521439"><ele>94.000</ele></trkpt>
      <trkpt lat="22.3943436728" lon="113.9821149562"><ele>93.000</ele></trkpt>
      <trkpt lat="22.3942637563" lon="113.9820935894"><ele>89.000</ele></trkpt>
      <trkpt lat="22.3942370626" lon="113.9820406485"><ele>87.000</ele></trkpt>
      <trkpt lat="22.3942117085" lon="113.9819948639"><ele>84.000</ele></trkpt>
      <trkpt lat="22.3941956930" lon="113.9819633853"><ele>82.000</ele></trkpt>
      <trkpt lat="22.3941943386" lon="113.9819447729"><ele>82.000</ele></trkpt>
      <trkpt lat="22.3941969602" lon="113.9819104046"><ele>80.000</ele></trkpt>
      <trkpt lat="22.3941849216" lon="113.9818646014"><ele>78.000</ele></trkpt>
      <trkpt lat="22.3941648816" lon="113.9818087866"><ele>75.000</ele></trkpt>
      <trkpt lat="22.3941501919" lon="113.9817730110"><ele>75.000</ele></trkpt>
      <trkpt lat="22.3941342031" lon="113.9817644419"><ele>73.000</ele></trkpt>
      <trkpt lat="22.3941208765" lon="113.9817544376"><ele>72.000</ele></trkpt>
      <trkpt lat="22.3941075420" lon="113.9817387058"><ele>72.000</ele></trkpt>
      <trkpt lat="22.3940875530" lon="113.9817244147"><ele>72.000</ele></trkpt>
      <trkpt lat="22.3940768782" lon="113.9817058153"><ele>69.000</ele></trkpt>
      <trkpt lat="22.3940675527" lon="113.9817015331"><ele>69.000</ele></trkpt>
      <trkpt lat="22.3940369156" lon="113.9816915530"><ele>68.000</ele></trkpt>
      <trkpt lat="22.3940315722" lon="113.9816772415"><ele>68.000</ele></trkpt>
      <trkpt lat="22.3940235415" lon="113.9816428880"><ele>67.000</ele></trkpt>
      <trkpt lat="22.3940115373" lon="113.9816257219"><ele>66.000</ele></trkpt>
      <trkpt lat="22.3939941880" lon="113.9815928139"><ele>66.000</ele></trkpt>
      <trkpt lat="22.3940513772" lon="113.9815383237"><ele>64.000</ele></trkpt>
      <trkpt lat="22.3940766622" lon="113.9815268332"><ele>63.000</ele></trkpt>
      <trkpt lat="22.3941205809" lon="113.9815095890"><ele>62.000</ele></trkpt>
      <trkpt lat="22.3941565139" lon="113.9814952208"><ele>62.000</ele></trkpt>
      <trkpt lat="22.3941790977" lon="113.9814522331"><ele>61.000</ele></trkpt>
      <trkpt lat="22.3942016816" lon="113.9814092454"><ele>60.000</ele></trkpt>
      <trkpt lat="22.3942056126" lon="113.9813569776"><ele>60.000</ele></trkpt>
      <trkpt lat="22.3942069030" lon="113.9813226102"><ele>60.000</ele></trkpt>
      <trkpt lat="22.3942068511" lon="113.9812796551"><ele>58.000</ele></trkpt>
      <trkpt lat="22.3942041326" lon="113.9812338389"><ele>58.000</ele></trkpt>
      <trkpt lat="22.3942014141" lon="113.9811880228"><ele>58.000</ele></trkpt>
      <trkpt lat="22.3941947239" lon="113.9811608274"><ele>58.000</ele></trkpt>
      <trkpt lat="22.3941800358" lon="113.9811264833"><ele>58.000</ele></trkpt>
      <trkpt lat="22.3941879843" lon="113.9810935389"><ele>58.000</ele></trkpt>
      <trkpt lat="22.3941919274" lon="113.9810505773"><ele>58.000</ele></trkpt>
      <trkpt lat="22.3941998629" lon="113.9810061786"><ele>56.000</ele></trkpt>
      <trkpt lat="22.3942171170" lon="113.9809603345"><ele>56.000</ele></trkpt>
      <trkpt lat="22.3942423646" lon="113.9809187754"><ele>54.000</ele></trkpt>
      <trkpt lat="22.3942809112" lon="113.9808628786"><ele>52.000</ele></trkpt>
      <trkpt lat="22.3943114936" lon="113.9808284710"><ele>52.000</ele></trkpt>
      <trkpt lat="22.3943473866" lon="113.9807811693"><ele>50.000</ele></trkpt>
      <trkpt lat="22.3943978922" lon="113.9807052099"><ele>48.000</ele></trkpt>
      <trkpt lat="22.3944071796" lon="113.9806779912"><ele>48.000</ele></trkpt>
      <trkpt lat="22.3944124658" lon="113.9806450514"><ele>48.000</ele></trkpt>
      <trkpt lat="22.3944204046" lon="113.9806035155"><ele>48.000</ele></trkpt>
      <trkpt lat="22.3944670055" lon="113.9806020187"><ele>46.000</ele></trkpt>
      <trkpt lat="22.3945721923" lon="113.9806004387"><ele>44.000</ele></trkpt>
      <trkpt lat="22.3946267893" lon="113.9806046583"><ele>44.000</ele></trkpt>
      <trkpt lat="22.3946427391" lon="113.9805817253"><ele>43.000</ele></trkpt>
      <trkpt lat="22.3946706350" lon="113.9805272756"><ele>42.000</ele></trkpt>
      <trkpt lat="22.3947091631" lon="113.9804570595"><ele>40.000</ele></trkpt>
      <trkpt lat="22.3947250964" lon="113.9804198094"><ele>40.000</ele></trkpt>
      <trkpt lat="22.3947290575" lon="113.9803925981"><ele>40.000</ele></trkpt>
      <trkpt lat="22.3947303513" lon="113.9803610952"><ele>40.000</ele></trkpt>
      <trkpt lat="22.3947263023" lon="113.9803167132"><ele>40.000</ele></trkpt>
      <trkpt lat="22.3947169367" lon="113.9802794977"><ele>38.000</ele></trkpt>
      <trkpt lat="22.3947155760" lon="113.9802551577"><ele>38.000</ele></trkpt>
      <trkpt lat="22.3947195284" lon="113.9802207873"><ele>38.000</ele></trkpt>
      <trkpt lat="22.3947341348" lon="113.9801878333"><ele>36.000</ele></trkpt>
      <trkpt lat="22.3947554125" lon="113.9801663253"><ele>36.000</ele></trkpt>
      <trkpt lat="22.3947846837" lon="113.9801483864"><ele>36.000</ele></trkpt>
      <trkpt lat="22.3948059779" lon="113.9801397650"><ele>36.000</ele></trkpt>
      <trkpt lat="22.3948365915" lon="113.9801311305"><ele>36.000</ele></trkpt>
      <trkpt lat="22.3948685285" lon="113.9801153351"><ele>34.000</ele></trkpt>
      <trkpt lat="22.3949164317" lon="113.9800894943"><ele>34.000</ele></trkpt>
      <trkpt lat="22.3949204049" lon="113.9800723057"><ele>34.000</ele></trkpt>
      <trkpt lat="22.3949296904" lon="113.9800436554"><ele>32.000</ele></trkpt>
      <trkpt lat="22.3949482867" lon="113.9800064006"><ele>35.000</ele></trkpt>
      <trkpt lat="22.3949682158" lon="113.9799705762"><ele>32.000</ele></trkpt>
      <trkpt lat="22.3949908001" lon="113.9799290194"><ele>34.000</ele></trkpt>
      <trkpt lat="22.3950040736" lon="113.9798946359"><ele>34.000</ele></trkpt>
      <trkpt lat="22.3950186695" lon="113.9798530913"><ele>32.000</ele></trkpt>
      <trkpt lat="22.3950372797" lon="113.9798272917"><ele>34.000</ele></trkpt>
      <trkpt lat="22.3950465652" lon="113.9797986413"><ele>34.000</ele></trkpt>
      <trkpt lat="22.3950691294" lon="113.9797399026"><ele>32.000</ele></trkpt>
      <trkpt lat="22.3950823863" lon="113.9796926323"><ele>32.000</ele></trkpt>
      <trkpt lat="22.3950890034" lon="113.9796596894"><ele>32.000</ele></trkpt>
      <trkpt lat="22.3950995789" lon="113.9795966723"><ele>30.000</ele></trkpt>
      <trkpt lat="22.3951168081" lon="113.9795307820"><ele>28.000</ele></trkpt>
      <trkpt lat="22.3951327324" lon="113.9794863717"><ele>28.000</ele></trkpt>
      <trkpt lat="22.3951513206" lon="113.9794433890"><ele>28.000</ele></trkpt>
      <trkpt lat="22.3952018562" lon="113.9793932022"><ele>28.000</ele></trkpt>
      <trkpt lat="22.3952710106" lon="113.9793243746"><ele>27.000</ele></trkpt>
      <trkpt lat="22.3953401754" lon="113.9792641374"><ele>26.000</ele></trkpt>
      <trkpt lat="22.3954000252" lon="113.9792082106"><ele>24.000</ele></trkpt>
      <trkpt lat="22.3954545225" lon="113.9791308121"><ele>22.000</ele></trkpt>
      <trkpt lat="22.3954025500" lon="113.9790950891"><ele>18.000</ele></trkpt>
      <trkpt lat="22.3953332784" lon="113.9790679812"><ele>20.000</ele></trkpt>
      <trkpt lat="22.3953212635" lon="113.9790422247"><ele>18.000</ele></trkpt>
      <trkpt lat="22.3953265519" lon="113.9790121475"><ele>18.000</ele></trkpt>
      <trkpt lat="22.3953451339" lon="113.9789634370"><ele>18.000</ele></trkpt>
      <trkpt lat="22.3953490983" lon="113.9789390903"><ele>14.000</ele></trkpt>
      <trkpt lat="22.3953463862" lon="113.9788990006"><ele>15.000</ele></trkpt>
      <trkpt lat="22.3953423377" lon="113.9788546184"><ele>14.000</ele></trkpt>
      <trkpt lat="22.3953329384" lon="113.9787901980"><ele>12.000</ele></trkpt>
      <trkpt lat="22.3953248475" lon="113.9787071603"><ele>11.000</ele></trkpt>
      <trkpt lat="22.3953207796" lon="113.9786470276"><ele>12.000</ele></trkpt>
      <trkpt lat="22.3953234076" lon="113.9786183865"><ele>12.000</ele></trkpt>
      <trkpt lat="22.3953246579" lon="113.9785525186"><ele>14.000</ele></trkpt>
      <trkpt lat="22.3952965994" lon="113.9784738046"><ele>12.000</ele></trkpt>
      <trkpt lat="22.3952792372" lon="113.9784308737"><ele>13.000</ele></trkpt>
      <trkpt lat="22.3952632367" lon="113.9784122820"><ele>14.000</ele></trkpt>
      <trkpt lat="22.3952219041" lon="113.9783665204"><ele>12.000</ele></trkpt>
      <trkpt lat="22.3951858967" lon="113.9783207513"><ele>10.000</ele></trkpt>
      <trkpt lat="22.3951658696" lon="113.9782763919"><ele>8.000</ele></trkpt>
      <trkpt lat="22.3951458327" lon="113.9782234410"><ele>10.000</ele></trkpt>
      <trkpt lat="22.3951337816" lon="113.9781690474"><ele>10.000</ele></trkpt>
      <trkpt lat="22.3951350608" lon="113.9781260891"><ele>8.000</ele></trkpt>
      <trkpt lat="22.3951749516" lon="113.9780816446"><ele>10.000</ele></trkpt>
      <trkpt lat="22.3952228271" lon="113.9780343249"><ele>9.000</ele></trkpt>
      <trkpt lat="22.3952347736" lon="113.9780042382"><ele>8.000</ele></trkpt>
      <trkpt lat="22.3952666434" lon="113.9779340315"><ele>8.000</ele></trkpt>
      <trkpt lat="22.3953007742" lon="113.9778651423"><ele>8.000</ele></trkpt>
    </trkseg>
  </trk>
</gpx>
