<?xml version="1.0" encoding="UTF-8"?>
<gpx xmlns:xsi="http://www.w3.org/2001/XMLSchema-instance"
     xsi:schemaLocation="http://www.topografix.com/GPX/1/1 http://www.topografix.com/GPX/1/1/gpx.xsd"
     version="1.1" creator="json3d_batch_to_gpx"
     xmlns="http://www.topografix.com/GPX/1/1">
  <metadata>
    <name>WilsonTrail(Section2)WongNaiChungReservoirtoLamTin</name>
  </metadata>
  <trk>
    <name>WilsonTrail(Section2)WongNaiChungReservoirtoLamTin</name>
    <type>hike</type>
    <trkseg>
      <trkpt lat="22.2577672474" lon="114.1974687907"><ele>270.000</ele></trkpt>
      <trkpt lat="22.2578130328" lon="114.1974696716"><ele>270.000</ele></trkpt>
      <trkpt lat="22.2578238751" lon="114.1975468241"><ele>272.000</ele></trkpt>
      <trkpt lat="22.2578375867" lon="114.1976144918"><ele>273.000</ele></trkpt>
      <trkpt lat="22.2578890946" lon="114.1977082180"><ele>274.000</ele></trkpt>
      <trkpt lat="22.2579074289" lon="114.1977342757"><ele>276.000</ele></trkpt>
      <trkpt lat="22.2580068156" lon="114.1978766963"><ele>276.000</ele></trkpt>
      <trkpt lat="22.2580888871" lon="114.1980088938"><ele>276.000</ele></trkpt>
      <trkpt lat="22.2581258110" lon="114.1980904153"><ele>276.000</ele></trkpt>
      <trkpt lat="22.2581666320" lon="114.1981134039"><ele>278.000</ele></trkpt>
      <trkpt lat="22.2582197474" lon="114.1981084582"><ele>278.000</ele></trkpt>
      <trkpt lat="22.2582278756" lon="114.1981105550"><ele>278.000</ele></trkpt>
      <trkpt lat="22.2582473107" lon="114.1981155641"><ele>278.000</ele></trkpt>
      <trkpt lat="22.2582567963" lon="114.1981171595"><ele>284.000</ele></trkpt>
      <trkpt lat="22.2583062952" lon="114.1981034002"><ele>286.000</ele></trkpt>
      <trkpt lat="22.2583303901" lon="114.1981158949"><ele>286.000</ele></trkpt>
      <trkpt lat="22.2583345302" lon="114.1981192319"><ele>286.000</ele></trkpt>
      <trkpt lat="22.2583390396" lon="114.1981225933"><ele>289.000</ele></trkpt>
      <trkpt lat="22.2583411210" lon="114.1981241556"><ele>289.000</ele></trkpt>
      <trkpt lat="22.2583481354" lon="114.1981287388"><ele>289.000</ele></trkpt>
      <trkpt lat="22.2583499559" lon="114.1981298713"><ele>289.000</ele></trkpt>
      <trkpt lat="22.2583520896" lon="114.1981311939"><ele>289.000</ele></trkpt>
      <trkpt lat="22.2583573607" lon="114.1981324705"><ele>289.000</ele></trkpt>
      <trkpt lat="22.2583641998" lon="114.1981305244"><ele>289.000</ele></trkpt>
      <trkpt lat="22.2583694341" lon="114.1981295725"><ele>289.000</ele></trkpt>
      <trkpt lat="22.2583756102" lon="114.1981295201"><ele>289.000</ele></trkpt>
      <trkpt lat="22.2583802537" lon="114.1981300825"><ele>289.000</ele></trkpt>
      <trkpt lat="22.2583892867" lon="114.1981331166"><ele>292.000</ele></trkpt>
      <trkpt lat="22.2583904082" lon="114.1981334961"><ele>292.000</ele></trkpt>
      <trkpt lat="22.2583980742" lon="114.1981416633"><ele>292.000</ele></trkpt>
      <trkpt lat="22.2584042539" lon="114.1981482575"><ele>292.000</ele></trkpt>
      <trkpt lat="22.2584068832" lon="114.1981518592"><ele>292.000</ele></trkpt>
      <trkpt lat="22.2584151637" lon="114.1981632222"><ele>292.000</ele></trkpt>
      <trkpt lat="22.2584167519" lon="114.1981653956"><ele>295.000</ele></trkpt>
      <trkpt lat="22.2584225383" lon="114.1981758045"><ele>295.000</ele></trkpt>
      <trkpt lat="22.2584276024" lon="114.1981849065"><ele>295.000</ele></trkpt>
      <trkpt lat="22.2584304106" lon="114.1981876205"><ele>294.000</ele></trkpt>
      <trkpt lat="22.2584400234" lon="114.1981969134"><ele>294.000</ele></trkpt>
      <trkpt lat="22.2584419692" lon="114.1981988026"><ele>294.000</ele></trkpt>
      <trkpt lat="22.2584510225" lon="114.1982058261"><ele>294.000</ele></trkpt>
      <trkpt lat="22.2584569360" lon="114.1982104159"><ele>294.000</ele></trkpt>
      <trkpt lat="22.2584611591" lon="114.1982145835"><ele>294.000</ele></trkpt>
      <trkpt lat="22.2584621063" lon="114.1982155199"><ele>294.000</ele></trkpt>
      <trkpt lat="22.2584614113" lon="114.1982200805"><ele>294.000</ele></trkpt>
      <trkpt lat="22.2584688244" lon="114.1982277635"><ele>294.000</ele></trkpt>
      <trkpt lat="22.2584743893" lon="114.1982335233"><ele>296.000</ele></trkpt>
      <trkpt lat="22.2584796032" lon="114.1982366141"><ele>296.000</ele></trkpt>
      <trkpt lat="22.2584901032" lon="114.1982428472"><ele>296.000</ele></trkpt>
      <trkpt lat="22.2584910215" lon="114.1982435352"><ele>296.000</ele></trkpt>
      <trkpt lat="22.2585037679" lon="114.1982531360"><ele>296.000</ele></trkpt>
      <trkpt lat="22.2585120100" lon="114.1982613508"><ele>296.000</ele></trkpt>
      <trkpt lat="22.2585159641" lon="114.1982652865"><ele>297.000</ele></trkpt>
      <trkpt lat="22.2585209201" lon="114.1982717728"><ele>299.000</ele></trkpt>
      <trkpt lat="22.2585265552" lon="114.1982791548"><ele>299.000</ele></trkpt>
      <trkpt lat="22.2585291365" lon="114.1982833299"><ele>299.000</ele></trkpt>
      <trkpt lat="22.2585329268" lon="114.1982894785"><ele>299.000</ele></trkpt>
      <trkpt lat="22.2585367333" lon="114.1982956571"><ele>299.000</ele></trkpt>
      <trkpt lat="22.2585375486" lon="114.1982969680"><ele>299.000</ele></trkpt>
      <trkpt lat="22.2585424082" lon="114.1983085157"><ele>299.000</ele></trkpt>
      <trkpt lat="22.2585457756" lon="114.1983165192"><ele>301.000</ele></trkpt>
      <trkpt lat="22.2585477959" lon="114.1983222358"><ele>301.000</ele></trkpt>
      <trkpt lat="22.2585499571" lon="114.1983283861"><ele>301.000</ele></trkpt>
      <trkpt lat="22.2585542648" lon="114.1983345202"><ele>301.000</ele></trkpt>
      <trkpt lat="22.2585564940" lon="114.1983376960"><ele>301.000</ele></trkpt>
      <trkpt lat="22.2585617150" lon="114.1983419985"><ele>301.000</ele></trkpt>
      <trkpt lat="22.2585650930" lon="114.1983447776"><ele>300.000</ele></trkpt>
      <trkpt lat="22.2585767879" lon="114.1983498544"><ele>300.000</ele></trkpt>
      <trkpt lat="22.2585859887" lon="114.1983609197"><ele>297.000</ele></trkpt>
      <trkpt lat="22.2585950098" lon="114.1983717793"><ele>297.000</ele></trkpt>
      <trkpt lat="22.2585956229" lon="114.1983725061"><ele>297.000</ele></trkpt>
      <trkpt lat="22.2586060498" lon="114.1983850705"><ele>297.000</ele></trkpt>
      <trkpt lat="22.2586546191" lon="114.1984145878"><ele>298.000</ele></trkpt>
      <trkpt lat="22.2586652293" lon="114.1984210402"><ele>298.000</ele></trkpt>
      <trkpt lat="22.2587182088" lon="114.1984532495"><ele>298.000</ele></trkpt>
      <trkpt lat="22.2587297382" lon="114.1984602549"><ele>299.000</ele></trkpt>
      <trkpt lat="22.2587333917" lon="114.1984629099"><ele>299.000</ele></trkpt>
      <trkpt lat="22.2587388628" lon="114.1984668875"><ele>299.000</ele></trkpt>
      <trkpt lat="22.2587487342" lon="114.1984740693"><ele>301.000</ele></trkpt>
      <trkpt lat="22.2587586128" lon="114.1984812405"><ele>301.000</ele></trkpt>
      <trkpt lat="22.2587684787" lon="114.1984884184"><ele>301.000</ele></trkpt>
      <trkpt lat="22.2587723534" lon="114.1984912432"><ele>301.000</ele></trkpt>
      <trkpt lat="22.2587785632" lon="114.1984957555"><ele>301.000</ele></trkpt>
      <trkpt lat="22.2587885341" lon="114.1985012375"><ele>301.000</ele></trkpt>
      <trkpt lat="22.2587991425" lon="114.1985070690"><ele>302.000</ele></trkpt>
      <trkpt lat="22.2588097528" lon="114.1985129111"><ele>302.000</ele></trkpt>
      <trkpt lat="22.2588203639" lon="114.1985187444"><ele>302.000</ele></trkpt>
      <trkpt lat="22.2588309733" lon="114.1985245759"><ele>302.000</ele></trkpt>
      <trkpt lat="22.2588415835" lon="114.1985304180"><ele>302.000</ele></trkpt>
      <trkpt lat="22.2588521947" lon="114.1985362514"><ele>302.000</ele></trkpt>
      <trkpt lat="22.2588602404" lon="114.1985406766"><ele>302.000</ele></trkpt>
      <trkpt lat="22.2588889680" lon="114.1985663908"><ele>302.000</ele></trkpt>
      <trkpt lat="22.2589209880" lon="114.1986003491"><ele>302.000</ele></trkpt>
      <trkpt lat="22.2589244383" lon="114.1986024346"><ele>302.000</ele></trkpt>
      <trkpt lat="22.2589452668" lon="114.1986149725"><ele>302.000</ele></trkpt>
      <trkpt lat="22.2589574443" lon="114.1986177957"><ele>302.000</ele></trkpt>
      <trkpt lat="22.2589680369" lon="114.1986202509"><ele>302.000</ele></trkpt>
      <trkpt lat="22.2589797666" lon="114.1986215246"><ele>302.000</ele></trkpt>
      <trkpt lat="22.2590441905" lon="114.1985875084"><ele>302.000</ele></trkpt>
      <trkpt lat="22.2590707687" lon="114.1985801295"><ele>302.000</ele></trkpt>
      <trkpt lat="22.2590984035" lon="114.1985731873"><ele>302.000</ele></trkpt>
      <trkpt lat="22.2591283135" lon="114.1985696410"><ele>302.000</ele></trkpt>
      <trkpt lat="22.2591575190" lon="114.1985669872"><ele>302.000</ele></trkpt>
      <trkpt lat="22.2591897496" lon="114.1985657504"><ele>302.000</ele></trkpt>
      <trkpt lat="22.2592172662" lon="114.1985644740"><ele>302.000</ele></trkpt>
      <trkpt lat="22.2592408005" lon="114.1985614021"><ele>302.000</ele></trkpt>
      <trkpt lat="22.2592628995" lon="114.1985540419"><ele>302.000</ele></trkpt>
      <trkpt lat="22.2593026131" lon="114.1985716859"><ele>302.000</ele></trkpt>
      <trkpt lat="22.2593539268" lon="114.1985672407"><ele>304.000</ele></trkpt>
      <trkpt lat="22.2595142194" lon="114.1985322001"><ele>309.000</ele></trkpt>
      <trkpt lat="22.2596335694" lon="114.1984994971"><ele>312.000</ele></trkpt>
      <trkpt lat="22.2597091483" lon="114.1984689722"><ele>314.000</ele></trkpt>
      <trkpt lat="22.2597703208" lon="114.1984237186"><ele>312.000</ele></trkpt>
      <trkpt lat="22.2597855514" lon="114.1984076343"><ele>312.000</ele></trkpt>
      <trkpt lat="22.2598954762" lon="114.1982536732"><ele>311.000</ele></trkpt>
      <trkpt lat="22.2598969101" lon="114.1982516648"><ele>311.000</ele></trkpt>
      <trkpt lat="22.2599881553" lon="114.1981190833"><ele>312.000</ele></trkpt>
      <trkpt lat="22.2599900612" lon="114.1981158334"><ele>312.000</ele></trkpt>
      <trkpt lat="22.2599927888" lon="114.1981126516"><ele>312.000</ele></trkpt>
      <trkpt lat="22.2599949024" lon="114.1981097317"><ele>312.000</ele></trkpt>
      <trkpt lat="22.2599968083" lon="114.1981066468"><ele>312.000</ele></trkpt>
      <trkpt lat="22.2599984884" lon="114.1981034163"><ele>312.000</ele></trkpt>
      <trkpt lat="22.2599999337" lon="114.1981000597"><ele>312.000</ele></trkpt>
      <trkpt lat="22.2600011443" lon="114.1980965866"><ele>312.000</ele></trkpt>
      <trkpt lat="22.2600021020" lon="114.1980930359"><ele>312.000</ele></trkpt>
      <trkpt lat="22.2600028069" lon="114.1980894172"><ele>312.000</ele></trkpt>
      <trkpt lat="22.2600032589" lon="114.1980857402"><ele>312.000</ele></trkpt>
      <trkpt lat="22.2600034400" lon="114.1980820439"><ele>312.000</ele></trkpt>
      <trkpt lat="22.2600052923" lon="114.1980744864"><ele>312.000</ele></trkpt>
      <trkpt lat="22.2600063132" lon="114.1980709551"><ele>312.000</ele></trkpt>
      <trkpt lat="22.2600086531" lon="114.1980639895"><ele>312.000</ele></trkpt>
      <trkpt lat="22.2600113631" lon="114.1980571792"><ele>312.000</ele></trkpt>
      <trkpt lat="22.2600128627" lon="114.1980538516"><ele>312.000</ele></trkpt>
      <trkpt lat="22.2600144435" lon="114.1980505630"><ele>312.000</ele></trkpt>
      <trkpt lat="22.2600178759" lon="114.1980441408"><ele>312.000</ele></trkpt>
      <trkpt lat="22.2600216516" lon="114.1980379516"><ele>312.000</ele></trkpt>
      <trkpt lat="22.2600236568" lon="114.1980349443"><ele>312.000</ele></trkpt>
      <trkpt lat="22.2600279200" lon="114.1980291336"><ele>312.000</ele></trkpt>
      <trkpt lat="22.2600301690" lon="114.1980263301"><ele>312.000</ele></trkpt>
      <trkpt lat="22.2600646255" lon="114.1979913018"><ele>312.000</ele></trkpt>
      <trkpt lat="22.2600798078" lon="114.1979778767"><ele>312.000</ele></trkpt>
      <trkpt lat="22.2600970584" lon="114.1979626182"><ele>313.000</ele></trkpt>
      <trkpt lat="22.2601567396" lon="114.1979114013"><ele>310.000</ele></trkpt>
      <trkpt lat="22.2602054863" lon="114.1979174140"><ele>310.000</ele></trkpt>
      <trkpt lat="22.2602431259" lon="114.1979194571"><ele>312.000</ele></trkpt>
      <trkpt lat="22.2602495014" lon="114.1979205543"><ele>312.000</ele></trkpt>
      <trkpt lat="22.2602529420" lon="114.1979207974"><ele>312.000</ele></trkpt>
      <trkpt lat="22.2602563827" lon="114.1979207882"><ele>312.000</ele></trkpt>
      <trkpt lat="22.2602598144" lon="114.1979205365"><ele>312.000</ele></trkpt>
      <trkpt lat="22.2602632280" lon="114.1979200325"><ele>312.000</ele></trkpt>
      <trkpt lat="22.2602665966" lon="114.1979192956"><ele>312.000</ele></trkpt>
      <trkpt lat="22.2602699200" lon="114.1979183162"><ele>312.000</ele></trkpt>
      <trkpt lat="22.2602731712" lon="114.1979171040"><ele>312.000</ele></trkpt>
      <trkpt lat="22.2602763411" lon="114.1979156686"><ele>312.000</ele></trkpt>
      <trkpt lat="22.2602794208" lon="114.1979140003"><ele>312.000</ele></trkpt>
      <trkpt lat="22.2602870975" lon="114.1979092961"><ele>312.000</ele></trkpt>
      <trkpt lat="22.2602902403" lon="114.1979077733"><ele>312.000</ele></trkpt>
      <trkpt lat="22.2602998224" lon="114.1979036321"><ele>312.000</ele></trkpt>
      <trkpt lat="22.2603096301" lon="114.1979001700"><ele>312.000</ele></trkpt>
      <trkpt lat="22.2603162770" lon="114.1978982403"><ele>312.000</ele></trkpt>
      <trkpt lat="22.2603229960" lon="114.1978966211"><ele>312.000</ele></trkpt>
      <trkpt lat="22.2603297691" lon="114.1978953220"><ele>314.000</ele></trkpt>
      <trkpt lat="22.2603365965" lon="114.1978943335"><ele>314.000</ele></trkpt>
      <trkpt lat="22.2603462956" lon="114.1978924527"><ele>314.000</ele></trkpt>
      <trkpt lat="22.2603487521" lon="114.1978917643"><ele>314.000</ele></trkpt>
      <trkpt lat="22.2603570601" lon="114.1978930656"><ele>314.000</ele></trkpt>
      <trkpt lat="22.2603673821" lon="114.1978932612"><ele>314.000</ele></trkpt>
      <trkpt lat="22.2603742545" lon="114.1978929614"><ele>314.000</ele></trkpt>
      <trkpt lat="22.2603811179" lon="114.1978923221"><ele>314.000</ele></trkpt>
      <trkpt lat="22.2603869790" lon="114.1978908968"><ele>314.000</ele></trkpt>
      <trkpt lat="22.2603903926" lon="114.1978903831"><ele>314.000</ele></trkpt>
      <trkpt lat="22.2603938243" lon="114.1978901023"><ele>314.000</ele></trkpt>
      <trkpt lat="22.2603972650" lon="114.1978900446"><ele>314.000</ele></trkpt>
      <trkpt lat="22.2604007056" lon="114.1978902100"><ele>314.000</ele></trkpt>
      <trkpt lat="22.2604041282" lon="114.1978905986"><ele>314.000</ele></trkpt>
      <trkpt lat="22.2604075146" lon="114.1978912201"><ele>314.000</ele></trkpt>
      <trkpt lat="22.2604108649" lon="114.1978920646"><ele>314.000</ele></trkpt>
      <trkpt lat="22.2604205454" lon="114.1978951998"><ele>314.000</ele></trkpt>
      <trkpt lat="22.2604272911" lon="114.1978966561"><ele>314.000</ele></trkpt>
      <trkpt lat="22.2604341362" lon="114.1978973847"><ele>314.000</ele></trkpt>
      <trkpt lat="22.2604375769" lon="114.1978974823"><ele>314.000</ele></trkpt>
      <trkpt lat="22.2604479351" lon="114.1978969599"><ele>314.000</ele></trkpt>
      <trkpt lat="22.2604513758" lon="114.1978969993"><ele>314.000</ele></trkpt>
      <trkpt lat="22.2604548074" lon="114.1978972326"><ele>314.000</ele></trkpt>
      <trkpt lat="22.2604582300" lon="114.1978976697"><ele>314.000</ele></trkpt>
      <trkpt lat="22.2604616164" lon="114.1978983008"><ele>314.000</ele></trkpt>
      <trkpt lat="22.2604649757" lon="114.1978991357"><ele>314.000</ele></trkpt>
      <trkpt lat="22.2604682808" lon="114.1979001549"><ele>314.000</ele></trkpt>
      <trkpt lat="22.2604715317" lon="114.1979013778"><ele>314.000</ele></trkpt>
      <trkpt lat="22.2604763087" lon="114.1979026204"><ele>314.000</ele></trkpt>
      <trkpt lat="22.2604797042" lon="114.1979032418"><ele>314.000</ele></trkpt>
      <trkpt lat="22.2604831267" lon="114.1979036401"><ele>314.000</ele></trkpt>
      <trkpt lat="22.2604865674" lon="114.1979038250"><ele>314.000</ele></trkpt>
      <trkpt lat="22.2604900081" lon="114.1979038061"><ele>314.000</ele></trkpt>
      <trkpt lat="22.2604934398" lon="114.1979035640"><ele>314.000</ele></trkpt>
      <trkpt lat="22.2604968534" lon="114.1979031086"><ele>314.000</ele></trkpt>
      <trkpt lat="22.2605002400" lon="114.1979024396"><ele>314.000</ele></trkpt>
      <trkpt lat="22.2605035905" lon="114.1979015670"><ele>314.000</ele></trkpt>
      <trkpt lat="22.2605068778" lon="114.1979004808"><ele>314.000</ele></trkpt>
      <trkpt lat="22.2605101109" lon="114.1978992007"><ele>314.000</ele></trkpt>
      <trkpt lat="22.2605132628" lon="114.1978977168"><ele>314.000</ele></trkpt>
      <trkpt lat="22.2605163244" lon="114.1978960291"><ele>314.000</ele></trkpt>
      <trkpt lat="22.2605193048" lon="114.1978941668"><ele>314.000</ele></trkpt>
      <trkpt lat="22.2605221678" lon="114.1978921201"><ele>314.000</ele></trkpt>
      <trkpt lat="22.2605249224" lon="114.1978898891"><ele>314.000</ele></trkpt>
      <trkpt lat="22.2605275416" lon="114.1978875028"><ele>314.000</ele></trkpt>
      <trkpt lat="22.2605300344" lon="114.1978849419"><ele>314.000</ele></trkpt>
      <trkpt lat="22.2605323918" lon="114.1978822451"><ele>314.000</ele></trkpt>
      <trkpt lat="22.2605438169" lon="114.1978720404"><ele>314.000</ele></trkpt>
      <trkpt lat="22.2605520266" lon="114.1978652988"><ele>314.000</ele></trkpt>
      <trkpt lat="22.2605604350" lon="114.1978588483"><ele>314.000</ele></trkpt>
      <trkpt lat="22.2605675611" lon="114.1978519513"><ele>314.000</ele></trkpt>
      <trkpt lat="22.2605746961" lon="114.1978455491"><ele>314.000</ele></trkpt>
      <trkpt lat="22.2605836648" lon="114.1978361881"><ele>314.000</ele></trkpt>
      <trkpt lat="22.2605969956" lon="114.1978238784"><ele>314.000</ele></trkpt>
      <trkpt lat="22.2606027489" lon="114.1978179611"><ele>314.000</ele></trkpt>
      <trkpt lat="22.2606376688" lon="114.1977610451"><ele>314.000</ele></trkpt>
      <trkpt lat="22.2606438938" lon="114.1977521863"><ele>314.000</ele></trkpt>
      <trkpt lat="22.2606495382" lon="114.1977438930"><ele>314.000</ele></trkpt>
      <trkpt lat="22.2606547417" lon="114.1977362447"><ele>314.000</ele></trkpt>
      <trkpt lat="22.2606619995" lon="114.1977307254"><ele>314.000</ele></trkpt>
      <trkpt lat="22.2606698488" lon="114.1977247589"><ele>314.000</ele></trkpt>
      <trkpt lat="22.2606776972" lon="114.1977187837"><ele>314.000</ele></trkpt>
      <trkpt lat="22.2606855438" lon="114.1977128202"><ele>314.000</ele></trkpt>
      <trkpt lat="22.2606933940" lon="114.1977068527"><ele>314.000</ele></trkpt>
      <trkpt lat="22.2607012415" lon="114.1977008785"><ele>314.000</ele></trkpt>
      <trkpt lat="22.2607090981" lon="114.1976949129"><ele>314.000</ele></trkpt>
      <trkpt lat="22.2607169483" lon="114.1976889368"><ele>314.000</ele></trkpt>
      <trkpt lat="22.2607247949" lon="114.1976829732"><ele>314.000</ele></trkpt>
      <trkpt lat="22.2607326451" lon="114.1976770057"><ele>314.000</ele></trkpt>
      <trkpt lat="22.2607404926" lon="114.1976710315"><ele>314.000</ele></trkpt>
      <trkpt lat="22.2607483500" lon="114.1976650660"><ele>314.000</ele></trkpt>
      <trkpt lat="22.2607561993" lon="114.1976590898"><ele>314.000</ele></trkpt>
      <trkpt lat="22.2607640460" lon="114.1976531262"><ele>314.000</ele></trkpt>
      <trkpt lat="22.2607723188" lon="114.1976468377"><ele>314.000</ele></trkpt>
      <trkpt lat="22.2607775665" lon="114.1976404749"><ele>316.000</ele></trkpt>
      <trkpt lat="22.2607837977" lon="114.1976329287"><ele>316.000</ele></trkpt>
      <trkpt lat="22.2607900388" lon="114.1976253719"><ele>316.000</ele></trkpt>
      <trkpt lat="22.2607962719" lon="114.1976178237"><ele>316.000</ele></trkpt>
      <trkpt lat="22.2608025031" lon="114.1976102678"><ele>316.000</ele></trkpt>
      <trkpt lat="22.2608087442" lon="114.1976027206"><ele>316.000</ele></trkpt>
      <trkpt lat="22.2608149764" lon="114.1975951638"><ele>316.000</ele></trkpt>
      <trkpt lat="22.2608212175" lon="114.1975876166"><ele>316.000</ele></trkpt>
      <trkpt lat="22.2608274505" lon="114.1975800587"><ele>316.000</ele></trkpt>
      <trkpt lat="22.2608336817" lon="114.1975725125"><ele>316.000</ele></trkpt>
      <trkpt lat="22.2608399229" lon="114.1975649556"><ele>316.000</ele></trkpt>
      <trkpt lat="22.2608461559" lon="114.1975574075"><ele>316.000</ele></trkpt>
      <trkpt lat="22.2608523880" lon="114.1975498506"><ele>316.000</ele></trkpt>
      <trkpt lat="22.2608586283" lon="114.1975422947"><ele>316.000</ele></trkpt>
      <trkpt lat="22.2608648613" lon="114.1975347465"><ele>316.000</ele></trkpt>
      <trkpt lat="22.2608710925" lon="114.1975271906"><ele>318.000</ele></trkpt>
      <trkpt lat="22.2608773337" lon="114.1975196434"><ele>318.000</ele></trkpt>
      <trkpt lat="22.2608835667" lon="114.1975120856"><ele>318.000</ele></trkpt>
      <trkpt lat="22.2608897970" lon="114.1975045394"><ele>318.000</ele></trkpt>
      <trkpt lat="22.2608947989" lon="114.1974984900"><ele>318.000</ele></trkpt>
      <trkpt lat="22.2609003232" lon="114.1974894787"><ele>318.000</ele></trkpt>
      <trkpt lat="22.2609053553" lon="114.1974812803"><ele>318.000</ele></trkpt>
      <trkpt lat="22.2609103773" lon="114.1974730829"><ele>318.000</ele></trkpt>
      <trkpt lat="22.2609154085" lon="114.1974648855"><ele>318.000</ele></trkpt>
      <trkpt lat="22.2609204306" lon="114.1974566881"><ele>318.000</ele></trkpt>
      <trkpt lat="22.2609254617" lon="114.1974484907"><ele>318.000</ele></trkpt>
      <trkpt lat="22.2609304838" lon="114.1974402933"><ele>318.000</ele></trkpt>
      <trkpt lat="22.2609355149" lon="114.1974320959"><ele>318.000</ele></trkpt>
      <trkpt lat="22.2609405370" lon="114.1974238985"><ele>318.000</ele></trkpt>
      <trkpt lat="22.2609455681" lon="114.1974157011"><ele>318.000</ele></trkpt>
      <trkpt lat="22.2609505902" lon="114.1974075037"><ele>318.000</ele></trkpt>
      <trkpt lat="22.2609556113" lon="114.1973993170"><ele>318.000</ele></trkpt>
      <trkpt lat="22.2609606434" lon="114.1973911186"><ele>320.000</ele></trkpt>
      <trkpt lat="22.2609656654" lon="114.1973829212"><ele>320.000</ele></trkpt>
      <trkpt lat="22.2609706966" lon="114.1973747238"><ele>320.000</ele></trkpt>
      <trkpt lat="22.2609757186" lon="114.1973665264"><ele>320.000</ele></trkpt>
      <trkpt lat="22.2609807479" lon="114.1973583319"><ele>320.000</ele></trkpt>
      <trkpt lat="22.2609851097" lon="114.1973512279"><ele>320.000</ele></trkpt>
      <trkpt lat="22.2609920010" lon="114.1973446558"><ele>320.000</ele></trkpt>
      <trkpt lat="22.2609993338" lon="114.1973376627"><ele>320.000</ele></trkpt>
      <trkpt lat="22.2610066676" lon="114.1973306784"><ele>322.000</ele></trkpt>
      <trkpt lat="22.2610140014" lon="114.1973236844"><ele>322.000</ele></trkpt>
      <trkpt lat="22.2610213352" lon="114.1973167001"><ele>322.000</ele></trkpt>
      <trkpt lat="22.2610286680" lon="114.1973097080"><ele>322.000</ele></trkpt>
      <trkpt lat="22.2610360109" lon="114.1973027236"><ele>322.000</ele></trkpt>
      <trkpt lat="22.2610433455" lon="114.1972957277"><ele>322.000</ele></trkpt>
      <trkpt lat="22.2610506793" lon="114.1972887433"><ele>322.000</ele></trkpt>
      <trkpt lat="22.2610574188" lon="114.1972823158"><ele>322.000</ele></trkpt>
      <trkpt lat="22.2610654845" lon="114.1972788961"><ele>322.000</ele></trkpt>
      <trkpt lat="22.2610742890" lon="114.1972751621"><ele>322.000</ele></trkpt>
      <trkpt lat="22.2610831043" lon="114.1972714281"><ele>322.000</ele></trkpt>
      <trkpt lat="22.2610919096" lon="114.1972676942"><ele>322.000</ele></trkpt>
      <trkpt lat="22.2611007150" lon="114.1972639602"><ele>324.000</ele></trkpt>
      <trkpt lat="22.2611095203" lon="114.1972602253"><ele>324.000</ele></trkpt>
      <trkpt lat="22.2611183257" lon="114.1972564923"><ele>324.000</ele></trkpt>
      <trkpt lat="22.2611271311" lon="114.1972527583"><ele>324.000</ele></trkpt>
      <trkpt lat="22.2611359364" lon="114.1972490243"><ele>324.000</ele></trkpt>
      <trkpt lat="22.2611447436" lon="114.1972452894"><ele>324.000</ele></trkpt>
      <trkpt lat="22.2611535580" lon="114.1972415457"><ele>325.000</ele></trkpt>
      <trkpt lat="22.2611629134" lon="114.1972375780"><ele>325.000</ele></trkpt>
      <trkpt lat="22.2611698577" lon="114.1972320469"><ele>325.000</ele></trkpt>
      <trkpt lat="22.2611776628" lon="114.1972258185"><ele>325.000</ele></trkpt>
      <trkpt lat="22.2611854643" lon="114.1972195919"><ele>326.000</ele></trkpt>
      <trkpt lat="22.2611932675" lon="114.1972133741"><ele>326.000</ele></trkpt>
      <trkpt lat="22.2612010708" lon="114.1972071466"><ele>326.000</ele></trkpt>
      <trkpt lat="22.2612088723" lon="114.1972009297"><ele>326.000</ele></trkpt>
      <trkpt lat="22.2612155981" lon="114.1971955713"><ele>326.000</ele></trkpt>
      <trkpt lat="22.2612209788" lon="114.1971860196"><ele>326.000</ele></trkpt>
      <trkpt lat="22.2612259089" lon="114.1971772808"><ele>326.000</ele></trkpt>
      <trkpt lat="22.2612308407" lon="114.1971685497"><ele>327.000</ele></trkpt>
      <trkpt lat="22.2612357743" lon="114.1971598070"><ele>327.000</ele></trkpt>
      <trkpt lat="22.2612406971" lon="114.1971510653"><ele>327.000</ele></trkpt>
      <trkpt lat="22.2612456272" lon="114.1971423275"><ele>328.000</ele></trkpt>
      <trkpt lat="22.2612479115" lon="114.1971382831"><ele>328.000</ele></trkpt>
      <trkpt lat="22.2612505590" lon="114.1971335964"><ele>328.000</ele></trkpt>
      <trkpt lat="22.2612554926" lon="114.1971248537"><ele>328.000</ele></trkpt>
      <trkpt lat="22.2612604145" lon="114.1971161140"><ele>328.000</ele></trkpt>
      <trkpt lat="22.2612653455" lon="114.1971073839"><ele>328.000</ele></trkpt>
      <trkpt lat="22.2612702782" lon="114.1970986422"><ele>328.000</ele></trkpt>
      <trkpt lat="22.2612752109" lon="114.1970899004"><ele>330.000</ele></trkpt>
      <trkpt lat="22.2612801328" lon="114.1970811606"><ele>330.000</ele></trkpt>
      <trkpt lat="22.2612854250" lon="114.1970717903"><ele>330.000</ele></trkpt>
      <trkpt lat="22.2612899965" lon="114.1970636888"><ele>330.000</ele></trkpt>
      <trkpt lat="22.2612942183" lon="114.1970562063"><ele>330.000</ele></trkpt>
      <trkpt lat="22.2613024792" lon="114.1970520813"><ele>330.000</ele></trkpt>
      <trkpt lat="22.2613107175" lon="114.1970479591"><ele>330.000</ele></trkpt>
      <trkpt lat="22.2613189603" lon="114.1970438379"><ele>331.000</ele></trkpt>
      <trkpt lat="22.2613272058" lon="114.1970397255"><ele>331.000</ele></trkpt>
      <trkpt lat="22.2613354540" lon="114.1970356024"><ele>331.000</ele></trkpt>
      <trkpt lat="22.2613436905" lon="114.1970314802"><ele>331.000</ele></trkpt>
      <trkpt lat="22.2613496971" lon="114.1970284774"><ele>331.000</ele></trkpt>
      <trkpt lat="22.2613564442" lon="114.1970188249"><ele>331.000</ele></trkpt>
      <trkpt lat="22.2613625148" lon="114.1970101318"><ele>331.000</ele></trkpt>
      <trkpt lat="22.2613685755" lon="114.1970014494"><ele>332.000</ele></trkpt>
      <trkpt lat="22.2613746451" lon="114.1969927573"><ele>332.000</ele></trkpt>
      <trkpt lat="22.2613807139" lon="114.1969840662"><ele>332.000</ele></trkpt>
      <trkpt lat="22.2613851993" lon="114.1969776510"><ele>332.000</ele></trkpt>
      <trkpt lat="22.2613915685" lon="114.1969785736"><ele>332.000</ele></trkpt>
      <trkpt lat="22.2614005611" lon="114.1969798836"><ele>332.000</ele></trkpt>
      <trkpt lat="22.2614095582" lon="114.1969811957"><ele>332.000</ele></trkpt>
      <trkpt lat="22.2614185517" lon="114.1969824970"><ele>332.000</ele></trkpt>
      <trkpt lat="22.2614275370" lon="114.1969838081"><ele>332.000</ele></trkpt>
      <trkpt lat="22.2614365314" lon="114.1969851094"><ele>332.000</ele></trkpt>
      <trkpt lat="22.2614455240" lon="114.1969864195"><ele>332.000</ele></trkpt>
      <trkpt lat="22.2614545201" lon="114.1969877315"><ele>332.000</ele></trkpt>
      <trkpt lat="22.2614635055" lon="114.1969890329"><ele>332.000</ele></trkpt>
      <trkpt lat="22.2614725007" lon="114.1969903439"><ele>332.000</ele></trkpt>
      <trkpt lat="22.2614814951" lon="114.1969916453"><ele>332.000</ele></trkpt>
      <trkpt lat="22.2614904868" lon="114.1969929554"><ele>332.000</ele></trkpt>
      <trkpt lat="22.2614994830" lon="114.1969942674"><ele>332.000</ele></trkpt>
      <trkpt lat="22.2615084683" lon="114.1969955687"><ele>332.000</ele></trkpt>
      <trkpt lat="22.2615174609" lon="114.1969968788"><ele>332.000</ele></trkpt>
      <trkpt lat="22.2615264580" lon="114.1969981909"><ele>332.000</ele></trkpt>
      <trkpt lat="22.2615354514" lon="114.1969994922"><ele>332.000</ele></trkpt>
      <trkpt lat="22.2615444368" lon="114.1970008033"><ele>332.000</ele></trkpt>
      <trkpt lat="22.2615534320" lon="114.1970021046"><ele>332.000</ele></trkpt>
      <trkpt lat="22.2615624237" lon="114.1970034147"><ele>332.000</ele></trkpt>
      <trkpt lat="22.2615714199" lon="114.1970047267"><ele>332.000</ele></trkpt>
      <trkpt lat="22.2615804052" lon="114.1970060281"><ele>332.000</ele></trkpt>
      <trkpt lat="22.2615893978" lon="114.1970073382"><ele>332.000</ele></trkpt>
      <trkpt lat="22.2615983949" lon="114.1970086502"><ele>332.000</ele></trkpt>
      <trkpt lat="22.2616073884" lon="114.1970099515"><ele>332.000</ele></trkpt>
      <trkpt lat="22.2616163827" lon="114.1970112626"><ele>332.000</ele></trkpt>
      <trkpt lat="22.2616253681" lon="114.1970125640"><ele>332.000</ele></trkpt>
      <trkpt lat="22.2616343606" lon="114.1970138740"><ele>332.000</ele></trkpt>
      <trkpt lat="22.2616433577" lon="114.1970151861"><ele>334.000</ele></trkpt>
      <trkpt lat="22.2616523512" lon="114.1970164874"><ele>334.000</ele></trkpt>
      <trkpt lat="22.2616613347" lon="114.1970177975"><ele>334.000</ele></trkpt>
      <trkpt lat="22.2616703318" lon="114.1970191095"><ele>334.000</ele></trkpt>
      <trkpt lat="22.2616793253" lon="114.1970204109"><ele>334.000</ele></trkpt>
      <trkpt lat="22.2616883196" lon="114.1970217220"><ele>334.000</ele></trkpt>
      <trkpt lat="22.2616973050" lon="114.1970230233"><ele>334.000</ele></trkpt>
      <trkpt lat="22.2617062976" lon="114.1970243334"><ele>334.000</ele></trkpt>
      <trkpt lat="22.2617152946" lon="114.1970256454"><ele>334.000</ele></trkpt>
      <trkpt lat="22.2617242881" lon="114.1970269468"><ele>334.000</ele></trkpt>
      <trkpt lat="22.2617332735" lon="114.1970282578"><ele>334.000</ele></trkpt>
      <trkpt lat="22.2617422687" lon="114.1970295592"><ele>334.000</ele></trkpt>
      <trkpt lat="22.2617512604" lon="114.1970308693"><ele>334.000</ele></trkpt>
      <trkpt lat="22.2617602575" lon="114.1970321813"><ele>334.000</ele></trkpt>
      <trkpt lat="22.2617692509" lon="114.1970334827"><ele>334.000</ele></trkpt>
      <trkpt lat="22.2617770515" lon="114.1970346209"><ele>336.000</ele></trkpt>
      <trkpt lat="22.2617833172" lon="114.1970397784"><ele>336.000</ele></trkpt>
      <trkpt lat="22.2617905320" lon="114.1970457267"><ele>336.000</ele></trkpt>
      <trkpt lat="22.2617977485" lon="114.1970516664"><ele>334.000</ele></trkpt>
      <trkpt lat="22.2618049615" lon="114.1970576040"><ele>334.000</ele></trkpt>
      <trkpt lat="22.2618121762" lon="114.1970635524"><ele>334.000</ele></trkpt>
      <trkpt lat="22.2618193928" lon="114.1970694920"><ele>336.000</ele></trkpt>
      <trkpt lat="22.2618266058" lon="114.1970754297"><ele>336.000</ele></trkpt>
      <trkpt lat="22.2618338205" lon="114.1970813781"><ele>336.000</ele></trkpt>
      <trkpt lat="22.2618410371" lon="114.1970873177"><ele>336.000</ele></trkpt>
      <trkpt lat="22.2618482500" lon="114.1970932554"><ele>336.000</ele></trkpt>
      <trkpt lat="22.2618554639" lon="114.1970992028"><ele>334.000</ele></trkpt>
      <trkpt lat="22.2618626705" lon="114.1971051424"><ele>336.000</ele></trkpt>
      <trkpt lat="22.2618698852" lon="114.1971110811"><ele>336.000</ele></trkpt>
      <trkpt lat="22.2618771000" lon="114.1971170294"><ele>336.000</ele></trkpt>
      <trkpt lat="22.2618843166" lon="114.1971229691"><ele>336.000</ele></trkpt>
      <trkpt lat="22.2618915295" lon="114.1971289068"><ele>336.000</ele></trkpt>
      <trkpt lat="22.2618987443" lon="114.1971348551"><ele>336.000</ele></trkpt>
      <trkpt lat="22.2619061324" lon="114.1971409364"><ele>336.000</ele></trkpt>
      <trkpt lat="22.2619151659" lon="114.1971469889"><ele>336.000</ele></trkpt>
      <trkpt lat="22.2619238247" lon="114.1971527813"><ele>336.000</ele></trkpt>
      <trkpt lat="22.2619324744" lon="114.1971585843"><ele>336.000</ele></trkpt>
      <trkpt lat="22.2619411269" lon="114.1971643786"><ele>336.000</ele></trkpt>
      <trkpt lat="22.2619497775" lon="114.1971701720"><ele>336.000</ele></trkpt>
      <trkpt lat="22.2619584282" lon="114.1971759653"><ele>338.000</ele></trkpt>
      <trkpt lat="22.2619653433" lon="114.1971805951"><ele>338.000</ele></trkpt>
      <trkpt lat="22.2619724776" lon="114.1971868685"><ele>338.000</ele></trkpt>
      <trkpt lat="22.2619798277" lon="114.1971933418"><ele>338.000</ele></trkpt>
      <trkpt lat="22.2619871779" lon="114.1971998044"><ele>339.000</ele></trkpt>
      <trkpt lat="22.2619945262" lon="114.1972062748"><ele>339.000</ele></trkpt>
      <trkpt lat="22.2620018791" lon="114.1972127490"><ele>340.000</ele></trkpt>
      <trkpt lat="22.2620099155" lon="114.1972198064"><ele>340.000</ele></trkpt>
      <trkpt lat="22.2620176923" lon="114.1972224155"><ele>340.000</ele></trkpt>
      <trkpt lat="22.2620263894" lon="114.1972253273"><ele>340.000</ele></trkpt>
      <trkpt lat="22.2620350856" lon="114.1972282392"><ele>340.000</ele></trkpt>
      <trkpt lat="22.2620437817" lon="114.1972311510"><ele>342.000</ele></trkpt>
      <trkpt lat="22.2620524779" lon="114.1972340629"><ele>342.000</ele></trkpt>
      <trkpt lat="22.2620611740" lon="114.1972369748"><ele>342.000</ele></trkpt>
      <trkpt lat="22.2620698702" lon="114.1972398866"><ele>342.000</ele></trkpt>
      <trkpt lat="22.2620785663" lon="114.1972427985"><ele>342.000</ele></trkpt>
      <trkpt lat="22.2620872625" lon="114.1972457104"><ele>344.000</ele></trkpt>
      <trkpt lat="22.2620959578" lon="114.1972486222"><ele>344.000</ele></trkpt>
      <trkpt lat="22.2621038493" lon="114.1972512672"><ele>344.000</ele></trkpt>
      <trkpt lat="22.2621138749" lon="114.1972536126"><ele>344.000</ele></trkpt>
      <trkpt lat="22.2621234299" lon="114.1972558552"><ele>344.000</ele></trkpt>
      <trkpt lat="22.2621329859" lon="114.1972580890"><ele>346.000</ele></trkpt>
      <trkpt lat="22.2621425382" lon="114.1972603209"><ele>346.000</ele></trkpt>
      <trkpt lat="22.2621520924" lon="114.1972625644"><ele>346.000</ele></trkpt>
      <trkpt lat="22.2621616556" lon="114.1972647973"><ele>346.000</ele></trkpt>
      <trkpt lat="22.2621712097" lon="114.1972670388"><ele>346.000</ele></trkpt>
      <trkpt lat="22.2621807657" lon="114.1972692727"><ele>348.000</ele></trkpt>
      <trkpt lat="22.2621903180" lon="114.1972715045"><ele>348.000</ele></trkpt>
      <trkpt lat="22.2621998722" lon="114.1972737481"><ele>348.000</ele></trkpt>
      <trkpt lat="22.2622077918" lon="114.1972755965"><ele>348.000</ele></trkpt>
      <trkpt lat="22.2622175752" lon="114.1972722226"><ele>348.000</ele></trkpt>
      <trkpt lat="22.2622262089" lon="114.1972692453"><ele>348.000</ele></trkpt>
      <trkpt lat="22.2622348425" lon="114.1972662680"><ele>348.000</ele></trkpt>
      <trkpt lat="22.2622434771" lon="114.1972632908"><ele>348.000</ele></trkpt>
      <trkpt lat="22.2622521018" lon="114.1972603135"><ele>348.000</ele></trkpt>
      <trkpt lat="22.2622607346" lon="114.1972573362"><ele>348.000</ele></trkpt>
      <trkpt lat="22.2622693700" lon="114.1972543580"><ele>348.000</ele></trkpt>
      <trkpt lat="22.2622780037" lon="114.1972513710"><ele>348.000</ele></trkpt>
      <trkpt lat="22.2622866356" lon="114.1972483947"><ele>348.000</ele></trkpt>
      <trkpt lat="22.2622952693" lon="114.1972454175"><ele>348.000</ele></trkpt>
      <trkpt lat="22.2623039030" lon="114.1972424402"><ele>348.000</ele></trkpt>
      <trkpt lat="22.2623125367" lon="114.1972394629"><ele>348.000</ele></trkpt>
      <trkpt lat="22.2623211703" lon="114.1972364856"><ele>348.000</ele></trkpt>
      <trkpt lat="22.2623298049" lon="114.1972335084"><ele>348.000</ele></trkpt>
      <trkpt lat="22.2623384296" lon="114.1972305311"><ele>348.000</ele></trkpt>
      <trkpt lat="22.2623470624" lon="114.1972275538"><ele>348.000</ele></trkpt>
      <trkpt lat="22.2623556960" lon="114.1972245766"><ele>348.000</ele></trkpt>
      <trkpt lat="22.2623643297" lon="114.1972215993"><ele>350.000</ele></trkpt>
      <trkpt lat="22.2623729652" lon="114.1972186210"><ele>350.000</ele></trkpt>
      <trkpt lat="22.2623815989" lon="114.1972156341"><ele>350.000</ele></trkpt>
      <trkpt lat="22.2623902308" lon="114.1972126578"><ele>350.000</ele></trkpt>
      <trkpt lat="22.2623988644" lon="114.1972096805"><ele>350.000</ele></trkpt>
      <trkpt lat="22.2624074981" lon="114.1972067032"><ele>350.000</ele></trkpt>
      <trkpt lat="22.2624161228" lon="114.1972037259"><ele>350.000</ele></trkpt>
      <trkpt lat="22.2624247565" lon="114.1972007487"><ele>350.000</ele></trkpt>
      <trkpt lat="22.2624333901" lon="114.1971977714"><ele>350.000</ele></trkpt>
      <trkpt lat="22.2624420238" lon="114.1971947941"><ele>350.000</ele></trkpt>
      <trkpt lat="22.2624506575" lon="114.1971918168"><ele>350.000</ele></trkpt>
      <trkpt lat="22.2624592912" lon="114.1971888396"><ele>350.000</ele></trkpt>
      <trkpt lat="22.2624679249" lon="114.1971858623"><ele>350.000</ele></trkpt>
      <trkpt lat="22.2624765604" lon="114.1971828840"><ele>350.000</ele></trkpt>
      <trkpt lat="22.2624851940" lon="114.1971798971"><ele>350.000</ele></trkpt>
      <trkpt lat="22.2624938268" lon="114.1971769208"><ele>350.000</ele></trkpt>
      <trkpt lat="22.2625024515" lon="114.1971739435"><ele>350.000</ele></trkpt>
      <trkpt lat="22.2625110842" lon="114.1971709662"><ele>350.000</ele></trkpt>
      <trkpt lat="22.2625197179" lon="114.1971679889"><ele>350.000</ele></trkpt>
      <trkpt lat="22.2625283516" lon="114.1971650116"><ele>350.000</ele></trkpt>
      <trkpt lat="22.2625369853" lon="114.1971620344"><ele>350.000</ele></trkpt>
      <trkpt lat="22.2625456190" lon="114.1971590571"><ele>350.000</ele></trkpt>
      <trkpt lat="22.2625542527" lon="114.1971560798"><ele>350.000</ele></trkpt>
      <trkpt lat="22.2625628863" lon="114.1971531025"><ele>350.000</ele></trkpt>
      <trkpt lat="22.2625715200" lon="114.1971501252"><ele>350.000</ele></trkpt>
      <trkpt lat="22.2625801564" lon="114.1971471470"><ele>350.000</ele></trkpt>
      <trkpt lat="22.2625887811" lon="114.1971441600"><ele>352.000</ele></trkpt>
      <trkpt lat="22.2625974120" lon="114.1971411837"><ele>352.000</ele></trkpt>
      <trkpt lat="22.2626060457" lon="114.1971382064"><ele>352.000</ele></trkpt>
      <trkpt lat="22.2626146794" lon="114.1971352291"><ele>352.000</ele></trkpt>
      <trkpt lat="22.2626233131" lon="114.1971322518"><ele>352.000</ele></trkpt>
      <trkpt lat="22.2626319467" lon="114.1971292746"><ele>352.000</ele></trkpt>
      <trkpt lat="22.2626405804" lon="114.1971262973"><ele>352.000</ele></trkpt>
      <trkpt lat="22.2626492141" lon="114.1971233200"><ele>352.000</ele></trkpt>
      <trkpt lat="22.2626569573" lon="114.1971206501"><ele>352.000</ele></trkpt>
      <trkpt lat="22.2626654524" lon="114.1971215604"><ele>352.000</ele></trkpt>
      <trkpt lat="22.2626748893" lon="114.1971225805"><ele>352.000</ele></trkpt>
      <trkpt lat="22.2626843171" lon="114.1971235909"><ele>352.000</ele></trkpt>
      <trkpt lat="22.2626937541" lon="114.1971246110"><ele>352.000</ele></trkpt>
      <trkpt lat="22.2627031846" lon="114.1971256213"><ele>352.000</ele></trkpt>
      <trkpt lat="22.2627126188" lon="114.1971266317"><ele>352.000</ele></trkpt>
      <trkpt lat="22.2627220467" lon="114.1971276518"><ele>354.000</ele></trkpt>
      <trkpt lat="22.2627314836" lon="114.1971286622"><ele>354.000</ele></trkpt>
      <trkpt lat="22.2627409115" lon="114.1971296822"><ele>354.000</ele></trkpt>
      <trkpt lat="22.2627503484" lon="114.1971306926"><ele>354.000</ele></trkpt>
      <trkpt lat="22.2627597763" lon="114.1971317127"><ele>354.000</ele></trkpt>
      <trkpt lat="22.2627692132" lon="114.1971327231"><ele>354.000</ele></trkpt>
      <trkpt lat="22.2627786411" lon="114.1971337431"><ele>354.000</ele></trkpt>
      <trkpt lat="22.2627880780" lon="114.1971347535"><ele>354.000</ele></trkpt>
      <trkpt lat="22.2627975059" lon="114.1971357736"><ele>354.000</ele></trkpt>
      <trkpt lat="22.2628069446" lon="114.1971367840"><ele>354.000</ele></trkpt>
      <trkpt lat="22.2628163707" lon="114.1971377943"><ele>356.000</ele></trkpt>
      <trkpt lat="22.2628258076" lon="114.1971388144"><ele>356.000</ele></trkpt>
      <trkpt lat="22.2628348011" lon="114.1971397772"><ele>356.000</ele></trkpt>
      <trkpt lat="22.2630074770" lon="114.1971966683"><ele>360.000</ele></trkpt>
      <trkpt lat="22.2630109729" lon="114.1971978201"><ele>360.000</ele></trkpt>
      <trkpt lat="22.2630162891" lon="114.1971986659"><ele>360.000</ele></trkpt>
      <trkpt lat="22.2630189775" lon="114.1971990844"><ele>360.000</ele></trkpt>
      <trkpt lat="22.2630216596" lon="114.1971995020"><ele>360.000</ele></trkpt>
      <trkpt lat="22.2630243488" lon="114.1971999206"><ele>360.000</ele></trkpt>
      <trkpt lat="22.2630270309" lon="114.1972003284"><ele>360.000</ele></trkpt>
      <trkpt lat="22.2630297129" lon="114.1972007460"><ele>360.000</ele></trkpt>
      <trkpt lat="22.2630324022" lon="114.1972011549"><ele>360.000</ele></trkpt>
      <trkpt lat="22.2630350843" lon="114.1972015627"><ele>362.000</ele></trkpt>
      <trkpt lat="22.2630377727" lon="114.1972019716"><ele>362.000</ele></trkpt>
      <trkpt lat="22.2630404547" lon="114.1972023697"><ele>362.000</ele></trkpt>
      <trkpt lat="22.2630431368" lon="114.1972027776"><ele>362.000</ele></trkpt>
      <trkpt lat="22.2630458269" lon="114.1972031768"><ele>362.000</ele></trkpt>
      <trkpt lat="22.2630485108" lon="114.1972035740"><ele>362.000</ele></trkpt>
      <trkpt lat="22.2630511920" lon="114.1972039818"><ele>362.000</ele></trkpt>
      <trkpt lat="22.2630538812" lon="114.1972043810"><ele>362.000</ele></trkpt>
      <trkpt lat="22.2630565633" lon="114.1972047792"><ele>362.000</ele></trkpt>
      <trkpt lat="22.2630592526" lon="114.1972051783"><ele>362.000</ele></trkpt>
      <trkpt lat="22.2630619355" lon="114.1972055668"><ele>362.000</ele></trkpt>
      <trkpt lat="22.2630646194" lon="114.1972059640"><ele>362.000</ele></trkpt>
      <trkpt lat="22.2630673005" lon="114.1972063622"><ele>362.000</ele></trkpt>
      <trkpt lat="22.2630699898" lon="114.1972067613"><ele>362.000</ele></trkpt>
      <trkpt lat="22.2630726728" lon="114.1972071498"><ele>362.000</ele></trkpt>
      <trkpt lat="22.2630753566" lon="114.1972075470"><ele>362.000</ele></trkpt>
      <trkpt lat="22.2630780441" lon="114.1972079461"><ele>362.000</ele></trkpt>
      <trkpt lat="22.2630807271" lon="114.1972083346"><ele>363.000</ele></trkpt>
      <trkpt lat="22.2630834028" lon="114.1972087318"><ele>363.000</ele></trkpt>
      <trkpt lat="22.2630861011" lon="114.1972091309"><ele>363.000</ele></trkpt>
      <trkpt lat="22.2630887823" lon="114.1972095194"><ele>363.000</ele></trkpt>
      <trkpt lat="22.2630914571" lon="114.1972099166"><ele>363.000</ele></trkpt>
      <trkpt lat="22.2630941392" lon="114.1972103148"><ele>363.000</ele></trkpt>
      <trkpt lat="22.2630968212" lon="114.1972107130"><ele>363.000</ele></trkpt>
      <trkpt lat="22.2630995042" lon="114.1972111111"><ele>363.000</ele></trkpt>
      <trkpt lat="22.2631021880" lon="114.1972115083"><ele>363.000</ele></trkpt>
      <trkpt lat="22.2631048692" lon="114.1972119162"><ele>363.000</ele></trkpt>
      <trkpt lat="22.2631075512" lon="114.1972123144"><ele>363.000</ele></trkpt>
      <trkpt lat="22.2631102333" lon="114.1972127223"><ele>363.000</ele></trkpt>
      <trkpt lat="22.2631129154" lon="114.1972131204"><ele>363.000</ele></trkpt>
      <trkpt lat="22.2631155911" lon="114.1972135273"><ele>363.000</ele></trkpt>
      <trkpt lat="22.2631182731" lon="114.1972139352"><ele>363.000</ele></trkpt>
      <trkpt lat="22.2631209480" lon="114.1972143421"><ele>363.000</ele></trkpt>
      <trkpt lat="22.2631236300" lon="114.1972147597"><ele>363.000</ele></trkpt>
      <trkpt lat="22.2631263121" lon="114.1972151676"><ele>365.000</ele></trkpt>
      <trkpt lat="22.2631289869" lon="114.1972155842"><ele>365.000</ele></trkpt>
      <trkpt lat="22.2631316626" lon="114.1972160008"><ele>365.000</ele></trkpt>
      <trkpt lat="22.2631343447" lon="114.1972164281"><ele>365.000</ele></trkpt>
      <trkpt lat="22.2631370249" lon="114.1972168457"><ele>365.000</ele></trkpt>
      <trkpt lat="22.2631396916" lon="114.1972172710"><ele>365.000</ele></trkpt>
      <trkpt lat="22.2631423746" lon="114.1972176992"><ele>365.000</ele></trkpt>
      <trkpt lat="22.2631450494" lon="114.1972181246"><ele>365.000</ele></trkpt>
      <trkpt lat="22.2631477233" lon="114.1972185606"><ele>365.000</ele></trkpt>
      <trkpt lat="22.2631503964" lon="114.1972189976"><ele>365.000</ele></trkpt>
      <trkpt lat="22.2631530721" lon="114.1972194336"><ele>365.000</ele></trkpt>
      <trkpt lat="22.2631557379" lon="114.1972198793"><ele>365.000</ele></trkpt>
      <trkpt lat="22.2631584199" lon="114.1972203260"><ele>365.000</ele></trkpt>
      <trkpt lat="22.2631610848" lon="114.1972207707"><ele>365.000</ele></trkpt>
      <trkpt lat="22.2631637524" lon="114.1972212261"><ele>365.000</ele></trkpt>
      <trkpt lat="22.2631664345" lon="114.1972216825"><ele>365.000</ele></trkpt>
      <trkpt lat="22.2631690994" lon="114.1972221379"><ele>365.000</ele></trkpt>
      <trkpt lat="22.2631717651" lon="114.1972226031"><ele>366.000</ele></trkpt>
      <trkpt lat="22.2631744318" lon="114.1972230682"><ele>366.000</ele></trkpt>
      <trkpt lat="22.2631770976" lon="114.1972235420"><ele>366.000</ele></trkpt>
      <trkpt lat="22.2631797643" lon="114.1972240168"><ele>366.000</ele></trkpt>
      <trkpt lat="22.2631824301" lon="114.1972245014"><ele>366.000</ele></trkpt>
      <trkpt lat="22.2631851031" lon="114.1972249868"><ele>366.000</ele></trkpt>
      <trkpt lat="22.2631877680" lon="114.1972254704"><ele>366.000</ele></trkpt>
      <trkpt lat="22.2631904184" lon="114.1972259636"><ele>366.000</ele></trkpt>
      <trkpt lat="22.2631930842" lon="114.1972264666"><ele>366.000</ele></trkpt>
      <trkpt lat="22.2631957482" lon="114.1972269715"><ele>366.000</ele></trkpt>
      <trkpt lat="22.2631984077" lon="114.1972274745"><ele>366.000</ele></trkpt>
      <trkpt lat="22.2632009859" lon="114.1972279813"><ele>366.000</ele></trkpt>
      <trkpt lat="22.2632034755" lon="114.1972285657"><ele>366.000</ele></trkpt>
      <trkpt lat="22.2632059255" lon="114.1972292559"><ele>366.000</ele></trkpt>
      <trkpt lat="22.2632083483" lon="114.1972300547"><ele>366.000</ele></trkpt>
      <trkpt lat="22.2632107476" lon="114.1972309661"><ele>366.000</ele></trkpt>
      <trkpt lat="22.2632131316" lon="114.1972319764"><ele>366.000</ele></trkpt>
      <trkpt lat="22.2632154812" lon="114.1972330682"><ele>368.000</ele></trkpt>
      <trkpt lat="22.2632177965" lon="114.1972342532"><ele>368.000</ele></trkpt>
      <trkpt lat="22.2632200839" lon="114.1972355235"><ele>368.000</ele></trkpt>
      <trkpt lat="22.2632223278" lon="114.1972368725"><ele>368.000</ele></trkpt>
      <trkpt lat="22.2632245320" lon="114.1972382873"><ele>368.000</ele></trkpt>
      <trkpt lat="22.2632266333" lon="114.1972397624"><ele>368.000</ele></trkpt>
      <trkpt lat="22.2632286460" lon="114.1972413441"><ele>368.000</ele></trkpt>
      <trkpt lat="22.2632306181" lon="114.1972430558"><ele>368.000</ele></trkpt>
      <trkpt lat="22.2632325531" lon="114.1972448694"><ele>370.000</ele></trkpt>
      <trkpt lat="22.2632344629" lon="114.1972467626"><ele>370.000</ele></trkpt>
      <trkpt lat="22.2632363627" lon="114.1972487285"><ele>370.000</ele></trkpt>
      <trkpt lat="22.2632402164" lon="114.1972528117"><ele>370.000</ele></trkpt>
      <trkpt lat="22.2632421767" lon="114.1972548698"><ele>370.000</ele></trkpt>
      <trkpt lat="22.2632442039" lon="114.1972569376"><ele>370.000</ele></trkpt>
      <trkpt lat="22.2632462933" lon="114.1972589705"><ele>370.000</ele></trkpt>
      <trkpt lat="22.2632484803" lon="114.1972609714"><ele>370.000</ele></trkpt>
      <trkpt lat="22.2632507503" lon="114.1972628743"><ele>370.000</ele></trkpt>
      <trkpt lat="22.2632530638" lon="114.1972646569"><ele>370.000</ele></trkpt>
      <trkpt lat="22.2632553916" lon="114.1972663619"><ele>370.000</ele></trkpt>
      <trkpt lat="22.2632577800" lon="114.1972680116"><ele>370.000</ele></trkpt>
      <trkpt lat="22.2632602543" lon="114.1972695886"><ele>370.000</ele></trkpt>
      <trkpt lat="22.2632628233" lon="114.1972710685"><ele>370.000</ele></trkpt>
      <trkpt lat="22.2632654998" lon="114.1972724272"><ele>370.000</ele></trkpt>
      <trkpt lat="22.2632683028" lon="114.1972736035"><ele>370.000</ele></trkpt>
      <trkpt lat="22.2632712223" lon="114.1972745664"><ele>370.000</ele></trkpt>
      <trkpt lat="22.2632741255" lon="114.1972752343"><ele>370.000</ele></trkpt>
      <trkpt lat="22.2632768654" lon="114.1972757634"><ele>370.000</ele></trkpt>
      <trkpt lat="22.2632795447" lon="114.1972762722"><ele>370.000</ele></trkpt>
      <trkpt lat="22.2632822249" lon="114.1972767684"><ele>370.000</ele></trkpt>
      <trkpt lat="22.2632849124" lon="114.1972772665"><ele>370.000</ele></trkpt>
      <trkpt lat="22.2632876062" lon="114.1972777462"><ele>370.000</ele></trkpt>
      <trkpt lat="22.2632902855" lon="114.1972782132"><ele>370.000</ele></trkpt>
      <trkpt lat="22.2632929658" lon="114.1972786803"><ele>370.000</ele></trkpt>
      <trkpt lat="22.2632956532" lon="114.1972791396"><ele>370.000</ele></trkpt>
      <trkpt lat="22.2632983497" lon="114.1972795882"><ele>370.000</ele></trkpt>
      <trkpt lat="22.2633010291" lon="114.1972800262"><ele>370.000</ele></trkpt>
      <trkpt lat="22.2633037192" lon="114.1972804641"><ele>370.000</ele></trkpt>
      <trkpt lat="22.2633064139" lon="114.1972808943"><ele>372.000</ele></trkpt>
      <trkpt lat="22.2633091014" lon="114.1972813138"><ele>372.000</ele></trkpt>
      <trkpt lat="22.2633117916" lon="114.1972817227"><ele>372.000</ele></trkpt>
      <trkpt lat="22.2633144809" lon="114.1972821315"><ele>372.000</ele></trkpt>
      <trkpt lat="22.2633171792" lon="114.1972825307"><ele>372.000</ele></trkpt>
      <trkpt lat="22.2633198675" lon="114.1972829298"><ele>372.000</ele></trkpt>
      <trkpt lat="22.2633225568" lon="114.1972833193"><ele>372.000</ele></trkpt>
      <trkpt lat="22.2633252551" lon="114.1972837087"><ele>372.000</ele></trkpt>
      <trkpt lat="22.2633279498" lon="114.1972840894"><ele>372.000</ele></trkpt>
      <trkpt lat="22.2633306328" lon="114.1972844595"><ele>372.000</ele></trkpt>
      <trkpt lat="22.2633333320" lon="114.1972848392"><ele>372.000</ele></trkpt>
      <trkpt lat="22.2633360294" lon="114.1972851986"><ele>372.000</ele></trkpt>
      <trkpt lat="22.2633387178" lon="114.1972855686"><ele>372.000</ele></trkpt>
      <trkpt lat="22.2633414170" lon="114.1972859202"><ele>372.000</ele></trkpt>
      <trkpt lat="22.2633441081" lon="114.1972862796"><ele>372.000</ele></trkpt>
      <trkpt lat="22.2633468055" lon="114.1972866293"><ele>372.000</ele></trkpt>
      <trkpt lat="22.2633494876" lon="114.1972869789"><ele>372.000</ele></trkpt>
      <trkpt lat="22.2633521868" lon="114.1972873296"><ele>374.000</ele></trkpt>
      <trkpt lat="22.2633548842" lon="114.1972876705"><ele>374.000</ele></trkpt>
      <trkpt lat="22.2633575753" lon="114.1972880105"><ele>374.000</ele></trkpt>
      <trkpt lat="22.2633602664" lon="114.1972883505"><ele>374.000</ele></trkpt>
      <trkpt lat="22.2633629647" lon="114.1972886914"><ele>374.000</ele></trkpt>
      <trkpt lat="22.2633656558" lon="114.1972890216"><ele>374.000</ele></trkpt>
      <trkpt lat="22.2633683469" lon="114.1972893616"><ele>374.000</ele></trkpt>
      <trkpt lat="22.2633710452" lon="114.1972896928"><ele>374.000</ele></trkpt>
      <trkpt lat="22.2633737363" lon="114.1972900231"><ele>374.000</ele></trkpt>
      <trkpt lat="22.2633764274" lon="114.1972903534"><ele>374.000</ele></trkpt>
      <trkpt lat="22.2633791185" lon="114.1972906836"><ele>374.000</ele></trkpt>
      <trkpt lat="22.2633818105" lon="114.1972910139"><ele>374.000</ele></trkpt>
      <trkpt lat="22.2633845106" lon="114.1972913442"><ele>374.000</ele></trkpt>
      <trkpt lat="22.2633871963" lon="114.1972916744"><ele>374.000</ele></trkpt>
      <trkpt lat="22.2633889717" lon="114.1972918959"><ele>374.000</ele></trkpt>
      <trkpt lat="22.2633898793" lon="114.1972920134"><ele>374.000</ele></trkpt>
      <trkpt lat="22.2633925830" lon="114.1972923447"><ele>374.000</ele></trkpt>
      <trkpt lat="22.2633952741" lon="114.1972926749"><ele>376.000</ele></trkpt>
      <trkpt lat="22.2633979580" lon="114.1972930042"><ele>379.000</ele></trkpt>
      <trkpt lat="22.2634006635" lon="114.1972933461"><ele>379.000</ele></trkpt>
      <trkpt lat="22.2634034458" lon="114.1972936677"><ele>379.000</ele></trkpt>
      <trkpt lat="22.2634063013" lon="114.1972938941"><ele>379.000</ele></trkpt>
      <trkpt lat="22.2634091523" lon="114.1972939964"><ele>379.000</ele></trkpt>
      <trkpt lat="22.2634119608" lon="114.1972940172"><ele>379.000</ele></trkpt>
      <trkpt lat="22.2634147332" lon="114.1972939778"><ele>379.000</ele></trkpt>
      <trkpt lat="22.2634174641" lon="114.1972939093"><ele>379.000</ele></trkpt>
      <trkpt lat="22.2634202293" lon="114.1972938409"><ele>379.000</ele></trkpt>
      <trkpt lat="22.2634233991" lon="114.1972936706"><ele>379.000</ele></trkpt>
      <trkpt lat="22.2634264705" lon="114.1972928628"><ele>379.000</ele></trkpt>
      <trkpt lat="22.2634291572" lon="114.1972920676"><ele>377.000</ele></trkpt>
      <trkpt lat="22.2634318060" lon="114.1972912705"><ele>377.000</ele></trkpt>
      <trkpt lat="22.2634344403" lon="114.1972904326"><ele>377.000</ele></trkpt>
      <trkpt lat="22.2634370648" lon="114.1972895783"><ele>377.000</ele></trkpt>
      <trkpt lat="22.2634396865" lon="114.1972886957"><ele>377.000</ele></trkpt>
      <trkpt lat="22.2634422748" lon="114.1972878074"><ele>378.000</ele></trkpt>
      <trkpt lat="22.2634448712" lon="114.1972869113"><ele>378.000</ele></trkpt>
      <trkpt lat="22.2634474450" lon="114.1972860094"><ele>378.000</ele></trkpt>
      <trkpt lat="22.2634500126" lon="114.1972851220"><ele>378.000</ele></trkpt>
      <trkpt lat="22.2634525765" lon="114.1972842463"><ele>378.000</ele></trkpt>
      <trkpt lat="22.2634551232" lon="114.1972833948"><ele>378.000</ele></trkpt>
      <trkpt lat="22.2634576871" lon="114.1972825725"><ele>378.000</ele></trkpt>
      <trkpt lat="22.2634602411" lon="114.1972817734"><ele>378.000</ele></trkpt>
      <trkpt lat="22.2634627860" lon="114.1972810257"><ele>378.000</ele></trkpt>
      <trkpt lat="22.2634653445" lon="114.1972803178"><ele>378.000</ele></trkpt>
      <trkpt lat="22.2634678876" lon="114.1972796701"><ele>378.000</ele></trkpt>
      <trkpt lat="22.2634704488" lon="114.1972790816"><ele>378.000</ele></trkpt>
      <trkpt lat="22.2634730009" lon="114.1972785609"><ele>378.000</ele></trkpt>
      <trkpt lat="22.2634755485" lon="114.1972781266"><ele>378.000</ele></trkpt>
      <trkpt lat="22.2634780952" lon="114.1972777768"><ele>378.000</ele></trkpt>
      <trkpt lat="22.2634806464" lon="114.1972775210"><ele>378.000</ele></trkpt>
      <trkpt lat="22.2634831931" lon="114.1972773661"><ele>378.000</ele></trkpt>
      <trkpt lat="22.2634857172" lon="114.1972773209"><ele>380.000</ele></trkpt>
      <trkpt lat="22.2634882358" lon="114.1972773940"><ele>380.000</ele></trkpt>
      <trkpt lat="22.2634907680" lon="114.1972775933"><ele>380.000</ele></trkpt>
      <trkpt lat="22.2634933028" lon="114.1972778954"><ele>380.000</ele></trkpt>
      <trkpt lat="22.2634958368" lon="114.1972782994"><ele>380.000</ele></trkpt>
      <trkpt lat="22.2634983662" lon="114.1972787975"><ele>380.000</ele></trkpt>
      <trkpt lat="22.2635008911" lon="114.1972793809"><ele>380.000</ele></trkpt>
      <trkpt lat="22.2635034142" lon="114.1972800420"><ele>380.000</ele></trkpt>
      <trkpt lat="22.2635059409" lon="114.1972807729"><ele>380.000</ele></trkpt>
      <trkpt lat="22.2635084558" lon="114.1972815621"><ele>380.000</ele></trkpt>
      <trkpt lat="22.2635109689" lon="114.1972824114"><ele>380.000</ele></trkpt>
      <trkpt lat="22.2635134866" lon="114.1972833043"><ele>380.000</ele></trkpt>
      <trkpt lat="22.2635160006" lon="114.1972842371"><ele>380.000</ele></trkpt>
      <trkpt lat="22.2635185119" lon="114.1972852028"><ele>380.000</ele></trkpt>
      <trkpt lat="22.2635210250" lon="114.1972861899"><ele>380.000</ele></trkpt>
      <trkpt lat="22.2635235390" lon="114.1972872090"><ele>380.000</ele></trkpt>
      <trkpt lat="22.2635260611" lon="114.1972882358"><ele>380.000</ele></trkpt>
      <trkpt lat="22.2635285923" lon="114.1972892714"><ele>380.000</ele></trkpt>
      <trkpt lat="22.2635311271" lon="114.1972903128"><ele>382.000</ele></trkpt>
      <trkpt lat="22.2635336853" lon="114.1972913494"><ele>382.000</ele></trkpt>
      <trkpt lat="22.2635362445" lon="114.1972923675"><ele>382.000</ele></trkpt>
      <trkpt lat="22.2635388199" lon="114.1972933788"><ele>384.000</ele></trkpt>
      <trkpt lat="22.2635414242" lon="114.1972943678"><ele>384.000</ele></trkpt>
      <trkpt lat="22.2635440376" lon="114.1972953171"><ele>384.000</ele></trkpt>
      <trkpt lat="22.2635466744" lon="114.1972962421"><ele>384.000</ele></trkpt>
      <trkpt lat="22.2635493438" lon="114.1972971118"><ele>384.000</ele></trkpt>
      <trkpt lat="22.2635520231" lon="114.1972979320"><ele>384.000</ele></trkpt>
      <trkpt lat="22.2635547511" lon="114.1972986979"><ele>384.000</ele></trkpt>
      <trkpt lat="22.2635575000" lon="114.1972993862"><ele>384.000</ele></trkpt>
      <trkpt lat="22.2635602759" lon="114.1972999949"><ele>384.000</ele></trkpt>
      <trkpt lat="22.2635630826" lon="114.1973005144"><ele>384.000</ele></trkpt>
      <trkpt lat="22.2635659127" lon="114.1973009349"><ele>384.000</ele></trkpt>
      <trkpt lat="22.2635687528" lon="114.1973012419"><ele>384.000</ele></trkpt>
      <trkpt lat="22.2635715821" lon="114.1973014460"><ele>384.000</ele></trkpt>
      <trkpt lat="22.2635743671" lon="114.1973015765"><ele>384.000</ele></trkpt>
      <trkpt lat="22.2635771540" lon="114.1973016564"><ele>386.000</ele></trkpt>
      <trkpt lat="22.2635799409" lon="114.1973016762"><ele>386.000</ele></trkpt>
      <trkpt lat="22.2635827070" lon="114.1973016475"><ele>386.000</ele></trkpt>
      <trkpt lat="22.2635855859" lon="114.1973015858"><ele>386.000</ele></trkpt>
      <trkpt lat="22.2635884487" lon="114.1973013088"><ele>386.000</ele></trkpt>
      <trkpt lat="22.2635911534" lon="114.1973010259"><ele>386.000</ele></trkpt>
      <trkpt lat="22.2635938599" lon="114.1973007449"><ele>386.000</ele></trkpt>
      <trkpt lat="22.2635965755" lon="114.1973004523"><ele>386.000</ele></trkpt>
      <trkpt lat="22.2635992667" lon="114.1973001519"><ele>386.000</ele></trkpt>
      <trkpt lat="22.2636019641" lon="114.1972998603"><ele>386.000</ele></trkpt>
      <trkpt lat="22.2636046716" lon="114.1972995492"><ele>386.000</ele></trkpt>
      <trkpt lat="22.2636073637" lon="114.1972992489"><ele>386.000</ele></trkpt>
      <trkpt lat="22.2636101388" lon="114.1972989291"><ele>386.000</ele></trkpt>
      <trkpt lat="22.2636129411" lon="114.1972984939"><ele>386.000</ele></trkpt>
      <trkpt lat="22.2636156774" lon="114.1972980082"><ele>386.000</ele></trkpt>
      <trkpt lat="22.2636183795" lon="114.1972974983"><ele>386.000</ele></trkpt>
      <trkpt lat="22.2636210716" lon="114.1972969786"><ele>386.000</ele></trkpt>
      <trkpt lat="22.2636237646" lon="114.1972964299"><ele>387.000</ele></trkpt>
      <trkpt lat="22.2636264486" lon="114.1972958714"><ele>387.000</ele></trkpt>
      <trkpt lat="22.2636291235" lon="114.1972952848"><ele>387.000</ele></trkpt>
      <trkpt lat="22.2636317922" lon="114.1972947002"><ele>387.000</ele></trkpt>
      <trkpt lat="22.2636344689" lon="114.1972940942"><ele>387.000</ele></trkpt>
      <trkpt lat="22.2636371303" lon="114.1972934804"><ele>387.000</ele></trkpt>
      <trkpt lat="22.2636397899" lon="114.1972928570"><ele>387.000</ele></trkpt>
      <trkpt lat="22.2636424495" lon="114.1972922228"><ele>388.000</ele></trkpt>
      <trkpt lat="22.2636450965" lon="114.1972915829"><ele>388.000</ele></trkpt>
      <trkpt lat="22.2636477408" lon="114.1972909507"><ele>388.000</ele></trkpt>
      <trkpt lat="22.2636503922" lon="114.1972903001"><ele>388.000</ele></trkpt>
      <trkpt lat="22.2636530257" lon="114.1972896630"><ele>388.000</ele></trkpt>
      <trkpt lat="22.2636556482" lon="114.1972890366"><ele>388.000</ele></trkpt>
      <trkpt lat="22.2636582880" lon="114.1972884190"><ele>388.000</ele></trkpt>
      <trkpt lat="22.2636609223" lon="114.1972878111"><ele>388.000</ele></trkpt>
      <trkpt lat="22.2636635530" lon="114.1972872138"><ele>388.000</ele></trkpt>
      <trkpt lat="22.2636661936" lon="114.1972866253"><ele>388.000</ele></trkpt>
      <trkpt lat="22.2636688352" lon="114.1972860464"><ele>390.000</ele></trkpt>
      <trkpt lat="22.2636714830" lon="114.1972854763"><ele>390.000</ele></trkpt>
      <trkpt lat="22.2636741363" lon="114.1972849043"><ele>390.000</ele></trkpt>
      <trkpt lat="22.2636767941" lon="114.1972843332"><ele>390.000</ele></trkpt>
      <trkpt lat="22.2636794375" lon="114.1972837738"><ele>390.000</ele></trkpt>
      <trkpt lat="22.2636820916" lon="114.1972832212"><ele>390.000</ele></trkpt>
      <trkpt lat="22.2636827383" lon="114.1972830844"><ele>390.000</ele></trkpt>
      <trkpt lat="22.2636847549" lon="114.1972826588"><ele>390.000</ele></trkpt>
      <trkpt lat="22.2636874099" lon="114.1972821062"><ele>390.000</ele></trkpt>
      <trkpt lat="22.2636900813" lon="114.1972815429"><ele>390.000</ele></trkpt>
      <trkpt lat="22.2636927093" lon="114.1972809864"><ele>390.000</ele></trkpt>
      <trkpt lat="22.2636933505" lon="114.1972808603"><ele>390.000</ele></trkpt>
      <trkpt lat="22.2636953914" lon="114.1972804279"><ele>390.000</ele></trkpt>
      <trkpt lat="22.2636980619" lon="114.1972798636"><ele>390.000</ele></trkpt>
      <trkpt lat="22.2637007251" lon="114.1972792906"><ele>390.000</ele></trkpt>
      <trkpt lat="22.2637033729" lon="114.1972787196"><ele>390.000</ele></trkpt>
      <trkpt lat="22.2637040169" lon="114.1972785838"><ele>390.000</ele></trkpt>
      <trkpt lat="22.2637060443" lon="114.1972781446"><ele>390.000</ele></trkpt>
      <trkpt lat="22.2637087111" lon="114.1972775600"><ele>390.000</ele></trkpt>
      <trkpt lat="22.2637113807" lon="114.1972769646"><ele>390.000</ele></trkpt>
      <trkpt lat="22.2637120300" lon="114.1972768182"><ele>392.000</ele></trkpt>
      <trkpt lat="22.2637140339" lon="114.1972763625"><ele>392.000</ele></trkpt>
      <trkpt lat="22.2637167026" lon="114.1972757585"><ele>392.000</ele></trkpt>
      <trkpt lat="22.2637193703" lon="114.1972751331"><ele>392.000</ele></trkpt>
      <trkpt lat="22.2637220299" lon="114.1972744989"><ele>392.000</ele></trkpt>
      <trkpt lat="22.2637246904" lon="114.1972738551"><ele>392.000</ele></trkpt>
      <trkpt lat="22.2637273491" lon="114.1972732006"><ele>392.000</ele></trkpt>
      <trkpt lat="22.2637300151" lon="114.1972725247"><ele>392.000</ele></trkpt>
      <trkpt lat="22.2637326629" lon="114.1972718304"><ele>392.000</ele></trkpt>
      <trkpt lat="22.2637353217" lon="114.1972711265"><ele>392.000</ele></trkpt>
      <trkpt lat="22.2637379623" lon="114.1972704031"><ele>392.000</ele></trkpt>
      <trkpt lat="22.2637406165" lon="114.1972696690"><ele>392.000</ele></trkpt>
      <trkpt lat="22.2637432716" lon="114.1972689019"><ele>392.000</ele></trkpt>
      <trkpt lat="22.2637459123" lon="114.1972681174"><ele>392.000</ele></trkpt>
      <trkpt lat="22.2637485412" lon="114.1972673135"><ele>392.000</ele></trkpt>
      <trkpt lat="22.2637511765" lon="114.1972664882"><ele>392.000</ele></trkpt>
      <trkpt lat="22.2637538027" lon="114.1972656329"><ele>392.000</ele></trkpt>
      <trkpt lat="22.2637564307" lon="114.1972647581"><ele>392.000</ele></trkpt>
      <trkpt lat="22.2637590470" lon="114.1972638504"><ele>393.000</ele></trkpt>
      <trkpt lat="22.2637616633" lon="114.1972629136"><ele>393.000</ele></trkpt>
      <trkpt lat="22.2637642615" lon="114.1972619486"><ele>393.000</ele></trkpt>
      <trkpt lat="22.2637668652" lon="114.1972609496"><ele>393.000</ele></trkpt>
      <trkpt lat="22.2637694472" lon="114.1972599138"><ele>393.000</ele></trkpt>
      <trkpt lat="22.2637720238" lon="114.1972588567"><ele>393.000</ele></trkpt>
      <trkpt lat="22.2637745995" lon="114.1972577461"><ele>393.000</ele></trkpt>
      <trkpt lat="22.2637771472" lon="114.1972566104"><ele>393.000</ele></trkpt>
      <trkpt lat="22.2637796867" lon="114.1972554397"><ele>393.000</ele></trkpt>
      <trkpt lat="22.2637822218" lon="114.1972542176"><ele>393.000</ele></trkpt>
      <trkpt lat="22.2637847361" lon="114.1972529577"><ele>393.000</ele></trkpt>
      <trkpt lat="22.2637872395" lon="114.1972516521"><ele>393.000</ele></trkpt>
      <trkpt lat="22.2637897132" lon="114.1972503000"><ele>393.000</ele></trkpt>
      <trkpt lat="22.2637921742" lon="114.1972489081"><ele>393.000</ele></trkpt>
      <trkpt lat="22.2637946127" lon="114.1972474687"><ele>393.000</ele></trkpt>
      <trkpt lat="22.2637971189" lon="114.1972459157"><ele>393.000</ele></trkpt>
      <trkpt lat="22.2637996567" lon="114.1972440950"><ele>393.000</ele></trkpt>
      <trkpt lat="22.2638020492" lon="114.1972420104"><ele>396.000</ele></trkpt>
      <trkpt lat="22.2638042458" lon="114.1972397491"><ele>396.000</ele></trkpt>
      <trkpt lat="22.2638062599" lon="114.1972373277"><ele>396.000</ele></trkpt>
      <trkpt lat="22.2638080853" lon="114.1972348016"><ele>396.000</ele></trkpt>
      <trkpt lat="22.2638097500" lon="114.1972322036"><ele>396.000</ele></trkpt>
      <trkpt lat="22.2638112774" lon="114.1972295464"><ele>396.000</ele></trkpt>
      <trkpt lat="22.2638126874" lon="114.1972268572"><ele>396.000</ele></trkpt>
      <trkpt lat="22.2638139909" lon="114.1972241282"><ele>396.000</ele></trkpt>
      <trkpt lat="22.2638152041" lon="114.1972213914"><ele>396.000</ele></trkpt>
      <trkpt lat="22.2638163531" lon="114.1972186429"><ele>396.000</ele></trkpt>
      <trkpt lat="22.2638174380" lon="114.1972158935"><ele>396.000</ele></trkpt>
      <trkpt lat="22.2638184805" lon="114.1972131499"><ele>396.000</ele></trkpt>
      <trkpt lat="22.2638194860" lon="114.1972104014"><ele>396.000</ele></trkpt>
      <trkpt lat="22.2638204878" lon="114.1972076481"><ele>396.000</ele></trkpt>
      <trkpt lat="22.2638207164" lon="114.1972069777"><ele>396.000</ele></trkpt>
      <trkpt lat="22.2638214481" lon="114.1972049384"><ele>396.000</ele></trkpt>
      <trkpt lat="22.2638224129" lon="114.1972022258"><ele>396.000</ele></trkpt>
      <trkpt lat="22.2638233786" lon="114.1971995463"><ele>396.000</ele></trkpt>
      <trkpt lat="22.2638236153" lon="114.1971989069"><ele>396.000</ele></trkpt>
      <trkpt lat="22.2638243651" lon="114.1971968841"><ele>396.000</ele></trkpt>
      <trkpt lat="22.2638253751" lon="114.1971942395"><ele>396.000</ele></trkpt>
      <trkpt lat="22.2638264121" lon="114.1971916336"><ele>396.000</ele></trkpt>
      <trkpt lat="22.2638274880" lon="114.1971890705"><ele>396.000</ele></trkpt>
      <trkpt lat="22.2638277436" lon="114.1971884942"><ele>396.000</ele></trkpt>
      <trkpt lat="22.2638286045" lon="114.1971865801"><ele>396.000</ele></trkpt>
      <trkpt lat="22.2638297923" lon="114.1971841392"><ele>396.000</ele></trkpt>
      <trkpt lat="22.2638310461" lon="114.1971817798"><ele>396.000</ele></trkpt>
      <trkpt lat="22.2638313514" lon="114.1971812666"><ele>396.000</ele></trkpt>
      <trkpt lat="22.2638323928" lon="114.1971794835"><ele>396.000</ele></trkpt>
      <trkpt lat="22.2638338118" lon="114.1971773241"><ele>396.000</ele></trkpt>
      <trkpt lat="22.2638352868" lon="114.1971753528"><ele>396.000</ele></trkpt>
      <trkpt lat="22.2638366596" lon="114.1971738715"><ele>396.000</ele></trkpt>
      <trkpt lat="22.2638367337" lon="114.1971738239"><ele>396.000</ele></trkpt>
      <trkpt lat="22.2638380423" lon="114.1971730043"><ele>396.000</ele></trkpt>
      <trkpt lat="22.2638398070" lon="114.1971724642"><ele>396.000</ele></trkpt>
      <trkpt lat="22.2638419699" lon="114.1971721841"><ele>396.000</ele></trkpt>
      <trkpt lat="22.2638443657" lon="114.1971721155"><ele>396.000</ele></trkpt>
      <trkpt lat="22.2638449211" lon="114.1971721321"><ele>396.000</ele></trkpt>
      <trkpt lat="22.2638469692" lon="114.1971721712"><ele>398.000</ele></trkpt>
      <trkpt lat="22.2638496802" lon="114.1971722686"><ele>398.000</ele></trkpt>
      <trkpt lat="22.2638525375" lon="114.1971723205"><ele>398.000</ele></trkpt>
      <trkpt lat="22.2638555438" lon="114.1971722025"><ele>398.000</ele></trkpt>
      <trkpt lat="22.2638587426" lon="114.1971717761"><ele>398.000</ele></trkpt>
      <trkpt lat="22.2638620479" lon="114.1971707656"><ele>398.000</ele></trkpt>
      <trkpt lat="22.2638650047" lon="114.1971691594"><ele>398.000</ele></trkpt>
      <trkpt lat="22.2638675706" lon="114.1971674134"><ele>398.000</ele></trkpt>
      <trkpt lat="22.2638699468" lon="114.1971655936"><ele>398.000</ele></trkpt>
      <trkpt lat="22.2638722209" lon="114.1971636777"><ele>398.000</ele></trkpt>
      <trkpt lat="22.2638744111" lon="114.1971616746"><ele>398.000</ele></trkpt>
      <trkpt lat="22.2638764559" lon="114.1971596685"><ele>398.000</ele></trkpt>
      <trkpt lat="22.2638769788" lon="114.1971591592"><ele>398.000</ele></trkpt>
      <trkpt lat="22.2638790083" lon="114.1971570492"><ele>398.000</ele></trkpt>
      <trkpt lat="22.2638809637" lon="114.1971549403"><ele>398.000</ele></trkpt>
      <trkpt lat="22.2638828902" lon="114.1971528012"><ele>398.000</ele></trkpt>
      <trkpt lat="22.2638830564" lon="114.1971526121"><ele>398.000</ele></trkpt>
      <trkpt lat="22.2638847724" lon="114.1971506719"><ele>398.000</ele></trkpt>
      <trkpt lat="22.2638956477" lon="114.1971390891"><ele>400.000</ele></trkpt>
      <trkpt lat="22.2638990072" lon="114.1971382746"><ele>400.000</ele></trkpt>
      <trkpt lat="22.2639024028" lon="114.1971376930"><ele>400.000</ele></trkpt>
      <trkpt lat="22.2639058255" lon="114.1971373442"><ele>400.000</ele></trkpt>
      <trkpt lat="22.2639092571" lon="114.1971372380"><ele>400.000</ele></trkpt>
      <trkpt lat="22.2639131494" lon="114.1971365691"><ele>400.000</ele></trkpt>
      <trkpt lat="22.2639165450" lon="114.1971360166"><ele>400.000</ele></trkpt>
      <trkpt lat="22.2639199497" lon="114.1971355028"><ele>400.000</ele></trkpt>
      <trkpt lat="22.2639233633" lon="114.1971350279"><ele>400.000</ele></trkpt>
      <trkpt lat="22.2639267769" lon="114.1971345821"><ele>400.000</ele></trkpt>
      <trkpt lat="22.2639301996" lon="114.1971341751"><ele>400.000</ele></trkpt>
      <trkpt lat="22.2639336223" lon="114.1971337972"><ele>400.000</ele></trkpt>
      <trkpt lat="22.2639370449" lon="114.1971334581"><ele>400.000</ele></trkpt>
      <trkpt lat="22.2639404676" lon="114.1971331579"><ele>400.000</ele></trkpt>
      <trkpt lat="22.2639438993" lon="114.1971328867"><ele>400.000</ele></trkpt>
      <trkpt lat="22.2639473310" lon="114.1971326544"><ele>400.000</ele></trkpt>
      <trkpt lat="22.2639507626" lon="114.1971324511"><ele>400.000</ele></trkpt>
      <trkpt lat="22.2639542033" lon="114.1971322964"><ele>400.000</ele></trkpt>
      <trkpt lat="22.2639576350" lon="114.1971321610"><ele>400.000</ele></trkpt>
      <trkpt lat="22.2639610757" lon="114.1971320742"><ele>400.000</ele></trkpt>
      <trkpt lat="22.2639645164" lon="114.1971320165"><ele>400.000</ele></trkpt>
      <trkpt lat="22.2639679571" lon="114.1971319879"><ele>400.000</ele></trkpt>
      <trkpt lat="22.2639713887" lon="114.1971319981"><ele>400.000</ele></trkpt>
      <trkpt lat="22.2639748294" lon="114.1971320471"><ele>400.000</ele></trkpt>
      <trkpt lat="22.2639782700" lon="114.1971321349"><ele>400.000</ele></trkpt>
      <trkpt lat="22.2639817107" lon="114.1971322518"><ele>400.000</ele></trkpt>
      <trkpt lat="22.2639851423" lon="114.1971323978"><ele>400.000</ele></trkpt>
      <trkpt lat="22.2639885740" lon="114.1971325924"><ele>400.000</ele></trkpt>
      <trkpt lat="22.2639941548" lon="114.1971336701"><ele>400.000</ele></trkpt>
      <trkpt lat="22.2640009276" lon="114.1971349130"><ele>400.000</ele></trkpt>
      <trkpt lat="22.2640077185" lon="114.1971360782"><ele>400.000</ele></trkpt>
      <trkpt lat="22.2640145275" lon="114.1971371658"><ele>400.000</ele></trkpt>
      <trkpt lat="22.2640213365" lon="114.1971381855"><ele>400.000</ele></trkpt>
      <trkpt lat="22.2640281635" lon="114.1971391179"><ele>400.000</ele></trkpt>
      <trkpt lat="22.2640349906" lon="114.1971399824"><ele>400.000</ele></trkpt>
      <trkpt lat="22.2640418267" lon="114.1971407596"><ele>400.000</ele></trkpt>
      <trkpt lat="22.2640452493" lon="114.1971411288"><ele>400.000</ele></trkpt>
      <trkpt lat="22.2640521035" lon="114.1971417895"><ele>400.000</ele></trkpt>
      <trkpt lat="22.2640563479" lon="114.1971420521"><ele>400.000</ele></trkpt>
      <trkpt lat="22.2640597885" lon="114.1971422078"><ele>400.000</ele></trkpt>
      <trkpt lat="22.2640632202" lon="114.1971422956"><ele>400.000</ele></trkpt>
      <trkpt lat="22.2640666608" lon="114.1971423446"><ele>400.000</ele></trkpt>
      <trkpt lat="22.2640701015" lon="114.1971423257"><ele>400.000</ele></trkpt>
      <trkpt lat="22.2640735422" lon="114.1971422583"><ele>400.000</ele></trkpt>
      <trkpt lat="22.2640769739" lon="114.1971421327"><ele>400.000</ele></trkpt>
      <trkpt lat="22.2640804146" lon="114.1971419585"><ele>400.000</ele></trkpt>
      <trkpt lat="22.2640838462" lon="114.1971417262"><ele>400.000</ele></trkpt>
      <trkpt lat="22.2640872689" lon="114.1971414356"><ele>400.000</ele></trkpt>
      <trkpt lat="22.2640907006" lon="114.1971410965"><ele>400.000</ele></trkpt>
      <trkpt lat="22.2640941142" lon="114.1971406992"><ele>400.000</ele></trkpt>
      <trkpt lat="22.2640975279" lon="114.1971402437"><ele>400.000</ele></trkpt>
      <trkpt lat="22.2641009325" lon="114.1971397397"><ele>400.000</ele></trkpt>
      <trkpt lat="22.2641043371" lon="114.1971391774"><ele>400.000</ele></trkpt>
      <trkpt lat="22.2641077237" lon="114.1971385667"><ele>400.000</ele></trkpt>
      <trkpt lat="22.2641111103" lon="114.1971378977"><ele>400.000</ele></trkpt>
      <trkpt lat="22.2641144788" lon="114.1971371803"><ele>400.000</ele></trkpt>
      <trkpt lat="22.2641178473" lon="114.1971364046"><ele>400.000</ele></trkpt>
      <trkpt lat="22.2641211978" lon="114.1971355804"><ele>402.000</ele></trkpt>
      <trkpt lat="22.2641245393" lon="114.1971346980"><ele>402.000</ele></trkpt>
      <trkpt lat="22.2641286843" lon="114.1971347471"><ele>402.000</ele></trkpt>
      <trkpt lat="22.2641321250" lon="114.1971349028"><ele>402.000</ele></trkpt>
      <trkpt lat="22.2641355566" lon="114.1971351556"><ele>402.000</ele></trkpt>
      <trkpt lat="22.2641389792" lon="114.1971354956"><ele>402.000</ele></trkpt>
      <trkpt lat="22.2641423927" lon="114.1971359424"><ele>402.000</ele></trkpt>
      <trkpt lat="22.2641457972" lon="114.1971364862"><ele>402.000</ele></trkpt>
      <trkpt lat="22.2641491836" lon="114.1971371271"><ele>402.000</ele></trkpt>
      <trkpt lat="22.2641525520" lon="114.1971378552"><ele>402.000</ele></trkpt>
      <trkpt lat="22.2641559022" lon="114.1971386901"><ele>402.000</ele></trkpt>
      <trkpt lat="22.2641592344" lon="114.1971396123"><ele>402.000</ele></trkpt>
      <trkpt lat="22.2641625395" lon="114.1971406218"><ele>402.000</ele></trkpt>
      <trkpt lat="22.2641658175" lon="114.1971417380"><ele>402.000</ele></trkpt>
      <trkpt lat="22.2641899015" lon="114.1971478344"><ele>404.000</ele></trkpt>
      <trkpt lat="22.2641932608" lon="114.1971489312"><ele>404.000</ele></trkpt>
      <trkpt lat="22.2641966110" lon="114.1971497661"><ele>404.000</ele></trkpt>
      <trkpt lat="22.2641999974" lon="114.1971503681"><ele>404.000</ele></trkpt>
      <trkpt lat="22.2642034200" lon="114.1971507179"><ele>404.000</ele></trkpt>
      <trkpt lat="22.2642068607" lon="114.1971508251"><ele>404.000</ele></trkpt>
      <trkpt lat="22.2642102924" lon="114.1971506898"><ele>404.000</ele></trkpt>
      <trkpt lat="22.2642137150" lon="114.1971503022"><ele>404.000</ele></trkpt>
      <trkpt lat="22.2642171016" lon="114.1971496818"><ele>404.000</ele></trkpt>
      <trkpt lat="22.2642204521" lon="114.1971488187"><ele>404.000</ele></trkpt>
      <trkpt lat="22.2642237303" lon="114.1971477132"><ele>404.000</ele></trkpt>
      <trkpt lat="22.2642269364" lon="114.1971463844"><ele>403.000</ele></trkpt>
      <trkpt lat="22.2642300612" lon="114.1971448228"><ele>403.000</ele></trkpt>
      <trkpt lat="22.2642330777" lon="114.1971430478"><ele>403.000</ele></trkpt>
      <trkpt lat="22.2642359767" lon="114.1971410593"><ele>403.000</ele></trkpt>
      <trkpt lat="22.2642423344" lon="114.1971403131"><ele>403.000</ele></trkpt>
      <trkpt lat="22.2642457751" lon="114.1971401002"><ele>403.000</ele></trkpt>
      <trkpt lat="22.2642492068" lon="114.1971400327"><ele>403.000</ele></trkpt>
      <trkpt lat="22.2642526475" lon="114.1971401012"><ele>403.000</ele></trkpt>
      <trkpt lat="22.2642560791" lon="114.1971402957"><ele>403.000</ele></trkpt>
      <trkpt lat="22.2642595107" lon="114.1971406358"><ele>403.000</ele></trkpt>
      <trkpt lat="22.2642629152" lon="114.1971411020"><ele>403.000</ele></trkpt>
      <trkpt lat="22.2642663106" lon="114.1971417137"><ele>403.000</ele></trkpt>
      <trkpt lat="22.2642696790" lon="114.1971424515"><ele>403.000</ele></trkpt>
      <trkpt lat="22.2642736072" lon="114.1971435581"><ele>403.000</ele></trkpt>
      <trkpt lat="22.2642768581" lon="114.1971447423"><ele>403.000</ele></trkpt>
      <trkpt lat="22.2642800367" lon="114.1971461690"><ele>403.000</ele></trkpt>
      <trkpt lat="22.2642831159" lon="114.1971478091"><ele>404.000</ele></trkpt>
      <trkpt lat="22.2642860868" lon="114.1971496626"><ele>404.000</ele></trkpt>
      <trkpt lat="22.2642889402" lon="114.1971517296"><ele>404.000</ele></trkpt>
      <trkpt lat="22.2642916672" lon="114.1971539906"><ele>404.000</ele></trkpt>
      <trkpt lat="22.2642942406" lon="114.1971564359"><ele>404.000</ele></trkpt>
      <trkpt lat="22.2643192797" lon="114.1971798023"><ele>406.000</ele></trkpt>
      <trkpt lat="22.2643219704" lon="114.1971829850"><ele>406.000</ele></trkpt>
      <trkpt lat="22.2643244535" lon="114.1971855468"><ele>406.000</ele></trkpt>
      <trkpt lat="22.2643270721" lon="114.1971879436"><ele>406.000</ele></trkpt>
      <trkpt lat="22.2643298352" lon="114.1971901464"><ele>406.000</ele></trkpt>
      <trkpt lat="22.2643327067" lon="114.1971921745"><ele>406.000</ele></trkpt>
      <trkpt lat="22.2643356956" lon="114.1971939990"><ele>406.000</ele></trkpt>
      <trkpt lat="22.2643387930" lon="114.1971956197"><ele>406.000</ele></trkpt>
      <trkpt lat="22.2643419625" lon="114.1971970367"><ele>406.000</ele></trkpt>
      <trkpt lat="22.2643452225" lon="114.1971982305"><ele>408.000</ele></trkpt>
      <trkpt lat="22.2643506135" lon="114.1972001135"><ele>408.000</ele></trkpt>
      <trkpt lat="22.2643538102" lon="114.1972014820"><ele>408.000</ele></trkpt>
      <trkpt lat="22.2643569436" lon="114.1972030057"><ele>408.000</ele></trkpt>
      <trkpt lat="22.2643600048" lon="114.1972046943"><ele>408.000</ele></trkpt>
      <trkpt lat="22.2643629847" lon="114.1972065381"><ele>408.000</ele></trkpt>
      <trkpt lat="22.2643658743" lon="114.1972085372"><ele>408.000</ele></trkpt>
      <trkpt lat="22.2643686825" lon="114.1972106721"><ele>408.000</ele></trkpt>
      <trkpt lat="22.2643713824" lon="114.1972129622"><ele>408.000</ele></trkpt>
      <trkpt lat="22.2645068312" lon="114.1973003984"><ele>410.000</ele></trkpt>
      <trkpt lat="22.2645128814" lon="114.1973032226"><ele>410.000</ele></trkpt>
      <trkpt lat="22.2645159516" lon="114.1973049016"><ele>410.000</ele></trkpt>
      <trkpt lat="22.2645189496" lon="114.1973067163"><ele>410.000</ele></trkpt>
      <trkpt lat="22.2645218753" lon="114.1973086572"><ele>410.000</ele></trkpt>
      <trkpt lat="22.2645247197" lon="114.1973107241"><ele>410.000</ele></trkpt>
      <trkpt lat="22.2645274918" lon="114.1973129269"><ele>410.000</ele></trkpt>
      <trkpt lat="22.2645296587" lon="114.1973162842"><ele>410.000</ele></trkpt>
      <trkpt lat="22.2645317444" lon="114.1973192243"><ele>410.000</ele></trkpt>
      <trkpt lat="22.2645339476" lon="114.1973220673"><ele>410.000</ele></trkpt>
      <trkpt lat="22.2645362591" lon="114.1973248134"><ele>410.000</ele></trkpt>
      <trkpt lat="22.2645386699" lon="114.1973274430"><ele>410.000</ele></trkpt>
      <trkpt lat="22.2645411892" lon="114.1973299660"><ele>410.000</ele></trkpt>
      <trkpt lat="22.2645438077" lon="114.1973323628"><ele>410.000</ele></trkpt>
      <trkpt lat="22.2645492260" lon="114.1973336540"><ele>410.000</ele></trkpt>
      <trkpt lat="22.2645525491" lon="114.1973345956"><ele>410.000</ele></trkpt>
      <trkpt lat="22.2645558452" lon="114.1973356633"><ele>410.000</ele></trkpt>
      <trkpt lat="22.2645591051" lon="114.1973368280"><ele>410.000</ele></trkpt>
      <trkpt lat="22.2645623379" lon="114.1973381092"><ele>410.000</ele></trkpt>
      <trkpt lat="22.2645655165" lon="114.1973395068"><ele>410.000</ele></trkpt>
      <trkpt lat="22.2645686590" lon="114.1973410014"><ele>410.000</ele></trkpt>
      <trkpt lat="22.2645717563" lon="114.1973426124"><ele>412.000</ele></trkpt>
      <trkpt lat="22.2645748085" lon="114.1973443204"><ele>412.000</ele></trkpt>
      <trkpt lat="22.2645778064" lon="114.1973461351"><ele>412.000</ele></trkpt>
      <trkpt lat="22.2645807502" lon="114.1973480469"><ele>412.000</ele></trkpt>
      <trkpt lat="22.2645857348" lon="114.1973506672"><ele>412.000</ele></trkpt>
      <trkpt lat="22.2645887959" lon="114.1973523461"><ele>412.000</ele></trkpt>
      <trkpt lat="22.2645918391" lon="114.1973540833"><ele>412.000</ele></trkpt>
      <trkpt lat="22.2645948551" lon="114.1973558592"><ele>412.000</ele></trkpt>
      <trkpt lat="22.2645978440" lon="114.1973576934"><ele>412.000</ele></trkpt>
      <trkpt lat="22.2646008058" lon="114.1973595663"><ele>412.000</ele></trkpt>
      <trkpt lat="22.2646037405" lon="114.1973614878"><ele>412.000</ele></trkpt>
      <trkpt lat="22.2646066572" lon="114.1973634577"><ele>412.000</ele></trkpt>
      <trkpt lat="22.2646095377" lon="114.1973654665"><ele>412.000</ele></trkpt>
      <trkpt lat="22.2646124002" lon="114.1973675238"><ele>412.000</ele></trkpt>
      <trkpt lat="22.2646152265" lon="114.1973696296"><ele>412.000</ele></trkpt>
      <trkpt lat="22.2646180257" lon="114.1973717742"><ele>412.000</ele></trkpt>
      <trkpt lat="22.2646207979" lon="114.1973739673"><ele>412.000</ele></trkpt>
      <trkpt lat="22.2646235339" lon="114.1973761992"><ele>412.000</ele></trkpt>
      <trkpt lat="22.2646262428" lon="114.1973784796"><ele>412.000</ele></trkpt>
      <trkpt lat="22.2646289246" lon="114.1973807988"><ele>412.000</ele></trkpt>
      <trkpt lat="22.2646315703" lon="114.1973831665"><ele>412.000</ele></trkpt>
      <trkpt lat="22.2646341798" lon="114.1973855633"><ele>412.000</ele></trkpt>
      <trkpt lat="22.2646367623" lon="114.1973880087"><ele>412.000</ele></trkpt>
      <trkpt lat="22.2646393086" lon="114.1973904928"><ele>412.000</ele></trkpt>
      <trkpt lat="22.2646418188" lon="114.1973930157"><ele>412.000</ele></trkpt>
      <trkpt lat="22.2646569343" lon="114.1974070958"><ele>412.000</ele></trkpt>
      <trkpt lat="22.2646725104" lon="114.1974216417"><ele>413.000</ele></trkpt>
      <trkpt lat="22.2646880683" lon="114.1974362167"><ele>413.000</ele></trkpt>
      <trkpt lat="22.2647036082" lon="114.1974508110"><ele>413.000</ele></trkpt>
      <trkpt lat="22.2647071300" lon="114.1974527423"><ele>414.000</ele></trkpt>
      <trkpt lat="22.2647100737" lon="114.1974546346"><ele>414.000</ele></trkpt>
      <trkpt lat="22.2647129091" lon="114.1974567307"><ele>414.000</ele></trkpt>
      <trkpt lat="22.2647156089" lon="114.1974590208"><ele>414.000</ele></trkpt>
      <trkpt lat="22.2647181733" lon="114.1974614856"><ele>414.000</ele></trkpt>
      <trkpt lat="22.2647205842" lon="114.1974641249"><ele>414.000</ele></trkpt>
      <trkpt lat="22.2647228325" lon="114.1974669195"><ele>414.000</ele></trkpt>
      <trkpt lat="22.2647249091" lon="114.1974698693"><ele>414.000</ele></trkpt>
      <trkpt lat="22.2647268142" lon="114.1974729451"><ele>414.000</ele></trkpt>
      <trkpt lat="22.2647275090" lon="114.1974772530"><ele>414.000</ele></trkpt>
      <trkpt lat="22.2647284387" lon="114.1974808041"><ele>414.000</ele></trkpt>
      <trkpt lat="22.2647296755" lon="114.1974842583"><ele>414.000</ele></trkpt>
      <trkpt lat="22.2647312103" lon="114.1974875670"><ele>413.000</ele></trkpt>
      <trkpt lat="22.2647330251" lon="114.1974907108"><ele>413.000</ele></trkpt>
      <trkpt lat="22.2647351017" lon="114.1974936508"><ele>413.000</ele></trkpt>
      <trkpt lat="22.2647374313" lon="114.1974963775"><ele>413.000</ele></trkpt>
      <trkpt lat="22.2647399776" lon="114.1974988519"><ele>413.000</ele></trkpt>
      <trkpt lat="22.2647427317" lon="114.1975010644"><ele>413.000</ele></trkpt>
      <trkpt lat="22.2647456754" lon="114.1975029859"><ele>413.000</ele></trkpt>
      <trkpt lat="22.2647560600" lon="114.1975087311"><ele>414.000</ele></trkpt>
      <trkpt lat="22.2647652164" lon="114.1975138358"><ele>414.000</ele></trkpt>
      <trkpt lat="22.2647743548" lon="114.1975189793"><ele>414.000</ele></trkpt>
      <trkpt lat="22.2647834841" lon="114.1975241616"><ele>414.000</ele></trkpt>
      <trkpt lat="22.2647925863" lon="114.1975293731"><ele>414.000</ele></trkpt>
      <trkpt lat="22.2648016795" lon="114.1975346136"><ele>414.000</ele></trkpt>
      <trkpt lat="22.2648107547" lon="114.1975398929"><ele>414.000</ele></trkpt>
      <trkpt lat="22.2648198117" lon="114.1975452111"><ele>414.000</ele></trkpt>
      <trkpt lat="22.2648244171" lon="114.1975473947"><ele>414.000</ele></trkpt>
      <trkpt lat="22.2648275234" lon="114.1975489766"><ele>414.000</ele></trkpt>
      <trkpt lat="22.2648306027" lon="114.1975506168"><ele>414.000</ele></trkpt>
      <trkpt lat="22.2648336548" lon="114.1975523345"><ele>414.000</ele></trkpt>
      <trkpt lat="22.2648366618" lon="114.1975541202"><ele>414.000</ele></trkpt>
      <trkpt lat="22.2648396417" lon="114.1975559640"><ele>414.000</ele></trkpt>
      <trkpt lat="22.2648425854" lon="114.1975578855"><ele>414.000</ele></trkpt>
      <trkpt lat="22.2648454840" lon="114.1975598652"><ele>414.000</ele></trkpt>
      <trkpt lat="22.2648483465" lon="114.1975619128"><ele>414.000</ele></trkpt>
      <trkpt lat="22.2648511728" lon="114.1975640185"><ele>414.000</ele></trkpt>
      <trkpt lat="22.2648539540" lon="114.1975661922"><ele>414.000</ele></trkpt>
      <trkpt lat="22.2648566990" lon="114.1975684242"><ele>414.000</ele></trkpt>
      <trkpt lat="22.2648593989" lon="114.1975707240"><ele>414.000</ele></trkpt>
      <trkpt lat="22.2648620445" lon="114.1975730820"><ele>414.000</ele></trkpt>
      <trkpt lat="22.2648646541" lon="114.1975754885"><ele>414.000</ele></trkpt>
      <trkpt lat="22.2648672095" lon="114.1975779630"><ele>414.000</ele></trkpt>
      <trkpt lat="22.2648697197" lon="114.1975804859"><ele>414.000</ele></trkpt>
      <trkpt lat="22.2648721847" lon="114.1975830768"><ele>414.000</ele></trkpt>
      <trkpt lat="22.2648745955" lon="114.1975857161"><ele>415.000</ele></trkpt>
      <trkpt lat="22.2648769522" lon="114.1975884040"><ele>415.000</ele></trkpt>
      <trkpt lat="22.2648792547" lon="114.1975911500"><ele>415.000</ele></trkpt>
      <trkpt lat="22.2648815120" lon="114.1975939446"><ele>415.000</ele></trkpt>
      <trkpt lat="22.2648837061" lon="114.1975967877"><ele>415.000</ele></trkpt>
      <trkpt lat="22.2648858550" lon="114.1975996793"><ele>416.000</ele></trkpt>
      <trkpt lat="22.2648879407" lon="114.1976026193"><ele>416.000</ele></trkpt>
      <trkpt lat="22.2648899722" lon="114.1976055982"><ele>416.000</ele></trkpt>
      <trkpt lat="22.2648919405" lon="114.1976086353"><ele>416.000</ele></trkpt>
      <trkpt lat="22.2648938546" lon="114.1976117112"><ele>416.000</ele></trkpt>
      <trkpt lat="22.2648957055" lon="114.1976148259"><ele>416.000</ele></trkpt>
      <trkpt lat="22.2648975022" lon="114.1976179793"><ele>416.000</ele></trkpt>
      <trkpt lat="22.2648992266" lon="114.1976211716"><ele>416.000</ele></trkpt>
      <trkpt lat="22.2649008969" lon="114.1976244124"><ele>416.000</ele></trkpt>
      <trkpt lat="22.2649028830" lon="114.1976295258"><ele>416.000</ele></trkpt>
      <trkpt lat="22.2649045081" lon="114.1976327859"><ele>416.000</ele></trkpt>
      <trkpt lat="22.2649063590" lon="114.1976359006"><ele>416.000</ele></trkpt>
      <trkpt lat="22.2649084266" lon="114.1976388504"><ele>416.000</ele></trkpt>
      <trkpt lat="22.2649107020" lon="114.1976416256"><ele>416.000</ele></trkpt>
      <trkpt lat="22.2649131670" lon="114.1976442067"><ele>416.000</ele></trkpt>
      <trkpt lat="22.2649158037" lon="114.1976465744"><ele>416.000</ele></trkpt>
      <trkpt lat="22.2649186119" lon="114.1976487093"><ele>416.000</ele></trkpt>
      <trkpt lat="22.2649215557" lon="114.1976506114"><ele>416.000</ele></trkpt>
      <trkpt lat="22.2649246349" lon="114.1976522709"><ele>416.000</ele></trkpt>
      <trkpt lat="22.2649278135" lon="114.1976536588"><ele>416.000</ele></trkpt>
      <trkpt lat="22.2649310915" lon="114.1976547945"><ele>416.000</ele></trkpt>
      <trkpt lat="22.2649344327" lon="114.1976556391"><ele>416.000</ele></trkpt>
      <trkpt lat="22.2649406002" lon="114.1976591231"><ele>416.000</ele></trkpt>
      <trkpt lat="22.2649466684" lon="114.1976626071"><ele>416.000</ele></trkpt>
      <trkpt lat="22.2649496934" lon="114.1976643636"><ele>416.000</ele></trkpt>
      <trkpt lat="22.2649557254" lon="114.1976679058"><ele>416.000</ele></trkpt>
      <trkpt lat="22.2649617394" lon="114.1976714965"><ele>416.000</ele></trkpt>
      <trkpt lat="22.2649677263" lon="114.1976751357"><ele>416.000</ele></trkpt>
      <trkpt lat="22.2649736951" lon="114.1976788138"><ele>416.000</ele></trkpt>
      <trkpt lat="22.2649796367" lon="114.1976825306"><ele>418.000</ele></trkpt>
      <trkpt lat="22.2649855604" lon="114.1976862959"><ele>418.000</ele></trkpt>
      <trkpt lat="22.2649914569" lon="114.1976901001"><ele>418.000</ele></trkpt>
      <trkpt lat="22.2649973263" lon="114.1976939527"><ele>418.000</ele></trkpt>
      <trkpt lat="22.2650022117" lon="114.1976959230"><ele>418.000</ele></trkpt>
      <trkpt lat="22.2650052638" lon="114.1976976213"><ele>418.000</ele></trkpt>
      <trkpt lat="22.2650081534" lon="114.1976996301"><ele>418.000</ele></trkpt>
      <trkpt lat="22.2650108532" lon="114.1977019202"><ele>418.000</ele></trkpt>
      <trkpt lat="22.2650133454" lon="114.1977044723"><ele>418.000</ele></trkpt>
      <trkpt lat="22.2650155936" lon="114.1977072571"><ele>418.000</ele></trkpt>
      <trkpt lat="22.2650175981" lon="114.1977102651"><ele>418.000</ele></trkpt>
      <trkpt lat="22.2650193225" lon="114.1977134671"><ele>418.000</ele></trkpt>
      <trkpt lat="22.2650207579" lon="114.1977168243"><ele>418.000</ele></trkpt>
      <trkpt lat="22.2650235114" lon="114.1977235289"><ele>418.000</ele></trkpt>
      <trkpt lat="22.2650249830" lon="114.1977268667"><ele>418.000</ele></trkpt>
      <trkpt lat="22.2650265178" lon="114.1977301754"><ele>418.000</ele></trkpt>
      <trkpt lat="22.2650280977" lon="114.1977334647"><ele>418.000</ele></trkpt>
      <trkpt lat="22.2650297409" lon="114.1977367055"><ele>418.000</ele></trkpt>
      <trkpt lat="22.2650314473" lon="114.1977399269"><ele>418.000</ele></trkpt>
      <trkpt lat="22.2650331988" lon="114.1977431094"><ele>418.000</ele></trkpt>
      <trkpt lat="22.2650350045" lon="114.1977462532"><ele>418.000</ele></trkpt>
      <trkpt lat="22.2650368735" lon="114.1977493582"><ele>418.000</ele></trkpt>
      <trkpt lat="22.2650387876" lon="114.1977524341"><ele>418.000</ele></trkpt>
      <trkpt lat="22.2650407559" lon="114.1977554712"><ele>418.000</ele></trkpt>
      <trkpt lat="22.2650427783" lon="114.1977584598"><ele>418.000</ele></trkpt>
      <trkpt lat="22.2650448460" lon="114.1977614096"><ele>418.000</ele></trkpt>
      <trkpt lat="22.2650469678" lon="114.1977643205"><ele>418.000</ele></trkpt>
      <trkpt lat="22.2650491438" lon="114.1977671927"><ele>418.000</ele></trkpt>
      <trkpt lat="22.2650513560" lon="114.1977700164"><ele>418.000</ele></trkpt>
      <trkpt lat="22.2650558345" lon="114.1977750234"><ele>418.000</ele></trkpt>
      <trkpt lat="22.2650581280" lon="114.1977777792"><ele>418.000</ele></trkpt>
      <trkpt lat="22.2650603582" lon="114.1977805931"><ele>418.000</ele></trkpt>
      <trkpt lat="22.2650625161" lon="114.1977834750"><ele>418.000</ele></trkpt>
      <trkpt lat="22.2650646109" lon="114.1977864054"><ele>418.000</ele></trkpt>
      <trkpt lat="22.2650666333" lon="114.1977894037"><ele>420.000</ele></trkpt>
      <trkpt lat="22.2650685836" lon="114.1977924505"><ele>420.000</ele></trkpt>
      <trkpt lat="22.2650704615" lon="114.1977955458"><ele>420.000</ele></trkpt>
      <trkpt lat="22.2650722673" lon="114.1977986896"><ele>420.000</ele></trkpt>
      <trkpt lat="22.2650740007" lon="114.1978018915"><ele>420.000</ele></trkpt>
      <trkpt lat="22.2650756529" lon="114.1978051323"><ele>420.000</ele></trkpt>
      <trkpt lat="22.2650772329" lon="114.1978084216"><ele>420.000</ele></trkpt>
      <trkpt lat="22.2650787315" lon="114.1978117497"><ele>420.000</ele></trkpt>
      <trkpt lat="22.2650801489" lon="114.1978151166"><ele>420.000</ele></trkpt>
      <trkpt lat="22.2650814940" lon="114.1978185223"><ele>420.000</ele></trkpt>
      <trkpt lat="22.2650823782" lon="114.1978251199"><ele>420.000</ele></trkpt>
      <trkpt lat="22.2650834614" lon="114.1978286226"><ele>418.000</ele></trkpt>
      <trkpt lat="22.2650849601" lon="114.1978319506"><ele>418.000</ele></trkpt>
      <trkpt lat="22.2650868381" lon="114.1978350459"><ele>418.000</ele></trkpt>
      <trkpt lat="22.2650890683" lon="114.1978378599"><ele>418.000</ele></trkpt>
      <trkpt lat="22.2650916056" lon="114.1978403538"><ele>418.000</ele></trkpt>
      <trkpt lat="22.2650944228" lon="114.1978424693"><ele>418.000</ele></trkpt>
      <trkpt lat="22.2650974660" lon="114.1978441870"><ele>418.000</ele></trkpt>
      <trkpt lat="22.2651006897" lon="114.1978454682"><ele>418.000</ele></trkpt>
      <trkpt lat="22.2651040400" lon="114.1978462934"><ele>418.000</ele></trkpt>
      <trkpt lat="22.2651074626" lon="114.1978466626"><ele>418.000</ele></trkpt>
      <trkpt lat="22.2651108942" lon="114.1978465564"><ele>418.000</ele></trkpt>
      <trkpt lat="22.2651228235" lon="114.1978484986"><ele>420.000</ele></trkpt>
      <trkpt lat="22.2651271311" lon="114.1978487321"><ele>420.000</ele></trkpt>
      <trkpt lat="22.2651305356" lon="114.1978492468"><ele>420.000</ele></trkpt>
      <trkpt lat="22.2651338949" lon="114.1978500429"><ele>420.000</ele></trkpt>
      <trkpt lat="22.2651371819" lon="114.1978511300"><ele>420.000</ele></trkpt>
      <trkpt lat="22.2651403785" lon="114.1978524888"><ele>420.000</ele></trkpt>
      <trkpt lat="22.2651434668" lon="114.1978541193"><ele>420.000</ele></trkpt>
      <trkpt lat="22.2651489928" lon="114.1978600287"><ele>420.000</ele></trkpt>
      <trkpt lat="22.2651562886" lon="114.1978678692"><ele>420.000</ele></trkpt>
      <trkpt lat="22.2651635663" lon="114.1978757388"><ele>420.000</ele></trkpt>
      <trkpt lat="22.2651708078" lon="114.1978836375"><ele>420.000</ele></trkpt>
      <trkpt lat="22.2651741307" lon="114.1978864225"><ele>420.000</ele></trkpt>
      <trkpt lat="22.2651769480" lon="114.1978885478"><ele>420.000</ele></trkpt>
      <trkpt lat="22.2651798466" lon="114.1978905371"><ele>420.000</ele></trkpt>
      <trkpt lat="22.2651828175" lon="114.1978923907"><ele>420.000</ele></trkpt>
      <trkpt lat="22.2651858696" lon="114.1978941085"><ele>420.000</ele></trkpt>
      <trkpt lat="22.2651889850" lon="114.1978956710"><ele>420.000</ele></trkpt>
      <trkpt lat="22.2651921545" lon="114.1978970977"><ele>420.000</ele></trkpt>
      <trkpt lat="22.2651953873" lon="114.1978983595"><ele>420.000</ele></trkpt>
      <trkpt lat="22.2651986653" lon="114.1978994854"><ele>420.000</ele></trkpt>
      <trkpt lat="22.2652019885" lon="114.1979004464"><ele>420.000</ele></trkpt>
      <trkpt lat="22.2652053388" lon="114.1979012522"><ele>420.000</ele></trkpt>
      <trkpt lat="22.2652087252" lon="114.1979018931"><ele>420.000</ele></trkpt>
      <trkpt lat="22.2652121297" lon="114.1979023884"><ele>420.000</ele></trkpt>
      <trkpt lat="22.2652155613" lon="114.1979027188"><ele>420.000</ele></trkpt>
      <trkpt lat="22.2652189929" lon="114.1979028842"><ele>420.000</ele></trkpt>
      <trkpt lat="22.2652224336" lon="114.1979028848"><ele>420.000</ele></trkpt>
      <trkpt lat="22.2652258652" lon="114.1979027300"><ele>420.000</ele></trkpt>
      <trkpt lat="22.2652314371" lon="114.1979028473"><ele>420.000</ele></trkpt>
      <trkpt lat="22.2652348778" lon="114.1979029739"><ele>420.000</ele></trkpt>
      <trkpt lat="22.2652383094" lon="114.1979031297"><ele>420.000</ele></trkpt>
      <trkpt lat="22.2652417501" lon="114.1979033339"><ele>420.000</ele></trkpt>
      <trkpt lat="22.2652451817" lon="114.1979035770"><ele>420.000</ele></trkpt>
      <trkpt lat="22.2652486043" lon="114.1979038492"><ele>420.000</ele></trkpt>
      <trkpt lat="22.2652520359" lon="114.1979041699"><ele>420.000</ele></trkpt>
      <trkpt lat="22.2652554585" lon="114.1979045294"><ele>420.000</ele></trkpt>
      <trkpt lat="22.2652588720" lon="114.1979049180"><ele>420.000</ele></trkpt>
      <trkpt lat="22.2652622946" lon="114.1979053551"><ele>420.000</ele></trkpt>
      <trkpt lat="22.2652656991" lon="114.1979058213"><ele>420.000</ele></trkpt>
      <trkpt lat="22.2652691035" lon="114.1979063360"><ele>420.000</ele></trkpt>
      <trkpt lat="22.2652725080" lon="114.1979068799"><ele>420.000</ele></trkpt>
      <trkpt lat="22.2652759035" lon="114.1979074722"><ele>420.000</ele></trkpt>
      <trkpt lat="22.2652792899" lon="114.1979080937"><ele>420.000</ele></trkpt>
      <trkpt lat="22.2652826763" lon="114.1979087636"><ele>420.000</ele></trkpt>
      <trkpt lat="22.2652860537" lon="114.1979094627"><ele>420.000</ele></trkpt>
      <trkpt lat="22.2652894220" lon="114.1979102006"><ele>420.000</ele></trkpt>
      <trkpt lat="22.2652927813" lon="114.1979109772"><ele>420.000</ele></trkpt>
      <trkpt lat="22.2652961406" lon="114.1979117927"><ele>420.000</ele></trkpt>
      <trkpt lat="22.2652994818" lon="114.1979126470"><ele>420.000</ele></trkpt>
      <trkpt lat="22.2653041867" lon="114.1979135986"><ele>420.000</ele></trkpt>
      <trkpt lat="22.2653075912" lon="114.1979141424"><ele>420.000</ele></trkpt>
      <trkpt lat="22.2653110047" lon="114.1979145601"><ele>420.000</ele></trkpt>
      <trkpt lat="22.2653144363" lon="114.1979148517"><ele>420.000</ele></trkpt>
      <trkpt lat="22.2653178679" lon="114.1979150171"><ele>420.000</ele></trkpt>
      <trkpt lat="22.2653213086" lon="114.1979150662"><ele>420.000</ele></trkpt>
      <trkpt lat="22.2653247493" lon="114.1979149988"><ele>420.000</ele></trkpt>
      <trkpt lat="22.2653281810" lon="114.1979147955"><ele>420.000</ele></trkpt>
      <trkpt lat="22.2653316127" lon="114.1979144759"><ele>420.000</ele></trkpt>
      <trkpt lat="22.2653350263" lon="114.1979140398"><ele>420.000</ele></trkpt>
      <trkpt lat="22.2653404629" lon="114.1979133614"><ele>420.000</ele></trkpt>
      <trkpt lat="22.2653438855" lon="114.1979129642"><ele>420.000</ele></trkpt>
      <trkpt lat="22.2653507218" lon="114.1979122084"><ele>420.000</ele></trkpt>
      <trkpt lat="22.2653541445" lon="114.1979118596"><ele>420.000</ele></trkpt>
      <trkpt lat="22.2653575762" lon="114.1979115206"><ele>420.000</ele></trkpt>
      <trkpt lat="22.2653644215" lon="114.1979108910"><ele>420.000</ele></trkpt>
      <trkpt lat="22.2653712849" lon="114.1979103196"><ele>420.000</ele></trkpt>
      <trkpt lat="22.2653747166" lon="114.1979100678"><ele>420.000</ele></trkpt>
      <trkpt lat="22.2653781482" lon="114.1979098161"><ele>420.000</ele></trkpt>
      <trkpt lat="22.2653850116" lon="114.1979093805"><ele>420.000</ele></trkpt>
      <trkpt lat="22.2653918840" lon="114.1979089934"><ele>420.000</ele></trkpt>
      <trkpt lat="22.2653987473" lon="114.1979086743"><ele>420.000</ele></trkpt>
      <trkpt lat="22.2654056287" lon="114.1979084231"><ele>420.000</ele></trkpt>
      <trkpt lat="22.2654109658" lon="114.1979086373"><ele>420.000</ele></trkpt>
      <trkpt lat="22.2654143974" lon="114.1979088222"><ele>420.000</ele></trkpt>
      <trkpt lat="22.2654178290" lon="114.1979090458"><ele>420.000</ele></trkpt>
      <trkpt lat="22.2654212606" lon="114.1979093083"><ele>420.000</ele></trkpt>
      <trkpt lat="22.2654246923" lon="114.1979096096"><ele>420.000</ele></trkpt>
      <trkpt lat="22.2654281148" lon="114.1979099497"><ele>420.000</ele></trkpt>
      <trkpt lat="22.2654315374" lon="114.1979103286"><ele>420.000</ele></trkpt>
      <trkpt lat="22.2654369107" lon="114.1979095435"><ele>420.000</ele></trkpt>
      <trkpt lat="22.2654403334" lon="114.1979091365"><ele>420.000</ele></trkpt>
      <trkpt lat="22.2654437561" lon="114.1979087975"><ele>420.000</ele></trkpt>
      <trkpt lat="22.2654471878" lon="114.1979085360"><ele>420.000</ele></trkpt>
      <trkpt lat="22.2654506194" lon="114.1979083425"><ele>420.000</ele></trkpt>
      <trkpt lat="22.2654540601" lon="114.1979082266"><ele>420.000</ele></trkpt>
      <trkpt lat="22.2654574918" lon="114.1979081786"><ele>420.000</ele></trkpt>
      <trkpt lat="22.2654609325" lon="114.1979081985"><ele>420.000</ele></trkpt>
      <trkpt lat="22.2654643731" lon="114.1979082960"><ele>420.000</ele></trkpt>
      <trkpt lat="22.2654678047" lon="114.1979084615"><ele>420.000</ele></trkpt>
      <trkpt lat="22.2654712364" lon="114.1979087045"><ele>420.000</ele></trkpt>
      <trkpt lat="22.2654746680" lon="114.1979090155"><ele>420.000</ele></trkpt>
      <trkpt lat="22.2654780815" lon="114.1979093944"><ele>420.000</ele></trkpt>
      <trkpt lat="22.2654814950" lon="114.1979098510"><ele>420.000</ele></trkpt>
      <trkpt lat="22.2654848995" lon="114.1979103754"><ele>420.000</ele></trkpt>
      <trkpt lat="22.2654882950" lon="114.1979109774"><ele>420.000</ele></trkpt>
      <trkpt lat="22.2654916814" lon="114.1979116377"><ele>420.000</ele></trkpt>
      <trkpt lat="22.2654950497" lon="114.1979123756"><ele>420.000</ele></trkpt>
      <trkpt lat="22.2654988063" lon="114.1979134434"><ele>420.000</ele></trkpt>
      <trkpt lat="22.2655021295" lon="114.1979144238"><ele>420.000</ele></trkpt>
      <trkpt lat="22.2655054346" lon="114.1979154430"><ele>420.000</ele></trkpt>
      <trkpt lat="22.2655087306" lon="114.1979164914"><ele>420.000</ele></trkpt>
      <trkpt lat="22.2655120176" lon="114.1979175785"><ele>420.000</ele></trkpt>
      <trkpt lat="22.2655152956" lon="114.1979186948"><ele>420.000</ele></trkpt>
      <trkpt lat="22.2655185646" lon="114.1979198401"><ele>420.000</ele></trkpt>
      <trkpt lat="22.2655218245" lon="114.1979210340"><ele>420.000</ele></trkpt>
      <trkpt lat="22.2655250663" lon="114.1979222472"><ele>420.000</ele></trkpt>
      <trkpt lat="22.2655282991" lon="114.1979234993"><ele>420.000</ele></trkpt>
      <trkpt lat="22.2655315229" lon="114.1979247902"><ele>420.000</ele></trkpt>
      <trkpt lat="22.2655347377" lon="114.1979261102"><ele>420.000</ele></trkpt>
      <trkpt lat="22.2655379434" lon="114.1979274593"><ele>420.000</ele></trkpt>
      <trkpt lat="22.2655411310" lon="114.1979288472"><ele>420.000</ele></trkpt>
      <trkpt lat="22.2655443006" lon="114.1979302642"><ele>420.000</ele></trkpt>
      <trkpt lat="22.2655474702" lon="114.1979317200"><ele>420.000</ele></trkpt>
      <trkpt lat="22.2655506126" lon="114.1979332049"><ele>420.000</ele></trkpt>
      <trkpt lat="22.2655537551" lon="114.1979347189"><ele>420.000</ele></trkpt>
      <trkpt lat="22.2655568705" lon="114.1979362718"><ele>420.000</ele></trkpt>
      <trkpt lat="22.2655599858" lon="114.1979378537"><ele>420.000</ele></trkpt>
      <trkpt lat="22.2655654762" lon="114.1979397271"><ele>421.000</ele></trkpt>
      <trkpt lat="22.2655687813" lon="114.1979407754"><ele>421.000</ele></trkpt>
      <trkpt lat="22.2655720954" lon="114.1979417655"><ele>421.000</ele></trkpt>
      <trkpt lat="22.2655754186" lon="114.1979426974"><ele>421.000</ele></trkpt>
      <trkpt lat="22.2655787598" lon="114.1979435808"><ele>421.000</ele></trkpt>
      <trkpt lat="22.2655821101" lon="114.1979444060"><ele>421.000</ele></trkpt>
      <trkpt lat="22.2655854784" lon="114.1979451730"><ele>421.000</ele></trkpt>
      <trkpt lat="22.2655888468" lon="114.1979458818"><ele>421.000</ele></trkpt>
      <trkpt lat="22.2655922332" lon="114.1979465324"><ele>421.000</ele></trkpt>
      <trkpt lat="22.2655956286" lon="114.1979471344"><ele>421.000</ele></trkpt>
      <trkpt lat="22.2655990331" lon="114.1979476782"><ele>421.000</ele></trkpt>
      <trkpt lat="22.2656024376" lon="114.1979481542"><ele>421.000</ele></trkpt>
      <trkpt lat="22.2656058602" lon="114.1979485816"><ele>421.000</ele></trkpt>
      <trkpt lat="22.2656211030" lon="114.1979553463"><ele>422.000</ele></trkpt>
      <trkpt lat="22.2656369780" lon="114.1979624314"><ele>422.000</ele></trkpt>
      <trkpt lat="22.2656528439" lon="114.1979695649"><ele>422.000</ele></trkpt>
      <trkpt lat="22.2656655222" lon="114.1979753106"><ele>422.000</ele></trkpt>
      <trkpt lat="22.2656701905" lon="114.1979798325"><ele>422.000</ele></trkpt>
      <trkpt lat="22.2656726826" lon="114.1979823749"><ele>422.000</ele></trkpt>
      <trkpt lat="22.2656751476" lon="114.1979849657"><ele>422.000</ele></trkpt>
      <trkpt lat="22.2656775675" lon="114.1979875954"><ele>422.000</ele></trkpt>
      <trkpt lat="22.2656799422" lon="114.1979902639"><ele>422.000</ele></trkpt>
      <trkpt lat="22.2656822808" lon="114.1979929809"><ele>422.000</ele></trkpt>
      <trkpt lat="22.2656845742" lon="114.1979957270"><ele>422.000</ele></trkpt>
      <trkpt lat="22.2656868225" lon="114.1979985313"><ele>422.000</ele></trkpt>
      <trkpt lat="22.2656890347" lon="114.1980013647"><ele>422.000</ele></trkpt>
      <trkpt lat="22.2656911926" lon="114.1980042368"><ele>422.000</ele></trkpt>
      <trkpt lat="22.2656933144" lon="114.1980071478"><ele>422.000</ele></trkpt>
      <trkpt lat="22.2656953911" lon="114.1980100976"><ele>422.000</ele></trkpt>
      <trkpt lat="22.2656974226" lon="114.1980130862"><ele>422.000</ele></trkpt>
      <trkpt lat="22.2656993999" lon="114.1980161136"><ele>422.000</ele></trkpt>
      <trkpt lat="22.2657013321" lon="114.1980191702"><ele>422.000</ele></trkpt>
      <trkpt lat="22.2657032191" lon="114.1980222655"><ele>424.000</ele></trkpt>
      <trkpt lat="22.2657050609" lon="114.1980253899"><ele>424.000</ele></trkpt>
      <trkpt lat="22.2657068486" lon="114.1980285434"><ele>424.000</ele></trkpt>
      <trkpt lat="22.2657085911" lon="114.1980317357"><ele>424.000</ele></trkpt>
      <trkpt lat="22.2657102884" lon="114.1980349571"><ele>424.000</ele></trkpt>
      <trkpt lat="22.2657119316" lon="114.1980382076"><ele>424.000</ele></trkpt>
      <trkpt lat="22.2657135205" lon="114.1980414872"><ele>424.000</ele></trkpt>
      <trkpt lat="22.2657150644" lon="114.1980447862"><ele>424.000</ele></trkpt>
      <trkpt lat="22.2657165540" lon="114.1980481240"><ele>424.000</ele></trkpt>
      <trkpt lat="22.2657179894" lon="114.1980514812"><ele>424.000</ele></trkpt>
      <trkpt lat="22.2657193797" lon="114.1980548675"><ele>424.000</ele></trkpt>
      <trkpt lat="22.2657207068" lon="114.1980582829"><ele>424.000</ele></trkpt>
      <trkpt lat="22.2657236864" lon="114.1980616306"><ele>424.000</ele></trkpt>
      <trkpt lat="22.2657258534" lon="114.1980645028"><ele>424.000</ele></trkpt>
      <trkpt lat="22.2657278307" lon="114.1980675302"><ele>424.000</ele></trkpt>
      <trkpt lat="22.2657296003" lon="114.1980707031"><ele>424.000</ele></trkpt>
      <trkpt lat="22.2657311532" lon="114.1980739924"><ele>424.000</ele></trkpt>
      <trkpt lat="22.2657324983" lon="114.1980773981"><ele>424.000</ele></trkpt>
      <trkpt lat="22.2657336086" lon="114.1980809008"><ele>424.000</ele></trkpt>
      <trkpt lat="22.2657344841" lon="114.1980844811"><ele>424.000</ele></trkpt>
      <trkpt lat="22.2657351248" lon="114.1980881098"><ele>424.000</ele></trkpt>
      <trkpt lat="22.2657355307" lon="114.1980917870"><ele>424.000</ele></trkpt>
      <trkpt lat="22.2657356837" lon="114.1980954836"><ele>424.000</ele></trkpt>
      <trkpt lat="22.2657354393" lon="114.1981003735"><ele>424.000</ele></trkpt>
      <trkpt lat="22.2657359084" lon="114.1981040314"><ele>424.000</ele></trkpt>
      <trkpt lat="22.2657369194" lon="114.1981075631"><ele>424.000</ele></trkpt>
      <trkpt lat="22.2657384451" lon="114.1981108718"><ele>424.000</ele></trkpt>
      <trkpt lat="22.2657404586" lon="114.1981138701"><ele>424.000</ele></trkpt>
      <trkpt lat="22.2657428875" lon="114.1981164804"><ele>424.000</ele></trkpt>
      <trkpt lat="22.2657456776" lon="114.1981186250"><ele>426.000</ele></trkpt>
      <trkpt lat="22.2657487659" lon="114.1981202555"><ele>426.000</ele></trkpt>
      <trkpt lat="22.2657520529" lon="114.1981213329"><ele>426.000</ele></trkpt>
      <trkpt lat="22.2657554574" lon="114.1981218186"><ele>426.000</ele></trkpt>
      <trkpt lat="22.2657600718" lon="114.1981237403"><ele>426.000</ele></trkpt>
      <trkpt lat="22.2657630969" lon="114.1981254872"><ele>426.000</ele></trkpt>
      <trkpt lat="22.2657659503" lon="114.1981275445"><ele>426.000</ele></trkpt>
      <trkpt lat="22.2657686050" lon="114.1981299025"><ele>426.000</ele></trkpt>
      <trkpt lat="22.2657710249" lon="114.1981325322"><ele>426.000</ele></trkpt>
      <trkpt lat="22.2657731918" lon="114.1981353947"><ele>426.000</ele></trkpt>
      <trkpt lat="22.2657750879" lon="114.1981384803"><ele>426.000</ele></trkpt>
      <trkpt lat="22.2657766859" lon="114.1981417599"><ele>426.000</ele></trkpt>
      <trkpt lat="22.2657779678" lon="114.1981451850"><ele>426.000</ele></trkpt>
      <trkpt lat="22.2657804327" lon="114.1981486976"><ele>426.000</ele></trkpt>
      <trkpt lat="22.2657825997" lon="114.1981515698"><ele>426.000</ele></trkpt>
      <trkpt lat="22.2657848570" lon="114.1981543644"><ele>426.000</ele></trkpt>
      <trkpt lat="22.2657871865" lon="114.1981570814"><ele>426.000</ele></trkpt>
      <trkpt lat="22.2657895974" lon="114.1981597208"><ele>426.000</ele></trkpt>
      <trkpt lat="22.2657920804" lon="114.1981622729"><ele>426.000</ele></trkpt>
      <trkpt lat="22.2657946358" lon="114.1981647473"><ele>426.000</ele></trkpt>
      <trkpt lat="22.2657972634" lon="114.1981671345"><ele>428.000</ele></trkpt>
      <trkpt lat="22.2657999633" lon="114.1981694246"><ele>428.000</ele></trkpt>
      <trkpt lat="22.2658027264" lon="114.1981716275"><ele>428.000</ele></trkpt>
      <trkpt lat="22.2658055527" lon="114.1981737333"><ele>428.000</ele></trkpt>
      <trkpt lat="22.2658084422" lon="114.1981757421"><ele>428.000</ele></trkpt>
      <trkpt lat="22.2658113860" lon="114.1981776539"><ele>428.000</ele></trkpt>
      <trkpt lat="22.2658143839" lon="114.1981794687"><ele>428.000</ele></trkpt>
      <trkpt lat="22.2658174270" lon="114.1981811767"><ele>428.000</ele></trkpt>
      <trkpt lat="22.2658205333" lon="114.1981827781"><ele>428.000</ele></trkpt>
      <trkpt lat="22.2658236758" lon="114.1981842824"><ele>428.000</ele></trkpt>
      <trkpt lat="22.2658298886" lon="114.1981862723"><ele>428.000</ele></trkpt>
      <trkpt lat="22.2658331034" lon="114.1981875632"><ele>428.000</ele></trkpt>
      <trkpt lat="22.2658362639" lon="114.1981890287"><ele>428.000</ele></trkpt>
      <trkpt lat="22.2658393522" lon="114.1981906495"><ele>428.000</ele></trkpt>
      <trkpt lat="22.2658423682" lon="114.1981924254"><ele>428.000</ele></trkpt>
      <trkpt lat="22.2658452939" lon="114.1981943663"><ele>428.000</ele></trkpt>
      <trkpt lat="22.2658481383" lon="114.1981964430"><ele>428.000</ele></trkpt>
      <trkpt lat="22.2658508833" lon="114.1981986750"><ele>428.000</ele></trkpt>
      <trkpt lat="22.2658535289" lon="114.1982010427"><ele>428.000</ele></trkpt>
      <trkpt lat="22.2658560572" lon="114.1982035366"><ele>428.000</ele></trkpt>
      <trkpt lat="22.2658584771" lon="114.1982061663"><ele>428.000</ele></trkpt>
      <trkpt lat="22.2658607795" lon="114.1982089124"><ele>428.000</ele></trkpt>
      <trkpt lat="22.2658629555" lon="114.1982117749"><ele>428.000</ele></trkpt>
      <trkpt lat="22.2658650051" lon="114.1982147538"><ele>429.000</ele></trkpt>
      <trkpt lat="22.2658675240" lon="114.1982197314"><ele>429.000</ele></trkpt>
      <trkpt lat="22.2658692213" lon="114.1982229529"><ele>429.000</ele></trkpt>
      <trkpt lat="22.2658709548" lon="114.1982261452"><ele>429.000</ele></trkpt>
      <trkpt lat="22.2658727334" lon="114.1982293084"><ele>429.000</ele></trkpt>
      <trkpt lat="22.2658745572" lon="114.1982324522"><ele>429.000</ele></trkpt>
      <trkpt lat="22.2658764171" lon="114.1982355572"><ele>429.000</ele></trkpt>
      <trkpt lat="22.2658783222" lon="114.1982386428"><ele>429.000</ele></trkpt>
      <trkpt lat="22.2658802543" lon="114.1982416993"><ele>430.000</ele></trkpt>
      <trkpt lat="22.2658822407" lon="114.1982447170"><ele>430.000</ele></trkpt>
      <trkpt lat="22.2658842541" lon="114.1982477153"><ele>430.000</ele></trkpt>
      <trkpt lat="22.2658863127" lon="114.1982506749"><ele>430.000</ele></trkpt>
      <trkpt lat="22.2658884074" lon="114.1982536150"><ele>430.000</ele></trkpt>
      <trkpt lat="22.2658905473" lon="114.1982565163"><ele>430.000</ele></trkpt>
      <trkpt lat="22.2658927143" lon="114.1982593788"><ele>430.000</ele></trkpt>
      <trkpt lat="22.2658949174" lon="114.1982622219"><ele>430.000</ele></trkpt>
      <trkpt lat="22.2658971657" lon="114.1982650165"><ele>430.000</ele></trkpt>
      <trkpt lat="22.2658994501" lon="114.1982677917"><ele>430.000</ele></trkpt>
      <trkpt lat="22.2659017615" lon="114.1982705184"><ele>430.000</ele></trkpt>
      <trkpt lat="22.2659041092" lon="114.1982732256"><ele>430.000</ele></trkpt>
      <trkpt lat="22.2659065019" lon="114.1982758844"><ele>430.000</ele></trkpt>
      <trkpt lat="22.2659089218" lon="114.1982785141"><ele>430.000</ele></trkpt>
      <trkpt lat="22.2659118474" lon="114.1982807946"><ele>430.000</ele></trkpt>
      <trkpt lat="22.2659146105" lon="114.1982829974"><ele>430.000</ele></trkpt>
      <trkpt lat="22.2659173555" lon="114.1982852197"><ele>430.000</ele></trkpt>
      <trkpt lat="22.2659200915" lon="114.1982874613"><ele>430.000</ele></trkpt>
      <trkpt lat="22.2659228004" lon="114.1982897321"><ele>430.000</ele></trkpt>
      <trkpt lat="22.2659255003" lon="114.1982920319"><ele>431.000</ele></trkpt>
      <trkpt lat="22.2659281821" lon="114.1982943512"><ele>431.000</ele></trkpt>
      <trkpt lat="22.2659308368" lon="114.1982966898"><ele>431.000</ele></trkpt>
      <trkpt lat="22.2659334825" lon="114.1982990576"><ele>431.000</ele></trkpt>
      <trkpt lat="22.2659361101" lon="114.1983014447"><ele>431.000</ele></trkpt>
      <trkpt lat="22.2659387106" lon="114.1983038610"><ele>431.000</ele></trkpt>
      <trkpt lat="22.2659413020" lon="114.1983062967"><ele>431.000</ele></trkpt>
      <trkpt lat="22.2659437218" lon="114.1983095376"><ele>431.000</ele></trkpt>
      <trkpt lat="22.2659459611" lon="114.1983123419"><ele>430.000</ele></trkpt>
      <trkpt lat="22.2659482906" lon="114.1983150589"><ele>430.000</ele></trkpt>
      <trkpt lat="22.2659507105" lon="114.1983176983"><ele>430.000</ele></trkpt>
      <trkpt lat="22.2659532026" lon="114.1983202407"><ele>430.000</ele></trkpt>
      <trkpt lat="22.2659557760" lon="114.1983226957"><ele>430.000</ele></trkpt>
      <trkpt lat="22.2659584217" lon="114.1983250538"><ele>430.000</ele></trkpt>
      <trkpt lat="22.2659611396" lon="114.1983273148"><ele>430.000</ele></trkpt>
      <trkpt lat="22.2659639298" lon="114.1983294789"><ele>430.000</ele></trkpt>
      <trkpt lat="22.2659667832" lon="114.1983315459"><ele>430.000</ele></trkpt>
      <trkpt lat="22.2659696999" lon="114.1983335062"><ele>432.000</ele></trkpt>
      <trkpt lat="22.2659726797" lon="114.1983353598"><ele>432.000</ele></trkpt>
      <trkpt lat="22.2659757048" lon="114.1983371067"><ele>432.000</ele></trkpt>
      <trkpt lat="22.2659787930" lon="114.1983387371"><ele>432.000</ele></trkpt>
      <trkpt lat="22.2659819265" lon="114.1983402609"><ele>432.000</ele></trkpt>
      <trkpt lat="22.2659851051" lon="114.1983416682"><ele>432.000</ele></trkpt>
      <trkpt lat="22.2659883288" lon="114.1983429688"><ele>432.000</ele></trkpt>
      <trkpt lat="22.2659915887" lon="114.1983441433"><ele>432.000</ele></trkpt>
      <trkpt lat="22.2659960315" lon="114.1983465501"><ele>432.000</ele></trkpt>
      <trkpt lat="22.2659991107" lon="114.1983481805"><ele>432.000</ele></trkpt>
      <trkpt lat="22.2660022080" lon="114.1983497916"><ele>432.000</ele></trkpt>
      <trkpt lat="22.2660053234" lon="114.1983513736"><ele>432.000</ele></trkpt>
      <trkpt lat="22.2660084388" lon="114.1983529264"><ele>432.000</ele></trkpt>
      <trkpt lat="22.2660115722" lon="114.1983544598"><ele>432.000</ele></trkpt>
      <trkpt lat="22.2660147057" lon="114.1983559642"><ele>432.000</ele></trkpt>
      <trkpt lat="22.2660178572" lon="114.1983574491"><ele>432.000</ele></trkpt>
      <trkpt lat="22.2660210177" lon="114.1983589049"><ele>432.000</ele></trkpt>
      <trkpt lat="22.2660241873" lon="114.1983603413"><ele>432.000</ele></trkpt>
      <trkpt lat="22.2660273749" lon="114.1983617487"><ele>432.000</ele></trkpt>
      <trkpt lat="22.2660305625" lon="114.1983631269"><ele>432.000</ele></trkpt>
      <trkpt lat="22.2660337592" lon="114.1983644857"><ele>432.000</ele></trkpt>
      <trkpt lat="22.2660369649" lon="114.1983658154"><ele>432.000</ele></trkpt>
      <trkpt lat="22.2660401887" lon="114.1983671160"><ele>432.000</ele></trkpt>
      <trkpt lat="22.2660434125" lon="114.1983683972"><ele>432.000</ele></trkpt>
      <trkpt lat="22.2660466453" lon="114.1983696493"><ele>432.000</ele></trkpt>
      <trkpt lat="22.2660498961" lon="114.1983708723"><ele>432.000</ele></trkpt>
      <trkpt lat="22.2660531470" lon="114.1983720758"><ele>432.000</ele></trkpt>
      <trkpt lat="22.2660564069" lon="114.1983732503"><ele>432.000</ele></trkpt>
      <trkpt lat="22.2660596759" lon="114.1983744054"><ele>432.000</ele></trkpt>
      <trkpt lat="22.2660629538" lon="114.1983755217"><ele>432.000</ele></trkpt>
      <trkpt lat="22.2660669271" lon="114.1983771522"><ele>432.000</ele></trkpt>
      <trkpt lat="22.2660701689" lon="114.1983783946"><ele>432.000</ele></trkpt>
      <trkpt lat="22.2660734289" lon="114.1983795788"><ele>432.000</ele></trkpt>
      <trkpt lat="22.2660766978" lon="114.1983807048"><ele>432.000</ele></trkpt>
      <trkpt lat="22.2660799939" lon="114.1983817628"><ele>432.000</ele></trkpt>
      <trkpt lat="22.2660833080" lon="114.1983827627"><ele>432.000</ele></trkpt>
      <trkpt lat="22.2660866311" lon="114.1983836946"><ele>432.000</ele></trkpt>
      <trkpt lat="22.2660899724" lon="114.1983845683"><ele>432.000</ele></trkpt>
      <trkpt lat="22.2660933316" lon="114.1983853838"><ele>432.000</ele></trkpt>
      <trkpt lat="22.2660967000" lon="114.1983861314"><ele>432.000</ele></trkpt>
      <trkpt lat="22.2661000774" lon="114.1983868111"><ele>432.000</ele></trkpt>
      <trkpt lat="22.2661034638" lon="114.1983874326"><ele>432.000</ele></trkpt>
      <trkpt lat="22.2661068683" lon="114.1983879861"><ele>432.000</ele></trkpt>
      <trkpt lat="22.2661102727" lon="114.1983884815"><ele>432.000</ele></trkpt>
      <trkpt lat="22.2661136953" lon="114.1983889089"><ele>432.000</ele></trkpt>
      <trkpt lat="22.2661171179" lon="114.1983892781"><ele>432.000</ele></trkpt>
      <trkpt lat="22.2661205405" lon="114.1983895697"><ele>432.000</ele></trkpt>
      <trkpt lat="22.2661239721" lon="114.1983898031"><ele>432.000</ele></trkpt>
      <trkpt lat="22.2661274127" lon="114.1983899782"><ele>432.000</ele></trkpt>
      <trkpt lat="22.2661308444" lon="114.1983900855"><ele>432.000</ele></trkpt>
      <trkpt lat="22.2661342850" lon="114.1983901248"><ele>432.000</ele></trkpt>
      <trkpt lat="22.2661377257" lon="114.1983901059"><ele>432.000</ele></trkpt>
      <trkpt lat="22.2661411664" lon="114.1983900094"><ele>432.000</ele></trkpt>
      <trkpt lat="22.2661445981" lon="114.1983898644"><ele>432.000</ele></trkpt>
      <trkpt lat="22.2661499351" lon="114.1983903504"><ele>432.000</ele></trkpt>
      <trkpt lat="22.2661533758" lon="114.1983905740"><ele>432.000</ele></trkpt>
      <trkpt lat="22.2661568074" lon="114.1983907298"><ele>432.000</ele></trkpt>
      <trkpt lat="22.2661602481" lon="114.1983908177"><ele>432.000</ele></trkpt>
      <trkpt lat="22.2661636887" lon="114.1983908279"><ele>432.000</ele></trkpt>
      <trkpt lat="22.2661671204" lon="114.1983907799"><ele>432.000</ele></trkpt>
      <trkpt lat="22.2661705611" lon="114.1983906640"><ele>432.000</ele></trkpt>
      <trkpt lat="22.2661739928" lon="114.1983904802"><ele>432.000</ele></trkpt>
      <trkpt lat="22.2661774244" lon="114.1983902285"><ele>432.000</ele></trkpt>
      <trkpt lat="22.2661808561" lon="114.1983898991"><ele>432.000</ele></trkpt>
      <trkpt lat="22.2661842698" lon="114.1983895115"><ele>432.000</ele></trkpt>
      <trkpt lat="22.2661876834" lon="114.1983890560"><ele>432.000</ele></trkpt>
      <trkpt lat="22.2661910880" lon="114.1983885326"><ele>432.000</ele></trkpt>
      <trkpt lat="22.2661944837" lon="114.1983879316"><ele>432.000</ele></trkpt>
      <trkpt lat="22.2661978702" lon="114.1983872724"><ele>433.000</ele></trkpt>
      <trkpt lat="22.2662012388" lon="114.1983865452"><ele>433.000</ele></trkpt>
      <trkpt lat="22.2662045983" lon="114.1983857502"><ele>433.000</ele></trkpt>
      <trkpt lat="22.2662079397" lon="114.1983848872"><ele>433.000</ele></trkpt>
      <trkpt lat="22.2662112722" lon="114.1983839563"><ele>433.000</ele></trkpt>
      <trkpt lat="22.2662145865" lon="114.1983829671"><ele>433.000</ele></trkpt>
      <trkpt lat="22.2662178829" lon="114.1983819004"><ele>433.000</ele></trkpt>
      <trkpt lat="22.2662211521" lon="114.1983807754"><ele>433.000</ele></trkpt>
      <trkpt lat="22.2662241055" lon="114.1983781951"><ele>433.000</ele></trkpt>
      <trkpt lat="22.2662267969" lon="114.1983758863"><ele>433.000</ele></trkpt>
      <trkpt lat="22.2662295064" lon="114.1983736067"><ele>433.000</ele></trkpt>
      <trkpt lat="22.2662322340" lon="114.1983713465"><ele>433.000</ele></trkpt>
      <trkpt lat="22.2662349796" lon="114.1983691251"><ele>433.000</ele></trkpt>
      <trkpt lat="22.2662377433" lon="114.1983669231"><ele>433.000</ele></trkpt>
      <trkpt lat="22.2662405340" lon="114.1983647502"><ele>434.000</ele></trkpt>
      <trkpt lat="22.2662433338" lon="114.1983626064"><ele>434.000</ele></trkpt>
      <trkpt lat="22.2662461517" lon="114.1983604917"><ele>434.000</ele></trkpt>
      <trkpt lat="22.2662489966" lon="114.1983584062"><ele>434.000</ele></trkpt>
      <trkpt lat="22.2662518506" lon="114.1983563497"><ele>434.000</ele></trkpt>
      <trkpt lat="22.2662547226" lon="114.1983543127"><ele>434.000</ele></trkpt>
      <trkpt lat="22.2662576217" lon="114.1983523145"><ele>434.000</ele></trkpt>
      <trkpt lat="22.2662605298" lon="114.1983503356"><ele>434.000</ele></trkpt>
      <trkpt lat="22.2662693263" lon="114.1983453888"><ele>434.000</ele></trkpt>
      <trkpt lat="22.2662754044" lon="114.1983419357"><ele>434.000</ele></trkpt>
      <trkpt lat="22.2662875516" lon="114.1983349810"><ele>434.000</ele></trkpt>
      <trkpt lat="22.2662851488" lon="114.1983396378"><ele>434.000</ele></trkpt>
      <trkpt lat="22.2662841369" lon="114.1983431789"><ele>434.000</ele></trkpt>
      <trkpt lat="22.2662832514" lon="114.1983467493"><ele>434.000</ele></trkpt>
      <trkpt lat="22.2662824833" lon="114.1983503584"><ele>434.000</ele></trkpt>
      <trkpt lat="22.2662818236" lon="114.1983539869"><ele>434.000</ele></trkpt>
      <trkpt lat="22.2662812903" lon="114.1983576446"><ele>434.000</ele></trkpt>
      <trkpt lat="22.2662808744" lon="114.1983613120"><ele>434.000</ele></trkpt>
      <trkpt lat="22.2662805849" lon="114.1983649989"><ele>434.000</ele></trkpt>
      <trkpt lat="22.2662804129" lon="114.1983686954"><ele>434.000</ele></trkpt>
      <trkpt lat="22.2662803582" lon="114.1983723920"><ele>434.000</ele></trkpt>
      <trkpt lat="22.2662804300" lon="114.1983760983"><ele>434.000</ele></trkpt>
      <trkpt lat="22.2662806191" lon="114.1983797852"><ele>434.000</ele></trkpt>
      <trkpt lat="22.2662809347" lon="114.1983834721"><ele>434.000</ele></trkpt>
      <trkpt lat="22.2662813677" lon="114.1983871396"><ele>434.000</ele></trkpt>
      <trkpt lat="22.2662819181" lon="114.1983907975"><ele>434.000</ele></trkpt>
      <trkpt lat="22.2662825949" lon="114.1983944166"><ele>434.000</ele></trkpt>
      <trkpt lat="22.2662833891" lon="114.1983980162"><ele>434.000</ele></trkpt>
      <trkpt lat="22.2662842917" lon="114.1984015868"><ele>434.000</ele></trkpt>
      <trkpt lat="22.2662853207" lon="114.1984051186"><ele>434.000</ele></trkpt>
      <trkpt lat="22.2662864581" lon="114.1984086116"><ele>434.000</ele></trkpt>
      <trkpt lat="22.2662877129" lon="114.1984120561"><ele>434.000</ele></trkpt>
      <trkpt lat="22.2662890761" lon="114.1984154521"><ele>434.000</ele></trkpt>
      <trkpt lat="22.2662905567" lon="114.1984187900"><ele>434.000</ele></trkpt>
      <trkpt lat="22.2662921366" lon="114.1984220696"><ele>434.000</ele></trkpt>
      <trkpt lat="22.2662938339" lon="114.1984252910"><ele>434.000</ele></trkpt>
      <trkpt lat="22.2662967773" lon="114.1984303367"><ele>434.000</ele></trkpt>
      <trkpt lat="22.2662979147" lon="114.1984338297"><ele>434.000</ele></trkpt>
      <trkpt lat="22.2662990791" lon="114.1984373033"><ele>434.000</ele></trkpt>
      <trkpt lat="22.2663002707" lon="114.1984407769"><ele>434.000</ele></trkpt>
      <trkpt lat="22.2663014804" lon="114.1984442408"><ele>434.000</ele></trkpt>
      <trkpt lat="22.2663027171" lon="114.1984476853"><ele>434.000</ele></trkpt>
      <trkpt lat="22.2663039810" lon="114.1984511298"><ele>434.000</ele></trkpt>
      <trkpt lat="22.2663052719" lon="114.1984545646"><ele>434.000</ele></trkpt>
      <trkpt lat="22.2663065809" lon="114.1984579800"><ele>432.000</ele></trkpt>
      <trkpt lat="22.2663079170" lon="114.1984613857"><ele>432.000</ele></trkpt>
      <trkpt lat="22.2663092801" lon="114.1984647817"><ele>432.000</ele></trkpt>
      <trkpt lat="22.2663106614" lon="114.1984681681"><ele>432.000</ele></trkpt>
      <trkpt lat="22.2663120697" lon="114.1984715447"><ele>432.000</ele></trkpt>
      <trkpt lat="22.2663135051" lon="114.1984749116"><ele>432.000</ele></trkpt>
      <trkpt lat="22.2663149676" lon="114.1984782591"><ele>432.000</ele></trkpt>
      <trkpt lat="22.2663164392" lon="114.1984815969"><ele>432.000</ele></trkpt>
      <trkpt lat="22.2663179469" lon="114.1984849251"><ele>432.000</ele></trkpt>
      <trkpt lat="22.2663194726" lon="114.1984882338"><ele>432.000</ele></trkpt>
      <trkpt lat="22.2663210254" lon="114.1984915425"><ele>432.000</ele></trkpt>
      <trkpt lat="22.2663226054" lon="114.1984948318"><ele>432.000</ele></trkpt>
      <trkpt lat="22.2663242034" lon="114.1984981018"><ele>432.000</ele></trkpt>
      <trkpt lat="22.2663260361" lon="114.1985017889"><ele>432.000</ele></trkpt>
      <trkpt lat="22.2663277966" lon="114.1985049618"><ele>432.000</ele></trkpt>
      <trkpt lat="22.2663295843" lon="114.1985081251"><ele>432.000</ele></trkpt>
      <trkpt lat="22.2663313810" lon="114.1985112786"><ele>432.000</ele></trkpt>
      <trkpt lat="22.2663331957" lon="114.1985144127"><ele>432.000</ele></trkpt>
      <trkpt lat="22.2663350285" lon="114.1985175468"><ele>432.000</ele></trkpt>
      <trkpt lat="22.2663368703" lon="114.1985206713"><ele>432.000</ele></trkpt>
      <trkpt lat="22.2663387393" lon="114.1985237763"><ele>432.000</ele></trkpt>
      <trkpt lat="22.2663406172" lon="114.1985268813"><ele>432.000</ele></trkpt>
      <trkpt lat="22.2663425042" lon="114.1985299669"><ele>432.000</ele></trkpt>
      <trkpt lat="22.2663444183" lon="114.1985330429"><ele>432.000</ele></trkpt>
      <trkpt lat="22.2663463414" lon="114.1985361091"><ele>432.000</ele></trkpt>
      <trkpt lat="22.2663482826" lon="114.1985391559"><ele>432.000</ele></trkpt>
      <trkpt lat="22.2663502419" lon="114.1985422027"><ele>432.000</ele></trkpt>
      <trkpt lat="22.2663522101" lon="114.1985452302"><ele>432.000</ele></trkpt>
      <trkpt lat="22.2663541965" lon="114.1985482576"><ele>432.000</ele></trkpt>
      <trkpt lat="22.2663561919" lon="114.1985512656"><ele>432.000</ele></trkpt>
      <trkpt lat="22.2663582143" lon="114.1985542542"><ele>430.000</ele></trkpt>
      <trkpt lat="22.2663612209" lon="114.1985586692"><ele>430.000</ele></trkpt>
      <trkpt lat="22.2663633247" lon="114.1985615900"><ele>430.000</ele></trkpt>
      <trkpt lat="22.2663653291" lon="114.1985645980"><ele>430.000</ele></trkpt>
      <trkpt lat="22.2663672251" lon="114.1985676933"><ele>430.000</ele></trkpt>
      <trkpt lat="22.2663690037" lon="114.1985708565"><ele>430.000</ele></trkpt>
      <trkpt lat="22.2663706740" lon="114.1985740877"><ele>430.000</ele></trkpt>
      <trkpt lat="22.2663722178" lon="114.1985773867"><ele>430.000</ele></trkpt>
      <trkpt lat="22.2663736532" lon="114.1985807536"><ele>430.000</ele></trkpt>
      <trkpt lat="22.2663749622" lon="114.1985841690"><ele>430.000</ele></trkpt>
      <trkpt lat="22.2663760003" lon="114.1985871769"><ele>430.000</ele></trkpt>
      <trkpt lat="22.2663771017" lon="114.1985898452"><ele>430.000</ele></trkpt>
      <trkpt lat="22.2663780224" lon="114.1985925814"><ele>430.000</ele></trkpt>
      <trkpt lat="22.2663789161" lon="114.1985953273"><ele>430.000</ele></trkpt>
      <trkpt lat="22.2663797737" lon="114.1985980926"><ele>430.000</ele></trkpt>
      <trkpt lat="22.2663806041" lon="114.1986008579"><ele>430.000</ele></trkpt>
      <trkpt lat="22.2663814075" lon="114.1986036426"><ele>430.000</ele></trkpt>
      <trkpt lat="22.2663821747" lon="114.1986064369"><ele>430.000</ele></trkpt>
      <trkpt lat="22.2663829148" lon="114.1986092313"><ele>430.000</ele></trkpt>
      <trkpt lat="22.2663836188" lon="114.1986120451"><ele>430.000</ele></trkpt>
      <trkpt lat="22.2663842958" lon="114.1986148589"><ele>430.000</ele></trkpt>
      <trkpt lat="22.2663849366" lon="114.1986176921"><ele>430.000</ele></trkpt>
      <trkpt lat="22.2663857849" lon="114.1986216701"><ele>430.000</ele></trkpt>
      <trkpt lat="22.2663860647" lon="114.1986230188"><ele>430.000</ele></trkpt>
      <trkpt lat="22.2663866332" lon="114.1986258714"><ele>430.000</ele></trkpt>
      <trkpt lat="22.2663871566" lon="114.1986287239"><ele>430.000</ele></trkpt>
      <trkpt lat="22.2663876349" lon="114.1986315862"><ele>430.000</ele></trkpt>
      <trkpt lat="22.2663880679" lon="114.1986344581"><ele>430.000</ele></trkpt>
      <trkpt lat="22.2663884649" lon="114.1986373398"><ele>430.000</ele></trkpt>
      <trkpt lat="22.2663888167" lon="114.1986402214"><ele>430.000</ele></trkpt>
      <trkpt lat="22.2663891234" lon="114.1986431225"><ele>430.000</ele></trkpt>
      <trkpt lat="22.2663893849" lon="114.1986460138"><ele>430.000</ele></trkpt>
      <trkpt lat="22.2663896102" lon="114.1986489148"><ele>430.000</ele></trkpt>
      <trkpt lat="22.2663897905" lon="114.1986518158"><ele>430.000</ele></trkpt>
      <trkpt lat="22.2663899255" lon="114.1986547265"><ele>430.000</ele></trkpt>
      <trkpt lat="22.2663900155" lon="114.1986576372"><ele>430.000</ele></trkpt>
      <trkpt lat="22.2663900602" lon="114.1986605479"><ele>430.000</ele></trkpt>
      <trkpt lat="22.2663890820" lon="114.1986822130"><ele>430.000</ele></trkpt>
      <trkpt lat="22.2663890943" lon="114.1986850646"><ele>430.000</ele></trkpt>
      <trkpt lat="22.2663891932" lon="114.1986879112"><ele>430.000</ele></trkpt>
      <trkpt lat="22.2663890285" lon="114.1986906948"><ele>430.000</ele></trkpt>
      <trkpt lat="22.2663890212" lon="114.1986907705"><ele>430.000</ele></trkpt>
      <trkpt lat="22.2663888294" lon="114.1986936055"><ele>430.000</ele></trkpt>
      <trkpt lat="22.2663885978" lon="114.1986964569"><ele>430.000</ele></trkpt>
      <trkpt lat="22.2663883491" lon="114.1986993152"><ele>430.000</ele></trkpt>
      <trkpt lat="22.2663883147" lon="114.1986996596"><ele>430.000</ele></trkpt>
      <trkpt lat="22.2663880715" lon="114.1987021773"><ele>428.000</ele></trkpt>
      <trkpt lat="22.2663877848" lon="114.1987050375"><ele>428.000</ele></trkpt>
      <trkpt lat="22.2663874702" lon="114.1987079132"><ele>428.000</ele></trkpt>
      <trkpt lat="22.2663873888" lon="114.1987086768"><ele>428.000</ele></trkpt>
      <trkpt lat="22.2663871564" lon="114.1987107773"><ele>428.000</ele></trkpt>
      <trkpt lat="22.2663868246" lon="114.1987136482"><ele>428.000</ele></trkpt>
      <trkpt lat="22.2663864811" lon="114.1987165355"><ele>428.000</ele></trkpt>
      <trkpt lat="22.2663863373" lon="114.1987177638"><ele>428.000</ele></trkpt>
      <trkpt lat="22.2663861402" lon="114.1987194015"><ele>428.000</ele></trkpt>
      <trkpt lat="22.2663857867" lon="114.1987222957"><ele>428.000</ele></trkpt>
      <trkpt lat="22.2663854423" lon="114.1987251850"><ele>428.000</ele></trkpt>
      <trkpt lat="22.2663852343" lon="114.1987269333"><ele>428.000</ele></trkpt>
      <trkpt lat="22.2663850987" lon="114.1987280772"><ele>428.000</ele></trkpt>
      <trkpt lat="22.2663847543" lon="114.1987309655"><ele>428.000</ele></trkpt>
      <trkpt lat="22.2663844170" lon="114.1987338810"><ele>428.000</ele></trkpt>
      <trkpt lat="22.2663840978" lon="114.1987367965"><ele>428.000</ele></trkpt>
      <trkpt lat="22.2663837886" lon="114.1987397032"><ele>428.000</ele></trkpt>
      <trkpt lat="22.2663834875" lon="114.1987426265"><ele>428.000</ele></trkpt>
      <trkpt lat="22.2663832117" lon="114.1987455663"><ele>428.000</ele></trkpt>
      <trkpt lat="22.2663829557" lon="114.1987485060"><ele>427.000</ele></trkpt>
      <trkpt lat="22.2663827259" lon="114.1987514448"><ele>427.000</ele></trkpt>
      <trkpt lat="22.2663825232" lon="114.1987543943"><ele>427.000</ele></trkpt>
      <trkpt lat="22.2663823476" lon="114.1987573603"><ele>427.000</ele></trkpt>
      <trkpt lat="22.2663822091" lon="114.1987603418"><ele>427.000</ele></trkpt>
      <trkpt lat="22.2663821147" lon="114.1987633708"><ele>427.000</ele></trkpt>
      <trkpt lat="22.2663821147" lon="114.1987634688"><ele>427.000</ele></trkpt>
      <trkpt lat="22.2663820602" lon="114.1987663116"><ele>427.000</ele></trkpt>
      <trkpt lat="22.2663820598" lon="114.1987693115"><ele>427.000</ele></trkpt>
      <trkpt lat="22.2663821045" lon="114.1987721737"><ele>427.000</ele></trkpt>
      <trkpt lat="22.2663821045" lon="114.1987722668"><ele>427.000</ele></trkpt>
      <trkpt lat="22.2663822179" lon="114.1987753270"><ele>427.000</ele></trkpt>
      <trkpt lat="22.2663823954" lon="114.1987783493"><ele>427.000</ele></trkpt>
      <trkpt lat="22.2663826397" lon="114.1987813580"><ele>427.000</ele></trkpt>
      <trkpt lat="22.2663829608" lon="114.1987844017"><ele>427.000</ele></trkpt>
      <trkpt lat="22.2663833776" lon="114.1987874162"><ele>427.000</ele></trkpt>
      <trkpt lat="22.2663838712" lon="114.1987904376"><ele>427.000</ele></trkpt>
      <trkpt lat="22.2663844731" lon="114.1987934474"><ele>427.000</ele></trkpt>
      <trkpt lat="22.2663851726" lon="114.1987964435"><ele>427.000</ele></trkpt>
      <trkpt lat="22.2663859967" lon="114.1987994436"><ele>426.000</ele></trkpt>
      <trkpt lat="22.2663870050" lon="114.1988025417"><ele>426.000</ele></trkpt>
      <trkpt lat="22.2663883763" lon="114.1988056389"><ele>426.000</ele></trkpt>
      <trkpt lat="22.2663900448" lon="114.1988085334"><ele>426.000</ele></trkpt>
      <trkpt lat="22.2663919309" lon="114.1988111843"><ele>426.000</ele></trkpt>
      <trkpt lat="22.2663939833" lon="114.1988136190"><ele>426.000</ele></trkpt>
      <trkpt lat="22.2663961359" lon="114.1988158363"><ele>426.000</ele></trkpt>
      <trkpt lat="22.2663983770" lon="114.1988178955"><ele>426.000</ele></trkpt>
      <trkpt lat="22.2664006750" lon="114.1988197946"><ele>426.000</ele></trkpt>
      <trkpt lat="22.2664029993" lon="114.1988215860"><ele>426.000</ele></trkpt>
      <trkpt lat="22.2664053579" lon="114.1988232755"><ele>426.000</ele></trkpt>
      <trkpt lat="22.2664077354" lon="114.1988248855"><ele>426.000</ele></trkpt>
      <trkpt lat="22.2664101247" lon="114.1988264344"><ele>426.000</ele></trkpt>
      <trkpt lat="22.2664125231" lon="114.1988279318"><ele>426.000</ele></trkpt>
      <trkpt lat="22.2664149142" lon="114.1988293885"><ele>426.000</ele></trkpt>
      <trkpt lat="22.2664172981" lon="114.1988308161"><ele>426.000</ele></trkpt>
      <trkpt lat="22.2664186246" lon="114.1988316070"><ele>426.000</ele></trkpt>
      <trkpt lat="22.2664196684" lon="114.1988322262"><ele>426.000</ele></trkpt>
      <trkpt lat="22.2664220261" lon="114.1988336382"><ele>426.000</ele></trkpt>
      <trkpt lat="22.2664243649" lon="114.1988350387"><ele>426.000</ele></trkpt>
      <trkpt lat="22.2664264093" lon="114.1988363042"><ele>426.000</ele></trkpt>
      <trkpt lat="22.2664266522" lon="114.1988364565"><ele>426.000</ele></trkpt>
      <trkpt lat="22.2664289385" lon="114.1988379045"><ele>426.000</ele></trkpt>
      <trkpt lat="22.2664311689" lon="114.1988393834"><ele>426.000</ele></trkpt>
      <trkpt lat="22.2664333108" lon="114.1988408789"><ele>426.000</ele></trkpt>
      <trkpt lat="22.2664334408" lon="114.1988409789"><ele>426.000</ele></trkpt>
      <trkpt lat="22.2664354219" lon="114.1988424646"><ele>426.000</ele></trkpt>
      <trkpt lat="22.2664374238" lon="114.1988440930"><ele>426.000</ele></trkpt>
      <trkpt lat="22.2664392712" lon="114.1988457601"><ele>424.000</ele></trkpt>
      <trkpt lat="22.2664410473" lon="114.1988475766"><ele>424.000</ele></trkpt>
      <trkpt lat="22.2664425489" lon="114.1988493670"><ele>424.000</ele></trkpt>
      <trkpt lat="22.2664432667" lon="114.1988504984"><ele>424.000</ele></trkpt>
      <trkpt lat="22.2664433063" lon="114.1988509505"><ele>424.000</ele></trkpt>
      <trkpt lat="22.2664433226" lon="114.1988511193"><ele>424.000</ele></trkpt>
      <trkpt lat="22.2664428690" lon="114.1988524388"><ele>424.000</ele></trkpt>
      <trkpt lat="22.2664417806" lon="114.1988544431"><ele>424.000</ele></trkpt>
      <trkpt lat="22.2664403742" lon="114.1988566463"><ele>424.000</ele></trkpt>
      <trkpt lat="22.2664371731" lon="114.1988613475"><ele>424.000</ele></trkpt>
      <trkpt lat="22.2664354849" lon="114.1988640086"><ele>424.000</ele></trkpt>
      <trkpt lat="22.2664337984" lon="114.1988673158"><ele>424.000</ele></trkpt>
      <trkpt lat="22.2664330286" lon="114.1988707532"><ele>424.000</ele></trkpt>
      <trkpt lat="22.2664317712" lon="114.1988732194"><ele>424.000</ele></trkpt>
      <trkpt lat="22.2664334944" lon="114.1988782940"><ele>424.000</ele></trkpt>
      <trkpt lat="22.2664356143" lon="114.1988818667"><ele>424.000</ele></trkpt>
      <trkpt lat="22.2664384559" lon="114.1988844625"><ele>424.000</ele></trkpt>
      <trkpt lat="22.2664410800" lon="114.1988860677"><ele>424.000</ele></trkpt>
      <trkpt lat="22.2664435903" lon="114.1988876185"><ele>424.000</ele></trkpt>
      <trkpt lat="22.2664502951" lon="114.1988909630"><ele>424.000</ele></trkpt>
      <trkpt lat="22.2664561096" lon="114.1988938658"><ele>422.000</ele></trkpt>
      <trkpt lat="22.2664589802" lon="114.1988953701"><ele>422.000</ele></trkpt>
      <trkpt lat="22.2664761553" lon="114.1989043863"><ele>422.000</ele></trkpt>
      <trkpt lat="22.2664845812" lon="114.1989088022"><ele>422.000</ele></trkpt>
      <trkpt lat="22.2664924996" lon="114.1989129560"><ele>422.000</ele></trkpt>
      <trkpt lat="22.2664974201" lon="114.1989155376"><ele>422.000</ele></trkpt>
      <trkpt lat="22.2664992252" lon="114.1989165314"><ele>422.000</ele></trkpt>
      <trkpt lat="22.2665051416" lon="114.1989197496"><ele>422.000</ele></trkpt>
      <trkpt lat="22.2665120062" lon="114.1989234773"><ele>420.000</ele></trkpt>
      <trkpt lat="22.2665147351" lon="114.1989247885"><ele>420.000</ele></trkpt>
      <trkpt lat="22.2665177783" lon="114.1989259174"><ele>420.000</ele></trkpt>
      <trkpt lat="22.2665212468" lon="114.1989266058"><ele>420.000</ele></trkpt>
      <trkpt lat="22.2665250621" lon="114.1989278134"><ele>420.000</ele></trkpt>
      <trkpt lat="22.2665253450" lon="114.1989325773"><ele>420.000</ele></trkpt>
      <trkpt lat="22.2665250237" lon="114.1989381435"><ele>420.000</ele></trkpt>
      <trkpt lat="22.2665241845" lon="114.1989468230"><ele>419.000</ele></trkpt>
      <trkpt lat="22.2665236072" lon="114.1989554085"><ele>419.000</ele></trkpt>
      <trkpt lat="22.2665232140" lon="114.1989578437"><ele>419.000</ele></trkpt>
      <trkpt lat="22.2665226005" lon="114.1989603459"><ele>419.000</ele></trkpt>
      <trkpt lat="22.2665210284" lon="114.1989656508"><ele>419.000</ele></trkpt>
      <trkpt lat="22.2665191105" lon="114.1989707695"><ele>419.000</ele></trkpt>
      <trkpt lat="22.2665180753" lon="114.1989730620"><ele>419.000</ele></trkpt>
      <trkpt lat="22.2665168875" lon="114.1989752273"><ele>419.000</ele></trkpt>
      <trkpt lat="22.2665155019" lon="114.1989772986"><ele>419.000</ele></trkpt>
      <trkpt lat="22.2665139266" lon="114.1989793193"><ele>419.000</ele></trkpt>
      <trkpt lat="22.2665123009" lon="114.1989811596"><ele>419.000</ele></trkpt>
      <trkpt lat="22.2665105794" lon="114.1989827612"><ele>420.000</ele></trkpt>
      <trkpt lat="22.2665017817" lon="114.1989894777"><ele>420.000</ele></trkpt>
      <trkpt lat="22.2664972180" lon="114.1989933870"><ele>418.000</ele></trkpt>
      <trkpt lat="22.2664931256" lon="114.1989980493"><ele>418.000</ele></trkpt>
      <trkpt lat="22.2664912017" lon="114.1990007695"><ele>418.000</ele></trkpt>
      <trkpt lat="22.2664895658" lon="114.1990036596"><ele>418.000</ele></trkpt>
      <trkpt lat="22.2664882560" lon="114.1990066748"><ele>418.000</ele></trkpt>
      <trkpt lat="22.2664871854" lon="114.1990097726"><ele>418.000</ele></trkpt>
      <trkpt lat="22.2664856151" lon="114.1990158101"><ele>418.000</ele></trkpt>
      <trkpt lat="22.2664846389" lon="114.1990219496"><ele>418.000</ele></trkpt>
      <trkpt lat="22.2664840845" lon="114.1990280804"><ele>418.000</ele></trkpt>
      <trkpt lat="22.2664837475" lon="114.1990426969"><ele>416.000</ele></trkpt>
      <trkpt lat="22.2664829773" lon="114.1990546180"><ele>416.000</ele></trkpt>
      <trkpt lat="22.2664833200" lon="114.1990582409"><ele>416.000</ele></trkpt>
      <trkpt lat="22.2664841729" lon="114.1990616310"><ele>416.000</ele></trkpt>
      <trkpt lat="22.2664852417" lon="114.1990647437"><ele>416.000</ele></trkpt>
      <trkpt lat="22.2664865427" lon="114.1990677167"><ele>416.000</ele></trkpt>
      <trkpt lat="22.2664880423" lon="114.1990705684"><ele>416.000</ele></trkpt>
      <trkpt lat="22.2664897053" lon="114.1990732077"><ele>416.000</ele></trkpt>
      <trkpt lat="22.2664968399" lon="114.1990835709"><ele>416.000</ele></trkpt>
      <trkpt lat="22.2664977175" lon="114.1990848576"><ele>416.000</ele></trkpt>
      <trkpt lat="22.2665004911" lon="114.1990895423"><ele>414.000</ele></trkpt>
      <trkpt lat="22.2665030452" lon="114.1990943832"><ele>414.000</ele></trkpt>
      <trkpt lat="22.2665053167" lon="114.1990993851"><ele>414.000</ele></trkpt>
      <trkpt lat="22.2665138549" lon="114.1991207859"><ele>414.000</ele></trkpt>
      <trkpt lat="22.2665208759" lon="114.1991363388"><ele>413.000</ele></trkpt>
      <trkpt lat="22.2665224637" lon="114.1991414056"><ele>413.000</ele></trkpt>
      <trkpt lat="22.2665230224" lon="114.1991438856"><ele>413.000</ele></trkpt>
      <trkpt lat="22.2665234049" lon="114.1991464025"><ele>413.000</ele></trkpt>
      <trkpt lat="22.2665236141" lon="114.1991489261"><ele>413.000</ele></trkpt>
      <trkpt lat="22.2665235776" lon="114.1991512837"><ele>413.000</ele></trkpt>
      <trkpt lat="22.2665232161" lon="114.1991536152"><ele>413.000</ele></trkpt>
      <trkpt lat="22.2665226206" lon="114.1991561474"><ele>413.000</ele></trkpt>
      <trkpt lat="22.2665211325" lon="114.1991615504"><ele>413.000</ele></trkpt>
      <trkpt lat="22.2665194322" lon="114.1991669261"><ele>413.000</ele></trkpt>
      <trkpt lat="22.2665156316" lon="114.1991776592"><ele>413.000</ele></trkpt>
      <trkpt lat="22.2665071353" lon="114.1991990573"><ele>412.000</ele></trkpt>
      <trkpt lat="22.2665040854" lon="114.1992072698"><ele>412.000</ele></trkpt>
      <trkpt lat="22.2665012396" lon="114.1992156376"><ele>412.000</ele></trkpt>
      <trkpt lat="22.2664994742" lon="114.1992213869"><ele>412.000</ele></trkpt>
      <trkpt lat="22.2664980023" lon="114.1992272614"><ele>412.000</ele></trkpt>
      <trkpt lat="22.2664974032" lon="114.1992303321"><ele>412.000</ele></trkpt>
      <trkpt lat="22.2664969530" lon="114.1992334853"><ele>410.000</ele></trkpt>
      <trkpt lat="22.2664967313" lon="114.1992366977"><ele>410.000</ele></trkpt>
      <trkpt lat="22.2664967110" lon="114.1992398413"><ele>410.000</ele></trkpt>
      <trkpt lat="22.2664970589" lon="114.1992514530"><ele>410.000</ele></trkpt>
      <trkpt lat="22.2664966640" lon="114.1992599105"><ele>410.000</ele></trkpt>
      <trkpt lat="22.2664950853" lon="114.1992800464"><ele>410.000</ele></trkpt>
      <trkpt lat="22.2664933829" lon="114.1992945977"><ele>408.000</ele></trkpt>
      <trkpt lat="22.2664931354" lon="114.1993009100"><ele>408.000</ele></trkpt>
      <trkpt lat="22.2664934736" lon="114.1993043078"><ele>408.000</ele></trkpt>
      <trkpt lat="22.2664963412" lon="114.1993216259"><ele>408.000</ele></trkpt>
      <trkpt lat="22.2664975275" lon="114.1993301020"><ele>408.000</ele></trkpt>
      <trkpt lat="22.2664983617" lon="114.1993385587"><ele>407.000</ele></trkpt>
      <trkpt lat="22.2664986210" lon="114.1993441415"><ele>407.000</ele></trkpt>
      <trkpt lat="22.2664986125" lon="114.1993467310"><ele>407.000</ele></trkpt>
      <trkpt lat="22.2664981548" lon="114.1993521477"><ele>407.000</ele></trkpt>
      <trkpt lat="22.2664977544" lon="114.1993547392"><ele>407.000</ele></trkpt>
      <trkpt lat="22.2664966465" lon="114.1993602082"><ele>407.000</ele></trkpt>
      <trkpt lat="22.2664930937" lon="114.1993740062"><ele>407.000</ele></trkpt>
      <trkpt lat="22.2664897211" lon="114.1993848141"><ele>406.000</ele></trkpt>
      <trkpt lat="22.2664858346" lon="114.1993954928"><ele>406.000</ele></trkpt>
      <trkpt lat="22.2664826999" lon="114.1994033977"><ele>406.000</ele></trkpt>
      <trkpt lat="22.2664781777" lon="114.1994137698"><ele>406.000</ele></trkpt>
      <trkpt lat="22.2664744668" lon="114.1994213137"><ele>406.000</ele></trkpt>
      <trkpt lat="22.2664704733" lon="114.1994287731"><ele>403.000</ele></trkpt>
      <trkpt lat="22.2664649064" lon="114.1994386298"><ele>404.000</ele></trkpt>
      <trkpt lat="22.2664486556" lon="114.1994654910"><ele>404.000</ele></trkpt>
      <trkpt lat="22.2664403281" lon="114.1994805350"><ele>402.000</ele></trkpt>
      <trkpt lat="22.2664360448" lon="114.1994875956"><ele>402.000</ele></trkpt>
      <trkpt lat="22.2664346565" lon="114.1994895204"><ele>402.000</ele></trkpt>
      <trkpt lat="22.2664331103" lon="114.1994912219"><ele>402.000</ele></trkpt>
      <trkpt lat="22.2664249763" lon="114.1994983246"><ele>402.000</ele></trkpt>
      <trkpt lat="22.2664229974" lon="114.1994997903"><ele>402.000</ele></trkpt>
      <trkpt lat="22.2664210611" lon="114.1995010203"><ele>402.000</ele></trkpt>
      <trkpt lat="22.2664161463" lon="114.1995032132"><ele>402.000</ele></trkpt>
      <trkpt lat="22.2664133963" lon="114.1995047505"><ele>402.000</ele></trkpt>
      <trkpt lat="22.2664106958" lon="114.1995066614"><ele>402.000</ele></trkpt>
      <trkpt lat="22.2664080658" lon="114.1995090585"><ele>402.000</ele></trkpt>
      <trkpt lat="22.2664059296" lon="114.1995120493"><ele>402.000</ele></trkpt>
      <trkpt lat="22.2664044138" lon="114.1995153275"><ele>402.000</ele></trkpt>
      <trkpt lat="22.2664033658" lon="114.1995185805"><ele>402.000</ele></trkpt>
      <trkpt lat="22.2664025697" lon="114.1995218860"><ele>402.000</ele></trkpt>
      <trkpt lat="22.2664016446" lon="114.1995307770"><ele>400.000</ele></trkpt>
      <trkpt lat="22.2663989836" lon="114.1995477838"><ele>400.000</ele></trkpt>
      <trkpt lat="22.2663978179" lon="114.1995531887"><ele>400.000</ele></trkpt>
      <trkpt lat="22.2663971638" lon="114.1995556394"><ele>400.000</ele></trkpt>
      <trkpt lat="22.2663953109" lon="114.1995606950"><ele>400.000</ele></trkpt>
      <trkpt lat="22.2663942395" lon="114.1995630651"><ele>400.000</ele></trkpt>
      <trkpt lat="22.2663917500" lon="114.1995678906"><ele>400.000</ele></trkpt>
      <trkpt lat="22.2663889363" lon="114.1995723571"><ele>400.000</ele></trkpt>
      <trkpt lat="22.2663840119" lon="114.1995788520"><ele>398.000</ele></trkpt>
      <trkpt lat="22.2663765803" lon="114.1995872181"><ele>398.000</ele></trkpt>
      <trkpt lat="22.2663747441" lon="114.1995894338"><ele>398.000</ele></trkpt>
      <trkpt lat="22.2663745580" lon="114.1995896657"><ele>398.000</ele></trkpt>
      <trkpt lat="22.2663727081" lon="114.1995923752"><ele>398.000</ele></trkpt>
      <trkpt lat="22.2663711906" lon="114.1995953410"><ele>398.000</ele></trkpt>
      <trkpt lat="22.2663699268" lon="114.1995983737"><ele>398.000</ele></trkpt>
      <trkpt lat="22.2663688959" lon="114.1996015268"><ele>398.000</ele></trkpt>
      <trkpt lat="22.2663680962" lon="114.1996050234"><ele>398.000</ele></trkpt>
      <trkpt lat="22.2663680063" lon="114.1996086278"><ele>398.000</ele></trkpt>
      <trkpt lat="22.2663681919" lon="114.1996116549"><ele>398.000</ele></trkpt>
      <trkpt lat="22.2663682561" lon="114.1996176509"><ele>398.000</ele></trkpt>
      <trkpt lat="22.2663686783" lon="114.1996210226"><ele>398.000</ele></trkpt>
      <trkpt lat="22.2663694463" lon="114.1996245902"><ele>395.000</ele></trkpt>
      <trkpt lat="22.2663709837" lon="114.1996281318"><ele>395.000</ele></trkpt>
      <trkpt lat="22.2663731190" lon="114.1996309701"><ele>395.000</ele></trkpt>
      <trkpt lat="22.2663770061" lon="114.1996352261"><ele>396.000</ele></trkpt>
      <trkpt lat="22.2663803830" lon="114.1996394191"><ele>396.000</ele></trkpt>
      <trkpt lat="22.2663818583" lon="114.1996414917"><ele>396.000</ele></trkpt>
      <trkpt lat="22.2663831918" lon="114.1996436643"><ele>396.000</ele></trkpt>
      <trkpt lat="22.2663871363" lon="114.1996510629"><ele>396.000</ele></trkpt>
      <trkpt lat="22.2663919501" lon="114.1996608155"><ele>396.000</ele></trkpt>
      <trkpt lat="22.2663923210" lon="114.1996624203"><ele>396.000</ele></trkpt>
      <trkpt lat="22.2663921532" lon="114.1996673646"><ele>396.000</ele></trkpt>
      <trkpt lat="22.2663918414" lon="114.1996694418"><ele>396.000</ele></trkpt>
      <trkpt lat="22.2663911187" lon="114.1996713006"><ele>394.000</ele></trkpt>
      <trkpt lat="22.2663899769" lon="114.1996733787"><ele>394.000</ele></trkpt>
      <trkpt lat="22.2663886275" lon="114.1996753849"><ele>394.000</ele></trkpt>
      <trkpt lat="22.2663872293" lon="114.1996770525"><ele>394.000</ele></trkpt>
      <trkpt lat="22.2663871651" lon="114.1996771282"><ele>394.000</ele></trkpt>
      <trkpt lat="22.2663853976" lon="114.1996787443"><ele>394.000</ele></trkpt>
      <trkpt lat="22.2663812304" lon="114.1996821530"><ele>394.000</ele></trkpt>
      <trkpt lat="22.2663747231" lon="114.1996871108"><ele>394.000</ele></trkpt>
      <trkpt lat="22.2663676713" lon="114.1996919705"><ele>394.000</ele></trkpt>
      <trkpt lat="22.2663651912" lon="114.1996939571"><ele>394.000</ele></trkpt>
      <trkpt lat="22.2663628275" lon="114.1996963406"><ele>394.000</ele></trkpt>
      <trkpt lat="22.2663607456" lon="114.1996993344"><ele>394.000</ele></trkpt>
      <trkpt lat="22.2663593860" lon="114.1997028193"><ele>394.000</ele></trkpt>
      <trkpt lat="22.2663585998" lon="114.1997062382"><ele>394.000</ele></trkpt>
      <trkpt lat="22.2663576146" lon="114.1997124737"><ele>394.000</ele></trkpt>
      <trkpt lat="22.2663571071" lon="114.1997186026"><ele>392.000</ele></trkpt>
      <trkpt lat="22.2663569925" lon="114.1997247267"><ele>392.000</ele></trkpt>
      <trkpt lat="22.2663573117" lon="114.1997344659"><ele>392.000</ele></trkpt>
      <trkpt lat="22.2663573755" lon="114.1997362502"><ele>392.000</ele></trkpt>
      <trkpt lat="22.2663562199" lon="114.1997536355"><ele>392.000</ele></trkpt>
      <trkpt lat="22.2663563147" lon="114.1997598062"><ele>392.000</ele></trkpt>
      <trkpt lat="22.2663568241" lon="114.1997658683"><ele>392.000</ele></trkpt>
      <trkpt lat="22.2663586200" lon="114.1997805443"><ele>392.000</ele></trkpt>
      <trkpt lat="22.2663597056" lon="114.1997865745"><ele>392.000</ele></trkpt>
      <trkpt lat="22.2663612661" lon="114.1997926086"><ele>392.000</ele></trkpt>
      <trkpt lat="22.2663634633" lon="114.1997985235"><ele>392.000</ele></trkpt>
      <trkpt lat="22.2663650099" lon="114.1998014548"><ele>392.000</ele></trkpt>
      <trkpt lat="22.2663709976" lon="114.1998112677"><ele>392.000</ele></trkpt>
      <trkpt lat="22.2663750432" lon="114.1998183947"><ele>390.000</ele></trkpt>
      <trkpt lat="22.2663758647" lon="114.1998205177"><ele>390.000</ele></trkpt>
      <trkpt lat="22.2663765570" lon="114.1998229715"><ele>390.000</ele></trkpt>
      <trkpt lat="22.2663778115" lon="114.1998284157"><ele>390.000</ele></trkpt>
      <trkpt lat="22.2663782762" lon="114.1998310092"><ele>390.000</ele></trkpt>
      <trkpt lat="22.2663788643" lon="114.1998363019"><ele>390.000</ele></trkpt>
      <trkpt lat="22.2663788260" lon="114.1998387537"><ele>390.000</ele></trkpt>
      <trkpt lat="22.2663782306" lon="114.1998474828"><ele>390.000</ele></trkpt>
      <trkpt lat="22.2663776320" lon="114.1998526220"><ele>390.000</ele></trkpt>
      <trkpt lat="22.2663775457" lon="114.1998561546"><ele>390.000</ele></trkpt>
      <trkpt lat="22.2663763851" lon="114.1998703498"><ele>391.000</ele></trkpt>
      <trkpt lat="22.2663756004" lon="114.1998761265"><ele>391.000</ele></trkpt>
      <trkpt lat="22.2663753028" lon="114.1998795232"><ele>391.000</ele></trkpt>
      <trkpt lat="22.2663756459" lon="114.1998861975"><ele>391.000</ele></trkpt>
      <trkpt lat="22.2663763236" lon="114.1998900183"><ele>391.000</ele></trkpt>
      <trkpt lat="22.2663780198" lon="114.1998942818"><ele>391.000</ele></trkpt>
      <trkpt lat="22.2663815405" lon="114.1998972008"><ele>391.000</ele></trkpt>
      <trkpt lat="22.2663843687" lon="114.1998983937"><ele>391.000</ele></trkpt>
      <trkpt lat="22.2663855733" lon="114.1998992710"><ele>391.000</ele></trkpt>
      <trkpt lat="22.2663865231" lon="114.1999005567"><ele>391.000</ele></trkpt>
      <trkpt lat="22.2663871668" lon="114.1999020102"><ele>391.000</ele></trkpt>
      <trkpt lat="22.2663873643" lon="114.1999035762"><ele>391.000</ele></trkpt>
      <trkpt lat="22.2663872900" lon="114.1999057447"><ele>391.000</ele></trkpt>
      <trkpt lat="22.2663861238" lon="114.1999140516"><ele>392.000</ele></trkpt>
      <trkpt lat="22.2663832519" lon="114.1999280118"><ele>392.000</ele></trkpt>
      <trkpt lat="22.2663826546" lon="114.1999304285"><ele>392.000</ele></trkpt>
      <trkpt lat="22.2663808451" lon="114.1999353085"><ele>392.000</ele></trkpt>
      <trkpt lat="22.2663760547" lon="114.1999453535"><ele>392.000</ele></trkpt>
      <trkpt lat="22.2663692321" lon="114.1999579324"><ele>390.000</ele></trkpt>
      <trkpt lat="22.2663654372" lon="114.1999659429"><ele>390.000</ele></trkpt>
      <trkpt lat="22.2663608715" lon="114.1999767486"><ele>390.000</ele></trkpt>
      <trkpt lat="22.2663568053" lon="114.1999875738"><ele>390.000</ele></trkpt>
      <trkpt lat="22.2663535712" lon="114.1999954670"><ele>390.000</ele></trkpt>
      <trkpt lat="22.2663513606" lon="114.2000006322"><ele>390.000</ele></trkpt>
      <trkpt lat="22.2663490400" lon="114.2000055150"><ele>390.000</ele></trkpt>
      <trkpt lat="22.2663463753" lon="114.2000101008"><ele>391.000</ele></trkpt>
      <trkpt lat="22.2663399712" lon="114.2000195110"><ele>391.000</ele></trkpt>
      <trkpt lat="22.2663326744" lon="114.2000320762"><ele>391.000</ele></trkpt>
      <trkpt lat="22.2663284858" lon="114.2000397306"><ele>390.000</ele></trkpt>
      <trkpt lat="22.2663257994" lon="114.2000450102"><ele>390.000</ele></trkpt>
      <trkpt lat="22.2663244886" lon="114.2000478799"><ele>390.000</ele></trkpt>
      <trkpt lat="22.2663223367" lon="114.2000535641"><ele>390.000</ele></trkpt>
      <trkpt lat="22.2663204909" lon="114.2000592998"><ele>391.000</ele></trkpt>
      <trkpt lat="22.2663181977" lon="114.2000676007"><ele>391.000</ele></trkpt>
      <trkpt lat="22.2663152607" lon="114.2000759171"><ele>391.000</ele></trkpt>
      <trkpt lat="22.2663144808" lon="114.2000794234"><ele>391.000</ele></trkpt>
      <trkpt lat="22.2663140538" lon="114.2000852709"><ele>391.000</ele></trkpt>
      <trkpt lat="22.2663137996" lon="114.2000880030"><ele>391.000</ele></trkpt>
      <trkpt lat="22.2663113407" lon="114.2000993087"><ele>391.000</ele></trkpt>
      <trkpt lat="22.2663100508" lon="114.2001081676"><ele>392.000</ele></trkpt>
      <trkpt lat="22.2663085780" lon="114.2001198441"><ele>392.000</ele></trkpt>
      <trkpt lat="22.2663074556" lon="114.2001316196"><ele>392.000</ele></trkpt>
      <trkpt lat="22.2663071531" lon="114.2001376932"><ele>392.000</ele></trkpt>
      <trkpt lat="22.2663071703" lon="114.2001437115"><ele>392.000</ele></trkpt>
      <trkpt lat="22.2663074513" lon="114.2001554698"><ele>392.000</ele></trkpt>
      <trkpt lat="22.2663079427" lon="114.2001670312"><ele>392.000</ele></trkpt>
      <trkpt lat="22.2663079261" lon="114.2001696605"><ele>392.000</ele></trkpt>
      <trkpt lat="22.2663075975" lon="114.2001752014"><ele>392.000</ele></trkpt>
      <trkpt lat="22.2663070115" lon="114.2001807957"><ele>392.000</ele></trkpt>
      <trkpt lat="22.2663055207" lon="114.2001921976"><ele>392.000</ele></trkpt>
      <trkpt lat="22.2663032230" lon="114.2002065566"><ele>392.000</ele></trkpt>
      <trkpt lat="22.2663024699" lon="114.2002124826"><ele>392.000</ele></trkpt>
      <trkpt lat="22.2663010455" lon="114.2002270931"><ele>392.000</ele></trkpt>
      <trkpt lat="22.2663001769" lon="114.2002385902"><ele>392.000</ele></trkpt>
      <trkpt lat="22.2662998189" lon="114.2002411797"><ele>392.000</ele></trkpt>
      <trkpt lat="22.2662981894" lon="114.2002498203"><ele>392.000</ele></trkpt>
      <trkpt lat="22.2662978142" lon="114.2002531374"><ele>391.000</ele></trkpt>
      <trkpt lat="22.2662977415" lon="114.2002564624"><ele>391.000</ele></trkpt>
      <trkpt lat="22.2662978972" lon="114.2002596118"><ele>391.000</ele></trkpt>
      <trkpt lat="22.2662992814" lon="114.2002800276"><ele>391.000</ele></trkpt>
      <trkpt lat="22.2663004262" lon="114.2002944202"><ele>391.000</ele></trkpt>
      <trkpt lat="22.2663007944" lon="114.2003089494"><ele>390.000</ele></trkpt>
      <trkpt lat="22.2663018633" lon="114.2003234264"><ele>390.000</ele></trkpt>
      <trkpt lat="22.2663019023" lon="114.2003285463"><ele>390.000</ele></trkpt>
      <trkpt lat="22.2662974706" lon="114.2003623465"><ele>388.000</ele></trkpt>
      <trkpt lat="22.2662951656" lon="114.2003771198"><ele>388.000</ele></trkpt>
      <trkpt lat="22.2662933930" lon="114.2003887962"><ele>388.000</ele></trkpt>
      <trkpt lat="22.2662904836" lon="114.2004118726"><ele>387.000</ele></trkpt>
      <trkpt lat="22.2662890309" lon="114.2004221918"><ele>387.000</ele></trkpt>
      <trkpt lat="22.2662868423" lon="114.2004377083"><ele>387.000</ele></trkpt>
      <trkpt lat="22.2662855149" lon="114.2004493954"><ele>386.000</ele></trkpt>
      <trkpt lat="22.2662846402" lon="114.2004594488"><ele>386.000</ele></trkpt>
      <trkpt lat="22.2662839925" lon="114.2004669243"><ele>386.000</ele></trkpt>
      <trkpt lat="22.2662828801" lon="114.2004844776"><ele>386.000</ele></trkpt>
      <trkpt lat="22.2662826779" lon="114.2004897701"><ele>386.000</ele></trkpt>
      <trkpt lat="22.2662825492" lon="114.2004933386"><ele>386.000</ele></trkpt>
      <trkpt lat="22.2662822753" lon="114.2005137250"><ele>384.000</ele></trkpt>
      <trkpt lat="22.2662819742" lon="114.2005222097"><ele>384.000</ele></trkpt>
      <trkpt lat="22.2662802577" lon="114.2005394814"><ele>384.000</ele></trkpt>
      <trkpt lat="22.2662798035" lon="114.2005455472"><ele>384.000</ele></trkpt>
      <trkpt lat="22.2662798026" lon="114.2005516655"><ele>384.000</ele></trkpt>
      <trkpt lat="22.2662801526" lon="114.2005603733"><ele>384.000</ele></trkpt>
      <trkpt lat="22.2662800416" lon="114.2005721597"><ele>384.000</ele></trkpt>
      <trkpt lat="22.2662803455" lon="114.2005755148"><ele>384.000</ele></trkpt>
      <trkpt lat="22.2662808868" lon="114.2005786953"><ele>384.000</ele></trkpt>
      <trkpt lat="22.2662827287" lon="114.2005872695"><ele>384.000</ele></trkpt>
      <trkpt lat="22.2662832214" lon="114.2005898805"><ele>384.000</ele></trkpt>
      <trkpt lat="22.2662848303" lon="114.2005984440"><ele>382.000</ele></trkpt>
      <trkpt lat="22.2662851280" lon="114.2006009453"><ele>382.000</ele></trkpt>
      <trkpt lat="22.2662853512" lon="114.2006062884"><ele>382.000</ele></trkpt>
      <trkpt lat="22.2662850325" lon="114.2006115228"><ele>382.000</ele></trkpt>
      <trkpt lat="22.2662846059" lon="114.2006139415"><ele>382.000</ele></trkpt>
      <trkpt lat="22.2662774525" lon="114.2006955948"><ele>381.000</ele></trkpt>
      <trkpt lat="22.2662756981" lon="114.2007124503"><ele>381.000</ele></trkpt>
      <trkpt lat="22.2662744854" lon="114.2007175778"><ele>381.000</ele></trkpt>
      <trkpt lat="22.2662606864" lon="114.2007802853"><ele>380.000</ele></trkpt>
      <trkpt lat="22.2662480613" lon="114.2008305508"><ele>379.000</ele></trkpt>
      <trkpt lat="22.2662466634" lon="114.2008422699"><ele>378.000</ele></trkpt>
      <trkpt lat="22.2662452846" lon="114.2008538009"><ele>378.000</ele></trkpt>
      <trkpt lat="22.2662437784" lon="114.2008651960"><ele>378.000</ele></trkpt>
      <trkpt lat="22.2662428212" lon="114.2008704583"><ele>378.000</ele></trkpt>
      <trkpt lat="22.2662412555" lon="114.2008754295"><ele>378.000</ele></trkpt>
      <trkpt lat="22.2662405147" lon="114.2008772660"><ele>378.000</ele></trkpt>
      <trkpt lat="22.2662402988" lon="114.2008777928"><ele>378.000</ele></trkpt>
      <trkpt lat="22.2662379898" lon="114.2008828192"><ele>376.000</ele></trkpt>
      <trkpt lat="22.2662354858" lon="114.2008875845"><ele>376.000</ele></trkpt>
      <trkpt lat="22.2662277149" lon="114.2009000041"><ele>376.000</ele></trkpt>
      <trkpt lat="22.2662262288" lon="114.2009039207"><ele>376.000</ele></trkpt>
      <trkpt lat="22.2662260963" lon="114.2009081712"><ele>376.000</ele></trkpt>
      <trkpt lat="22.2662308368" lon="114.2009488567"><ele>374.000</ele></trkpt>
      <trkpt lat="22.2662315902" lon="114.2009528794"><ele>374.000</ele></trkpt>
      <trkpt lat="22.2662335593" lon="114.2009565210"><ele>374.000</ele></trkpt>
      <trkpt lat="22.2662359357" lon="114.2009592827"><ele>374.000</ele></trkpt>
      <trkpt lat="22.2662456509" lon="114.2009653473"><ele>374.000</ele></trkpt>
      <trkpt lat="22.2662722039" lon="114.2009764881"><ele>374.000</ele></trkpt>
      <trkpt lat="22.2662794027" lon="114.2009793962"><ele>374.000</ele></trkpt>
      <trkpt lat="22.2662814119" lon="114.2009805404"><ele>372.000</ele></trkpt>
      <trkpt lat="22.2662883585" lon="114.2009850415"><ele>371.000</ele></trkpt>
      <trkpt lat="22.2662954559" lon="114.2009892507"><ele>371.000</ele></trkpt>
      <trkpt lat="22.2662996855" lon="114.2009921611"><ele>371.000</ele></trkpt>
      <trkpt lat="22.2663014869" lon="114.2009936759"><ele>371.000</ele></trkpt>
      <trkpt lat="22.2663031952" lon="114.2009953703"><ele>371.000</ele></trkpt>
      <trkpt lat="22.2663066226" lon="114.2009993789"><ele>371.000</ele></trkpt>
      <trkpt lat="22.2663096066" lon="114.2010035417"><ele>371.000</ele></trkpt>
      <trkpt lat="22.2663107938" lon="114.2010057841"><ele>371.000</ele></trkpt>
      <trkpt lat="22.2663122320" lon="114.2010084961"><ele>371.000</ele></trkpt>
      <trkpt lat="22.2663140106" lon="114.2010113993"><ele>371.000</ele></trkpt>
      <trkpt lat="22.2663164097" lon="114.2010141562"><ele>371.000</ele></trkpt>
      <trkpt lat="22.2663192107" lon="114.2010163067"><ele>371.000</ele></trkpt>
      <trkpt lat="22.2663243613" lon="114.2010193832"><ele>371.000</ele></trkpt>
      <trkpt lat="22.2663317008" lon="114.2010230578"><ele>370.000</ele></trkpt>
      <trkpt lat="22.2663336847" lon="114.2010243058"><ele>370.000</ele></trkpt>
      <trkpt lat="22.2663355665" lon="114.2010257159"><ele>370.000</ele></trkpt>
      <trkpt lat="22.2663370473" lon="114.2010271443"><ele>370.000</ele></trkpt>
      <trkpt lat="22.2663380739" lon="114.2010286173"><ele>368.000</ele></trkpt>
      <trkpt lat="22.2663388827" lon="114.2010304871"><ele>368.000</ele></trkpt>
      <trkpt lat="22.2663395353" lon="114.2010327721"><ele>368.000</ele></trkpt>
      <trkpt lat="22.2663399793" lon="114.2010351085"><ele>368.000</ele></trkpt>
      <trkpt lat="22.2663401685" lon="114.2010374701"><ele>368.000</ele></trkpt>
      <trkpt lat="22.2663401258" lon="114.2010398199"><ele>368.000</ele></trkpt>
      <trkpt lat="22.2663398202" lon="114.2010419825"><ele>368.000</ele></trkpt>
      <trkpt lat="22.2663381351" lon="114.2010476009"><ele>368.000</ele></trkpt>
      <trkpt lat="22.2663374347" lon="114.2010514137"><ele>368.000</ele></trkpt>
      <trkpt lat="22.2663378251" lon="114.2010556333"><ele>368.000</ele></trkpt>
      <trkpt lat="22.2663541338" lon="114.2010966138"><ele>365.000</ele></trkpt>
      <trkpt lat="22.2663568854" lon="114.2011023164"><ele>365.000</ele></trkpt>
      <trkpt lat="22.2663602441" lon="114.2011076192"><ele>365.000</ele></trkpt>
      <trkpt lat="22.2663623325" lon="114.2011102441"><ele>365.000</ele></trkpt>
      <trkpt lat="22.2663646178" lon="114.2011125323"><ele>365.000</ele></trkpt>
      <trkpt lat="22.2663688345" lon="114.2011162121"><ele>365.000</ele></trkpt>
      <trkpt lat="22.2663705555" lon="114.2011179511"><ele>365.000</ele></trkpt>
      <trkpt lat="22.2663740028" lon="114.2011219946"><ele>365.000</ele></trkpt>
      <trkpt lat="22.2663743116" lon="114.2011224060"><ele>365.000</ele></trkpt>
      <trkpt lat="22.2663771999" lon="114.2011262913"><ele>361.000</ele></trkpt>
      <trkpt lat="22.2663848661" lon="114.2011379791"><ele>361.000</ele></trkpt>
      <trkpt lat="22.2663876694" lon="114.2011427143"><ele>361.000</ele></trkpt>
      <trkpt lat="22.2663903111" lon="114.2011475523"><ele>361.000</ele></trkpt>
      <trkpt lat="22.2663939186" lon="114.2011550179"><ele>361.000</ele></trkpt>
      <trkpt lat="22.2663957375" lon="114.2011598655"><ele>361.000</ele></trkpt>
      <trkpt lat="22.2663962845" lon="114.2011621224"><ele>361.000</ele></trkpt>
      <trkpt lat="22.2663966634" lon="114.2011646470"><ele>361.000</ele></trkpt>
      <trkpt lat="22.2663972369" lon="114.2011702696"><ele>361.000</ele></trkpt>
      <trkpt lat="22.2663974243" lon="114.2011729203"><ele>361.000</ele></trkpt>
      <trkpt lat="22.2663974148" lon="114.2011759425"><ele>359.000</ele></trkpt>
      <trkpt lat="22.2663977601" lon="114.2011797342"><ele>359.000</ele></trkpt>
      <trkpt lat="22.2663991467" lon="114.2011836164"><ele>359.000</ele></trkpt>
      <trkpt lat="22.2664075487" lon="114.2011959097"><ele>359.000</ele></trkpt>
      <trkpt lat="22.2664104821" lon="114.2012004586"><ele>359.000</ele></trkpt>
      <trkpt lat="22.2664157500" lon="114.2012102637"><ele>359.000</ele></trkpt>
      <trkpt lat="22.2664179383" lon="114.2012151754"><ele>359.000</ele></trkpt>
      <trkpt lat="22.2664187228" lon="114.2012173324"><ele>359.000</ele></trkpt>
      <trkpt lat="22.2664191397" lon="114.2012193156"><ele>359.000</ele></trkpt>
      <trkpt lat="22.2664197877" lon="114.2012276714"><ele>356.000</ele></trkpt>
      <trkpt lat="22.2664196808" lon="114.2012303618"><ele>356.000</ele></trkpt>
      <trkpt lat="22.2664185352" lon="114.2012456592"><ele>356.000</ele></trkpt>
      <trkpt lat="22.2664166510" lon="114.2012606160"><ele>356.000</ele></trkpt>
      <trkpt lat="22.2664159490" lon="114.2012681555"><ele>356.000</ele></trkpt>
      <trkpt lat="22.2664161983" lon="114.2012743796"><ele>354.000</ele></trkpt>
      <trkpt lat="22.2664165987" lon="114.2012776542"><ele>354.000</ele></trkpt>
      <trkpt lat="22.2664179661" lon="114.2012824251"><ele>354.000</ele></trkpt>
      <trkpt lat="22.2664201479" lon="114.2012884768"><ele>352.000</ele></trkpt>
      <trkpt lat="22.2664228622" lon="114.2012966990"><ele>352.000</ele></trkpt>
      <trkpt lat="22.2664267239" lon="114.2013074906"><ele>352.000</ele></trkpt>
      <trkpt lat="22.2664279604" lon="114.2013121566"><ele>352.000</ele></trkpt>
      <trkpt lat="22.2664291758" lon="114.2013192026"><ele>352.000</ele></trkpt>
      <trkpt lat="22.2664299371" lon="114.2013246157"><ele>350.000</ele></trkpt>
      <trkpt lat="22.2664304696" lon="114.2013329229"><ele>350.000</ele></trkpt>
      <trkpt lat="22.2664304001" lon="114.2013384484"><ele>350.000</ele></trkpt>
      <trkpt lat="22.2664300124" lon="114.2013467671"><ele>350.000</ele></trkpt>
      <trkpt lat="22.2664299127" lon="114.2013550615"><ele>350.000</ele></trkpt>
      <trkpt lat="22.2664351354" lon="114.2013591365"><ele>350.000</ele></trkpt>
      <trkpt lat="22.2664564009" lon="114.2013523320"><ele>350.000</ele></trkpt>
      <trkpt lat="22.2664668473" lon="114.2013542278"><ele>347.000</ele></trkpt>
      <trkpt lat="22.2664816080" lon="114.2013592959"><ele>347.000</ele></trkpt>
      <trkpt lat="22.2664888218" lon="114.2013648847"><ele>347.000</ele></trkpt>
      <trkpt lat="22.2664918147" lon="114.2013753356"><ele>346.000</ele></trkpt>
      <trkpt lat="22.2664928356" lon="114.2014146457"><ele>346.000</ele></trkpt>
      <trkpt lat="22.2664930592" lon="114.2014171082"><ele>344.000</ele></trkpt>
      <trkpt lat="22.2664930592" lon="114.2014170306"><ele>344.000</ele></trkpt>
      <trkpt lat="22.2664930592" lon="114.2014171082"><ele>344.000</ele></trkpt>
      <trkpt lat="22.2664935693" lon="114.2014239319"><ele>344.000</ele></trkpt>
      <trkpt lat="22.2664936522" lon="114.2014247498"><ele>344.000</ele></trkpt>
      <trkpt lat="22.2664937090" lon="114.2014254989"><ele>344.000</ele></trkpt>
      <trkpt lat="22.2664937270" lon="114.2014261509"><ele>344.000</ele></trkpt>
      <trkpt lat="22.2664937097" lon="114.2014267689"><ele>344.000</ele></trkpt>
      <trkpt lat="22.2664936645" lon="114.2014272860"><ele>344.000</ele></trkpt>
      <trkpt lat="22.2664935777" lon="114.2014277798"><ele>344.000</ele></trkpt>
      <trkpt lat="22.2664934521" lon="114.2014282892"><ele>344.000</ele></trkpt>
      <trkpt lat="22.2664932714" lon="114.2014288121"><ele>344.000</ele></trkpt>
      <trkpt lat="22.2664930483" lon="114.2014293418"><ele>344.000</ele></trkpt>
      <trkpt lat="22.2664928116" lon="114.2014297900"><ele>344.000</ele></trkpt>
      <trkpt lat="22.2664925542" lon="114.2014301888"><ele>344.000</ele></trkpt>
      <trkpt lat="22.2664922950" lon="114.2014305128"><ele>344.000</ele></trkpt>
      <trkpt lat="22.2664918750" lon="114.2014309396"><ele>344.000</ele></trkpt>
      <trkpt lat="22.2664912590" lon="114.2014315381"><ele>344.000</ele></trkpt>
      <trkpt lat="22.2664885982" lon="114.2014340874"><ele>344.000</ele></trkpt>
      <trkpt lat="22.2664879208" lon="114.2014347374"><ele>344.000</ele></trkpt>
      <trkpt lat="22.2664872669" lon="114.2014353640"><ele>344.000</ele></trkpt>
      <trkpt lat="22.2664838916" lon="114.2014385535"><ele>344.000</ele></trkpt>
      <trkpt lat="22.2664832142" lon="114.2014391938"><ele>344.000</ele></trkpt>
      <trkpt lat="22.2664825368" lon="114.2014398340"><ele>344.000</ele></trkpt>
      <trkpt lat="22.2664818721" lon="114.2014404626"><ele>344.000</ele></trkpt>
      <trkpt lat="22.2664812001" lon="114.2014410893"><ele>344.000</ele></trkpt>
      <trkpt lat="22.2664805227" lon="114.2014417198"><ele>344.000</ele></trkpt>
      <trkpt lat="22.2664791625" lon="114.2014429886"><ele>344.000</ele></trkpt>
      <trkpt lat="22.2664784761" lon="114.2014436191"><ele>344.000</ele></trkpt>
      <trkpt lat="22.2664777896" lon="114.2014442594"><ele>344.000</ele></trkpt>
      <trkpt lat="22.2664764430" lon="114.2014454962"><ele>344.000</ele></trkpt>
      <trkpt lat="22.2664757475" lon="114.2014461267"><ele>344.000</ele></trkpt>
      <trkpt lat="22.2664750611" lon="114.2014467572"><ele>344.000</ele></trkpt>
      <trkpt lat="22.2664743657" lon="114.2014473878"><ele>344.000</ele></trkpt>
      <trkpt lat="22.2664736792" lon="114.2014480183"><ele>344.000</ele></trkpt>
      <trkpt lat="22.2664730109" lon="114.2014486246"><ele>344.000</ele></trkpt>
      <trkpt lat="22.2664723154" lon="114.2014492454"><ele>344.000</ele></trkpt>
      <trkpt lat="22.2664716200" lon="114.2014498759"><ele>344.000</ele></trkpt>
      <trkpt lat="22.2664702552" lon="114.2014510933"><ele>344.000</ele></trkpt>
      <trkpt lat="22.2664695508" lon="114.2014517142"><ele>344.000</ele></trkpt>
      <trkpt lat="22.2664688553" lon="114.2014523350"><ele>344.000</ele></trkpt>
      <trkpt lat="22.2664681788" lon="114.2014529316"><ele>344.000</ele></trkpt>
      <trkpt lat="22.2664674743" lon="114.2014535427"><ele>344.000</ele></trkpt>
      <trkpt lat="22.2664667698" lon="114.2014541635"><ele>344.000</ele></trkpt>
      <trkpt lat="22.2664646862" lon="114.2014559707"><ele>344.000</ele></trkpt>
      <trkpt lat="22.2664639935" lon="114.2014565624"><ele>344.000</ele></trkpt>
      <trkpt lat="22.2664632799" lon="114.2014571735"><ele>344.000</ele></trkpt>
      <trkpt lat="22.2664625908" lon="114.2014577614"><ele>344.000</ele></trkpt>
      <trkpt lat="22.2664597648" lon="114.2014601438"><ele>344.000</ele></trkpt>
      <trkpt lat="22.2664583648" lon="114.2014613049"><ele>344.000</ele></trkpt>
      <trkpt lat="22.2664576423" lon="114.2014618966"><ele>344.000</ele></trkpt>
      <trkpt lat="22.2664569450" lon="114.2014624747"><ele>344.000</ele></trkpt>
      <trkpt lat="22.2664540991" lon="114.2014647679"><ele>344.000</ele></trkpt>
      <trkpt lat="22.2664533883" lon="114.2014653305"><ele>344.000</ele></trkpt>
      <trkpt lat="22.2664526730" lon="114.2014658989"><ele>344.000</ele></trkpt>
      <trkpt lat="22.2664519667" lon="114.2014664489"><ele>344.000</ele></trkpt>
      <trkpt lat="22.2664512189" lon="114.2014670348"><ele>344.000</ele></trkpt>
      <trkpt lat="22.2664505126" lon="114.2014675935"><ele>344.000</ele></trkpt>
      <trkpt lat="22.2664490947" lon="114.2014686838"><ele>344.000</ele></trkpt>
      <trkpt lat="22.2664484200" lon="114.2014691940"><ele>344.000</ele></trkpt>
      <trkpt lat="22.2664477968" lon="114.2014696461"><ele>344.000</ele></trkpt>
      <trkpt lat="22.2664471547" lon="114.2014700709"><ele>344.000</ele></trkpt>
      <trkpt lat="22.2664465035" lon="114.2014704812"><ele>344.000</ele></trkpt>
      <trkpt lat="22.2664458379" lon="114.2014708624"><ele>344.000</ele></trkpt>
      <trkpt lat="22.2664451235" lon="114.2014712455"><ele>344.000</ele></trkpt>
      <trkpt lat="22.2664443612" lon="114.2014716286"><ele>344.000</ele></trkpt>
      <trkpt lat="22.2664435818" lon="114.2014720078"><ele>344.000</ele></trkpt>
      <trkpt lat="22.2664427925" lon="114.2014723696"><ele>344.000</ele></trkpt>
      <trkpt lat="22.2664419941" lon="114.2014727236"><ele>344.000</ele></trkpt>
      <trkpt lat="22.2664411669" lon="114.2014730679"><ele>344.000</ele></trkpt>
      <trkpt lat="22.2664394067" lon="114.2014737933"><ele>344.000</ele></trkpt>
      <trkpt lat="22.2664385469" lon="114.2014741376"><ele>344.000</ele></trkpt>
      <trkpt lat="22.2664376619" lon="114.2014744877"><ele>344.000</ele></trkpt>
      <trkpt lat="22.2664367470" lon="114.2014748543"><ele>344.000</ele></trkpt>
      <trkpt lat="22.2664358376" lon="114.2014752228"><ele>344.000</ele></trkpt>
      <trkpt lat="22.2664349128" lon="114.2014756059"><ele>344.000</ele></trkpt>
      <trkpt lat="22.2664339952" lon="114.2014760064"><ele>344.000</ele></trkpt>
      <trkpt lat="22.2664330903" lon="114.2014764050"><ele>344.000</ele></trkpt>
      <trkpt lat="22.2664321736" lon="114.2014768289"><ele>344.000</ele></trkpt>
      <trkpt lat="22.2664312515" lon="114.2014772750"><ele>344.000</ele></trkpt>
      <trkpt lat="22.2664303258" lon="114.2014777551"><ele>344.000</ele></trkpt>
      <trkpt lat="22.2664294073" lon="114.2014782653"><ele>344.000</ele></trkpt>
      <trkpt lat="22.2664285339" lon="114.2014787900"><ele>344.000</ele></trkpt>
      <trkpt lat="22.2664276254" lon="114.2014793613"><ele>344.000</ele></trkpt>
      <trkpt lat="22.2664267376" lon="114.2014799967"><ele>344.000</ele></trkpt>
      <trkpt lat="22.2664259021" lon="114.2014806340"><ele>344.000</ele></trkpt>
      <trkpt lat="22.2664250441" lon="114.2014813508"><ele>344.000</ele></trkpt>
      <trkpt lat="22.2664242267" lon="114.2014821259"><ele>344.000</ele></trkpt>
      <trkpt lat="22.2664233849" lon="114.2014830019"><ele>344.000</ele></trkpt>
      <trkpt lat="22.2664225052" lon="114.2014841097"><ele>344.000</ele></trkpt>
      <trkpt lat="22.2664217338" lon="114.2014853699"><ele>344.000</ele></trkpt>
      <trkpt lat="22.2664211222" lon="114.2014866515"><ele>344.000</ele></trkpt>
      <trkpt lat="22.2664206479" lon="114.2014879331"><ele>344.000</ele></trkpt>
      <trkpt lat="22.2664202702" lon="114.2014892341"><ele>344.000</ele></trkpt>
      <trkpt lat="22.2664200000" lon="114.2014905089"><ele>344.000</ele></trkpt>
      <trkpt lat="22.2664197948" lon="114.2014917595"><ele>344.000</ele></trkpt>
      <trkpt lat="22.2664196492" lon="114.2014930111"><ele>344.000</ele></trkpt>
      <trkpt lat="22.2664195533" lon="114.2014942336"><ele>344.000</ele></trkpt>
      <trkpt lat="22.2664194908" lon="114.2014954328"><ele>344.000</ele></trkpt>
      <trkpt lat="22.2664194608" lon="114.2014966252"><ele>344.000</ele></trkpt>
      <trkpt lat="22.2664194507" lon="114.2014977652"><ele>344.000</ele></trkpt>
      <trkpt lat="22.2664194506" lon="114.2014988819"><ele>344.000</ele></trkpt>
      <trkpt lat="22.2664194594" lon="114.2014999550"><ele>344.000</ele></trkpt>
      <trkpt lat="22.2664194683" lon="114.2015009931"><ele>344.000</ele></trkpt>
      <trkpt lat="22.2664194772" lon="114.2015019605"><ele>344.000</ele></trkpt>
      <trkpt lat="22.2664194680" lon="114.2015029249"><ele>344.000</ele></trkpt>
      <trkpt lat="22.2664194678" lon="114.2015042327"><ele>344.000</ele></trkpt>
      <trkpt lat="22.2664196518" lon="114.2015058346"><ele>344.000</ele></trkpt>
      <trkpt lat="22.2664200038" lon="114.2015073308"><ele>344.000</ele></trkpt>
      <trkpt lat="22.2664204226" lon="114.2015085892"><ele>344.000</ele></trkpt>
      <trkpt lat="22.2664208243" lon="114.2015096702"><ele>344.000</ele></trkpt>
      <trkpt lat="22.2664212034" lon="114.2015106143"><ele>344.000</ele></trkpt>
      <trkpt lat="22.2664214869" lon="114.2015113546"><ele>344.000</ele></trkpt>
      <trkpt lat="22.2664217387" lon="114.2015121357"><ele>344.000</ele></trkpt>
      <trkpt lat="22.2664241823" lon="114.2015187017"><ele>342.000</ele></trkpt>
      <trkpt lat="22.2664256214" lon="114.2015216126"><ele>342.000</ele></trkpt>
      <trkpt lat="22.2664347056" lon="114.2015376948"><ele>342.000</ele></trkpt>
      <trkpt lat="22.2664407266" lon="114.2015475311"><ele>342.000</ele></trkpt>
      <trkpt lat="22.2664545149" lon="114.2015691425"><ele>340.000</ele></trkpt>
      <trkpt lat="22.2664604285" lon="114.2015787779"><ele>340.000</ele></trkpt>
      <trkpt lat="22.2665031674" lon="114.2016530431"><ele>338.000</ele></trkpt>
      <trkpt lat="22.2665062488" lon="114.2016580821"><ele>338.000</ele></trkpt>
      <trkpt lat="22.2665111053" lon="114.2016650356"><ele>336.000</ele></trkpt>
      <trkpt lat="22.2665121761" lon="114.2016669986"><ele>336.000</ele></trkpt>
      <trkpt lat="22.2665139480" lon="114.2016718539"><ele>336.000</ele></trkpt>
      <trkpt lat="22.2665153840" lon="114.2016771264"><ele>336.000</ele></trkpt>
      <trkpt lat="22.2665190809" lon="114.2016968878"><ele>336.000</ele></trkpt>
      <trkpt lat="22.2665222798" lon="114.2017126226"><ele>336.000</ele></trkpt>
      <trkpt lat="22.2665261712" lon="114.2017177267"><ele>336.000</ele></trkpt>
      <trkpt lat="22.2665289512" lon="114.2017214733"><ele>336.000</ele></trkpt>
      <trkpt lat="22.2665353128" lon="114.2017306508"><ele>336.000</ele></trkpt>
      <trkpt lat="22.2665379752" lon="114.2017352977"><ele>336.000</ele></trkpt>
      <trkpt lat="22.2665429721" lon="114.2017454191"><ele>336.000</ele></trkpt>
      <trkpt lat="22.2665502891" lon="114.2017610198"><ele>335.000</ele></trkpt>
      <trkpt lat="22.2665553691" lon="114.2017712101"><ele>335.000</ele></trkpt>
      <trkpt lat="22.2665563440" lon="114.2017735553"><ele>336.000</ele></trkpt>
      <trkpt lat="22.2665571447" lon="114.2017759267"><ele>336.000</ele></trkpt>
      <trkpt lat="22.2665598792" lon="114.2017870994"><ele>336.000</ele></trkpt>
      <trkpt lat="22.2665607593" lon="114.2017901742"><ele>336.000</ele></trkpt>
      <trkpt lat="22.2665629817" lon="114.2017959388"><ele>336.000</ele></trkpt>
      <trkpt lat="22.2665643711" lon="114.2017988390"><ele>336.000</ele></trkpt>
      <trkpt lat="22.2665659014" lon="114.2018015938"><ele>336.000</ele></trkpt>
      <trkpt lat="22.2665676132" lon="114.2018042719"><ele>336.000</ele></trkpt>
      <trkpt lat="22.2665745166" lon="114.2018132527"><ele>335.000</ele></trkpt>
      <trkpt lat="22.2665773976" lon="114.2018177880"><ele>335.000</ele></trkpt>
      <trkpt lat="22.2665871995" lon="114.2018349406"><ele>335.000</ele></trkpt>
      <trkpt lat="22.2665922398" lon="114.2018452327"><ele>335.000</ele></trkpt>
      <trkpt lat="22.2665952353" lon="114.2018505501"><ele>335.000</ele></trkpt>
      <trkpt lat="22.2666019798" lon="114.2018598743"><ele>335.000</ele></trkpt>
      <trkpt lat="22.2666098102" lon="114.2018718493"><ele>335.000</ele></trkpt>
      <trkpt lat="22.2666134687" lon="114.2018765934"><ele>335.000</ele></trkpt>
      <trkpt lat="22.2666265997" lon="114.2018913084"><ele>335.000</ele></trkpt>
      <trkpt lat="22.2666318292" lon="114.2018980612"><ele>335.000</ele></trkpt>
      <trkpt lat="22.2666339998" lon="114.2019003940"><ele>335.000</ele></trkpt>
      <trkpt lat="22.2666404297" lon="114.2019063135"><ele>334.000</ele></trkpt>
      <trkpt lat="22.2666491522" lon="114.2019131630"><ele>334.000</ele></trkpt>
      <trkpt lat="22.2666509545" lon="114.2019148758"><ele>334.000</ele></trkpt>
      <trkpt lat="22.2666605958" lon="114.2019248631"><ele>334.000</ele></trkpt>
      <trkpt lat="22.2666622428" lon="114.2019267108"><ele>334.000</ele></trkpt>
      <trkpt lat="22.2666635781" lon="114.2019285787"><ele>334.000</ele></trkpt>
      <trkpt lat="22.2666662838" lon="114.2019335429"><ele>334.000</ele></trkpt>
      <trkpt lat="22.2666680651" lon="114.2019363753"><ele>334.000</ele></trkpt>
      <trkpt lat="22.2666703296" lon="114.2019389527"><ele>334.000</ele></trkpt>
      <trkpt lat="22.2666749066" lon="114.2019429741"><ele>334.000</ele></trkpt>
      <trkpt lat="22.2666774873" lon="114.2019448462"><ele>334.000</ele></trkpt>
      <trkpt lat="22.2666826126" lon="114.2019479586"><ele>334.000</ele></trkpt>
      <trkpt lat="22.2666880198" lon="114.2019502435"><ele>333.000</ele></trkpt>
      <trkpt lat="22.2666957605" lon="114.2019530634"><ele>334.000</ele></trkpt>
      <trkpt lat="22.2667084260" lon="114.2019583282"><ele>334.000</ele></trkpt>
      <trkpt lat="22.2667160737" lon="114.2019609667"><ele>334.000</ele></trkpt>
      <trkpt lat="22.2667178526" lon="114.2019618974"><ele>334.000</ele></trkpt>
      <trkpt lat="22.2667194942" lon="114.2019631755"><ele>334.000</ele></trkpt>
      <trkpt lat="22.2667231655" lon="114.2019668330"><ele>334.000</ele></trkpt>
      <trkpt lat="22.2667304763" lon="114.2019752142"><ele>334.000</ele></trkpt>
      <trkpt lat="22.2667377274" lon="114.2019840359"><ele>334.000</ele></trkpt>
      <trkpt lat="22.2667418727" lon="114.2019883260"><ele>334.000</ele></trkpt>
      <trkpt lat="22.2667462710" lon="114.2019921786"><ele>334.000</ele></trkpt>
      <trkpt lat="22.2667549267" lon="114.2019992115"><ele>332.000</ele></trkpt>
      <trkpt lat="22.2667633340" lon="114.2020066032"><ele>332.000</ele></trkpt>
      <trkpt lat="22.2667678343" lon="114.2020101755"><ele>332.000</ele></trkpt>
      <trkpt lat="22.2667724195" lon="114.2020135508"><ele>332.000</ele></trkpt>
      <trkpt lat="22.2667839685" lon="114.2020215243"><ele>332.000</ele></trkpt>
      <trkpt lat="22.2667889141" lon="114.2020246115"><ele>332.000</ele></trkpt>
      <trkpt lat="22.2667917125" lon="114.2020260149"><ele>332.000</ele></trkpt>
      <trkpt lat="22.2667945886" lon="114.2020271157"><ele>332.000</ele></trkpt>
      <trkpt lat="22.2668023717" lon="114.2020294330"><ele>332.000</ele></trkpt>
      <trkpt lat="22.2668071215" lon="114.2020314559"><ele>332.000</ele></trkpt>
      <trkpt lat="22.2668144268" lon="114.2020349054"><ele>332.000</ele></trkpt>
      <trkpt lat="22.2668264863" lon="114.2020410986"><ele>332.000</ele></trkpt>
      <trkpt lat="22.2668383072" lon="114.2020480408"><ele>332.000</ele></trkpt>
      <trkpt lat="22.2668478401" lon="114.2020533555"><ele>332.000</ele></trkpt>
      <trkpt lat="22.2668498013" lon="114.2020546715"><ele>332.000</ele></trkpt>
      <trkpt lat="22.2668516307" lon="114.2020561815"><ele>332.000</ele></trkpt>
      <trkpt lat="22.2668576433" lon="114.2020620806"><ele>332.000</ele></trkpt>
      <trkpt lat="22.2668621878" lon="114.2020658363"><ele>332.000</ele></trkpt>
      <trkpt lat="22.2668691289" lon="114.2020708934"><ele>332.000</ele></trkpt>
      <trkpt lat="22.2668783203" lon="114.2020767514"><ele>332.000</ele></trkpt>
      <trkpt lat="22.2668797424" lon="114.2020779489"><ele>332.000</ele></trkpt>
      <trkpt lat="22.2668800494" lon="114.2020782022"><ele>332.000</ele></trkpt>
      <trkpt lat="22.2668816630" lon="114.2020799188"><ele>332.000</ele></trkpt>
      <trkpt lat="22.2668855229" lon="114.2020838393"><ele>332.000</ele></trkpt>
      <trkpt lat="22.2668874462" lon="114.2020858014"><ele>332.000</ele></trkpt>
      <trkpt lat="22.2668893622" lon="114.2020876666"><ele>332.000</ele></trkpt>
      <trkpt lat="22.2668913396" lon="114.2020894696"><ele>332.000</ele></trkpt>
      <trkpt lat="22.2668933785" lon="114.2020912261"><ele>332.000</ele></trkpt>
      <trkpt lat="22.2668954841" lon="114.2020929418"><ele>332.000</ele></trkpt>
      <trkpt lat="22.2668976648" lon="114.2020946295"><ele>332.000</ele></trkpt>
      <trkpt lat="22.2668998933" lon="114.2020962987"><ele>330.000</ele></trkpt>
      <trkpt lat="22.2669021652" lon="114.2020979359"><ele>330.000</ele></trkpt>
      <trkpt lat="22.2669044749" lon="114.2020995585"><ele>330.000</ele></trkpt>
      <trkpt lat="22.2669068145" lon="114.2021011744"><ele>330.000</ele></trkpt>
      <trkpt lat="22.2669115660" lon="114.2021043857"><ele>330.000</ele></trkpt>
      <trkpt lat="22.2669163382" lon="114.2021076233"><ele>330.000</ele></trkpt>
      <trkpt lat="22.2669187084" lon="114.2021092663"><ele>330.000</ele></trkpt>
      <trkpt lat="22.2669210715" lon="114.2021109259"><ele>330.000</ele></trkpt>
      <trkpt lat="22.2669234147" lon="114.2021126290"><ele>330.000</ele></trkpt>
      <trkpt lat="22.2669257263" lon="114.2021143613"><ele>330.000</ele></trkpt>
      <trkpt lat="22.2669279927" lon="114.2021161431"><ele>330.000</ele></trkpt>
      <trkpt lat="22.2669302176" lon="114.2021179666"><ele>330.000</ele></trkpt>
      <trkpt lat="22.2669323927" lon="114.2021198638"><ele>330.000</ele></trkpt>
      <trkpt lat="22.2669344984" lon="114.2021218279"><ele>330.000</ele></trkpt>
      <trkpt lat="22.2669365336" lon="114.2021238599"><ele>330.000</ele></trkpt>
      <trkpt lat="22.2669384920" lon="114.2021259870"><ele>330.000</ele></trkpt>
      <trkpt lat="22.2669403520" lon="114.2021281946"><ele>330.000</ele></trkpt>
      <trkpt lat="22.2669421252" lon="114.2021305061"><ele>330.000</ele></trkpt>
      <trkpt lat="22.2669438398" lon="114.2021330300"><ele>330.000</ele></trkpt>
      <trkpt lat="22.2669453637" lon="114.2021358371"><ele>330.000</ele></trkpt>
      <trkpt lat="22.2669465797" lon="114.2021388247"><ele>330.000</ele></trkpt>
      <trkpt lat="22.2669474994" lon="114.2021418937"><ele>330.000</ele></trkpt>
      <trkpt lat="22.2669481663" lon="114.2021450063"><ele>328.000</ele></trkpt>
      <trkpt lat="22.2669486363" lon="114.2021481422"><ele>328.000</ele></trkpt>
      <trkpt lat="22.2669489483" lon="114.2021513111"><ele>328.000</ele></trkpt>
      <trkpt lat="22.2669491383" lon="114.2021544702"><ele>328.000</ele></trkpt>
      <trkpt lat="22.2669492507" lon="114.2021576254"><ele>328.000</ele></trkpt>
      <trkpt lat="22.2669493143" lon="114.2021607680"><ele>328.000</ele></trkpt>
      <trkpt lat="22.2669493590" lon="114.2021638631"><ele>328.000</ele></trkpt>
      <trkpt lat="22.2669494208" lon="114.2021669116"><ele>328.000</ele></trkpt>
      <trkpt lat="22.2669495242" lon="114.2021698921"><ele>328.000</ele></trkpt>
      <trkpt lat="22.2669496954" lon="114.2021727903"><ele>328.000</ele></trkpt>
      <trkpt lat="22.2669499541" lon="114.2021755613"><ele>328.000</ele></trkpt>
      <trkpt lat="22.2669503357" lon="114.2021782169"><ele>328.000</ele></trkpt>
      <trkpt lat="22.2669508509" lon="114.2021807231"><ele>328.000</ele></trkpt>
      <trkpt lat="22.2669515468" lon="114.2021832022"><ele>328.000</ele></trkpt>
      <trkpt lat="22.2669523845" lon="114.2021857861"><ele>328.000</ele></trkpt>
      <trkpt lat="22.2669532835" lon="114.2021884117"><ele>328.000</ele></trkpt>
      <trkpt lat="22.2669542358" lon="114.2021910228"><ele>328.000</ele></trkpt>
      <trkpt lat="22.2669552333" lon="114.2021936358"><ele>327.000</ele></trkpt>
      <trkpt lat="22.2669558147" lon="114.2021950767"><ele>327.000</ele></trkpt>
      <trkpt lat="22.2669562805" lon="114.2021962469"><ele>327.000</ele></trkpt>
      <trkpt lat="22.2669573673" lon="114.2021988386"><ele>327.000</ele></trkpt>
      <trkpt lat="22.2669584922" lon="114.2022014254"><ele>327.000</ele></trkpt>
      <trkpt lat="22.2669596621" lon="114.2022039977"><ele>327.000</ele></trkpt>
      <trkpt lat="22.2669608601" lon="114.2022065545"><ele>327.000</ele></trkpt>
      <trkpt lat="22.2669621023" lon="114.2022091016"><ele>326.000</ele></trkpt>
      <trkpt lat="22.2669633743" lon="114.2022116361"><ele>326.000</ele></trkpt>
      <trkpt lat="22.2669646735" lon="114.2022141453"><ele>326.000</ele></trkpt>
      <trkpt lat="22.2669660006" lon="114.2022166439"><ele>326.000</ele></trkpt>
      <trkpt lat="22.2669673539" lon="114.2022191173"><ele>326.000</ele></trkpt>
      <trkpt lat="22.2669687280" lon="114.2022215751"><ele>326.000</ele></trkpt>
      <trkpt lat="22.2669701264" lon="114.2022240097"><ele>326.000</ele></trkpt>
      <trkpt lat="22.2669715448" lon="114.2022264220"><ele>326.000</ele></trkpt>
      <trkpt lat="22.2669732385" lon="114.2022292418"><ele>326.000</ele></trkpt>
      <trkpt lat="22.2669753183" lon="114.2022347754"><ele>326.000</ele></trkpt>
      <trkpt lat="22.2669765958" lon="114.2022369684"><ele>326.000</ele></trkpt>
      <trkpt lat="22.2669779897" lon="114.2022395630"><ele>326.000</ele></trkpt>
      <trkpt lat="22.2669792852" lon="114.2022418394"><ele>323.000</ele></trkpt>
      <trkpt lat="22.2669805231" lon="114.2022436365"><ele>323.000</ele></trkpt>
      <trkpt lat="22.2669817456" lon="114.2022449000"><ele>323.000</ele></trkpt>
      <trkpt lat="22.2669833836" lon="114.2022459394"><ele>323.000</ele></trkpt>
      <trkpt lat="22.2669857323" lon="114.2022469819"><ele>323.000</ele></trkpt>
      <trkpt lat="22.2669885795" lon="114.2022480904"><ele>323.000</ele></trkpt>
      <trkpt lat="22.2669916696" lon="114.2022494677"><ele>323.000</ele></trkpt>
      <trkpt lat="22.2669948571" lon="114.2022515514"><ele>323.000</ele></trkpt>
      <trkpt lat="22.2669974610" lon="114.2022548934"><ele>323.000</ele></trkpt>
      <trkpt lat="22.2669985982" lon="114.2022588841"><ele>323.000</ele></trkpt>
      <trkpt lat="22.2669987719" lon="114.2022626031"><ele>323.000</ele></trkpt>
      <trkpt lat="22.2669985540" lon="114.2022648375"><ele>323.000</ele></trkpt>
      <trkpt lat="22.2669984382" lon="114.2022660755"><ele>323.000</ele></trkpt>
      <trkpt lat="22.2669978913" lon="114.2022693761"><ele>323.000</ele></trkpt>
      <trkpt lat="22.2669973065" lon="114.2022724934"><ele>323.000</ele></trkpt>
      <trkpt lat="22.2669968555" lon="114.2022753283"><ele>323.000</ele></trkpt>
      <trkpt lat="22.2669966663" lon="114.2022777743"><ele>323.000</ele></trkpt>
      <trkpt lat="22.2669967852" lon="114.2022797788"><ele>323.000</ele></trkpt>
      <trkpt lat="22.2669972617" lon="114.2022817096"><ele>323.000</ele></trkpt>
      <trkpt lat="22.2669980561" lon="114.2022838482"><ele>323.000</ele></trkpt>
      <trkpt lat="22.2669991096" lon="114.2022860460"><ele>323.000</ele></trkpt>
      <trkpt lat="22.2670003925" lon="114.2022882962"><ele>323.000</ele></trkpt>
      <trkpt lat="22.2670018497" lon="114.2022905561"><ele>320.000</ele></trkpt>
      <trkpt lat="22.2670034433" lon="114.2022928180"><ele>320.000</ele></trkpt>
      <trkpt lat="22.2670051235" lon="114.2022950848"><ele>320.000</ele></trkpt>
      <trkpt lat="22.2670068264" lon="114.2022973292"><ele>320.000</ele></trkpt>
      <trkpt lat="22.2670085337" lon="114.2022995912"><ele>320.000</ele></trkpt>
      <trkpt lat="22.2670102401" lon="114.2023018424"><ele>320.000</ele></trkpt>
      <trkpt lat="22.2670153622" lon="114.2023086292"><ele>320.000</ele></trkpt>
      <trkpt lat="22.2670170686" lon="114.2023108901"><ele>320.000</ele></trkpt>
      <trkpt lat="22.2670187750" lon="114.2023131511"><ele>320.000</ele></trkpt>
      <trkpt lat="22.2670204851" lon="114.2023154169"><ele>320.000</ele></trkpt>
      <trkpt lat="22.2670221861" lon="114.2023176817"><ele>320.000</ele></trkpt>
      <trkpt lat="22.2670238880" lon="114.2023199475"><ele>320.000</ele></trkpt>
      <trkpt lat="22.2670255882" lon="114.2023221998"><ele>320.000</ele></trkpt>
      <trkpt lat="22.2670273063" lon="114.2023244646"><ele>320.000</ele></trkpt>
      <trkpt lat="22.2670290164" lon="114.2023267401"><ele>320.000</ele></trkpt>
      <trkpt lat="22.2670324229" lon="114.2023312533"><ele>320.000</ele></trkpt>
      <trkpt lat="22.2670341384" lon="114.2023335143"><ele>320.000</ele></trkpt>
      <trkpt lat="22.2670358448" lon="114.2023357752"><ele>320.000</ele></trkpt>
      <trkpt lat="22.2670392686" lon="114.2023402874"><ele>318.000</ele></trkpt>
      <trkpt lat="22.2670409840" lon="114.2023425387"><ele>318.000</ele></trkpt>
      <trkpt lat="22.2670426959" lon="114.2023447948"><ele>318.000</ele></trkpt>
      <trkpt lat="22.2670478622" lon="114.2023515398"><ele>318.000</ele></trkpt>
      <trkpt lat="22.2670495867" lon="114.2023537911"><ele>318.000</ele></trkpt>
      <trkpt lat="22.2670513039" lon="114.2023560327"><ele>318.000</ele></trkpt>
      <trkpt lat="22.2670564910" lon="114.2023627389"><ele>318.000</ele></trkpt>
      <trkpt lat="22.2670582173" lon="114.2023649504"><ele>318.000</ele></trkpt>
      <trkpt lat="22.2670586263" lon="114.2023654686"><ele>318.000</ele></trkpt>
      <trkpt lat="22.2670599671" lon="114.2023671919"><ele>318.000</ele></trkpt>
      <trkpt lat="22.2670617133" lon="114.2023694160"><ele>318.000</ele></trkpt>
      <trkpt lat="22.2670634558" lon="114.2023716382"><ele>318.000</ele></trkpt>
      <trkpt lat="22.2670651993" lon="114.2023738603"><ele>318.000</ele></trkpt>
      <trkpt lat="22.2670667622" lon="114.2023758321"><ele>318.000</ele></trkpt>
      <trkpt lat="22.2670669157" lon="114.2023760165"><ele>318.000</ele></trkpt>
      <trkpt lat="22.2670687106" lon="114.2023782823"><ele>318.000</ele></trkpt>
      <trkpt lat="22.2670704604" lon="114.2023804812"><ele>318.000</ele></trkpt>
      <trkpt lat="22.2670739889" lon="114.2023848731"><ele>318.000</ele></trkpt>
      <trkpt lat="22.2670757604" lon="114.2023870662"><ele>316.000</ele></trkpt>
      <trkpt lat="22.2670775319" lon="114.2023892515"><ele>316.000</ele></trkpt>
      <trkpt lat="22.2670793024" lon="114.2023914251"><ele>316.000</ele></trkpt>
      <trkpt lat="22.2670810920" lon="114.2023936095"><ele>316.000</ele></trkpt>
      <trkpt lat="22.2670828734" lon="114.2023957744"><ele>316.000</ele></trkpt>
      <trkpt lat="22.2670846620" lon="114.2023979383"><ele>316.000</ele></trkpt>
      <trkpt lat="22.2670864606" lon="114.2024001033"><ele>316.000</ele></trkpt>
      <trkpt lat="22.2670882555" lon="114.2024022546"><ele>316.000</ele></trkpt>
      <trkpt lat="22.2670900586" lon="114.2024043953"><ele>316.000</ele></trkpt>
      <trkpt lat="22.2670918752" lon="114.2024065398"><ele>316.000</ele></trkpt>
      <trkpt lat="22.2670936873" lon="114.2024086717"><ele>316.000</ele></trkpt>
      <trkpt lat="22.2670973378" lon="114.2024129230"><ele>316.000</ele></trkpt>
      <trkpt lat="22.2670988519" lon="114.2024146687"><ele>316.000</ele></trkpt>
      <trkpt lat="22.2670991887" lon="114.2024150685"><ele>316.000</ele></trkpt>
      <trkpt lat="22.2671028518" lon="114.2024192548"><ele>316.000</ele></trkpt>
      <trkpt lat="22.2671047000" lon="114.2024213470"><ele>316.000</ele></trkpt>
      <trkpt lat="22.2671065754" lon="114.2024234595"><ele>316.000</ele></trkpt>
      <trkpt lat="22.2671070097" lon="114.2024239554"><ele>316.000</ele></trkpt>
      <trkpt lat="22.2671084272" lon="114.2024255362"><ele>316.000</ele></trkpt>
      <trkpt lat="22.2671121905" lon="114.2024297351"><ele>316.000</ele></trkpt>
      <trkpt lat="22.2671140758" lon="114.2024318098"><ele>316.000</ele></trkpt>
      <trkpt lat="22.2671178852" lon="114.2024359621"><ele>314.000</ele></trkpt>
      <trkpt lat="22.2671217298" lon="114.2024400941"><ele>314.000</ele></trkpt>
      <trkpt lat="22.2671236449" lon="114.2024421329"><ele>314.000</ele></trkpt>
      <trkpt lat="22.2671242173" lon="114.2024427297"><ele>314.000</ele></trkpt>
      <trkpt lat="22.2671255925" lon="114.2024441678"><ele>314.000</ele></trkpt>
      <trkpt lat="22.2671275428" lon="114.2024462066"><ele>314.000</ele></trkpt>
      <trkpt lat="22.2671294913" lon="114.2024482231"><ele>314.000</ele></trkpt>
      <trkpt lat="22.2671314614" lon="114.2024502358"><ele>314.000</ele></trkpt>
      <trkpt lat="22.2671334361" lon="114.2024522416"><ele>314.000</ele></trkpt>
      <trkpt lat="22.2671354108" lon="114.2024542300"><ele>314.000</ele></trkpt>
      <trkpt lat="22.2671373909" lon="114.2024561951"><ele>314.000</ele></trkpt>
      <trkpt lat="22.2671393936" lon="114.2024581553"><ele>314.000</ele></trkpt>
      <trkpt lat="22.2671413963" lon="114.2024600961"><ele>314.000</ele></trkpt>
      <trkpt lat="22.2671418857" lon="114.2024605649"><ele>314.000</ele></trkpt>
      <trkpt lat="22.2671434107" lon="114.2024620302"><ele>313.000</ele></trkpt>
      <trkpt lat="22.2671454342" lon="114.2024639468"><ele>313.000</ele></trkpt>
      <trkpt lat="22.2671474586" lon="114.2024658342"><ele>313.000</ele></trkpt>
      <trkpt lat="22.2671495055" lon="114.2024677179"><ele>313.000</ele></trkpt>
      <trkpt lat="22.2671510559" lon="114.2024691308"><ele>313.000</ele></trkpt>
      <trkpt lat="22.2671515624" lon="114.2024695995"><ele>313.000</ele></trkpt>
      <trkpt lat="22.2671536067" lon="114.2024714259"><ele>313.000</ele></trkpt>
      <trkpt lat="22.2671556789" lon="114.2024732590"><ele>313.000</ele></trkpt>
      <trkpt lat="22.2671577421" lon="114.2024750563"><ele>313.000</ele></trkpt>
      <trkpt lat="22.2671598288" lon="114.2024768390"><ele>313.000</ele></trkpt>
      <trkpt lat="22.2671619237" lon="114.2024786110"><ele>313.000</ele></trkpt>
      <trkpt lat="22.2671640140" lon="114.2024803433"><ele>313.000</ele></trkpt>
      <trkpt lat="22.2671661350" lon="114.2024820581"><ele>313.000</ele></trkpt>
      <trkpt lat="22.2671682597" lon="114.2024837661"><ele>312.000</ele></trkpt>
      <trkpt lat="22.2671703753" lon="114.2024854314"><ele>312.000</ele></trkpt>
      <trkpt lat="22.2671725135" lon="114.2024870715"><ele>312.000</ele></trkpt>
      <trkpt lat="22.2671746616" lon="114.2024886931"><ele>312.000</ele></trkpt>
      <trkpt lat="22.2671762472" lon="114.2024898606"><ele>312.000</ele></trkpt>
      <trkpt lat="22.2671851844" lon="114.2024924411"><ele>312.000</ele></trkpt>
      <trkpt lat="22.2671881012" lon="114.2024931373"><ele>312.000</ele></trkpt>
      <trkpt lat="22.2671962313" lon="114.2024942439"><ele>312.000</ele></trkpt>
      <trkpt lat="22.2672013371" lon="114.2024952102"><ele>312.000</ele></trkpt>
      <trkpt lat="22.2672063010" lon="114.2024967480"><ele>312.000</ele></trkpt>
      <trkpt lat="22.2672112477" lon="114.2024986078"><ele>312.000</ele></trkpt>
      <trkpt lat="22.2672160716" lon="114.2025007704"><ele>312.000</ele></trkpt>
      <trkpt lat="22.2672183010" lon="114.2025019681"><ele>312.000</ele></trkpt>
      <trkpt lat="22.2672203291" lon="114.2025032618"><ele>312.000</ele></trkpt>
      <trkpt lat="22.2672220303" lon="114.2025047815"><ele>312.000</ele></trkpt>
      <trkpt lat="22.2672234713" lon="114.2025065922"><ele>312.000</ele></trkpt>
      <trkpt lat="22.2672246576" lon="114.2025086503"><ele>312.000</ele></trkpt>
      <trkpt lat="22.2672255774" lon="114.2025109344"><ele>312.000</ele></trkpt>
      <trkpt lat="22.2672279340" lon="114.2025191566"><ele>312.000</ele></trkpt>
      <trkpt lat="22.2672411800" lon="114.2025545067"><ele>312.000</ele></trkpt>
      <trkpt lat="22.2672431605" lon="114.2025597434"><ele>312.000</ele></trkpt>
      <trkpt lat="22.2672484201" lon="114.2025762219"><ele>312.000</ele></trkpt>
      <trkpt lat="22.2672503861" lon="114.2025817876"><ele>312.000</ele></trkpt>
      <trkpt lat="22.2672547696" lon="114.2025926084"><ele>312.000</ele></trkpt>
      <trkpt lat="22.2672608524" lon="114.2026057708"><ele>312.000</ele></trkpt>
      <trkpt lat="22.2672674039" lon="114.2026186412"><ele>312.000</ele></trkpt>
      <trkpt lat="22.2672757061" lon="114.2026338279"><ele>311.000</ele></trkpt>
      <trkpt lat="22.2672893443" lon="114.2026557025"><ele>312.000</ele></trkpt>
      <trkpt lat="22.2672940761" lon="114.2026629423"><ele>312.000</ele></trkpt>
      <trkpt lat="22.2672975476" lon="114.2026677117"><ele>312.000</ele></trkpt>
      <trkpt lat="22.2673239739" lon="114.2027026353"><ele>312.000</ele></trkpt>
      <trkpt lat="22.2673277236" lon="114.2027070797"><ele>312.000</ele></trkpt>
      <trkpt lat="22.2673314732" lon="114.2027126040"><ele>312.000</ele></trkpt>
      <trkpt lat="22.2673359584" lon="114.2027200708"><ele>312.000</ele></trkpt>
      <trkpt lat="22.2673361362" lon="114.2027205909"><ele>312.000</ele></trkpt>
      <trkpt lat="22.2673363492" lon="114.2027212089"><ele>312.000</ele></trkpt>
      <trkpt lat="22.2673368799" lon="114.2027235822"><ele>312.000</ele></trkpt>
      <trkpt lat="22.2673375870" lon="114.2027288343"><ele>309.000</ele></trkpt>
      <trkpt lat="22.2673375944" lon="114.2027332421"><ele>309.000</ele></trkpt>
      <trkpt lat="22.2673376051" lon="114.2027345305"><ele>309.000</ele></trkpt>
      <trkpt lat="22.2673378565" lon="114.2027378895"><ele>309.000</ele></trkpt>
      <trkpt lat="22.2673391577" lon="114.2027441041"><ele>309.000</ele></trkpt>
      <trkpt lat="22.2673401732" lon="114.2027473323"><ele>309.000</ele></trkpt>
      <trkpt lat="22.2673415968" lon="114.2027505227"><ele>309.000</ele></trkpt>
      <trkpt lat="22.2673435135" lon="114.2027534862"><ele>309.000</ele></trkpt>
      <trkpt lat="22.2673465816" lon="114.2027569194"><ele>309.000</ele></trkpt>
      <trkpt lat="22.2673492813" lon="114.2027599432"><ele>309.000</ele></trkpt>
      <trkpt lat="22.2673528955" lon="114.2027644855"><ele>309.000</ele></trkpt>
      <trkpt lat="22.2673533741" lon="114.2027649513"><ele>309.000</ele></trkpt>
      <trkpt lat="22.2673552531" lon="114.2027667903"><ele>309.000</ele></trkpt>
      <trkpt lat="22.2673577353" lon="114.2027687303"><ele>309.000</ele></trkpt>
      <trkpt lat="22.2673625382" lon="114.2027719659"><ele>309.000</ele></trkpt>
      <trkpt lat="22.2673629589" lon="114.2027722183"><ele>309.000</ele></trkpt>
      <trkpt lat="22.2673675867" lon="114.2027749125"><ele>308.000</ele></trkpt>
      <trkpt lat="22.2673728557" lon="114.2027773885"><ele>308.000</ele></trkpt>
      <trkpt lat="22.2673748306" lon="114.2027781166"><ele>308.000</ele></trkpt>
      <trkpt lat="22.2673803832" lon="114.2027801619"><ele>308.000</ele></trkpt>
      <trkpt lat="22.2673821142" lon="114.2027811732"><ele>308.000</ele></trkpt>
      <trkpt lat="22.2673836023" lon="114.2027824823"><ele>308.000</ele></trkpt>
      <trkpt lat="22.2673846902" lon="114.2027838962"><ele>308.000</ele></trkpt>
      <trkpt lat="22.2673847552" lon="114.2027839806"><ele>308.000</ele></trkpt>
      <trkpt lat="22.2673855795" lon="114.2027858067"><ele>308.000</ele></trkpt>
      <trkpt lat="22.2673878674" lon="114.2027940503"><ele>308.000</ele></trkpt>
      <trkpt lat="22.2673887131" lon="114.2027968845"><ele>308.000</ele></trkpt>
      <trkpt lat="22.2673894044" lon="114.2027996217"><ele>308.000</ele></trkpt>
      <trkpt lat="22.2673899874" lon="114.2028024287"><ele>308.000</ele></trkpt>
      <trkpt lat="22.2673904628" lon="114.2028052987"><ele>308.000</ele></trkpt>
      <trkpt lat="22.2673908380" lon="114.2028082076"><ele>308.000</ele></trkpt>
      <trkpt lat="22.2673911112" lon="114.2028111280"><ele>308.000</ele></trkpt>
      <trkpt lat="22.2673912814" lon="114.2028140417"><ele>308.000</ele></trkpt>
      <trkpt lat="22.2673913405" lon="114.2028169408"><ele>308.000</ele></trkpt>
      <trkpt lat="22.2673913058" lon="114.2028198214"><ele>308.000</ele></trkpt>
      <trkpt lat="22.2673911780" lon="114.2028226137"><ele>308.000</ele></trkpt>
      <trkpt lat="22.2673909400" lon="114.2028253468"><ele>306.000</ele></trkpt>
      <trkpt lat="22.2673906199" lon="114.2028279790"><ele>306.000</ele></trkpt>
      <trkpt lat="22.2673901969" lon="114.2028304725"><ele>306.000</ele></trkpt>
      <trkpt lat="22.2673896556" lon="114.2028329222"><ele>306.000</ele></trkpt>
      <trkpt lat="22.2673889625" lon="114.2028353651"><ele>306.000</ele></trkpt>
      <trkpt lat="22.2673881349" lon="114.2028378439"><ele>306.000</ele></trkpt>
      <trkpt lat="22.2673871854" lon="114.2028403169"><ele>306.000</ele></trkpt>
      <trkpt lat="22.2673861104" lon="114.2028427966"><ele>306.000</ele></trkpt>
      <trkpt lat="22.2673849215" lon="114.2028452783"><ele>306.000</ele></trkpt>
      <trkpt lat="22.2673836424" lon="114.2028477570"><ele>306.000</ele></trkpt>
      <trkpt lat="22.2673822630" lon="114.2028502115"><ele>306.000</ele></trkpt>
      <trkpt lat="22.2673808105" lon="114.2028526581"><ele>306.000</ele></trkpt>
      <trkpt lat="22.2673792848" lon="114.2028550834"><ele>306.000</ele></trkpt>
      <trkpt lat="22.2673777014" lon="114.2028574884"><ele>306.000</ele></trkpt>
      <trkpt lat="22.2673760701" lon="114.2028598525"><ele>306.000</ele></trkpt>
      <trkpt lat="22.2673743954" lon="114.2028621915"><ele>306.000</ele></trkpt>
      <trkpt lat="22.2673726991" lon="114.2028644867"><ele>306.000</ele></trkpt>
      <trkpt lat="22.2673709865" lon="114.2028667374"><ele>306.000</ele></trkpt>
      <trkpt lat="22.2673692739" lon="114.2028689482"><ele>306.000</ele></trkpt>
      <trkpt lat="22.2673676463" lon="114.2028709854"><ele>306.000</ele></trkpt>
      <trkpt lat="22.2673659609" lon="114.2028728130"><ele>304.000</ele></trkpt>
      <trkpt lat="22.2673641003" lon="114.2028745494"><ele>304.000</ele></trkpt>
      <trkpt lat="22.2673620735" lon="114.2028762266"><ele>304.000</ele></trkpt>
      <trkpt lat="22.2673598852" lon="114.2028778571"><ele>304.000</ele></trkpt>
      <trkpt lat="22.2673575703" lon="114.2028794586"><ele>304.000</ele></trkpt>
      <trkpt lat="22.2673551688" lon="114.2028810425"><ele>304.000</ele></trkpt>
      <trkpt lat="22.2673527050" lon="114.2028826294"><ele>304.000</ele></trkpt>
      <trkpt lat="22.2673502159" lon="114.2028842298"><ele>304.000</ele></trkpt>
      <trkpt lat="22.2673477187" lon="114.2028858691"><ele>304.000</ele></trkpt>
      <trkpt lat="22.2673452485" lon="114.2028875801"><ele>304.000</ele></trkpt>
      <trkpt lat="22.2673428389" lon="114.2028893843"><ele>304.000</ele></trkpt>
      <trkpt lat="22.2673405141" lon="114.2028913127"><ele>304.000</ele></trkpt>
      <trkpt lat="22.2673383084" lon="114.2028934002"><ele>304.000</ele></trkpt>
      <trkpt lat="22.2673362735" lon="114.2028956741"><ele>304.000</ele></trkpt>
      <trkpt lat="22.2673344335" lon="114.2028981760"><ele>304.000</ele></trkpt>
      <trkpt lat="22.2673328897" lon="114.2029008933"><ele>304.000</ele></trkpt>
      <trkpt lat="22.2673316828" lon="114.2029036370"><ele>304.000</ele></trkpt>
      <trkpt lat="22.2673305770" lon="114.2029063864"><ele>304.000</ele></trkpt>
      <trkpt lat="22.2673295019" lon="114.2029092571"><ele>304.000</ele></trkpt>
      <trkpt lat="22.2673284530" lon="114.2029122491"><ele>304.000</ele></trkpt>
      <trkpt lat="22.2673274194" lon="114.2029153586"><ele>304.000</ele></trkpt>
      <trkpt lat="22.2673264417" lon="114.2029185670"><ele>304.000</ele></trkpt>
      <trkpt lat="22.2673255038" lon="114.2029218472"><ele>303.000</ele></trkpt>
      <trkpt lat="22.2673246273" lon="114.2029251924"><ele>303.000</ele></trkpt>
      <trkpt lat="22.2673238248" lon="114.2029285871"><ele>303.000</ele></trkpt>
      <trkpt lat="22.2673230973" lon="114.2029319993"><ele>303.000</ele></trkpt>
      <trkpt lat="22.2673224520" lon="114.2029354280"><ele>302.000</ele></trkpt>
      <trkpt lat="22.2673219051" lon="114.2029388557"><ele>302.000</ele></trkpt>
      <trkpt lat="22.2673214711" lon="114.2029422728"><ele>302.000</ele></trkpt>
      <trkpt lat="22.2673211472" lon="114.2029456453"><ele>302.000</ele></trkpt>
      <trkpt lat="22.2673209552" lon="114.2029489703"><ele>302.000</ele></trkpt>
      <trkpt lat="22.2673209060" lon="114.2029522419"><ele>302.000</ele></trkpt>
      <trkpt lat="22.2673210138" lon="114.2029554379"><ele>302.000</ele></trkpt>
      <trkpt lat="22.2673212905" lon="114.2029585369"><ele>302.000</ele></trkpt>
      <trkpt lat="22.2673217461" lon="114.2029615389"><ele>302.000</ele></trkpt>
      <trkpt lat="22.2673224202" lon="114.2029644390"><ele>302.000</ele></trkpt>
      <trkpt lat="22.2673233229" lon="114.2029672005"><ele>303.000</ele></trkpt>
      <trkpt lat="22.2673244747" lon="114.2029698068"><ele>302.000</ele></trkpt>
      <trkpt lat="22.2673259211" lon="114.2029722355"><ele>302.000</ele></trkpt>
      <trkpt lat="22.2673276158" lon="114.2029743713"><ele>302.000</ele></trkpt>
      <trkpt lat="22.2673294993" lon="114.2029762666"><ele>302.000</ele></trkpt>
      <trkpt lat="22.2673315688" lon="114.2029779367"><ele>302.000</ele></trkpt>
      <trkpt lat="22.2673337829" lon="114.2029794071"><ele>302.000</ele></trkpt>
      <trkpt lat="22.2673361189" lon="114.2029806901"><ele>302.000</ele></trkpt>
      <trkpt lat="22.2673385769" lon="114.2029818287"><ele>302.000</ele></trkpt>
      <trkpt lat="22.2673411297" lon="114.2029828207"><ele>302.000</ele></trkpt>
      <trkpt lat="22.2673437746" lon="114.2029837032"><ele>302.000</ele></trkpt>
      <trkpt lat="22.2673465027" lon="114.2029844828"><ele>302.000</ele></trkpt>
      <trkpt lat="22.2673493084" lon="114.2029851809"><ele>302.000</ele></trkpt>
      <trkpt lat="22.2673521782" lon="114.2029858140"><ele>302.000</ele></trkpt>
      <trkpt lat="22.2673550959" lon="114.2029863822"><ele>302.000</ele></trkpt>
      <trkpt lat="22.2673580471" lon="114.2029869144"><ele>302.000</ele></trkpt>
      <trkpt lat="22.2673590395" lon="114.2029870834"><ele>302.000</ele></trkpt>
      <trkpt lat="22.2673610424" lon="114.2029874166"><ele>302.000</ele></trkpt>
      <trkpt lat="22.2673640559" lon="114.2029879052"><ele>302.000</ele></trkpt>
      <trkpt lat="22.2673670693" lon="114.2029883802"><ele>302.000</ele></trkpt>
      <trkpt lat="22.2673700891" lon="114.2029888736"><ele>302.000</ele></trkpt>
      <trkpt lat="22.2673731080" lon="114.2029893748"><ele>302.000</ele></trkpt>
      <trkpt lat="22.2673760808" lon="114.2029898993"><ele>302.000</ele></trkpt>
      <trkpt lat="22.2673790075" lon="114.2029904684"><ele>302.000</ele></trkpt>
      <trkpt lat="22.2673818981" lon="114.2029910918"><ele>302.000</ele></trkpt>
      <trkpt lat="22.2673847255" lon="114.2029917676"><ele>302.000</ele></trkpt>
      <trkpt lat="22.2673874653" lon="114.2029925114"><ele>302.000</ele></trkpt>
      <trkpt lat="22.2673901084" lon="114.2029933298"><ele>302.000</ele></trkpt>
      <trkpt lat="22.2673926495" lon="114.2029942403"><ele>302.000</ele></trkpt>
      <trkpt lat="22.2673950750" lon="114.2029952411"><ele>302.000</ele></trkpt>
      <trkpt lat="22.2673973641" lon="114.2029963340"><ele>302.000</ele></trkpt>
      <trkpt lat="22.2673995367" lon="114.2029975501"><ele>302.000</ele></trkpt>
      <trkpt lat="22.2674016433" lon="114.2029989030"><ele>302.000</ele></trkpt>
      <trkpt lat="22.2674037734" lon="114.2030003733"><ele>302.000</ele></trkpt>
      <trkpt lat="22.2674059035" lon="114.2030019125"><ele>302.000</ele></trkpt>
      <trkpt lat="22.2674079965" lon="114.2030034963"><ele>302.000</ele></trkpt>
      <trkpt lat="22.2674099948" lon="114.2030050821"><ele>302.000</ele></trkpt>
      <trkpt lat="22.2674201175" lon="114.2030142314"><ele>302.000</ele></trkpt>
      <trkpt lat="22.2674365148" lon="114.2030290412"><ele>300.000</ele></trkpt>
      <trkpt lat="22.2674450196" lon="114.2030367251"><ele>300.000</ele></trkpt>
      <trkpt lat="22.2674535261" lon="114.2030444227"><ele>300.000</ele></trkpt>
      <trkpt lat="22.2674620146" lon="114.2030520804"><ele>300.000</ele></trkpt>
      <trkpt lat="22.2674718195" lon="114.2030609385"><ele>300.000</ele></trkpt>
      <trkpt lat="22.2674821954" lon="114.2030741056"><ele>299.000</ele></trkpt>
      <trkpt lat="22.2674670415" lon="114.2030882809"><ele>299.000</ele></trkpt>
      <trkpt lat="22.2674682151" lon="114.2030904933"><ele>299.000</ele></trkpt>
      <trkpt lat="22.2674696414" lon="114.2030938506"><ele>299.000</ele></trkpt>
      <trkpt lat="22.2674710045" lon="114.2030972466"><ele>299.000</ele></trkpt>
      <trkpt lat="22.2674723134" lon="114.2031006718"><ele>299.000</ele></trkpt>
      <trkpt lat="22.2674735500" lon="114.2031041261"><ele>299.000</ele></trkpt>
      <trkpt lat="22.2674747235" lon="114.2031075998"><ele>299.000</ele></trkpt>
      <trkpt lat="22.2674758427" lon="114.2031111026"><ele>299.000</ele></trkpt>
      <trkpt lat="22.2674768806" lon="114.2031146247"><ele>300.000</ele></trkpt>
      <trkpt lat="22.2674778644" lon="114.2031181663"><ele>300.000</ele></trkpt>
      <trkpt lat="22.2674787850" lon="114.2031217369"><ele>300.000</ele></trkpt>
      <trkpt lat="22.2674796333" lon="114.2031253173"><ele>300.000</ele></trkpt>
      <trkpt lat="22.2674804093" lon="114.2031289267"><ele>300.000</ele></trkpt>
      <trkpt lat="22.2674811312" lon="114.2031325458"><ele>300.000</ele></trkpt>
      <trkpt lat="22.2674817808" lon="114.2031361746"><ele>300.000</ele></trkpt>
      <trkpt lat="22.2674823582" lon="114.2031398228"><ele>300.000</ele></trkpt>
      <trkpt lat="22.2674828723" lon="114.2031434807"><ele>300.000</ele></trkpt>
      <trkpt lat="22.2674833142" lon="114.2031471483"><ele>300.000</ele></trkpt>
      <trkpt lat="22.2674836929" lon="114.2031508256"><ele>300.000</ele></trkpt>
      <trkpt lat="22.2674840084" lon="114.2031545125"><ele>300.000</ele></trkpt>
      <trkpt lat="22.2674842516" lon="114.2031581995"><ele>300.000</ele></trkpt>
      <trkpt lat="22.2674844226" lon="114.2031618961"><ele>300.000</ele></trkpt>
      <trkpt lat="22.2674845303" lon="114.2031657965"><ele>300.000</ele></trkpt>
      <trkpt lat="22.2674825457" lon="114.2032087195"><ele>300.000</ele></trkpt>
      <trkpt lat="22.2674811881" lon="114.2032271538"><ele>299.000</ele></trkpt>
      <trkpt lat="22.2674797944" lon="114.2032455977"><ele>299.000</ele></trkpt>
      <trkpt lat="22.2674783916" lon="114.2032640320"><ele>299.000</ele></trkpt>
      <trkpt lat="22.2674769708" lon="114.2032824663"><ele>299.000</ele></trkpt>
      <trkpt lat="22.2674755229" lon="114.2033009005"><ele>299.000</ele></trkpt>
      <trkpt lat="22.2674740569" lon="114.2033193348"><ele>299.000</ele></trkpt>
      <trkpt lat="22.2674725729" lon="114.2033377593"><ele>299.000</ele></trkpt>
      <trkpt lat="22.2674709170" lon="114.2033579788"><ele>299.000</ele></trkpt>
      <trkpt lat="22.2674710964" lon="114.2033653720"><ele>299.000</ele></trkpt>
      <trkpt lat="22.2674713209" lon="114.2033727653"><ele>299.000</ele></trkpt>
      <trkpt lat="22.2674715997" lon="114.2033801585"><ele>299.000</ele></trkpt>
      <trkpt lat="22.2674716898" lon="114.2033812549"><ele>299.000</ele></trkpt>
      <trkpt lat="22.2674717073" lon="114.2033846120"><ele>299.000</ele></trkpt>
      <trkpt lat="22.2674723115" lon="114.2033897737"><ele>299.000</ele></trkpt>
      <trkpt lat="22.2674725094" lon="114.2033945085"><ele>299.000</ele></trkpt>
      <trkpt lat="22.2674733119" lon="114.2034024743"><ele>299.000</ele></trkpt>
      <trkpt lat="22.2674745203" lon="114.2034124486"><ele>300.000</ele></trkpt>
      <trkpt lat="22.2674764051" lon="114.2034285064"><ele>300.000</ele></trkpt>
      <trkpt lat="22.2674769012" lon="114.2034321643"><ele>300.000</ele></trkpt>
      <trkpt lat="22.2674773792" lon="114.2034358319"><ele>300.000</ele></trkpt>
      <trkpt lat="22.2674778392" lon="114.2034394898"><ele>300.000</ele></trkpt>
      <trkpt lat="22.2674782811" lon="114.2034431671"><ele>300.000</ele></trkpt>
      <trkpt lat="22.2674786959" lon="114.2034468347"><ele>300.000</ele></trkpt>
      <trkpt lat="22.2674790926" lon="114.2034505119"><ele>300.000</ele></trkpt>
      <trkpt lat="22.2674794623" lon="114.2034541892"><ele>300.000</ele></trkpt>
      <trkpt lat="22.2674798229" lon="114.2034578665"><ele>300.000</ele></trkpt>
      <trkpt lat="22.2674801474" lon="114.2034615534"><ele>300.000</ele></trkpt>
      <trkpt lat="22.2674804629" lon="114.2034652307"><ele>300.000</ele></trkpt>
      <trkpt lat="22.2674807513" lon="114.2034689177"><ele>300.000</ele></trkpt>
      <trkpt lat="22.2674810216" lon="114.2034726046"><ele>300.000</ele></trkpt>
      <trkpt lat="22.2674812738" lon="114.2034763013"><ele>300.000</ele></trkpt>
      <trkpt lat="22.2674814990" lon="114.2034799882"><ele>300.000</ele></trkpt>
      <trkpt lat="22.2674817061" lon="114.2034836849"><ele>300.000</ele></trkpt>
      <trkpt lat="22.2674818951" lon="114.2034873718"><ele>300.000</ele></trkpt>
      <trkpt lat="22.2674820661" lon="114.2034910685"><ele>300.000</ele></trkpt>
      <trkpt lat="22.2674822100" lon="114.2034947651"><ele>300.000</ele></trkpt>
      <trkpt lat="22.2674823268" lon="114.2034984617"><ele>300.000</ele></trkpt>
      <trkpt lat="22.2674824345" lon="114.2035021584"><ele>300.000</ele></trkpt>
      <trkpt lat="22.2674825152" lon="114.2035058647"><ele>301.000</ele></trkpt>
      <trkpt lat="22.2674825867" lon="114.2035104733"><ele>301.000</ele></trkpt>
      <trkpt lat="22.2674831815" lon="114.2035178473"><ele>301.000</ele></trkpt>
      <trkpt lat="22.2674837131" lon="114.2035252212"><ele>301.000</ele></trkpt>
      <trkpt lat="22.2674839563" lon="114.2035289178"><ele>301.000</ele></trkpt>
      <trkpt lat="22.2674843976" lon="114.2035363014"><ele>301.000</ele></trkpt>
      <trkpt lat="22.2674847757" lon="114.2035436850"><ele>301.000</ele></trkpt>
      <trkpt lat="22.2674849376" lon="114.2035473816"><ele>301.000</ele></trkpt>
      <trkpt lat="22.2674852254" lon="114.2035547749"><ele>302.000</ele></trkpt>
      <trkpt lat="22.2674853422" lon="114.2035584715"><ele>302.000</ele></trkpt>
      <trkpt lat="22.2674855396" lon="114.2035658648"><ele>302.000</ele></trkpt>
      <trkpt lat="22.2674856113" lon="114.2035695614"><ele>302.000</ele></trkpt>
      <trkpt lat="22.2674857094" lon="114.2035769644"><ele>302.000</ele></trkpt>
      <trkpt lat="22.2674857533" lon="114.2035843576"><ele>302.000</ele></trkpt>
      <trkpt lat="22.2674857437" lon="114.2035880639"><ele>302.000</ele></trkpt>
      <trkpt lat="22.2674856883" lon="114.2035954571"><ele>302.000</ele></trkpt>
      <trkpt lat="22.2674856425" lon="114.2035991634"><ele>302.000</ele></trkpt>
      <trkpt lat="22.2674854968" lon="114.2036065566"><ele>304.000</ele></trkpt>
      <trkpt lat="22.2674853333" lon="114.2036123780"><ele>304.000</ele></trkpt>
      <trkpt lat="22.2674851100" lon="114.2036523421"><ele>306.000</ele></trkpt>
      <trkpt lat="22.2674848378" lon="114.2036597352"><ele>306.000</ele></trkpt>
      <trkpt lat="22.2674846837" lon="114.2036634318"><ele>306.000</ele></trkpt>
      <trkpt lat="22.2674843483" lon="114.2036708153"><ele>306.000</ele></trkpt>
      <trkpt lat="22.2674841581" lon="114.2036745118"><ele>306.000</ele></trkpt>
      <trkpt lat="22.2674837505" lon="114.2036818953"><ele>306.000</ele></trkpt>
      <trkpt lat="22.2674833068" lon="114.2036892787"><ele>306.000</ele></trkpt>
      <trkpt lat="22.2674828179" lon="114.2036966621"><ele>307.000</ele></trkpt>
      <trkpt lat="22.2674825554" lon="114.2037003490"><ele>307.000</ele></trkpt>
      <trkpt lat="22.2674819943" lon="114.2037077227"><ele>307.000</ele></trkpt>
      <trkpt lat="22.2674817047" lon="114.2037114095"><ele>307.000</ele></trkpt>
      <trkpt lat="22.2674810803" lon="114.2037187735"><ele>307.000</ele></trkpt>
      <trkpt lat="22.2674804109" lon="114.2037261375"><ele>307.000</ele></trkpt>
      <trkpt lat="22.2674800671" lon="114.2037298243"><ele>307.000</ele></trkpt>
      <trkpt lat="22.2674793344" lon="114.2037371786"><ele>307.000</ele></trkpt>
      <trkpt lat="22.2674785565" lon="114.2037445329"><ele>307.000</ele></trkpt>
      <trkpt lat="22.2674781586" lon="114.2037482003"><ele>308.000</ele></trkpt>
      <trkpt lat="22.2674773175" lon="114.2037555448"><ele>308.000</ele></trkpt>
      <trkpt lat="22.2674764313" lon="114.2037628894"><ele>308.000</ele></trkpt>
      <trkpt lat="22.2674755089" lon="114.2037702145"><ele>308.000</ele></trkpt>
      <trkpt lat="22.2674745414" lon="114.2037775396"><ele>308.000</ele></trkpt>
      <trkpt lat="22.2674740351" lon="114.2037812070"><ele>308.000</ele></trkpt>
      <trkpt lat="22.2674730044" lon="114.2037885224"><ele>308.000</ele></trkpt>
      <trkpt lat="22.2674724710" lon="114.2037921704"><ele>308.000</ele></trkpt>
      <trkpt lat="22.2674713771" lon="114.2037994761"><ele>309.000</ele></trkpt>
      <trkpt lat="22.2674708075" lon="114.2038031241"><ele>309.000</ele></trkpt>
      <trkpt lat="22.2674696414" lon="114.2038104200"><ele>309.000</ele></trkpt>
      <trkpt lat="22.2674684391" lon="114.2038177063"><ele>309.000</ele></trkpt>
      <trkpt lat="22.2674678244" lon="114.2038213446"><ele>309.000</ele></trkpt>
      <trkpt lat="22.2674665499" lon="114.2038286114"><ele>309.000</ele></trkpt>
      <trkpt lat="22.2674653748" lon="114.2038351021"><ele>309.000</ele></trkpt>
      <trkpt lat="22.2674646517" lon="114.2038387112"><ele>309.000</ele></trkpt>
      <trkpt lat="22.2674631695" lon="114.2038459392"><ele>310.000</ele></trkpt>
      <trkpt lat="22.2674624103" lon="114.2038495484"><ele>310.000</ele></trkpt>
      <trkpt lat="22.2674608649" lon="114.2038567569"><ele>310.000</ele></trkpt>
      <trkpt lat="22.2674592653" lon="114.2038639558"><ele>310.000</ele></trkpt>
      <trkpt lat="22.2674576205" lon="114.2038711352"><ele>308.000</ele></trkpt>
      <trkpt lat="22.2674559216" lon="114.2038783050"><ele>308.000</ele></trkpt>
      <trkpt lat="22.2674541865" lon="114.2038854650"><ele>308.000</ele></trkpt>
      <trkpt lat="22.2674533009" lon="114.2038890450"><ele>308.000</ele></trkpt>
      <trkpt lat="22.2674514936" lon="114.2038961856"><ele>310.000</ele></trkpt>
      <trkpt lat="22.2674496411" lon="114.2039033068"><ele>310.000</ele></trkpt>
      <trkpt lat="22.2674480236" lon="114.2039093608"><ele>310.000</ele></trkpt>
      <trkpt lat="22.2674470206" lon="114.2039129019"><ele>310.000</ele></trkpt>
      <trkpt lat="22.2674460357" lon="114.2039164431"><ele>310.000</ele></trkpt>
      <trkpt lat="22.2674450688" lon="114.2039199940"><ele>310.000</ele></trkpt>
      <trkpt lat="22.2674441290" lon="114.2039235546"><ele>310.000</ele></trkpt>
      <trkpt lat="22.2674432073" lon="114.2039271152"><ele>310.000</ele></trkpt>
      <trkpt lat="22.2674423127" lon="114.2039306855"><ele>310.000</ele></trkpt>
      <trkpt lat="22.2674414361" lon="114.2039342655"><ele>310.000</ele></trkpt>
      <trkpt lat="22.2674405776" lon="114.2039378455"><ele>310.000</ele></trkpt>
      <trkpt lat="22.2674397371" lon="114.2039414352"><ele>312.000</ele></trkpt>
      <trkpt lat="22.2674389238" lon="114.2039450347"><ele>312.000</ele></trkpt>
      <trkpt lat="22.2674381285" lon="114.2039486341"><ele>312.000</ele></trkpt>
      <trkpt lat="22.2674373603" lon="114.2039522335"><ele>312.000</ele></trkpt>
      <trkpt lat="22.2674366101" lon="114.2039558427"><ele>312.000</ele></trkpt>
      <trkpt lat="22.2674358780" lon="114.2039594615"><ele>312.000</ele></trkpt>
      <trkpt lat="22.2674351730" lon="114.2039630804"><ele>312.000</ele></trkpt>
      <trkpt lat="22.2674344861" lon="114.2039667089"><ele>312.000</ele></trkpt>
      <trkpt lat="22.2674338172" lon="114.2039703375"><ele>312.000</ele></trkpt>
      <trkpt lat="22.2674331754" lon="114.2039739661"><ele>312.000</ele></trkpt>
      <trkpt lat="22.2674323257" lon="114.2039789626"><ele>312.000</ele></trkpt>
      <trkpt lat="22.2674316117" lon="114.2039825815"><ele>312.000</ele></trkpt>
      <trkpt lat="22.2674309157" lon="114.2039862003"><ele>312.000</ele></trkpt>
      <trkpt lat="22.2674302559" lon="114.2039898289"><ele>313.000</ele></trkpt>
      <trkpt lat="22.2674296141" lon="114.2039934672"><ele>313.000</ele></trkpt>
      <trkpt lat="22.2674289904" lon="114.2039971054"><ele>313.000</ele></trkpt>
      <trkpt lat="22.2674284028" lon="114.2040007437"><ele>313.000</ele></trkpt>
      <trkpt lat="22.2674278332" lon="114.2040044014"><ele>313.000</ele></trkpt>
      <trkpt lat="22.2674272818" lon="114.2040080494"><ele>313.000</ele></trkpt>
      <trkpt lat="22.2674267664" lon="114.2040117071"><ele>313.000</ele></trkpt>
      <trkpt lat="22.2674262691" lon="114.2040153648"><ele>313.000</ele></trkpt>
      <trkpt lat="22.2674257899" lon="114.2040190322"><ele>313.000</ele></trkpt>
      <trkpt lat="22.2674253467" lon="114.2040226996"><ele>313.000</ele></trkpt>
      <trkpt lat="22.2674249217" lon="114.2040263670"><ele>313.000</ele></trkpt>
      <trkpt lat="22.2674245237" lon="114.2040300441"><ele>313.000</ele></trkpt>
      <trkpt lat="22.2674241438" lon="114.2040337213"><ele>313.000</ele></trkpt>
      <trkpt lat="22.2674237910" lon="114.2040373984"><ele>314.000</ele></trkpt>
      <trkpt lat="22.2674234653" lon="114.2040410852"><ele>314.000</ele></trkpt>
      <trkpt lat="22.2674231667" lon="114.2040447721"><ele>314.000</ele></trkpt>
      <trkpt lat="22.2674228861" lon="114.2040484589"><ele>314.000</ele></trkpt>
      <trkpt lat="22.2674226326" lon="114.2040521458"><ele>314.000</ele></trkpt>
      <trkpt lat="22.2674224062" lon="114.2040558424"><ele>314.000</ele></trkpt>
      <trkpt lat="22.2674222069" lon="114.2040595292"><ele>314.000</ele></trkpt>
      <trkpt lat="22.2674220257" lon="114.2040632258"><ele>314.000</ele></trkpt>
      <trkpt lat="22.2674218716" lon="114.2040669224"><ele>314.000</ele></trkpt>
      <trkpt lat="22.2674217355" lon="114.2040706190"><ele>314.000</ele></trkpt>
      <trkpt lat="22.2674216355" lon="114.2040743155"><ele>314.000</ele></trkpt>
      <trkpt lat="22.2674215536" lon="114.2040780121"><ele>314.000</ele></trkpt>
      <trkpt lat="22.2674214898" lon="114.2040817087"><ele>314.000</ele></trkpt>
      <trkpt lat="22.2674214526" lon="114.2040883354"><ele>316.000</ele></trkpt>
      <trkpt lat="22.2674209187" lon="114.2040944867"><ele>316.000</ele></trkpt>
      <trkpt lat="22.2674235355" lon="114.2041068577"><ele>316.000</ele></trkpt>
      <trkpt lat="22.2674245174" lon="114.2041214212"><ele>316.000</ele></trkpt>
      <trkpt lat="22.2674262131" lon="114.2041340249"><ele>314.000</ele></trkpt>
      <trkpt lat="22.2674265556" lon="114.2041377021"><ele>314.000</ele></trkpt>
      <trkpt lat="22.2674268530" lon="114.2041413891"><ele>314.000</ele></trkpt>
      <trkpt lat="22.2674270872" lon="114.2041450858"><ele>314.000</ele></trkpt>
      <trkpt lat="22.2674272762" lon="114.2041487727"><ele>314.000</ele></trkpt>
      <trkpt lat="22.2674274110" lon="114.2041524693"><ele>314.000</ele></trkpt>
      <trkpt lat="22.2674274917" lon="114.2041561757"><ele>314.000</ele></trkpt>
      <trkpt lat="22.2674275182" lon="114.2041598723"><ele>314.000</ele></trkpt>
      <trkpt lat="22.2674274905" lon="114.2041635689"><ele>314.000</ele></trkpt>
      <trkpt lat="22.2674274176" lon="114.2041672655"><ele>314.000</ele></trkpt>
      <trkpt lat="22.2674272815" lon="114.2041709620"><ele>314.000</ele></trkpt>
      <trkpt lat="22.2674271003" lon="114.2041746586"><ele>314.000</ele></trkpt>
      <trkpt lat="22.2674268558" lon="114.2041783455"><ele>314.000</ele></trkpt>
      <trkpt lat="22.2674265662" lon="114.2041820323"><ele>314.000</ele></trkpt>
      <trkpt lat="22.2674262224" lon="114.2041857192"><ele>314.000</ele></trkpt>
      <trkpt lat="22.2674258245" lon="114.2041893866"><ele>314.000</ele></trkpt>
      <trkpt lat="22.2674253723" lon="114.2041930540"><ele>314.000</ele></trkpt>
      <trkpt lat="22.2674248750" lon="114.2041967214"><ele>314.000</ele></trkpt>
      <trkpt lat="22.2674243145" lon="114.2042003694"><ele>314.000</ele></trkpt>
      <trkpt lat="22.2674237088" lon="114.2042040077"><ele>314.000</ele></trkpt>
      <trkpt lat="22.2674228411" lon="114.2042087228"><ele>314.000</ele></trkpt>
      <trkpt lat="22.2674222354" lon="114.2042123611"><ele>314.000</ele></trkpt>
      <trkpt lat="22.2674217201" lon="114.2042160188"><ele>314.000</ele></trkpt>
      <trkpt lat="22.2674212860" lon="114.2042196862"><ele>314.000</ele></trkpt>
      <trkpt lat="22.2674209332" lon="114.2042233634"><ele>314.000</ele></trkpt>
      <trkpt lat="22.2674206616" lon="114.2042270599"><ele>314.000</ele></trkpt>
      <trkpt lat="22.2674204714" lon="114.2042307468"><ele>314.000</ele></trkpt>
      <trkpt lat="22.2674203714" lon="114.2042344434"><ele>314.000</ele></trkpt>
      <trkpt lat="22.2674203527" lon="114.2042381497"><ele>314.000</ele></trkpt>
      <trkpt lat="22.2674204243" lon="114.2042418463"><ele>314.000</ele></trkpt>
      <trkpt lat="22.2674205682" lon="114.2042455429"><ele>314.000</ele></trkpt>
      <trkpt lat="22.2674208024" lon="114.2042492299"><ele>314.000</ele></trkpt>
      <trkpt lat="22.2674211178" lon="114.2042529168"><ele>314.000</ele></trkpt>
      <trkpt lat="22.2674215145" lon="114.2042565941"><ele>314.000</ele></trkpt>
      <trkpt lat="22.2674220016" lon="114.2042602520"><ele>314.000</ele></trkpt>
      <trkpt lat="22.2674225699" lon="114.2042639002"><ele>314.000</ele></trkpt>
      <trkpt lat="22.2674232195" lon="114.2042675387"><ele>314.000</ele></trkpt>
      <trkpt lat="22.2674239413" lon="114.2042711482"><ele>314.000</ele></trkpt>
      <trkpt lat="22.2674247535" lon="114.2042747479"><ele>314.000</ele></trkpt>
      <trkpt lat="22.2674256469" lon="114.2042783186"><ele>314.000</ele></trkpt>
      <trkpt lat="22.2674266216" lon="114.2042818698"><ele>314.000</ele></trkpt>
      <trkpt lat="22.2674276776" lon="114.2042853823"><ele>314.000</ele></trkpt>
      <trkpt lat="22.2674288149" lon="114.2042888754"><ele>314.000</ele></trkpt>
      <trkpt lat="22.2674301508" lon="114.2042926790"><ele>314.000</ele></trkpt>
      <trkpt lat="22.2674309900" lon="114.2042962690"><ele>314.000</ele></trkpt>
      <trkpt lat="22.2674318835" lon="114.2042998396"><ele>314.000</ele></trkpt>
      <trkpt lat="22.2674328220" lon="114.2043034006"><ele>314.000</ele></trkpt>
      <trkpt lat="22.2674337968" lon="114.2043069422"><ele>314.000</ele></trkpt>
      <trkpt lat="22.2674348257" lon="114.2043104740"><ele>314.000</ele></trkpt>
      <trkpt lat="22.2674358907" lon="114.2043139962"><ele>314.000</ele></trkpt>
      <trkpt lat="22.2674370008" lon="114.2043174990"><ele>314.000</ele></trkpt>
      <trkpt lat="22.2674381562" lon="114.2043209824"><ele>314.000</ele></trkpt>
      <trkpt lat="22.2674393567" lon="114.2043244463"><ele>314.000</ele></trkpt>
      <trkpt lat="22.2674405933" lon="114.2043279006"><ele>314.000</ele></trkpt>
      <trkpt lat="22.2674418841" lon="114.2043313258"><ele>314.000</ele></trkpt>
      <trkpt lat="22.2674432110" lon="114.2043347413"><ele>314.000</ele></trkpt>
      <trkpt lat="22.2674445741" lon="114.2043381374"><ele>314.000</ele></trkpt>
      <trkpt lat="22.2674459913" lon="114.2043415141"><ele>314.000</ele></trkpt>
      <trkpt lat="22.2674474447" lon="114.2043448617"><ele>314.000</ele></trkpt>
      <trkpt lat="22.2674489342" lon="114.2043481996"><ele>314.000</ele></trkpt>
      <trkpt lat="22.2674504688" lon="114.2043515085"><ele>314.000</ele></trkpt>
      <trkpt lat="22.2674520486" lon="114.2043547979"><ele>314.000</ele></trkpt>
      <trkpt lat="22.2674536646" lon="114.2043580582"><ele>314.000</ele></trkpt>
      <trkpt lat="22.2674553257" lon="114.2043612991"><ele>314.000</ele></trkpt>
      <trkpt lat="22.2674570229" lon="114.2043645109"><ele>314.000</ele></trkpt>
      <trkpt lat="22.2674587652" lon="114.2043677034"><ele>317.000</ele></trkpt>
      <trkpt lat="22.2674605437" lon="114.2043708764"><ele>317.000</ele></trkpt>
      <trkpt lat="22.2674623584" lon="114.2043740106"><ele>317.000</ele></trkpt>
      <trkpt lat="22.2674642182" lon="114.2043771254"><ele>315.000</ele></trkpt>
      <trkpt lat="22.2674661141" lon="114.2043802209"><ele>315.000</ele></trkpt>
      <trkpt lat="22.2674680461" lon="114.2043832775"><ele>315.000</ele></trkpt>
      <trkpt lat="22.2674712692" lon="114.2043881875"><ele>315.000</ele></trkpt>
      <trkpt lat="22.2674734271" lon="114.2043910696"><ele>315.000</ele></trkpt>
      <trkpt lat="22.2674755578" lon="114.2043939710"><ele>315.000</ele></trkpt>
      <trkpt lat="22.2674776434" lon="114.2043969112"><ele>315.000</ele></trkpt>
      <trkpt lat="22.2674797019" lon="114.2043998806"><ele>315.000</ele></trkpt>
      <trkpt lat="22.2674817242" lon="114.2044028790"><ele>315.000</ele></trkpt>
      <trkpt lat="22.2674837014" lon="114.2044058968"><ele>315.000</ele></trkpt>
      <trkpt lat="22.2674856515" lon="114.2044089535"><ele>315.000</ele></trkpt>
      <trkpt lat="22.2674875565" lon="114.2044120295"><ele>315.000</ele></trkpt>
      <trkpt lat="22.2674894343" lon="114.2044151346"><ele>315.000</ele></trkpt>
      <trkpt lat="22.2674912670" lon="114.2044182591"><ele>315.000</ele></trkpt>
      <trkpt lat="22.2674930636" lon="114.2044214128"><ele>315.000</ele></trkpt>
      <trkpt lat="22.2674948240" lon="114.2044245955"><ele>313.000</ele></trkpt>
      <trkpt lat="22.2674965393" lon="114.2044277976"><ele>313.000</ele></trkpt>
      <trkpt lat="22.2674982275" lon="114.2044310288"><ele>313.000</ele></trkpt>
      <trkpt lat="22.2674998615" lon="114.2044342795"><ele>313.000</ele></trkpt>
      <trkpt lat="22.2675014684" lon="114.2044375495"><ele>313.000</ele></trkpt>
      <trkpt lat="22.2675030301" lon="114.2044408486"><ele>313.000</ele></trkpt>
      <trkpt lat="22.2675045557" lon="114.2044441574"><ele>318.000</ele></trkpt>
      <trkpt lat="22.2675060452" lon="114.2044474953"><ele>318.000</ele></trkpt>
      <trkpt lat="22.2675074896" lon="114.2044508526"><ele>318.000</ele></trkpt>
      <trkpt lat="22.2675088887" lon="114.2044542390"><ele>318.000</ele></trkpt>
      <trkpt lat="22.2675102518" lon="114.2044576351"><ele>318.000</ele></trkpt>
      <trkpt lat="22.2675115697" lon="114.2044610506"><ele>318.000</ele></trkpt>
      <trkpt lat="22.2675128514" lon="114.2044644855"><ele>318.000</ele></trkpt>
      <trkpt lat="22.2675140881" lon="114.2044679301"><ele>318.000</ele></trkpt>
      <trkpt lat="22.2675152885" lon="114.2044714038"><ele>318.000</ele></trkpt>
      <trkpt lat="22.2675164439" lon="114.2044748872"><ele>316.000</ele></trkpt>
      <trkpt lat="22.2675175631" lon="114.2044783803"><ele>316.000</ele></trkpt>
      <trkpt lat="22.2675186281" lon="114.2044819025"><ele>316.000</ele></trkpt>
      <trkpt lat="22.2675196570" lon="114.2044854343"><ele>316.000</ele></trkpt>
      <trkpt lat="22.2675206498" lon="114.2044889759"><ele>316.000</ele></trkpt>
      <trkpt lat="22.2675215883" lon="114.2044925368"><ele>316.000</ele></trkpt>
      <trkpt lat="22.2675224908" lon="114.2044960978"><ele>316.000</ele></trkpt>
      <trkpt lat="22.2675234474" lon="114.2045001148"><ele>316.000</ele></trkpt>
      <trkpt lat="22.2675243318" lon="114.2045036951"><ele>316.000</ele></trkpt>
      <trkpt lat="22.2675261457" lon="114.2045108267"><ele>316.000</ele></trkpt>
      <trkpt lat="22.2675270662" lon="114.2045143974"><ele>316.000</ele></trkpt>
      <trkpt lat="22.2675289434" lon="114.2045215096"><ele>318.000</ele></trkpt>
      <trkpt lat="22.2675308657" lon="114.2045286121"><ele>318.000</ele></trkpt>
      <trkpt lat="22.2675318494" lon="114.2045321634"><ele>318.000</ele></trkpt>
      <trkpt lat="22.2675328422" lon="114.2045357050"><ele>318.000</ele></trkpt>
      <trkpt lat="22.2675348639" lon="114.2045427784"><ele>318.000</ele></trkpt>
      <trkpt lat="22.2675369216" lon="114.2045498325"><ele>318.000</ele></trkpt>
      <trkpt lat="22.2675379776" lon="114.2045533546"><ele>318.000</ele></trkpt>
      <trkpt lat="22.2675401077" lon="114.2045603893"><ele>318.000</ele></trkpt>
      <trkpt lat="22.2675428515" lon="114.2045691899"><ele>318.000</ele></trkpt>
      <trkpt lat="22.2675453776" lon="114.2045837343"><ele>318.000</ele></trkpt>
      <trkpt lat="22.2675472360" lon="114.2045946498"><ele>318.000</ele></trkpt>
      <trkpt lat="22.2675496808" lon="114.2046092136"><ele>323.000</ele></trkpt>
      <trkpt lat="22.2675514761" lon="114.2046201485"><ele>323.000</ele></trkpt>
      <trkpt lat="22.2675544169" lon="114.2046383702"><ele>323.000</ele></trkpt>
      <trkpt lat="22.2675561490" lon="114.2046493148"><ele>323.000</ele></trkpt>
      <trkpt lat="22.2675578719" lon="114.2046604050"><ele>323.000</ele></trkpt>
      <trkpt lat="22.2675603236" lon="114.2046873199"><ele>323.000</ele></trkpt>
      <trkpt lat="22.2675632452" lon="114.2047125273"><ele>323.000</ele></trkpt>
      <trkpt lat="22.2675653648" lon="114.2047278478"><ele>323.000</ele></trkpt>
      <trkpt lat="22.2675670054" lon="114.2047451281"><ele>323.000</ele></trkpt>
      <trkpt lat="22.2675674899" lon="114.2047636403"><ele>323.000</ele></trkpt>
      <trkpt lat="22.2675680020" lon="114.2047791837"><ele>322.000</ele></trkpt>
      <trkpt lat="22.2675678568" lon="114.2047828802"><ele>322.000</ele></trkpt>
      <trkpt lat="22.2675677749" lon="114.2047865768"><ele>322.000</ele></trkpt>
      <trkpt lat="22.2675677472" lon="114.2047902734"><ele>322.000</ele></trkpt>
      <trkpt lat="22.2675677736" lon="114.2047939798"><ele>322.000</ele></trkpt>
      <trkpt lat="22.2675678633" lon="114.2047976764"><ele>322.000</ele></trkpt>
      <trkpt lat="22.2675679981" lon="114.2048013730"><ele>322.000</ele></trkpt>
      <trkpt lat="22.2675681872" lon="114.2048050600"><ele>322.000</ele></trkpt>
      <trkpt lat="22.2675684303" lon="114.2048087566"><ele>322.000</ele></trkpt>
      <trkpt lat="22.2675687367" lon="114.2048124436"><ele>321.000</ele></trkpt>
      <trkpt lat="22.2675690883" lon="114.2048161209"><ele>321.000</ele></trkpt>
      <trkpt lat="22.2675694941" lon="114.2048197885"><ele>321.000</ele></trkpt>
      <trkpt lat="22.2675699630" lon="114.2048234561"><ele>321.000</ele></trkpt>
      <trkpt lat="22.2675704771" lon="114.2048271140"><ele>321.000</ele></trkpt>
      <trkpt lat="22.2675710545" lon="114.2048307622"><ele>321.000</ele></trkpt>
      <trkpt lat="22.2675716770" lon="114.2048344007"><ele>321.000</ele></trkpt>
      <trkpt lat="22.2675723536" lon="114.2048380295"><ele>321.000</ele></trkpt>
      <trkpt lat="22.2675730935" lon="114.2048416390"><ele>321.000</ele></trkpt>
      <trkpt lat="22.2675738786" lon="114.2048452387"><ele>321.000</ele></trkpt>
      <trkpt lat="22.2675747178" lon="114.2048488288"><ele>321.000</ele></trkpt>
      <trkpt lat="22.2675756112" lon="114.2048523994"><ele>321.000</ele></trkpt>
      <trkpt lat="22.2675765588" lon="114.2048559604"><ele>321.000</ele></trkpt>
      <trkpt lat="22.2675775516" lon="114.2048595019"><ele>321.000</ele></trkpt>
      <trkpt lat="22.2675785985" lon="114.2048630241"><ele>321.000</ele></trkpt>
      <trkpt lat="22.2675797087" lon="114.2048665269"><ele>321.000</ele></trkpt>
      <trkpt lat="22.2675808550" lon="114.2048700103"><ele>321.000</ele></trkpt>
      <trkpt lat="22.2675820645" lon="114.2048734743"><ele>321.000</ele></trkpt>
      <trkpt lat="22.2675833192" lon="114.2048769189"><ele>321.000</ele></trkpt>
      <trkpt lat="22.2675846280" lon="114.2048803441"><ele>321.000</ele></trkpt>
      <trkpt lat="22.2675859911" lon="114.2048837402"><ele>321.000</ele></trkpt>
      <trkpt lat="22.2675873902" lon="114.2048871169"><ele>321.000</ele></trkpt>
      <trkpt lat="22.2675888526" lon="114.2048904742"><ele>321.000</ele></trkpt>
      <trkpt lat="22.2675903602" lon="114.2048937927"><ele>321.000</ele></trkpt>
      <trkpt lat="22.2675943683" lon="114.2049021764"><ele>324.000</ele></trkpt>
      <trkpt lat="22.2675959752" lon="114.2049054464"><ele>324.000</ele></trkpt>
      <trkpt lat="22.2675976002" lon="114.2049087165"><ele>324.000</ele></trkpt>
      <trkpt lat="22.2675992432" lon="114.2049119574"><ele>322.000</ele></trkpt>
      <trkpt lat="22.2676009133" lon="114.2049151983"><ele>322.000</ele></trkpt>
      <trkpt lat="22.2676026015" lon="114.2049184199"><ele>322.000</ele></trkpt>
      <trkpt lat="22.2676043077" lon="114.2049216317"><ele>322.000</ele></trkpt>
      <trkpt lat="22.2676060410" lon="114.2049248338"><ele>322.000</ele></trkpt>
      <trkpt lat="22.2676077834" lon="114.2049280166"><ele>322.000</ele></trkpt>
      <trkpt lat="22.2676095529" lon="114.2049311896"><ele>322.000</ele></trkpt>
      <trkpt lat="22.2676113494" lon="114.2049343529"><ele>322.000</ele></trkpt>
      <trkpt lat="22.2676131550" lon="114.2049374969"><ele>322.000</ele></trkpt>
      <trkpt lat="22.2676149877" lon="114.2049406311"><ele>322.000</ele></trkpt>
      <trkpt lat="22.2676168384" lon="114.2049437459"><ele>322.000</ele></trkpt>
      <trkpt lat="22.2676187072" lon="114.2049468511"><ele>322.000</ele></trkpt>
      <trkpt lat="22.2676206031" lon="114.2049499368"><ele>322.000</ele></trkpt>
      <trkpt lat="22.2676225081" lon="114.2049530129"><ele>322.000</ele></trkpt>
      <trkpt lat="22.2676244401" lon="114.2049560792"><ele>322.000</ele></trkpt>
      <trkpt lat="22.2676263902" lon="114.2049591261"><ele>320.000</ele></trkpt>
      <trkpt lat="22.2676283674" lon="114.2049621634"><ele>320.000</ele></trkpt>
      <trkpt lat="22.2676303536" lon="114.2049651812"><ele>320.000</ele></trkpt>
      <trkpt lat="22.2676323579" lon="114.2049681797"><ele>320.000</ele></trkpt>
      <trkpt lat="22.2676343893" lon="114.2049711684"><ele>320.000</ele></trkpt>
      <trkpt lat="22.2676364387" lon="114.2049741378"><ele>320.000</ele></trkpt>
      <trkpt lat="22.2676385062" lon="114.2049770974"><ele>320.000</ele></trkpt>
      <trkpt lat="22.2676405918" lon="114.2049800376"><ele>324.000</ele></trkpt>
      <trkpt lat="22.2676426954" lon="114.2049829682"><ele>324.000</ele></trkpt>
      <trkpt lat="22.2676448171" lon="114.2049858793"><ele>324.000</ele></trkpt>
      <trkpt lat="22.2676469569" lon="114.2049887711"><ele>324.000</ele></trkpt>
      <trkpt lat="22.2676491237" lon="114.2049916531"><ele>324.000</ele></trkpt>
      <trkpt lat="22.2676512996" lon="114.2049945158"><ele>324.000</ele></trkpt>
      <trkpt lat="22.2676534936" lon="114.2049973590"><ele>324.000</ele></trkpt>
      <trkpt lat="22.2676557146" lon="114.2050001925"><ele>324.000</ele></trkpt>
      <trkpt lat="22.2676579447" lon="114.2050030067"><ele>324.000</ele></trkpt>
      <trkpt lat="22.2676602019" lon="114.2050058014"><ele>324.000</ele></trkpt>
      <trkpt lat="22.2676624681" lon="114.2050085865"><ele>321.000</ele></trkpt>
      <trkpt lat="22.2676647614" lon="114.2050113424"><ele>321.000</ele></trkpt>
      <trkpt lat="22.2676670637" lon="114.2050140887"><ele>321.000</ele></trkpt>
      <trkpt lat="22.2676693841" lon="114.2050168155"><ele>321.000</ele></trkpt>
      <trkpt lat="22.2676717316" lon="114.2050195326"><ele>321.000</ele></trkpt>
      <trkpt lat="22.2676740882" lon="114.2050222207"><ele>321.000</ele></trkpt>
      <trkpt lat="22.2676764628" lon="114.2050248990"><ele>321.000</ele></trkpt>
      <trkpt lat="22.2676788554" lon="114.2050275579"><ele>321.000</ele></trkpt>
      <trkpt lat="22.2676812662" lon="114.2050301975"><ele>321.000</ele></trkpt>
      <trkpt lat="22.2676836949" lon="114.2050328176"><ele>321.000</ele></trkpt>
      <trkpt lat="22.2676861328" lon="114.2050354280"><ele>324.000</ele></trkpt>
      <trkpt lat="22.2676885977" lon="114.2050380094"><ele>324.000</ele></trkpt>
      <trkpt lat="22.2676932296" lon="114.2050427839"><ele>324.000</ele></trkpt>
      <trkpt lat="22.2676955771" lon="114.2050454913"><ele>324.000</ele></trkpt>
      <trkpt lat="22.2676979426" lon="114.2050481794"><ele>324.000</ele></trkpt>
      <trkpt lat="22.2677003263" lon="114.2050508577"><ele>324.000</ele></trkpt>
      <trkpt lat="22.2677027189" lon="114.2050535069"><ele>324.000</ele></trkpt>
      <trkpt lat="22.2677051297" lon="114.2050561465"><ele>322.000</ele></trkpt>
      <trkpt lat="22.2677075584" lon="114.2050587666"><ele>322.000</ele></trkpt>
      <trkpt lat="22.2677099963" lon="114.2050613770"><ele>322.000</ele></trkpt>
      <trkpt lat="22.2677124522" lon="114.2050639681"><ele>322.000</ele></trkpt>
      <trkpt lat="22.2677149261" lon="114.2050665397"><ele>322.000</ele></trkpt>
      <trkpt lat="22.2677174181" lon="114.2050690919"><ele>322.000</ele></trkpt>
      <trkpt lat="22.2677199192" lon="114.2050716345"><ele>322.000</ele></trkpt>
      <trkpt lat="22.2677224383" lon="114.2050741479"><ele>322.000</ele></trkpt>
      <trkpt lat="22.2677249755" lon="114.2050766516"><ele>322.000</ele></trkpt>
      <trkpt lat="22.2677275217" lon="114.2050791457"><ele>322.000</ele></trkpt>
      <trkpt lat="22.2677300860" lon="114.2050816106"><ele>326.000</ele></trkpt>
      <trkpt lat="22.2677326593" lon="114.2050840561"><ele>326.000</ele></trkpt>
      <trkpt lat="22.2677352506" lon="114.2050864919"><ele>326.000</ele></trkpt>
      <trkpt lat="22.2677378601" lon="114.2050889083"><ele>326.000</ele></trkpt>
      <trkpt lat="22.2677404785" lon="114.2050913054"><ele>326.000</ele></trkpt>
      <trkpt lat="22.2677431151" lon="114.2050936830"><ele>326.000</ele></trkpt>
      <trkpt lat="22.2677457607" lon="114.2050960412"><ele>326.000</ele></trkpt>
      <trkpt lat="22.2677484243" lon="114.2050983897"><ele>326.000</ele></trkpt>
      <trkpt lat="22.2677510970" lon="114.2051007091"><ele>326.000</ele></trkpt>
      <trkpt lat="22.2677537877" lon="114.2051030188"><ele>326.000</ele></trkpt>
      <trkpt lat="22.2677564965" lon="114.2051053091"><ele>323.000</ele></trkpt>
      <trkpt lat="22.2677594762" lon="114.2051077936"><ele>323.000</ele></trkpt>
      <trkpt lat="22.2678049299" lon="114.2051453898"><ele>326.000</ele></trkpt>
      <trkpt lat="22.2678315032" lon="114.2051679436"><ele>329.000</ele></trkpt>
      <trkpt lat="22.2678591956" lon="114.2051942039"><ele>329.000</ele></trkpt>
      <trkpt lat="22.2678618412" lon="114.2051965718"><ele>329.000</ele></trkpt>
      <trkpt lat="22.2678644596" lon="114.2051989688"><ele>332.000</ele></trkpt>
      <trkpt lat="22.2678670600" lon="114.2052013852"><ele>330.000</ele></trkpt>
      <trkpt lat="22.2678696334" lon="114.2052038405"><ele>330.000</ele></trkpt>
      <trkpt lat="22.2678721886" lon="114.2052063248"><ele>330.000</ele></trkpt>
      <trkpt lat="22.2678747167" lon="114.2052088382"><ele>330.000</ele></trkpt>
      <trkpt lat="22.2678772178" lon="114.2052113808"><ele>330.000</ele></trkpt>
      <trkpt lat="22.2678796917" lon="114.2052139524"><ele>330.000</ele></trkpt>
      <trkpt lat="22.2678821386" lon="114.2052165434"><ele>330.000</ele></trkpt>
      <trkpt lat="22.2678845583" lon="114.2052191733"><ele>330.000</ele></trkpt>
      <trkpt lat="22.2678869600" lon="114.2052218225"><ele>330.000</ele></trkpt>
      <trkpt lat="22.2678893346" lon="114.2052245106"><ele>330.000</ele></trkpt>
      <trkpt lat="22.2678916731" lon="114.2052272180"><ele>330.000</ele></trkpt>
      <trkpt lat="22.2678939935" lon="114.2052299449"><ele>330.000</ele></trkpt>
      <trkpt lat="22.2678962868" lon="114.2052327105"><ele>330.000</ele></trkpt>
      <trkpt lat="22.2678985440" lon="114.2052354955"><ele>330.000</ele></trkpt>
      <trkpt lat="22.2679007831" lon="114.2052383097"><ele>330.000</ele></trkpt>
      <trkpt lat="22.2679029861" lon="114.2052411433"><ele>330.000</ele></trkpt>
      <trkpt lat="22.2679051710" lon="114.2052440059"><ele>330.000</ele></trkpt>
      <trkpt lat="22.2679073198" lon="114.2052468977"><ele>330.000</ele></trkpt>
      <trkpt lat="22.2679094415" lon="114.2052498088"><ele>330.000</ele></trkpt>
      <trkpt lat="22.2679115361" lon="114.2052527394"><ele>333.000</ele></trkpt>
      <trkpt lat="22.2679135945" lon="114.2052556990"><ele>333.000</ele></trkpt>
      <trkpt lat="22.2679156349" lon="114.2052586878"><ele>333.000</ele></trkpt>
      <trkpt lat="22.2679176392" lon="114.2052616959"><ele>333.000</ele></trkpt>
      <trkpt lat="22.2679196164" lon="114.2052647235"><ele>333.000</ele></trkpt>
      <trkpt lat="22.2679215574" lon="114.2052677704"><ele>333.000</ele></trkpt>
      <trkpt lat="22.2679234714" lon="114.2052708465"><ele>333.000</ele></trkpt>
      <trkpt lat="22.2679253583" lon="114.2052739419"><ele>333.000</ele></trkpt>
      <trkpt lat="22.2679272090" lon="114.2052770568"><ele>333.000</ele></trkpt>
      <trkpt lat="22.2679290326" lon="114.2052802007"><ele>333.000</ele></trkpt>
      <trkpt lat="22.2679308202" lon="114.2052833544"><ele>333.000</ele></trkpt>
      <trkpt lat="22.2679325806" lon="114.2052865371"><ele>333.000</ele></trkpt>
      <trkpt lat="22.2679343049" lon="114.2052897393"><ele>333.000</ele></trkpt>
      <trkpt lat="22.2679360021" lon="114.2052929511"><ele>333.000</ele></trkpt>
      <trkpt lat="22.2679376722" lon="114.2052961921"><ele>333.000</ele></trkpt>
      <trkpt lat="22.2679392971" lon="114.2052994524"><ele>332.000</ele></trkpt>
      <trkpt lat="22.2679409040" lon="114.2053027224"><ele>332.000</ele></trkpt>
      <trkpt lat="22.2679424657" lon="114.2053060216"><ele>332.000</ele></trkpt>
      <trkpt lat="22.2679440004" lon="114.2053093304"><ele>332.000</ele></trkpt>
      <trkpt lat="22.2679455079" lon="114.2053126586"><ele>332.000</ele></trkpt>
      <trkpt lat="22.2679469703" lon="114.2053160063"><ele>332.000</ele></trkpt>
      <trkpt lat="22.2679484056" lon="114.2053193636"><ele>332.000</ele></trkpt>
      <trkpt lat="22.2679498138" lon="114.2053227403"><ele>332.000</ele></trkpt>
      <trkpt lat="22.2679512851" lon="114.2053263984"><ele>332.000</ele></trkpt>
      <trkpt lat="22.2679524585" lon="114.2053298721"><ele>332.000</ele></trkpt>
      <trkpt lat="22.2679536860" lon="114.2053333264"><ele>332.000</ele></trkpt>
      <trkpt lat="22.2679549588" lon="114.2053367711"><ele>336.000</ele></trkpt>
      <trkpt lat="22.2679562857" lon="114.2053401866"><ele>336.000</ele></trkpt>
      <trkpt lat="22.2679576577" lon="114.2053435730"><ele>336.000</ele></trkpt>
      <trkpt lat="22.2679590749" lon="114.2053469497"><ele>334.000</ele></trkpt>
      <trkpt lat="22.2679605373" lon="114.2053502877"><ele>334.000</ele></trkpt>
      <trkpt lat="22.2679620539" lon="114.2053536159"><ele>334.000</ele></trkpt>
      <trkpt lat="22.2679636156" lon="114.2053569150"><ele>334.000</ele></trkpt>
      <trkpt lat="22.2679652225" lon="114.2053601851"><ele>334.000</ele></trkpt>
      <trkpt lat="22.2679668745" lon="114.2053634260"><ele>334.000</ele></trkpt>
      <trkpt lat="22.2679685717" lon="114.2053666476"><ele>334.000</ele></trkpt>
      <trkpt lat="22.2679703141" lon="114.2053698400"><ele>334.000</ele></trkpt>
      <trkpt lat="22.2679721016" lon="114.2053729937"><ele>334.000</ele></trkpt>
      <trkpt lat="22.2679739343" lon="114.2053761279"><ele>334.000</ele></trkpt>
      <trkpt lat="22.2679758031" lon="114.2053792331"><ele>334.000</ele></trkpt>
      <trkpt lat="22.2679777261" lon="114.2053822994"><ele>334.000</ele></trkpt>
      <trkpt lat="22.2679796942" lon="114.2053853367"><ele>334.000</ele></trkpt>
      <trkpt lat="22.2679816985" lon="114.2053883448"><ele>334.000</ele></trkpt>
      <trkpt lat="22.2679837389" lon="114.2053913142"><ele>334.000</ele></trkpt>
      <trkpt lat="22.2679858335" lon="114.2053942544"><ele>334.000</ele></trkpt>
      <trkpt lat="22.2679879642" lon="114.2053971559"><ele>334.000</ele></trkpt>
      <trkpt lat="22.2679901311" lon="114.2054000282"><ele>334.000</ele></trkpt>
      <trkpt lat="22.2679923431" lon="114.2054028618"><ele>334.000</ele></trkpt>
      <trkpt lat="22.2679962344" lon="114.2054076459"><ele>334.000</ele></trkpt>
      <trkpt lat="22.2679984374" lon="114.2054104988"><ele>334.000</ele></trkpt>
      <trkpt lat="22.2680006494" lon="114.2054133227"><ele>337.000</ele></trkpt>
      <trkpt lat="22.2680028795" lon="114.2054161466"><ele>337.000</ele></trkpt>
      <trkpt lat="22.2680051276" lon="114.2054189510"><ele>337.000</ele></trkpt>
      <trkpt lat="22.2680073848" lon="114.2054217361"><ele>337.000</ele></trkpt>
      <trkpt lat="22.2680096600" lon="114.2054245114"><ele>337.000</ele></trkpt>
      <trkpt lat="22.2680119533" lon="114.2054272674"><ele>337.000</ele></trkpt>
      <trkpt lat="22.2680142647" lon="114.2054300136"><ele>337.000</ele></trkpt>
      <trkpt lat="22.2680165851" lon="114.2054327405"><ele>337.000</ele></trkpt>
      <trkpt lat="22.2680189236" lon="114.2054354576"><ele>337.000</ele></trkpt>
      <trkpt lat="22.2680212711" lon="114.2054381554"><ele>337.000</ele></trkpt>
      <trkpt lat="22.2680236457" lon="114.2054408434"><ele>337.000</ele></trkpt>
      <trkpt lat="22.2680260202" lon="114.2054435121"><ele>337.000</ele></trkpt>
      <trkpt lat="22.2680284219" lon="114.2054461613"><ele>337.000</ele></trkpt>
      <trkpt lat="22.2680308326" lon="114.2054488009"><ele>337.000</ele></trkpt>
      <trkpt lat="22.2680332614" lon="114.2054514210"><ele>337.000</ele></trkpt>
      <trkpt lat="22.2680356992" lon="114.2054540315"><ele>337.000</ele></trkpt>
      <trkpt lat="22.2680381551" lon="114.2054566225"><ele>337.000</ele></trkpt>
      <trkpt lat="22.2680406291" lon="114.2054592039"><ele>337.000</ele></trkpt>
      <trkpt lat="22.2680431120" lon="114.2054617561"><ele>337.000</ele></trkpt>
      <trkpt lat="22.2680456131" lon="114.2054642987"><ele>340.000</ele></trkpt>
      <trkpt lat="22.2680481232" lon="114.2054668315"><ele>340.000</ele></trkpt>
      <trkpt lat="22.2680506513" lon="114.2054693449"><ele>340.000</ele></trkpt>
      <trkpt lat="22.2680531885" lon="114.2054718390"><ele>340.000</ele></trkpt>
      <trkpt lat="22.2680557437" lon="114.2054743136"><ele>340.000</ele></trkpt>
      <trkpt lat="22.2680583080" lon="114.2054767786"><ele>340.000</ele></trkpt>
      <trkpt lat="22.2680608903" lon="114.2054792241"><ele>340.000</ele></trkpt>
      <trkpt lat="22.2680634907" lon="114.2054816502"><ele>340.000</ele></trkpt>
      <trkpt lat="22.2680660911" lon="114.2054840667"><ele>340.000</ele></trkpt>
      <trkpt lat="22.2680687186" lon="114.2054864637"><ele>340.000</ele></trkpt>
      <trkpt lat="22.2680713551" lon="114.2054888413"><ele>340.000</ele></trkpt>
      <trkpt lat="22.2680740007" lon="114.2054911996"><ele>340.000</ele></trkpt>
      <trkpt lat="22.2680766643" lon="114.2054935481"><ele>340.000</ele></trkpt>
      <trkpt lat="22.2680793370" lon="114.2054958675"><ele>340.000</ele></trkpt>
      <trkpt lat="22.2680820277" lon="114.2054981772"><ele>340.000</ele></trkpt>
      <trkpt lat="22.2680847275" lon="114.2055004773"><ele>340.000</ele></trkpt>
      <trkpt lat="22.2680874363" lon="114.2055027482"><ele>340.000</ele></trkpt>
      <trkpt lat="22.2680901631" lon="114.2055050094"><ele>343.000</ele></trkpt>
      <trkpt lat="22.2680928990" lon="114.2055072512"><ele>343.000</ele></trkpt>
      <trkpt lat="22.2680956530" lon="114.2055094736"><ele>343.000</ele></trkpt>
      <trkpt lat="22.2680984160" lon="114.2055116766"><ele>343.000</ele></trkpt>
      <trkpt lat="22.2681011880" lon="114.2055138603"><ele>343.000</ele></trkpt>
      <trkpt lat="22.2681039781" lon="114.2055160342"><ele>343.000</ele></trkpt>
      <trkpt lat="22.2681067772" lon="114.2055181790"><ele>343.000</ele></trkpt>
      <trkpt lat="22.2681095854" lon="114.2055203141"><ele>343.000</ele></trkpt>
      <trkpt lat="22.2681124116" lon="114.2055224298"><ele>343.000</ele></trkpt>
      <trkpt lat="22.2681152468" lon="114.2055245261"><ele>343.000</ele></trkpt>
      <trkpt lat="22.2681180911" lon="114.2055266030"><ele>343.000</ele></trkpt>
      <trkpt lat="22.2681209444" lon="114.2055286702"><ele>343.000</ele></trkpt>
      <trkpt lat="22.2681238158" lon="114.2055307083"><ele>343.000</ele></trkpt>
      <trkpt lat="22.2681266963" lon="114.2055327367"><ele>343.000</ele></trkpt>
      <trkpt lat="22.2681295857" lon="114.2055347360"><ele>343.000</ele></trkpt>
      <trkpt lat="22.2681328544" lon="114.2055369779"><ele>343.000</ele></trkpt>
      <trkpt lat="22.2681492521" lon="114.2055480420"><ele>346.000</ele></trkpt>
      <trkpt lat="22.2681656409" lon="114.2055586210"><ele>346.000</ele></trkpt>
      <trkpt lat="22.2681914659" lon="114.2055734904"><ele>349.000</ele></trkpt>
      <trkpt lat="22.2681944818" lon="114.2055752763"><ele>349.000</ele></trkpt>
      <trkpt lat="22.2681974706" lon="114.2055771106"><ele>349.000</ele></trkpt>
      <trkpt lat="22.2682004233" lon="114.2055790032"><ele>349.000</ele></trkpt>
      <trkpt lat="22.2682033580" lon="114.2055809346"><ele>349.000</ele></trkpt>
      <trkpt lat="22.2682062655" lon="114.2055829145"><ele>349.000</ele></trkpt>
      <trkpt lat="22.2682091459" lon="114.2055849429"><ele>349.000</ele></trkpt>
      <trkpt lat="22.2682119902" lon="114.2055870198"><ele>349.000</ele></trkpt>
      <trkpt lat="22.2682148074" lon="114.2055891452"><ele>349.000</ele></trkpt>
      <trkpt lat="22.2682175975" lon="114.2055913094"><ele>349.000</ele></trkpt>
      <trkpt lat="22.2682203514" lon="114.2055935221"><ele>349.000</ele></trkpt>
      <trkpt lat="22.2682230783" lon="114.2055957834"><ele>349.000</ele></trkpt>
      <trkpt lat="22.2682257690" lon="114.2055980834"><ele>352.000</ele></trkpt>
      <trkpt lat="22.2682284326" lon="114.2056004319"><ele>352.000</ele></trkpt>
      <trkpt lat="22.2682310601" lon="114.2056028192"><ele>352.000</ele></trkpt>
      <trkpt lat="22.2682336515" lon="114.2056052551"><ele>352.000</ele></trkpt>
      <trkpt lat="22.2682362067" lon="114.2056077297"><ele>352.000</ele></trkpt>
      <trkpt lat="22.2682387349" lon="114.2056102432"><ele>352.000</ele></trkpt>
      <trkpt lat="22.2682412178" lon="114.2056127954"><ele>352.000</ele></trkpt>
      <trkpt lat="22.2682441342" lon="114.2056158911"><ele>352.000</ele></trkpt>
      <trkpt lat="22.2682466443" lon="114.2056184143"><ele>352.000</ele></trkpt>
      <trkpt lat="22.2682491363" lon="114.2056209665"><ele>352.000</ele></trkpt>
      <trkpt lat="22.2682516102" lon="114.2056235382"><ele>352.000</ele></trkpt>
      <trkpt lat="22.2682540570" lon="114.2056261389"><ele>352.000</ele></trkpt>
      <trkpt lat="22.2682564858" lon="114.2056287591"><ele>352.000</ele></trkpt>
      <trkpt lat="22.2682588875" lon="114.2056314083"><ele>352.000</ele></trkpt>
      <trkpt lat="22.2682612711" lon="114.2056340867"><ele>352.000</ele></trkpt>
      <trkpt lat="22.2682636186" lon="114.2056367844"><ele>352.000</ele></trkpt>
      <trkpt lat="22.2682659480" lon="114.2056395016"><ele>352.000</ele></trkpt>
      <trkpt lat="22.2682704082" lon="114.2056448583"><ele>352.000</ele></trkpt>
      <trkpt lat="22.2682751393" lon="114.2056502344"><ele>355.000</ele></trkpt>
      <trkpt lat="22.2682775230" lon="114.2056529030"><ele>355.000</ele></trkpt>
      <trkpt lat="22.2682823173" lon="114.2056582015"><ele>355.000</ele></trkpt>
      <trkpt lat="22.2682847370" lon="114.2056608411"><ele>355.000</ele></trkpt>
      <trkpt lat="22.2682896036" lon="114.2056660717"><ele>355.000</ele></trkpt>
      <trkpt lat="22.2682945154" lon="114.2056712441"><ele>355.000</ele></trkpt>
      <trkpt lat="22.2682994723" lon="114.2056763777"><ele>355.000</ele></trkpt>
      <trkpt lat="22.2683044744" lon="114.2056814628"><ele>355.000</ele></trkpt>
      <trkpt lat="22.2683069935" lon="114.2056839763"><ele>355.000</ele></trkpt>
      <trkpt lat="22.2683120678" lon="114.2056889838"><ele>356.000</ele></trkpt>
      <trkpt lat="22.2683146140" lon="114.2056914681"><ele>356.000</ele></trkpt>
      <trkpt lat="22.2683197516" lon="114.2056963883"><ele>358.000</ele></trkpt>
      <trkpt lat="22.2683223339" lon="114.2056988339"><ele>358.000</ele></trkpt>
      <trkpt lat="22.2683275347" lon="114.2057036862"><ele>358.000</ele></trkpt>
      <trkpt lat="22.2683327716" lon="114.2057084802"><ele>358.000</ele></trkpt>
      <trkpt lat="22.2683380537" lon="114.2057132161"><ele>358.000</ele></trkpt>
      <trkpt lat="22.2683433810" lon="114.2057179035"><ele>358.000</ele></trkpt>
      <trkpt lat="22.2683460536" lon="114.2057202326"><ele>358.000</ele></trkpt>
      <trkpt lat="22.2683514351" lon="114.2057248424"><ele>358.000</ele></trkpt>
      <trkpt lat="22.2683541439" lon="114.2057271230"><ele>358.000</ele></trkpt>
      <trkpt lat="22.2683595885" lon="114.2057316455"><ele>358.000</ele></trkpt>
      <trkpt lat="22.2683623244" lon="114.2057338873"><ele>361.000</ele></trkpt>
      <trkpt lat="22.2683678323" lon="114.2057383322"><ele>362.000</ele></trkpt>
      <trkpt lat="22.2683733764" lon="114.2057427188"><ele>362.000</ele></trkpt>
      <trkpt lat="22.2683789566" lon="114.2057470472"><ele>362.000</ele></trkpt>
      <trkpt lat="22.2683817557" lon="114.2057491920"><ele>362.000</ele></trkpt>
      <trkpt lat="22.2683870830" lon="114.2057532003"><ele>362.000</ele></trkpt>
      <trkpt lat="22.2683954443" lon="114.2057597026"><ele>362.000</ele></trkpt>
      <trkpt lat="22.2684037784" lon="114.2057662535"><ele>362.000</ele></trkpt>
      <trkpt lat="22.2684120944" lon="114.2057728237"><ele>364.000</ele></trkpt>
      <trkpt lat="22.2684286814" lon="114.2057861292"><ele>364.000</ele></trkpt>
      <trkpt lat="22.2684976207" lon="114.2058402346"><ele>370.000</ele></trkpt>
      <trkpt lat="22.2685083026" lon="114.2058483189"><ele>370.000</ele></trkpt>
      <trkpt lat="22.2685158241" lon="114.2058536374"><ele>370.000</ele></trkpt>
      <trkpt lat="22.2685212959" lon="114.2058581405"><ele>370.000</ele></trkpt>
      <trkpt lat="22.2685241216" lon="114.2058632252"><ele>370.000</ele></trkpt>
      <trkpt lat="22.2685292940" lon="114.2058750923"><ele>370.000</ele></trkpt>
      <trkpt lat="22.2685327967" lon="114.2058820400"><ele>370.000</ele></trkpt>
      <trkpt lat="22.2685376717" lon="114.2058903948"><ele>370.000</ele></trkpt>
      <trkpt lat="22.2685430977" lon="114.2058983520"><ele>373.000</ele></trkpt>
      <trkpt lat="22.2685490476" lon="114.2059058726"><ele>373.000</ele></trkpt>
      <trkpt lat="22.2685567040" lon="114.2059144220"><ele>373.000</ele></trkpt>
      <trkpt lat="22.2685635391" lon="114.2059210017"><ele>373.000</ele></trkpt>
      <trkpt lat="22.2685707625" lon="114.2059270867"><ele>373.000</ele></trkpt>
      <trkpt lat="22.2685830426" lon="114.2059357438"><ele>373.000</ele></trkpt>
      <trkpt lat="22.2685894718" lon="114.2059395485"><ele>376.000</ele></trkpt>
      <trkpt lat="22.2685977611" lon="114.2059437902"><ele>376.000</ele></trkpt>
      <trkpt lat="22.2686097530" lon="114.2059487409"><ele>376.000</ele></trkpt>
      <trkpt lat="22.2686239032" lon="114.2059529353"><ele>376.000</ele></trkpt>
      <trkpt lat="22.2686305313" lon="114.2059555369"><ele>376.000</ele></trkpt>
      <trkpt lat="22.2686441394" lon="114.2059614583"><ele>378.000</ele></trkpt>
      <trkpt lat="22.2686558240" lon="114.2059672045"><ele>378.000</ele></trkpt>
      <trkpt lat="22.2686721137" lon="114.2059762991"><ele>378.000</ele></trkpt>
      <trkpt lat="22.2687004577" lon="114.2059939150"><ele>380.000</ele></trkpt>
      <trkpt lat="22.2687096407" lon="114.2060004466"><ele>380.000</ele></trkpt>
      <trkpt lat="22.2687200155" lon="114.2060085892"><ele>380.000</ele></trkpt>
      <trkpt lat="22.2687286113" lon="114.2060160036"><ele>382.000</ele></trkpt>
      <trkpt lat="22.2687369001" lon="114.2060237964"><ele>382.000</ele></trkpt>
      <trkpt lat="22.2687584161" lon="114.2060460390"><ele>382.000</ele></trkpt>
      <trkpt lat="22.2687657113" lon="114.2060549085"><ele>382.000</ele></trkpt>
      <trkpt lat="22.2687724284" lon="114.2060643019"><ele>382.000</ele></trkpt>
      <trkpt lat="22.2687813299" lon="114.2060792553"><ele>382.000</ele></trkpt>
      <trkpt lat="22.2687887503" lon="114.2060951301"><ele>382.000</ele></trkpt>
      <trkpt lat="22.2687928301" lon="114.2061061238"><ele>382.000</ele></trkpt>
      <trkpt lat="22.2688003755" lon="114.2061299062"><ele>382.000</ele></trkpt>
      <trkpt lat="22.2688025412" lon="114.2061388038"><ele>382.000</ele></trkpt>
      <trkpt lat="22.2688049680" lon="114.2061523683"><ele>382.000</ele></trkpt>
      <trkpt lat="22.2688063833" lon="114.2061660976"><ele>382.000</ele></trkpt>
      <trkpt lat="22.2688067876" lon="114.2061779347"><ele>382.000</ele></trkpt>
      <trkpt lat="22.2688063155" lon="114.2061917413"><ele>382.000</ele></trkpt>
      <trkpt lat="22.2688070777" lon="114.2062213534"><ele>384.000</ele></trkpt>
      <trkpt lat="22.2688087545" lon="114.2062378576"><ele>384.000</ele></trkpt>
      <trkpt lat="22.2688123270" lon="114.2062577776"><ele>384.000</ele></trkpt>
      <trkpt lat="22.2688230424" lon="114.2063296266"><ele>386.000</ele></trkpt>
      <trkpt lat="22.2688238622" lon="114.2063404451"><ele>386.000</ele></trkpt>
      <trkpt lat="22.2688255488" lon="114.2063521466"><ele>386.000</ele></trkpt>
      <trkpt lat="22.2688275789" lon="114.2063617719"><ele>386.000</ele></trkpt>
      <trkpt lat="22.2688301690" lon="114.2063712421"><ele>388.000</ele></trkpt>
      <trkpt lat="22.2688339960" lon="114.2063823522"><ele>388.000</ele></trkpt>
      <trkpt lat="22.2688372096" lon="114.2063895618"><ele>388.000</ele></trkpt>
      <trkpt lat="22.2688396372" lon="114.2063984013"><ele>388.000</ele></trkpt>
      <trkpt lat="22.2688436979" lon="114.2064156240"><ele>388.000</ele></trkpt>
      <trkpt lat="22.2688476495" lon="114.2064363590"><ele>388.000</ele></trkpt>
      <trkpt lat="22.2688501403" lon="114.2064458583"><ele>388.000</ele></trkpt>
      <trkpt lat="22.2688547074" lon="114.2064587733"><ele>388.000</ele></trkpt>
      <trkpt lat="22.2688650433" lon="114.2064817897"><ele>390.000</ele></trkpt>
      <trkpt lat="22.2688709474" lon="114.2064922890"><ele>390.000</ele></trkpt>
      <trkpt lat="22.2688754156" lon="114.2065031082"><ele>390.000</ele></trkpt>
      <trkpt lat="22.2688781863" lon="114.2065125202"><ele>390.000</ele></trkpt>
      <trkpt lat="22.2688824543" lon="114.2065319358"><ele>390.000</ele></trkpt>
      <trkpt lat="22.2688866602" lon="114.2065449865"><ele>390.000</ele></trkpt>
      <trkpt lat="22.2688993880" lon="114.2065743101"><ele>390.000</ele></trkpt>
      <trkpt lat="22.2689072770" lon="114.2065952788"><ele>392.000</ele></trkpt>
      <trkpt lat="22.2689114565" lon="114.2066040605"><ele>392.000</ele></trkpt>
      <trkpt lat="22.2689165664" lon="114.2066122601"><ele>392.000</ele></trkpt>
      <trkpt lat="22.2689225343" lon="114.2066197517"><ele>392.000</ele></trkpt>
      <trkpt lat="22.2689307055" lon="114.2066276804"><ele>392.000</ele></trkpt>
      <trkpt lat="22.2689384709" lon="114.2066332901"><ele>392.000</ele></trkpt>
      <trkpt lat="22.2689448636" lon="114.2066388024"><ele>392.000</ele></trkpt>
      <trkpt lat="22.2689584613" lon="114.2066520492"><ele>394.000</ele></trkpt>
      <trkpt lat="22.2689700272" lon="114.2066649560"><ele>392.000</ele></trkpt>
      <trkpt lat="22.2689840126" lon="114.2066817151"><ele>392.000</ele></trkpt>
      <trkpt lat="22.2690000386" lon="114.2066999107"><ele>395.000</ele></trkpt>
      <trkpt lat="22.2690046251" lon="114.2067060727"><ele>394.000</ele></trkpt>
      <trkpt lat="22.2690095182" lon="114.2067144179"><ele>394.000</ele></trkpt>
      <trkpt lat="22.2690134177" lon="114.2067233450"><ele>394.000</ele></trkpt>
      <trkpt lat="22.2690217208" lon="114.2067511929"><ele>394.000</ele></trkpt>
      <trkpt lat="22.2690277769" lon="114.2067698327"><ele>394.000</ele></trkpt>
      <trkpt lat="22.2690330120" lon="114.2067845913"><ele>394.000</ele></trkpt>
      <trkpt lat="22.2690361808" lon="114.2067898022"><ele>394.000</ele></trkpt>
      <trkpt lat="22.2690404607" lon="114.2067934804"><ele>396.000</ele></trkpt>
      <trkpt lat="22.2690455806" lon="114.2067955966"><ele>396.000</ele></trkpt>
      <trkpt lat="22.2690510622" lon="114.2067959374"><ele>396.000</ele></trkpt>
      <trkpt lat="22.2690563725" lon="114.2067944637"><ele>396.000</ele></trkpt>
      <trkpt lat="22.2690598403" lon="114.2067940667"><ele>396.000</ele></trkpt>
      <trkpt lat="22.2690635067" lon="114.2067942033"><ele>396.000</ele></trkpt>
      <trkpt lat="22.2690688797" lon="114.2067954463"><ele>396.000</ele></trkpt>
      <trkpt lat="22.2690722750" lon="114.2067969413"><ele>396.000</ele></trkpt>
      <trkpt lat="22.2690754353" lon="114.2067989406"><ele>396.000</ele></trkpt>
      <trkpt lat="22.2690782976" lon="114.2068014057"><ele>396.000</ele></trkpt>
      <trkpt lat="22.2690866673" lon="114.2068105666"><ele>396.000</ele></trkpt>
      <trkpt lat="22.2690962201" lon="114.2068198151"><ele>396.000</ele></trkpt>
      <trkpt lat="22.2691048159" lon="114.2068272103"><ele>396.000</ele></trkpt>
      <trkpt lat="22.2691137730" lon="114.2068341009"><ele>396.000</ele></trkpt>
      <trkpt lat="22.2691214932" lon="114.2068394293"><ele>396.000</ele></trkpt>
      <trkpt lat="22.2691289699" lon="114.2068431372"><ele>397.000</ele></trkpt>
      <trkpt lat="22.2691353629" lon="114.2068470099"><ele>397.000</ele></trkpt>
      <trkpt lat="22.2691428844" lon="114.2068526583"><ele>396.000</ele></trkpt>
      <trkpt lat="22.2691498007" lon="114.2068591411"><ele>396.000</ele></trkpt>
      <trkpt lat="22.2691899911" lon="114.2068861905"><ele>397.000</ele></trkpt>
      <trkpt lat="22.2691965017" lon="114.2068885593"><ele>397.000</ele></trkpt>
      <trkpt lat="22.2692015043" lon="114.2068910151"><ele>397.000</ele></trkpt>
      <trkpt lat="22.2692062900" lon="114.2068939463"><ele>397.000</ele></trkpt>
      <trkpt lat="22.2692124751" lon="114.2068985563"><ele>397.000</ele></trkpt>
      <trkpt lat="22.2692167366" lon="114.2069040488"><ele>396.000</ele></trkpt>
      <trkpt lat="22.2692207720" lon="114.2069106377"><ele>397.000</ele></trkpt>
      <trkpt lat="22.2692240669" lon="114.2069176921"><ele>397.000</ele></trkpt>
      <trkpt lat="22.2692265580" lon="114.2069251151"><ele>397.000</ele></trkpt>
      <trkpt lat="22.2692303113" lon="114.2069436089"><ele>397.000</ele></trkpt>
      <trkpt lat="22.2692308792" lon="114.2069494984"><ele>396.000</ele></trkpt>
      <trkpt lat="22.2692309413" lon="114.2069554169"><ele>396.000</ele></trkpt>
      <trkpt lat="22.2692305157" lon="114.2069613160"><ele>396.000</ele></trkpt>
      <trkpt lat="22.2692296026" lon="114.2069671567"><ele>396.000</ele></trkpt>
      <trkpt lat="22.2692278492" lon="114.2069747534"><ele>396.000</ele></trkpt>
      <trkpt lat="22.2692248583" lon="114.2069844067"><ele>396.000</ele></trkpt>
      <trkpt lat="22.2692237645" lon="114.2069902086"><ele>396.000</ele></trkpt>
      <trkpt lat="22.2692231583" lon="114.2069960979"><ele>396.000</ele></trkpt>
      <trkpt lat="22.2692230398" lon="114.2070020164"><ele>396.000</ele></trkpt>
      <trkpt lat="22.2692234090" lon="114.2070079253"><ele>396.000</ele></trkpt>
      <trkpt lat="22.2692222574" lon="114.2070331321"><ele>396.000</ele></trkpt>
      <trkpt lat="22.2692234386" lon="114.2070431357"><ele>396.000</ele></trkpt>
      <trkpt lat="22.2692237077" lon="114.2070530032"><ele>396.000</ele></trkpt>
      <trkpt lat="22.2692233088" lon="114.2070608815"><ele>396.000</ele></trkpt>
      <trkpt lat="22.2692220156" lon="114.2070706517"><ele>396.000</ele></trkpt>
      <trkpt lat="22.2692215278" lon="114.2071198918"><ele>396.000</ele></trkpt>
      <trkpt lat="22.2692217879" lon="114.2071297593"><ele>396.000</ele></trkpt>
      <trkpt lat="22.2692225808" lon="114.2071395881"><ele>396.000</ele></trkpt>
      <trkpt lat="22.2692267569" lon="114.2071666395"><ele>396.000</ele></trkpt>
      <trkpt lat="22.2692288566" lon="114.2071904887"><ele>396.000</ele></trkpt>
      <trkpt lat="22.2692287193" lon="114.2072003562"><ele>396.000</ele></trkpt>
      <trkpt lat="22.2692279686" lon="114.2072062163"><ele>396.000</ele></trkpt>
      <trkpt lat="22.2692267123" lon="114.2072119793"><ele>396.000</ele></trkpt>
      <trkpt lat="22.2692235318" lon="114.2072212348"><ele>396.000</ele></trkpt>
      <trkpt lat="22.2692200537" lon="114.2072281811"><ele>396.000</ele></trkpt>
      <trkpt lat="22.2692135141" lon="114.2072357379"><ele>394.000</ele></trkpt>
      <trkpt lat="22.2692069204" lon="114.2072425962"><ele>394.000</ele></trkpt>
      <trkpt lat="22.2691911141" lon="114.2072569136"><ele>394.000</ele></trkpt>
      <trkpt lat="22.2691862093" lon="114.2072627826"><ele>394.000</ele></trkpt>
      <trkpt lat="22.2691819186" lon="114.2072691853"><ele>394.000</ele></trkpt>
      <trkpt lat="22.2691782780" lon="114.2072760442"><ele>394.000</ele></trkpt>
      <trkpt lat="22.2691753326" lon="114.2072832719"><ele>394.000</ele></trkpt>
      <trkpt lat="22.2691736067" lon="114.2072888990"><ele>396.000</ele></trkpt>
      <trkpt lat="22.2691708863" lon="114.2073007160"><ele>394.000</ele></trkpt>
      <trkpt lat="22.2691677509" lon="114.2073100007"><ele>394.000</ele></trkpt>
      <trkpt lat="22.2691637396" lon="114.2073188679"><ele>394.000</ele></trkpt>
      <trkpt lat="22.2691588886" lon="114.2073272401"><ele>394.000</ele></trkpt>
      <trkpt lat="22.2691522583" lon="114.2073364948"><ele>396.000</ele></trkpt>
      <trkpt lat="22.2691452129" lon="114.2073445949"><ele>396.000</ele></trkpt>
      <trkpt lat="22.2691392964" lon="114.2073521324"><ele>396.000</ele></trkpt>
      <trkpt lat="22.2691285018" lon="114.2073681004"><ele>396.000</ele></trkpt>
      <trkpt lat="22.2691107258" lon="114.2073874821"><ele>396.000</ele></trkpt>
      <trkpt lat="22.2691047093" lon="114.2073988424"><ele>396.000</ele></trkpt>
      <trkpt lat="22.2691005531" lon="114.2074098054"><ele>396.000</ele></trkpt>
      <trkpt lat="22.2690976973" lon="114.2074212343"><ele>396.000</ele></trkpt>
      <trkpt lat="22.2690961779" lon="114.2074329643"><ele>396.000</ele></trkpt>
      <trkpt lat="22.2690957553" lon="114.2074329613"><ele>396.000</ele></trkpt>
      <trkpt lat="22.2690793177" lon="114.2074328645"><ele>396.000</ele></trkpt>
      <trkpt lat="22.2690633767" lon="114.2074478117"><ele>396.000</ele></trkpt>
      <trkpt lat="22.2690419154" lon="114.2074668724"><ele>396.000</ele></trkpt>
      <trkpt lat="22.2690281863" lon="114.2074800551"><ele>394.000</ele></trkpt>
      <trkpt lat="22.2690196404" lon="114.2074956742"><ele>394.000</ele></trkpt>
      <trkpt lat="22.2690034986" lon="114.2075169774"><ele>394.000</ele></trkpt>
      <trkpt lat="22.2689827352" lon="114.2075272090"><ele>394.000</ele></trkpt>
      <trkpt lat="22.2689641310" lon="114.2075329682"><ele>394.000</ele></trkpt>
      <trkpt lat="22.2689468009" lon="114.2075341675"><ele>392.000</ele></trkpt>
      <trkpt lat="22.2689316017" lon="114.2075372884"><ele>392.000</ele></trkpt>
      <trkpt lat="22.2689177274" lon="114.2075543520"><ele>392.000</ele></trkpt>
      <trkpt lat="22.2689178515" lon="114.2075714769"><ele>392.000</ele></trkpt>
      <trkpt lat="22.2689204011" lon="114.2075990131"><ele>392.000</ele></trkpt>
      <trkpt lat="22.2689251838" lon="114.2076174974"><ele>392.000</ele></trkpt>
      <trkpt lat="22.2689303283" lon="114.2076378640"><ele>392.000</ele></trkpt>
      <trkpt lat="22.2689393522" lon="114.2076687975"><ele>392.000</ele></trkpt>
      <trkpt lat="22.2689373611" lon="114.2076919375"><ele>390.000</ele></trkpt>
      <trkpt lat="22.2689353879" lon="114.2077155335"><ele>390.000</ele></trkpt>
      <trkpt lat="22.2689355499" lon="114.2077183667"><ele>390.000</ele></trkpt>
      <trkpt lat="22.2689355495" lon="114.2077203460"><ele>390.000</ele></trkpt>
      <trkpt lat="22.2689354589" lon="114.2077223156"><ele>390.000</ele></trkpt>
      <trkpt lat="22.2689352688" lon="114.2077242754"><ele>390.000</ele></trkpt>
      <trkpt lat="22.2689349795" lon="114.2077262256"><ele>390.000</ele></trkpt>
      <trkpt lat="22.2689346089" lon="114.2077281563"><ele>390.000</ele></trkpt>
      <trkpt lat="22.2689341389" lon="114.2077300676"><ele>390.000</ele></trkpt>
      <trkpt lat="22.2689335786" lon="114.2077319497"><ele>390.000</ele></trkpt>
      <trkpt lat="22.2689329281" lon="114.2077337931"><ele>390.000</ele></trkpt>
      <trkpt lat="22.2689321872" lon="114.2077356073"><ele>390.000</ele></trkpt>
      <trkpt lat="22.2689313651" lon="114.2077373632"><ele>390.000</ele></trkpt>
      <trkpt lat="22.2689304617" lon="114.2077390804"><ele>390.000</ele></trkpt>
      <trkpt lat="22.2689294680" lon="114.2077407490"><ele>390.000</ele></trkpt>
      <trkpt lat="22.2689284021" lon="114.2077423594"><ele>390.000</ele></trkpt>
      <trkpt lat="22.2689272640" lon="114.2077439018"><ele>390.000</ele></trkpt>
      <trkpt lat="22.2689260445" lon="114.2077453763"><ele>390.000</ele></trkpt>
      <trkpt lat="22.2689247619" lon="114.2077467926"><ele>390.000</ele></trkpt>
      <trkpt lat="22.2689234161" lon="114.2077481312"><ele>390.000</ele></trkpt>
      <trkpt lat="22.2689219980" lon="114.2077493826"><ele>390.000</ele></trkpt>
      <trkpt lat="22.2689204443" lon="114.2077516623"><ele>390.000</ele></trkpt>
      <trkpt lat="22.2689194236" lon="114.2077533018"><ele>390.000</ele></trkpt>
      <trkpt lat="22.2689184660" lon="114.2077549898"><ele>390.000</ele></trkpt>
      <trkpt lat="22.2689175807" lon="114.2077567167"><ele>390.000</ele></trkpt>
      <trkpt lat="22.2689167495" lon="114.2077584726"><ele>390.000</ele></trkpt>
      <trkpt lat="22.2689159906" lon="114.2077602674"><ele>390.000</ele></trkpt>
      <trkpt lat="22.2689159635" lon="114.2077603450"><ele>390.000</ele></trkpt>
      <trkpt lat="22.2689152949" lon="114.2077621010"><ele>390.000</ele></trkpt>
      <trkpt lat="22.2689146714" lon="114.2077639541"><ele>390.000</ele></trkpt>
      <trkpt lat="22.2689141111" lon="114.2077658362"><ele>390.000</ele></trkpt>
      <trkpt lat="22.2689136231" lon="114.2077677378"><ele>390.000</ele></trkpt>
      <trkpt lat="22.2689132074" lon="114.2077696588"><ele>390.000</ele></trkpt>
      <trkpt lat="22.2689128638" lon="114.2077715992"><ele>390.000</ele></trkpt>
      <trkpt lat="22.2689125925" lon="114.2077735591"><ele>391.000</ele></trkpt>
      <trkpt lat="22.2689123935" lon="114.2077755189"><ele>391.000</ele></trkpt>
      <trkpt lat="22.2689122667" lon="114.2077774885"><ele>391.000</ele></trkpt>
      <trkpt lat="22.2689122211" lon="114.2077794581"><ele>391.000</ele></trkpt>
      <trkpt lat="22.2689129701" lon="114.2077823205"><ele>391.000</ele></trkpt>
      <trkpt lat="22.2689132768" lon="114.2077842708"><ele>391.000</ele></trkpt>
      <trkpt lat="22.2689134300" lon="114.2077862404"><ele>391.000</ele></trkpt>
      <trkpt lat="22.2689134206" lon="114.2077882100"><ele>391.000</ele></trkpt>
      <trkpt lat="22.2689132576" lon="114.2077901796"><ele>391.000</ele></trkpt>
      <trkpt lat="22.2689129502" lon="114.2077921200"><ele>391.000</ele></trkpt>
      <trkpt lat="22.2689124803" lon="114.2077940313"><ele>391.000</ele></trkpt>
      <trkpt lat="22.2689118568" lon="114.2077958940"><ele>391.000</ele></trkpt>
      <trkpt lat="22.2689110979" lon="114.2077976888"><ele>391.000</ele></trkpt>
      <trkpt lat="22.2689101945" lon="114.2077994060"><ele>391.000</ele></trkpt>
      <trkpt lat="22.2689091647" lon="114.2078010357"><ele>391.000</ele></trkpt>
      <trkpt lat="22.2689079994" lon="114.2078025685"><ele>391.000</ele></trkpt>
      <trkpt lat="22.2689067258" lon="114.2078039848"><ele>391.000</ele></trkpt>
      <trkpt lat="22.2689053439" lon="114.2078052749"><ele>391.000</ele></trkpt>
      <trkpt lat="22.2688495831" lon="114.2078817375"><ele>391.000</ele></trkpt>
      <trkpt lat="22.2688469454" lon="114.2078856859"><ele>391.000</ele></trkpt>
      <trkpt lat="22.2688448406" lon="114.2078889260"><ele>391.000</ele></trkpt>
      <trkpt lat="22.2688427720" lon="114.2078921856"><ele>391.000</ele></trkpt>
      <trkpt lat="22.2688417422" lon="114.2078938251"><ele>391.000</ele></trkpt>
      <trkpt lat="22.2688397277" lon="114.2078971235"><ele>391.000</ele></trkpt>
      <trkpt lat="22.2688377403" lon="114.2079004413"><ele>391.000</ele></trkpt>
      <trkpt lat="22.2688357981" lon="114.2079037979"><ele>391.000</ele></trkpt>
      <trkpt lat="22.2688348405" lon="114.2079054763"><ele>391.000</ele></trkpt>
      <trkpt lat="22.2688338830" lon="114.2079071643"><ele>391.000</ele></trkpt>
      <trkpt lat="22.2688320130" lon="114.2079105597"><ele>391.000</ele></trkpt>
      <trkpt lat="22.2688301701" lon="114.2079139746"><ele>391.000</ele></trkpt>
      <trkpt lat="22.2688292667" lon="114.2079156917"><ele>391.000</ele></trkpt>
      <trkpt lat="22.2688274779" lon="114.2079191454"><ele>392.000</ele></trkpt>
      <trkpt lat="22.2688257344" lon="114.2079226185"><ele>392.000</ele></trkpt>
      <trkpt lat="22.2688240179" lon="114.2079261110"><ele>392.000</ele></trkpt>
      <trkpt lat="22.2688223465" lon="114.2079296230"><ele>392.000</ele></trkpt>
      <trkpt lat="22.2688215244" lon="114.2079313886"><ele>392.000</ele></trkpt>
      <trkpt lat="22.2688199072" lon="114.2079349394"><ele>392.000</ele></trkpt>
      <trkpt lat="22.2688183352" lon="114.2079384998"><ele>392.000</ele></trkpt>
      <trkpt lat="22.2688175582" lon="114.2079402946"><ele>392.000</ele></trkpt>
      <trkpt lat="22.2688160314" lon="114.2079438842"><ele>392.000</ele></trkpt>
      <trkpt lat="22.2688145497" lon="114.2079475029"><ele>392.000</ele></trkpt>
      <trkpt lat="22.2688138269" lon="114.2079493074"><ele>392.000</ele></trkpt>
      <trkpt lat="22.2688123993" lon="114.2079529552"><ele>392.000</ele></trkpt>
      <trkpt lat="22.2688110169" lon="114.2079566030"><ele>390.000</ele></trkpt>
      <trkpt lat="22.2688098784" lon="114.2079600957"><ele>390.000</ele></trkpt>
      <trkpt lat="22.2688092188" lon="114.2079619390"><ele>390.000</ele></trkpt>
      <trkpt lat="22.2688085231" lon="114.2079637629"><ele>390.000</ele></trkpt>
      <trkpt lat="22.2688078003" lon="114.2079655771"><ele>390.000</ele></trkpt>
      <trkpt lat="22.2688070323" lon="114.2079673719"><ele>392.000</ele></trkpt>
      <trkpt lat="22.2688062373" lon="114.2079691473"><ele>392.000</ele></trkpt>
      <trkpt lat="22.2688054061" lon="114.2079709129"><ele>392.000</ele></trkpt>
      <trkpt lat="22.2688045389" lon="114.2079726495"><ele>392.000</ele></trkpt>
      <trkpt lat="22.2688036445" lon="114.2079743763"><ele>392.000</ele></trkpt>
      <trkpt lat="22.2688027050" lon="114.2079760741"><ele>392.000</ele></trkpt>
      <trkpt lat="22.2688017474" lon="114.2079777524"><ele>392.000</ele></trkpt>
      <trkpt lat="22.2688007537" lon="114.2079794113"><ele>392.000</ele></trkpt>
      <trkpt lat="22.2687997239" lon="114.2079810508"><ele>392.000</ele></trkpt>
      <trkpt lat="22.2687986670" lon="114.2079826611"><ele>392.000</ele></trkpt>
      <trkpt lat="22.2687975740" lon="114.2079842521"><ele>392.000</ele></trkpt>
      <trkpt lat="22.2687964539" lon="114.2079858140"><ele>392.000</ele></trkpt>
      <trkpt lat="22.2687953067" lon="114.2079873564"><ele>392.000</ele></trkpt>
      <trkpt lat="22.2687941325" lon="114.2079888697"><ele>392.000</ele></trkpt>
      <trkpt lat="22.2687929221" lon="114.2079903636"><ele>392.000</ele></trkpt>
      <trkpt lat="22.2687916846" lon="114.2079918187"><ele>392.000</ele></trkpt>
      <trkpt lat="22.2687687305" lon="114.2080293331"><ele>392.000</ele></trkpt>
      <trkpt lat="22.2687676735" lon="114.2080315936"><ele>392.000</ele></trkpt>
      <trkpt lat="22.2687668965" lon="114.2080333883"><ele>391.000</ele></trkpt>
      <trkpt lat="22.2687661466" lon="114.2080351928"><ele>391.000</ele></trkpt>
      <trkpt lat="22.2687654419" lon="114.2080370167"><ele>391.000</ele></trkpt>
      <trkpt lat="22.2687647823" lon="114.2080388504"><ele>391.000</ele></trkpt>
      <trkpt lat="22.2687641498" lon="114.2080407131"><ele>391.000</ele></trkpt>
      <trkpt lat="22.2687635624" lon="114.2080425758"><ele>391.000</ele></trkpt>
      <trkpt lat="22.2687630112" lon="114.2080444580"><ele>391.000</ele></trkpt>
      <trkpt lat="22.2687625051" lon="114.2080463596"><ele>391.000</ele></trkpt>
      <trkpt lat="22.2687620261" lon="114.2080482708"><ele>391.000</ele></trkpt>
      <trkpt lat="22.2687616013" lon="114.2080501821"><ele>391.000</ele></trkpt>
      <trkpt lat="22.2687612126" lon="114.2080521128"><ele>391.000</ele></trkpt>
      <trkpt lat="22.2687608601" lon="114.2080540533"><ele>391.000</ele></trkpt>
      <trkpt lat="22.2687605436" lon="114.2080560034"><ele>391.000</ele></trkpt>
      <trkpt lat="22.2687602813" lon="114.2080579535"><ele>391.000</ele></trkpt>
      <trkpt lat="22.2687600462" lon="114.2080599134"><ele>391.000</ele></trkpt>
      <trkpt lat="22.2687598652" lon="114.2080618732"><ele>391.000</ele></trkpt>
      <trkpt lat="22.2687597203" lon="114.2080638428"><ele>392.000</ele></trkpt>
      <trkpt lat="22.2687596116" lon="114.2080658124"><ele>392.000</ele></trkpt>
      <trkpt lat="22.2687595480" lon="114.2080677917"><ele>392.000</ele></trkpt>
      <trkpt lat="22.2687595205" lon="114.2080697613"><ele>392.000</ele></trkpt>
      <trkpt lat="22.2687595382" lon="114.2080717406"><ele>392.000</ele></trkpt>
      <trkpt lat="22.2687596010" lon="114.2080737102"><ele>392.000</ele></trkpt>
      <trkpt lat="22.2687597000" lon="114.2080756798"><ele>392.000</ele></trkpt>
      <trkpt lat="22.2687599433" lon="114.2080784645"><ele>392.000</ele></trkpt>
      <trkpt lat="22.2687600783" lon="114.2080804341"><ele>392.000</ele></trkpt>
      <trkpt lat="22.2687601954" lon="114.2080824134"><ele>392.000</ele></trkpt>
      <trkpt lat="22.2687602763" lon="114.2080843831"><ele>392.000</ele></trkpt>
      <trkpt lat="22.2687603301" lon="114.2080863527"><ele>392.000</ele></trkpt>
      <trkpt lat="22.2687603568" lon="114.2080883320"><ele>392.000</ele></trkpt>
      <trkpt lat="22.2687603564" lon="114.2080903016"><ele>392.000</ele></trkpt>
      <trkpt lat="22.2687603199" lon="114.2080922809"><ele>392.000</ele></trkpt>
      <trkpt lat="22.2687602653" lon="114.2080942505"><ele>392.000</ele></trkpt>
      <trkpt lat="22.2687601837" lon="114.2080962201"><ele>392.000</ele></trkpt>
      <trkpt lat="22.2687600659" lon="114.2080981896"><ele>392.000</ele></trkpt>
      <trkpt lat="22.2687599210" lon="114.2081001592"><ele>392.000</ele></trkpt>
      <trkpt lat="22.2687597581" lon="114.2081021288"><ele>392.000</ele></trkpt>
      <trkpt lat="22.2687595590" lon="114.2081040886"><ele>392.000</ele></trkpt>
      <trkpt lat="22.2687593329" lon="114.2081060485"><ele>392.000</ele></trkpt>
      <trkpt lat="22.2687571976" lon="114.2081273255"><ele>392.000</ele></trkpt>
      <trkpt lat="22.2687567004" lon="114.2081299160"><ele>392.000</ele></trkpt>
      <trkpt lat="22.2687564562" lon="114.2081318758"><ele>392.000</ele></trkpt>
      <trkpt lat="22.2687563294" lon="114.2081338454"><ele>392.000</ele></trkpt>
      <trkpt lat="22.2687563019" lon="114.2081358150"><ele>392.000</ele></trkpt>
      <trkpt lat="22.2687563828" lon="114.2081377846"><ele>392.000</ele></trkpt>
      <trkpt lat="22.2687565811" lon="114.2081397542"><ele>392.000</ele></trkpt>
      <trkpt lat="22.2687568787" lon="114.2081416948"><ele>392.000</ele></trkpt>
      <trkpt lat="22.2687572847" lon="114.2081436257"><ele>392.000</ele></trkpt>
      <trkpt lat="22.2687577991" lon="114.2081455178"><ele>392.000</ele></trkpt>
      <trkpt lat="22.2687584128" lon="114.2081473808"><ele>392.000</ele></trkpt>
      <trkpt lat="22.2687591349" lon="114.2081491953"><ele>392.000</ele></trkpt>
      <trkpt lat="22.2687599564" lon="114.2081509613"><ele>392.000</ele></trkpt>
      <trkpt lat="22.2687608682" lon="114.2081526692"><ele>392.000</ele></trkpt>
      <trkpt lat="22.2687635576" lon="114.2081614990"><ele>392.000</ele></trkpt>
      <trkpt lat="22.2687649027" lon="114.2081640123"><ele>392.000</ele></trkpt>
      <trkpt lat="22.2687656609" lon="114.2081658074"><ele>392.000</ele></trkpt>
      <trkpt lat="22.2687663017" lon="114.2081676607"><ele>392.000</ele></trkpt>
      <trkpt lat="22.2687668071" lon="114.2081695528"><ele>392.000</ele></trkpt>
      <trkpt lat="22.2687671679" lon="114.2081714934"><ele>394.000</ele></trkpt>
      <trkpt lat="22.2687674023" lon="114.2081734533"><ele>394.000</ele></trkpt>
      <trkpt lat="22.2687674923" lon="114.2081754230"><ele>394.000</ele></trkpt>
      <trkpt lat="22.2687674467" lon="114.2081773925"><ele>394.000</ele></trkpt>
      <trkpt lat="22.2687672567" lon="114.2081793621"><ele>394.000</ele></trkpt>
      <trkpt lat="22.2687669403" lon="114.2081813025"><ele>394.000</ele></trkpt>
      <trkpt lat="22.2687664793" lon="114.2081832138"><ele>392.000</ele></trkpt>
      <trkpt lat="22.2687658829" lon="114.2081850766"><ele>392.000</ele></trkpt>
      <trkpt lat="22.2687651601" lon="114.2081868908"><ele>392.000</ele></trkpt>
      <trkpt lat="22.2687644554" lon="114.2081889475"><ele>392.000</ele></trkpt>
      <trkpt lat="22.2687638861" lon="114.2081908200"><ele>392.000</ele></trkpt>
      <trkpt lat="22.2687633800" lon="114.2081927215"><ele>392.000</ele></trkpt>
      <trkpt lat="22.2687629371" lon="114.2081946328"><ele>392.000</ele></trkpt>
      <trkpt lat="22.2687625484" lon="114.2081965635"><ele>392.000</ele></trkpt>
      <trkpt lat="22.2687622320" lon="114.2081985040"><ele>392.000</ele></trkpt>
      <trkpt lat="22.2687619787" lon="114.2082004638"><ele>392.000</ele></trkpt>
      <trkpt lat="22.2687617977" lon="114.2082024237"><ele>392.000</ele></trkpt>
      <trkpt lat="22.2687616709" lon="114.2082043932"><ele>392.000</ele></trkpt>
      <trkpt lat="22.2687616164" lon="114.2082063725"><ele>392.000</ele></trkpt>
      <trkpt lat="22.2687616250" lon="114.2082083421"><ele>392.000</ele></trkpt>
      <trkpt lat="22.2687616969" lon="114.2082103215"><ele>392.000</ele></trkpt>
      <trkpt lat="22.2687618410" lon="114.2082122911"><ele>392.000</ele></trkpt>
      <trkpt lat="22.2687627253" lon="114.2082156580"><ele>392.000</ele></trkpt>
      <trkpt lat="22.2687647474" lon="114.2082199955"><ele>392.000</ele></trkpt>
      <trkpt lat="22.2687665077" lon="114.2082231492"><ele>392.000</ele></trkpt>
      <trkpt lat="22.2687563286" lon="114.2082315881"><ele>392.000</ele></trkpt>
      <trkpt lat="22.2687476397" lon="114.2082388727"><ele>392.000</ele></trkpt>
      <trkpt lat="22.2687389869" lon="114.2082461961"><ele>392.000</ele></trkpt>
      <trkpt lat="22.2687292141" lon="114.2082545478"><ele>392.000</ele></trkpt>
      <trkpt lat="22.2687278231" lon="114.2082558379"><ele>392.000</ele></trkpt>
      <trkpt lat="22.2687264502" lon="114.2082571474"><ele>392.000</ele></trkpt>
      <trkpt lat="22.2687250863" lon="114.2082584763"><ele>392.000</ele></trkpt>
      <trkpt lat="22.2687237405" lon="114.2082598150"><ele>392.000</ele></trkpt>
      <trkpt lat="22.2687224127" lon="114.2082611827"><ele>392.000</ele></trkpt>
      <trkpt lat="22.2687211030" lon="114.2082625602"><ele>390.000</ele></trkpt>
      <trkpt lat="22.2687198024" lon="114.2082639571"><ele>390.000</ele></trkpt>
      <trkpt lat="22.2687185197" lon="114.2082653636"><ele>390.000</ele></trkpt>
      <trkpt lat="22.2687172552" lon="114.2082667896"><ele>390.000</ele></trkpt>
      <trkpt lat="22.2687159996" lon="114.2082682350"><ele>390.000</ele></trkpt>
      <trkpt lat="22.2687147621" lon="114.2082696998"><ele>390.000</ele></trkpt>
      <trkpt lat="22.2687135517" lon="114.2082711743"><ele>390.000</ele></trkpt>
      <trkpt lat="22.2687123414" lon="114.2082726682"><ele>390.000</ele></trkpt>
      <trkpt lat="22.2687111580" lon="114.2082741718"><ele>390.000</ele></trkpt>
      <trkpt lat="22.2687099928" lon="114.2082756949"><ele>390.000</ele></trkpt>
      <trkpt lat="22.2687088366" lon="114.2082772373"><ele>390.000</ele></trkpt>
      <trkpt lat="22.2687077074" lon="114.2082787894"><ele>390.000</ele></trkpt>
      <trkpt lat="22.2687065873" lon="114.2082803610"><ele>390.000</ele></trkpt>
      <trkpt lat="22.2687054943" lon="114.2082819422"><ele>390.000</ele></trkpt>
      <trkpt lat="22.2687044103" lon="114.2082835332"><ele>390.000</ele></trkpt>
      <trkpt lat="22.2687033444" lon="114.2082851436"><ele>390.000</ele></trkpt>
      <trkpt lat="22.2687022965" lon="114.2082867636"><ele>390.000</ele></trkpt>
      <trkpt lat="22.2687012758" lon="114.2082884031"><ele>390.000</ele></trkpt>
      <trkpt lat="22.2687002640" lon="114.2082900523"><ele>390.000</ele></trkpt>
      <trkpt lat="22.2686986922" lon="114.2082927105"><ele>390.000</ele></trkpt>
      <trkpt lat="22.2686976804" lon="114.2082946022"><ele>390.000</ele></trkpt>
      <trkpt lat="22.2686966867" lon="114.2082962611"><ele>390.000</ele></trkpt>
      <trkpt lat="22.2686957110" lon="114.2082979297"><ele>390.000</ele></trkpt>
      <trkpt lat="22.2686947444" lon="114.2082996177"><ele>390.000</ele></trkpt>
      <trkpt lat="22.2686938049" lon="114.2083013057"><ele>390.000</ele></trkpt>
      <trkpt lat="22.2686928835" lon="114.2083030132"><ele>390.000</ele></trkpt>
      <trkpt lat="22.2686919801" lon="114.2083047400"><ele>390.000</ele></trkpt>
      <trkpt lat="22.2686911037" lon="114.2083064669"><ele>392.000</ele></trkpt>
      <trkpt lat="22.2686902365" lon="114.2083082131"><ele>392.000</ele></trkpt>
      <trkpt lat="22.2686893963" lon="114.2083099594"><ele>392.000</ele></trkpt>
      <trkpt lat="22.2686885741" lon="114.2083117250"><ele>392.000</ele></trkpt>
      <trkpt lat="22.2686877701" lon="114.2083135004"><ele>392.000</ele></trkpt>
      <trkpt lat="22.2686869841" lon="114.2083152855"><ele>392.000</ele></trkpt>
      <trkpt lat="22.2686862161" lon="114.2083170803"><ele>392.000</ele></trkpt>
      <trkpt lat="22.2686854752" lon="114.2083188848"><ele>392.000</ele></trkpt>
      <trkpt lat="22.2686847524" lon="114.2083206990"><ele>392.000</ele></trkpt>
      <trkpt lat="22.2686840477" lon="114.2083225229"><ele>392.000</ele></trkpt>
      <trkpt lat="22.2686833610" lon="114.2083243565"><ele>392.000</ele></trkpt>
      <trkpt lat="22.2686825568" lon="114.2083266170"><ele>392.000</ele></trkpt>
      <trkpt lat="22.2686826377" lon="114.2083288388"><ele>392.000</ele></trkpt>
      <trkpt lat="22.2686826644" lon="114.2083308182"><ele>392.000</ele></trkpt>
      <trkpt lat="22.2686826550" lon="114.2083327878"><ele>392.000</ele></trkpt>
      <trkpt lat="22.2686825914" lon="114.2083347573"><ele>392.000</ele></trkpt>
      <trkpt lat="22.2686824917" lon="114.2083367366"><ele>392.000</ele></trkpt>
      <trkpt lat="22.2686823378" lon="114.2083386965"><ele>392.000</ele></trkpt>
      <trkpt lat="22.2686821477" lon="114.2083406660"><ele>392.000</ele></trkpt>
      <trkpt lat="22.2686819035" lon="114.2083426259"><ele>392.000</ele></trkpt>
      <trkpt lat="22.2686816142" lon="114.2083445760"><ele>392.000</ele></trkpt>
      <trkpt lat="22.2686812887" lon="114.2083465164"><ele>392.000</ele></trkpt>
      <trkpt lat="22.2686809090" lon="114.2083484471"><ele>392.000</ele></trkpt>
      <trkpt lat="22.2686804932" lon="114.2083503681"><ele>392.000</ele></trkpt>
      <trkpt lat="22.2686800233" lon="114.2083522794"><ele>392.000</ele></trkpt>
      <trkpt lat="22.2686795172" lon="114.2083541713"><ele>392.000</ele></trkpt>
      <trkpt lat="22.2686789660" lon="114.2083560631"><ele>392.000</ele></trkpt>
      <trkpt lat="22.2686783696" lon="114.2083579259"><ele>392.000</ele></trkpt>
      <trkpt lat="22.2686777371" lon="114.2083597789"><ele>392.000</ele></trkpt>
      <trkpt lat="22.2686770594" lon="114.2083616125"><ele>392.000</ele></trkpt>
      <trkpt lat="22.2686763366" lon="114.2083634267"><ele>392.000</ele></trkpt>
      <trkpt lat="22.2686755687" lon="114.2083652215"><ele>392.000</ele></trkpt>
      <trkpt lat="22.2686747646" lon="114.2083669969"><ele>392.000</ele></trkpt>
      <trkpt lat="22.2686739063" lon="114.2083687625"><ele>392.000</ele></trkpt>
      <trkpt lat="22.2686732558" lon="114.2083706156"><ele>392.000</ele></trkpt>
      <trkpt lat="22.2686726323" lon="114.2083724686"><ele>392.000</ele></trkpt>
      <trkpt lat="22.2686720269" lon="114.2083743313"><ele>392.000</ele></trkpt>
      <trkpt lat="22.2686714576" lon="114.2083762135"><ele>392.000</ele></trkpt>
      <trkpt lat="22.2686709063" lon="114.2083780956"><ele>392.000</ele></trkpt>
      <trkpt lat="22.2686703822" lon="114.2083799875"><ele>392.000</ele></trkpt>
      <trkpt lat="22.2686698942" lon="114.2083818891"><ele>392.000</ele></trkpt>
      <trkpt lat="22.2686694242" lon="114.2083838004"><ele>392.000</ele></trkpt>
      <trkpt lat="22.2686689813" lon="114.2083857116"><ele>392.000</ele></trkpt>
      <trkpt lat="22.2686685656" lon="114.2083876326"><ele>392.000</ele></trkpt>
      <trkpt lat="22.2686681769" lon="114.2083895633"><ele>392.000</ele></trkpt>
      <trkpt lat="22.2686678153" lon="114.2083915038"><ele>392.000</ele></trkpt>
      <trkpt lat="22.2686674717" lon="114.2083934442"><ele>392.000</ele></trkpt>
      <trkpt lat="22.2686671643" lon="114.2083953846"><ele>392.000</ele></trkpt>
      <trkpt lat="22.2686668840" lon="114.2083973347"><ele>392.000</ele></trkpt>
      <trkpt lat="22.2686666307" lon="114.2083992946"><ele>392.000</ele></trkpt>
      <trkpt lat="22.2686664046" lon="114.2084012544"><ele>392.000</ele></trkpt>
      <trkpt lat="22.2686662055" lon="114.2084032143"><ele>393.000</ele></trkpt>
      <trkpt lat="22.2686660336" lon="114.2084051838"><ele>393.000</ele></trkpt>
      <trkpt lat="22.2686658887" lon="114.2084072019"><ele>393.000</ele></trkpt>
      <trkpt lat="22.2686621186" lon="114.2084292548"><ele>393.000</ele></trkpt>
      <trkpt lat="22.2686634192" lon="114.2084283721"><ele>393.000</ele></trkpt>
      <trkpt lat="22.2686649998" lon="114.2084273537"><ele>393.000</ele></trkpt>
      <trkpt lat="22.2686665893" lon="114.2084263741"><ele>393.000</ele></trkpt>
      <trkpt lat="22.2686682060" lon="114.2084254334"><ele>393.000</ele></trkpt>
      <trkpt lat="22.2686698407" lon="114.2084245314"><ele>393.000</ele></trkpt>
      <trkpt lat="22.2686714935" lon="114.2084236780"><ele>393.000</ele></trkpt>
      <trkpt lat="22.2686731643" lon="114.2084228536"><ele>393.000</ele></trkpt>
      <trkpt lat="22.2686748442" lon="114.2084220778"><ele>393.000</ele></trkpt>
      <trkpt lat="22.2686765511" lon="114.2084213408"><ele>394.000</ele></trkpt>
      <trkpt lat="22.2686782671" lon="114.2084206426"><ele>394.000</ele></trkpt>
      <trkpt lat="22.2686800011" lon="114.2084199929"><ele>394.000</ele></trkpt>
      <trkpt lat="22.2686817441" lon="114.2084193821"><ele>394.000</ele></trkpt>
      <trkpt lat="22.2686835052" lon="114.2084188100"><ele>394.000</ele></trkpt>
      <trkpt lat="22.2686852753" lon="114.2084182865"><ele>394.000</ele></trkpt>
      <trkpt lat="22.2686870545" lon="114.2084178017"><ele>394.000</ele></trkpt>
      <trkpt lat="22.2686908114" lon="114.2084168809"><ele>394.000</ele></trkpt>
      <trkpt lat="22.2686925815" lon="114.2084163767"><ele>394.000</ele></trkpt>
      <trkpt lat="22.2686943336" lon="114.2084158047"><ele>394.000</ele></trkpt>
      <trkpt lat="22.2686960766" lon="114.2084151647"><ele>394.000</ele></trkpt>
      <trkpt lat="22.2686977926" lon="114.2084144568"><ele>394.000</ele></trkpt>
      <trkpt lat="22.2686994814" lon="114.2084136907"><ele>394.000</ele></trkpt>
      <trkpt lat="22.2687011432" lon="114.2084128567"><ele>394.000</ele></trkpt>
      <trkpt lat="22.2687027780" lon="114.2084119644"><ele>394.000</ele></trkpt>
      <trkpt lat="22.2687043856" lon="114.2084110139"><ele>394.000</ele></trkpt>
      <trkpt lat="22.2687059662" lon="114.2084099955"><ele>394.000</ele></trkpt>
      <trkpt lat="22.2687075016" lon="114.2084089286"><ele>394.000</ele></trkpt>
      <trkpt lat="22.2687090099" lon="114.2084077937"><ele>394.000</ele></trkpt>
      <trkpt lat="22.2687104821" lon="114.2084066104"><ele>394.000</ele></trkpt>
      <trkpt lat="22.2687119092" lon="114.2084053688"><ele>394.000</ele></trkpt>
      <trkpt lat="22.2687132912" lon="114.2084040786"><ele>394.000</ele></trkpt>
      <trkpt lat="22.2687151338" lon="114.2084022065"><ele>392.000</ele></trkpt>
      <trkpt lat="22.2687296121" lon="114.2083907996"><ele>392.000</ele></trkpt>
      <trkpt lat="22.2687310753" lon="114.2083895969"><ele>392.000</ele></trkpt>
      <trkpt lat="22.2687325656" lon="114.2083884523"><ele>392.000</ele></trkpt>
      <trkpt lat="22.2687340920" lon="114.2083873466"><ele>392.000</ele></trkpt>
      <trkpt lat="22.2687356455" lon="114.2083862990"><ele>392.000</ele></trkpt>
      <trkpt lat="22.2687372260" lon="114.2083853000"><ele>392.000</ele></trkpt>
      <trkpt lat="22.2687388427" lon="114.2083843593"><ele>392.000</ele></trkpt>
      <trkpt lat="22.2687404774" lon="114.2083834670"><ele>392.000</ele></trkpt>
      <trkpt lat="22.2687421392" lon="114.2083826330"><ele>392.000</ele></trkpt>
      <trkpt lat="22.2687438281" lon="114.2083818474"><ele>392.000</ele></trkpt>
      <trkpt lat="22.2687455350" lon="114.2083811201"><ele>392.000</ele></trkpt>
      <trkpt lat="22.2687472600" lon="114.2083804511"><ele>392.000</ele></trkpt>
      <trkpt lat="22.2687490031" lon="114.2083798402"><ele>392.000</ele></trkpt>
      <trkpt lat="22.2687507642" lon="114.2083792778"><ele>392.000</ele></trkpt>
      <trkpt lat="22.2687525433" lon="114.2083787834"><ele>392.000</ele></trkpt>
      <trkpt lat="22.2687543314" lon="114.2083783472"><ele>392.000</ele></trkpt>
      <trkpt lat="22.2687561376" lon="114.2083779692"><ele>392.000</ele></trkpt>
      <trkpt lat="22.2687579438" lon="114.2083776494"><ele>392.000</ele></trkpt>
      <trkpt lat="22.2687603551" lon="114.2083773104"><ele>392.000</ele></trkpt>
      <trkpt lat="22.2687676160" lon="114.2083761477"><ele>393.000</ele></trkpt>
      <trkpt lat="22.2687748768" lon="114.2083750239"><ele>393.000</ele></trkpt>
      <trkpt lat="22.2687821557" lon="114.2083739388"><ele>393.000</ele></trkpt>
      <trkpt lat="22.2687876104" lon="114.2083731541"><ele>393.000</ele></trkpt>
      <trkpt lat="22.2687878633" lon="114.2083731348"><ele>393.000</ele></trkpt>
      <trkpt lat="22.2687876104" lon="114.2083731541"><ele>393.000</ele></trkpt>
      <trkpt lat="22.2687969830" lon="114.2083745592"><ele>393.000</ele></trkpt>
      <trkpt lat="22.2688081809" lon="114.2083708263"><ele>393.000</ele></trkpt>
      <trkpt lat="22.2688193715" lon="114.2083670836"><ele>394.000</ele></trkpt>
      <trkpt lat="22.2688251632" lon="114.2083651512"><ele>394.000</ele></trkpt>
      <trkpt lat="22.2688307663" lon="114.2083626182"><ele>394.000</ele></trkpt>
      <trkpt lat="22.2688415842" lon="114.2083577509"><ele>394.000</ele></trkpt>
      <trkpt lat="22.2688518628" lon="114.2083531155"><ele>394.000</ele></trkpt>
      <trkpt lat="22.2688538796" lon="114.2083522068"><ele>394.000</ele></trkpt>
      <trkpt lat="22.2688626880" lon="114.2083478824"><ele>396.000</ele></trkpt>
      <trkpt lat="22.2688731284" lon="114.2083427628"><ele>396.000</ele></trkpt>
      <trkpt lat="22.2688812813" lon="114.2083380512"><ele>396.000</ele></trkpt>
      <trkpt lat="22.2688836756" lon="114.2083364722"><ele>396.000</ele></trkpt>
      <trkpt lat="22.2688883704" lon="114.2083333616"><ele>396.000</ele></trkpt>
      <trkpt lat="22.2688929984" lon="114.2083296990"><ele>396.000</ele></trkpt>
      <trkpt lat="22.2688972976" lon="114.2083263051"><ele>396.000</ele></trkpt>
      <trkpt lat="22.2689025238" lon="114.2083209233"><ele>396.000</ele></trkpt>
      <trkpt lat="22.2689059995" lon="114.2083173516"><ele>396.000</ele></trkpt>
      <trkpt lat="22.2689107029" lon="114.2083115147"><ele>396.000</ele></trkpt>
      <trkpt lat="22.2689132980" lon="114.2083082902"><ele>396.000</ele></trkpt>
      <trkpt lat="22.2689182102" lon="114.2083016228"><ele>398.000</ele></trkpt>
      <trkpt lat="22.2689255089" lon="114.2082917376"><ele>398.000</ele></trkpt>
      <trkpt lat="22.2689303506" lon="114.2082851691"><ele>398.000</ele></trkpt>
      <trkpt lat="22.2689328617" lon="114.2082821037"><ele>398.000</ele></trkpt>
      <trkpt lat="22.2689350024" lon="114.2082795039"><ele>398.000</ele></trkpt>
      <trkpt lat="22.2689392315" lon="114.2082748797"><ele>398.000</ele></trkpt>
      <trkpt lat="22.2689408952" lon="114.2082733189"><ele>398.000</ele></trkpt>
      <trkpt lat="22.2689450690" lon="114.2082694039"><ele>398.000</ele></trkpt>
      <trkpt lat="22.2689497142" lon="114.2082656462"><ele>400.000</ele></trkpt>
      <trkpt lat="22.2689514023" lon="114.2082642795"><ele>400.000</ele></trkpt>
      <trkpt lat="22.2689581500" lon="114.2082595646"><ele>400.000</ele></trkpt>
      <trkpt lat="22.2689643828" lon="114.2082558577"><ele>400.000</ele></trkpt>
      <trkpt lat="22.2689685798" lon="114.2082537503"><ele>400.000</ele></trkpt>
      <trkpt lat="22.2689699417" lon="114.2082530734"><ele>400.000</ele></trkpt>
      <trkpt lat="22.2689747536" lon="114.2082510622"><ele>400.000</ele></trkpt>
      <trkpt lat="22.2689795492" lon="114.2082494614"><ele>400.000</ele></trkpt>
      <trkpt lat="22.2689807178" lon="114.2082491812"><ele>400.000</ele></trkpt>
      <trkpt lat="22.2689833730" lon="114.2082485589"><ele>400.000</ele></trkpt>
      <trkpt lat="22.2689873077" lon="114.2082482406"><ele>400.000</ele></trkpt>
      <trkpt lat="22.2689914491" lon="114.2082483832"><ele>400.000</ele></trkpt>
      <trkpt lat="22.2690018097" lon="114.2082498515"><ele>402.000</ele></trkpt>
      <trkpt lat="22.2690100824" lon="114.2082510245"><ele>402.000</ele></trkpt>
      <trkpt lat="22.2690121116" lon="114.2082511093"><ele>402.000</ele></trkpt>
      <trkpt lat="22.2690187066" lon="114.2082514057"><ele>402.000</ele></trkpt>
      <trkpt lat="22.2690236203" lon="114.2082508121"><ele>402.000</ele></trkpt>
      <trkpt lat="22.2690274550" lon="114.2082497379"><ele>402.000</ele></trkpt>
      <trkpt lat="22.2690318776" lon="114.2082478556"><ele>402.000</ele></trkpt>
      <trkpt lat="22.2690361162" lon="114.2082454950"><ele>402.000</ele></trkpt>
      <trkpt lat="22.2690396061" lon="114.2082429954"><ele>404.000</ele></trkpt>
      <trkpt lat="22.2690438908" lon="114.2082399149"><ele>404.000</ele></trkpt>
      <trkpt lat="22.2690493092" lon="114.2082351823"><ele>404.000</ele></trkpt>
      <trkpt lat="22.2690584164" lon="114.2082272263"><ele>404.000</ele></trkpt>
      <trkpt lat="22.2690612136" lon="114.2082247741"><ele>404.000</ele></trkpt>
      <trkpt lat="22.2690676272" lon="114.2082198894"><ele>404.000</ele></trkpt>
      <trkpt lat="22.2690684374" lon="114.2082192706"><ele>404.000</ele></trkpt>
      <trkpt lat="22.2690778341" lon="114.2082132600"><ele>404.000</ele></trkpt>
      <trkpt lat="22.2690869020" lon="114.2082074726"><ele>406.000</ele></trkpt>
      <trkpt lat="22.2690979748" lon="114.2082007250"><ele>406.000</ele></trkpt>
      <trkpt lat="22.2691081256" lon="114.2081945575"><ele>406.000</ele></trkpt>
      <trkpt lat="22.2691187207" lon="114.2081881067"><ele>406.000</ele></trkpt>
      <trkpt lat="22.2691294332" lon="114.2081815890"><ele>406.000</ele></trkpt>
      <trkpt lat="22.2691349100" lon="114.2081782516"><ele>406.000</ele></trkpt>
      <trkpt lat="22.2691401864" lon="114.2081748258"><ele>406.000</ele></trkpt>
      <trkpt lat="22.2691481280" lon="114.2081696678"><ele>406.000</ele></trkpt>
      <trkpt lat="22.2691503056" lon="114.2081681460"><ele>406.000</ele></trkpt>
      <trkpt lat="22.2691596500" lon="114.2081616202"><ele>406.000</ele></trkpt>
      <trkpt lat="22.2691666101" lon="114.2081559274"><ele>406.000</ele></trkpt>
      <trkpt lat="22.2691723285" lon="114.2081500567"><ele>406.000</ele></trkpt>
      <trkpt lat="22.2691739644" lon="114.2081477760"><ele>408.000</ele></trkpt>
      <trkpt lat="22.2691765587" lon="114.2081441740"><ele>408.000</ele></trkpt>
      <trkpt lat="22.2691796493" lon="114.2081377604"><ele>408.000</ele></trkpt>
      <trkpt lat="22.2691819264" lon="114.2081310972"><ele>408.000</ele></trkpt>
      <trkpt lat="22.2691828581" lon="114.2081274260"><ele>408.000</ele></trkpt>
      <trkpt lat="22.2691836607" lon="114.2081242535"><ele>408.000</ele></trkpt>
      <trkpt lat="22.2691851152" lon="114.2081165471"><ele>408.000</ele></trkpt>
      <trkpt lat="22.2691885914" lon="114.2081053405"><ele>408.000</ele></trkpt>
      <trkpt lat="22.2691907288" lon="114.2080967620"><ele>408.000</ele></trkpt>
      <trkpt lat="22.2691938558" lon="114.2080843726"><ele>408.000</ele></trkpt>
      <trkpt lat="22.2691949950" lon="114.2080775520"><ele>408.000</ele></trkpt>
      <trkpt lat="22.2691970283" lon="114.2080703532"><ele>408.000</ele></trkpt>
      <trkpt lat="22.2691998562" lon="114.2080634748"><ele>408.000</ele></trkpt>
      <trkpt lat="22.2692025844" lon="114.2080585950"><ele>408.000</ele></trkpt>
      <trkpt lat="22.2692061614" lon="114.2080537834"><ele>408.000</ele></trkpt>
      <trkpt lat="22.2692103344" lon="114.2080495637"><ele>408.000</ele></trkpt>
      <trkpt lat="22.2692150130" lon="114.2080459942"><ele>408.000</ele></trkpt>
      <trkpt lat="22.2692200978" lon="114.2080431719"><ele>408.000</ele></trkpt>
      <trkpt lat="22.2692241348" lon="114.2080415622"><ele>408.000</ele></trkpt>
      <trkpt lat="22.2692282981" lon="114.2080404182"><ele>408.000</ele></trkpt>
      <trkpt lat="22.2692325517" lon="114.2080397497"><ele>408.000</ele></trkpt>
      <trkpt lat="22.2692368503" lon="114.2080395566"><ele>408.000</ele></trkpt>
      <trkpt lat="22.2692418532" lon="114.2080399458"><ele>408.000</ele></trkpt>
      <trkpt lat="22.2692589838" lon="114.2080427634"><ele>408.000</ele></trkpt>
      <trkpt lat="22.2692719606" lon="114.2080439985"><ele>409.000</ele></trkpt>
      <trkpt lat="22.2692893265" lon="114.2080445068"><ele>409.000</ele></trkpt>
      <trkpt lat="22.2693066835" lon="114.2080437151"><ele>409.000</ele></trkpt>
      <trkpt lat="22.2693239505" lon="114.2080416232"><ele>410.000</ele></trkpt>
      <trkpt lat="22.2693367835" lon="114.2080392004"><ele>410.000</ele></trkpt>
      <trkpt lat="22.2693494812" lon="114.2080360693"><ele>410.000</ele></trkpt>
      <trkpt lat="22.2693661438" lon="114.2080307851"><ele>410.000</ele></trkpt>
      <trkpt lat="22.2693783903" lon="114.2080260045"><ele>410.000</ele></trkpt>
      <trkpt lat="22.2693943308" lon="114.2080185856"><ele>410.000</ele></trkpt>
      <trkpt lat="22.2694097478" lon="114.2080099829"><ele>411.000</ele></trkpt>
      <trkpt lat="22.2694209291" lon="114.2080027861"><ele>411.000</ele></trkpt>
      <trkpt lat="22.2694317403" lon="114.2079949683"><ele>411.000</ele></trkpt>
      <trkpt lat="22.2694426420" lon="114.2079861317"><ele>411.000</ele></trkpt>
      <trkpt lat="22.2694532281" lon="114.2079746948"><ele>411.000</ele></trkpt>
      <trkpt lat="22.2694648165" lon="114.2079639760"><ele>412.000</ele></trkpt>
      <trkpt lat="22.2694746794" lon="114.2079562065"><ele>412.000</ele></trkpt>
      <trkpt lat="22.2694834673" lon="114.2079505810"><ele>412.000</ele></trkpt>
      <trkpt lat="22.2694864387" lon="114.2079489419"><ele>412.000</ele></trkpt>
      <trkpt lat="22.2694913700" lon="114.2079463039"><ele>412.000</ele></trkpt>
      <trkpt lat="22.2694963283" lon="114.2079437339"><ele>412.000</ele></trkpt>
      <trkpt lat="22.2694988210" lon="114.2079424731"><ele>412.000</ele></trkpt>
      <trkpt lat="22.2695021626" lon="114.2079408244"><ele>412.000</ele></trkpt>
      <trkpt lat="22.2695045560" lon="114.2079393598"><ele>412.000</ele></trkpt>
      <trkpt lat="22.2695069404" lon="114.2079378759"><ele>412.000</ele></trkpt>
      <trkpt lat="22.2695093158" lon="114.2079363725"><ele>412.000</ele></trkpt>
      <trkpt lat="22.2695116731" lon="114.2079348497"><ele>412.000</ele></trkpt>
      <trkpt lat="22.2695140303" lon="114.2079333076"><ele>412.000</ele></trkpt>
      <trkpt lat="22.2695163696" lon="114.2079317460"><ele>412.000</ele></trkpt>
      <trkpt lat="22.2695186998" lon="114.2079301650"><ele>412.000</ele></trkpt>
      <trkpt lat="22.2695210119" lon="114.2079285646"><ele>412.000</ele></trkpt>
      <trkpt lat="22.2695233241" lon="114.2079269545"><ele>412.000</ele></trkpt>
      <trkpt lat="22.2695256182" lon="114.2079253152"><ele>412.000</ele></trkpt>
      <trkpt lat="22.2695279033" lon="114.2079236566"><ele>412.000</ele></trkpt>
      <trkpt lat="22.2695301703" lon="114.2079219883"><ele>412.000</ele></trkpt>
      <trkpt lat="22.2695324283" lon="114.2079203005"><ele>412.000</ele></trkpt>
      <trkpt lat="22.2695346772" lon="114.2079185837"><ele>412.000</ele></trkpt>
      <trkpt lat="22.2695369172" lon="114.2079168571"><ele>412.000</ele></trkpt>
      <trkpt lat="22.2695391390" lon="114.2079151112"><ele>412.000</ele></trkpt>
      <trkpt lat="22.2695413699" lon="114.2079133361"><ele>412.000</ele></trkpt>
      <trkpt lat="22.2695434474" lon="114.2079113961"><ele>412.000</ele></trkpt>
      <trkpt lat="22.2695456512" lon="114.2079096307"><ele>412.000</ele></trkpt>
      <trkpt lat="22.2695479724" lon="114.2079080303"><ele>412.000</ele></trkpt>
      <trkpt lat="22.2695503928" lon="114.2079066239"><ele>412.000</ele></trkpt>
      <trkpt lat="22.2695529036" lon="114.2079054117"><ele>412.000</ele></trkpt>
      <trkpt lat="22.2695554956" lon="114.2079043935"><ele>412.000</ele></trkpt>
      <trkpt lat="22.2695581417" lon="114.2079035791"><ele>412.000</ele></trkpt>
      <trkpt lat="22.2695608330" lon="114.2079029684"><ele>412.000</ele></trkpt>
      <trkpt lat="22.2695635603" lon="114.2079025809"><ele>412.000</ele></trkpt>
      <trkpt lat="22.2695682472" lon="114.2079024073"><ele>412.000</ele></trkpt>
      <trkpt lat="22.2695815316" lon="114.2079011392"><ele>414.000</ele></trkpt>
      <trkpt lat="22.2695842499" lon="114.2079006644"><ele>414.000</ele></trkpt>
      <trkpt lat="22.2695869502" lon="114.2079000634"><ele>414.000</ele></trkpt>
      <trkpt lat="22.2695896144" lon="114.2078993266"><ele>414.000</ele></trkpt>
      <trkpt lat="22.2695922515" lon="114.2078984540"><ele>414.000</ele></trkpt>
      <trkpt lat="22.2695948435" lon="114.2078974649"><ele>414.000</ele></trkpt>
      <trkpt lat="22.2695973903" lon="114.2078963399"><ele>414.000</ele></trkpt>
      <trkpt lat="22.2695998830" lon="114.2078950986"><ele>414.000</ele></trkpt>
      <trkpt lat="22.2696023306" lon="114.2078937214"><ele>414.000</ele></trkpt>
      <trkpt lat="22.2696047059" lon="114.2078922374"><ele>414.000</ele></trkpt>
      <trkpt lat="22.2696070271" lon="114.2078906370"><ele>414.000</ele></trkpt>
      <trkpt lat="22.2696113444" lon="114.2078871741"><ele>414.000</ele></trkpt>
      <trkpt lat="22.2696133225" lon="114.2078851176"><ele>414.000</ele></trkpt>
      <trkpt lat="22.2696153277" lon="114.2078830902"><ele>414.000</ele></trkpt>
      <trkpt lat="22.2696173510" lon="114.2078810823"><ele>414.000</ele></trkpt>
      <trkpt lat="22.2696194013" lon="114.2078790937"><ele>414.000</ele></trkpt>
      <trkpt lat="22.2696214607" lon="114.2078771342"><ele>414.000</ele></trkpt>
      <trkpt lat="22.2696235471" lon="114.2078752039"><ele>414.000</ele></trkpt>
      <trkpt lat="22.2696256606" lon="114.2078733027"><ele>414.000</ele></trkpt>
      <trkpt lat="22.2696277922" lon="114.2078714209"><ele>414.000</ele></trkpt>
      <trkpt lat="22.2696299329" lon="114.2078695681"><ele>414.000</ele></trkpt>
      <trkpt lat="22.2696321096" lon="114.2078677445"><ele>414.000</ele></trkpt>
      <trkpt lat="22.2696345934" lon="114.2078657076"><ele>414.000</ele></trkpt>
      <trkpt lat="22.2696369958" lon="114.2078642624"><ele>414.000</ele></trkpt>
      <trkpt lat="22.2696393441" lon="114.2078627105"><ele>414.000</ele></trkpt>
      <trkpt lat="22.2696416201" lon="114.2078610422"><ele>414.000</ele></trkpt>
      <trkpt lat="22.2696438149" lon="114.2078592671"><ele>414.000</ele></trkpt>
      <trkpt lat="22.2696459465" lon="114.2078573853"><ele>414.000</ele></trkpt>
      <trkpt lat="22.2696495234" lon="114.2078537864"><ele>414.000</ele></trkpt>
      <trkpt lat="22.2696514292" lon="114.2078516523"><ele>414.000</ele></trkpt>
      <trkpt lat="22.2696534073" lon="114.2078495958"><ele>414.000</ele></trkpt>
      <trkpt lat="22.2696554667" lon="114.2078476266"><ele>414.000</ele></trkpt>
      <trkpt lat="22.2696575893" lon="114.2078457448"><ele>414.000</ele></trkpt>
      <trkpt lat="22.2696597840" lon="114.2078439503"><ele>414.000</ele></trkpt>
      <trkpt lat="22.2696620420" lon="114.2078422529"><ele>414.000</ele></trkpt>
      <trkpt lat="22.2696643542" lon="114.2078406525"><ele>414.000</ele></trkpt>
      <trkpt lat="22.2696667295" lon="114.2078391588"><ele>414.000</ele></trkpt>
      <trkpt lat="22.2696691590" lon="114.2078377525"><ele>414.000</ele></trkpt>
      <trkpt lat="22.2696716337" lon="114.2078364626"><ele>414.000</ele></trkpt>
      <trkpt lat="22.2696741535" lon="114.2078352697"><ele>414.000</ele></trkpt>
      <trkpt lat="22.2696767184" lon="114.2078341836"><ele>414.000</ele></trkpt>
      <trkpt lat="22.2696793194" lon="114.2078332139"><ele>414.000</ele></trkpt>
      <trkpt lat="22.2696819475" lon="114.2078323510"><ele>414.000</ele></trkpt>
      <trkpt lat="22.2696869778" lon="114.2078310326"><ele>414.000</ele></trkpt>
      <trkpt lat="22.2697000184" lon="114.2078290270"><ele>414.000</ele></trkpt>
      <trkpt lat="22.2697027277" lon="114.2078284843"><ele>414.000</ele></trkpt>
      <trkpt lat="22.2697053919" lon="114.2078277669"><ele>414.000</ele></trkpt>
      <trkpt lat="22.2697080200" lon="114.2078268651"><ele>414.000</ele></trkpt>
      <trkpt lat="22.2697105849" lon="114.2078257887"><ele>414.000</ele></trkpt>
      <trkpt lat="22.2697130776" lon="114.2078245376"><ele>414.000</ele></trkpt>
      <trkpt lat="22.2697154981" lon="114.2078231216"><ele>414.000</ele></trkpt>
      <trkpt lat="22.2697178283" lon="114.2078215503"><ele>414.000</ele></trkpt>
      <trkpt lat="22.2697200682" lon="114.2078198237"><ele>414.000</ele></trkpt>
      <trkpt lat="22.2697221908" lon="114.2078179419"><ele>414.000</ele></trkpt>
      <trkpt lat="22.2697242140" lon="114.2078159339"><ele>414.000</ele></trkpt>
      <trkpt lat="22.2697268064" lon="114.2078129170"><ele>414.000</ele></trkpt>
      <trkpt lat="22.2697435517" lon="114.2077999678"><ele>414.000</ele></trkpt>
      <trkpt lat="22.2697459722" lon="114.2077985615"><ele>414.000</ele></trkpt>
      <trkpt lat="22.2697483746" lon="114.2077971066"><ele>414.000</ele></trkpt>
      <trkpt lat="22.2697507500" lon="114.2077956129"><ele>414.000</ele></trkpt>
      <trkpt lat="22.2697530982" lon="114.2077940610"><ele>414.000</ele></trkpt>
      <trkpt lat="22.2697554194" lon="114.2077924703"><ele>414.000</ele></trkpt>
      <trkpt lat="22.2697577135" lon="114.2077908408"><ele>414.000</ele></trkpt>
      <trkpt lat="22.2697599805" lon="114.2077891531"><ele>414.000</ele></trkpt>
      <trkpt lat="22.2697622204" lon="114.2077874362"><ele>414.000</ele></trkpt>
      <trkpt lat="22.2697644333" lon="114.2077856708"><ele>414.000</ele></trkpt>
      <trkpt lat="22.2697666191" lon="114.2077838666"><ele>414.000</ele></trkpt>
      <trkpt lat="22.2697687687" lon="114.2077820139"><ele>414.000</ele></trkpt>
      <trkpt lat="22.2697708822" lon="114.2077801224"><ele>414.000</ele></trkpt>
      <trkpt lat="22.2697729777" lon="114.2077781921"><ele>414.000</ele></trkpt>
      <trkpt lat="22.2697750280" lon="114.2077762229"><ele>414.000</ele></trkpt>
      <trkpt lat="22.2697770513" lon="114.2077742149"><ele>414.000</ele></trkpt>
      <trkpt lat="22.2697790384" lon="114.2077721681"><ele>414.000</ele></trkpt>
      <trkpt lat="22.2697809985" lon="114.2077700825"><ele>414.000</ele></trkpt>
      <trkpt lat="22.2697829134" lon="114.2077679581"><ele>414.000</ele></trkpt>
      <trkpt lat="22.2697848012" lon="114.2077657948"><ele>414.000</ele></trkpt>
      <trkpt lat="22.2697866439" lon="114.2077636024"><ele>414.000</ele></trkpt>
      <trkpt lat="22.2697887485" lon="114.2077610026"><ele>414.000</ele></trkpt>
      <trkpt lat="22.2698005934" lon="114.2077308885"><ele>414.000</ele></trkpt>
      <trkpt lat="22.2698014338" lon="114.2077280653"><ele>414.000</ele></trkpt>
      <trkpt lat="22.2698024096" lon="114.2077253003"><ele>414.000</ele></trkpt>
      <trkpt lat="22.2698035209" lon="114.2077225838"><ele>412.000</ele></trkpt>
      <trkpt lat="22.2698047496" lon="114.2077199353"><ele>412.000</ele></trkpt>
      <trkpt lat="22.2698061047" lon="114.2077173644"><ele>413.000</ele></trkpt>
      <trkpt lat="22.2698075772" lon="114.2077148615"><ele>413.000</ele></trkpt>
      <trkpt lat="22.2698091670" lon="114.2077124362"><ele>413.000</ele></trkpt>
      <trkpt lat="22.2698108652" lon="114.2077101079"><ele>413.000</ele></trkpt>
      <trkpt lat="22.2698126718" lon="114.2077078768"><ele>413.000</ele></trkpt>
      <trkpt lat="22.2698145867" lon="114.2077057426"><ele>413.000</ele></trkpt>
      <trkpt lat="22.2698165919" lon="114.2077037249"><ele>413.000</ele></trkpt>
      <trkpt lat="22.2698186964" lon="114.2077018043"><ele>413.000</ele></trkpt>
      <trkpt lat="22.2698208821" lon="114.2077000098"><ele>413.000</ele></trkpt>
      <trkpt lat="22.2698231491" lon="114.2076983317"><ele>413.000</ele></trkpt>
      <trkpt lat="22.2698259038" lon="114.2076965374"><ele>413.000</ele></trkpt>
      <trkpt lat="22.2698281979" lon="114.2076949079"><ele>413.000</ele></trkpt>
      <trkpt lat="22.2698304740" lon="114.2076932395"><ele>413.000</ele></trkpt>
      <trkpt lat="22.2698327229" lon="114.2076915227"><ele>413.000</ele></trkpt>
      <trkpt lat="22.2698349358" lon="114.2076897670"><ele>413.000</ele></trkpt>
      <trkpt lat="22.2698371305" lon="114.2076879725"><ele>413.000</ele></trkpt>
      <trkpt lat="22.2698392892" lon="114.2076861392"><ele>413.000</ele></trkpt>
      <trkpt lat="22.2698414208" lon="114.2076842671"><ele>413.000</ele></trkpt>
      <trkpt lat="22.2698435163" lon="114.2076823464"><ele>413.000</ele></trkpt>
      <trkpt lat="22.2698455847" lon="114.2076803967"><ele>413.000</ele></trkpt>
      <trkpt lat="22.2698476260" lon="114.2076783984"><ele>413.000</ele></trkpt>
      <trkpt lat="22.2698496312" lon="114.2076763710"><ele>413.000</ele></trkpt>
      <trkpt lat="22.2698516002" lon="114.2076743048"><ele>412.000</ele></trkpt>
      <trkpt lat="22.2698535332" lon="114.2076721998"><ele>412.000</ele></trkpt>
      <trkpt lat="22.2698554391" lon="114.2076700559"><ele>412.000</ele></trkpt>
      <trkpt lat="22.2698573088" lon="114.2076678829"><ele>412.000</ele></trkpt>
      <trkpt lat="22.2698591425" lon="114.2076656712"><ele>412.000</ele></trkpt>
      <trkpt lat="22.2698609400" lon="114.2076634206"><ele>412.000</ele></trkpt>
      <trkpt lat="22.2698626924" lon="114.2076611506"><ele>412.000</ele></trkpt>
      <trkpt lat="22.2698644177" lon="114.2076588417"><ele>412.000</ele></trkpt>
      <trkpt lat="22.2698673624" lon="114.2076546897"><ele>412.000</ele></trkpt>
      <trkpt lat="22.2698742456" lon="114.2076454350"><ele>412.000</ele></trkpt>
      <trkpt lat="22.2698793763" lon="114.2076384697"><ele>412.000</ele></trkpt>
      <trkpt lat="22.2698844709" lon="114.2076314849"><ele>412.000</ele></trkpt>
      <trkpt lat="22.2698899810" lon="114.2076238502"><ele>411.000</ele></trkpt>
      <trkpt lat="22.2700292418" lon="114.2075002824"><ele>410.000</ele></trkpt>
      <trkpt lat="22.2700325899" lon="114.2074973116"><ele>410.000</ele></trkpt>
      <trkpt lat="22.2700346854" lon="114.2074953909"><ele>410.000</ele></trkpt>
      <trkpt lat="22.2700367538" lon="114.2074934315"><ele>410.000</ele></trkpt>
      <trkpt lat="22.2700387770" lon="114.2074914332"><ele>410.000</ele></trkpt>
      <trkpt lat="22.2700407732" lon="114.2074893864"><ele>410.000</ele></trkpt>
      <trkpt lat="22.2700427332" lon="114.2074873007"><ele>410.000</ele></trkpt>
      <trkpt lat="22.2700446481" lon="114.2074851763"><ele>410.000</ele></trkpt>
      <trkpt lat="22.2700465359" lon="114.2074830227"><ele>410.000</ele></trkpt>
      <trkpt lat="22.2700483786" lon="114.2074808207"><ele>410.000</ele></trkpt>
      <trkpt lat="22.2700501851" lon="114.2074785895"><ele>410.000</ele></trkpt>
      <trkpt lat="22.2700519556" lon="114.2074763194"><ele>410.000</ele></trkpt>
      <trkpt lat="22.2700536809" lon="114.2074740106"><ele>410.000</ele></trkpt>
      <trkpt lat="22.2700553700" lon="114.2074716727"><ele>410.000</ele></trkpt>
      <trkpt lat="22.2700570141" lon="114.2074692959"><ele>410.000</ele></trkpt>
      <trkpt lat="22.2700586220" lon="114.2074668900"><ele>410.000</ele></trkpt>
      <trkpt lat="22.2700601847" lon="114.2074644550"><ele>410.000</ele></trkpt>
      <trkpt lat="22.2700630212" lon="114.2074597499"><ele>410.000</ele></trkpt>
      <trkpt lat="22.2700749465" lon="114.2074340698"><ele>410.000</ele></trkpt>
      <trkpt lat="22.2700757869" lon="114.2074312562"><ele>410.000</ele></trkpt>
      <trkpt lat="22.2700767808" lon="114.2074284912"><ele>412.000</ele></trkpt>
      <trkpt lat="22.2700779372" lon="114.2074258039"><ele>412.000</ele></trkpt>
      <trkpt lat="22.2700792472" lon="114.2074232039"><ele>412.000</ele></trkpt>
      <trkpt lat="22.2700807106" lon="114.2074206912"><ele>412.000</ele></trkpt>
      <trkpt lat="22.2700823095" lon="114.2074182853"><ele>412.000</ele></trkpt>
      <trkpt lat="22.2700840528" lon="114.2074159862"><ele>412.000</ele></trkpt>
      <trkpt lat="22.2700859226" lon="114.2074138132"><ele>412.000</ele></trkpt>
      <trkpt lat="22.2700879097" lon="114.2074117664"><ele>412.000</ele></trkpt>
      <trkpt lat="22.2700900142" lon="114.2074098555"><ele>412.000</ele></trkpt>
      <trkpt lat="22.2700937354" lon="114.2074070231"><ele>412.000</ele></trkpt>
      <trkpt lat="22.2701452659" lon="114.2073503908"><ele>412.000</ele></trkpt>
      <trkpt lat="22.2701472620" lon="114.2073483536"><ele>412.000</ele></trkpt>
      <trkpt lat="22.2701491950" lon="114.2073462486"><ele>412.000</ele></trkpt>
      <trkpt lat="22.2701510738" lon="114.2073440853"><ele>412.000</ele></trkpt>
      <trkpt lat="22.2701528893" lon="114.2073418541"><ele>412.000</ele></trkpt>
      <trkpt lat="22.2701546417" lon="114.2073395744"><ele>412.000</ele></trkpt>
      <trkpt lat="22.2701563309" lon="114.2073372365"><ele>412.000</ele></trkpt>
      <trkpt lat="22.2701579569" lon="114.2073348403"><ele>412.000</ele></trkpt>
      <trkpt lat="22.2701595106" lon="114.2073323956"><ele>412.000</ele></trkpt>
      <trkpt lat="22.2701609921" lon="114.2073299023"><ele>412.000</ele></trkpt>
      <trkpt lat="22.2701624104" lon="114.2073273606"><ele>412.000</ele></trkpt>
      <trkpt lat="22.2701637474" lon="114.2073247800"><ele>412.000</ele></trkpt>
      <trkpt lat="22.2701650212" lon="114.2073221509"><ele>412.000</ele></trkpt>
      <trkpt lat="22.2701662680" lon="114.2073193374"><ele>412.000</ele></trkpt>
      <trkpt lat="22.2701677675" lon="114.2073168539"><ele>414.000</ele></trkpt>
      <trkpt lat="22.2701693032" lon="114.2073143994"><ele>414.000</ele></trkpt>
      <trkpt lat="22.2701708750" lon="114.2073119644"><ele>414.000</ele></trkpt>
      <trkpt lat="22.2701724919" lon="114.2073095682"><ele>414.000</ele></trkpt>
      <trkpt lat="22.2701741359" lon="114.2073071915"><ele>414.000</ele></trkpt>
      <trkpt lat="22.2701758251" lon="114.2073048535"><ele>414.000</ele></trkpt>
      <trkpt lat="22.2701775414" lon="114.2073025447"><ele>414.000</ele></trkpt>
      <trkpt lat="22.2701793028" lon="114.2073002650"><ele>414.000</ele></trkpt>
      <trkpt lat="22.2701810913" lon="114.2072980144"><ele>414.000</ele></trkpt>
      <trkpt lat="22.2701829249" lon="114.2072957929"><ele>414.000</ele></trkpt>
      <trkpt lat="22.2701847856" lon="114.2072936102"><ele>414.000</ele></trkpt>
      <trkpt lat="22.2701875496" lon="114.2072905060"><ele>414.000</ele></trkpt>
      <trkpt lat="22.2701895548" lon="114.2072884689"><ele>414.000</ele></trkpt>
      <trkpt lat="22.2701915329" lon="114.2072864220"><ele>412.000</ele></trkpt>
      <trkpt lat="22.2701935019" lon="114.2072843461"><ele>412.000</ele></trkpt>
      <trkpt lat="22.2701954529" lon="114.2072822605"><ele>412.000</ele></trkpt>
      <trkpt lat="22.2701973859" lon="114.2072801554"><ele>412.000</ele></trkpt>
      <trkpt lat="22.2701993098" lon="114.2072780213"><ele>412.000</ele></trkpt>
      <trkpt lat="22.2702012067" lon="114.2072758774"><ele>412.000</ele></trkpt>
      <trkpt lat="22.2702030854" lon="114.2072737142"><ele>412.000</ele></trkpt>
      <trkpt lat="22.2702049552" lon="114.2072715412"><ele>412.000</ele></trkpt>
      <trkpt lat="22.2702067979" lon="114.2072693391"><ele>412.000</ele></trkpt>
      <trkpt lat="22.2702086225" lon="114.2072671273"><ele>412.000</ele></trkpt>
      <trkpt lat="22.2702104290" lon="114.2072648961"><ele>412.000</ele></trkpt>
      <trkpt lat="22.2702122265" lon="114.2072626455"><ele>414.000</ele></trkpt>
      <trkpt lat="22.2702139970" lon="114.2072603755"><ele>414.000</ele></trkpt>
      <trkpt lat="22.2702157493" lon="114.2072580958"><ele>414.000</ele></trkpt>
      <trkpt lat="22.2702174837" lon="114.2072557966"><ele>414.000</ele></trkpt>
      <trkpt lat="22.2702191999" lon="114.2072534781"><ele>414.000</ele></trkpt>
      <trkpt lat="22.2702208981" lon="114.2072511401"><ele>414.000</ele></trkpt>
      <trkpt lat="22.2702222178" lon="114.2072492766"><ele>414.000</ele></trkpt>
      <trkpt lat="22.2702435737" lon="114.2072531050"><ele>414.000</ele></trkpt>
      <trkpt lat="22.2702665442" lon="114.2072572238"><ele>415.000</ele></trkpt>
      <trkpt lat="22.2702977558" lon="114.2072628193"><ele>415.000</ele></trkpt>
      <trkpt lat="22.2703790389" lon="114.2072240265"><ele>418.000</ele></trkpt>
      <trkpt lat="22.2704112716" lon="114.2072067202"><ele>418.000</ele></trkpt>
      <trkpt lat="22.2704512913" lon="114.2071852318"><ele>419.000</ele></trkpt>
      <trkpt lat="22.2704556427" lon="114.2071828954"><ele>419.000</ele></trkpt>
      <trkpt lat="22.2705235437" lon="114.2071464370"><ele>420.000</ele></trkpt>
      <trkpt lat="22.2705449723" lon="114.2071234241"><ele>422.000</ele></trkpt>
      <trkpt lat="22.2705958034" lon="114.2070688318"><ele>422.000</ele></trkpt>
      <trkpt lat="22.2706138827" lon="114.2069718097"><ele>422.000</ele></trkpt>
      <trkpt lat="22.2706176758" lon="114.2069514544"><ele>422.000</ele></trkpt>
      <trkpt lat="22.2706197476" lon="114.2069505428"><ele>422.000</ele></trkpt>
      <trkpt lat="22.2706223215" lon="114.2069495052"><ele>422.000</ele></trkpt>
      <trkpt lat="22.2706249315" lon="114.2069485549"><ele>422.000</ele></trkpt>
      <trkpt lat="22.2706275596" lon="114.2069476725"><ele>422.000</ele></trkpt>
      <trkpt lat="22.2706302057" lon="114.2069468775"><ele>422.000</ele></trkpt>
      <trkpt lat="22.2706328789" lon="114.2069461601"><ele>422.000</ele></trkpt>
      <trkpt lat="22.2706355702" lon="114.2069455300"><ele>422.000</ele></trkpt>
      <trkpt lat="22.2706382795" lon="114.2069449775"><ele>422.000</ele></trkpt>
      <trkpt lat="22.2706409978" lon="114.2069445124"><ele>422.000</ele></trkpt>
      <trkpt lat="22.2706437251" lon="114.2069441248"><ele>422.000</ele></trkpt>
      <trkpt lat="22.2706464615" lon="114.2069438246"><ele>422.000</ele></trkpt>
      <trkpt lat="22.2706492068" lon="114.2069436118"><ele>422.000</ele></trkpt>
      <trkpt lat="22.2706519612" lon="114.2069434765"><ele>422.000</ele></trkpt>
      <trkpt lat="22.2706560611" lon="114.2069434386"><ele>422.000</ele></trkpt>
      <trkpt lat="22.2707116466" lon="114.2069336314"><ele>424.000</ele></trkpt>
      <trkpt lat="22.2707143468" lon="114.2069330887"><ele>424.000</ele></trkpt>
      <trkpt lat="22.2707152408" lon="114.2069331762"><ele>424.000</ele></trkpt>
      <trkpt lat="22.2707157650" lon="114.2069308865"><ele>424.000</ele></trkpt>
      <trkpt lat="22.2707165964" lon="114.2069280632"><ele>424.000</ele></trkpt>
      <trkpt lat="22.2707175993" lon="114.2069252982"><ele>424.000</ele></trkpt>
      <trkpt lat="22.2707187648" lon="114.2069226205"><ele>424.000</ele></trkpt>
      <trkpt lat="22.2707200927" lon="114.2069200302"><ele>424.000</ele></trkpt>
      <trkpt lat="22.2707215742" lon="114.2069175272"><ele>424.000</ele></trkpt>
      <trkpt lat="22.2707232092" lon="114.2069151505"><ele>424.000</ele></trkpt>
      <trkpt lat="22.2707249796" lon="114.2069128804"><ele>424.000</ele></trkpt>
      <trkpt lat="22.2707288907" lon="114.2069087868"><ele>424.000</ele></trkpt>
      <trkpt lat="22.2707315368" lon="114.2069079626"><ele>424.000</ele></trkpt>
      <trkpt lat="22.2707342280" lon="114.2069073519"><ele>424.000</ele></trkpt>
      <trkpt lat="22.2707369554" lon="114.2069069450"><ele>424.000</ele></trkpt>
      <trkpt lat="22.2707397007" lon="114.2069067418"><ele>424.000</ele></trkpt>
      <trkpt lat="22.2707426176" lon="114.2069067716"><ele>424.000</ele></trkpt>
      <trkpt lat="22.2707453359" lon="114.2069062773"><ele>424.000</ele></trkpt>
      <trkpt lat="22.2707480452" lon="114.2069057539"><ele>424.000</ele></trkpt>
      <trkpt lat="22.2707507455" lon="114.2069052015"><ele>424.000</ele></trkpt>
      <trkpt lat="22.2707534458" lon="114.2069046199"><ele>424.000</ele></trkpt>
      <trkpt lat="22.2707561461" lon="114.2069040092"><ele>425.000</ele></trkpt>
      <trkpt lat="22.2707588283" lon="114.2069033694"><ele>425.000</ele></trkpt>
      <trkpt lat="22.2707615105" lon="114.2069027005"><ele>425.000</ele></trkpt>
      <trkpt lat="22.2707641837" lon="114.2069020025"><ele>425.000</ele></trkpt>
      <trkpt lat="22.2707668569" lon="114.2069012657"><ele>425.000</ele></trkpt>
      <trkpt lat="22.2707695211" lon="114.2069005094"><ele>425.000</ele></trkpt>
      <trkpt lat="22.2707721762" lon="114.2068997241"><ele>425.000</ele></trkpt>
      <trkpt lat="22.2707748224" lon="114.2068989096"><ele>424.000</ele></trkpt>
      <trkpt lat="22.2707796179" lon="114.2068973485"><ele>424.000</ele></trkpt>
      <trkpt lat="22.2707823632" lon="114.2068974947"><ele>424.000</ele></trkpt>
      <trkpt lat="22.2707850091" lon="114.2068983102"><ele>424.000</ele></trkpt>
      <trkpt lat="22.2707858669" lon="114.2068988247"><ele>424.000</ele></trkpt>
      <trkpt lat="22.2707932198" lon="114.2068879302"><ele>424.000</ele></trkpt>
      <trkpt lat="22.2707946742" lon="114.2068854175"><ele>424.000</ele></trkpt>
      <trkpt lat="22.2707962641" lon="114.2068830019"><ele>424.000</ele></trkpt>
      <trkpt lat="22.2707979803" lon="114.2068806834"><ele>424.000</ele></trkpt>
      <trkpt lat="22.2707998140" lon="114.2068784813"><ele>424.000</ele></trkpt>
      <trkpt lat="22.2708017740" lon="114.2068763956"><ele>424.000</ele></trkpt>
      <trkpt lat="22.2708038424" lon="114.2068744361"><ele>424.000</ele></trkpt>
      <trkpt lat="22.2708060010" lon="114.2068726125"><ele>424.000</ele></trkpt>
      <trkpt lat="22.2708082680" lon="114.2068709247"><ele>424.000</ele></trkpt>
      <trkpt lat="22.2708106163" lon="114.2068693825"><ele>424.000</ele></trkpt>
      <trkpt lat="22.2708130458" lon="114.2068679859"><ele>424.000</ele></trkpt>
      <trkpt lat="22.2708180582" lon="114.2068656874"><ele>424.000</ele></trkpt>
      <trkpt lat="22.2708228631" lon="114.2068627874"><ele>424.000</ele></trkpt>
      <trkpt lat="22.2708276499" lon="114.2068598679"><ele>424.000</ele></trkpt>
      <trkpt lat="22.2708324366" lon="114.2068569290"><ele>424.000</ele></trkpt>
      <trkpt lat="22.2708372054" lon="114.2068539707"><ele>424.000</ele></trkpt>
      <trkpt lat="22.2708419651" lon="114.2068509931"><ele>424.000</ele></trkpt>
      <trkpt lat="22.2708467157" lon="114.2068479960"><ele>422.000</ele></trkpt>
      <trkpt lat="22.2708514574" lon="114.2068449795"><ele>422.000</ele></trkpt>
      <trkpt lat="22.2708561810" lon="114.2068419435"><ele>422.000</ele></trkpt>
      <trkpt lat="22.2708609407" lon="114.2068388688"><ele>422.000</ele></trkpt>
      <trkpt lat="22.2709417380" lon="114.2067895288"><ele>420.000</ele></trkpt>
      <trkpt lat="22.2709441223" lon="114.2067880448"><ele>420.000</ele></trkpt>
      <trkpt lat="22.2709465428" lon="114.2067866191"><ele>420.000</ele></trkpt>
      <trkpt lat="22.2709489814" lon="114.2067852418"><ele>420.000</ele></trkpt>
      <trkpt lat="22.2709514379" lon="114.2067839228"><ele>420.000</ele></trkpt>
      <trkpt lat="22.2709539306" lon="114.2067826523"><ele>420.000</ele></trkpt>
      <trkpt lat="22.2709564323" lon="114.2067814303"><ele>420.000</ele></trkpt>
      <trkpt lat="22.2709589702" lon="114.2067802665"><ele>420.000</ele></trkpt>
      <trkpt lat="22.2709615170" lon="114.2067791512"><ele>420.000</ele></trkpt>
      <trkpt lat="22.2709640909" lon="114.2067780942"><ele>420.000</ele></trkpt>
      <trkpt lat="22.2709666829" lon="114.2067770954"><ele>420.000</ele></trkpt>
      <trkpt lat="22.2709692930" lon="114.2067761548"><ele>420.000</ele></trkpt>
      <trkpt lat="22.2709719210" lon="114.2067752627"><ele>420.000</ele></trkpt>
      <trkpt lat="22.2709745581" lon="114.2067744288"><ele>420.000</ele></trkpt>
      <trkpt lat="22.2709772133" lon="114.2067736435"><ele>420.000</ele></trkpt>
      <trkpt lat="22.2709798865" lon="114.2067729261"><ele>420.000</ele></trkpt>
      <trkpt lat="22.2709831919" lon="114.2067721117"><ele>420.000</ele></trkpt>
      <trkpt lat="22.2709858560" lon="114.2067713652"><ele>420.000</ele></trkpt>
      <trkpt lat="22.2709885202" lon="114.2067706478"><ele>420.000</ele></trkpt>
      <trkpt lat="22.2709912025" lon="114.2067699498"><ele>420.000</ele></trkpt>
      <trkpt lat="22.2709938847" lon="114.2067692906"><ele>420.000</ele></trkpt>
      <trkpt lat="22.2709965759" lon="114.2067686605"><ele>420.000</ele></trkpt>
      <trkpt lat="22.2709992672" lon="114.2067680595"><ele>420.000</ele></trkpt>
      <trkpt lat="22.2710019674" lon="114.2067674876"><ele>420.000</ele></trkpt>
      <trkpt lat="22.2710046767" lon="114.2067669351"><ele>420.000</ele></trkpt>
      <trkpt lat="22.2710073860" lon="114.2067664215"><ele>420.000</ele></trkpt>
      <trkpt lat="22.2710101043" lon="114.2067659369"><ele>420.000</ele></trkpt>
      <trkpt lat="22.2710128226" lon="114.2067654815"><ele>420.000</ele></trkpt>
      <trkpt lat="22.2710155500" lon="114.2067650648"><ele>420.000</ele></trkpt>
      <trkpt lat="22.2710182773" lon="114.2067646676"><ele>420.000</ele></trkpt>
      <trkpt lat="22.2710210137" lon="114.2067642995"><ele>420.000</ele></trkpt>
      <trkpt lat="22.2710237500" lon="114.2067639605"><ele>420.000</ele></trkpt>
      <trkpt lat="22.2710264864" lon="114.2067636603"><ele>420.000</ele></trkpt>
      <trkpt lat="22.2710292227" lon="114.2067633795"><ele>420.000</ele></trkpt>
      <trkpt lat="22.2710319680" lon="114.2067631375"><ele>420.000</ele></trkpt>
      <trkpt lat="22.2710347134" lon="114.2067629246"><ele>420.000</ele></trkpt>
      <trkpt lat="22.2710374678" lon="114.2067627409"><ele>420.000</ele></trkpt>
      <trkpt lat="22.2710402131" lon="114.2067625765"><ele>420.000</ele></trkpt>
      <trkpt lat="22.2710429675" lon="114.2067624509"><ele>420.000</ele></trkpt>
      <trkpt lat="22.2710457128" lon="114.2067623642"><ele>420.000</ele></trkpt>
      <trkpt lat="22.2710484672" lon="114.2067622969"><ele>420.000</ele></trkpt>
      <trkpt lat="22.2710532264" lon="114.2067622494"><ele>420.000</ele></trkpt>
      <trkpt lat="22.2710717756" lon="114.2067606330"><ele>420.000</ele></trkpt>
      <trkpt lat="22.2710745300" lon="114.2067606142"><ele>420.000</ele></trkpt>
      <trkpt lat="22.2710772843" lon="114.2067606342"><ele>420.000</ele></trkpt>
      <trkpt lat="22.2710800386" lon="114.2067606735"><ele>420.000</ele></trkpt>
      <trkpt lat="22.2710827930" lon="114.2067607518"><ele>420.000</ele></trkpt>
      <trkpt lat="22.2710855383" lon="114.2067608688"><ele>420.000</ele></trkpt>
      <trkpt lat="22.2710882926" lon="114.2067610052"><ele>420.000</ele></trkpt>
      <trkpt lat="22.2710910379" lon="114.2067611707"><ele>420.000</ele></trkpt>
      <trkpt lat="22.2710937922" lon="114.2067613751"><ele>420.000</ele></trkpt>
      <trkpt lat="22.2710965375" lon="114.2067616085"><ele>420.000</ele></trkpt>
      <trkpt lat="22.2710992737" lon="114.2067618711"><ele>420.000</ele></trkpt>
      <trkpt lat="22.2711020190" lon="114.2067621627"><ele>420.000</ele></trkpt>
      <trkpt lat="22.2711047552" lon="114.2067624932"><ele>420.000</ele></trkpt>
      <trkpt lat="22.2711089905" lon="114.2067630569"><ele>420.000</ele></trkpt>
      <trkpt lat="22.2711116905" lon="114.2067636590"><ele>420.000</ele></trkpt>
      <trkpt lat="22.2711144086" lon="114.2067641350"><ele>420.000</ele></trkpt>
      <trkpt lat="22.2711171358" lon="114.2067645043"><ele>420.000</ele></trkpt>
      <trkpt lat="22.2711198811" lon="114.2067647668"><ele>420.000</ele></trkpt>
      <trkpt lat="22.2711226354" lon="114.2067649033"><ele>420.000</ele></trkpt>
      <trkpt lat="22.2711253807" lon="114.2067649329"><ele>420.000</ele></trkpt>
      <trkpt lat="22.2711281351" lon="114.2067648462"><ele>420.000</ele></trkpt>
      <trkpt lat="22.2711308805" lon="114.2067646430"><ele>420.000</ele></trkpt>
      <trkpt lat="22.2711336168" lon="114.2067643331"><ele>420.000</ele></trkpt>
      <trkpt lat="22.2711363441" lon="114.2067639068"><ele>420.000</ele></trkpt>
      <trkpt lat="22.2711399746" lon="114.2067631508"><ele>420.000</ele></trkpt>
      <trkpt lat="22.2711426929" lon="114.2067627244"><ele>420.000</ele></trkpt>
      <trkpt lat="22.2711454292" lon="114.2067623563"><ele>420.000</ele></trkpt>
      <trkpt lat="22.2711481656" lon="114.2067620367"><ele>420.000</ele></trkpt>
      <trkpt lat="22.2711509110" lon="114.2067617656"><ele>420.000</ele></trkpt>
      <trkpt lat="22.2711536563" lon="114.2067615430"><ele>420.000</ele></trkpt>
      <trkpt lat="22.2711564017" lon="114.2067613690"><ele>420.000</ele></trkpt>
      <trkpt lat="22.2711591560" lon="114.2067612531"><ele>420.000</ele></trkpt>
      <trkpt lat="22.2711619014" lon="114.2067611761"><ele>421.000</ele></trkpt>
      <trkpt lat="22.2711646557" lon="114.2067611573"><ele>421.000</ele></trkpt>
      <trkpt lat="22.2711674101" lon="114.2067611870"><ele>421.000</ele></trkpt>
      <trkpt lat="22.2711701644" lon="114.2067612749"><ele>421.000</ele></trkpt>
      <trkpt lat="22.2711729097" lon="114.2067614016"><ele>421.000</ele></trkpt>
      <trkpt lat="22.2711764316" lon="114.2067616449"><ele>421.000</ele></trkpt>
      <trkpt lat="22.2711846765" lon="114.2067621609"><ele>421.000</ele></trkpt>
      <trkpt lat="22.2711901670" lon="114.2067625405"><ele>421.000</ele></trkpt>
      <trkpt lat="22.2711956576" lon="114.2067629686"><ele>421.000</ele></trkpt>
      <trkpt lat="22.2712011481" lon="114.2067634258"><ele>421.000</ele></trkpt>
      <trkpt lat="22.2712066387" lon="114.2067639121"><ele>422.000</ele></trkpt>
      <trkpt lat="22.2712121202" lon="114.2067644372"><ele>422.000</ele></trkpt>
      <trkpt lat="22.2712176017" lon="114.2067650011"><ele>422.000</ele></trkpt>
      <trkpt lat="22.2712230832" lon="114.2067656038"><ele>422.000</ele></trkpt>
      <trkpt lat="22.2712285556" lon="114.2067662356"><ele>422.000</ele></trkpt>
      <trkpt lat="22.2712340281" lon="114.2067669063"><ele>422.000</ele></trkpt>
      <trkpt lat="22.2712395005" lon="114.2067676158"><ele>422.000</ele></trkpt>
      <trkpt lat="22.2712449639" lon="114.2067683543"><ele>422.000</ele></trkpt>
      <trkpt lat="22.2712495243" lon="114.2067689957"><ele>422.000</ele></trkpt>
      <trkpt lat="22.2712732022" lon="114.2067712226"><ele>422.000</ele></trkpt>
      <trkpt lat="22.2712813476" lon="114.2067726894"><ele>422.000</ele></trkpt>
      <trkpt lat="22.2712922111" lon="114.2067746226"><ele>422.000</ele></trkpt>
      <trkpt lat="22.2713030837" lon="114.2067765072"><ele>422.000</ele></trkpt>
      <trkpt lat="22.2713122856" lon="114.2067780713"><ele>422.000</ele></trkpt>
      <trkpt lat="22.2713150218" lon="114.2067784309"><ele>422.000</ele></trkpt>
      <trkpt lat="22.2713177581" lon="114.2067786837"><ele>422.000</ele></trkpt>
      <trkpt lat="22.2713205124" lon="114.2067788396"><ele>422.000</ele></trkpt>
      <trkpt lat="22.2713232667" lon="114.2067788887"><ele>422.000</ele></trkpt>
      <trkpt lat="22.2713260211" lon="114.2067788407"><ele>422.000</ele></trkpt>
      <trkpt lat="22.2713287664" lon="114.2067786958"><ele>422.000</ele></trkpt>
      <trkpt lat="22.2713315118" lon="114.2067784538"><ele>422.000</ele></trkpt>
      <trkpt lat="22.2713342481" lon="114.2067781051"><ele>422.000</ele></trkpt>
      <trkpt lat="22.2713369665" lon="114.2067776496"><ele>422.000</ele></trkpt>
      <trkpt lat="22.2713396757" lon="114.2067771069"><ele>422.000</ele></trkpt>
      <trkpt lat="22.2713444080" lon="114.2067758950"><ele>422.000</ele></trkpt>
      <trkpt lat="22.2713596978" lon="114.2067708820"><ele>422.000</ele></trkpt>
      <trkpt lat="22.2713622447" lon="114.2067697765"><ele>422.000</ele></trkpt>
      <trkpt lat="22.2713648998" lon="114.2067690008"><ele>422.000</ele></trkpt>
      <trkpt lat="22.2713676181" lon="114.2067685551"><ele>422.000</ele></trkpt>
      <trkpt lat="22.2713703725" lon="114.2067684489"><ele>422.000</ele></trkpt>
      <trkpt lat="22.2713731178" lon="114.2067686921"><ele>422.000</ele></trkpt>
      <trkpt lat="22.2713758088" lon="114.2067692748"><ele>422.000</ele></trkpt>
      <trkpt lat="22.2713784275" lon="114.2067701874"><ele>422.000</ele></trkpt>
      <trkpt lat="22.2713817415" lon="114.2067719055"><ele>422.000</ele></trkpt>
      <trkpt lat="22.2713821750" lon="114.2067715272"><ele>422.000</ele></trkpt>
      <trkpt lat="22.2713857325" lon="114.2067747104"><ele>422.000</ele></trkpt>
      <trkpt lat="22.2713878543" lon="114.2067765835"><ele>422.000</ele></trkpt>
      <trkpt lat="22.2713921342" lon="114.2067803102"><ele>422.000</ele></trkpt>
      <trkpt lat="22.2713964502" lon="114.2067839981"><ele>422.000</ele></trkpt>
      <trkpt lat="22.2714015336" lon="114.2067882781"><ele>422.000</ele></trkpt>
      <trkpt lat="22.2714035109" lon="114.2067903452"><ele>422.000</ele></trkpt>
      <trkpt lat="22.2714055063" lon="114.2067923734"><ele>422.000</ele></trkpt>
      <trkpt lat="22.2714075288" lon="114.2067943920"><ele>422.000</ele></trkpt>
      <trkpt lat="22.2714095784" lon="114.2067963718"><ele>422.000</ele></trkpt>
      <trkpt lat="22.2714116461" lon="114.2067983225"><ele>422.000</ele></trkpt>
      <trkpt lat="22.2714137408" lon="114.2068002538"><ele>422.000</ele></trkpt>
      <trkpt lat="22.2714158537" lon="114.2068021462"><ele>422.000</ele></trkpt>
      <trkpt lat="22.2714179936" lon="114.2068040096"><ele>422.000</ele></trkpt>
      <trkpt lat="22.2714201516" lon="114.2068058535"><ele>422.000</ele></trkpt>
      <trkpt lat="22.2714223276" lon="114.2068076587"><ele>422.000</ele></trkpt>
      <trkpt lat="22.2714245308" lon="114.2068094348"><ele>422.000</ele></trkpt>
      <trkpt lat="22.2714267520" lon="114.2068111817"><ele>422.000</ele></trkpt>
      <trkpt lat="22.2714289913" lon="114.2068128996"><ele>422.000</ele></trkpt>
      <trkpt lat="22.2714312577" lon="114.2068145883"><ele>420.000</ele></trkpt>
      <trkpt lat="22.2714335421" lon="114.2068162479"><ele>420.000</ele></trkpt>
      <trkpt lat="22.2714362600" lon="114.2068181599"><ele>420.000</ele></trkpt>
      <trkpt lat="22.2714386167" lon="114.2068197032"><ele>420.000</ele></trkpt>
      <trkpt lat="22.2714410547" lon="114.2068210621"><ele>420.000</ele></trkpt>
      <trkpt lat="22.2714435831" lon="114.2068222366"><ele>420.000</ele></trkpt>
      <trkpt lat="22.2714461837" lon="114.2068232074"><ele>420.000</ele></trkpt>
      <trkpt lat="22.2714488386" lon="114.2068239842"><ele>420.000</ele></trkpt>
      <trkpt lat="22.2714515477" lon="114.2068245476"><ele>420.000</ele></trkpt>
      <trkpt lat="22.2714542749" lon="114.2068249168"><ele>420.000</ele></trkpt>
      <trkpt lat="22.2714570201" lon="114.2068250727"><ele>420.000</ele></trkpt>
      <trkpt lat="22.2714597745" lon="114.2068250150"><ele>420.000</ele></trkpt>
      <trkpt lat="22.2714625199" lon="114.2068247439"><ele>420.000</ele></trkpt>
      <trkpt lat="22.2714652382" lon="114.2068242691"><ele>420.000</ele></trkpt>
      <trkpt lat="22.2714679114" lon="114.2068235905"><ele>420.000</ele></trkpt>
      <trkpt lat="22.2714714426" lon="114.2068223590"><ele>420.000</ele></trkpt>
      <trkpt lat="22.2715314838" lon="114.2067927108"><ele>418.000</ele></trkpt>
      <trkpt lat="22.2715339494" lon="114.2067913820"><ele>418.000</ele></trkpt>
      <trkpt lat="22.2715364602" lon="114.2067901600"><ele>418.000</ele></trkpt>
      <trkpt lat="22.2715390070" lon="114.2067890448"><ele>418.000</ele></trkpt>
      <trkpt lat="22.2715415900" lon="114.2067880265"><ele>418.000</ele></trkpt>
      <trkpt lat="22.2715442090" lon="114.2067871150"><ele>418.000</ele></trkpt>
      <trkpt lat="22.2715468642" lon="114.2067863103"><ele>418.000</ele></trkpt>
      <trkpt lat="22.2715495374" lon="114.2067856123"><ele>418.000</ele></trkpt>
      <trkpt lat="22.2715522377" lon="114.2067850210"><ele>418.000</ele></trkpt>
      <trkpt lat="22.2715549469" lon="114.2067845364"><ele>418.000</ele></trkpt>
      <trkpt lat="22.2715576833" lon="114.2067841683"><ele>418.000</ele></trkpt>
      <trkpt lat="22.2715604196" lon="114.2067839069"><ele>418.000</ele></trkpt>
      <trkpt lat="22.2715631740" lon="114.2067837522"><ele>418.000</ele></trkpt>
      <trkpt lat="22.2715659284" lon="114.2067837140"><ele>418.000</ele></trkpt>
      <trkpt lat="22.2715686827" lon="114.2067837825"><ele>416.000</ele></trkpt>
      <trkpt lat="22.2715714280" lon="114.2067839675"><ele>416.000</ele></trkpt>
      <trkpt lat="22.2715765392" lon="114.2067846089"><ele>416.000</ele></trkpt>
      <trkpt lat="22.2716474902" lon="114.2067999057"><ele>416.000</ele></trkpt>
      <trkpt lat="22.2716502445" lon="114.2068000131"><ele>416.000</ele></trkpt>
      <trkpt lat="22.2716529898" lon="114.2068001883"><ele>416.000</ele></trkpt>
      <trkpt lat="22.2716557350" lon="114.2068004314"><ele>416.000</ele></trkpt>
      <trkpt lat="22.2716584713" lon="114.2068007425"><ele>416.000</ele></trkpt>
      <trkpt lat="22.2716611985" lon="114.2068011215"><ele>416.000</ele></trkpt>
      <trkpt lat="22.2716639256" lon="114.2068015684"><ele>416.000</ele></trkpt>
      <trkpt lat="22.2716666347" lon="114.2068020832"><ele>416.000</ele></trkpt>
      <trkpt lat="22.2716693348" lon="114.2068026660"><ele>415.000</ele></trkpt>
      <trkpt lat="22.2716720168" lon="114.2068033166"><ele>415.000</ele></trkpt>
      <trkpt lat="22.2716746897" lon="114.2068040352"><ele>415.000</ele></trkpt>
      <trkpt lat="22.2716773446" lon="114.2068048119"><ele>415.000</ele></trkpt>
      <trkpt lat="22.2716799814" lon="114.2068056566"><ele>415.000</ele></trkpt>
      <trkpt lat="22.2716838733" lon="114.2068070450"><ele>415.000</ele></trkpt>
      <trkpt lat="22.2716864288" lon="114.2068081419"><ele>415.000</ele></trkpt>
      <trkpt lat="22.2716890023" lon="114.2068091806"><ele>415.000</ele></trkpt>
      <trkpt lat="22.2716916030" lon="114.2068101709"><ele>415.000</ele></trkpt>
      <trkpt lat="22.2716942127" lon="114.2068111029"><ele>415.000</ele></trkpt>
      <trkpt lat="22.2716968404" lon="114.2068119767"><ele>415.000</ele></trkpt>
      <trkpt lat="22.2716994862" lon="114.2068128020"><ele>415.000</ele></trkpt>
      <trkpt lat="22.2717021501" lon="114.2068135690"><ele>414.000</ele></trkpt>
      <trkpt lat="22.2717048231" lon="114.2068142779"><ele>414.000</ele></trkpt>
      <trkpt lat="22.2717075051" lon="114.2068149286"><ele>414.000</ele></trkpt>
      <trkpt lat="22.2717102051" lon="114.2068155210"><ele>414.000</ele></trkpt>
      <trkpt lat="22.2717129142" lon="114.2068160649"><ele>414.000</ele></trkpt>
      <trkpt lat="22.2717156233" lon="114.2068165409"><ele>414.000</ele></trkpt>
      <trkpt lat="22.2717183505" lon="114.2068169684"><ele>414.000</ele></trkpt>
      <trkpt lat="22.2717210867" lon="114.2068173280"><ele>414.000</ele></trkpt>
      <trkpt lat="22.2717238229" lon="114.2068176391"><ele>414.000</ele></trkpt>
      <trkpt lat="22.2717276609" lon="114.2068179698"><ele>414.000</ele></trkpt>
      <trkpt lat="22.2717303881" lon="114.2068183876"><ele>414.000</ele></trkpt>
      <trkpt lat="22.2717331062" lon="114.2068188733"><ele>414.000</ele></trkpt>
      <trkpt lat="22.2717358063" lon="114.2068194463"><ele>414.000</ele></trkpt>
      <trkpt lat="22.2717384883" lon="114.2068200970"><ele>414.000</ele></trkpt>
      <trkpt lat="22.2717411612" lon="114.2068208253"><ele>414.000</ele></trkpt>
      <trkpt lat="22.2717438070" lon="114.2068216311"><ele>414.000</ele></trkpt>
      <trkpt lat="22.2717464348" lon="114.2068225146"><ele>414.000</ele></trkpt>
      <trkpt lat="22.2717489208" lon="114.2068234495"><ele>414.000</ele></trkpt>
      <trkpt lat="22.2717517712" lon="114.2068265133"><ele>414.000</ele></trkpt>
      <trkpt lat="22.2717878866" lon="114.2068653317"><ele>414.000</ele></trkpt>
      <trkpt lat="22.2718532614" lon="114.2068741256"><ele>412.000</ele></trkpt>
      <trkpt lat="22.2718601299" lon="114.2068750498"><ele>412.000</ele></trkpt>
      <trkpt lat="22.2718876712" lon="114.2068528666"><ele>410.000</ele></trkpt>
      <trkpt lat="22.2718962579" lon="114.2068459495"><ele>410.000</ele></trkpt>
      <trkpt lat="22.2719323751" lon="114.2068750652"><ele>408.000</ele></trkpt>
      <trkpt lat="22.2719865590" lon="114.2068750768"><ele>408.000</ele></trkpt>
      <trkpt lat="22.2720407429" lon="114.2068750884"><ele>408.000</ele></trkpt>
      <trkpt lat="22.2720708113" lon="114.2068750948"><ele>408.000</ele></trkpt>
      <trkpt lat="22.2720711915" lon="114.2068750949"><ele>408.000</ele></trkpt>
      <trkpt lat="22.2720768654" lon="114.2068750961"><ele>408.000</ele></trkpt>
      <trkpt lat="22.2721129916" lon="114.2068556984"><ele>408.000</ele></trkpt>
      <trkpt lat="22.2721304668" lon="114.2068463158"><ele>408.000</ele></trkpt>
      <trkpt lat="22.2721305850" lon="114.2068463488"><ele>408.000</ele></trkpt>
      <trkpt lat="22.2721332670" lon="114.2068469994"><ele>408.000</ele></trkpt>
      <trkpt lat="22.2721359761" lon="114.2068475434"><ele>408.000</ele></trkpt>
      <trkpt lat="22.2721387033" lon="114.2068479806"><ele>408.000</ele></trkpt>
      <trkpt lat="22.2721414395" lon="114.2068483013"><ele>408.000</ele></trkpt>
      <trkpt lat="22.2721441848" lon="114.2068485251"><ele>408.000</ele></trkpt>
      <trkpt lat="22.2721453786" lon="114.2068485719"><ele>408.000</ele></trkpt>
      <trkpt lat="22.2721469301" lon="114.2068486324"><ele>408.000</ele></trkpt>
      <trkpt lat="22.2721592228" lon="114.2068475871"><ele>406.000</ele></trkpt>
      <trkpt lat="22.2721709555" lon="114.2068472694"><ele>406.000</ele></trkpt>
      <trkpt lat="22.2721826854" lon="114.2068469517"><ele>406.000</ele></trkpt>
      <trkpt lat="22.2721880135" lon="114.2068468103"><ele>406.000</ele></trkpt>
      <trkpt lat="22.2721942555" lon="114.2068469164"><ele>406.000</ele></trkpt>
      <trkpt lat="22.2722049613" lon="114.2068470914"><ele>405.000</ele></trkpt>
      <trkpt lat="22.2722057181" lon="114.2068471497"><ele>405.000</ele></trkpt>
      <trkpt lat="22.2722137038" lon="114.2068477812"><ele>405.000</ele></trkpt>
      <trkpt lat="22.2722186000" lon="114.2068484798"><ele>405.000</ele></trkpt>
      <trkpt lat="22.2722196710" lon="114.2068486411"><ele>405.000</ele></trkpt>
      <trkpt lat="22.2722264681" lon="114.2068501533"><ele>405.000</ele></trkpt>
      <trkpt lat="22.2722294860" lon="114.2068510369"><ele>406.000</ele></trkpt>
      <trkpt lat="22.2722340706" lon="114.2068523856"><ele>406.000</ele></trkpt>
      <trkpt lat="22.2722406562" lon="114.2068546817"><ele>406.000</ele></trkpt>
      <trkpt lat="22.2722518084" lon="114.2068585651"><ele>403.000</ele></trkpt>
      <trkpt lat="22.2722628232" lon="114.2068624097"><ele>403.000</ele></trkpt>
      <trkpt lat="22.2722742553" lon="114.2068664000"><ele>403.000</ele></trkpt>
      <trkpt lat="22.2722802504" lon="114.2068684912"><ele>403.000</ele></trkpt>
      <trkpt lat="22.2722849902" lon="114.2068704202"><ele>403.000</ele></trkpt>
      <trkpt lat="22.2722893047" lon="114.2068721802"><ele>402.000</ele></trkpt>
      <trkpt lat="22.2722955524" lon="114.2068752486"><ele>402.000</ele></trkpt>
      <trkpt lat="22.2722963913" lon="114.2068756631"><ele>402.000</ele></trkpt>
      <trkpt lat="22.2723015066" lon="114.2068787409"><ele>402.000</ele></trkpt>
      <trkpt lat="22.2723045648" lon="114.2068811876"><ele>402.000</ele></trkpt>
      <trkpt lat="22.2723054046" lon="114.2068818592"><ele>402.000</ele></trkpt>
      <trkpt lat="22.2723134520" lon="114.2068901208"><ele>402.000</ele></trkpt>
      <trkpt lat="22.2723190057" lon="114.2068958233"><ele>402.000</ele></trkpt>
      <trkpt lat="22.2723221298" lon="114.2068986815"><ele>402.000</ele></trkpt>
      <trkpt lat="22.2723240973" lon="114.2069004943"><ele>402.000</ele></trkpt>
      <trkpt lat="22.2723290815" lon="114.2069040583"><ele>402.000</ele></trkpt>
      <trkpt lat="22.2723323259" lon="114.2069057336"><ele>402.000</ele></trkpt>
      <trkpt lat="22.2723359992" lon="114.2069076371"><ele>400.000</ele></trkpt>
      <trkpt lat="22.2723429595" lon="114.2069106280"><ele>400.000</ele></trkpt>
      <trkpt lat="22.2723442743" lon="114.2069111066"><ele>400.000</ele></trkpt>
      <trkpt lat="22.2723517250" lon="114.2069138134"><ele>400.000</ele></trkpt>
      <trkpt lat="22.2723556531" lon="114.2069150183"><ele>400.000</ele></trkpt>
      <trkpt lat="22.2723669281" lon="114.2069184933"><ele>400.000</ele></trkpt>
      <trkpt lat="22.2723773407" lon="114.2069217071"><ele>400.000</ele></trkpt>
      <trkpt lat="22.2723874563" lon="114.2069248986"><ele>400.000</ele></trkpt>
      <trkpt lat="22.2723887024" lon="114.2069252676"><ele>400.000</ele></trkpt>
      <trkpt lat="22.2723913754" lon="114.2069259861"><ele>400.000</ele></trkpt>
      <trkpt lat="22.2723940573" lon="114.2069266271"><ele>400.000</ele></trkpt>
      <trkpt lat="22.2723967574" lon="114.2069272098"><ele>400.000</ele></trkpt>
      <trkpt lat="22.2723994755" lon="114.2069277150"><ele>400.000</ele></trkpt>
      <trkpt lat="22.2724021937" lon="114.2069281522"><ele>400.000</ele></trkpt>
      <trkpt lat="22.2724049299" lon="114.2069285311"><ele>400.000</ele></trkpt>
      <trkpt lat="22.2724076661" lon="114.2069288325"><ele>400.000</ele></trkpt>
      <trkpt lat="22.2724104114" lon="114.2069290757"><ele>400.000</ele></trkpt>
      <trkpt lat="22.2724131567" lon="114.2069292412"><ele>400.000</ele></trkpt>
      <trkpt lat="22.2724159110" lon="114.2069293388"><ele>400.000</ele></trkpt>
      <trkpt lat="22.2724198484" lon="114.2069293591"><ele>400.000</ele></trkpt>
      <trkpt lat="22.2724226027" lon="114.2069292432"><ele>400.000</ele></trkpt>
      <trkpt lat="22.2724253481" lon="114.2069290595"><ele>400.000</ele></trkpt>
      <trkpt lat="22.2724280934" lon="114.2069288272"><ele>400.000</ele></trkpt>
      <trkpt lat="22.2724308298" lon="114.2069285270"><ele>400.000</ele></trkpt>
      <trkpt lat="22.2724335661" lon="114.2069281686"><ele>400.000</ele></trkpt>
      <trkpt lat="22.2724362935" lon="114.2069277519"><ele>400.000</ele></trkpt>
      <trkpt lat="22.2724390118" lon="114.2069272771"><ele>400.000</ele></trkpt>
      <trkpt lat="22.2724417211" lon="114.2069267440"><ele>400.000</ele></trkpt>
      <trkpt lat="22.2724444123" lon="114.2069261430"><ele>400.000</ele></trkpt>
      <trkpt lat="22.2724471036" lon="114.2069254935"><ele>400.000</ele></trkpt>
      <trkpt lat="22.2724497768" lon="114.2069247858"><ele>400.000</ele></trkpt>
      <trkpt lat="22.2724524319" lon="114.2069240198"><ele>400.000</ele></trkpt>
      <trkpt lat="22.2724550781" lon="114.2069231957"><ele>400.000</ele></trkpt>
      <trkpt lat="22.2724577061" lon="114.2069223133"><ele>400.000</ele></trkpt>
      <trkpt lat="22.2724603162" lon="114.2069213727"><ele>400.000</ele></trkpt>
      <trkpt lat="22.2724629081" lon="114.2069203739"><ele>400.000</ele></trkpt>
      <trkpt lat="22.2724654821" lon="114.2069193265"><ele>400.000</ele></trkpt>
      <trkpt lat="22.2724680380" lon="114.2069182209"><ele>400.000</ele></trkpt>
      <trkpt lat="22.2724705667" lon="114.2069170572"><ele>400.000</ele></trkpt>
      <trkpt lat="22.2724739806" lon="114.2069153890"><ele>400.000</ele></trkpt>
      <trkpt lat="22.2725160671" lon="114.2068954977"><ele>400.000</ele></trkpt>
      <trkpt lat="22.2725212601" lon="114.2068935001"><ele>400.000</ele></trkpt>
      <trkpt lat="22.2725238521" lon="114.2068925207"><ele>400.000</ele></trkpt>
      <trkpt lat="22.2725290722" lon="114.2068906200"><ele>400.000</ele></trkpt>
      <trkpt lat="22.2725343013" lon="114.2068887776"><ele>400.000</ele></trkpt>
      <trkpt lat="22.2725369293" lon="114.2068878855"><ele>400.000</ele></trkpt>
      <trkpt lat="22.2725421855" lon="114.2068861305"><ele>400.000</ele></trkpt>
      <trkpt lat="22.2725448226" lon="114.2068852772"><ele>400.000</ele></trkpt>
      <trkpt lat="22.2725482183" lon="114.2068842009"><ele>400.000</ele></trkpt>
      <trkpt lat="22.2725509366" lon="114.2068837455"><ele>400.000</ele></trkpt>
      <trkpt lat="22.2725536549" lon="114.2068832512"><ele>400.000</ele></trkpt>
      <trkpt lat="22.2725563642" lon="114.2068827278"><ele>400.000</ele></trkpt>
      <trkpt lat="22.2725590645" lon="114.2068821657"><ele>400.000</ele></trkpt>
      <trkpt lat="22.2725617648" lon="114.2068815744"><ele>402.000</ele></trkpt>
      <trkpt lat="22.2725644560" lon="114.2068809443"><ele>402.000</ele></trkpt>
      <trkpt lat="22.2725671383" lon="114.2068802851"><ele>402.000</ele></trkpt>
      <trkpt lat="22.2725698205" lon="114.2068795870"><ele>402.000</ele></trkpt>
      <trkpt lat="22.2725724847" lon="114.2068788599"><ele>402.000</ele></trkpt>
      <trkpt lat="22.2725751488" lon="114.2068781036"><ele>402.000</ele></trkpt>
      <trkpt lat="22.2725777950" lon="114.2068773086"><ele>402.000</ele></trkpt>
      <trkpt lat="22.2725804411" lon="114.2068764747"><ele>402.000</ele></trkpt>
      <trkpt lat="22.2725830782" lon="114.2068756117"><ele>402.000</ele></trkpt>
      <trkpt lat="22.2725856973" lon="114.2068747196"><ele>402.000</ele></trkpt>
      <trkpt lat="22.2725883163" lon="114.2068737984"><ele>402.000</ele></trkpt>
      <trkpt lat="22.2725909173" lon="114.2068728384"><ele>402.000</ele></trkpt>
      <trkpt lat="22.2725935183" lon="114.2068718396"><ele>402.000</ele></trkpt>
      <trkpt lat="22.2725961013" lon="114.2068708214"><ele>402.000</ele></trkpt>
      <trkpt lat="22.2725986752" lon="114.2068697643"><ele>402.000</ele></trkpt>
      <trkpt lat="22.2726027664" lon="114.2068679993"><ele>402.000</ele></trkpt>
      <trkpt lat="22.2726052681" lon="114.2068667482"><ele>401.000</ele></trkpt>
      <trkpt lat="22.2726102355" lon="114.2068641974"><ele>401.000</ele></trkpt>
      <trkpt lat="22.2726151757" lon="114.2068615787"><ele>401.000</ele></trkpt>
      <trkpt lat="22.2726200799" lon="114.2068588921"><ele>401.000</ele></trkpt>
      <trkpt lat="22.2726249569" lon="114.2068561376"><ele>401.000</ele></trkpt>
      <trkpt lat="22.2726273774" lon="114.2068547409"><ele>401.000</ele></trkpt>
      <trkpt lat="22.2726322093" lon="114.2068518893"><ele>401.000</ele></trkpt>
      <trkpt lat="22.2726346117" lon="114.2068504344"><ele>402.000</ele></trkpt>
      <trkpt lat="22.2726393805" lon="114.2068474858"><ele>402.000</ele></trkpt>
      <trkpt lat="22.2726417558" lon="114.2068459824"><ele>402.000</ele></trkpt>
      <trkpt lat="22.2726464794" lon="114.2068429367"><ele>402.000</ele></trkpt>
      <trkpt lat="22.2726488638" lon="114.2068413654"><ele>402.000</ele></trkpt>
      <trkpt lat="22.2726509141" lon="114.2068393768"><ele>400.000</ele></trkpt>
      <trkpt lat="22.2726530005" lon="114.2068374464"><ele>400.000</ele></trkpt>
      <trkpt lat="22.2726551321" lon="114.2068355645"><ele>400.000</ele></trkpt>
      <trkpt lat="22.2726572998" lon="114.2068337506"><ele>400.000</ele></trkpt>
      <trkpt lat="22.2726595217" lon="114.2068319948"><ele>400.000</ele></trkpt>
      <trkpt lat="22.2726617706" lon="114.2068302973"><ele>400.000</ele></trkpt>
      <trkpt lat="22.2726640647" lon="114.2068286581"><ele>400.000</ele></trkpt>
      <trkpt lat="22.2726664039" lon="114.2068270770"><ele>400.000</ele></trkpt>
      <trkpt lat="22.2726687702" lon="114.2068255639"><ele>400.000</ele></trkpt>
      <trkpt lat="22.2726711636" lon="114.2068241187"><ele>400.000</ele></trkpt>
      <trkpt lat="22.2726736021" lon="114.2068227317"><ele>400.000</ele></trkpt>
      <trkpt lat="22.2726760678" lon="114.2068214127"><ele>400.000</ele></trkpt>
      <trkpt lat="22.2726785604" lon="114.2068201616"><ele>400.000</ele></trkpt>
      <trkpt lat="22.2726828684" lon="114.2068181831"><ele>400.000</ele></trkpt>
      <trkpt lat="22.2727003447" lon="114.2068076982"><ele>400.000</ele></trkpt>
      <trkpt lat="22.2727069651" lon="114.2068023728"><ele>400.000</ele></trkpt>
      <trkpt lat="22.2727136036" lon="114.2067970765"><ele>400.000</ele></trkpt>
      <trkpt lat="22.2727202602" lon="114.2067918190"><ele>400.000</ele></trkpt>
      <trkpt lat="22.2727274679" lon="114.2067846017"><ele>400.000</ele></trkpt>
      <trkpt lat="22.2728311739" lon="114.2066973767"><ele>398.000</ele></trkpt>
      <trkpt lat="22.2728742386" lon="114.2066614856"><ele>398.000</ele></trkpt>
      <trkpt lat="22.2729577020" lon="114.2066002692"><ele>398.000</ele></trkpt>
      <trkpt lat="22.2729582439" lon="114.2065998715"><ele>398.000</ele></trkpt>
      <trkpt lat="22.2729577020" lon="114.2066002692"><ele>398.000</ele></trkpt>
      <trkpt lat="22.2729716664" lon="114.2065837677"><ele>398.000</ele></trkpt>
      <trkpt lat="22.2729734910" lon="114.2065815462"><ele>398.000</ele></trkpt>
      <trkpt lat="22.2729753788" lon="114.2065793926"><ele>398.000</ele></trkpt>
      <trkpt lat="22.2729773389" lon="114.2065773166"><ele>398.000</ele></trkpt>
      <trkpt lat="22.2729793711" lon="114.2065753183"><ele>398.000</ele></trkpt>
      <trkpt lat="22.2729814666" lon="114.2065733976"><ele>398.000</ele></trkpt>
      <trkpt lat="22.2729836252" lon="114.2065715545"><ele>398.000</ele></trkpt>
      <trkpt lat="22.2729858471" lon="114.2065697988"><ele>398.000</ele></trkpt>
      <trkpt lat="22.2729881141" lon="114.2065681304"><ele>398.000</ele></trkpt>
      <trkpt lat="22.2729904443" lon="114.2065665590"><ele>398.000</ele></trkpt>
      <trkpt lat="22.2729928287" lon="114.2065650653"><ele>398.000</ele></trkpt>
      <trkpt lat="22.2729952582" lon="114.2065636686"><ele>398.000</ele></trkpt>
      <trkpt lat="22.2729977328" lon="114.2065623690"><ele>398.000</ele></trkpt>
      <trkpt lat="22.2730002435" lon="114.2065611663"><ele>398.000</ele></trkpt>
      <trkpt lat="22.2730027994" lon="114.2065600608"><ele>398.000</ele></trkpt>
      <trkpt lat="22.2730053914" lon="114.2065590522"><ele>398.000</ele></trkpt>
      <trkpt lat="22.2730080104" lon="114.2065581504"><ele>398.000</ele></trkpt>
      <trkpt lat="22.2730129414" lon="114.2065567349"><ele>398.000</ele></trkpt>
      <trkpt lat="22.2731191067" lon="114.2065016747"><ele>398.000</ele></trkpt>
      <trkpt lat="22.2731203984" lon="114.2064998799"><ele>398.000</ele></trkpt>
      <trkpt lat="22.2731224126" lon="114.2064978622"><ele>398.000</ele></trkpt>
      <trkpt lat="22.2731244630" lon="114.2064958735"><ele>398.000</ele></trkpt>
      <trkpt lat="22.2731265404" lon="114.2064939334"><ele>398.000</ele></trkpt>
      <trkpt lat="22.2731286539" lon="114.2064920418"><ele>398.000</ele></trkpt>
      <trkpt lat="22.2731308035" lon="114.2064901793"><ele>398.000</ele></trkpt>
      <trkpt lat="22.2731329802" lon="114.2064883654"><ele>398.000</ele></trkpt>
      <trkpt lat="22.2731351840" lon="114.2064865999"><ele>398.000</ele></trkpt>
      <trkpt lat="22.2731374239" lon="114.2064848733"><ele>398.000</ele></trkpt>
      <trkpt lat="22.2731396819" lon="114.2064831855"><ele>398.000</ele></trkpt>
      <trkpt lat="22.2731419760" lon="114.2064815462"><ele>398.000</ele></trkpt>
      <trkpt lat="22.2731442972" lon="114.2064799555"><ele>398.000</ele></trkpt>
      <trkpt lat="22.2731466815" lon="114.2064783841"><ele>398.000</ele></trkpt>
      <trkpt lat="22.2731491652" lon="114.2064771136"><ele>398.000</ele></trkpt>
      <trkpt lat="22.2731516759" lon="114.2064758916"><ele>398.000</ele></trkpt>
      <trkpt lat="22.2731542047" lon="114.2064747278"><ele>398.000</ele></trkpt>
      <trkpt lat="22.2731567606" lon="114.2064736125"><ele>398.000</ele></trkpt>
      <trkpt lat="22.2731593255" lon="114.2064725457"><ele>398.000</ele></trkpt>
      <trkpt lat="22.2731619175" lon="114.2064715372"><ele>398.000</ele></trkpt>
      <trkpt lat="22.2731645185" lon="114.2064705771"><ele>398.000</ele></trkpt>
      <trkpt lat="22.2731671466" lon="114.2064696753"><ele>398.000</ele></trkpt>
      <trkpt lat="22.2731697837" lon="114.2064688220"><ele>398.000</ele></trkpt>
      <trkpt lat="22.2731724298" lon="114.2064680270"><ele>398.000</ele></trkpt>
      <trkpt lat="22.2731750940" lon="114.2064672901"><ele>398.000</ele></trkpt>
      <trkpt lat="22.2731777762" lon="114.2064666018"><ele>398.000</ele></trkpt>
      <trkpt lat="22.2731804675" lon="114.2064659620"><ele>398.000</ele></trkpt>
      <trkpt lat="22.2732039661" lon="114.2064611349"><ele>398.000</ele></trkpt>
      <trkpt lat="22.2732067024" lon="114.2064608250"><ele>398.000</ele></trkpt>
      <trkpt lat="22.2732094207" lon="114.2064603793"><ele>398.000</ele></trkpt>
      <trkpt lat="22.2732121210" lon="114.2064598074"><ele>398.000</ele></trkpt>
      <trkpt lat="22.2732148032" lon="114.2064591093"><ele>398.000</ele></trkpt>
      <trkpt lat="22.2732174493" lon="114.2064582852"><ele>398.000</ele></trkpt>
      <trkpt lat="22.2732200503" lon="114.2064573445"><ele>398.000</ele></trkpt>
      <trkpt lat="22.2732226243" lon="114.2064562778"><ele>398.000</ele></trkpt>
      <trkpt lat="22.2732251440" lon="114.2064550849"><ele>398.000</ele></trkpt>
      <trkpt lat="22.2732290547" lon="114.2064529608"><ele>398.000</ele></trkpt>
      <trkpt lat="22.2732315293" lon="114.2064516514"><ele>398.000</ele></trkpt>
      <trkpt lat="22.2732340220" lon="114.2064504100"><ele>398.000</ele></trkpt>
      <trkpt lat="22.2732365508" lon="114.2064492171"><ele>398.000</ele></trkpt>
      <trkpt lat="22.2732390977" lon="114.2064481018"><ele>398.000</ele></trkpt>
      <trkpt lat="22.2732416626" lon="114.2064470350"><ele>398.000</ele></trkpt>
      <trkpt lat="22.2732442545" lon="114.2064460362"><ele>398.000</ele></trkpt>
      <trkpt lat="22.2732468736" lon="114.2064451053"><ele>398.000</ele></trkpt>
      <trkpt lat="22.2732495017" lon="114.2064442326"><ele>398.000</ele></trkpt>
      <trkpt lat="22.2732521478" lon="114.2064434181"><ele>398.000</ele></trkpt>
      <trkpt lat="22.2732548120" lon="114.2064426813"><ele>398.000</ele></trkpt>
      <trkpt lat="22.2732574942" lon="114.2064420026"><ele>398.000</ele></trkpt>
      <trkpt lat="22.2732601854" lon="114.2064413822"><ele>398.000</ele></trkpt>
      <trkpt lat="22.2732628947" lon="114.2064408394"><ele>398.000</ele></trkpt>
      <trkpt lat="22.2732656130" lon="114.2064403549"><ele>398.000</ele></trkpt>
      <trkpt lat="22.2732683404" lon="114.2064399382"><ele>398.000</ele></trkpt>
      <trkpt lat="22.2732721785" lon="114.2064394636"><ele>398.000</ele></trkpt>
      <trkpt lat="22.2732749328" lon="114.2064394739"><ele>398.000</ele></trkpt>
      <trkpt lat="22.2732776872" lon="114.2064394453"><ele>398.000</ele></trkpt>
      <trkpt lat="22.2732804415" lon="114.2064393683"><ele>398.000</ele></trkpt>
      <trkpt lat="22.2732831869" lon="114.2064392525"><ele>398.000</ele></trkpt>
      <trkpt lat="22.2732859413" lon="114.2064390978"><ele>398.000</ele></trkpt>
      <trkpt lat="22.2732886866" lon="114.2064389043"><ele>398.000</ele></trkpt>
      <trkpt lat="22.2732914320" lon="114.2064386623"><ele>398.000</ele></trkpt>
      <trkpt lat="22.2732941683" lon="114.2064383912"><ele>398.000</ele></trkpt>
      <trkpt lat="22.2732969137" lon="114.2064380716"><ele>398.000</ele></trkpt>
      <trkpt lat="22.2732996410" lon="114.2064377132"><ele>398.000</ele></trkpt>
      <trkpt lat="22.2733023683" lon="114.2064373159"><ele>398.000</ele></trkpt>
      <trkpt lat="22.2733050957" lon="114.2064368702"><ele>398.000</ele></trkpt>
      <trkpt lat="22.2733078140" lon="114.2064363856"><ele>398.000</ele></trkpt>
      <trkpt lat="22.2733105233" lon="114.2064358719"><ele>398.000</ele></trkpt>
      <trkpt lat="22.2733132235" lon="114.2064353097"><ele>398.000</ele></trkpt>
      <trkpt lat="22.2733159238" lon="114.2064347087"><ele>398.000</ele></trkpt>
      <trkpt lat="22.2733186060" lon="114.2064340592"><ele>398.000</ele></trkpt>
      <trkpt lat="22.2733212882" lon="114.2064333806"><ele>398.000</ele></trkpt>
      <trkpt lat="22.2733239614" lon="114.2064326631"><ele>398.000</ele></trkpt>
      <trkpt lat="22.2733266166" lon="114.2064318972"><ele>398.000</ele></trkpt>
      <trkpt lat="22.2733300755" lon="114.2064308403"><ele>398.000</ele></trkpt>
      <trkpt lat="22.2733734251" lon="114.2064171006"><ele>396.000</ele></trkpt>
      <trkpt lat="22.2733760622" lon="114.2064162376"><ele>396.000</ele></trkpt>
      <trkpt lat="22.2733787083" lon="114.2064154425"><ele>396.000</ele></trkpt>
      <trkpt lat="22.2733813816" lon="114.2064147057"><ele>396.000</ele></trkpt>
      <trkpt lat="22.2733840638" lon="114.2064140464"><ele>398.000</ele></trkpt>
      <trkpt lat="22.2733867550" lon="114.2064134454"><ele>398.000</ele></trkpt>
      <trkpt lat="22.2733894643" lon="114.2064129123"><ele>398.000</ele></trkpt>
      <trkpt lat="22.2733921826" lon="114.2064124472"><ele>398.000</ele></trkpt>
      <trkpt lat="22.2733949099" lon="114.2064120402"><ele>398.000</ele></trkpt>
      <trkpt lat="22.2733976463" lon="114.2064117109"><ele>398.000</ele></trkpt>
      <trkpt lat="22.2734003917" lon="114.2064114398"><ele>398.000</ele></trkpt>
      <trkpt lat="22.2734031370" lon="114.2064112366"><ele>398.000</ele></trkpt>
      <trkpt lat="22.2734058914" lon="114.2064111014"><ele>398.000</ele></trkpt>
      <trkpt lat="22.2734086367" lon="114.2064110340"><ele>398.000</ele></trkpt>
      <trkpt lat="22.2734113911" lon="114.2064110346"><ele>398.000</ele></trkpt>
      <trkpt lat="22.2734141454" lon="114.2064111031"><ele>398.000</ele></trkpt>
      <trkpt lat="22.2734168997" lon="114.2064112395"><ele>398.000</ele></trkpt>
      <trkpt lat="22.2734196450" lon="114.2064114439"><ele>396.000</ele></trkpt>
      <trkpt lat="22.2734235823" lon="114.2064118522"><ele>396.000</ele></trkpt>
      <trkpt lat="22.2734587202" lon="114.2064135770"><ele>396.000</ele></trkpt>
      <trkpt lat="22.2734614564" lon="114.2064138784"><ele>396.000</ele></trkpt>
      <trkpt lat="22.2734642017" lon="114.2064140633"><ele>396.000</ele></trkpt>
      <trkpt lat="22.2734669560" lon="114.2064141221"><ele>396.000</ele></trkpt>
      <trkpt lat="22.2734697104" lon="114.2064140644"><ele>396.000</ele></trkpt>
      <trkpt lat="22.2734724558" lon="114.2064138904"><ele>396.000</ele></trkpt>
      <trkpt lat="22.2734752011" lon="114.2064135999"><ele>396.000</ele></trkpt>
      <trkpt lat="22.2734779285" lon="114.2064131929"><ele>396.000</ele></trkpt>
      <trkpt lat="22.2734806377" lon="114.2064126695"><ele>396.000</ele></trkpt>
      <trkpt lat="22.2734833200" lon="114.2064120297"><ele>396.000</ele></trkpt>
      <trkpt lat="22.2734859841" lon="114.2064112735"><ele>396.000</ele></trkpt>
      <trkpt lat="22.2734886122" lon="114.2064104008"><ele>396.000</ele></trkpt>
      <trkpt lat="22.2734912132" lon="114.2064094213"><ele>396.000</ele></trkpt>
      <trkpt lat="22.2734937691" lon="114.2064083254"><ele>396.000</ele></trkpt>
      <trkpt lat="22.2734962889" lon="114.2064071228"><ele>396.000</ele></trkpt>
      <trkpt lat="22.2734987545" lon="114.2064058135"><ele>396.000</ele></trkpt>
      <trkpt lat="22.2735011749" lon="114.2064043974"><ele>396.000</ele></trkpt>
      <trkpt lat="22.2735055373" lon="114.2064014874"><ele>396.000</ele></trkpt>
      <trkpt lat="22.2735101706" lon="114.2063982865"><ele>396.000</ele></trkpt>
      <trkpt lat="22.2735148400" lon="114.2063951535"><ele>396.000</ele></trkpt>
      <trkpt lat="22.2735195545" lon="114.2063920787"><ele>396.000</ele></trkpt>
      <trkpt lat="22.2735242962" lon="114.2063890718"><ele>396.000</ele></trkpt>
      <trkpt lat="22.2735290739" lon="114.2063861329"><ele>396.000</ele></trkpt>
      <trkpt lat="22.2735329937" lon="114.2063835624"><ele>396.000</ele></trkpt>
      <trkpt lat="22.2735334994" lon="114.2063834849"><ele>396.000</ele></trkpt>
      <trkpt lat="22.2735588853" lon="114.2063794636"><ele>396.000</ele></trkpt>
      <trkpt lat="22.2735762150" lon="114.2063799524"><ele>396.000</ele></trkpt>
      <trkpt lat="22.2735880820" lon="114.2063760640"><ele>396.000</ele></trkpt>
      <trkpt lat="22.2736115646" lon="114.2063597683"><ele>396.000</ele></trkpt>
      <trkpt lat="22.2736374074" lon="114.2063260370"><ele>396.000</ele></trkpt>
      <trkpt lat="22.2736599595" lon="114.2063120891"><ele>396.000</ele></trkpt>
      <trkpt lat="22.2736624070" lon="114.2063107506"><ele>396.000</ele></trkpt>
      <trkpt lat="22.2736648004" lon="114.2063092763"><ele>396.000</ele></trkpt>
      <trkpt lat="22.2736671306" lon="114.2063076952"><ele>396.000</ele></trkpt>
      <trkpt lat="22.2736693886" lon="114.2063059977"><ele>396.000</ele></trkpt>
      <trkpt lat="22.2736715653" lon="114.2063041935"><ele>396.000</ele></trkpt>
      <trkpt lat="22.2736736607" lon="114.2063022727"><ele>396.000</ele></trkpt>
      <trkpt lat="22.2736756749" lon="114.2063002550"><ele>396.000</ele></trkpt>
      <trkpt lat="22.2736775989" lon="114.2062981305"><ele>396.000</ele></trkpt>
      <trkpt lat="22.2736794325" lon="114.2062959186"><ele>396.000</ele></trkpt>
      <trkpt lat="22.2736811668" lon="114.2062936194"><ele>396.000</ele></trkpt>
      <trkpt lat="22.2736828018" lon="114.2062912329"><ele>396.000</ele></trkpt>
      <trkpt lat="22.2736849878" lon="114.2062876142"><ele>396.000</ele></trkpt>
      <trkpt lat="22.2736866318" lon="114.2062852470"><ele>396.000</ele></trkpt>
      <trkpt lat="22.2736884564" lon="114.2062830255"><ele>396.000</ele></trkpt>
      <trkpt lat="22.2736904435" lon="114.2062809786"><ele>394.000</ele></trkpt>
      <trkpt lat="22.2736925841" lon="114.2062791161"><ele>394.000</ele></trkpt>
      <trkpt lat="22.2736948602" lon="114.2062774477"><ele>394.000</ele></trkpt>
      <trkpt lat="22.2736972536" lon="114.2062759928"><ele>394.000</ele></trkpt>
      <trkpt lat="22.2736997553" lon="114.2062747610"><ele>394.000</ele></trkpt>
      <trkpt lat="22.2737023472" lon="114.2062737525"><ele>394.000</ele></trkpt>
      <trkpt lat="22.2737050024" lon="114.2062729768"><ele>394.000</ele></trkpt>
      <trkpt lat="22.2737088044" lon="114.2062723081"><ele>394.000</ele></trkpt>
      <trkpt lat="22.2737115588" lon="114.2062722699"><ele>394.000</ele></trkpt>
      <trkpt lat="22.2737142590" lon="114.2062717465"><ele>394.000</ele></trkpt>
      <trkpt lat="22.2737168510" lon="114.2062707574"><ele>394.000</ele></trkpt>
      <trkpt lat="22.2737192624" lon="114.2062693218"><ele>394.000</ele></trkpt>
      <trkpt lat="22.2737214121" lon="114.2062674885"><ele>394.000</ele></trkpt>
      <trkpt lat="22.2737232547" lon="114.2062652960"><ele>394.000</ele></trkpt>
      <trkpt lat="22.2737247452" lon="114.2062628027"><ele>394.000</ele></trkpt>
      <trkpt lat="22.2737258294" lon="114.2062600861"><ele>394.000</ele></trkpt>
      <trkpt lat="22.2737266339" lon="114.2062558850"><ele>394.000</ele></trkpt>
      <trkpt lat="22.2737273298" lon="114.2062530228"><ele>394.000</ele></trkpt>
      <trkpt lat="22.2737282063" lon="114.2062502092"><ele>394.000</ele></trkpt>
      <trkpt lat="22.2737292453" lon="114.2062474732"><ele>394.000</ele></trkpt>
      <trkpt lat="22.2737304559" lon="114.2062448149"><ele>394.000</ele></trkpt>
      <trkpt lat="22.2737318290" lon="114.2062422439"><ele>394.000</ele></trkpt>
      <trkpt lat="22.2737333556" lon="114.2062397797"><ele>394.000</ele></trkpt>
      <trkpt lat="22.2737350357" lon="114.2062374320"><ele>393.000</ele></trkpt>
      <trkpt lat="22.2737368513" lon="114.2062352104"><ele>393.000</ele></trkpt>
      <trkpt lat="22.2737388023" lon="114.2062331247"><ele>393.000</ele></trkpt>
      <trkpt lat="22.2737408797" lon="114.2062311749"><ele>393.000</ele></trkpt>
      <trkpt lat="22.2737430745" lon="114.2062293900"><ele>393.000</ele></trkpt>
      <trkpt lat="22.2737453685" lon="114.2062277604"><ele>393.000</ele></trkpt>
      <trkpt lat="22.2737477619" lon="114.2062262958"><ele>393.000</ele></trkpt>
      <trkpt lat="22.2737502456" lon="114.2062250059"><ele>393.000</ele></trkpt>
      <trkpt lat="22.2737547341" lon="114.2062232021"><ele>393.000</ele></trkpt>
      <trkpt lat="22.2737574705" lon="114.2062228728"><ele>393.000</ele></trkpt>
      <trkpt lat="22.2737601888" lon="114.2062224076"><ele>393.000</ele></trkpt>
      <trkpt lat="22.2737628891" lon="114.2062218260"><ele>393.000</ele></trkpt>
      <trkpt lat="22.2737655623" lon="114.2062211182"><ele>393.000</ele></trkpt>
      <trkpt lat="22.2737681994" lon="114.2062202843"><ele>392.000</ele></trkpt>
      <trkpt lat="22.2737708094" lon="114.2062193340"><ele>392.000</ele></trkpt>
      <trkpt lat="22.2737733743" lon="114.2062182575"><ele>392.000</ele></trkpt>
      <trkpt lat="22.2737758941" lon="114.2062170646"><ele>392.000</ele></trkpt>
      <trkpt lat="22.2737783597" lon="114.2062157552"><ele>392.000</ele></trkpt>
      <trkpt lat="22.2737807711" lon="114.2062143294"><ele>391.000</ele></trkpt>
      <trkpt lat="22.2737831284" lon="114.2062127969"><ele>391.000</ele></trkpt>
      <trkpt lat="22.2737854225" lon="114.2062111576"><ele>391.000</ele></trkpt>
      <trkpt lat="22.2737876443" lon="114.2062094115"><ele>391.000</ele></trkpt>
      <trkpt lat="22.2737897939" lon="114.2062075588"><ele>391.000</ele></trkpt>
      <trkpt lat="22.2737918713" lon="114.2062056089"><ele>391.000</ele></trkpt>
      <trkpt lat="22.2737951952" lon="114.2062021069"><ele>391.000</ele></trkpt>
      <trkpt lat="22.2737970740" lon="114.2061999436"><ele>391.000</ele></trkpt>
      <trkpt lat="22.2737989889" lon="114.2061978190"><ele>391.000</ele></trkpt>
      <trkpt lat="22.2738009489" lon="114.2061957333"><ele>391.000</ele></trkpt>
      <trkpt lat="22.2738029451" lon="114.2061936962"><ele>391.000</ele></trkpt>
      <trkpt lat="22.2738049863" lon="114.2061917075"><ele>391.000</ele></trkpt>
      <trkpt lat="22.2738070547" lon="114.2061897577"><ele>391.000</ele></trkpt>
      <trkpt lat="22.2738091682" lon="114.2061878564"><ele>391.000</ele></trkpt>
      <trkpt lat="22.2738113179" lon="114.2061860036"><ele>391.000</ele></trkpt>
      <trkpt lat="22.2738134946" lon="114.2061841993"><ele>391.000</ele></trkpt>
      <trkpt lat="22.2738157074" lon="114.2061824339"><ele>391.000</ele></trkpt>
      <trkpt lat="22.2738179563" lon="114.2061807266"><ele>391.000</ele></trkpt>
      <trkpt lat="22.2738202414" lon="114.2061790679"><ele>391.000</ele></trkpt>
      <trkpt lat="22.2738225535" lon="114.2061774674"><ele>391.000</ele></trkpt>
      <trkpt lat="22.2738249018" lon="114.2061759058"><ele>390.000</ele></trkpt>
      <trkpt lat="22.2738272681" lon="114.2061744023"><ele>390.000</ele></trkpt>
      <trkpt lat="22.2738309078" lon="114.2061722297"><ele>390.000</ele></trkpt>
      <trkpt lat="22.2738332290" lon="114.2061706389"><ele>390.000</ele></trkpt>
      <trkpt lat="22.2738356133" lon="114.2061691452"><ele>390.000</ele></trkpt>
      <trkpt lat="22.2738380519" lon="114.2061677776"><ele>390.000</ele></trkpt>
      <trkpt lat="22.2738405445" lon="114.2061665167"><ele>390.000</ele></trkpt>
      <trkpt lat="22.2738430824" lon="114.2061653723"><ele>390.000</ele></trkpt>
      <trkpt lat="22.2738470019" lon="114.2061641409"><ele>390.000</ele></trkpt>
      <trkpt lat="22.2738502802" lon="114.2061631034"><ele>390.000</ele></trkpt>
      <trkpt lat="22.2738699045" lon="114.2061593525"><ele>390.000</ele></trkpt>
      <trkpt lat="22.2738818162" lon="114.2061574144"><ele>390.000</ele></trkpt>
      <trkpt lat="22.2738991198" lon="114.2061528674"><ele>390.000</ele></trkpt>
      <trkpt lat="22.2739063994" lon="114.2061479495"><ele>390.000</ele></trkpt>
      <trkpt lat="22.2739126130" lon="114.2061447877"><ele>390.000</ele></trkpt>
      <trkpt lat="22.2739191065" lon="114.2061423634"><ele>388.000</ele></trkpt>
      <trkpt lat="22.2739258075" lon="114.2061406862"><ele>388.000</ele></trkpt>
      <trkpt lat="22.2739326258" lon="114.2061397852"><ele>388.000</ele></trkpt>
      <trkpt lat="22.2739360665" lon="114.2061396307"><ele>388.000</ele></trkpt>
      <trkpt lat="22.2739429388" lon="114.2061399038"><ele>388.000</ele></trkpt>
      <trkpt lat="22.2739497387" lon="114.2061409628"><ele>388.000</ele></trkpt>
      <trkpt lat="22.2739530889" lon="114.2061417883"><ele>388.000</ele></trkpt>
      <trkpt lat="22.2739759997" lon="114.2061412497"><ele>388.000</ele></trkpt>
      <trkpt lat="22.2739965628" lon="114.2061394978"><ele>388.000</ele></trkpt>
      <trkpt lat="22.2740238552" lon="114.2061295483"><ele>388.000</ele></trkpt>
      <trkpt lat="22.2740341158" lon="114.2061248252"><ele>388.000</ele></trkpt>
      <trkpt lat="22.2740357207" lon="114.2061242259"><ele>388.000</ele></trkpt>
      <trkpt lat="22.2740468164" lon="114.2061200958"><ele>386.000</ele></trkpt>
      <trkpt lat="22.2740579122" lon="114.2061159724"><ele>386.000</ele></trkpt>
      <trkpt lat="22.2740600996" lon="114.2061151511"><ele>386.000</ele></trkpt>
      <trkpt lat="22.2740690235" lon="114.2061110544"><ele>386.000</ele></trkpt>
      <trkpt lat="22.2740736584" lon="114.2061089237"><ele>386.000</ele></trkpt>
      <trkpt lat="22.2740802578" lon="114.2061051002"><ele>386.000</ele></trkpt>
      <trkpt lat="22.2740864825" lon="114.2061007973"><ele>386.000</ele></trkpt>
      <trkpt lat="22.2740899869" lon="114.2060980628"><ele>386.000</ele></trkpt>
      <trkpt lat="22.2740946564" lon="114.2060944223"><ele>386.000</ele></trkpt>
      <trkpt lat="22.2740994858" lon="114.2060902336"><ele>384.000</ele></trkpt>
      <trkpt lat="22.2741025721" lon="114.2060875563"><ele>384.000</ele></trkpt>
      <trkpt lat="22.2741085659" lon="114.2060818455"><ele>384.000</ele></trkpt>
      <trkpt lat="22.2741115962" lon="114.2060789498"><ele>384.000</ele></trkpt>
      <trkpt lat="22.2741172558" lon="114.2060730274"><ele>382.000</ele></trkpt>
      <trkpt lat="22.2741209013" lon="114.2060692208"><ele>382.000</ele></trkpt>
      <trkpt lat="22.2741255765" lon="114.2060639444"><ele>382.000</ele></trkpt>
      <trkpt lat="22.2741304251" lon="114.2060584623"><ele>382.000</ele></trkpt>
      <trkpt lat="22.2741334800" lon="114.2060547671"><ele>382.000</ele></trkpt>
      <trkpt lat="22.2741401650" lon="114.2060466957"><ele>382.000</ele></trkpt>
      <trkpt lat="22.2741413628" lon="114.2060449184"><ele>381.000</ele></trkpt>
      <trkpt lat="22.2741420619" lon="114.2060438755"><ele>381.000</ele></trkpt>
      <trkpt lat="22.2741439690" lon="114.2060397561"><ele>381.000</ele></trkpt>
      <trkpt lat="22.2741453570" lon="114.2060349176"><ele>381.000</ele></trkpt>
      <trkpt lat="22.2741481086" lon="114.2060253240"><ele>380.000</ele></trkpt>
      <trkpt lat="22.2741487256" lon="114.2060237745"><ele>380.000</ele></trkpt>
      <trkpt lat="22.2741493210" lon="114.2060223115"><ele>380.000</ele></trkpt>
      <trkpt lat="22.2741503680" lon="114.2060204701"><ele>380.000</ele></trkpt>
      <trkpt lat="22.2741550000" lon="114.2060147212"><ele>380.000</ele></trkpt>
      <trkpt lat="22.2741626678" lon="114.2060052149"><ele>380.000</ele></trkpt>
      <trkpt lat="22.2741699156" lon="114.2059962267"><ele>380.000</ele></trkpt>
      <trkpt lat="22.2741707683" lon="114.2059951635"><ele>380.000</ele></trkpt>
      <trkpt lat="22.2741779491" lon="114.2059868642"><ele>380.000</ele></trkpt>
      <trkpt lat="22.2741859375" lon="114.2059776249"><ele>378.000</ele></trkpt>
      <trkpt lat="22.2741874107" lon="114.2059759136"><ele>378.000</ele></trkpt>
      <trkpt lat="22.2741941605" lon="114.2059689047"><ele>378.000</ele></trkpt>
      <trkpt lat="22.2742029318" lon="114.2059598004"><ele>378.000</ele></trkpt>
      <trkpt lat="22.2742102650" lon="114.2059529235"><ele>378.000</ele></trkpt>
      <trkpt lat="22.2742122223" lon="114.2059512250"><ele>378.000</ele></trkpt>
      <trkpt lat="22.2742178077" lon="114.2059463834"><ele>378.000</ele></trkpt>
      <trkpt lat="22.2742213880" lon="114.2059435539"><ele>378.000</ele></trkpt>
      <trkpt lat="22.2742255824" lon="114.2059402354"><ele>378.000</ele></trkpt>
      <trkpt lat="22.2742308200" lon="114.2059363835"><ele>378.000</ele></trkpt>
      <trkpt lat="22.2742358687" lon="114.2059326790"><ele>378.000</ele></trkpt>
      <trkpt lat="22.2742413320" lon="114.2059290377"><ele>379.000</ele></trkpt>
      <trkpt lat="22.2742513130" lon="114.2059223933"><ele>379.000</ele></trkpt>
      <trkpt lat="22.2742544633" lon="114.2059202913"><ele>379.000</ele></trkpt>
      <trkpt lat="22.2742612848" lon="114.2059162370"><ele>379.000</ele></trkpt>
      <trkpt lat="22.2742640232" lon="114.2059146103"><ele>379.000</ele></trkpt>
      <trkpt lat="22.2742729364" lon="114.2059097617"><ele>379.000</ele></trkpt>
      <trkpt lat="22.2742819570" lon="114.2059053139"><ele>380.000</ele></trkpt>
      <trkpt lat="22.2742832729" lon="114.2059047397"><ele>380.000</ele></trkpt>
      <trkpt lat="22.2742902144" lon="114.2059016828"><ele>380.000</ele></trkpt>
      <trkpt lat="22.2742938549" lon="114.2059002825"><ele>380.000</ele></trkpt>
      <trkpt lat="22.2742985024" lon="114.2058984855"><ele>380.000</ele></trkpt>
      <trkpt lat="22.2743048305" lon="114.2058963959"><ele>380.000</ele></trkpt>
      <trkpt lat="22.2743067786" lon="114.2058957559"><ele>380.000</ele></trkpt>
      <trkpt lat="22.2743158683" lon="114.2058933573"><ele>380.000</ele></trkpt>
      <trkpt lat="22.2743215560" lon="114.2058923299"><ele>382.000</ele></trkpt>
      <trkpt lat="22.2743273484" lon="114.2058917703"><ele>382.000</ele></trkpt>
      <trkpt lat="22.2743281620" lon="114.2058917540"><ele>382.000</ele></trkpt>
      <trkpt lat="22.2743332942" lon="114.2058916231"><ele>382.000</ele></trkpt>
      <trkpt lat="22.2743402233" lon="114.2058919049"><ele>382.000</ele></trkpt>
      <trkpt lat="22.2743472292" lon="114.2058925914"><ele>382.000</ele></trkpt>
      <trkpt lat="22.2743523467" lon="114.2058934250"><ele>382.000</ele></trkpt>
      <trkpt lat="22.2743625393" lon="114.2058950892"><ele>382.000</ele></trkpt>
      <trkpt lat="22.2743636130" lon="114.2058953193"><ele>382.000</ele></trkpt>
      <trkpt lat="22.2743751158" lon="114.2058977959"><ele>382.000</ele></trkpt>
      <trkpt lat="22.2743866312" lon="114.2059002832"><ele>382.000</ele></trkpt>
      <trkpt lat="22.2743905756" lon="114.2059011272"><ele>382.000</ele></trkpt>
      <trkpt lat="22.2743981394" lon="114.2059027676"><ele>382.000</ele></trkpt>
      <trkpt lat="22.2744019213" lon="114.2059035854"><ele>382.000</ele></trkpt>
      <trkpt lat="22.2744092890" lon="114.2059056856"><ele>382.000</ele></trkpt>
      <trkpt lat="22.2744130050" lon="114.2059067401"><ele>384.000</ele></trkpt>
      <trkpt lat="22.2744206579" lon="114.2059094003"><ele>384.000</ele></trkpt>
      <trkpt lat="22.2744320088" lon="114.2059133420"><ele>384.000</ele></trkpt>
      <trkpt lat="22.2744429884" lon="114.2059171575"><ele>384.000</ele></trkpt>
      <trkpt lat="22.2744537333" lon="114.2059208953"><ele>384.000</ele></trkpt>
      <trkpt lat="22.2744530467" lon="114.2059225883"><ele>384.000</ele></trkpt>
      <trkpt lat="22.2744532092" lon="114.2059226369"><ele>384.000</ele></trkpt>
      <trkpt lat="22.2744796406" lon="114.2059301815"><ele>383.000</ele></trkpt>
      <trkpt lat="22.2744994256" lon="114.2059364730"><ele>383.000</ele></trkpt>
      <trkpt lat="22.2745425442" lon="114.2059517154"><ele>384.000</ele></trkpt>
      <trkpt lat="22.2745610651" lon="114.2059570753"><ele>384.000</ele></trkpt>
      <trkpt lat="22.2745841458" lon="114.2059659388"><ele>384.000</ele></trkpt>
      <trkpt lat="22.2746042741" lon="114.2059713183"><ele>384.000</ele></trkpt>
      <trkpt lat="22.2746301380" lon="114.2059707415"><ele>384.000</ele></trkpt>
      <trkpt lat="22.2746507191" lon="114.2059692224"><ele>384.000</ele></trkpt>
      <trkpt lat="22.2746678145" lon="114.2059672466"><ele>384.000</ele></trkpt>
      <trkpt lat="22.2746827875" lon="114.2059662891"><ele>384.000</ele></trkpt>
      <trkpt lat="22.2746930194" lon="114.2059649037"><ele>384.000</ele></trkpt>
      <trkpt lat="22.2746998017" lon="114.2059636437"><ele>384.000</ele></trkpt>
      <trkpt lat="22.2747132037" lon="114.2059603378"><ele>384.000</ele></trkpt>
      <trkpt lat="22.2747231019" lon="114.2059571864"><ele>384.000</ele></trkpt>
      <trkpt lat="22.2747295954" lon="114.2059547621"><ele>382.000</ele></trkpt>
      <trkpt lat="22.2747404872" lon="114.2059497964"><ele>382.000</ele></trkpt>
      <trkpt lat="22.2747470348" lon="114.2059475370"><ele>382.000</ele></trkpt>
      <trkpt lat="22.2747537088" lon="114.2059457434"><ele>382.000</ele></trkpt>
      <trkpt lat="22.2747604730" lon="114.2059444349"><ele>382.000</ele></trkpt>
      <trkpt lat="22.2747673093" lon="114.2059436115"><ele>382.000</ele></trkpt>
      <trkpt lat="22.2747741817" lon="114.2059432734"><ele>382.000</ele></trkpt>
      <trkpt lat="22.2747844856" lon="114.2059436830"><ele>382.000</ele></trkpt>
      <trkpt lat="22.2747884950" lon="114.2059445668"><ele>382.000</ele></trkpt>
      <trkpt lat="22.2747919176" lon="114.2059449556"><ele>382.000</ele></trkpt>
      <trkpt lat="22.2747953492" lon="114.2059450146"><ele>382.000</ele></trkpt>
      <trkpt lat="22.2748021765" lon="114.2059441524"><ele>382.000</ele></trkpt>
      <trkpt lat="22.2748055090" lon="114.2059432313"><ele>382.000</ele></trkpt>
      <trkpt lat="22.2748118761" lon="114.2059404673"><ele>382.000</ele></trkpt>
      <trkpt lat="22.2748148656" lon="114.2059386341"><ele>382.000</ele></trkpt>
      <trkpt lat="22.2748203299" lon="114.2059341622"><ele>382.000</ele></trkpt>
      <trkpt lat="22.2748277449" lon="114.2059293705"><ele>382.000</ele></trkpt>
      <trkpt lat="22.2748368668" lon="114.2059241716"><ele>382.000</ele></trkpt>
      <trkpt lat="22.2748462505" lon="114.2059195550"><ele>382.000</ele></trkpt>
      <trkpt lat="22.2748558688" lon="114.2059155400"><ele>382.000</ele></trkpt>
      <trkpt lat="22.2748656858" lon="114.2059121363"><ele>382.000</ele></trkpt>
      <trkpt lat="22.2748733624" lon="114.2059086255"><ele>382.000</ele></trkpt>
      <trkpt lat="22.2748830259" lon="114.2059047560"><ele>382.000</ele></trkpt>
      <trkpt lat="22.2748928699" lon="114.2059014202"><ele>382.000</ele></trkpt>
      <trkpt lat="22.2748954076" lon="114.2059007319"><ele>382.000</ele></trkpt>
      <trkpt lat="22.2749303135" lon="114.2058872909"><ele>382.000</ele></trkpt>
      <trkpt lat="22.2749425432" lon="114.2058848686"><ele>382.000</ele></trkpt>
      <trkpt lat="22.2749542201" lon="114.2058835029"><ele>380.000</ele></trkpt>
      <trkpt lat="22.2749648467" lon="114.2058822505"><ele>380.000</ele></trkpt>
      <trkpt lat="22.2749656215" lon="114.2058822090"><ele>380.000</ele></trkpt>
      <trkpt lat="22.2749735830" lon="114.2058817342"><ele>380.000</ele></trkpt>
      <trkpt lat="22.2749769740" lon="114.2058817815"><ele>380.000</ele></trkpt>
      <trkpt lat="22.2749804300" lon="114.2058818365"><ele>380.000</ele></trkpt>
      <trkpt lat="22.2749880499" lon="114.2058826706"><ele>380.000</ele></trkpt>
      <trkpt lat="22.2749955261" lon="114.2058843886"><ele>380.000</ele></trkpt>
      <trkpt lat="22.2749979507" lon="114.2058852071"><ele>380.000</ele></trkpt>
      <trkpt lat="22.2750037046" lon="114.2058871750"><ele>378.000</ele></trkpt>
      <trkpt lat="22.2750085465" lon="114.2058893485"><ele>378.000</ele></trkpt>
      <trkpt lat="22.2750116600" lon="114.2058907561"><ele>378.000</ele></trkpt>
      <trkpt lat="22.2750185632" lon="114.2058945688"><ele>378.000</ele></trkpt>
      <trkpt lat="22.2750251891" lon="114.2058989326"><ele>378.000</ele></trkpt>
      <trkpt lat="22.2750288912" lon="114.2059017909"><ele>378.000</ele></trkpt>
      <trkpt lat="22.2750315305" lon="114.2059038378"><ele>378.000</ele></trkpt>
      <trkpt lat="22.2750378636" lon="114.2059093668"><ele>378.000</ele></trkpt>
      <trkpt lat="22.2750390202" lon="114.2059103868"><ele>378.000</ele></trkpt>
      <trkpt lat="22.2750465730" lon="114.2059177364"><ele>376.000</ele></trkpt>
      <trkpt lat="22.2750551940" lon="114.2059261302"><ele>376.000</ele></trkpt>
      <trkpt lat="22.2750601618" lon="114.2059309740"><ele>375.000</ele></trkpt>
      <trkpt lat="22.2750632063" lon="114.2059346045"><ele>375.000</ele></trkpt>
      <trkpt lat="22.2750711226" lon="114.2059440655"><ele>375.000</ele></trkpt>
      <trkpt lat="22.2750763656" lon="114.2059503288"><ele>375.000</ele></trkpt>
      <trkpt lat="22.2750794074" lon="114.2059536973"><ele>375.000</ele></trkpt>
      <trkpt lat="22.2750815897" lon="114.2059561148"><ele>375.000</ele></trkpt>
      <trkpt lat="22.2750873738" lon="114.2059615670"><ele>375.000</ele></trkpt>
      <trkpt lat="22.2750888058" lon="114.2059626201"><ele>372.000</ele></trkpt>
      <trkpt lat="22.2750930912" lon="114.2059657841"><ele>372.000</ele></trkpt>
      <trkpt lat="22.2750968720" lon="114.2059677934"><ele>372.000</ele></trkpt>
      <trkpt lat="22.2751001246" lon="114.2059690467"><ele>372.000</ele></trkpt>
      <trkpt lat="22.2751015875" lon="114.2059696127"><ele>372.000</ele></trkpt>
      <trkpt lat="22.2751071546" lon="114.2059711479"><ele>372.000</ele></trkpt>
      <trkpt lat="22.2751117934" lon="114.2059721919"><ele>372.000</ele></trkpt>
      <trkpt lat="22.2751220735" lon="114.2059744937"><ele>372.000</ele></trkpt>
      <trkpt lat="22.2751229034" lon="114.2059747675"><ele>372.000</ele></trkpt>
      <trkpt lat="22.2751259619" lon="114.2059757617"><ele>372.000</ele></trkpt>
      <trkpt lat="22.2751295648" lon="114.2059773915"><ele>372.000</ele></trkpt>
      <trkpt lat="22.2751320389" lon="114.2059790192"><ele>372.000</ele></trkpt>
      <trkpt lat="22.2751325599" lon="114.2059794831"><ele>372.000</ele></trkpt>
      <trkpt lat="22.2751342998" lon="114.2059810544"><ele>370.000</ele></trkpt>
      <trkpt lat="22.2751410759" lon="114.2059889122"><ele>370.000</ele></trkpt>
      <trkpt lat="22.2751434270" lon="114.2059916441"><ele>370.000</ele></trkpt>
      <trkpt lat="22.2751471668" lon="114.2059953368"><ele>370.000</ele></trkpt>
      <trkpt lat="22.2751515317" lon="114.2059984504"><ele>370.000</ele></trkpt>
      <trkpt lat="22.2751570245" lon="114.2060011965"><ele>370.000</ele></trkpt>
      <trkpt lat="22.2751631288" lon="114.2060033431"><ele>370.000</ele></trkpt>
      <trkpt lat="22.2751643289" lon="114.2060037577"><ele>370.000</ele></trkpt>
      <trkpt lat="22.2751748130" lon="114.2060065747"><ele>370.000</ele></trkpt>
      <trkpt lat="22.2751769152" lon="114.2060071476"><ele>370.000</ele></trkpt>
      <trkpt lat="22.2751865317" lon="114.2060088912"><ele>368.000</ele></trkpt>
      <trkpt lat="22.2751977844" lon="114.2060109409"><ele>368.000</ele></trkpt>
      <trkpt lat="22.2752019022" lon="114.2060116859"><ele>368.000</ele></trkpt>
      <trkpt lat="22.2752089810" lon="114.2060134029"><ele>368.000</ele></trkpt>
      <trkpt lat="22.2752112594" lon="114.2060139555"><ele>368.000</ele></trkpt>
      <trkpt lat="22.2752160742" lon="114.2060156137"><ele>368.000</ele></trkpt>
      <trkpt lat="22.2752205513" lon="114.2060174980"><ele>368.000</ele></trkpt>
      <trkpt lat="22.2752234183" lon="114.2060187008"><ele>368.000</ele></trkpt>
      <trkpt lat="22.2752311216" lon="114.2060223623"><ele>366.000</ele></trkpt>
      <trkpt lat="22.2752388819" lon="114.2060260607"><ele>366.000</ele></trkpt>
      <trkpt lat="22.2752415005" lon="114.2060275002"><ele>366.000</ele></trkpt>
      <trkpt lat="22.2752519462" lon="114.2060332455"><ele>366.000</ele></trkpt>
      <trkpt lat="22.2752587519" lon="114.2060369942"><ele>366.000</ele></trkpt>
      <trkpt lat="22.2752621091" lon="114.2060390665"><ele>366.000</ele></trkpt>
      <trkpt lat="22.2752722738" lon="114.2060453648"><ele>364.000</ele></trkpt>
      <trkpt lat="22.2752796094" lon="114.2060499054"><ele>364.000</ele></trkpt>
      <trkpt lat="22.2752821160" lon="114.2060517504"><ele>364.000</ele></trkpt>
      <trkpt lat="22.2752897865" lon="114.2060574234"><ele>364.000</ele></trkpt>
      <trkpt lat="22.2752928303" lon="114.2060598818"><ele>364.000</ele></trkpt>
      <trkpt lat="22.2753025188" lon="114.2060677140"><ele>364.000</ele></trkpt>
      <trkpt lat="22.2753114551" lon="114.2060749358"><ele>364.000</ele></trkpt>
      <trkpt lat="22.2753213622" lon="114.2060821239"><ele>361.000</ele></trkpt>
      <trkpt lat="22.2753226020" lon="114.2060829440"><ele>361.000</ele></trkpt>
      <trkpt lat="22.2753292668" lon="114.2060868887"><ele>361.000</ele></trkpt>
      <trkpt lat="22.2753323749" lon="114.2060882633"><ele>361.000</ele></trkpt>
      <trkpt lat="22.2753357151" lon="114.2060897281"><ele>361.000</ele></trkpt>
      <trkpt lat="22.2753417716" lon="114.2060912586"><ele>361.000</ele></trkpt>
      <trkpt lat="22.2753450118" lon="114.2060914164"><ele>361.000</ele></trkpt>
      <trkpt lat="22.2753479729" lon="114.2060915607"><ele>361.000</ele></trkpt>
      <trkpt lat="22.2753557160" lon="114.2060907036"><ele>361.000</ele></trkpt>
      <trkpt lat="22.2753577254" lon="114.2060902809"><ele>361.000</ele></trkpt>
      <trkpt lat="22.2753693139" lon="114.2060878382"><ele>358.000</ele></trkpt>
      <trkpt lat="22.2753791235" lon="114.2060853388"><ele>358.000</ele></trkpt>
      <trkpt lat="22.2753809333" lon="114.2060848279"><ele>358.000</ele></trkpt>
      <trkpt lat="22.2753922791" lon="114.2060816079"><ele>358.000</ele></trkpt>
      <trkpt lat="22.2754036303" lon="114.2060783889"><ele>358.000</ele></trkpt>
      <trkpt lat="22.2754087373" lon="114.2060769432"><ele>357.000</ele></trkpt>
      <trkpt lat="22.2754148071" lon="114.2060756132"><ele>357.000</ele></trkpt>
      <trkpt lat="22.2754182054" lon="114.2060748591"><ele>357.000</ele></trkpt>
      <trkpt lat="22.2754258971" lon="114.2060736924"><ele>357.000</ele></trkpt>
      <trkpt lat="22.2754290244" lon="114.2060735165"><ele>357.000</ele></trkpt>
      <trkpt lat="22.2754321345" lon="114.2060737180"><ele>357.000</ele></trkpt>
      <trkpt lat="22.2754371545" lon="114.2060745651"><ele>357.000</ele></trkpt>
      <trkpt lat="22.2754489679" lon="114.2060771806"><ele>357.000</ele></trkpt>
      <trkpt lat="22.2754514341" lon="114.2060777332"><ele>354.000</ele></trkpt>
      <trkpt lat="22.2754565065" lon="114.2060782485"><ele>354.000</ele></trkpt>
      <trkpt lat="22.2754616540" lon="114.2060780390"><ele>354.000</ele></trkpt>
      <trkpt lat="22.2754634439" lon="114.2060776969"><ele>354.000</ele></trkpt>
      <trkpt lat="22.2754692635" lon="114.2060765978"><ele>354.000</ele></trkpt>
      <trkpt lat="22.2754752818" lon="114.2060749427"><ele>354.000</ele></trkpt>
      <trkpt lat="22.2754766030" lon="114.2060745850"><ele>354.000</ele></trkpt>
      <trkpt lat="22.2754867885" lon="114.2060708835"><ele>354.000</ele></trkpt>
      <trkpt lat="22.2754981317" lon="114.2060667621"><ele>352.000</ele></trkpt>
      <trkpt lat="22.2755074619" lon="114.2060633680"><ele>352.000</ele></trkpt>
      <trkpt lat="22.2755093837" lon="114.2060627785"><ele>352.000</ele></trkpt>
      <trkpt lat="22.2755141828" lon="114.2060612852"><ele>352.000</ele></trkpt>
      <trkpt lat="22.2755209498" lon="114.2060596274"><ele>352.000</ele></trkpt>
      <trkpt lat="22.2755316117" lon="114.2060577540"><ele>352.000</ele></trkpt>
      <trkpt lat="22.2755349550" lon="114.2060571696"><ele>352.000</ele></trkpt>
      <trkpt lat="22.2755429924" lon="114.2060561263"><ele>350.000</ele></trkpt>
      <trkpt lat="22.2755545772" lon="114.2060546354"><ele>350.000</ele></trkpt>
      <trkpt lat="22.2755642691" lon="114.2060533897"><ele>350.000</ele></trkpt>
      <trkpt lat="22.2755661574" lon="114.2060533008"><ele>350.000</ele></trkpt>
      <trkpt lat="22.2755771243" lon="114.2060527878"><ele>350.000</ele></trkpt>
      <trkpt lat="22.2755778170" lon="114.2060527492"><ele>350.000</ele></trkpt>
      <trkpt lat="22.2755836871" lon="114.2060519974"><ele>350.000</ele></trkpt>
      <trkpt lat="22.2755878368" lon="114.2060507971"><ele>347.000</ele></trkpt>
      <trkpt lat="22.2755908597" lon="114.2060493927"><ele>347.000</ele></trkpt>
      <trkpt lat="22.2756015973" lon="114.2060429386"><ele>347.000</ele></trkpt>
      <trkpt lat="22.2756045995" lon="114.2060411238"><ele>347.000</ele></trkpt>
      <trkpt lat="22.2756118998" lon="114.2060360643"><ele>347.000</ele></trkpt>
      <trkpt lat="22.2756153942" lon="114.2060336412"><ele>347.000</ele></trkpt>
      <trkpt lat="22.2756217237" lon="114.2060289948"><ele>347.000</ele></trkpt>
      <trkpt lat="22.2756308576" lon="114.2060222813"><ele>344.000</ele></trkpt>
      <trkpt lat="22.2756414475" lon="114.2060144872"><ele>344.000</ele></trkpt>
      <trkpt lat="22.2756507980" lon="114.2060082404"><ele>344.000</ele></trkpt>
      <trkpt lat="22.2756534859" lon="114.2060064420"><ele>344.000</ele></trkpt>
      <trkpt lat="22.2756607825" lon="114.2060022858"><ele>344.000</ele></trkpt>
      <trkpt lat="22.2756642975" lon="114.2060002849"><ele>344.000</ele></trkpt>
      <trkpt lat="22.2756711794" lon="114.2059972890"><ele>344.000</ele></trkpt>
      <trkpt lat="22.2756747595" lon="114.2059957305"><ele>344.000</ele></trkpt>
      <trkpt lat="22.2756823411" lon="114.2059932064"><ele>342.000</ele></trkpt>
      <trkpt lat="22.2756830537" lon="114.2059929708"><ele>342.000</ele></trkpt>
      <trkpt lat="22.2756915637" lon="114.2059907312"><ele>342.000</ele></trkpt>
      <trkpt lat="22.2756937826" lon="114.2059902804"><ele>342.000</ele></trkpt>
      <trkpt lat="22.2757010913" lon="114.2059887819"><ele>342.000</ele></trkpt>
      <trkpt lat="22.2757047470" lon="114.2059882383"><ele>342.000</ele></trkpt>
      <trkpt lat="22.2757105720" lon="114.2059873721"><ele>342.000</ele></trkpt>
      <trkpt lat="22.2757160057" lon="114.2059871500"><ele>342.000</ele></trkpt>
      <trkpt lat="22.2757227878" lon="114.2059868768"><ele>340.000</ele></trkpt>
      <trkpt lat="22.2757273771" lon="114.2059870456"><ele>340.000</ele></trkpt>
      <trkpt lat="22.2757390997" lon="114.2059874750"><ele>340.000</ele></trkpt>
      <trkpt lat="22.2757452586" lon="114.2059877024"><ele>340.000</ele></trkpt>
      <trkpt lat="22.2757510021" lon="114.2059877230"><ele>340.000</ele></trkpt>
      <trkpt lat="22.2757535677" lon="114.2059877235"><ele>340.000</ele></trkpt>
      <trkpt lat="22.2757548717" lon="114.2059876694"><ele>340.000</ele></trkpt>
      <trkpt lat="22.2757631114" lon="114.2059870841"><ele>340.000</ele></trkpt>
      <trkpt lat="22.2757682508" lon="114.2059867116"><ele>337.000</ele></trkpt>
      <trkpt lat="22.2757748404" lon="114.2059868634"><ele>337.000</ele></trkpt>
      <trkpt lat="22.2757801322" lon="114.2059879919"><ele>337.000</ele></trkpt>
      <trkpt lat="22.2757841469" lon="114.2059898587"><ele>337.000</ele></trkpt>
      <trkpt lat="22.2757851456" lon="114.2059903285"><ele>337.000</ele></trkpt>
      <trkpt lat="22.2757885615" lon="114.2059925648"><ele>337.000</ele></trkpt>
      <trkpt lat="22.2757918879" lon="114.2059951668"><ele>337.000</ele></trkpt>
      <trkpt lat="22.2757927520" lon="114.2059959723"><ele>337.000</ele></trkpt>
      <trkpt lat="22.2758003175" lon="114.2060030542"><ele>337.000</ele></trkpt>
      <trkpt lat="22.2758020763" lon="114.2060052532"><ele>337.000</ele></trkpt>
      <trkpt lat="22.2758040869" lon="114.2060077822"><ele>337.000</ele></trkpt>
      <trkpt lat="22.2758090642" lon="114.2060149974"><ele>337.000</ele></trkpt>
      <trkpt lat="22.2758127523" lon="114.2060203406"><ele>334.000</ele></trkpt>
      <trkpt lat="22.2758175411" lon="114.2060258665"><ele>334.000</ele></trkpt>
      <trkpt lat="22.2758226608" lon="114.2060299195"><ele>334.000</ele></trkpt>
      <trkpt lat="22.2758259124" lon="114.2060314804"><ele>334.000</ele></trkpt>
      <trkpt lat="22.2758292670" lon="114.2060331025"><ele>334.000</ele></trkpt>
      <trkpt lat="22.2758338002" lon="114.2060343104"><ele>334.000</ele></trkpt>
      <trkpt lat="22.2758370186" lon="114.2060351679"><ele>334.000</ele></trkpt>
      <trkpt lat="22.2758449753" lon="114.2060359962"><ele>334.000</ele></trkpt>
      <trkpt lat="22.2758509997" lon="114.2060354667"><ele>334.000</ele></trkpt>
      <trkpt lat="22.2758571679" lon="114.2060343231"><ele>332.000</ele></trkpt>
      <trkpt lat="22.2758660435" lon="114.2060326812"><ele>332.000</ele></trkpt>
      <trkpt lat="22.2758688295" lon="114.2060325421"><ele>332.000</ele></trkpt>
      <trkpt lat="22.2758690164" lon="114.2060325353"><ele>332.000</ele></trkpt>
      <trkpt lat="22.2758720163" lon="114.2060328193"><ele>332.000</ele></trkpt>
      <trkpt lat="22.2758785849" lon="114.2060343653"><ele>332.000</ele></trkpt>
      <trkpt lat="22.2758868773" lon="114.2060370888"><ele>332.000</ele></trkpt>
      <trkpt lat="22.2758898111" lon="114.2060382974"><ele>332.000</ele></trkpt>
      <trkpt lat="22.2759007627" lon="114.2060428106"><ele>332.000</ele></trkpt>
      <trkpt lat="22.2759097005" lon="114.2060464986"><ele>332.000</ele></trkpt>
      <trkpt lat="22.2759183513" lon="114.2060500711"><ele>332.000</ele></trkpt>
      <trkpt lat="22.2759185161" lon="114.2060522319"><ele>332.000</ele></trkpt>
      <trkpt lat="22.2759462572" lon="114.2060581565"><ele>332.000</ele></trkpt>
      <trkpt lat="22.2759559919" lon="114.2060601185"><ele>332.000</ele></trkpt>
      <trkpt lat="22.2759834440" lon="114.2060656549"><ele>332.000</ele></trkpt>
      <trkpt lat="22.2759885193" lon="114.2060653358"><ele>332.000</ele></trkpt>
      <trkpt lat="22.2759919600" lon="114.2060652007"><ele>330.000</ele></trkpt>
      <trkpt lat="22.2759954007" lon="114.2060651335"><ele>330.000</ele></trkpt>
      <trkpt lat="22.2759988414" lon="114.2060651342"><ele>330.000</ele></trkpt>
      <trkpt lat="22.2760022730" lon="114.2060652028"><ele>330.000</ele></trkpt>
      <trkpt lat="22.2760057136" lon="114.2060653394"><ele>330.000</ele></trkpt>
      <trkpt lat="22.2760091453" lon="114.2060655438"><ele>330.000</ele></trkpt>
      <trkpt lat="22.2760125768" lon="114.2060658162"><ele>330.000</ele></trkpt>
      <trkpt lat="22.2760159994" lon="114.2060661566"><ele>330.000</ele></trkpt>
      <trkpt lat="22.2760194129" lon="114.2060665648"><ele>330.000</ele></trkpt>
      <trkpt lat="22.2760228806" lon="114.2060670487"><ele>330.000</ele></trkpt>
      <trkpt lat="22.2760324361" lon="114.2060608913"><ele>330.000</ele></trkpt>
      <trkpt lat="22.2760638023" lon="114.2060406797"><ele>330.000</ele></trkpt>
      <trkpt lat="22.2760775946" lon="114.2060317917"><ele>330.000</ele></trkpt>
      <trkpt lat="22.2761137154" lon="114.2060415022"><ele>330.000</ele></trkpt>
      <trkpt lat="22.2761334997" lon="114.2060415063"><ele>329.000</ele></trkpt>
      <trkpt lat="22.2761498379" lon="114.2060415097"><ele>329.000</ele></trkpt>
      <trkpt lat="22.2761949877" lon="114.2060609250"><ele>328.000</ele></trkpt>
      <trkpt lat="22.2762220726" lon="114.2060997426"><ele>326.000</ele></trkpt>
      <trkpt lat="22.2762581899" lon="114.2061288591"><ele>326.000</ele></trkpt>
      <trkpt lat="22.2762923772" lon="114.2061288662"><ele>325.000</ele></trkpt>
      <trkpt lat="22.2762943125" lon="114.2061288666"><ele>325.000</ele></trkpt>
      <trkpt lat="22.2763304350" lon="114.2061288741"><ele>324.000</ele></trkpt>
      <trkpt lat="22.2763755882" lon="114.2061288836"><ele>324.000</ele></trkpt>
      <trkpt lat="22.2764117091" lon="114.2061385941"><ele>323.000</ele></trkpt>
      <trkpt lat="22.2764401108" lon="114.2061263946"><ele>323.000</ele></trkpt>
      <trkpt lat="22.2764568658" lon="114.2061191975"><ele>322.000</ele></trkpt>
      <trkpt lat="22.2764568693" lon="114.2060997915"><ele>322.000</ele></trkpt>
      <trkpt lat="22.2764929936" lon="114.2060900960"><ele>320.000</ele></trkpt>
      <trkpt lat="22.2764936880" lon="114.2060903445"><ele>320.000</ele></trkpt>
      <trkpt lat="22.2765200837" lon="114.2060998046"><ele>320.000</ele></trkpt>
      <trkpt lat="22.2765344623" lon="114.2061101083"><ele>320.000</ele></trkpt>
      <trkpt lat="22.2765471722" lon="114.2061192163"><ele>320.000</ele></trkpt>
      <trkpt lat="22.2765631091" lon="114.2061363464"><ele>320.000</ele></trkpt>
      <trkpt lat="22.2765742588" lon="114.2061483310"><ele>320.000</ele></trkpt>
      <trkpt lat="22.2765831642" lon="114.2061770537"><ele>318.000</ele></trkpt>
      <trkpt lat="22.2765968028" lon="114.2061792174"><ele>318.000</ele></trkpt>
      <trkpt lat="22.2766083806" lon="114.2061811410"><ele>318.000</ele></trkpt>
      <trkpt lat="22.2766164655" lon="114.2061824740"><ele>318.000</ele></trkpt>
      <trkpt lat="22.2766203026" lon="114.2061828377"><ele>318.000</ele></trkpt>
      <trkpt lat="22.2766257091" lon="114.2061833278"><ele>318.000</ele></trkpt>
      <trkpt lat="22.2766332018" lon="114.2061834206"><ele>318.000</ele></trkpt>
      <trkpt lat="22.2766442609" lon="114.2061824943"><ele>318.000</ele></trkpt>
      <trkpt lat="22.2766450746" lon="114.2061822306"><ele>318.000</ele></trkpt>
      <trkpt lat="22.2766572667" lon="114.2061782801"><ele>318.000</ele></trkpt>
      <trkpt lat="22.2766713001" lon="114.2061795105"><ele>315.000</ele></trkpt>
      <trkpt lat="22.2766838757" lon="114.2061821300"><ele>315.000</ele></trkpt>
      <trkpt lat="22.2767119317" lon="114.2061893433"><ele>315.000</ele></trkpt>
      <trkpt lat="22.2767294185" lon="114.2061899999"><ele>312.000</ele></trkpt>
      <trkpt lat="22.2767478593" lon="114.2061886483"><ele>312.000</ele></trkpt>
      <trkpt lat="22.2767592684" lon="114.2061850508"><ele>312.000</ele></trkpt>
      <trkpt lat="22.2767824341" lon="114.2061731433"><ele>309.000</ele></trkpt>
      <trkpt lat="22.2767968303" lon="114.2061657205"><ele>309.000</ele></trkpt>
      <trkpt lat="22.2768029147" lon="114.2061630593"><ele>309.000</ele></trkpt>
      <trkpt lat="22.2768061110" lon="114.2061613028"><ele>306.000</ele></trkpt>
      <trkpt lat="22.2768103937" lon="114.2061589380"><ele>306.000</ele></trkpt>
      <trkpt lat="22.2768165678" lon="114.2061548893"><ele>306.000</ele></trkpt>
      <trkpt lat="22.2768176327" lon="114.2061541967"><ele>306.000</ele></trkpt>
      <trkpt lat="22.2768264098" lon="114.2061474763"><ele>306.000</ele></trkpt>
      <trkpt lat="22.2768359620" lon="114.2061401748"><ele>306.000</ele></trkpt>
      <trkpt lat="22.2768387917" lon="114.2061380184"><ele>306.000</ele></trkpt>
      <trkpt lat="22.2768455529" lon="114.2061330635"><ele>306.000</ele></trkpt>
      <trkpt lat="22.2768552441" lon="114.2061259532"><ele>304.000</ele></trkpt>
      <trkpt lat="22.2768649352" lon="114.2061188536"><ele>304.000</ele></trkpt>
      <trkpt lat="22.2768746264" lon="114.2061117433"><ele>304.000</ele></trkpt>
      <trkpt lat="22.2768808818" lon="114.2061071618"><ele>304.000</ele></trkpt>
      <trkpt lat="22.2768843447" lon="114.2061043011"><ele>304.000</ele></trkpt>
      <trkpt lat="22.2768925602" lon="114.2060975127"><ele>304.000</ele></trkpt>
      <trkpt lat="22.2768933848" lon="114.2060967269"><ele>304.000</ele></trkpt>
      <trkpt lat="22.2769028876" lon="114.2060877380"><ele>302.000</ele></trkpt>
      <trkpt lat="22.2769105995" lon="114.2060791709"><ele>302.000</ele></trkpt>
      <trkpt lat="22.2769188262" lon="114.2060700343"><ele>300.000</ele></trkpt>
      <trkpt lat="22.2769200212" lon="114.2060687091"><ele>300.000</ele></trkpt>
      <trkpt lat="22.2769267704" lon="114.2060604814"><ele>300.000</ele></trkpt>
      <trkpt lat="22.2769345321" lon="114.2060510186"><ele>300.000</ele></trkpt>
      <trkpt lat="22.2769353243" lon="114.2060500485"><ele>300.000</ele></trkpt>
      <trkpt lat="22.2769419544" lon="114.2060409475"><ele>299.000</ele></trkpt>
      <trkpt lat="22.2769478655" lon="114.2060328331"><ele>299.000</ele></trkpt>
      <trkpt lat="22.2769490913" lon="114.2060309548"><ele>299.000</ele></trkpt>
      <trkpt lat="22.2769537109" lon="114.2060238949"><ele>298.000</ele></trkpt>
      <trkpt lat="22.2769554534" lon="114.2060209775"><ele>298.000</ele></trkpt>
      <trkpt lat="22.2769586684" lon="114.2060156153"><ele>298.000</ele></trkpt>
      <trkpt lat="22.2769616215" lon="114.2060102084"><ele>298.000</ele></trkpt>
      <trkpt lat="22.2769632683" lon="114.2060071921"><ele>298.000</ele></trkpt>
      <trkpt lat="22.2769670951" lon="114.2059993936"><ele>298.000</ele></trkpt>
      <trkpt lat="22.2769692977" lon="114.2059938313"><ele>298.000</ele></trkpt>
      <trkpt lat="22.2769712776" lon="114.2059871366"><ele>298.000</ele></trkpt>
      <trkpt lat="22.2769727535" lon="114.2059802924"><ele>298.000</ele></trkpt>
      <trkpt lat="22.2769737417" lon="114.2059739759"><ele>296.000</ele></trkpt>
      <trkpt lat="22.2769738420" lon="114.2059733288"><ele>296.000</ele></trkpt>
      <trkpt lat="22.2769750669" lon="114.2059614292"><ele>296.000</ele></trkpt>
      <trkpt lat="22.2769763696" lon="114.2059488291"><ele>296.000</ele></trkpt>
      <trkpt lat="22.2769766916" lon="114.2059457582"><ele>296.000</ele></trkpt>
      <trkpt lat="22.2769781192" lon="114.2059365813"><ele>296.000</ele></trkpt>
      <trkpt lat="22.2769785993" lon="114.2059335085"><ele>296.000</ele></trkpt>
      <trkpt lat="22.2769808567" lon="114.2059247122"><ele>294.000</ele></trkpt>
      <trkpt lat="22.2769839663" lon="114.2059125539"><ele>294.000</ele></trkpt>
      <trkpt lat="22.2769870850" lon="114.2059003938"><ele>294.000</ele></trkpt>
      <trkpt lat="22.2769874447" lon="114.2058989752"><ele>294.000</ele></trkpt>
      <trkpt lat="22.2769905115" lon="114.2058884995"><ele>294.000</ele></trkpt>
      <trkpt lat="22.2769939444" lon="114.2058767489"><ele>291.000</ele></trkpt>
      <trkpt lat="22.2769981828" lon="114.2058648063"><ele>291.000</ele></trkpt>
      <trkpt lat="22.2769996456" lon="114.2058607022"><ele>291.000</ele></trkpt>
      <trkpt lat="22.2770027606" lon="114.2058535740"><ele>291.000</ele></trkpt>
      <trkpt lat="22.2770059723" lon="114.2058462392"><ele>291.000</ele></trkpt>
      <trkpt lat="22.2770079335" lon="114.2058426116"><ele>291.000</ele></trkpt>
      <trkpt lat="22.2770129942" lon="114.2058332502"><ele>291.000</ele></trkpt>
      <trkpt lat="22.2770137638" lon="114.2058320501"><ele>290.000</ele></trkpt>
      <trkpt lat="22.2770204023" lon="114.2058216702"><ele>290.000</ele></trkpt>
      <trkpt lat="22.2770216235" lon="114.2058197667"><ele>290.000</ele></trkpt>
      <trkpt lat="22.2770275084" lon="114.2058117920"><ele>290.000</ele></trkpt>
      <trkpt lat="22.2770300548" lon="114.2058083421"><ele>290.000</ele></trkpt>
      <trkpt lat="22.2770349893" lon="114.2058024709"><ele>288.000</ele></trkpt>
      <trkpt lat="22.2770397296" lon="114.2057968276"><ele>288.000</ele></trkpt>
      <trkpt lat="22.2770428719" lon="114.2057935554"><ele>288.000</ele></trkpt>
      <trkpt lat="22.2770499090" lon="114.2057862359"><ele>288.000</ele></trkpt>
      <trkpt lat="22.2770511852" lon="114.2057850883"><ele>288.000</ele></trkpt>
      <trkpt lat="22.2770589176" lon="114.2057781444"><ele>286.000</ele></trkpt>
      <trkpt lat="22.2770628373" lon="114.2057758524"><ele>286.000</ele></trkpt>
      <trkpt lat="22.2770682127" lon="114.2057738547"><ele>286.000</ele></trkpt>
      <trkpt lat="22.2770732954" lon="114.2057725730"><ele>286.000</ele></trkpt>
      <trkpt lat="22.2770803955" lon="114.2057711578"><ele>284.000</ele></trkpt>
      <trkpt lat="22.2770871714" lon="114.2057698144"><ele>284.000</ele></trkpt>
      <trkpt lat="22.2770936332" lon="114.2057680623"><ele>284.000</ele></trkpt>
      <trkpt lat="22.2771157682" lon="114.2057579486"><ele>284.000</ele></trkpt>
      <trkpt lat="22.2771284063" lon="114.2057490205"><ele>282.000</ele></trkpt>
      <trkpt lat="22.2771715443" lon="114.2057010186"><ele>282.000</ele></trkpt>
      <trkpt lat="22.2772271929" lon="114.2056907157"><ele>282.000</ele></trkpt>
      <trkpt lat="22.2772891181" lon="114.2056789198"><ele>282.000</ele></trkpt>
      <trkpt lat="22.2773301046" lon="114.2057498673"><ele>282.000</ele></trkpt>
      <trkpt lat="22.2773475913" lon="114.2057815708"><ele>284.000</ele></trkpt>
      <trkpt lat="22.2773710179" lon="114.2058260060"><ele>282.000</ele></trkpt>
      <trkpt lat="22.2773767323" lon="114.2058373597"><ele>282.000</ele></trkpt>
      <trkpt lat="22.2773829880" lon="114.2058515178"><ele>282.000</ele></trkpt>
      <trkpt lat="22.2773873837" lon="114.2058641230"><ele>282.000</ele></trkpt>
      <trkpt lat="22.2773899014" lon="114.2058741759"><ele>282.000</ele></trkpt>
      <trkpt lat="22.2773914438" lon="114.2058843935"><ele>282.000</ele></trkpt>
      <trkpt lat="22.2773922184" lon="114.2058956978"><ele>282.000</ele></trkpt>
      <trkpt lat="22.2773922162" lon="114.2059081177"><ele>282.000</ele></trkpt>
      <trkpt lat="22.2773916544" lon="114.2059187327"><ele>282.000</ele></trkpt>
      <trkpt lat="22.2773906048" lon="114.2059304053"><ele>280.000</ele></trkpt>
      <trkpt lat="22.2773849435" lon="114.2059754458"><ele>280.000</ele></trkpt>
      <trkpt lat="22.2773832153" lon="114.2059938715"><ele>280.000</ele></trkpt>
      <trkpt lat="22.2773826039" lon="114.2060295302"><ele>279.000</ele></trkpt>
      <trkpt lat="22.2773843346" lon="114.2060422687"><ele>279.000</ele></trkpt>
      <trkpt lat="22.2773865696" lon="114.2060673623"><ele>279.000</ele></trkpt>
      <trkpt lat="22.2773876962" lon="114.2060799086"><ele>278.000</ele></trkpt>
      <trkpt lat="22.2773899313" lon="114.2061050031"><ele>278.000</ele></trkpt>
      <trkpt lat="22.2773905216" lon="114.2061115392"><ele>278.000</ele></trkpt>
      <trkpt lat="22.2773909323" lon="114.2061174659"><ele>278.000</ele></trkpt>
      <trkpt lat="22.2773927168" lon="114.2061426186"><ele>278.000</ele></trkpt>
      <trkpt lat="22.2773933761" lon="114.2061520132"><ele>278.000</ele></trkpt>
      <trkpt lat="22.2773934803" lon="114.2061550144"><ele>278.000</ele></trkpt>
      <trkpt lat="22.2773939206" lon="114.2061676188"><ele>278.000</ele></trkpt>
      <trkpt lat="22.2773943859" lon="114.2061809791"><ele>278.000</ele></trkpt>
      <trkpt lat="22.2773945453" lon="114.2061935232"><ele>278.000</ele></trkpt>
      <trkpt lat="22.2773948478" lon="114.2062187299"><ele>278.000</ele></trkpt>
      <trkpt lat="22.2773949990" lon="114.2062313255"><ele>276.000</ele></trkpt>
      <trkpt lat="22.2773951504" lon="114.2062434359"><ele>276.000</ele></trkpt>
      <trkpt lat="22.2773952669" lon="114.2062529605"><ele>276.000</ele></trkpt>
      <trkpt lat="22.2773953964" lon="114.2062561625"><ele>276.000</ele></trkpt>
      <trkpt lat="22.2773959179" lon="114.2062687621"><ele>276.000</ele></trkpt>
      <trkpt lat="22.2773960744" lon="114.2062724716"><ele>274.000</ele></trkpt>
      <trkpt lat="22.2773966653" lon="114.2062807125"><ele>274.000</ele></trkpt>
      <trkpt lat="22.2773973400" lon="114.2062900121"><ele>274.000</ele></trkpt>
      <trkpt lat="22.2773977403" lon="114.2062935198"><ele>274.000</ele></trkpt>
      <trkpt lat="22.2773991838" lon="114.2063060429"><ele>274.000</ele></trkpt>
      <trkpt lat="22.2774001549" lon="114.2063144042"><ele>274.000</ele></trkpt>
      <trkpt lat="22.2774008811" lon="114.2063187581"><ele>273.000</ele></trkpt>
      <trkpt lat="22.2774031183" lon="114.2063320722"><ele>273.000</ele></trkpt>
      <trkpt lat="22.2774039653" lon="114.2063371383"><ele>273.000</ele></trkpt>
      <trkpt lat="22.2774054551" lon="114.2063435970"><ele>273.000</ele></trkpt>
      <trkpt lat="22.2774082876" lon="114.2063557924"><ele>273.000</ele></trkpt>
      <trkpt lat="22.2774086901" lon="114.2063575420"><ele>273.000</ele></trkpt>
      <trkpt lat="22.2774114472" lon="114.2063670428"><ele>272.000</ele></trkpt>
      <trkpt lat="22.2774119680" lon="114.2063686207"><ele>272.000</ele></trkpt>
      <trkpt lat="22.2774145493" lon="114.2063763099"><ele>272.000</ele></trkpt>
      <trkpt lat="22.2774161326" lon="114.2063802274"><ele>272.000</ele></trkpt>
      <trkpt lat="22.2774195844" lon="114.2063887881"><ele>272.000</ele></trkpt>
      <trkpt lat="22.2774208627" lon="114.2063910230"><ele>272.000</ele></trkpt>
      <trkpt lat="22.2774217456" lon="114.2063925767"><ele>272.000</ele></trkpt>
      <trkpt lat="22.2774249823" lon="114.2063968380"><ele>272.000</ele></trkpt>
      <trkpt lat="22.2774287673" lon="114.2064006996"><ele>272.000</ele></trkpt>
      <trkpt lat="22.2774337677" lon="114.2064047207"><ele>272.000</ele></trkpt>
      <trkpt lat="22.2774368919" lon="114.2064067124"><ele>272.000</ele></trkpt>
      <trkpt lat="22.2774391430" lon="114.2064081411"><ele>272.000</ele></trkpt>
      <trkpt lat="22.2774446684" lon="114.2064108922"><ele>272.000</ele></trkpt>
      <trkpt lat="22.2774459840" lon="114.2064114125"><ele>272.000</ele></trkpt>
      <trkpt lat="22.2774493260" lon="114.2064127134"><ele>272.000</ele></trkpt>
      <trkpt lat="22.2774540298" lon="114.2064140612"><ele>272.000</ele></trkpt>
      <trkpt lat="22.2774562703" lon="114.2064144333"><ele>272.000</ele></trkpt>
      <trkpt lat="22.2774636011" lon="114.2064156177"><ele>270.000</ele></trkpt>
      <trkpt lat="22.2774683846" lon="114.2064158836"><ele>270.000</ele></trkpt>
      <trkpt lat="22.2774735049" lon="114.2064161718"><ele>270.000</ele></trkpt>
      <trkpt lat="22.2774801009" lon="114.2064162023"><ele>270.000</ele></trkpt>
      <trkpt lat="22.2774918019" lon="114.2064162533"><ele>270.000</ele></trkpt>
      <trkpt lat="22.2774987600" lon="114.2064162936"><ele>270.000</ele></trkpt>
      <trkpt lat="22.2775034839" lon="114.2064166235"><ele>270.000</ele></trkpt>
      <trkpt lat="22.2775049369" lon="114.2064167286"><ele>270.000</ele></trkpt>
      <trkpt lat="22.2775098675" lon="114.2064174341"><ele>270.000</ele></trkpt>
      <trkpt lat="22.2775144133" lon="114.2064185752"><ele>270.000</ele></trkpt>
      <trkpt lat="22.2775151872" lon="114.2064187675"><ele>270.000</ele></trkpt>
      <trkpt lat="22.2775191947" lon="114.2064203635"><ele>270.000</ele></trkpt>
      <trkpt lat="22.2775227497" lon="114.2064224679"><ele>270.000</ele></trkpt>
      <trkpt lat="22.2775252941" lon="114.2064246487"><ele>270.000</ele></trkpt>
      <trkpt lat="22.2775265492" lon="114.2064257269"><ele>270.000</ele></trkpt>
      <trkpt lat="22.2775305778" lon="114.2064303989"><ele>268.000</ele></trkpt>
      <trkpt lat="22.2775337981" lon="114.2064352326"><ele>268.000</ele></trkpt>
      <trkpt lat="22.2775342342" lon="114.2064358906"><ele>268.000</ele></trkpt>
      <trkpt lat="22.2775379797" lon="114.2064430076"><ele>268.000</ele></trkpt>
      <trkpt lat="22.2775391559" lon="114.2064457257"><ele>268.000</ele></trkpt>
      <trkpt lat="22.2775413567" lon="114.2064508339"><ele>268.000</ele></trkpt>
      <trkpt lat="22.2775442991" lon="114.2064590481"><ele>268.000</ele></trkpt>
      <trkpt lat="22.2775457623" lon="114.2064631218"><ele>268.000</ele></trkpt>
      <trkpt lat="22.2775481224" lon="114.2064706490"><ele>266.000</ele></trkpt>
      <trkpt lat="22.2775517497" lon="114.2064822051"><ele>266.000</ele></trkpt>
      <trkpt lat="22.2775540692" lon="114.2064896071"><ele>266.000</ele></trkpt>
      <trkpt lat="22.2775556415" lon="114.2064942465"><ele>266.000</ele></trkpt>
      <trkpt lat="22.2775579792" lon="114.2065011284"><ele>266.000</ele></trkpt>
      <trkpt lat="22.2775586214" lon="114.2065054707"><ele>266.000</ele></trkpt>
      <trkpt lat="22.2775603062" lon="114.2065169614"><ele>265.000</ele></trkpt>
      <trkpt lat="22.2775605137" lon="114.2065182006"><ele>265.000</ele></trkpt>
      <trkpt lat="22.2775626246" lon="114.2065307383"><ele>265.000</ele></trkpt>
      <trkpt lat="22.2775636250" lon="114.2065366807"><ele>265.000</ele></trkpt>
      <trkpt lat="22.2775648601" lon="114.2065433334"><ele>265.000</ele></trkpt>
      <trkpt lat="22.2775671741" lon="114.2065557713"><ele>265.000</ele></trkpt>
      <trkpt lat="22.2775673275" lon="114.2065566369"><ele>265.000</ele></trkpt>
      <trkpt lat="22.2775707353" lon="114.2065683550"><ele>264.000</ele></trkpt>
      <trkpt lat="22.2775728715" lon="114.2065757026"><ele>264.000</ele></trkpt>
      <trkpt lat="22.2775772358" lon="114.2065819785"><ele>264.000</ele></trkpt>
      <trkpt lat="22.2775847022" lon="114.2065927408"><ele>264.000</ele></trkpt>
      <trkpt lat="22.2775869430" lon="114.2065959637"><ele>264.000</ele></trkpt>
      <trkpt lat="22.2775897809" lon="114.2066030951"><ele>264.000</ele></trkpt>
      <trkpt lat="22.2775944313" lon="114.2066147621"><ele>263.000</ele></trkpt>
      <trkpt lat="22.2775948294" lon="114.2066157587"><ele>263.000</ele></trkpt>
      <trkpt lat="22.2775962309" lon="114.2066260336"><ele>263.000</ele></trkpt>
      <trkpt lat="22.2775988012" lon="114.2066448969"><ele>263.000</ele></trkpt>
      <trkpt lat="22.2775991332" lon="114.2066465649"><ele>263.000</ele></trkpt>
      <trkpt lat="22.2775999160" lon="114.2066520173"><ele>263.000</ele></trkpt>
      <trkpt lat="22.2776017109" lon="114.2066644677"><ele>262.000</ele></trkpt>
      <trkpt lat="22.2776034353" lon="114.2066764407"><ele>262.000</ele></trkpt>
      <trkpt lat="22.2776049853" lon="114.2066842646"><ele>262.000</ele></trkpt>
      <trkpt lat="22.2776061909" lon="114.2066890533"><ele>262.000</ele></trkpt>
      <trkpt lat="22.2776067062" lon="114.2066910853"><ele>262.000</ele></trkpt>
      <trkpt lat="22.2776095177" lon="114.2066996168"><ele>262.000</ele></trkpt>
      <trkpt lat="22.2776099979" lon="114.2067007541"><ele>262.000</ele></trkpt>
      <trkpt lat="22.2776133297" lon="114.2067087676"><ele>260.000</ele></trkpt>
      <trkpt lat="22.2776151703" lon="114.2067124300"><ele>260.000</ele></trkpt>
      <trkpt lat="22.2776207763" lon="114.2067236004"><ele>260.000</ele></trkpt>
      <trkpt lat="22.2776263435" lon="114.2067346776"><ele>260.000</ele></trkpt>
      <trkpt lat="22.2776271695" lon="114.2067363312"><ele>260.000</ele></trkpt>
      <trkpt lat="22.2776311540" lon="114.2067448601"><ele>260.000</ele></trkpt>
      <trkpt lat="22.2776315187" lon="114.2067457451"><ele>260.000</ele></trkpt>
      <trkpt lat="22.2776339197" lon="114.2067516839"><ele>260.000</ele></trkpt>
      <trkpt lat="22.2776357511" lon="114.2067571248"><ele>260.000</ele></trkpt>
      <trkpt lat="22.2776369163" lon="114.2067605619"><ele>260.000</ele></trkpt>
      <trkpt lat="22.2776398160" lon="114.2067701647"><ele>260.000</ele></trkpt>
      <trkpt lat="22.2776415994" lon="114.2067760606"><ele>260.000</ele></trkpt>
      <trkpt lat="22.2776432310" lon="114.2067820905"><ele>260.000</ele></trkpt>
      <trkpt lat="22.2776460972" lon="114.2067926966"><ele>260.000</ele></trkpt>
      <trkpt lat="22.2776464230" lon="114.2067940667"><ele>260.000</ele></trkpt>
      <trkpt lat="22.2776522523" lon="114.2068185022"><ele>258.000</ele></trkpt>
      <trkpt lat="22.2776551579" lon="114.2068307191"><ele>258.000</ele></trkpt>
      <trkpt lat="22.2776580734" lon="114.2068429388"><ele>258.000</ele></trkpt>
      <trkpt lat="22.2776588928" lon="114.2068463661"><ele>258.000</ele></trkpt>
      <trkpt lat="22.2776612662" lon="114.2068552255"><ele>256.000</ele></trkpt>
      <trkpt lat="22.2776645159" lon="114.2068673463"><ele>256.000</ele></trkpt>
      <trkpt lat="22.2776657757" lon="114.2068720419"><ele>256.000</ele></trkpt>
      <trkpt lat="22.2776678141" lon="114.2068807315"><ele>256.000</ele></trkpt>
      <trkpt lat="22.2776681877" lon="114.2068823287"><ele>256.000</ele></trkpt>
      <trkpt lat="22.2776696455" lon="114.2068905708"><ele>256.000</ele></trkpt>
      <trkpt lat="22.2776698159" lon="114.2068922320"><ele>256.000</ele></trkpt>
      <trkpt lat="22.2776703964" lon="114.2068977561"><ele>256.000</ele></trkpt>
      <trkpt lat="22.2776705215" lon="114.2069047870"><ele>256.000</ele></trkpt>
      <trkpt lat="22.2776704202" lon="114.2069059232"><ele>256.000</ele></trkpt>
      <trkpt lat="22.2776699867" lon="114.2069107319"><ele>256.000</ele></trkpt>
      <trkpt lat="22.2776687168" lon="114.2069166923"><ele>256.000</ele></trkpt>
      <trkpt lat="22.2776679903" lon="114.2069190499"><ele>256.000</ele></trkpt>
      <trkpt lat="22.2776668500" lon="114.2069227330"><ele>256.000</ele></trkpt>
      <trkpt lat="22.2776638540" lon="114.2069302377"><ele>256.000</ele></trkpt>
      <trkpt lat="22.2776589662" lon="114.2069424713"><ele>255.000</ele></trkpt>
      <trkpt lat="22.2776566153" lon="114.2069483528"><ele>255.000</ele></trkpt>
      <trkpt lat="22.2776546257" lon="114.2069541626"><ele>254.000</ele></trkpt>
      <trkpt lat="22.2776529873" lon="114.2069601005"><ele>254.000</ele></trkpt>
      <trkpt lat="22.2776518709" lon="114.2069661763"><ele>254.000</ele></trkpt>
      <trkpt lat="22.2776514266" lon="114.2069713208"><ele>254.000</ele></trkpt>
      <trkpt lat="22.2776513134" lon="114.2069778442"><ele>254.000</ele></trkpt>
      <trkpt lat="22.2776512932" lon="114.2069792560"><ele>254.000</ele></trkpt>
      <trkpt lat="22.2776516844" lon="114.2069881722"><ele>254.000</ele></trkpt>
      <trkpt lat="22.2776519170" lon="114.2069904069"><ele>254.000</ele></trkpt>
      <trkpt lat="22.2776529230" lon="114.2070000141"><ele>254.000</ele></trkpt>
      <trkpt lat="22.2776533064" lon="114.2070024341"><ele>254.000</ele></trkpt>
      <trkpt lat="22.2776551158" lon="114.2070137813"><ele>254.000</ele></trkpt>
      <trkpt lat="22.2776552863" lon="114.2070146575"><ele>254.000</ele></trkpt>
      <trkpt lat="22.2776601231" lon="114.2070393442"><ele>254.000</ele></trkpt>
      <trkpt lat="22.2776624056" lon="114.2070510117"><ele>252.000</ele></trkpt>
      <trkpt lat="22.2776626962" lon="114.2070524827"><ele>252.000</ele></trkpt>
      <trkpt lat="22.2776646843" lon="114.2070597255"><ele>252.000</ele></trkpt>
      <trkpt lat="22.2776661303" lon="114.2070630395"><ele>252.000</ele></trkpt>
      <trkpt lat="22.2776672975" lon="114.2070657139"><ele>252.000</ele></trkpt>
      <trkpt lat="22.2776691094" lon="114.2070686776"><ele>252.000</ele></trkpt>
      <trkpt lat="22.2776713873" lon="114.2070714347"><ele>252.000</ele></trkpt>
      <trkpt lat="22.2776756772" lon="114.2070747085"><ele>252.000</ele></trkpt>
      <trkpt lat="22.2776806589" lon="114.2070774944"><ele>252.000</ele></trkpt>
      <trkpt lat="22.2776845859" lon="114.2070796910"><ele>252.000</ele></trkpt>
      <trkpt lat="22.2776906908" lon="114.2070835309"><ele>252.000</ele></trkpt>
      <trkpt lat="22.2777009746" lon="114.2070900050"><ele>252.000</ele></trkpt>
      <trkpt lat="22.2777111067" lon="114.2070963822"><ele>251.000</ele></trkpt>
      <trkpt lat="22.2777212387" lon="114.2071027602"><ele>251.000</ele></trkpt>
      <trkpt lat="22.2777313690" lon="114.2071091267"><ele>251.000</ele></trkpt>
      <trkpt lat="22.2777414903" lon="114.2071155028"><ele>251.000</ele></trkpt>
      <trkpt lat="22.2777516224" lon="114.2071218809"><ele>251.000</ele></trkpt>
      <trkpt lat="22.2777617536" lon="114.2071282580"><ele>252.000</ele></trkpt>
      <trkpt lat="22.2777718857" lon="114.2071346361"><ele>252.000</ele></trkpt>
      <trkpt lat="22.2777820168" lon="114.2071410025"><ele>252.000</ele></trkpt>
      <trkpt lat="22.2777921471" lon="114.2071473796"><ele>250.000</ele></trkpt>
      <trkpt lat="22.2778022783" lon="114.2071537568"><ele>250.000</ele></trkpt>
      <trkpt lat="22.2778124095" lon="114.2071601339"><ele>250.000</ele></trkpt>
      <trkpt lat="22.2778159708" lon="114.2071623741"><ele>250.000</ele></trkpt>
      <trkpt lat="22.2778192486" lon="114.2071689137"><ele>250.000</ele></trkpt>
      <trkpt lat="22.2778233623" lon="114.2071771196"><ele>250.000</ele></trkpt>
      <trkpt lat="22.2778247505" lon="114.2071810137"><ele>250.000</ele></trkpt>
      <trkpt lat="22.2778253694" lon="114.2071840674"><ele>250.000</ele></trkpt>
      <trkpt lat="22.2778256025" lon="114.2071882447"><ele>250.000</ele></trkpt>
      <trkpt lat="22.2778253678" lon="114.2071925741"><ele>250.000</ele></trkpt>
      <trkpt lat="22.2778252367" lon="114.2071935027"><ele>250.000</ele></trkpt>
      <trkpt lat="22.2778230593" lon="114.2072087652"><ele>250.000</ele></trkpt>
      <trkpt lat="22.2778224693" lon="114.2072149527"><ele>250.000</ele></trkpt>
      <trkpt lat="22.2778225074" lon="114.2072188223"><ele>250.000</ele></trkpt>
      <trkpt lat="22.2778225286" lon="114.2072214334"><ele>250.000</ele></trkpt>
      <trkpt lat="22.2778232863" lon="114.2072260775"><ele>250.000</ele></trkpt>
      <trkpt lat="22.2778247458" lon="114.2072303229"><ele>250.000</ele></trkpt>
      <trkpt lat="22.2778253830" lon="114.2072321793"><ele>250.000</ele></trkpt>
      <trkpt lat="22.2778313083" lon="114.2072452681"><ele>250.000</ele></trkpt>
      <trkpt lat="22.2778438279" lon="114.2072813547"><ele>250.000</ele></trkpt>
      <trkpt lat="22.2778501609" lon="114.2073013173"><ele>248.000</ele></trkpt>
      <trkpt lat="22.2778510806" lon="114.2073042167"><ele>248.000</ele></trkpt>
      <trkpt lat="22.2778539316" lon="114.2073136216"><ele>248.000</ele></trkpt>
      <trkpt lat="22.2778552100" lon="114.2073204014"><ele>248.000</ele></trkpt>
      <trkpt lat="22.2778562437" lon="114.2073269813"><ele>248.000</ele></trkpt>
      <trkpt lat="22.2778571376" lon="114.2073326423"><ele>248.000</ele></trkpt>
      <trkpt lat="22.2778597214" lon="114.2073555742"><ele>246.000</ele></trkpt>
      <trkpt lat="22.2778604350" lon="114.2073641713"><ele>246.000</ele></trkpt>
      <trkpt lat="22.2778614721" lon="114.2073766895"><ele>246.000</ele></trkpt>
      <trkpt lat="22.2778625173" lon="114.2073892465"><ele>246.000</ele></trkpt>
      <trkpt lat="22.2778633336" lon="114.2073990536"><ele>246.000</ele></trkpt>
      <trkpt lat="22.2778636465" lon="114.2074019403"><ele>246.000</ele></trkpt>
      <trkpt lat="22.2778649987" lon="114.2074144712"><ele>246.000</ele></trkpt>
      <trkpt lat="22.2778651159" lon="114.2074155755"><ele>246.000</ele></trkpt>
      <trkpt lat="22.2778666608" lon="114.2074265209"><ele>246.000</ele></trkpt>
      <trkpt lat="22.2778684104" lon="114.2074389878"><ele>245.000</ele></trkpt>
      <trkpt lat="22.2778689415" lon="114.2074427712"><ele>245.000</ele></trkpt>
      <trkpt lat="22.2778708870" lon="114.2074508271"><ele>245.000</ele></trkpt>
      <trkpt lat="22.2778731571" lon="114.2074569211"><ele>245.000</ele></trkpt>
      <trkpt lat="22.2778759828" lon="114.2074617879"><ele>245.000</ele></trkpt>
      <trkpt lat="22.2778769487" lon="114.2074634425"><ele>245.000</ele></trkpt>
      <trkpt lat="22.2778793124" lon="114.2074661560"><ele>245.000</ele></trkpt>
      <trkpt lat="22.2778821747" lon="114.2074686454"><ele>245.000</ele></trkpt>
      <trkpt lat="22.2778883445" lon="114.2074728278"><ele>246.000</ele></trkpt>
      <trkpt lat="22.2778940992" lon="114.2074759865"><ele>246.000</ele></trkpt>
      <trkpt lat="22.2779035641" lon="114.2074811826"><ele>246.000</ele></trkpt>
      <trkpt lat="22.2779050232" lon="114.2074822367"><ele>246.000</ele></trkpt>
      <trkpt lat="22.2779068291" lon="114.2074835334"><ele>244.000</ele></trkpt>
      <trkpt lat="22.2779097166" lon="114.2074863120"><ele>244.000</ele></trkpt>
      <trkpt lat="22.2779122726" lon="114.2074895534"><ele>244.000</ele></trkpt>
      <trkpt lat="22.2779130318" lon="114.2074907558"><ele>244.000</ele></trkpt>
      <trkpt lat="22.2779150595" lon="114.2074939622"><ele>244.000</ele></trkpt>
      <trkpt lat="22.2779191263" lon="114.2075019390"><ele>244.000</ele></trkpt>
      <trkpt lat="22.2779241527" lon="114.2075117790"><ele>244.000</ele></trkpt>
      <trkpt lat="22.2779249228" lon="114.2075130591"><ele>244.000</ele></trkpt>
      <trkpt lat="22.2779283299" lon="114.2075186798"><ele>244.000</ele></trkpt>
      <trkpt lat="22.2779317489" lon="114.2075231003"><ele>244.000</ele></trkpt>
      <trkpt lat="22.2779378828" lon="114.2075310262"><ele>245.000</ele></trkpt>
      <trkpt lat="22.2779389826" lon="114.2075321860"><ele>244.000</ele></trkpt>
      <trkpt lat="22.2779459700" lon="114.2075395764"><ele>244.000</ele></trkpt>
      <trkpt lat="22.2779528837" lon="114.2075452047"><ele>244.000</ele></trkpt>
      <trkpt lat="22.2779562011" lon="114.2075473149"><ele>244.000</ele></trkpt>
      <trkpt lat="22.2779640379" lon="114.2075523147"><ele>244.000</ele></trkpt>
      <trkpt lat="22.2779657490" lon="114.2075533261"><ele>244.000</ele></trkpt>
      <trkpt lat="22.2779748274" lon="114.2075586765"><ele>244.000</ele></trkpt>
      <trkpt lat="22.2779792104" lon="114.2075612536"><ele>244.000</ele></trkpt>
      <trkpt lat="22.2779853605" lon="114.2075646326"><ele>244.000</ele></trkpt>
      <trkpt lat="22.2779957410" lon="114.2075703481"><ele>244.000</ele></trkpt>
      <trkpt lat="22.2779977601" lon="114.2075714624"><ele>244.000</ele></trkpt>
      <trkpt lat="22.2780062471" lon="114.2075760529"><ele>244.000</ele></trkpt>
      <trkpt lat="22.2780167288" lon="114.2075817218"><ele>242.000</ele></trkpt>
      <trkpt lat="22.2780272105" lon="114.2075873985"><ele>241.000</ele></trkpt>
      <trkpt lat="22.2780376868" lon="114.2075930790"><ele>241.000</ele></trkpt>
      <trkpt lat="22.2780424581" lon="114.2075956582"><ele>241.000</ele></trkpt>
      <trkpt lat="22.2780479147" lon="114.2075989012"><ele>241.000</ele></trkpt>
      <trkpt lat="22.2780588450" lon="114.2076054105"><ele>241.000</ele></trkpt>
      <trkpt lat="22.2780668984" lon="114.2076109139"><ele>241.000</ele></trkpt>
      <trkpt lat="22.2780684839" lon="114.2076122804"><ele>241.000</ele></trkpt>
      <trkpt lat="22.2780764296" lon="114.2076191229"><ele>240.000</ele></trkpt>
      <trkpt lat="22.2780772828" lon="114.2076199808"><ele>240.000</ele></trkpt>
      <trkpt lat="22.2780866413" lon="114.2076294386"><ele>238.000</ele></trkpt>
      <trkpt lat="22.2780886340" lon="114.2076314553"><ele>238.000</ele></trkpt>
      <trkpt lat="22.2780931844" lon="114.2076370123"><ele>238.000</ele></trkpt>
      <trkpt lat="22.2780945494" lon="114.2076388824"><ele>238.000</ele></trkpt>
      <trkpt lat="22.2781017892" lon="114.2076488093"><ele>238.000</ele></trkpt>
      <trkpt lat="22.2781037980" lon="114.2076515654"><ele>238.000</ele></trkpt>
      <trkpt lat="22.2781090175" lon="114.2076576417"><ele>238.000</ele></trkpt>
      <trkpt lat="22.2781101037" lon="114.2076586151"><ele>238.000</ele></trkpt>
      <trkpt lat="22.2781142941" lon="114.2076624022"><ele>238.000</ele></trkpt>
      <trkpt lat="22.2781184901" lon="114.2076652918"><ele>238.000</ele></trkpt>
      <trkpt lat="22.2781215727" lon="114.2076674077"><ele>238.000</ele></trkpt>
      <trkpt lat="22.2781284552" lon="114.2076712022"><ele>238.000</ele></trkpt>
      <trkpt lat="22.2781315216" lon="114.2076728912"><ele>238.000</ele></trkpt>
      <trkpt lat="22.2781393297" lon="114.2076765704"><ele>238.000</ele></trkpt>
      <trkpt lat="22.2781500066" lon="114.2076816106"><ele>237.000</ele></trkpt>
      <trkpt lat="22.2781514189" lon="114.2076822726"><ele>237.000</ele></trkpt>
      <trkpt lat="22.2781593280" lon="114.2076863914"><ele>236.000</ele></trkpt>
      <trkpt lat="22.2781601687" lon="114.2076869068"><ele>236.000</ele></trkpt>
      <trkpt lat="22.2781693554" lon="114.2076924911"><ele>236.000</ele></trkpt>
      <trkpt lat="22.2781703116" lon="114.2076931191"><ele>236.000</ele></trkpt>
      <trkpt lat="22.2781802630" lon="114.2076996417"><ele>236.000</ele></trkpt>
      <trkpt lat="22.2781905007" lon="114.2077063576"><ele>236.000</ele></trkpt>
      <trkpt lat="22.2781948114" lon="114.2077091899"><ele>236.000</ele></trkpt>
      <trkpt lat="22.2782006111" lon="114.2077126270"><ele>236.000</ele></trkpt>
      <trkpt lat="22.2782021064" lon="114.2077135181"><ele>236.000</ele></trkpt>
      <trkpt lat="22.2782096454" lon="114.2077174913"><ele>235.000</ele></trkpt>
      <trkpt lat="22.2782118893" lon="114.2077184737"><ele>235.000</ele></trkpt>
      <trkpt lat="22.2782166011" lon="114.2077205522"><ele>235.000</ele></trkpt>
      <trkpt lat="22.2782214330" lon="114.2077222940"><ele>235.000</ele></trkpt>
      <trkpt lat="22.2782237249" lon="114.2077231154"><ele>235.000</ele></trkpt>
      <trkpt lat="22.2782329428" lon="114.2077258129"><ele>233.000</ele></trkpt>
      <trkpt lat="22.2782442404" lon="114.2077291048"><ele>233.000</ele></trkpt>
      <trkpt lat="22.2782498978" lon="114.2077307575"><ele>232.000</ele></trkpt>
      <trkpt lat="22.2782555461" lon="114.2077326887"><ele>232.000</ele></trkpt>
      <trkpt lat="22.2782599248" lon="114.2077341723"><ele>232.000</ele></trkpt>
      <trkpt lat="22.2782660100" lon="114.2077369691"><ele>232.000</ele></trkpt>
      <trkpt lat="22.2782694386" lon="114.2077385485"><ele>232.000</ele></trkpt>
      <trkpt lat="22.2782737457" lon="114.2077411878"><ele>232.000</ele></trkpt>
      <trkpt lat="22.2782771029" lon="114.2077436909"><ele>232.000</ele></trkpt>
      <trkpt lat="22.2782801619" lon="114.2077465026"><ele>232.000</ele></trkpt>
      <trkpt lat="22.2782835124" lon="114.2077503778"><ele>232.000</ele></trkpt>
      <trkpt lat="22.2782860412" lon="114.2077539714"><ele>232.000</ele></trkpt>
      <trkpt lat="22.2782865333" lon="114.2077546663"><ele>232.000</ele></trkpt>
      <trkpt lat="22.2782897318" lon="114.2077600852"><ele>232.000</ele></trkpt>
      <trkpt lat="22.2782921881" lon="114.2077649509"><ele>232.000</ele></trkpt>
      <trkpt lat="22.2782934898" lon="114.2077675177"><ele>232.000</ele></trkpt>
      <trkpt lat="22.2782972964" lon="114.2077759971"><ele>229.000</ele></trkpt>
      <trkpt lat="22.2783025103" lon="114.2077875993"><ele>229.000</ele></trkpt>
      <trkpt lat="22.2783068858" lon="114.2077963797"><ele>229.000</ele></trkpt>
      <trkpt lat="22.2783083113" lon="114.2077988378"><ele>229.000</ele></trkpt>
      <trkpt lat="22.2783122681" lon="114.2078056376"><ele>229.000</ele></trkpt>
      <trkpt lat="22.2783147824" lon="114.2078096815"><ele>229.000</ele></trkpt>
      <trkpt lat="22.2783213194" lon="114.2078201545"><ele>229.000</ele></trkpt>
      <trkpt lat="22.2783258162" lon="114.2078273717"><ele>226.000</ele></trkpt>
      <trkpt lat="22.2783276253" lon="114.2078306043"><ele>226.000</ele></trkpt>
      <trkpt lat="22.2783312210" lon="114.2078370625"><ele>226.000</ele></trkpt>
      <trkpt lat="22.2783330914" lon="114.2078412129"><ele>226.000</ele></trkpt>
      <trkpt lat="22.2783357191" lon="114.2078470664"><ele>226.000</ele></trkpt>
      <trkpt lat="22.2783380286" lon="114.2078544598"><ele>226.000</ele></trkpt>
      <trkpt lat="22.2783383842" lon="114.2078555990"><ele>226.000</ele></trkpt>
      <trkpt lat="22.2783397146" lon="114.2078641254"><ele>226.000</ele></trkpt>
      <trkpt lat="22.2783397782" lon="114.2078669481"><ele>226.000</ele></trkpt>
      <trkpt lat="22.2783399341" lon="114.2078732629"><ele>223.000</ele></trkpt>
      <trkpt lat="22.2783395128" lon="114.2078803218"><ele>223.000</ele></trkpt>
      <trkpt lat="22.2783394394" lon="114.2078815687"><ele>223.000</ele></trkpt>
      <trkpt lat="22.2783393805" lon="114.2078826486"><ele>225.000</ele></trkpt>
      <trkpt lat="22.2783383055" lon="114.2078939710"><ele>225.000</ele></trkpt>
      <trkpt lat="22.2783371663" lon="114.2079058774"><ele>225.000</ele></trkpt>
      <trkpt lat="22.2783368371" lon="114.2079179170"><ele>225.000</ele></trkpt>
      <trkpt lat="22.2783371503" lon="114.2079231907"><ele>222.000</ele></trkpt>
      <trkpt lat="22.2783378799" lon="114.2079284393"><ele>222.000</ele></trkpt>
      <trkpt lat="22.2783386947" lon="114.2079318909"><ele>222.000</ele></trkpt>
      <trkpt lat="22.2783391107" lon="114.2079336463"><ele>222.000</ele></trkpt>
      <trkpt lat="22.2783405792" lon="114.2079378044"><ele>222.000</ele></trkpt>
      <trkpt lat="22.2783424830" lon="114.2079417200"><ele>222.000</ele></trkpt>
      <trkpt lat="22.2783439419" lon="114.2079440889"><ele>222.000</ele></trkpt>
      <trkpt lat="22.2783457438" lon="114.2079470002"><ele>222.000</ele></trkpt>
      <trkpt lat="22.2783509027" lon="114.2079537237"><ele>222.000</ele></trkpt>
      <trkpt lat="22.2783583610" lon="114.2079634498"><ele>222.000</ele></trkpt>
      <trkpt lat="22.2783601315" lon="114.2079657528"><ele>222.000</ele></trkpt>
      <trkpt lat="22.2783630042" lon="114.2079701819"><ele>220.000</ele></trkpt>
      <trkpt lat="22.2783645966" lon="114.2079731883"><ele>220.000</ele></trkpt>
      <trkpt lat="22.2783650209" lon="114.2079739909"><ele>220.000</ele></trkpt>
      <trkpt lat="22.2783670708" lon="114.2079789215"><ele>220.000</ele></trkpt>
      <trkpt lat="22.2783690880" lon="114.2079850029"><ele>220.000</ele></trkpt>
      <trkpt lat="22.2783696366" lon="114.2079870280"><ele>220.000</ele></trkpt>
      <trkpt lat="22.2783729485" lon="114.2079992528"><ele>220.000</ele></trkpt>
      <trkpt lat="22.2783761666" lon="114.2080111651"><ele>220.000</ele></trkpt>
      <trkpt lat="22.2783786577" lon="114.2080179238"><ele>218.000</ele></trkpt>
      <trkpt lat="22.2783810653" lon="114.2080229302"><ele>218.000</ele></trkpt>
      <trkpt lat="22.2783833810" lon="114.2080258688"><ele>218.000</ele></trkpt>
      <trkpt lat="22.2783859345" lon="114.2080282273"><ele>216.000</ele></trkpt>
      <trkpt lat="22.2783880672" lon="114.2080297152"><ele>216.000</ele></trkpt>
      <trkpt lat="22.2783961476" lon="114.2080353584"><ele>216.000</ele></trkpt>
      <trkpt lat="22.2783982010" lon="114.2080366057"><ele>216.000</ele></trkpt>
      <trkpt lat="22.2784003112" lon="114.2080378890"><ele>216.000</ele></trkpt>
      <trkpt lat="22.2784090176" lon="114.2080424902"><ele>216.000</ele></trkpt>
      <trkpt lat="22.2784099260" lon="114.2080429746"><ele>216.000</ele></trkpt>
      <trkpt lat="22.2784139848" lon="114.2080457418"><ele>216.000</ele></trkpt>
      <trkpt lat="22.2784154439" lon="114.2080471355"><ele>216.000</ele></trkpt>
      <trkpt lat="22.2784165119" lon="114.2080485728"><ele>216.000</ele></trkpt>
      <trkpt lat="22.2784175725" lon="114.2080512084"><ele>216.000</ele></trkpt>
      <trkpt lat="22.2784184972" lon="114.2080558535"><ele>216.000</ele></trkpt>
      <trkpt lat="22.2784186436" lon="114.2080600181"><ele>216.000</ele></trkpt>
      <trkpt lat="22.2784183103" lon="114.2080653713"><ele>213.000</ele></trkpt>
      <trkpt lat="22.2784175896" lon="114.2080704633"><ele>213.000</ele></trkpt>
      <trkpt lat="22.2784157264" lon="114.2080761150"><ele>213.000</ele></trkpt>
      <trkpt lat="22.2784147678" lon="114.2080781486"><ele>213.000</ele></trkpt>
      <trkpt lat="22.2784091078" lon="114.2080900734"><ele>213.000</ele></trkpt>
      <trkpt lat="22.2784073411" lon="114.2080966430"><ele>213.000</ele></trkpt>
      <trkpt lat="22.2784071597" lon="114.2081005136"><ele>213.000</ele></trkpt>
      <trkpt lat="22.2784074121" lon="114.2081028482"><ele>213.000</ele></trkpt>
      <trkpt lat="22.2784076627" lon="114.2081050868"><ele>213.000</ele></trkpt>
      <trkpt lat="22.2784086589" lon="114.2081094156"><ele>213.000</ele></trkpt>
      <trkpt lat="22.2784104108" lon="114.2081144538"><ele>210.000</ele></trkpt>
      <trkpt lat="22.2784126196" lon="114.2081192447"><ele>210.000</ele></trkpt>
      <trkpt lat="22.2784157522" lon="114.2081246074"><ele>210.000</ele></trkpt>
      <trkpt lat="22.2784194249" lon="114.2081295966"><ele>210.000</ele></trkpt>
      <trkpt lat="22.2784230103" lon="114.2081334602"><ele>210.000</ele></trkpt>
      <trkpt lat="22.2784305731" lon="114.2081396826"><ele>210.000</ele></trkpt>
      <trkpt lat="22.2784318670" lon="114.2081405629"><ele>210.000</ele></trkpt>
      <trkpt lat="22.2784417588" lon="114.2081473341"><ele>210.000</ele></trkpt>
      <trkpt lat="22.2784488234" lon="114.2081521610"><ele>210.000</ele></trkpt>
      <trkpt lat="22.2784511846" lon="114.2081541662"><ele>210.000</ele></trkpt>
      <trkpt lat="22.2784527060" lon="114.2081554493"><ele>210.000</ele></trkpt>
      <trkpt lat="22.2784561532" lon="114.2081590936"><ele>210.000</ele></trkpt>
      <trkpt lat="22.2784590539" lon="114.2081632103"><ele>207.000</ele></trkpt>
      <trkpt lat="22.2784597003" lon="114.2081644098"><ele>207.000</ele></trkpt>
      <trkpt lat="22.2784615211" lon="114.2081677742"><ele>207.000</ele></trkpt>
      <trkpt lat="22.2784651191" lon="114.2081762585"><ele>207.000</ele></trkpt>
      <trkpt lat="22.2784698219" lon="114.2081873590"><ele>207.000</ele></trkpt>
      <trkpt lat="22.2784788473" lon="114.2081867080"><ele>207.000</ele></trkpt>
      <trkpt lat="22.2784945580" lon="114.2081483743"><ele>208.000</ele></trkpt>
      <trkpt lat="22.2785202881" lon="114.2080502522"><ele>208.000</ele></trkpt>
      <trkpt lat="22.2785945764" lon="114.2078923305"><ele>210.000</ele></trkpt>
      <trkpt lat="22.2786370024" lon="114.2078448041"><ele>210.000</ele></trkpt>
      <trkpt lat="22.2787130638" lon="114.2077740936"><ele>212.000</ele></trkpt>
      <trkpt lat="22.2787576924" lon="114.2077782088"><ele>215.000</ele></trkpt>
      <trkpt lat="22.2787653298" lon="114.2078343433"><ele>215.000</ele></trkpt>
      <trkpt lat="22.2787512420" lon="114.2078862327"><ele>215.000</ele></trkpt>
      <trkpt lat="22.2787209563" lon="114.2080067489"><ele>210.000</ele></trkpt>
      <trkpt lat="22.2787202146" lon="114.2080601268"><ele>208.000</ele></trkpt>
      <trkpt lat="22.2787362876" lon="114.2081103627"><ele>207.000</ele></trkpt>
      <trkpt lat="22.2787626046" lon="114.2081527607"><ele>205.000</ele></trkpt>
      <trkpt lat="22.2788093877" lon="114.2081771076"><ele>204.000</ele></trkpt>
      <trkpt lat="22.2788561710" lon="114.2081951659"><ele>205.000</ele></trkpt>
      <trkpt lat="22.2789107335" lon="114.2082030289"><ele>205.000</ele></trkpt>
      <trkpt lat="22.2789619127" lon="114.2081896975"><ele>205.000</ele></trkpt>
      <trkpt lat="22.2790057810" lon="114.2081559499"><ele>206.000</ele></trkpt>
      <trkpt lat="22.2790364934" lon="114.2081135723"><ele>207.000</ele></trkpt>
      <trkpt lat="22.2790511199" lon="114.2080829640"><ele>207.000</ele></trkpt>
      <trkpt lat="22.2790589919" lon="114.2080548643"><ele>209.000</ele></trkpt>
      <trkpt lat="22.2790896344" lon="114.2079950316"><ele>208.000</ele></trkpt>
      <trkpt lat="22.2791318627" lon="114.2079424594"><ele>209.000</ele></trkpt>
      <trkpt lat="22.2791472981" lon="114.2079318572"><ele>209.000</ele></trkpt>
      <trkpt lat="22.2791593004" lon="114.2079288907"><ele>208.000</ele></trkpt>
      <trkpt lat="22.2791703712" lon="114.2079328520"><ele>208.000</ele></trkpt>
      <trkpt lat="22.2792451306" lon="114.2080072048"><ele>207.000</ele></trkpt>
      <trkpt lat="22.2792721544" lon="114.2080327302"><ele>204.000</ele></trkpt>
      <trkpt lat="22.2792977357" lon="114.2080458633"><ele>204.000</ele></trkpt>
      <trkpt lat="22.2793308799" lon="114.2080412364"><ele>204.000</ele></trkpt>
      <trkpt lat="22.2793598902" lon="114.2080161882"><ele>206.000</ele></trkpt>
      <trkpt lat="22.2794777962" lon="114.2078691805"><ele>205.000</ele></trkpt>
      <trkpt lat="22.2794937797" lon="114.2078492518"><ele>205.000</ele></trkpt>
      <trkpt lat="22.2796172688" lon="114.2077076350"><ele>205.000</ele></trkpt>
      <trkpt lat="22.2796385129" lon="114.2076832723"><ele>205.000</ele></trkpt>
      <trkpt lat="22.2796512327" lon="114.2076588812"><ele>205.000</ele></trkpt>
      <trkpt lat="22.2796566920" lon="114.2076335084"><ele>205.000</ele></trkpt>
      <trkpt lat="22.2796539688" lon="114.2076071636"><ele>206.000</ele></trkpt>
      <trkpt lat="22.2796467045" lon="114.2075837481"><ele>208.000</ele></trkpt>
      <trkpt lat="22.2796167189" lon="114.2075564173"><ele>208.000</ele></trkpt>
      <trkpt lat="22.2795812673" lon="114.2075378667"><ele>210.000</ele></trkpt>
      <trkpt lat="22.2795058419" lon="114.2075076053"><ele>214.000</ele></trkpt>
      <trkpt lat="22.2794749416" lon="114.2074841741"><ele>214.000</ele></trkpt>
      <trkpt lat="22.2794557728" lon="114.2074383737"><ele>212.000</ele></trkpt>
      <trkpt lat="22.2794088084" lon="114.2073744300"><ele>215.000</ele></trkpt>
      <trkpt lat="22.2793795378" lon="114.2073192386"><ele>213.000</ele></trkpt>
      <trkpt lat="22.2793604571" lon="114.2072655563"><ele>214.000</ele></trkpt>
      <trkpt lat="22.2793640920" lon="114.2072411633"><ele>214.000</ele></trkpt>
      <trkpt lat="22.2793713644" lon="114.2072265324"><ele>212.000</ele></trkpt>
      <trkpt lat="22.2794113697" lon="114.2071806730"><ele>212.000</ele></trkpt>
      <trkpt lat="22.2794249982" lon="114.2071738469"><ele>214.000</ele></trkpt>
      <trkpt lat="22.2794449924" lon="114.2071718989"><ele>214.000</ele></trkpt>
      <trkpt lat="22.2794713517" lon="114.2071777673"><ele>214.000</ele></trkpt>
      <trkpt lat="22.2795676856" lon="114.2072090111"><ele>209.000</ele></trkpt>
      <trkpt lat="22.2796325225" lon="114.2072209513"><ele>208.000</ele></trkpt>
      <trkpt lat="22.2796965885" lon="114.2072068566"><ele>206.000</ele></trkpt>
      <trkpt lat="22.2797475098" lon="114.2071715964"><ele>207.000</ele></trkpt>
      <trkpt lat="22.2797852935" lon="114.2071257568"><ele>207.000</ele></trkpt>
      <trkpt lat="22.2798181656" lon="114.2070305276"><ele>210.000</ele></trkpt>
      <trkpt lat="22.2798461224" lon="114.2068418338"><ele>210.000</ele></trkpt>
      <trkpt lat="22.2798724247" lon="114.2067166288"><ele>212.000</ele></trkpt>
      <trkpt lat="22.2798872150" lon="114.2066778287"><ele>210.000</ele></trkpt>
      <trkpt lat="22.2799151420" lon="114.2066496167"><ele>213.000</ele></trkpt>
      <trkpt lat="22.2799888166" lon="114.2066299065"><ele>210.000</ele></trkpt>
      <trkpt lat="22.2800727632" lon="114.2066126914"><ele>208.000</ele></trkpt>
      <trkpt lat="22.2801623187" lon="114.2065604680"><ele>209.000</ele></trkpt>
      <trkpt lat="22.2802014219" lon="114.2065577991"><ele>209.000</ele></trkpt>
      <trkpt lat="22.2802638096" lon="114.2065801376"><ele>206.000</ele></trkpt>
      <trkpt lat="22.2803037428" lon="114.2065864056"><ele>206.000</ele></trkpt>
      <trkpt lat="22.2803445089" lon="114.2065765848"><ele>206.000</ele></trkpt>
      <trkpt lat="22.2803919319" lon="114.2065596238"><ele>207.000</ele></trkpt>
      <trkpt lat="22.2804135622" lon="114.2065489160"><ele>207.000</ele></trkpt>
      <trkpt lat="22.2804426811" lon="114.2065265862"><ele>206.000</ele></trkpt>
      <trkpt lat="22.2805064057" lon="114.2064578218"><ele>209.000</ele></trkpt>
      <trkpt lat="22.2805503028" lon="114.2063930471"><ele>208.000</ele></trkpt>
      <trkpt lat="22.2806428586" lon="114.2063042290"><ele>207.000</ele></trkpt>
      <trkpt lat="22.2806674034" lon="114.2062618104"><ele>210.000</ele></trkpt>
      <trkpt lat="22.2807040202" lon="114.2061707041"><ele>210.000</ele></trkpt>
      <trkpt lat="22.2807439607" lon="114.2061314141"><ele>208.000</ele></trkpt>
      <trkpt lat="22.2807722463" lon="114.2061224842"><ele>210.000</ele></trkpt>
      <trkpt lat="22.2807988682" lon="114.2061296401"><ele>208.000</ele></trkpt>
      <trkpt lat="22.2808604188" lon="114.2061868142"><ele>206.000</ele></trkpt>
      <trkpt lat="22.2808870377" lon="114.2062011137"><ele>208.000</ele></trkpt>
      <trkpt lat="22.2809003219" lon="114.2062053180"><ele>208.000</ele></trkpt>
      <trkpt lat="22.2809490440" lon="114.2061952367"><ele>208.000</ele></trkpt>
      <trkpt lat="22.2810156720" lon="114.2061704654"><ele>211.000</ele></trkpt>
      <trkpt lat="22.2811573490" lon="114.2061910272"><ele>210.000</ele></trkpt>
      <trkpt lat="22.2811848069" lon="114.2061846773"><ele>210.000</ele></trkpt>
      <trkpt lat="22.2812325900" lon="114.2061284671"><ele>210.000</ele></trkpt>
      <trkpt lat="22.2812838164" lon="114.2061081124"><ele>212.000</ele></trkpt>
      <trkpt lat="22.2813225134" lon="114.2061039490"><ele>212.000</ele></trkpt>
      <trkpt lat="22.2814397677" lon="114.2061509745"><ele>210.000</ele></trkpt>
      <trkpt lat="22.2814898025" lon="114.2061728087"><ele>211.000</ele></trkpt>
      <trkpt lat="22.2815429863" lon="114.2061945301"><ele>210.000</ele></trkpt>
      <trkpt lat="22.2815742598" lon="114.2062323011"><ele>212.000</ele></trkpt>
      <trkpt lat="22.2815570767" lon="114.2062750738"><ele>212.000</ele></trkpt>
      <trkpt lat="22.2815029284" lon="114.2063030508"><ele>212.000</ele></trkpt>
      <trkpt lat="22.2814149940" lon="114.2063598629"><ele>212.000</ele></trkpt>
      <trkpt lat="22.2813958812" lon="114.2063818583"><ele>213.000</ele></trkpt>
      <trkpt lat="22.2813752856" lon="114.2064234086"><ele>216.000</ele></trkpt>
      <trkpt lat="22.2812821175" lon="114.2064875523"><ele>214.000</ele></trkpt>
      <trkpt lat="22.2812030520" lon="114.2065593994"><ele>212.000</ele></trkpt>
      <trkpt lat="22.2811566734" lon="114.2065639385"><ele>212.000</ele></trkpt>
      <trkpt lat="22.2811246760" lon="114.2065690260"><ele>212.000</ele></trkpt>
      <trkpt lat="22.2810156481" lon="114.2066237103"><ele>211.000</ele></trkpt>
      <trkpt lat="22.2809433583" lon="114.2066656812"><ele>209.000</ele></trkpt>
      <trkpt lat="22.2809213027" lon="114.2066860350"><ele>209.000</ele></trkpt>
      <trkpt lat="22.2809089890" lon="114.2067127553"><ele>209.000</ele></trkpt>
      <trkpt lat="22.2809006793" lon="114.2067700021"><ele>210.000</ele></trkpt>
      <trkpt lat="22.2808930812" lon="114.2067878157"><ele>210.000</ele></trkpt>
      <trkpt lat="22.2808078612" lon="114.2067914062"><ele>210.000</ele></trkpt>
      <trkpt lat="22.2807504090" lon="114.2068511586"><ele>211.000</ele></trkpt>
      <trkpt lat="22.2806137768" lon="114.2068144694"><ele>211.000</ele></trkpt>
      <trkpt lat="22.2805272695" lon="114.2068246297"><ele>210.000</ele></trkpt>
      <trkpt lat="22.2803602400" lon="114.2068984655"><ele>210.000</ele></trkpt>
      <trkpt lat="22.2803151325" lon="114.2069184054"><ele>212.000</ele></trkpt>
      <trkpt lat="22.2802705071" lon="114.2069500673"><ele>212.000</ele></trkpt>
      <trkpt lat="22.2802478176" lon="114.2069695572"><ele>212.000</ele></trkpt>
      <trkpt lat="22.2802251155" lon="114.2070134004"><ele>210.000</ele></trkpt>
      <trkpt lat="22.2802151201" lon="114.2070536959"><ele>211.000</ele></trkpt>
      <trkpt lat="22.2802070938" lon="114.2071449825"><ele>211.000</ele></trkpt>
      <trkpt lat="22.2801832122" lon="114.2071747081"><ele>206.000</ele></trkpt>
      <trkpt lat="22.2801757772" lon="114.2071844583"><ele>206.000</ele></trkpt>
      <trkpt lat="22.2801683432" lon="114.2071942182"><ele>208.000</ele></trkpt>
      <trkpt lat="22.2801609101" lon="114.2072039683"><ele>208.000</ele></trkpt>
      <trkpt lat="22.2801568823" lon="114.2072092519"><ele>208.000</ele></trkpt>
      <trkpt lat="22.2801562413" lon="114.2072129758"><ele>208.000</ele></trkpt>
      <trkpt lat="22.2801541069" lon="114.2072254072"><ele>208.000</ele></trkpt>
      <trkpt lat="22.2801519833" lon="114.2072377871"><ele>208.000</ele></trkpt>
      <trkpt lat="22.2801498497" lon="114.2072501777"><ele>206.000</ele></trkpt>
      <trkpt lat="22.2801477252" lon="114.2072625683"><ele>206.000</ele></trkpt>
      <trkpt lat="22.2801455916" lon="114.2072749579"><ele>204.000</ele></trkpt>
      <trkpt lat="22.2801438920" lon="114.2072848491"><ele>204.000</ele></trkpt>
      <trkpt lat="22.2801399662" lon="114.2072955606"><ele>203.000</ele></trkpt>
      <trkpt lat="22.2801356564" lon="114.2073072899"><ele>203.000</ele></trkpt>
      <trkpt lat="22.2801313556" lon="114.2073190203"><ele>203.000</ele></trkpt>
      <trkpt lat="22.2801270458" lon="114.2073307506"><ele>203.000</ele></trkpt>
      <trkpt lat="22.2801184442" lon="114.2073542112"><ele>200.000</ele></trkpt>
      <trkpt lat="22.2801141353" lon="114.2073659415"><ele>200.000</ele></trkpt>
      <trkpt lat="22.2801101164" lon="114.2073768965"><ele>200.000</ele></trkpt>
      <trkpt lat="22.2801034130" lon="114.2073812528"><ele>200.000</ele></trkpt>
      <trkpt lat="22.2800933625" lon="114.2073877693"><ele>196.000</ele></trkpt>
      <trkpt lat="22.2800833075" lon="114.2073942896"><ele>196.000</ele></trkpt>
      <trkpt lat="22.2800732642" lon="114.2074008177"><ele>196.000</ele></trkpt>
      <trkpt lat="22.2800632128" lon="114.2074073361"><ele>196.000</ele></trkpt>
      <trkpt lat="22.2800622726" lon="114.2074079462"><ele>196.000</ele></trkpt>
      <trkpt lat="22.2800521588" lon="114.2074096829"><ele>195.000</ele></trkpt>
      <trkpt lat="22.2800405721" lon="114.2074116695"><ele>195.000</ele></trkpt>
      <trkpt lat="22.2800289927" lon="114.2074136571"><ele>195.000</ele></trkpt>
      <trkpt lat="22.2800174159" lon="114.2074156525"><ele>195.000</ele></trkpt>
      <trkpt lat="22.2800042398" lon="114.2074179076"><ele>194.000</ele></trkpt>
      <trkpt lat="22.2800059143" lon="114.2074357144"><ele>192.000</ele></trkpt>
      <trkpt lat="22.2800070625" lon="114.2074480281"><ele>192.000</ele></trkpt>
      <trkpt lat="22.2800152216" lon="114.2074534423"><ele>192.000</ele></trkpt>
      <trkpt lat="22.2800252191" lon="114.2074600534"><ele>192.000</ele></trkpt>
      <trkpt lat="22.2800352138" lon="114.2074666722"><ele>192.000</ele></trkpt>
      <trkpt lat="22.2800452095" lon="114.2074732920"><ele>192.000</ele></trkpt>
      <trkpt lat="22.2800552043" lon="114.2074799108"><ele>192.000</ele></trkpt>
      <trkpt lat="22.2800651909" lon="114.2074865306"><ele>191.000</ele></trkpt>
      <trkpt lat="22.2800751875" lon="114.2074931514"><ele>191.000</ele></trkpt>
      <trkpt lat="22.2800851840" lon="114.2074997721"><ele>191.000</ele></trkpt>
      <trkpt lat="22.2800951797" lon="114.2075063822"><ele>191.000</ele></trkpt>
      <trkpt lat="22.2801051736" lon="114.2075130001"><ele>191.000</ele></trkpt>
      <trkpt lat="22.2801151602" lon="114.2075196209"><ele>191.000</ele></trkpt>
      <trkpt lat="22.2801203720" lon="114.2075230715"><ele>191.000</ele></trkpt>
      <trkpt lat="22.2801246926" lon="114.2075263094"><ele>191.000</ele></trkpt>
      <trkpt lat="22.2801343016" lon="114.2075335123"><ele>190.000</ele></trkpt>
      <trkpt lat="22.2801439088" lon="114.2075407045"><ele>190.000</ele></trkpt>
      <trkpt lat="22.2801535152" lon="114.2075479055"><ele>190.000</ele></trkpt>
      <trkpt lat="22.2801631314" lon="114.2075551074"><ele>190.000</ele></trkpt>
      <trkpt lat="22.2801693841" lon="114.2075605940"><ele>190.000</ele></trkpt>
      <trkpt lat="22.2801716324" lon="114.2075622829"><ele>190.000</ele></trkpt>
      <trkpt lat="22.2801739891" lon="114.2075638941"><ele>190.000</ele></trkpt>
      <trkpt lat="22.2801764271" lon="114.2075654472"><ele>190.000</ele></trkpt>
      <trkpt lat="22.2801789102" lon="114.2075669614"><ele>190.000</ele></trkpt>
      <trkpt lat="22.2801814114" lon="114.2075684757"><ele>190.000</ele></trkpt>
      <trkpt lat="22.2801838946" lon="114.2075699997"><ele>190.000</ele></trkpt>
      <trkpt lat="22.2801863235" lon="114.2075715624"><ele>190.000</ele></trkpt>
      <trkpt lat="22.2801886622" lon="114.2075731834"><ele>190.000</ele></trkpt>
      <trkpt lat="22.2801908834" lon="114.2075748819"><ele>191.000</ele></trkpt>
      <trkpt lat="22.2801929420" lon="114.2075766969"><ele>191.000</ele></trkpt>
      <trkpt lat="22.2801948200" lon="114.2075786476"><ele>191.000</ele></trkpt>
      <trkpt lat="22.2801964722" lon="114.2075807439"><ele>190.000</ele></trkpt>
      <trkpt lat="22.2801978715" lon="114.2075830245"><ele>190.000</ele></trkpt>
      <trkpt lat="22.2801990451" lon="114.2075854700"><ele>190.000</ele></trkpt>
      <trkpt lat="22.2802001373" lon="114.2075879833"><ele>190.000</ele></trkpt>
      <trkpt lat="22.2802011573" lon="114.2075905549"><ele>190.000</ele></trkpt>
      <trkpt lat="22.2802021140" lon="114.2075931847"><ele>190.000</ele></trkpt>
      <trkpt lat="22.2802030075" lon="114.2075958727"><ele>190.000</ele></trkpt>
      <trkpt lat="22.2802038378" lon="114.2075986092"><ele>190.000</ele></trkpt>
      <trkpt lat="22.2802046049" lon="114.2076013942"><ele>190.000</ele></trkpt>
      <trkpt lat="22.2802053268" lon="114.2076042180"><ele>190.000</ele></trkpt>
      <trkpt lat="22.2802059855" lon="114.2076070709"><ele>190.000</ele></trkpt>
      <trkpt lat="22.2802065991" lon="114.2076099626"><ele>190.000</ele></trkpt>
      <trkpt lat="22.2802071674" lon="114.2076128835"><ele>190.000</ele></trkpt>
      <trkpt lat="22.2802076907" lon="114.2076158139"><ele>190.000</ele></trkpt>
      <trkpt lat="22.2802081687" lon="114.2076187735"><ele>190.000</ele></trkpt>
      <trkpt lat="22.2802086107" lon="114.2076217428"><ele>190.000</ele></trkpt>
      <trkpt lat="22.2802090165" lon="114.2076247121"><ele>190.000</ele></trkpt>
      <trkpt lat="22.2802093952" lon="114.2076277008"><ele>190.000</ele></trkpt>
      <trkpt lat="22.2802097378" lon="114.2076306798"><ele>189.000</ele></trkpt>
      <trkpt lat="22.2802100533" lon="114.2076336491"><ele>189.000</ele></trkpt>
      <trkpt lat="22.2802103417" lon="114.2076366183"><ele>189.000</ele></trkpt>
      <trkpt lat="22.2802106121" lon="114.2076395682"><ele>189.000</ele></trkpt>
      <trkpt lat="22.2802108644" lon="114.2076424986"><ele>189.000</ele></trkpt>
      <trkpt lat="22.2802110986" lon="114.2076454096"><ele>189.000</ele></trkpt>
      <trkpt lat="22.2802113238" lon="114.2076483013"><ele>189.000</ele></trkpt>
      <trkpt lat="22.2802115220" lon="114.2076511929"><ele>189.000</ele></trkpt>
      <trkpt lat="22.2802116930" lon="114.2076540845"><ele>189.000</ele></trkpt>
      <trkpt lat="22.2802118550" lon="114.2076569858"><ele>189.000</ele></trkpt>
      <trkpt lat="22.2802119989" lon="114.2076598774"><ele>189.000</ele></trkpt>
      <trkpt lat="22.2802121158" lon="114.2076627787"><ele>189.000</ele></trkpt>
      <trkpt lat="22.2802122236" lon="114.2076656800"><ele>189.000</ele></trkpt>
      <trkpt lat="22.2802123134" lon="114.2076685910"><ele>189.000</ele></trkpt>
      <trkpt lat="22.2802123941" lon="114.2076714923"><ele>189.000</ele></trkpt>
      <trkpt lat="22.2802124567" lon="114.2076744033"><ele>189.000</ele></trkpt>
      <trkpt lat="22.2802125013" lon="114.2076773143"><ele>189.000</ele></trkpt>
      <trkpt lat="22.2802125369" lon="114.2076802253"><ele>189.000</ele></trkpt>
      <trkpt lat="22.2802125635" lon="114.2076831362"><ele>189.000</ele></trkpt>
      <trkpt lat="22.2802125810" lon="114.2076860569"><ele>189.000</ele></trkpt>
      <trkpt lat="22.2802125894" lon="114.2076889679"><ele>189.000</ele></trkpt>
      <trkpt lat="22.2802125889" lon="114.2076918886"><ele>189.000</ele></trkpt>
      <trkpt lat="22.2802125793" lon="114.2076947996"><ele>189.000</ele></trkpt>
      <trkpt lat="22.2802125607" lon="114.2076977202"><ele>189.000</ele></trkpt>
      <trkpt lat="22.2802125421" lon="114.2077006409"><ele>189.000</ele></trkpt>
      <trkpt lat="22.2802125234" lon="114.2077035616"><ele>189.000</ele></trkpt>
      <trkpt lat="22.2802124958" lon="114.2077064823"><ele>189.000</ele></trkpt>
      <trkpt lat="22.2802124591" lon="114.2077094029"><ele>189.000</ele></trkpt>
      <trkpt lat="22.2802124315" lon="114.2077123236"><ele>189.000</ele></trkpt>
      <trkpt lat="22.2802123948" lon="114.2077152443"><ele>189.000</ele></trkpt>
      <trkpt lat="22.2802123671" lon="114.2077181650"><ele>189.000</ele></trkpt>
      <trkpt lat="22.2802123305" lon="114.2077210856"><ele>189.000</ele></trkpt>
      <trkpt lat="22.2802123028" lon="114.2077240063"><ele>189.000</ele></trkpt>
      <trkpt lat="22.2802122752" lon="114.2077269270"><ele>189.000</ele></trkpt>
      <trkpt lat="22.2802122566" lon="114.2077298380"><ele>189.000</ele></trkpt>
      <trkpt lat="22.2802122379" lon="114.2077327586"><ele>189.000</ele></trkpt>
      <trkpt lat="22.2802122284" lon="114.2077356793"><ele>189.000</ele></trkpt>
      <trkpt lat="22.2802122278" lon="114.2077386000"><ele>189.000</ele></trkpt>
      <trkpt lat="22.2802122272" lon="114.2077415110"><ele>189.000</ele></trkpt>
      <trkpt lat="22.2802122447" lon="114.2077444317"><ele>189.000</ele></trkpt>
      <trkpt lat="22.2802122623" lon="114.2077473427"><ele>189.000</ele></trkpt>
      <trkpt lat="22.2802122978" lon="114.2077502633"><ele>189.000</ele></trkpt>
      <trkpt lat="22.2802123424" lon="114.2077531743"><ele>189.000</ele></trkpt>
      <trkpt lat="22.2802123961" lon="114.2077560853"><ele>189.000</ele></trkpt>
      <trkpt lat="22.2802124677" lon="114.2077589866"><ele>189.000</ele></trkpt>
      <trkpt lat="22.2802125485" lon="114.2077618976"><ele>189.000</ele></trkpt>
      <trkpt lat="22.2802126472" lon="114.2077647989"><ele>189.000</ele></trkpt>
      <trkpt lat="22.2802127641" lon="114.2077677099"><ele>189.000</ele></trkpt>
      <trkpt lat="22.2802128990" lon="114.2077706112"><ele>189.000</ele></trkpt>
      <trkpt lat="22.2802130520" lon="114.2077735125"><ele>189.000</ele></trkpt>
      <trkpt lat="22.2802132230" lon="114.2077764041"><ele>187.000</ele></trkpt>
      <trkpt lat="22.2802134121" lon="114.2077792957"><ele>187.000</ele></trkpt>
      <trkpt lat="22.2802136192" lon="114.2077821971"><ele>187.000</ele></trkpt>
      <trkpt lat="22.2802138715" lon="114.2077850790"><ele>187.000</ele></trkpt>
      <trkpt lat="22.2802141780" lon="114.2077879609"><ele>187.000</ele></trkpt>
      <trkpt lat="22.2802145116" lon="114.2077908429"><ele>187.000</ele></trkpt>
      <trkpt lat="22.2802148994" lon="114.2077937151"><ele>187.000</ele></trkpt>
      <trkpt lat="22.2802153143" lon="114.2077965777"><ele>187.000</ele></trkpt>
      <trkpt lat="22.2802157743" lon="114.2077994402"><ele>187.000</ele></trkpt>
      <trkpt lat="22.2802162524" lon="114.2078023028"><ele>187.000</ele></trkpt>
      <trkpt lat="22.2802167666" lon="114.2078051557"><ele>187.000</ele></trkpt>
      <trkpt lat="22.2802172988" lon="114.2078080183"><ele>187.000</ele></trkpt>
      <trkpt lat="22.2802178582" lon="114.2078108614"><ele>187.000</ele></trkpt>
      <trkpt lat="22.2802184356" lon="114.2078137143"><ele>187.000</ele></trkpt>
      <trkpt lat="22.2802190220" lon="114.2078165672"><ele>187.000</ele></trkpt>
      <trkpt lat="22.2802196265" lon="114.2078194104"><ele>187.000</ele></trkpt>
      <trkpt lat="22.2802202401" lon="114.2078222536"><ele>187.000</ele></trkpt>
      <trkpt lat="22.2802208536" lon="114.2078251065"><ele>187.000</ele></trkpt>
      <trkpt lat="22.2802214672" lon="114.2078279497"><ele>187.000</ele></trkpt>
      <trkpt lat="22.2802220897" lon="114.2078307929"><ele>187.000</ele></trkpt>
      <trkpt lat="22.2802227033" lon="114.2078336361"><ele>187.000</ele></trkpt>
      <trkpt lat="22.2802233078" lon="114.2078364890"><ele>187.000</ele></trkpt>
      <trkpt lat="22.2802239033" lon="114.2078393418"><ele>187.000</ele></trkpt>
      <trkpt lat="22.2802244897" lon="114.2078421850"><ele>187.000</ele></trkpt>
      <trkpt lat="22.2802250491" lon="114.2078450379"><ele>187.000</ele></trkpt>
      <trkpt lat="22.2802255994" lon="114.2078479005"><ele>187.000</ele></trkpt>
      <trkpt lat="22.2802261226" lon="114.2078507534"><ele>187.000</ele></trkpt>
      <trkpt lat="22.2802266188" lon="114.2078536256"><ele>187.000</ele></trkpt>
      <trkpt lat="22.2802270878" lon="114.2078564882"><ele>187.000</ele></trkpt>
      <trkpt lat="22.2802275478" lon="114.2078593605"><ele>187.000</ele></trkpt>
      <trkpt lat="22.2802279898" lon="114.2078622230"><ele>187.000</ele></trkpt>
      <trkpt lat="22.2802284317" lon="114.2078650953"><ele>187.000</ele></trkpt>
      <trkpt lat="22.2802288556" lon="114.2078679773"><ele>187.000</ele></trkpt>
      <trkpt lat="22.2802292795" lon="114.2078708495"><ele>187.000</ele></trkpt>
      <trkpt lat="22.2802296853" lon="114.2078737218"><ele>186.000</ele></trkpt>
      <trkpt lat="22.2802300912" lon="114.2078766037"><ele>186.000</ele></trkpt>
      <trkpt lat="22.2802304970" lon="114.2078794857"><ele>186.000</ele></trkpt>
      <trkpt lat="22.2802308938" lon="114.2078823677"><ele>186.000</ele></trkpt>
      <trkpt lat="22.2802312816" lon="114.2078852399"><ele>186.000</ele></trkpt>
      <trkpt lat="22.2802316783" lon="114.2078881219"><ele>186.000</ele></trkpt>
      <trkpt lat="22.2802320661" lon="114.2078910038"><ele>186.000</ele></trkpt>
      <trkpt lat="22.2802324539" lon="114.2078938858"><ele>186.000</ele></trkpt>
      <trkpt lat="22.2802328416" lon="114.2078967677"><ele>186.000</ele></trkpt>
      <trkpt lat="22.2802332294" lon="114.2078996497"><ele>186.000</ele></trkpt>
      <trkpt lat="22.2802336172" lon="114.2079025316"><ele>186.000</ele></trkpt>
      <trkpt lat="22.2802340140" lon="114.2079054136"><ele>186.000</ele></trkpt>
      <trkpt lat="22.2802344108" lon="114.2079082955"><ele>186.000</ele></trkpt>
      <trkpt lat="22.2802348076" lon="114.2079111678"><ele>186.000</ele></trkpt>
      <trkpt lat="22.2802348341" lon="114.2079140691"><ele>186.000</ele></trkpt>
      <trkpt lat="22.2802346349" lon="114.2079169703"><ele>186.000</ele></trkpt>
      <trkpt lat="22.2802344356" lon="114.2079198715"><ele>186.000</ele></trkpt>
      <trkpt lat="22.2802342364" lon="114.2079227728"><ele>185.000</ele></trkpt>
      <trkpt lat="22.2802340372" lon="114.2079256740"><ele>185.000</ele></trkpt>
      <trkpt lat="22.2802338380" lon="114.2079285849"><ele>185.000</ele></trkpt>
      <trkpt lat="22.2802336387" lon="114.2079314862"><ele>185.000</ele></trkpt>
      <trkpt lat="22.2802334485" lon="114.2079343874"><ele>185.000</ele></trkpt>
      <trkpt lat="22.2802332493" lon="114.2079372886"><ele>185.000</ele></trkpt>
      <trkpt lat="22.2802330501" lon="114.2079401899"><ele>185.000</ele></trkpt>
      <trkpt lat="22.2802328508" lon="114.2079431008"><ele>185.000</ele></trkpt>
      <trkpt lat="22.2802326516" lon="114.2079460020"><ele>185.000</ele></trkpt>
      <trkpt lat="22.2802324524" lon="114.2079489033"><ele>185.000</ele></trkpt>
      <trkpt lat="22.2802322531" lon="114.2079518045"><ele>185.000</ele></trkpt>
      <trkpt lat="22.2802320629" lon="114.2079547057"><ele>185.000</ele></trkpt>
      <trkpt lat="22.2802318637" lon="114.2079576167"><ele>185.000</ele></trkpt>
      <trkpt lat="22.2802316645" lon="114.2079605179"><ele>185.000</ele></trkpt>
      <trkpt lat="22.2802314653" lon="114.2079634191"><ele>185.000</ele></trkpt>
      <trkpt lat="22.2802312660" lon="114.2079663204"><ele>185.000</ele></trkpt>
      <trkpt lat="22.2802310668" lon="114.2079692216"><ele>185.000</ele></trkpt>
      <trkpt lat="22.2802308676" lon="114.2079721325"><ele>185.000</ele></trkpt>
      <trkpt lat="22.2802306774" lon="114.2079750338"><ele>185.000</ele></trkpt>
      <trkpt lat="22.2802304781" lon="114.2079779350"><ele>185.000</ele></trkpt>
      <trkpt lat="22.2802302789" lon="114.2079808362"><ele>185.000</ele></trkpt>
      <trkpt lat="22.2802300797" lon="114.2079837375"><ele>185.000</ele></trkpt>
      <trkpt lat="22.2802298804" lon="114.2079866484"><ele>185.000</ele></trkpt>
      <trkpt lat="22.2802296812" lon="114.2079895496"><ele>185.000</ele></trkpt>
      <trkpt lat="22.2802294820" lon="114.2079924509"><ele>185.000</ele></trkpt>
      <trkpt lat="22.2802292918" lon="114.2079953521"><ele>185.000</ele></trkpt>
      <trkpt lat="22.2802290925" lon="114.2079982630"><ele>185.000</ele></trkpt>
      <trkpt lat="22.2802288933" lon="114.2080011643"><ele>185.000</ele></trkpt>
      <trkpt lat="22.2802286941" lon="114.2080040655"><ele>185.000</ele></trkpt>
      <trkpt lat="22.2802284948" lon="114.2080069667"><ele>185.000</ele></trkpt>
      <trkpt lat="22.2802282956" lon="114.2080098679"><ele>185.000</ele></trkpt>
      <trkpt lat="22.2802280964" lon="114.2080127789"><ele>185.000</ele></trkpt>
      <trkpt lat="22.2802278972" lon="114.2080156801"><ele>185.000</ele></trkpt>
      <trkpt lat="22.2802275439" lon="114.2080209683"><ele>184.000</ele></trkpt>
      <trkpt lat="22.2802205333" lon="114.2080310853"><ele>184.000</ele></trkpt>
      <trkpt lat="22.2802136139" lon="114.2080412819"><ele>184.000</ele></trkpt>
      <trkpt lat="22.2802067035" lon="114.2080514785"><ele>184.000</ele></trkpt>
      <trkpt lat="22.2801997940" lon="114.2080616644"><ele>184.000</ele></trkpt>
      <trkpt lat="22.2801928737" lon="114.2080718620"><ele>184.000</ele></trkpt>
      <trkpt lat="22.2801859624" lon="114.2080820605"><ele>180.000</ele></trkpt>
      <trkpt lat="22.2801790529" lon="114.2080922552"><ele>180.000</ele></trkpt>
      <trkpt lat="22.2801721334" lon="114.2081024517"><ele>180.000</ele></trkpt>
      <trkpt lat="22.2801677614" lon="114.2081089044"><ele>180.000</ele></trkpt>
      <trkpt lat="22.2801662512" lon="114.2081150608"><ele>180.000</ele></trkpt>
      <trkpt lat="22.2801635208" lon="114.2081262597"><ele>180.000</ele></trkpt>
      <trkpt lat="22.2801605393" lon="114.2081384541"><ele>180.000</ele></trkpt>
      <trkpt lat="22.2801575568" lon="114.2081506601"><ele>180.000</ele></trkpt>
      <trkpt lat="22.2801536272" lon="114.2081667288"><ele>179.000</ele></trkpt>
      <trkpt lat="22.2801645219" lon="114.2081752740"><ele>179.000</ele></trkpt>
      <trkpt lat="22.2801682429" lon="114.2081781877"><ele>179.000</ele></trkpt>
      <trkpt lat="22.2801700425" lon="114.2081838898"><ele>179.000</ele></trkpt>
      <trkpt lat="22.2801725785" lon="114.2081918994"><ele>179.000</ele></trkpt>
      <trkpt lat="22.2801665180" lon="114.2081970136"><ele>179.000</ele></trkpt>
      <trkpt lat="22.2801581994" lon="114.2082040369"><ele>179.000</ele></trkpt>
      <trkpt lat="22.2801505673" lon="114.2082104782"><ele>179.000</ele></trkpt>
      <trkpt lat="22.2801454045" lon="114.2082148396"><ele>174.000</ele></trkpt>
      <trkpt lat="22.2801451716" lon="114.2082194806"><ele>174.000</ele></trkpt>
      <trkpt lat="22.2801445833" lon="114.2082309449"><ele>174.000</ele></trkpt>
      <trkpt lat="22.2801440122" lon="114.2082420191"><ele>174.000</ele></trkpt>
      <trkpt lat="22.2801436441" lon="114.2082492770"><ele>174.000</ele></trkpt>
      <trkpt lat="22.2801465527" lon="114.2082548415"><ele>176.000</ele></trkpt>
      <trkpt lat="22.2801522670" lon="114.2082657784"><ele>176.000</ele></trkpt>
      <trkpt lat="22.2801580174" lon="114.2082767735"><ele>176.000</ele></trkpt>
      <trkpt lat="22.2801637587" lon="114.2082877685"><ele>176.000</ele></trkpt>
      <trkpt lat="22.2801695091" lon="114.2082987636"><ele>176.000</ele></trkpt>
      <trkpt lat="22.2801752505" lon="114.2083097587"><ele>174.000</ele></trkpt>
      <trkpt lat="22.2801810018" lon="114.2083207547"><ele>174.000</ele></trkpt>
      <trkpt lat="22.2801846136" lon="114.2083276623"><ele>174.000</ele></trkpt>
      <trkpt lat="22.2801868253" lon="114.2083317518"><ele>174.000</ele></trkpt>
      <trkpt lat="22.2801927003" lon="114.2083426566"><ele>177.000</ele></trkpt>
      <trkpt lat="22.2801985880" lon="114.2083535673"><ele>177.000</ele></trkpt>
      <trkpt lat="22.2802044738" lon="114.2083644654"><ele>177.000</ele></trkpt>
      <trkpt lat="22.2802103597" lon="114.2083753722"><ele>177.000</ele></trkpt>
      <trkpt lat="22.2802164053" lon="114.2083865770"><ele>177.000</ele></trkpt>
      <trkpt lat="22.2802142528" lon="114.2083895534"><ele>177.000</ele></trkpt>
      <trkpt lat="22.2802070534" lon="114.2083995171"><ele>177.000</ele></trkpt>
      <trkpt lat="22.2801998541" lon="114.2084094710"><ele>175.000</ele></trkpt>
      <trkpt lat="22.2801926547" lon="114.2084194337"><ele>175.000</ele></trkpt>
      <trkpt lat="22.2801854463" lon="114.2084293973"><ele>172.000</ele></trkpt>
      <trkpt lat="22.2801782470" lon="114.2084393619"><ele>172.000</ele></trkpt>
      <trkpt lat="22.2801710476" lon="114.2084493158"><ele>172.000</ele></trkpt>
      <trkpt lat="22.2801687839" lon="114.2084524485"><ele>172.000</ele></trkpt>
      <trkpt lat="22.2801623145" lon="114.2084561867"><ele>172.000</ele></trkpt>
      <trkpt lat="22.2801519895" lon="114.2084621625"><ele>172.000</ele></trkpt>
      <trkpt lat="22.2801416673" lon="114.2084681364"><ele>169.000</ele></trkpt>
      <trkpt lat="22.2801313360" lon="114.2084741113"><ele>169.000</ele></trkpt>
      <trkpt lat="22.2801187458" lon="114.2084813888"><ele>169.000</ele></trkpt>
      <trkpt lat="22.2801184909" lon="114.2084919721"><ele>169.000</ele></trkpt>
      <trkpt lat="22.2801181814" lon="114.2085045873"><ele>168.000</ele></trkpt>
      <trkpt lat="22.2801178809" lon="114.2085171917"><ele>168.000</ele></trkpt>
      <trkpt lat="22.2801175960" lon="114.2085287870"><ele>168.000</ele></trkpt>
      <trkpt lat="22.2801126979" lon="114.2085423724"><ele>168.000</ele></trkpt>
      <trkpt lat="22.2801084593" lon="114.2085541328"><ele>167.000</ele></trkpt>
      <trkpt lat="22.2801042225" lon="114.2085658999"><ele>167.000</ele></trkpt>
      <trkpt lat="22.2800999758" lon="114.2085776584"><ele>166.000</ele></trkpt>
      <trkpt lat="22.2800957372" lon="114.2085894207"><ele>166.000</ele></trkpt>
      <trkpt lat="22.2800944388" lon="114.2085930280"><ele>166.000</ele></trkpt>
      <trkpt lat="22.2800869644" lon="114.2086008899"><ele>164.000</ele></trkpt>
      <trkpt lat="22.2800785832" lon="114.2086097170"><ele>164.000</ele></trkpt>
      <trkpt lat="22.2800701929" lon="114.2086185353"><ele>164.000</ele></trkpt>
      <trkpt lat="22.2800647499" lon="114.2086242658"><ele>164.000</ele></trkpt>
      <trkpt lat="22.2800618829" lon="114.2086322131"><ele>164.000</ele></trkpt>
      <trkpt lat="22.2800576444" lon="114.2086439734"><ele>164.000</ele></trkpt>
      <trkpt lat="22.2800534076" lon="114.2086557318"><ele>163.000</ele></trkpt>
      <trkpt lat="22.2800501268" lon="114.2086648269"><ele>163.000</ele></trkpt>
      <trkpt lat="22.2800437445" lon="114.2086709162"><ele>163.000</ele></trkpt>
      <trkpt lat="22.2800349724" lon="114.2086792901"><ele>163.000</ele></trkpt>
      <trkpt lat="22.2800262029" lon="114.2086876717"><ele>163.000</ele></trkpt>
      <trkpt lat="22.2800167803" lon="114.2086966645"><ele>164.000</ele></trkpt>
      <trkpt lat="22.2800096640" lon="114.2087069231"><ele>162.000</ele></trkpt>
      <trkpt lat="22.2800026443" lon="114.2087170235"><ele>162.000</ele></trkpt>
      <trkpt lat="22.2799956345" lon="114.2087271337"><ele>162.000</ele></trkpt>
      <trkpt lat="22.2799886157" lon="114.2087372429"><ele>162.000</ele></trkpt>
      <trkpt lat="22.2799816060" lon="114.2087473511"><ele>164.000</ele></trkpt>
      <trkpt lat="22.2799745881" lon="114.2087574506"><ele>164.000</ele></trkpt>
      <trkpt lat="22.2799667825" lon="114.2087687055"><ele>164.000</ele></trkpt>
      <trkpt lat="22.2799597646" lon="114.2087788128"><ele>159.000</ele></trkpt>
      <trkpt lat="22.2799527449" lon="114.2087889230"><ele>159.000</ele></trkpt>
      <trkpt lat="22.2799464298" lon="114.2087980261"><ele>160.000</ele></trkpt>
      <trkpt lat="22.2799466206" lon="114.2088014475"><ele>160.000</ele></trkpt>
      <trkpt lat="22.2799467735" lon="114.2088043488"><ele>160.000</ele></trkpt>
      <trkpt lat="22.2799469364" lon="114.2088072695"><ele>160.000</ele></trkpt>
      <trkpt lat="22.2799470975" lon="114.2088101669"><ele>160.000</ele></trkpt>
      <trkpt lat="22.2799472154" lon="114.2088123317"><ele>160.000</ele></trkpt>
      <trkpt lat="22.2799472604" lon="114.2088130837"><ele>160.000</ele></trkpt>
      <trkpt lat="22.2799474124" lon="114.2088159734"><ele>160.000</ele></trkpt>
      <trkpt lat="22.2799475753" lon="114.2088188941"><ele>160.000</ele></trkpt>
      <trkpt lat="22.2799477364" lon="114.2088217857"><ele>160.000</ele></trkpt>
      <trkpt lat="22.2799478893" lon="114.2088246967"><ele>160.000</ele></trkpt>
      <trkpt lat="22.2799480522" lon="114.2088276077"><ele>160.000</ele></trkpt>
      <trkpt lat="22.2799482133" lon="114.2088305090"><ele>160.000</ele></trkpt>
      <trkpt lat="22.2799483662" lon="114.2088334104"><ele>160.000</ele></trkpt>
      <trkpt lat="22.2799485282" lon="114.2088363243"><ele>160.000</ele></trkpt>
      <trkpt lat="22.2799486011" lon="114.2088376701"><ele>160.000</ele></trkpt>
      <trkpt lat="22.2799486902" lon="114.2088392285"><ele>160.000</ele></trkpt>
      <trkpt lat="22.2799488431" lon="114.2088421337"><ele>157.000</ele></trkpt>
      <trkpt lat="22.2799489538" lon="114.2088441141"><ele>157.000</ele></trkpt>
      <trkpt lat="22.2799481793" lon="114.2088473024"><ele>157.000</ele></trkpt>
      <trkpt lat="22.2799474906" lon="114.2088501240"><ele>157.000</ele></trkpt>
      <trkpt lat="22.2799468127" lon="114.2088529475"><ele>157.000</ele></trkpt>
      <trkpt lat="22.2799447521" lon="114.2088613888"><ele>157.000</ele></trkpt>
      <trkpt lat="22.2799440742" lon="114.2088642123"><ele>157.000</ele></trkpt>
      <trkpt lat="22.2799427004" lon="114.2088698399"><ele>157.000</ele></trkpt>
      <trkpt lat="22.2799420226" lon="114.2088726634"><ele>157.000</ele></trkpt>
      <trkpt lat="22.2799399619" lon="114.2088811047"><ele>157.000</ele></trkpt>
      <trkpt lat="22.2799392841" lon="114.2088839282"><ele>157.000</ele></trkpt>
      <trkpt lat="22.2799379103" lon="114.2088895558"><ele>157.000</ele></trkpt>
      <trkpt lat="22.2799372325" lon="114.2088923793"><ele>155.000</ele></trkpt>
      <trkpt lat="22.2799351718" lon="114.2089008206"><ele>155.000</ele></trkpt>
      <trkpt lat="22.2799344940" lon="114.2089036441"><ele>155.000</ele></trkpt>
      <trkpt lat="22.2799331202" lon="114.2089092717"><ele>155.000</ele></trkpt>
      <trkpt lat="22.2799324423" lon="114.2089120952"><ele>155.000</ele></trkpt>
      <trkpt lat="22.2799303817" lon="114.2089205365"><ele>155.000</ele></trkpt>
      <trkpt lat="22.2799297029" lon="114.2089233668"><ele>155.000</ele></trkpt>
      <trkpt lat="22.2799089811" lon="114.2089378150"><ele>156.000</ele></trkpt>
      <trkpt lat="22.2798701273" lon="114.2089576396"><ele>153.000</ele></trkpt>
      <trkpt lat="22.2798203551" lon="114.2088887653"><ele>154.000</ele></trkpt>
      <trkpt lat="22.2797666944" lon="114.2088596599"><ele>152.000</ele></trkpt>
      <trkpt lat="22.2797094465" lon="114.2089056489"><ele>152.000</ele></trkpt>
      <trkpt lat="22.2796610237" lon="114.2089078628"><ele>152.000</ele></trkpt>
      <trkpt lat="22.2796589378" lon="114.2089071055"><ele>152.000</ele></trkpt>
      <trkpt lat="22.2796565178" lon="114.2089059891"><ele>152.000</ele></trkpt>
      <trkpt lat="22.2796541521" lon="114.2089046689"><ele>152.000</ele></trkpt>
      <trkpt lat="22.2796518315" lon="114.2089031643"><ele>152.000</ele></trkpt>
      <trkpt lat="22.2796495380" lon="114.2089014949"><ele>152.000</ele></trkpt>
      <trkpt lat="22.2796472898" lon="114.2088996993"><ele>152.000</ele></trkpt>
      <trkpt lat="22.2796450596" lon="114.2088977872"><ele>152.000</ele></trkpt>
      <trkpt lat="22.2796428565" lon="114.2088957879"><ele>152.000</ele></trkpt>
      <trkpt lat="22.2796406625" lon="114.2088937109"><ele>152.000</ele></trkpt>
      <trkpt lat="22.2796384865" lon="114.2088916048"><ele>152.000</ele></trkpt>
      <trkpt lat="22.2796363195" lon="114.2088894793"><ele>155.000</ele></trkpt>
      <trkpt lat="22.2796341526" lon="114.2088873538"><ele>155.000</ele></trkpt>
      <trkpt lat="22.2796319766" lon="114.2088852477"><ele>155.000</ele></trkpt>
      <trkpt lat="22.2796298007" lon="114.2088831998"><ele>155.000</ele></trkpt>
      <trkpt lat="22.2796276066" lon="114.2088812295"><ele>155.000</ele></trkpt>
      <trkpt lat="22.2796253945" lon="114.2088793563"><ele>155.000</ele></trkpt>
      <trkpt lat="22.2796231643" lon="114.2088775995"><ele>155.000</ele></trkpt>
      <trkpt lat="22.2796208979" lon="114.2088759786"><ele>155.000</ele></trkpt>
      <trkpt lat="22.2796186044" lon="114.2088745420"><ele>155.000</ele></trkpt>
      <trkpt lat="22.2796162657" lon="114.2088732800"><ele>155.000</ele></trkpt>
      <trkpt lat="22.2796138818" lon="114.2088722412"><ele>155.000</ele></trkpt>
      <trkpt lat="22.2796114527" lon="114.2088714353"><ele>155.000</ele></trkpt>
      <trkpt lat="22.2796089694" lon="114.2088709011"><ele>155.000</ele></trkpt>
      <trkpt lat="22.2796064228" lon="114.2088706385"><ele>155.000</ele></trkpt>
      <trkpt lat="22.2796038310" lon="114.2088705991"><ele>155.000</ele></trkpt>
      <trkpt lat="22.2796012302" lon="114.2088705791"><ele>154.000</ele></trkpt>
      <trkpt lat="22.2795986113" lon="114.2088705591"><ele>154.000</ele></trkpt>
      <trkpt lat="22.2795959834" lon="114.2088705585"><ele>154.000</ele></trkpt>
      <trkpt lat="22.2795933465" lon="114.2088705579"><ele>154.000</ele></trkpt>
      <trkpt lat="22.2795907095" lon="114.2088705767"><ele>154.000</ele></trkpt>
      <trkpt lat="22.2795880545" lon="114.2088705955"><ele>154.000</ele></trkpt>
      <trkpt lat="22.2795853905" lon="114.2088706240"><ele>154.000</ele></trkpt>
      <trkpt lat="22.2795827174" lon="114.2088706622"><ele>154.000</ele></trkpt>
      <trkpt lat="22.2795800353" lon="114.2088707101"><ele>154.000</ele></trkpt>
      <trkpt lat="22.2795773532" lon="114.2088707677"><ele>154.000</ele></trkpt>
      <trkpt lat="22.2795746530" lon="114.2088708350"><ele>154.000</ele></trkpt>
      <trkpt lat="22.2795719528" lon="114.2088709120"><ele>154.000</ele></trkpt>
      <trkpt lat="22.2795692436" lon="114.2088709988"><ele>154.000</ele></trkpt>
      <trkpt lat="22.2795665344" lon="114.2088710952"><ele>154.000</ele></trkpt>
      <trkpt lat="22.2795638071" lon="114.2088712013"><ele>154.000</ele></trkpt>
      <trkpt lat="22.2795610799" lon="114.2088713171"><ele>154.000</ele></trkpt>
      <trkpt lat="22.2795583526" lon="114.2088714426"><ele>154.000</ele></trkpt>
      <trkpt lat="22.2795556163" lon="114.2088715778"><ele>154.000</ele></trkpt>
      <trkpt lat="22.2795528709" lon="114.2088717228"><ele>154.000</ele></trkpt>
      <trkpt lat="22.2795501256" lon="114.2088718871"><ele>154.000</ele></trkpt>
      <trkpt lat="22.2795473712" lon="114.2088720514"><ele>154.000</ele></trkpt>
      <trkpt lat="22.2795446168" lon="114.2088722352"><ele>154.000</ele></trkpt>
      <trkpt lat="22.2795418534" lon="114.2088724189"><ele>154.000</ele></trkpt>
      <trkpt lat="22.2795390900" lon="114.2088726220"><ele>154.000</ele></trkpt>
      <trkpt lat="22.2795363266" lon="114.2088728349"><ele>154.000</ele></trkpt>
      <trkpt lat="22.2795335632" lon="114.2088730574"><ele>154.000</ele></trkpt>
      <trkpt lat="22.2795307907" lon="114.2088732897"><ele>154.000</ele></trkpt>
      <trkpt lat="22.2795280183" lon="114.2088735316"><ele>154.000</ele></trkpt>
      <trkpt lat="22.2795252458" lon="114.2088737930"><ele>154.000</ele></trkpt>
      <trkpt lat="22.2795224733" lon="114.2088740543"><ele>154.000</ele></trkpt>
      <trkpt lat="22.2795197009" lon="114.2088743351"><ele>154.000</ele></trkpt>
      <trkpt lat="22.2795169194" lon="114.2088746255"><ele>154.000</ele></trkpt>
      <trkpt lat="22.2795141469" lon="114.2088749354"><ele>154.000</ele></trkpt>
      <trkpt lat="22.2795113654" lon="114.2088752453"><ele>154.000</ele></trkpt>
      <trkpt lat="22.2795085930" lon="114.2088755746"><ele>154.000</ele></trkpt>
      <trkpt lat="22.2795058205" lon="114.2088759135"><ele>154.000</ele></trkpt>
      <trkpt lat="22.2795030480" lon="114.2088762719"><ele>154.000</ele></trkpt>
      <trkpt lat="22.2795002755" lon="114.2088766400"><ele>154.000</ele></trkpt>
      <trkpt lat="22.2794975030" lon="114.2088770178"><ele>154.000</ele></trkpt>
      <trkpt lat="22.2794947306" lon="114.2088774053"><ele>154.000</ele></trkpt>
      <trkpt lat="22.2794919671" lon="114.2088778122"><ele>154.000</ele></trkpt>
      <trkpt lat="22.2794892037" lon="114.2088782288"><ele>154.000</ele></trkpt>
      <trkpt lat="22.2794864402" lon="114.2088786551"><ele>154.000</ele></trkpt>
      <trkpt lat="22.2794836858" lon="114.2088791009"><ele>154.000</ele></trkpt>
      <trkpt lat="22.2794809313" lon="114.2088795563"><ele>154.000</ele></trkpt>
      <trkpt lat="22.2794781859" lon="114.2088800214"><ele>154.000</ele></trkpt>
      <trkpt lat="22.2794754405" lon="114.2088805059"><ele>154.000</ele></trkpt>
      <trkpt lat="22.2794726951" lon="114.2088810002"><ele>154.000</ele></trkpt>
      <trkpt lat="22.2794699587" lon="114.2088815138"><ele>154.000</ele></trkpt>
      <trkpt lat="22.2794672314" lon="114.2088820372"><ele>154.000</ele></trkpt>
      <trkpt lat="22.2794645040" lon="114.2088825799"><ele>154.000</ele></trkpt>
      <trkpt lat="22.2794617857" lon="114.2088831324"><ele>154.000</ele></trkpt>
      <trkpt lat="22.2794590764" lon="114.2088836946"><ele>154.000</ele></trkpt>
      <trkpt lat="22.2794563761" lon="114.2088842761"><ele>154.000</ele></trkpt>
      <trkpt lat="22.2794536758" lon="114.2088848771"><ele>154.000</ele></trkpt>
      <trkpt lat="22.2794509846" lon="114.2088854878"><ele>154.000</ele></trkpt>
      <trkpt lat="22.2794483023" lon="114.2088861082"><ele>154.000</ele></trkpt>
      <trkpt lat="22.2794456201" lon="114.2088867480"><ele>154.000</ele></trkpt>
      <trkpt lat="22.2794429559" lon="114.2088874072"><ele>154.000</ele></trkpt>
      <trkpt lat="22.2794403008" lon="114.2088880761"><ele>154.000</ele></trkpt>
      <trkpt lat="22.2794376457" lon="114.2088887645"><ele>154.000</ele></trkpt>
      <trkpt lat="22.2794350086" lon="114.2088894625"><ele>154.000</ele></trkpt>
      <trkpt lat="22.2794323805" lon="114.2088901799"><ele>152.000</ele></trkpt>
      <trkpt lat="22.2794297615" lon="114.2088909071"><ele>152.000</ele></trkpt>
      <trkpt lat="22.2794271515" lon="114.2088916536"><ele>152.000</ele></trkpt>
      <trkpt lat="22.2794245505" lon="114.2088924196"><ele>152.000</ele></trkpt>
      <trkpt lat="22.2794219586" lon="114.2088931952"><ele>152.000</ele></trkpt>
      <trkpt lat="22.2794193847" lon="114.2088939903"><ele>152.000</ele></trkpt>
      <trkpt lat="22.2794168108" lon="114.2088948048"><ele>152.000</ele></trkpt>
      <trkpt lat="22.2794142640" lon="114.2088956290"><ele>152.000</ele></trkpt>
      <trkpt lat="22.2794117172" lon="114.2088964726"><ele>152.000</ele></trkpt>
      <trkpt lat="22.2794091884" lon="114.2088973356"><ele>152.000</ele></trkpt>
      <trkpt lat="22.2794066777" lon="114.2088982083"><ele>152.000</ele></trkpt>
      <trkpt lat="22.2794041670" lon="114.2088991004"><ele>152.000</ele></trkpt>
      <trkpt lat="22.2794016834" lon="114.2089000120"><ele>152.000</ele></trkpt>
      <trkpt lat="22.2793992089" lon="114.2089009429"><ele>152.000</ele></trkpt>
      <trkpt lat="22.2793967433" lon="114.2089018836"><ele>152.000</ele></trkpt>
      <trkpt lat="22.2793942958" lon="114.2089028436"><ele>152.000</ele></trkpt>
      <trkpt lat="22.2793918664" lon="114.2089038231"><ele>152.000</ele></trkpt>
      <trkpt lat="22.2793894460" lon="114.2089048317"><ele>152.000</ele></trkpt>
      <trkpt lat="22.2793870436" lon="114.2089058985"><ele>152.000</ele></trkpt>
      <trkpt lat="22.2793846412" lon="114.2089070429"><ele>152.000</ele></trkpt>
      <trkpt lat="22.2793822569" lon="114.2089082553"><ele>152.000</ele></trkpt>
      <trkpt lat="22.2793798816" lon="114.2089095258"><ele>152.000</ele></trkpt>
      <trkpt lat="22.2793775153" lon="114.2089108643"><ele>154.000</ele></trkpt>
      <trkpt lat="22.2793751671" lon="114.2089122708"><ele>154.000</ele></trkpt>
      <trkpt lat="22.2793728369" lon="114.2089137354"><ele>154.000</ele></trkpt>
      <trkpt lat="22.2793705157" lon="114.2089152583"><ele>154.000</ele></trkpt>
      <trkpt lat="22.2793682126" lon="114.2089168394"><ele>154.000</ele></trkpt>
      <trkpt lat="22.2793659275" lon="114.2089184787"><ele>154.000</ele></trkpt>
      <trkpt lat="22.2793636605" lon="114.2089201666"><ele>154.000</ele></trkpt>
      <trkpt lat="22.2793614115" lon="114.2089219029"><ele>154.000</ele></trkpt>
      <trkpt lat="22.2793591806" lon="114.2089236975"><ele>154.000</ele></trkpt>
      <trkpt lat="22.2793569677" lon="114.2089255406"><ele>154.000</ele></trkpt>
      <trkpt lat="22.2793547819" lon="114.2089274322"><ele>154.000</ele></trkpt>
      <trkpt lat="22.2793526052" lon="114.2089293627"><ele>154.000</ele></trkpt>
      <trkpt lat="22.2793504645" lon="114.2089313319"><ele>154.000</ele></trkpt>
      <trkpt lat="22.2793483419" lon="114.2089333497"><ele>154.000</ele></trkpt>
      <trkpt lat="22.2793462464" lon="114.2089354063"><ele>154.000</ele></trkpt>
      <trkpt lat="22.2793441689" lon="114.2089375017"><ele>154.000</ele></trkpt>
      <trkpt lat="22.2793421185" lon="114.2089396360"><ele>152.000</ele></trkpt>
      <trkpt lat="22.2793400953" lon="114.2089417993"><ele>152.000</ele></trkpt>
      <trkpt lat="22.2793381081" lon="114.2089440015"><ele>152.000</ele></trkpt>
      <trkpt lat="22.2793361390" lon="114.2089462231"><ele>152.000</ele></trkpt>
      <trkpt lat="22.2793342060" lon="114.2089484835"><ele>152.000</ele></trkpt>
      <trkpt lat="22.2793323000" lon="114.2089507633"><ele>154.000</ele></trkpt>
      <trkpt lat="22.2793304212" lon="114.2089530722"><ele>154.000</ele></trkpt>
      <trkpt lat="22.2793285785" lon="114.2089554103"><ele>154.000</ele></trkpt>
      <trkpt lat="22.2793267629" lon="114.2089577580"><ele>154.000</ele></trkpt>
      <trkpt lat="22.2793249834" lon="114.2089601349"><ele>154.000</ele></trkpt>
      <trkpt lat="22.2793232400" lon="114.2089625312"><ele>154.000</ele></trkpt>
      <trkpt lat="22.2793215237" lon="114.2089649372"><ele>154.000</ele></trkpt>
      <trkpt lat="22.2793198525" lon="114.2089673626"><ele>154.000</ele></trkpt>
      <trkpt lat="22.2793182085" lon="114.2089697978"><ele>154.000</ele></trkpt>
      <trkpt lat="22.2793166096" lon="114.2089722426"><ele>154.000</ele></trkpt>
      <trkpt lat="22.2793150468" lon="114.2089746972"><ele>154.000</ele></trkpt>
      <trkpt lat="22.2793135201" lon="114.2089771614"><ele>154.000</ele></trkpt>
      <trkpt lat="22.2793120386" lon="114.2089796354"><ele>154.000</ele></trkpt>
      <trkpt lat="22.2793105932" lon="114.2089821094"><ele>154.000</ele></trkpt>
      <trkpt lat="22.2793091839" lon="114.2089845834"><ele>154.000</ele></trkpt>
      <trkpt lat="22.2793078289" lon="114.2089870574"><ele>154.000</ele></trkpt>
      <trkpt lat="22.2793065099" lon="114.2089895314"><ele>152.000</ele></trkpt>
      <trkpt lat="22.2793052361" lon="114.2089920054"><ele>152.000</ele></trkpt>
      <trkpt lat="22.2793039984" lon="114.2089944697"><ele>152.000</ele></trkpt>
      <trkpt lat="22.2793028239" lon="114.2089969438"><ele>152.000</ele></trkpt>
      <trkpt lat="22.2793016946" lon="114.2089994470"><ele>152.000</ele></trkpt>
      <trkpt lat="22.2793006104" lon="114.2090019792"><ele>152.000</ele></trkpt>
      <trkpt lat="22.2792995804" lon="114.2090045407"><ele>152.000</ele></trkpt>
      <trkpt lat="22.2792985956" lon="114.2090071312"><ele>152.000</ele></trkpt>
      <trkpt lat="22.2792976559" lon="114.2090097508"><ele>152.000</ele></trkpt>
      <trkpt lat="22.2792967613" lon="114.2090123899"><ele>152.000</ele></trkpt>
      <trkpt lat="22.2792959119" lon="114.2090150581"><ele>152.000</ele></trkpt>
      <trkpt lat="22.2792950986" lon="114.2090177554"><ele>152.000</ele></trkpt>
      <trkpt lat="22.2792943305" lon="114.2090204624"><ele>152.000</ele></trkpt>
      <trkpt lat="22.2792935894" lon="114.2090232082"><ele>152.000</ele></trkpt>
      <trkpt lat="22.2792928935" lon="114.2090259638"><ele>152.000</ele></trkpt>
      <trkpt lat="22.2792922337" lon="114.2090287387"><ele>152.000</ele></trkpt>
      <trkpt lat="22.2792916010" lon="114.2090315331"><ele>152.000</ele></trkpt>
      <trkpt lat="22.2792909954" lon="114.2090343566"><ele>152.000</ele></trkpt>
      <trkpt lat="22.2792904259" lon="114.2090371898"><ele>152.000</ele></trkpt>
      <trkpt lat="22.2792898835" lon="114.2090400327"><ele>152.000</ele></trkpt>
      <trkpt lat="22.2792893682" lon="114.2090429048"><ele>152.000</ele></trkpt>
      <trkpt lat="22.2792888709" lon="114.2090457768"><ele>152.000</ele></trkpt>
      <trkpt lat="22.2792884098" lon="114.2090486779"><ele>152.000</ele></trkpt>
      <trkpt lat="22.2792879577" lon="114.2090515791"><ele>152.000</ele></trkpt>
      <trkpt lat="22.2792875327" lon="114.2090544997"><ele>152.000</ele></trkpt>
      <trkpt lat="22.2792871167" lon="114.2090574202"><ele>153.000</ele></trkpt>
      <trkpt lat="22.2792867278" lon="114.2090603602"><ele>153.000</ele></trkpt>
      <trkpt lat="22.2792863479" lon="114.2090633099"><ele>153.000</ele></trkpt>
      <trkpt lat="22.2792859861" lon="114.2090662596"><ele>153.000</ele></trkpt>
      <trkpt lat="22.2792856333" lon="114.2090692287"><ele>153.000</ele></trkpt>
      <trkpt lat="22.2792852896" lon="114.2090721881"><ele>153.000</ele></trkpt>
      <trkpt lat="22.2792849548" lon="114.2090751669"><ele>153.000</ele></trkpt>
      <trkpt lat="22.2792846291" lon="114.2090781457"><ele>153.000</ele></trkpt>
      <trkpt lat="22.2792843125" lon="114.2090811245"><ele>153.000</ele></trkpt>
      <trkpt lat="22.2792839958" lon="114.2090841033"><ele>153.000</ele></trkpt>
      <trkpt lat="22.2792836792" lon="114.2090870821"><ele>150.000</ele></trkpt>
      <trkpt lat="22.2792833625" lon="114.2090900706"><ele>150.000</ele></trkpt>
      <trkpt lat="22.2792830458" lon="114.2090930494"><ele>150.000</ele></trkpt>
      <trkpt lat="22.2792827292" lon="114.2090960379"><ele>150.000</ele></trkpt>
      <trkpt lat="22.2792824125" lon="114.2090990168"><ele>150.000</ele></trkpt>
      <trkpt lat="22.2792820778" lon="114.2091019859"><ele>150.000</ele></trkpt>
      <trkpt lat="22.2792817430" lon="114.2091049647"><ele>150.000</ele></trkpt>
      <trkpt lat="22.2792813993" lon="114.2091079241"><ele>150.000</ele></trkpt>
      <trkpt lat="22.2792810465" lon="114.2091108835"><ele>150.000</ele></trkpt>
      <trkpt lat="22.2792806757" lon="114.2091138428"><ele>150.000</ele></trkpt>
      <trkpt lat="22.2792802958" lon="114.2091167828"><ele>150.000</ele></trkpt>
      <trkpt lat="22.2792798979" lon="114.2091197228"><ele>150.000</ele></trkpt>
      <trkpt lat="22.2792794819" lon="114.2091226434"><ele>150.000</ele></trkpt>
      <trkpt lat="22.2792790478" lon="114.2091255542"><ele>150.000</ele></trkpt>
      <trkpt lat="22.2792785957" lon="114.2091284651"><ele>150.000</ele></trkpt>
      <trkpt lat="22.2792781255" lon="114.2091313468"><ele>150.000</ele></trkpt>
      <trkpt lat="22.2792776283" lon="114.2091342286"><ele>150.000</ele></trkpt>
      <trkpt lat="22.2792771039" lon="114.2091370909"><ele>150.000</ele></trkpt>
      <trkpt lat="22.2792513220" lon="114.2091933742"><ele>150.000</ele></trkpt>
      <trkpt lat="22.2792436096" lon="114.2091990303"><ele>150.000</ele></trkpt>
      <trkpt lat="22.2792339183" lon="114.2092061405"><ele>153.000</ele></trkpt>
      <trkpt lat="22.2792242279" lon="114.2092132498"><ele>153.000</ele></trkpt>
      <trkpt lat="22.2792145276" lon="114.2092203600"><ele>153.000</ele></trkpt>
      <trkpt lat="22.2792048354" lon="114.2092274712"><ele>153.000</ele></trkpt>
      <trkpt lat="22.2791951441" lon="114.2092345814"><ele>154.000</ele></trkpt>
      <trkpt lat="22.2791854528" lon="114.2092416916"><ele>154.000</ele></trkpt>
      <trkpt lat="22.2791765040" lon="114.2092482576"><ele>154.000</ele></trkpt>
      <trkpt lat="22.2791722029" lon="114.2092514063"><ele>154.000</ele></trkpt>
      <trkpt lat="22.2791678434" lon="114.2092581917"><ele>154.000</ele></trkpt>
      <trkpt lat="22.2791611839" lon="114.2092685745"><ele>154.000</ele></trkpt>
      <trkpt lat="22.2791545272" lon="114.2092789544"><ele>150.000</ele></trkpt>
      <trkpt lat="22.2791478704" lon="114.2092893246"><ele>149.000</ele></trkpt>
      <trkpt lat="22.2791409499" lon="114.2093001042"><ele>149.000</ele></trkpt>
      <trkpt lat="22.2791420488" lon="114.2093144060"><ele>149.000</ele></trkpt>
      <trkpt lat="22.2791430035" lon="114.2093269709"><ele>148.000</ele></trkpt>
      <trkpt lat="22.2791449310" lon="114.2093520832"><ele>148.000</ele></trkpt>
      <trkpt lat="22.2791458858" lon="114.2093646490"><ele>148.000</ele></trkpt>
      <trkpt lat="22.2791468504" lon="114.2093772081"><ele>146.000</ele></trkpt>
      <trkpt lat="22.2791478133" lon="114.2093897710"><ele>146.000</ele></trkpt>
      <trkpt lat="22.2791487680" lon="114.2094023271"><ele>146.000</ele></trkpt>
      <trkpt lat="22.2791497327" lon="114.2094148959"><ele>146.000</ele></trkpt>
      <trkpt lat="22.2791506955" lon="114.2094274491"><ele>147.000</ele></trkpt>
      <trkpt lat="22.2791516503" lon="114.2094400150"><ele>147.000</ele></trkpt>
      <trkpt lat="22.2791526149" lon="114.2094525741"><ele>146.000</ele></trkpt>
      <trkpt lat="22.2791535787" lon="114.2094651380"><ele>146.000</ele></trkpt>
      <trkpt lat="22.2791544370" lon="114.2094763803"><ele>148.000</ele></trkpt>
      <trkpt lat="22.2791501111" lon="114.2094819664"><ele>148.000</ele></trkpt>
      <trkpt lat="22.2791425957" lon="114.2094916581"><ele>148.000</ele></trkpt>
      <trkpt lat="22.2791350875" lon="114.2095013508"><ele>148.000</ele></trkpt>
      <trkpt lat="22.2791275811" lon="114.2095110426"><ele>148.000</ele></trkpt>
      <trkpt lat="22.2791200765" lon="114.2095207333"><ele>150.000</ele></trkpt>
      <trkpt lat="22.2791125610" lon="114.2095304251"><ele>150.000</ele></trkpt>
      <trkpt lat="22.2791050528" lon="114.2095401178"><ele>150.000</ele></trkpt>
      <trkpt lat="22.2790975482" lon="114.2095498085"><ele>150.000</ele></trkpt>
      <trkpt lat="22.2790900318" lon="114.2095595003"><ele>150.000</ele></trkpt>
      <trkpt lat="22.2790839761" lon="114.2095673225"><ele>150.000</ele></trkpt>
      <trkpt lat="22.2790825571" lon="114.2095689727"><ele>150.000</ele></trkpt>
      <trkpt lat="22.2790745748" lon="114.2095782141"><ele>150.000</ele></trkpt>
      <trkpt lat="22.2790665989" lon="114.2095874594"><ele>150.000</ele></trkpt>
      <trkpt lat="22.2790586140" lon="114.2095967047"><ele>149.000</ele></trkpt>
      <trkpt lat="22.2790506381" lon="114.2096059499"><ele>149.000</ele></trkpt>
      <trkpt lat="22.2790426531" lon="114.2096151952"><ele>149.000</ele></trkpt>
      <trkpt lat="22.2790346772" lon="114.2096244414"><ele>147.000</ele></trkpt>
      <trkpt lat="22.2790266471" lon="114.2096337439"><ele>147.000</ele></trkpt>
      <trkpt lat="22.2790243582" lon="114.2096363963"><ele>147.000</ele></trkpt>
      <trkpt lat="22.2790188011" lon="114.2096436103"><ele>147.000</ele></trkpt>
      <trkpt lat="22.2790113055" lon="114.2096533097"><ele>144.000</ele></trkpt>
      <trkpt lat="22.2790038144" lon="114.2096630141"><ele>144.000</ele></trkpt>
      <trkpt lat="22.2789963260" lon="114.2096727242"><ele>144.000</ele></trkpt>
      <trkpt lat="22.2789888377" lon="114.2096824257"><ele>144.000</ele></trkpt>
      <trkpt lat="22.2789813493" lon="114.2096921378"><ele>144.000</ele></trkpt>
      <trkpt lat="22.2789738619" lon="114.2097018373"><ele>144.000</ele></trkpt>
      <trkpt lat="22.2789663726" lon="114.2097115406"><ele>144.000</ele></trkpt>
      <trkpt lat="22.2789588842" lon="114.2097212517"><ele>145.000</ele></trkpt>
      <trkpt lat="22.2789513959" lon="114.2097309532"><ele>145.000</ele></trkpt>
      <trkpt lat="22.2789439075" lon="114.2097406643"><ele>145.000</ele></trkpt>
      <trkpt lat="22.2789364200" lon="114.2097503638"><ele>145.000</ele></trkpt>
      <trkpt lat="22.2789289308" lon="114.2097600671"><ele>145.000</ele></trkpt>
      <trkpt lat="22.2789214424" lon="114.2097697783"><ele>140.000</ele></trkpt>
      <trkpt lat="22.2789139314" lon="114.2097795127"><ele>140.000</ele></trkpt>
      <trkpt lat="22.2788969853" lon="114.2097712882"><ele>140.000</ele></trkpt>
      <trkpt lat="22.2788562024" lon="114.2097696601"><ele>135.000</ele></trkpt>
      <trkpt lat="22.2788264695" lon="114.2097446782"><ele>132.000</ele></trkpt>
      <trkpt lat="22.2788227592" lon="114.2097164789"><ele>132.000</ele></trkpt>
      <trkpt lat="22.2788134715" lon="114.2097193111"><ele>132.000</ele></trkpt>
      <trkpt lat="22.2788021924" lon="114.2097227433"><ele>132.000</ele></trkpt>
      <trkpt lat="22.2787909134" lon="114.2097261853"><ele>132.000</ele></trkpt>
      <trkpt lat="22.2787795006" lon="114.2097296612"><ele>132.000</ele></trkpt>
      <trkpt lat="22.2787697498" lon="114.2097408593"><ele>132.000</ele></trkpt>
      <trkpt lat="22.2788182672" lon="114.2098015960"><ele>132.000</ele></trkpt>
      <trkpt lat="22.2788704653" lon="114.2099385947"><ele>128.000</ele></trkpt>
      <trkpt lat="22.2788467763" lon="114.2099468911"><ele>128.000</ele></trkpt>
      <trkpt lat="22.2788356226" lon="114.2099507989"><ele>128.000</ele></trkpt>
      <trkpt lat="22.2788226429" lon="114.2099553427"><ele>128.000</ele></trkpt>
      <trkpt lat="22.2788150536" lon="114.2099682694"><ele>130.000</ele></trkpt>
      <trkpt lat="22.2788088022" lon="114.2099789424"><ele>130.000</ele></trkpt>
      <trkpt lat="22.2788025418" lon="114.2099896125"><ele>130.000</ele></trkpt>
      <trkpt lat="22.2787962823" lon="114.2100002845"><ele>130.000</ele></trkpt>
      <trkpt lat="22.2787900219" lon="114.2100109565"><ele>128.000</ele></trkpt>
      <trkpt lat="22.2787837606" lon="114.2100216304"><ele>128.000</ele></trkpt>
      <trkpt lat="22.2787775092" lon="114.2100323024"><ele>128.000</ele></trkpt>
      <trkpt lat="22.2787712497" lon="114.2100429725"><ele>128.000</ele></trkpt>
      <trkpt lat="22.2787649892" lon="114.2100536445"><ele>128.000</ele></trkpt>
      <trkpt lat="22.2787587288" lon="114.2100643165"><ele>128.000</ele></trkpt>
      <trkpt lat="22.2787524675" lon="114.2100749904"><ele>128.000</ele></trkpt>
      <trkpt lat="22.2787462161" lon="114.2100856624"><ele>128.000</ele></trkpt>
      <trkpt lat="22.2787399566" lon="114.2100963325"><ele>126.000</ele></trkpt>
      <trkpt lat="22.2787336962" lon="114.2101070045"><ele>128.000</ele></trkpt>
      <trkpt lat="22.2787274358" lon="114.2101176764"><ele>128.000</ele></trkpt>
      <trkpt lat="22.2787231230" lon="114.2101250285"><ele>128.000</ele></trkpt>
      <trkpt lat="22.2786400394" lon="114.2101069959"><ele>124.000</ele></trkpt>
      <trkpt lat="22.2786176701" lon="114.2101311291"><ele>124.000</ele></trkpt>
      <trkpt lat="22.2785385977" lon="114.2102503514"><ele>122.000</ele></trkpt>
      <trkpt lat="22.2785095423" lon="114.2103217363"><ele>125.000</ele></trkpt>
      <trkpt lat="22.2783952271" lon="114.2104568718"><ele>124.000</ele></trkpt>
      <trkpt lat="22.2783936842" lon="114.2104590663"><ele>124.000</ele></trkpt>
      <trkpt lat="22.2783918686" lon="114.2104612297"><ele>124.000</ele></trkpt>
      <trkpt lat="22.2783900530" lon="114.2104633930"><ele>124.000</ele></trkpt>
      <trkpt lat="22.2783882374" lon="114.2104655467"><ele>124.000</ele></trkpt>
      <trkpt lat="22.2783864218" lon="114.2104677101"><ele>124.000</ele></trkpt>
      <trkpt lat="22.2783846062" lon="114.2104698734"><ele>124.000</ele></trkpt>
      <trkpt lat="22.2783827906" lon="114.2104720368"><ele>126.000</ele></trkpt>
      <trkpt lat="22.2783809750" lon="114.2104741905"><ele>126.000</ele></trkpt>
      <trkpt lat="22.2783791594" lon="114.2104763538"><ele>126.000</ele></trkpt>
      <trkpt lat="22.2783773438" lon="114.2104785172"><ele>126.000</ele></trkpt>
      <trkpt lat="22.2783755552" lon="114.2104807097"><ele>126.000</ele></trkpt>
      <trkpt lat="22.2783735410" lon="114.2104825722"><ele>126.000</ele></trkpt>
      <trkpt lat="22.2783709942" lon="114.2104836292"><ele>126.000</ele></trkpt>
      <trkpt lat="22.2783685105" lon="114.2104847833"><ele>126.000</ele></trkpt>
      <trkpt lat="22.2783660268" lon="114.2104859471"><ele>126.000</ele></trkpt>
      <trkpt lat="22.2783635432" lon="114.2104871206"><ele>126.000</ele></trkpt>
      <trkpt lat="22.2783610685" lon="114.2104882941"><ele>126.000</ele></trkpt>
      <trkpt lat="22.2783585939" lon="114.2104894870"><ele>126.000</ele></trkpt>
      <trkpt lat="22.2783561192" lon="114.2104906701"><ele>126.000</ele></trkpt>
      <trkpt lat="22.2783536536" lon="114.2104918630"><ele>124.000</ele></trkpt>
      <trkpt lat="22.2783511790" lon="114.2104930559"><ele>124.000</ele></trkpt>
      <trkpt lat="22.2783487043" lon="114.2104942488"><ele>124.000</ele></trkpt>
      <trkpt lat="22.2783462297" lon="114.2104954320"><ele>124.000</ele></trkpt>
      <trkpt lat="22.2783437551" lon="114.2104966152"><ele>124.000</ele></trkpt>
      <trkpt lat="22.2783412714" lon="114.2104977790"><ele>124.000</ele></trkpt>
      <trkpt lat="22.2783387877" lon="114.2104989428"><ele>124.000</ele></trkpt>
      <trkpt lat="22.2783362950" lon="114.2105000871"><ele>124.000</ele></trkpt>
      <trkpt lat="22.2783338023" lon="114.2105012121"><ele>124.000</ele></trkpt>
      <trkpt lat="22.2783313006" lon="114.2105023274"><ele>124.000</ele></trkpt>
      <trkpt lat="22.2783287899" lon="114.2105034232"><ele>124.000</ele></trkpt>
      <trkpt lat="22.2783262701" lon="114.2105044900"><ele>124.000</ele></trkpt>
      <trkpt lat="22.2783237413" lon="114.2105055373"><ele>124.000</ele></trkpt>
      <trkpt lat="22.2783212035" lon="114.2105065652"><ele>124.000</ele></trkpt>
      <trkpt lat="22.2783186567" lon="114.2105075543"><ele>124.000</ele></trkpt>
      <trkpt lat="22.2783161008" lon="114.2105085143"><ele>124.000</ele></trkpt>
      <trkpt lat="22.2783135269" lon="114.2105094452"><ele>124.000</ele></trkpt>
      <trkpt lat="22.2783109529" lon="114.2105103470"><ele>124.000</ele></trkpt>
      <trkpt lat="22.2783083790" lon="114.2105112488"><ele>124.000</ele></trkpt>
      <trkpt lat="22.2783058051" lon="114.2105121408"><ele>124.000</ele></trkpt>
      <trkpt lat="22.2783032222" lon="114.2105130329"><ele>124.000</ele></trkpt>
      <trkpt lat="22.2783006392" lon="114.2105139153"><ele>124.000</ele></trkpt>
      <trkpt lat="22.2782980563" lon="114.2105147879"><ele>124.000</ele></trkpt>
      <trkpt lat="22.2782954733" lon="114.2105156606"><ele>124.000</ele></trkpt>
      <trkpt lat="22.2782928813" lon="114.2105165235"><ele>124.000</ele></trkpt>
      <trkpt lat="22.2782902894" lon="114.2105173671"><ele>124.000</ele></trkpt>
      <trkpt lat="22.2782876974" lon="114.2105182107"><ele>124.000</ele></trkpt>
      <trkpt lat="22.2782851054" lon="114.2105190445"><ele>124.000</ele></trkpt>
      <trkpt lat="22.2782825044" lon="114.2105198589"><ele>124.000</ele></trkpt>
      <trkpt lat="22.2782799035" lon="114.2105206734"><ele>124.000</ele></trkpt>
      <trkpt lat="22.2782772934" lon="114.2105214684"><ele>124.000</ele></trkpt>
      <trkpt lat="22.2782746834" lon="114.2105222440"><ele>124.000</ele></trkpt>
      <trkpt lat="22.2782720734" lon="114.2105230197"><ele>124.000</ele></trkpt>
      <trkpt lat="22.2782694544" lon="114.2105237662"><ele>124.000</ele></trkpt>
      <trkpt lat="22.2782668353" lon="114.2105245030"><ele>124.000</ele></trkpt>
      <trkpt lat="22.2782642073" lon="114.2105252301"><ele>124.000</ele></trkpt>
      <trkpt lat="22.2782615792" lon="114.2105259281"><ele>124.000</ele></trkpt>
      <trkpt lat="22.2782589421" lon="114.2105266164"><ele>124.000</ele></trkpt>
      <trkpt lat="22.2782563050" lon="114.2105272853"><ele>124.000</ele></trkpt>
      <trkpt lat="22.2782536679" lon="114.2105279250"><ele>124.000</ele></trkpt>
      <trkpt lat="22.2782510218" lon="114.2105285551"><ele>124.000</ele></trkpt>
      <trkpt lat="22.2782483757" lon="114.2105291561"><ele>125.000</ele></trkpt>
      <trkpt lat="22.2782457206" lon="114.2105297473"><ele>125.000</ele></trkpt>
      <trkpt lat="22.2782430564" lon="114.2105303095"><ele>125.000</ele></trkpt>
      <trkpt lat="22.2782403923" lon="114.2105308425"><ele>125.000</ele></trkpt>
      <trkpt lat="22.2782377282" lon="114.2105313561"><ele>125.000</ele></trkpt>
      <trkpt lat="22.2782350550" lon="114.2105318406"><ele>125.000</ele></trkpt>
      <trkpt lat="22.2782323818" lon="114.2105323057"><ele>125.000</ele></trkpt>
      <trkpt lat="22.2782297087" lon="114.2105327320"><ele>125.000</ele></trkpt>
      <trkpt lat="22.2782270174" lon="114.2105331292"><ele>125.000</ele></trkpt>
      <trkpt lat="22.2782243262" lon="114.2105334779"><ele>125.000</ele></trkpt>
      <trkpt lat="22.2782216350" lon="114.2105337974"><ele>125.000</ele></trkpt>
      <trkpt lat="22.2782189439" lon="114.2105340685"><ele>125.000</ele></trkpt>
      <trkpt lat="22.2782162436" lon="114.2105343201"><ele>125.000</ele></trkpt>
      <trkpt lat="22.2782135344" lon="114.2105345329"><ele>125.000</ele></trkpt>
      <trkpt lat="22.2782108342" lon="114.2105347167"><ele>125.000</ele></trkpt>
      <trkpt lat="22.2782081340" lon="114.2105348810"><ele>125.000</ele></trkpt>
      <trkpt lat="22.2782054248" lon="114.2105350162"><ele>125.000</ele></trkpt>
      <trkpt lat="22.2782027156" lon="114.2105351319"><ele>127.000</ele></trkpt>
      <trkpt lat="22.2782000064" lon="114.2105352283"><ele>127.000</ele></trkpt>
      <trkpt lat="22.2781972972" lon="114.2105353053"><ele>127.000</ele></trkpt>
      <trkpt lat="22.2781945970" lon="114.2105353726"><ele>127.000</ele></trkpt>
      <trkpt lat="22.2781918878" lon="114.2105354301"><ele>127.000</ele></trkpt>
      <trkpt lat="22.2781891786" lon="114.2105354780"><ele>127.000</ele></trkpt>
      <trkpt lat="22.2781864694" lon="114.2105355162"><ele>127.000</ele></trkpt>
      <trkpt lat="22.2781837602" lon="114.2105355446"><ele>127.000</ele></trkpt>
      <trkpt lat="22.2781810510" lon="114.2105355731"><ele>127.000</ele></trkpt>
      <trkpt lat="22.2781783418" lon="114.2105356016"><ele>127.000</ele></trkpt>
      <trkpt lat="22.2781756326" lon="114.2105356300"><ele>127.000</ele></trkpt>
      <trkpt lat="22.2781729234" lon="114.2105356585"><ele>127.000</ele></trkpt>
      <trkpt lat="22.2781702142" lon="114.2105356966"><ele>127.000</ele></trkpt>
      <trkpt lat="22.2781675050" lon="114.2105357445"><ele>127.000</ele></trkpt>
      <trkpt lat="22.2781647958" lon="114.2105357924"><ele>127.000</ele></trkpt>
      <trkpt lat="22.2781620866" lon="114.2105358596"><ele>127.000</ele></trkpt>
      <trkpt lat="22.2781593774" lon="114.2105359463"><ele>127.000</ele></trkpt>
      <trkpt lat="22.2781566682" lon="114.2105360427"><ele>128.000</ele></trkpt>
      <trkpt lat="22.2781539589" lon="114.2105361585"><ele>128.000</ele></trkpt>
      <trkpt lat="22.2781512588" lon="114.2105362937"><ele>128.000</ele></trkpt>
      <trkpt lat="22.2781485495" lon="114.2105364580"><ele>128.000</ele></trkpt>
      <trkpt lat="22.2781458493" lon="114.2105366514"><ele>128.000</ele></trkpt>
      <trkpt lat="22.2781431491" lon="114.2105368642"><ele>128.000</ele></trkpt>
      <trkpt lat="22.2781404489" lon="114.2105371159"><ele>128.000</ele></trkpt>
      <trkpt lat="22.2781377487" lon="114.2105373966"><ele>128.000</ele></trkpt>
      <trkpt lat="22.2781350575" lon="114.2105377259"><ele>128.000</ele></trkpt>
      <trkpt lat="22.2781323663" lon="114.2105380842"><ele>128.000</ele></trkpt>
      <trkpt lat="22.2781296841" lon="114.2105384911"><ele>128.000</ele></trkpt>
      <trkpt lat="22.2781270109" lon="114.2105389368"><ele>128.000</ele></trkpt>
      <trkpt lat="22.2781243378" lon="114.2105394408"><ele>124.000</ele></trkpt>
      <trkpt lat="22.2781216826" lon="114.2105399932"><ele>124.000</ele></trkpt>
      <trkpt lat="22.2781190275" lon="114.2105405942"><ele>124.000</ele></trkpt>
      <trkpt lat="22.2781163904" lon="114.2105412533"><ele>124.000</ele></trkpt>
      <trkpt lat="22.2781137804" lon="114.2105420095"><ele>124.000</ele></trkpt>
      <trkpt lat="22.2781112065" lon="114.2105429307"><ele>126.000</ele></trkpt>
      <trkpt lat="22.2781086958" lon="114.2105440169"><ele>126.000</ele></trkpt>
      <trkpt lat="22.2781062392" lon="114.2105452583"><ele>126.000</ele></trkpt>
      <trkpt lat="22.2781038458" lon="114.2105466161"><ele>126.000</ele></trkpt>
      <trkpt lat="22.2781015155" lon="114.2105481002"><ele>126.000</ele></trkpt>
      <trkpt lat="22.2780992395" lon="114.2105496812"><ele>126.000</ele></trkpt>
      <trkpt lat="22.2780970357" lon="114.2105513690"><ele>126.000</ele></trkpt>
      <trkpt lat="22.2780948860" lon="114.2105531345"><ele>126.000</ele></trkpt>
      <trkpt lat="22.2780927905" lon="114.2105549873"><ele>126.000</ele></trkpt>
      <trkpt lat="22.2780907582" lon="114.2105569080"><ele>126.000</ele></trkpt>
      <trkpt lat="22.2780887801" lon="114.2105589064"><ele>126.000</ele></trkpt>
      <trkpt lat="22.2780868652" lon="114.2105609630"><ele>126.000</ele></trkpt>
      <trkpt lat="22.2780850044" lon="114.2105630778"><ele>126.000</ele></trkpt>
      <trkpt lat="22.2780831978" lon="114.2105652509"><ele>126.000</ele></trkpt>
      <trkpt lat="22.2780814545" lon="114.2105674725"><ele>126.000</ele></trkpt>
      <trkpt lat="22.2780797653" lon="114.2105697523"><ele>126.000</ele></trkpt>
      <trkpt lat="22.2780781393" lon="114.2105720807"><ele>126.000</ele></trkpt>
      <trkpt lat="22.2780765765" lon="114.2105744575"><ele>126.000</ele></trkpt>
      <trkpt lat="22.2780750498" lon="114.2105768636"><ele>126.000</ele></trkpt>
      <trkpt lat="22.2780735322" lon="114.2105792696"><ele>126.000</ele></trkpt>
      <trkpt lat="22.2780720326" lon="114.2105816950"><ele>126.000</ele></trkpt>
      <trkpt lat="22.2780705420" lon="114.2105841301"><ele>126.000</ele></trkpt>
      <trkpt lat="22.2780690785" lon="114.2105865749"><ele>126.000</ele></trkpt>
      <trkpt lat="22.2780676241" lon="114.2105890295"><ele>127.000</ele></trkpt>
      <trkpt lat="22.2780661877" lon="114.2105915034"><ele>127.000</ele></trkpt>
      <trkpt lat="22.2780647694" lon="114.2105939871"><ele>127.000</ele></trkpt>
      <trkpt lat="22.2780633781" lon="114.2105964804"><ele>127.000</ele></trkpt>
      <trkpt lat="22.2780619959" lon="114.2105989835"><ele>127.000</ele></trkpt>
      <trkpt lat="22.2780606318" lon="114.2106014963"><ele>127.000</ele></trkpt>
      <trkpt lat="22.2780592947" lon="114.2106040285"><ele>127.000</ele></trkpt>
      <trkpt lat="22.2780579667" lon="114.2106065704"><ele>127.000</ele></trkpt>
      <trkpt lat="22.2780566657" lon="114.2106091220"><ele>127.000</ele></trkpt>
      <trkpt lat="22.2780553919" lon="114.2106116930"><ele>127.000</ele></trkpt>
      <trkpt lat="22.2780541271" lon="114.2106142640"><ele>127.000</ele></trkpt>
      <trkpt lat="22.2780528984" lon="114.2106168545"><ele>127.000</ele></trkpt>
      <trkpt lat="22.2780516787" lon="114.2106194643"><ele>127.000</ele></trkpt>
      <trkpt lat="22.2780504951" lon="114.2106220742"><ele>127.000</ele></trkpt>
      <trkpt lat="22.2780493296" lon="114.2106247034"><ele>127.000</ele></trkpt>
      <trkpt lat="22.2780481912" lon="114.2106273424"><ele>127.000</ele></trkpt>
      <trkpt lat="22.2780470799" lon="114.2106300008"><ele>127.000</ele></trkpt>
      <trkpt lat="22.2780459957" lon="114.2106326689"><ele>127.000</ele></trkpt>
      <trkpt lat="22.2780449385" lon="114.2106353467"><ele>127.000</ele></trkpt>
      <trkpt lat="22.2780439085" lon="114.2106380439"><ele>125.000</ele></trkpt>
      <trkpt lat="22.2780429055" lon="114.2106407508"><ele>125.000</ele></trkpt>
      <trkpt lat="22.2780419386" lon="114.2106434675"><ele>125.000</ele></trkpt>
      <trkpt lat="22.2780410079" lon="114.2106461938"><ele>125.000</ele></trkpt>
      <trkpt lat="22.2780401043" lon="114.2106489396"><ele>125.000</ele></trkpt>
      <trkpt lat="22.2780392368" lon="114.2106517048"><ele>125.000</ele></trkpt>
      <trkpt lat="22.2780384054" lon="114.2106544699"><ele>125.000</ele></trkpt>
      <trkpt lat="22.2780376191" lon="114.2106572545"><ele>125.000</ele></trkpt>
      <trkpt lat="22.2780368600" lon="114.2106600489"><ele>125.000</ele></trkpt>
      <trkpt lat="22.2780367244" lon="114.2106605825"><ele>125.000</ele></trkpt>
      <trkpt lat="22.2780361460" lon="114.2106628626"><ele>125.000</ele></trkpt>
      <trkpt lat="22.2780354771" lon="114.2106656763"><ele>125.000</ele></trkpt>
      <trkpt lat="22.2780348624" lon="114.2106685095"><ele>125.000</ele></trkpt>
      <trkpt lat="22.2780343290" lon="114.2106713718"><ele>125.000</ele></trkpt>
      <trkpt lat="22.2780338588" lon="114.2106742341"><ele>125.000</ele></trkpt>
      <trkpt lat="22.2780334699" lon="114.2106771158"><ele>125.000</ele></trkpt>
      <trkpt lat="22.2780331352" lon="114.2106800073"><ele>125.000</ele></trkpt>
      <trkpt lat="22.2780328727" lon="114.2106828987"><ele>125.000</ele></trkpt>
      <trkpt lat="22.2780326644" lon="114.2106857999"><ele>125.000</ele></trkpt>
      <trkpt lat="22.2780325012" lon="114.2106887108"><ele>125.000</ele></trkpt>
      <trkpt lat="22.2780323923" lon="114.2106916217"><ele>125.000</ele></trkpt>
      <trkpt lat="22.2780323284" lon="114.2106945229"><ele>125.000</ele></trkpt>
      <trkpt lat="22.2780323007" lon="114.2106974339"><ele>125.000</ele></trkpt>
      <trkpt lat="22.2780323092" lon="114.2107003448"><ele>125.000</ele></trkpt>
      <trkpt lat="22.2780323537" lon="114.2107032557"><ele>125.000</ele></trkpt>
      <trkpt lat="22.2780324253" lon="114.2107061667"><ele>125.000</ele></trkpt>
      <trkpt lat="22.2780325241" lon="114.2107090776"><ele>125.000</ele></trkpt>
      <trkpt lat="22.2780326409" lon="114.2107119886"><ele>125.000</ele></trkpt>
      <trkpt lat="22.2780327757" lon="114.2107148899"><ele>125.000</ele></trkpt>
      <trkpt lat="22.2780329286" lon="114.2107178008"><ele>125.000</ele></trkpt>
      <trkpt lat="22.2780330816" lon="114.2107207021"><ele>125.000</ele></trkpt>
      <trkpt lat="22.2780332525" lon="114.2107236131"><ele>125.000</ele></trkpt>
      <trkpt lat="22.2780334235" lon="114.2107265143"><ele>125.000</ele></trkpt>
      <trkpt lat="22.2780335945" lon="114.2107294253"><ele>125.000</ele></trkpt>
      <trkpt lat="22.2780337655" lon="114.2107323266"><ele>125.000</ele></trkpt>
      <trkpt lat="22.2780339274" lon="114.2107352376"><ele>125.000</ele></trkpt>
      <trkpt lat="22.2780340803" lon="114.2107381388"><ele>125.000</ele></trkpt>
      <trkpt lat="22.2780342242" lon="114.2107410498"><ele>125.000</ele></trkpt>
      <trkpt lat="22.2780343500" lon="114.2107439511"><ele>125.000</ele></trkpt>
      <trkpt lat="22.2780344578" lon="114.2107468620"><ele>125.000</ele></trkpt>
      <trkpt lat="22.2780345384" lon="114.2107497730"><ele>125.000</ele></trkpt>
      <trkpt lat="22.2780345920" lon="114.2107526839"><ele>125.000</ele></trkpt>
      <trkpt lat="22.2780346727" lon="114.2107556046"><ele>125.000</ele></trkpt>
      <trkpt lat="22.2780345727" lon="114.2107584961"><ele>125.000</ele></trkpt>
      <trkpt lat="22.2780340303" lon="114.2107613390"><ele>125.000</ele></trkpt>
      <trkpt lat="22.2780334066" lon="114.2107641721"><ele>125.000</ele></trkpt>
      <trkpt lat="22.2780327558" lon="114.2107670053"><ele>125.000</ele></trkpt>
      <trkpt lat="22.2780320869" lon="114.2107698287"><ele>125.000</ele></trkpt>
      <trkpt lat="22.2780314362" lon="114.2107726619"><ele>125.000</ele></trkpt>
      <trkpt lat="22.2780308576" lon="114.2107755047"><ele>125.000</ele></trkpt>
      <trkpt lat="22.2780303603" lon="114.2107783670"><ele>125.000</ele></trkpt>
      <trkpt lat="22.2780298630" lon="114.2107812293"><ele>125.000</ele></trkpt>
      <trkpt lat="22.2780293928" lon="114.2107840916"><ele>125.000</ele></trkpt>
      <trkpt lat="22.2780289407" lon="114.2107869636"><ele>125.000</ele></trkpt>
      <trkpt lat="22.2780285066" lon="114.2107898357"><ele>125.000</ele></trkpt>
      <trkpt lat="22.2780280997" lon="114.2107927174"><ele>125.000</ele></trkpt>
      <trkpt lat="22.2780277017" lon="114.2107955991"><ele>125.000</ele></trkpt>
      <trkpt lat="22.2780273308" lon="114.2107984808"><ele>125.000</ele></trkpt>
      <trkpt lat="22.2780269780" lon="114.2108013626"><ele>125.000</ele></trkpt>
      <trkpt lat="22.2780266433" lon="114.2108042540"><ele>125.000</ele></trkpt>
      <trkpt lat="22.2780263266" lon="114.2108071455"><ele>125.000</ele></trkpt>
      <trkpt lat="22.2780260370" lon="114.2108100369"><ele>125.000</ele></trkpt>
      <trkpt lat="22.2780257565" lon="114.2108129381"><ele>125.000</ele></trkpt>
      <trkpt lat="22.2780255030" lon="114.2108158296"><ele>125.000</ele></trkpt>
      <trkpt lat="22.2780252496" lon="114.2108187307"><ele>125.000</ele></trkpt>
      <trkpt lat="22.2780250683" lon="114.2108216319"><ele>125.000</ele></trkpt>
      <trkpt lat="22.2780249413" lon="114.2108245428"><ele>125.000</ele></trkpt>
      <trkpt lat="22.2780248323" lon="114.2108274537"><ele>125.000</ele></trkpt>
      <trkpt lat="22.2780247414" lon="114.2108303646"><ele>125.000</ele></trkpt>
      <trkpt lat="22.2780246505" lon="114.2108332658"><ele>125.000</ele></trkpt>
      <trkpt lat="22.2780245505" lon="114.2108361768"><ele>125.000</ele></trkpt>
      <trkpt lat="22.2780244506" lon="114.2108390877"><ele>125.000</ele></trkpt>
      <trkpt lat="22.2780243416" lon="114.2108419986"><ele>125.000</ele></trkpt>
      <trkpt lat="22.2780242146" lon="114.2108449095"><ele>125.000</ele></trkpt>
      <trkpt lat="22.2780240605" lon="114.2108478107"><ele>125.000</ele></trkpt>
      <trkpt lat="22.2780238702" lon="114.2108507119"><ele>125.000</ele></trkpt>
      <trkpt lat="22.2780236438" lon="114.2108536130"><ele>125.000</ele></trkpt>
      <trkpt lat="22.2780233994" lon="114.2108565142"><ele>125.000</ele></trkpt>
      <trkpt lat="22.2780231369" lon="114.2108594154"><ele>125.000</ele></trkpt>
      <trkpt lat="22.2780228834" lon="114.2108623068"><ele>125.000</ele></trkpt>
      <trkpt lat="22.2780226480" lon="114.2108652080"><ele>128.000</ele></trkpt>
      <trkpt lat="22.2780224487" lon="114.2108681092"><ele>128.000</ele></trkpt>
      <trkpt lat="22.2780222766" lon="114.2108710201"><ele>128.000</ele></trkpt>
      <trkpt lat="22.2780221315" lon="114.2108739213"><ele>128.000</ele></trkpt>
      <trkpt lat="22.2780219954" lon="114.2108768322"><ele>128.000</ele></trkpt>
      <trkpt lat="22.2780218774" lon="114.2108797431"><ele>126.000</ele></trkpt>
      <trkpt lat="22.2780217594" lon="114.2108826443"><ele>126.000</ele></trkpt>
      <trkpt lat="22.2780216504" lon="114.2108855552"><ele>126.000</ele></trkpt>
      <trkpt lat="22.2780215324" lon="114.2108884661"><ele>126.000</ele></trkpt>
      <trkpt lat="22.2780214505" lon="114.2108913770"><ele>126.000</ele></trkpt>
      <trkpt lat="22.2780213776" lon="114.2108942879"><ele>126.000</ele></trkpt>
      <trkpt lat="22.2780212867" lon="114.2108971988"><ele>126.000</ele></trkpt>
      <trkpt lat="22.2780211868" lon="114.2109001000"><ele>126.000</ele></trkpt>
      <trkpt lat="22.2780210688" lon="114.2109030109"><ele>126.000</ele></trkpt>
      <trkpt lat="22.2780209417" lon="114.2109059218"><ele>126.000</ele></trkpt>
      <trkpt lat="22.2780208057" lon="114.2109088230"><ele>126.000</ele></trkpt>
      <trkpt lat="22.2780206515" lon="114.2109117339"><ele>126.000</ele></trkpt>
      <trkpt lat="22.2780204884" lon="114.2109146351"><ele>126.000</ele></trkpt>
      <trkpt lat="22.2780203071" lon="114.2109175460"><ele>126.000</ele></trkpt>
      <trkpt lat="22.2780201169" lon="114.2109204472"><ele>126.000</ele></trkpt>
      <trkpt lat="22.2780199086" lon="114.2109233484"><ele>126.000</ele></trkpt>
      <trkpt lat="22.2780196912" lon="114.2109262495"><ele>126.000</ele></trkpt>
      <trkpt lat="22.2780194558" lon="114.2109291507"><ele>126.000</ele></trkpt>
      <trkpt lat="22.2780192295" lon="114.2109320519"><ele>126.000</ele></trkpt>
      <trkpt lat="22.2780189760" lon="114.2109349531"><ele>126.000</ele></trkpt>
      <trkpt lat="22.2780185780" lon="114.2109378251"><ele>126.000</ele></trkpt>
      <trkpt lat="22.2780180898" lon="114.2109406971"><ele>126.000</ele></trkpt>
      <trkpt lat="22.2780176738" lon="114.2109435691"><ele>126.000</ele></trkpt>
      <trkpt lat="22.2780172848" lon="114.2109464508"><ele>126.000</ele></trkpt>
      <trkpt lat="22.2780169411" lon="114.2109493326"><ele>126.000</ele></trkpt>
      <trkpt lat="22.2780166244" lon="114.2109522240"><ele>126.000</ele></trkpt>
      <trkpt lat="22.2780163438" lon="114.2109551252"><ele>126.000</ele></trkpt>
      <trkpt lat="22.2780160994" lon="114.2109580264"><ele>126.000</ele></trkpt>
      <trkpt lat="22.2780158911" lon="114.2109609275"><ele>126.000</ele></trkpt>
      <trkpt lat="22.2780157189" lon="114.2109638287"><ele>126.000</ele></trkpt>
      <trkpt lat="22.2780155918" lon="114.2109667396"><ele>126.000</ele></trkpt>
      <trkpt lat="22.2780154829" lon="114.2109696408"><ele>126.000</ele></trkpt>
      <trkpt lat="22.2780152565" lon="114.2109725420"><ele>126.000</ele></trkpt>
      <trkpt lat="22.2780149850" lon="114.2109754432"><ele>126.000</ele></trkpt>
      <trkpt lat="22.2780146593" lon="114.2109783346"><ele>125.000</ele></trkpt>
      <trkpt lat="22.2780143335" lon="114.2109812261"><ele>125.000</ele></trkpt>
      <trkpt lat="22.2780140349" lon="114.2109841175"><ele>125.000</ele></trkpt>
      <trkpt lat="22.2780137453" lon="114.2109870090"><ele>125.000</ele></trkpt>
      <trkpt lat="22.2780134648" lon="114.2109899101"><ele>125.000</ele></trkpt>
      <trkpt lat="22.2780132113" lon="114.2109928016"><ele>125.000</ele></trkpt>
      <trkpt lat="22.2780129669" lon="114.2109957028"><ele>125.000</ele></trkpt>
      <trkpt lat="22.2780127315" lon="114.2109986039"><ele>125.000</ele></trkpt>
      <trkpt lat="22.2780125141" lon="114.2110015051"><ele>125.000</ele></trkpt>
      <trkpt lat="22.2780123148" lon="114.2110044063"><ele>125.000</ele></trkpt>
      <trkpt lat="22.2780121336" lon="114.2110073075"><ele>125.000</ele></trkpt>
      <trkpt lat="22.2780119614" lon="114.2110102184"><ele>125.000</ele></trkpt>
      <trkpt lat="22.2780117892" lon="114.2110131196"><ele>125.000</ele></trkpt>
      <trkpt lat="22.2780117073" lon="114.2110160305"><ele>125.000</ele></trkpt>
      <trkpt lat="22.2780117338" lon="114.2110189414"><ele>125.000</ele></trkpt>
      <trkpt lat="22.2780114984" lon="114.2110218426"><ele>125.000</ele></trkpt>
      <trkpt lat="22.2780110372" lon="114.2110247146"><ele>120.000</ele></trkpt>
      <trkpt lat="22.2780103593" lon="114.2110275283"><ele>120.000</ele></trkpt>
      <trkpt lat="22.2780094647" lon="114.2110302838"><ele>120.000</ele></trkpt>
      <trkpt lat="22.2780083715" lon="114.2110329422"><ele>120.000</ele></trkpt>
      <trkpt lat="22.2780070886" lon="114.2110355132"><ele>120.000</ele></trkpt>
      <trkpt lat="22.2780055529" lon="114.2110378998"><ele>120.000</ele></trkpt>
      <trkpt lat="22.2780038907" lon="114.2110402087"><ele>120.000</ele></trkpt>
      <trkpt lat="22.2780021654" lon="114.2110424497"><ele>120.000</ele></trkpt>
      <trkpt lat="22.2780003679" lon="114.2110446325"><ele>120.000</ele></trkpt>
      <trkpt lat="22.2779985793" lon="114.2110468250"><ele>120.000</ele></trkpt>
      <trkpt lat="22.2779968721" lon="114.2110490854"><ele>120.000</ele></trkpt>
      <trkpt lat="22.2779953544" lon="114.2110514817"><ele>120.000</ele></trkpt>
      <trkpt lat="22.2779939993" lon="114.2110540041"><ele>120.000</ele></trkpt>
      <trkpt lat="22.2779868995" lon="114.2110619299"><ele>120.000</ele></trkpt>
      <trkpt lat="22.2779655119" lon="114.2110762746"><ele>120.000</ele></trkpt>
      <trkpt lat="22.2778363071" lon="114.2111226375"><ele>122.000</ele></trkpt>
      <trkpt lat="22.2778151129" lon="114.2111321482"><ele>122.000</ele></trkpt>
      <trkpt lat="22.2778123677" lon="114.2111317011"><ele>122.000</ele></trkpt>
      <trkpt lat="22.2778096225" lon="114.2111312541"><ele>122.000</ele></trkpt>
      <trkpt lat="22.2778068953" lon="114.2111307683"><ele>122.000</ele></trkpt>
      <trkpt lat="22.2778041862" lon="114.2111302243"><ele>122.000</ele></trkpt>
      <trkpt lat="22.2778015223" lon="114.2111295929"><ele>122.000</ele></trkpt>
      <trkpt lat="22.2777989036" lon="114.2111288549"><ele>122.000</ele></trkpt>
      <trkpt lat="22.2777963481" lon="114.2111279907"><ele>124.000</ele></trkpt>
      <trkpt lat="22.2777938649" lon="114.2111269615"><ele>124.000</ele></trkpt>
      <trkpt lat="22.2777914630" lon="114.2111257481"><ele>124.000</ele></trkpt>
      <trkpt lat="22.2777891605" lon="114.2111243211"><ele>124.000</ele></trkpt>
      <trkpt lat="22.2777869032" lon="114.2111227778"><ele>124.000</ele></trkpt>
      <trkpt lat="22.2777846639" lon="114.2111212150"><ele>127.000</ele></trkpt>
      <trkpt lat="22.2777824337" lon="114.2111196232"><ele>127.000</ele></trkpt>
      <trkpt lat="22.2777802034" lon="114.2111180216"><ele>127.000</ele></trkpt>
      <trkpt lat="22.2777779913" lon="114.2111164007"><ele>127.000</ele></trkpt>
      <trkpt lat="22.2777757881" lon="114.2111147603"><ele>127.000</ele></trkpt>
      <trkpt lat="22.2777735850" lon="114.2111131006"><ele>127.000</ele></trkpt>
      <trkpt lat="22.2777713909" lon="114.2111114311"><ele>127.000</ele></trkpt>
      <trkpt lat="22.2777692149" lon="114.2111097325"><ele>127.000</ele></trkpt>
      <trkpt lat="22.2777670298" lon="114.2111080339"><ele>127.000</ele></trkpt>
      <trkpt lat="22.2777648629" lon="114.2111063160"><ele>127.000</ele></trkpt>
      <trkpt lat="22.2777626959" lon="114.2111045786"><ele>127.000</ele></trkpt>
      <trkpt lat="22.2777605379" lon="114.2111028315"><ele>127.000</ele></trkpt>
      <trkpt lat="22.2777583890" lon="114.2111010747"><ele>127.000</ele></trkpt>
      <trkpt lat="22.2777562401" lon="114.2110993082"><ele>127.000</ele></trkpt>
      <trkpt lat="22.2777541002" lon="114.2110975321"><ele>127.000</ele></trkpt>
      <trkpt lat="22.2777519603" lon="114.2110957365"><ele>127.000</ele></trkpt>
      <trkpt lat="22.2777498204" lon="114.2110939409"><ele>125.000</ele></trkpt>
      <trkpt lat="22.2777476896" lon="114.2110921356"><ele>125.000</ele></trkpt>
      <trkpt lat="22.2777455678" lon="114.2110903206"><ele>125.000</ele></trkpt>
      <trkpt lat="22.2777434459" lon="114.2110884959"><ele>125.000</ele></trkpt>
      <trkpt lat="22.2777413241" lon="114.2110866712"><ele>125.000</ele></trkpt>
      <trkpt lat="22.2777392023" lon="114.2110848368"><ele>125.000</ele></trkpt>
      <trkpt lat="22.2777370895" lon="114.2110829927"><ele>125.000</ele></trkpt>
      <trkpt lat="22.2777349677" lon="114.2110811583"><ele>125.000</ele></trkpt>
      <trkpt lat="22.2777328549" lon="114.2110793045"><ele>125.000</ele></trkpt>
      <trkpt lat="22.2777307422" lon="114.2110774604"><ele>125.000</ele></trkpt>
      <trkpt lat="22.2777286294" lon="114.2110756066"><ele>125.000</ele></trkpt>
      <trkpt lat="22.2777265166" lon="114.2110737528"><ele>125.000</ele></trkpt>
      <trkpt lat="22.2777244038" lon="114.2110718990"><ele>128.000</ele></trkpt>
      <trkpt lat="22.2777223001" lon="114.2110700452"><ele>128.000</ele></trkpt>
      <trkpt lat="22.2777201873" lon="114.2110681914"><ele>128.000</ele></trkpt>
      <trkpt lat="22.2777180655" lon="114.2110663472"><ele>128.000</ele></trkpt>
      <trkpt lat="22.2777159527" lon="114.2110644934"><ele>128.000</ele></trkpt>
      <trkpt lat="22.2777138399" lon="114.2110626493"><ele>128.000</ele></trkpt>
      <trkpt lat="22.2777117181" lon="114.2110608052"><ele>128.000</ele></trkpt>
      <trkpt lat="22.2777095963" lon="114.2110589708"><ele>128.000</ele></trkpt>
      <trkpt lat="22.2777074745" lon="114.2110571364"><ele>128.000</ele></trkpt>
      <trkpt lat="22.2777053436" lon="114.2110553117"><ele>126.000</ele></trkpt>
      <trkpt lat="22.2777032128" lon="114.2110534967"><ele>126.000</ele></trkpt>
      <trkpt lat="22.2777010729" lon="114.2110516817"><ele>126.000</ele></trkpt>
      <trkpt lat="22.2776989421" lon="114.2110498765"><ele>126.000</ele></trkpt>
      <trkpt lat="22.2776967931" lon="114.2110480809"><ele>126.000</ele></trkpt>
      <trkpt lat="22.2776946442" lon="114.2110462950"><ele>126.000</ele></trkpt>
      <trkpt lat="22.2776924953" lon="114.2110445188"><ele>126.000</ele></trkpt>
      <trkpt lat="22.2776903283" lon="114.2110427523"><ele>126.000</ele></trkpt>
      <trkpt lat="22.2776881704" lon="114.2110409955"><ele>126.000</ele></trkpt>
      <trkpt lat="22.2776859944" lon="114.2110392581"><ele>126.000</ele></trkpt>
      <trkpt lat="22.2776838183" lon="114.2110375110"><ele>126.000</ele></trkpt>
      <trkpt lat="22.2776816514" lon="114.2110357640"><ele>126.000</ele></trkpt>
      <trkpt lat="22.2776794844" lon="114.2110339878"><ele>126.000</ele></trkpt>
      <trkpt lat="22.2776773264" lon="114.2110322116"><ele>126.000</ele></trkpt>
      <trkpt lat="22.2776751685" lon="114.2110304160"><ele>126.000</ele></trkpt>
      <trkpt lat="22.2776730105" lon="114.2110286107"><ele>126.000</ele></trkpt>
      <trkpt lat="22.2776708616" lon="114.2110267957"><ele>126.000</ele></trkpt>
      <trkpt lat="22.2776687127" lon="114.2110249710"><ele>126.000</ele></trkpt>
      <trkpt lat="22.2776665638" lon="114.2110231463"><ele>129.000</ele></trkpt>
      <trkpt lat="22.2776644149" lon="114.2110213119"><ele>129.000</ele></trkpt>
      <trkpt lat="22.2776622750" lon="114.2110194775"><ele>129.000</ele></trkpt>
      <trkpt lat="22.2776601261" lon="114.2110176334"><ele>127.000</ele></trkpt>
      <trkpt lat="22.2776579863" lon="114.2110157893"><ele>127.000</ele></trkpt>
      <trkpt lat="22.2776558374" lon="114.2110139354"><ele>127.000</ele></trkpt>
      <trkpt lat="22.2776536885" lon="114.2110120913"><ele>127.000</ele></trkpt>
      <trkpt lat="22.2776515486" lon="114.2110102472"><ele>127.000</ele></trkpt>
      <trkpt lat="22.2776493997" lon="114.2110084031"><ele>127.000</ele></trkpt>
      <trkpt lat="22.2776472417" lon="114.2110065687"><ele>127.000</ele></trkpt>
      <trkpt lat="22.2776450928" lon="114.2110047343"><ele>127.000</ele></trkpt>
      <trkpt lat="22.2776429349" lon="114.2110029096"><ele>127.000</ele></trkpt>
      <trkpt lat="22.2776407770" lon="114.2110010849"><ele>127.000</ele></trkpt>
      <trkpt lat="22.2776386190" lon="114.2109992796"><ele>127.000</ele></trkpt>
      <trkpt lat="22.2776364520" lon="114.2109974743"><ele>127.000</ele></trkpt>
      <trkpt lat="22.2776342851" lon="114.2109956884"><ele>127.000</ele></trkpt>
      <trkpt lat="22.2776321091" lon="114.2109939025"><ele>127.000</ele></trkpt>
      <trkpt lat="22.2776299240" lon="114.2109921457"><ele>127.000</ele></trkpt>
      <trkpt lat="22.2776277390" lon="114.2109903889"><ele>127.000</ele></trkpt>
      <trkpt lat="22.2776255449" lon="114.2109886516"><ele>127.000</ele></trkpt>
      <trkpt lat="22.2776233508" lon="114.2109869336"><ele>127.000</ele></trkpt>
      <trkpt lat="22.2776211477" lon="114.2109852350"><ele>127.000</ele></trkpt>
      <trkpt lat="22.2776189355" lon="114.2109835558"><ele>127.000</ele></trkpt>
      <trkpt lat="22.2776167143" lon="114.2109818961"><ele>127.000</ele></trkpt>
      <trkpt lat="22.2776144841" lon="114.2109802557"><ele>127.000</ele></trkpt>
      <trkpt lat="22.2776122449" lon="114.2109786347"><ele>127.000</ele></trkpt>
      <trkpt lat="22.2776100056" lon="114.2109770429"><ele>127.000</ele></trkpt>
      <trkpt lat="22.2776077483" lon="114.2109754704"><ele>130.000</ele></trkpt>
      <trkpt lat="22.2776054819" lon="114.2109739368"><ele>130.000</ele></trkpt>
      <trkpt lat="22.2776032065" lon="114.2109724226"><ele>130.000</ele></trkpt>
      <trkpt lat="22.2776009221" lon="114.2109709374"><ele>130.000</ele></trkpt>
      <trkpt lat="22.2775986286" lon="114.2109694814"><ele>130.000</ele></trkpt>
      <trkpt lat="22.2775963261" lon="114.2109680545"><ele>130.000</ele></trkpt>
      <trkpt lat="22.2775940055" lon="114.2109666567"><ele>130.000</ele></trkpt>
      <trkpt lat="22.2775916668" lon="114.2109652977"><ele>130.000</ele></trkpt>
      <trkpt lat="22.2775893282" lon="114.2109639775"><ele>130.000</ele></trkpt>
      <trkpt lat="22.2775869715" lon="114.2109626864"><ele>130.000</ele></trkpt>
      <trkpt lat="22.2775845967" lon="114.2109614342"><ele>130.000</ele></trkpt>
      <trkpt lat="22.2775821857" lon="114.2109602401"><ele>130.000</ele></trkpt>
      <trkpt lat="22.2775797206" lon="114.2109590848"><ele>130.000</ele></trkpt>
      <trkpt lat="22.2775772013" lon="114.2109579878"><ele>130.000</ele></trkpt>
      <trkpt lat="22.2775746458" lon="114.2109569586"><ele>130.000</ele></trkpt>
      <trkpt lat="22.2775720452" lon="114.2109559780"><ele>130.000</ele></trkpt>
      <trkpt lat="22.2775694085" lon="114.2109550556"><ele>128.000</ele></trkpt>
      <trkpt lat="22.2775667356" lon="114.2109541913"><ele>128.000</ele></trkpt>
      <trkpt lat="22.2775640356" lon="114.2109533950"><ele>128.000</ele></trkpt>
      <trkpt lat="22.2775613085" lon="114.2109526569"><ele>128.000</ele></trkpt>
      <trkpt lat="22.2775585633" lon="114.2109519771"><ele>128.000</ele></trkpt>
      <trkpt lat="22.2775558001" lon="114.2109513748"><ele>128.000</ele></trkpt>
      <trkpt lat="22.2775530187" lon="114.2109508307"><ele>128.000</ele></trkpt>
      <trkpt lat="22.2775502284" lon="114.2109503546"><ele>128.000</ele></trkpt>
      <trkpt lat="22.2775474380" lon="114.2109499464"><ele>128.000</ele></trkpt>
      <trkpt lat="22.2775446476" lon="114.2109496061"><ele>128.000</ele></trkpt>
      <trkpt lat="22.2775418572" lon="114.2109493435"><ele>128.000</ele></trkpt>
      <trkpt lat="22.2775390668" lon="114.2109491487"><ele>128.000</ele></trkpt>
      <trkpt lat="22.2775362944" lon="114.2109490316"><ele>128.000</ele></trkpt>
      <trkpt lat="22.2775335310" lon="114.2109489824"><ele>128.000</ele></trkpt>
      <trkpt lat="22.2775307947" lon="114.2109490109"><ele>128.000</ele></trkpt>
      <trkpt lat="22.2775280765" lon="114.2109491170"><ele>128.000</ele></trkpt>
      <trkpt lat="22.2775253853" lon="114.2109493007"><ele>128.000</ele></trkpt>
      <trkpt lat="22.2775227212" lon="114.2109495620"><ele>128.000</ele></trkpt>
      <trkpt lat="22.2775200932" lon="114.2109499107"><ele>128.000</ele></trkpt>
      <trkpt lat="22.2775175013" lon="114.2109503370"><ele>128.000</ele></trkpt>
      <trkpt lat="22.2775149546" lon="114.2109508409"><ele>128.000</ele></trkpt>
      <trkpt lat="22.2775124259" lon="114.2109514613"><ele>128.000</ele></trkpt>
      <trkpt lat="22.2775099152" lon="114.2109521884"><ele>128.000</ele></trkpt>
      <trkpt lat="22.2775074226" lon="114.2109530126"><ele>128.000</ele></trkpt>
      <trkpt lat="22.2775049390" lon="114.2109539338"><ele>128.000</ele></trkpt>
      <trkpt lat="22.2775024734" lon="114.2109549423"><ele>128.000</ele></trkpt>
      <trkpt lat="22.2775000259" lon="114.2109560187"><ele>128.000</ele></trkpt>
      <trkpt lat="22.2774975783" lon="114.2109571825"><ele>128.000</ele></trkpt>
      <trkpt lat="22.2774951488" lon="114.2109584045"><ele>128.000</ele></trkpt>
      <trkpt lat="22.2774927283" lon="114.2109596944"><ele>128.000</ele></trkpt>
      <trkpt lat="22.2774903169" lon="114.2109610329"><ele>128.000</ele></trkpt>
      <trkpt lat="22.2774879144" lon="114.2109624198"><ele>128.000</ele></trkpt>
      <trkpt lat="22.2774855120" lon="114.2109638553"><ele>128.000</ele></trkpt>
      <trkpt lat="22.2774831185" lon="114.2109653199"><ele>128.000</ele></trkpt>
      <trkpt lat="22.2774807251" lon="114.2109668136"><ele>128.000</ele></trkpt>
      <trkpt lat="22.2774783317" lon="114.2109683364"><ele>128.000</ele></trkpt>
      <trkpt lat="22.2774759473" lon="114.2109698689"><ele>128.000</ele></trkpt>
      <trkpt lat="22.2774735538" lon="114.2109714111"><ele>128.000</ele></trkpt>
      <trkpt lat="22.2774711604" lon="114.2109729630"><ele>128.000</ele></trkpt>
      <trkpt lat="22.2774687669" lon="114.2109745149"><ele>128.000</ele></trkpt>
      <trkpt lat="22.2774663735" lon="114.2109760474"><ele>126.000</ele></trkpt>
      <trkpt lat="22.2774639620" lon="114.2109775702"><ele>126.000</ele></trkpt>
      <trkpt lat="22.2774615595" lon="114.2109790639"><ele>126.000</ele></trkpt>
      <trkpt lat="22.2774591390" lon="114.2109805382"><ele>126.000</ele></trkpt>
      <trkpt lat="22.2774567094" lon="114.2109819736"><ele>126.000</ele></trkpt>
      <trkpt lat="22.2774542799" lon="114.2109833703"><ele>126.000</ele></trkpt>
      <trkpt lat="22.2774518323" lon="114.2109847184"><ele>126.000</ele></trkpt>
      <trkpt lat="22.2774493757" lon="114.2109860180"><ele>126.000</ele></trkpt>
      <trkpt lat="22.2774469011" lon="114.2109872497"><ele>126.000</ele></trkpt>
      <trkpt lat="22.2774444084" lon="114.2109884232"><ele>126.000</ele></trkpt>
      <trkpt lat="22.2774419066" lon="114.2109895190"><ele>126.000</ele></trkpt>
      <trkpt lat="22.2774393869" lon="114.2109905372"><ele>126.000</ele></trkpt>
      <trkpt lat="22.2774368491" lon="114.2109914681"><ele>126.000</ele></trkpt>
      <trkpt lat="22.2774342932" lon="114.2109923505"><ele>128.000</ele></trkpt>
      <trkpt lat="22.2774317103" lon="114.2109931843"><ele>128.000</ele></trkpt>
      <trkpt lat="22.2774291093" lon="114.2109939696"><ele>128.000</ele></trkpt>
      <trkpt lat="22.2774264902" lon="114.2109947064"><ele>128.000</ele></trkpt>
      <trkpt lat="22.2774238622" lon="114.2109954044"><ele>128.000</ele></trkpt>
      <trkpt lat="22.2774212070" lon="114.2109960539"><ele>128.000</ele></trkpt>
      <trkpt lat="22.2774185519" lon="114.2109966645"><ele>128.000</ele></trkpt>
      <trkpt lat="22.2774158787" lon="114.2109972364"><ele>128.000</ele></trkpt>
      <trkpt lat="22.2774131875" lon="114.2109977694"><ele>128.000</ele></trkpt>
      <trkpt lat="22.2774104962" lon="114.2109982733"><ele>128.000</ele></trkpt>
      <trkpt lat="22.2774077960" lon="114.2109987287"><ele>128.000</ele></trkpt>
      <trkpt lat="22.2774050867" lon="114.2109991549"><ele>128.000</ele></trkpt>
      <trkpt lat="22.2774023774" lon="114.2109995521"><ele>128.000</ele></trkpt>
      <trkpt lat="22.2773996591" lon="114.2109999105"><ele>128.000</ele></trkpt>
      <trkpt lat="22.2773969408" lon="114.2110002494"><ele>128.000</ele></trkpt>
      <trkpt lat="22.2773942225" lon="114.2110005495"><ele>128.000</ele></trkpt>
      <trkpt lat="22.2773915043" lon="114.2110008303"><ele>128.000</ele></trkpt>
      <trkpt lat="22.2773887860" lon="114.2110010819"><ele>129.000</ele></trkpt>
      <trkpt lat="22.2773860767" lon="114.2110013044"><ele>129.000</ele></trkpt>
      <trkpt lat="22.2773833675" lon="114.2110015172"><ele>129.000</ele></trkpt>
      <trkpt lat="22.2773806673" lon="114.2110017009"><ele>129.000</ele></trkpt>
      <trkpt lat="22.2773779761" lon="114.2110018652"><ele>129.000</ele></trkpt>
      <trkpt lat="22.2773752940" lon="114.2110020004"><ele>129.000</ele></trkpt>
      <trkpt lat="22.2773726029" lon="114.2110020968"><ele>129.000</ele></trkpt>
      <trkpt lat="22.2773699027" lon="114.2110021155"><ele>129.000</ele></trkpt>
      <trkpt lat="22.2773671935" lon="114.2110020664"><ele>129.000</ele></trkpt>
      <trkpt lat="22.2773644753" lon="114.2110019590"><ele>129.000</ele></trkpt>
      <trkpt lat="22.2773617571" lon="114.2110017837"><ele>129.000</ele></trkpt>
      <trkpt lat="22.2773590390" lon="114.2110015501"><ele>129.000</ele></trkpt>
      <trkpt lat="22.2773563208" lon="114.2110012584"><ele>129.000</ele></trkpt>
      <trkpt lat="22.2773536026" lon="114.2110008987"><ele>129.000</ele></trkpt>
      <trkpt lat="22.2773508935" lon="114.2110004905"><ele>129.000</ele></trkpt>
      <trkpt lat="22.2773481844" lon="114.2110000338"><ele>129.000</ele></trkpt>
      <trkpt lat="22.2773454934" lon="114.2109995092"><ele>129.000</ele></trkpt>
      <trkpt lat="22.2773428205" lon="114.2109989458"><ele>130.000</ele></trkpt>
      <trkpt lat="22.2773401566" lon="114.2109983241"><ele>130.000</ele></trkpt>
      <trkpt lat="22.2773375107" lon="114.2109976637"><ele>130.000</ele></trkpt>
      <trkpt lat="22.2773348920" lon="114.2109969547"><ele>130.000</ele></trkpt>
      <trkpt lat="22.2773322913" lon="114.2109961972"><ele>130.000</ele></trkpt>
      <trkpt lat="22.2773296726" lon="114.2109954495"><ele>130.000</ele></trkpt>
      <trkpt lat="22.2773270358" lon="114.2109947114"><ele>130.000</ele></trkpt>
      <trkpt lat="22.2773243810" lon="114.2109939733"><ele>130.000</ele></trkpt>
      <trkpt lat="22.2773217080" lon="114.2109932352"><ele>130.000</ele></trkpt>
      <trkpt lat="22.2773190351" lon="114.2109924971"><ele>130.000</ele></trkpt>
      <trkpt lat="22.2773163442" lon="114.2109917494"><ele>130.000</ele></trkpt>
      <trkpt lat="22.2773136622" lon="114.2109909919"><ele>130.000</ele></trkpt>
      <trkpt lat="22.2773109712" lon="114.2109902247"><ele>130.000</ele></trkpt>
      <trkpt lat="22.2773082803" lon="114.2109894381"><ele>130.000</ele></trkpt>
      <trkpt lat="22.2773056074" lon="114.2109886224"><ele>130.000</ele></trkpt>
      <trkpt lat="22.2773029345" lon="114.2109877970"><ele>130.000</ele></trkpt>
      <trkpt lat="22.2773002797" lon="114.2109869327"><ele>130.000</ele></trkpt>
      <trkpt lat="22.2772976339" lon="114.2109860394"><ele>130.000</ele></trkpt>
      <trkpt lat="22.2772950061" lon="114.2109851170"><ele>130.000</ele></trkpt>
      <trkpt lat="22.2772924055" lon="114.2109841460"><ele>130.000</ele></trkpt>
      <trkpt lat="22.2772898320" lon="114.2109831460"><ele>130.000</ele></trkpt>
      <trkpt lat="22.2772872856" lon="114.2109820878"><ele>130.000</ele></trkpt>
      <trkpt lat="22.2772847663" lon="114.2109809907"><ele>130.000</ele></trkpt>
      <trkpt lat="22.2772822921" lon="114.2109798354"><ele>130.000</ele></trkpt>
      <trkpt lat="22.2772798451" lon="114.2109786220"><ele>130.000</ele></trkpt>
      <trkpt lat="22.2772774432" lon="114.2109773600"><ele>130.000</ele></trkpt>
      <trkpt lat="22.2772750865" lon="114.2109760204"><ele>130.000</ele></trkpt>
      <trkpt lat="22.2772727839" lon="114.2109746226"><ele>132.000</ele></trkpt>
      <trkpt lat="22.2772705266" lon="114.2109731569"><ele>132.000</ele></trkpt>
      <trkpt lat="22.2772683234" lon="114.2109716136"><ele>132.000</ele></trkpt>
      <trkpt lat="22.2772661745" lon="114.2109699926"><ele>132.000</ele></trkpt>
      <trkpt lat="22.2772640978" lon="114.2109682747"><ele>132.000</ele></trkpt>
      <trkpt lat="22.2772620844" lon="114.2109664500"><ele>132.000</ele></trkpt>
      <trkpt lat="22.2772601341" lon="114.2109645283"><ele>132.000</ele></trkpt>
      <trkpt lat="22.2772582472" lon="114.2109624999"><ele>132.000</ele></trkpt>
      <trkpt lat="22.2772564144" lon="114.2109603939"><ele>132.000</ele></trkpt>
      <trkpt lat="22.2772546358" lon="114.2109582103"><ele>131.000</ele></trkpt>
      <trkpt lat="22.2772529024" lon="114.2109559491"><ele>131.000</ele></trkpt>
      <trkpt lat="22.2772512051" lon="114.2109536199"><ele>131.000</ele></trkpt>
      <trkpt lat="22.2772495440" lon="114.2109512423"><ele>131.000</ele></trkpt>
      <trkpt lat="22.2772479100" lon="114.2109488161"><ele>131.000</ele></trkpt>
      <trkpt lat="22.2772463121" lon="114.2109463512"><ele>131.000</ele></trkpt>
      <trkpt lat="22.2772447232" lon="114.2109438474"><ele>131.000</ele></trkpt>
      <trkpt lat="22.2772431614" lon="114.2109413242"><ele>131.000</ele></trkpt>
      <trkpt lat="22.2772416087" lon="114.2109387913"><ele>131.000</ele></trkpt>
      <trkpt lat="22.2772400559" lon="114.2109362390"><ele>131.000</ele></trkpt>
      <trkpt lat="22.2772385122" lon="114.2109336868"><ele>131.000</ele></trkpt>
      <trkpt lat="22.2772369595" lon="114.2109311442"><ele>131.000</ele></trkpt>
      <trkpt lat="22.2772354068" lon="114.2109286210"><ele>131.000</ele></trkpt>
      <trkpt lat="22.2772338360" lon="114.2109261173"><ele>133.000</ele></trkpt>
      <trkpt lat="22.2772322471" lon="114.2109236329"><ele>133.000</ele></trkpt>
      <trkpt lat="22.2772306401" lon="114.2109211970"><ele>133.000</ele></trkpt>
      <trkpt lat="22.2772290061" lon="114.2109188097"><ele>133.000</ele></trkpt>
      <trkpt lat="22.2772273359" lon="114.2109164708"><ele>133.000</ele></trkpt>
      <trkpt lat="22.2772256386" lon="114.2109141999"><ele>133.000</ele></trkpt>
      <trkpt lat="22.2772238872" lon="114.2109119872"><ele>133.000</ele></trkpt>
      <trkpt lat="22.2772220995" lon="114.2109098618"><ele>133.000</ele></trkpt>
      <trkpt lat="22.2772202577" lon="114.2109078140"><ele>133.000</ele></trkpt>
      <trkpt lat="22.2772183527" lon="114.2109058632"><ele>133.000</ele></trkpt>
      <trkpt lat="22.2772163934" lon="114.2109040095"><ele>133.000</ele></trkpt>
      <trkpt lat="22.2772143709" lon="114.2109022721"><ele>133.000</ele></trkpt>
      <trkpt lat="22.2772122761" lon="114.2109006415"><ele>133.000</ele></trkpt>
      <trkpt lat="22.2772101091" lon="114.2108991370"><ele>133.000</ele></trkpt>
      <trkpt lat="22.2772078608" lon="114.2108976713"><ele>132.000</ele></trkpt>
      <trkpt lat="22.2772055492" lon="114.2108962638"><ele>132.000</ele></trkpt>
      <trkpt lat="22.2772031654" lon="114.2108948951"><ele>132.000</ele></trkpt>
      <trkpt lat="22.2772007274" lon="114.2108935652"><ele>132.000</ele></trkpt>
      <trkpt lat="22.2771982352" lon="114.2108922935"><ele>132.000</ele></trkpt>
      <trkpt lat="22.2771745426" lon="114.2108831358"><ele>132.000</ele></trkpt>
      <trkpt lat="22.2771310034" lon="114.2108774684"><ele>132.000</ele></trkpt>
      <trkpt lat="22.2771167330" lon="114.2108870816"><ele>134.000</ele></trkpt>
      <trkpt lat="22.2771073205" lon="114.2109036289"><ele>134.000</ele></trkpt>
      <trkpt lat="22.2771071362" lon="114.2109341682"><ele>132.000</ele></trkpt>
      <trkpt lat="22.2771180002" lon="114.2110108230"><ele>131.000</ele></trkpt>
      <trkpt lat="22.2771177589" lon="114.2111273604"><ele>128.000</ele></trkpt>
      <trkpt lat="22.2771266295" lon="114.2112009437"><ele>124.000</ele></trkpt>
      <trkpt lat="22.2771245532" lon="114.2112271890"><ele>121.000</ele></trkpt>
      <trkpt lat="22.2771133265" lon="114.2112815941"><ele>122.000</ele></trkpt>
      <trkpt lat="22.2770657427" lon="114.2113943571"><ele>124.000</ele></trkpt>
      <trkpt lat="22.2770571510" lon="114.2114321172"><ele>123.000</ele></trkpt>
      <trkpt lat="22.2770591220" lon="114.2114719293"><ele>125.000</ele></trkpt>
      <trkpt lat="22.2770592303" lon="114.2114725697"><ele>125.000</ele></trkpt>
      <trkpt lat="22.2770599158" lon="114.2114761989"><ele>125.000</ele></trkpt>
      <trkpt lat="22.2770606375" lon="114.2114798183"><ele>125.000</ele></trkpt>
      <trkpt lat="22.2770613953" lon="114.2114834377"><ele>125.000</ele></trkpt>
      <trkpt lat="22.2770621892" lon="114.2114870377"><ele>125.000</ele></trkpt>
      <trkpt lat="22.2770630102" lon="114.2114906377"><ele>125.000</ele></trkpt>
      <trkpt lat="22.2770638674" lon="114.2114942184"><ele>125.000</ele></trkpt>
      <trkpt lat="22.2770647607" lon="114.2114977990"><ele>125.000</ele></trkpt>
      <trkpt lat="22.2770656810" lon="114.2115013700"><ele>125.000</ele></trkpt>
      <trkpt lat="22.2770666375" lon="114.2115049215"><ele>125.000</ele></trkpt>
      <trkpt lat="22.2770676301" lon="114.2115084731"><ele>125.000</ele></trkpt>
      <trkpt lat="22.2770686498" lon="114.2115120052"><ele>125.000</ele></trkpt>
      <trkpt lat="22.2770697057" lon="114.2115155374"><ele>125.000</ele></trkpt>
      <trkpt lat="22.2770707886" lon="114.2115190502"><ele>125.000</ele></trkpt>
      <trkpt lat="22.2770719076" lon="114.2115225532"><ele>125.000</ele></trkpt>
      <trkpt lat="22.2770730628" lon="114.2115260369"><ele>125.000</ele></trkpt>
      <trkpt lat="22.2770743534" lon="114.2115298214"><ele>125.000</ele></trkpt>
      <trkpt lat="22.2770780892" lon="114.2115432126"><ele>122.000</ele></trkpt>
      <trkpt lat="22.2770834141" lon="114.2115583506"><ele>124.000</ele></trkpt>
      <trkpt lat="22.2770887849" lon="114.2115695396"><ele>124.000</ele></trkpt>
      <trkpt lat="22.2770956713" lon="114.2115879091"><ele>124.000</ele></trkpt>
      <trkpt lat="22.2771005357" lon="114.2116027948"><ele>124.000</ele></trkpt>
      <trkpt lat="22.2771051284" lon="114.2116206398"><ele>126.000</ele></trkpt>
      <trkpt lat="22.2771097119" lon="114.2116399597"><ele>126.000</ele></trkpt>
      <trkpt lat="22.2771153135" lon="114.2116696719"><ele>126.000</ele></trkpt>
      <trkpt lat="22.2771207723" lon="114.2116919708"><ele>123.000</ele></trkpt>
      <trkpt lat="22.2771216384" lon="114.2116955612"><ele>123.000</ele></trkpt>
      <trkpt lat="22.2771224775" lon="114.2116991515"><ele>123.000</ele></trkpt>
      <trkpt lat="22.2771232985" lon="114.2117027515"><ele>123.000</ele></trkpt>
      <trkpt lat="22.2771240925" lon="114.2117063516"><ele>123.000</ele></trkpt>
      <trkpt lat="22.2771248683" lon="114.2117099613"><ele>123.000</ele></trkpt>
      <trkpt lat="22.2771256261" lon="114.2117135710"><ele>123.000</ele></trkpt>
      <trkpt lat="22.2771263568" lon="114.2117171904"><ele>123.000</ele></trkpt>
      <trkpt lat="22.2771270785" lon="114.2117208098"><ele>123.000</ele></trkpt>
      <trkpt lat="22.2771277640" lon="114.2117244389"><ele>123.000</ele></trkpt>
      <trkpt lat="22.2771284406" lon="114.2117280778"><ele>123.000</ele></trkpt>
      <trkpt lat="22.2771290900" lon="114.2117317166"><ele>123.000</ele></trkpt>
      <trkpt lat="22.2771297213" lon="114.2117353554"><ele>123.000</ele></trkpt>
      <trkpt lat="22.2771303256" lon="114.2117389942"><ele>123.000</ele></trkpt>
      <trkpt lat="22.2771309118" lon="114.2117426523"><ele>123.000</ele></trkpt>
      <trkpt lat="22.2771315701" lon="114.2117469413"><ele>123.000</ele></trkpt>
      <trkpt lat="22.2771325521" lon="114.2117580030"><ele>123.000</ele></trkpt>
      <trkpt lat="22.2771334708" lon="114.2117690744"><ele>123.000</ele></trkpt>
      <trkpt lat="22.2771340562" lon="114.2117764585"><ele>123.000</ele></trkpt>
      <trkpt lat="22.2771347676" lon="114.2117860065"><ele>123.000</ele></trkpt>
      <trkpt lat="22.2771345952" lon="114.2117897033"><ele>123.000</ele></trkpt>
      <trkpt lat="22.2771341971" lon="114.2117933807"><ele>123.000</ele></trkpt>
      <trkpt lat="22.2771335912" lon="114.2117970289"><ele>123.000</ele></trkpt>
      <trkpt lat="22.2771327777" lon="114.2118006188"><ele>123.000</ele></trkpt>
      <trkpt lat="22.2771317475" lon="114.2118041602"><ele>123.000</ele></trkpt>
      <trkpt lat="22.2771305186" lon="114.2118076142"><ele>123.000</ele></trkpt>
      <trkpt lat="22.2771290820" lon="114.2118109808"><ele>123.000</ele></trkpt>
      <trkpt lat="22.2771274557" lon="114.2118142406"><ele>123.000</ele></trkpt>
      <trkpt lat="22.2771249624" lon="114.2118184608"><ele>123.000</ele></trkpt>
      <trkpt lat="22.2771102283" lon="114.2118419579"><ele>126.000</ele></trkpt>
      <trkpt lat="22.2771082139" lon="114.2118449556"><ele>126.000</ele></trkpt>
      <trkpt lat="22.2771062355" lon="114.2118479922"><ele>126.000</ele></trkpt>
      <trkpt lat="22.2771043113" lon="114.2118510579"><ele>126.000</ele></trkpt>
      <trkpt lat="22.2771024323" lon="114.2118541624"><ele>126.000</ele></trkpt>
      <trkpt lat="22.2771006074" lon="114.2118572960"><ele>126.000</ele></trkpt>
      <trkpt lat="22.2770988186" lon="114.2118604685"><ele>126.000</ele></trkpt>
      <trkpt lat="22.2770970931" lon="114.2118636700"><ele>126.000</ele></trkpt>
      <trkpt lat="22.2770954037" lon="114.2118669007"><ele>126.000</ele></trkpt>
      <trkpt lat="22.2770937684" lon="114.2118701606"><ele>126.000</ele></trkpt>
      <trkpt lat="22.2770921873" lon="114.2118734495"><ele>126.000</ele></trkpt>
      <trkpt lat="22.2770906514" lon="114.2118767578"><ele>126.000</ele></trkpt>
      <trkpt lat="22.2770891697" lon="114.2118801050"><ele>126.000</ele></trkpt>
      <trkpt lat="22.2770877421" lon="114.2118834716"><ele>126.000</ele></trkpt>
      <trkpt lat="22.2770863687" lon="114.2118868674"><ele>126.000</ele></trkpt>
      <trkpt lat="22.2770850405" lon="114.2118902825"><ele>126.000</ele></trkpt>
      <trkpt lat="22.2770837664" lon="114.2118937268"><ele>126.000</ele></trkpt>
      <trkpt lat="22.2770825465" lon="114.2118971904"><ele>126.000</ele></trkpt>
      <trkpt lat="22.2770813808" lon="114.2119006735"><ele>126.000</ele></trkpt>
      <trkpt lat="22.2770802603" lon="114.2119041761"><ele>126.000</ele></trkpt>
      <trkpt lat="22.2770792029" lon="114.2119076980"><ele>126.000</ele></trkpt>
      <trkpt lat="22.2770781998" lon="114.2119112394"><ele>126.000</ele></trkpt>
      <trkpt lat="22.2770772508" lon="114.2119148001"><ele>126.000</ele></trkpt>
      <trkpt lat="22.2770763560" lon="114.2119183803"><ele>126.000</ele></trkpt>
      <trkpt lat="22.2770752894" lon="114.2119229502"><ele>126.000</ele></trkpt>
      <trkpt lat="22.2770741146" lon="114.2119264333"><ele>128.000</ele></trkpt>
      <trkpt lat="22.2770736962" lon="114.2119277887"><ele>128.000</ele></trkpt>
      <trkpt lat="22.2770711503" lon="114.2119370768"><ele>128.000</ele></trkpt>
      <trkpt lat="22.2770690799" lon="114.2119479534"><ele>130.000</ele></trkpt>
      <trkpt lat="22.2770679126" lon="114.2119589855"><ele>130.000</ele></trkpt>
      <trkpt lat="22.2770707311" lon="114.2119959839"><ele>130.000</ele></trkpt>
      <trkpt lat="22.2770948454" lon="114.2120679089"><ele>125.000</ele></trkpt>
      <trkpt lat="22.2771083948" lon="114.2120936836"><ele>122.000</ele></trkpt>
      <trkpt lat="22.2770306332" lon="114.2121711012"><ele>122.000</ele></trkpt>
      <trkpt lat="22.2771476097" lon="114.2123189611"><ele>122.000</ele></trkpt>
      <trkpt lat="22.2771631484" lon="114.2123386023"><ele>126.000</ele></trkpt>
      <trkpt lat="22.2772425513" lon="114.2124328837"><ele>128.000</ele></trkpt>
      <trkpt lat="22.2772702550" lon="114.2124063198"><ele>126.000</ele></trkpt>
      <trkpt lat="22.2772791509" lon="114.2124360814"><ele>127.000</ele></trkpt>
      <trkpt lat="22.2772573800" lon="114.2124764638"><ele>127.000</ele></trkpt>
      <trkpt lat="22.2772296786" lon="114.2124966518"><ele>125.000</ele></trkpt>
      <trkpt lat="22.2771930765" lon="114.2125051453"><ele>126.000</ele></trkpt>
      <trkpt lat="22.2771426120" lon="114.2125763422"><ele>124.000</ele></trkpt>
      <trkpt lat="22.2771208364" lon="114.2126379821"><ele>121.000</ele></trkpt>
      <trkpt lat="22.2771015348" lon="114.2126561092"><ele>120.000</ele></trkpt>
      <trkpt lat="22.2771010924" lon="114.2126560218"><ele>120.000</ele></trkpt>
      <trkpt lat="22.2770813884" lon="114.2126521356"><ele>120.000</ele></trkpt>
      <trkpt lat="22.2770654625" lon="114.2126329389"><ele>117.000</ele></trkpt>
      <trkpt lat="22.2770564909" lon="114.2126111339"><ele>119.000</ele></trkpt>
      <trkpt lat="22.2770458582" lon="114.2125868542"><ele>119.000</ele></trkpt>
      <trkpt lat="22.2770360823" lon="114.2125670089"><ele>122.000</ele></trkpt>
      <trkpt lat="22.2770183059" lon="114.2125447942"><ele>119.000</ele></trkpt>
      <trkpt lat="22.2769995716" lon="114.2125252475"><ele>120.000</ele></trkpt>
      <trkpt lat="22.2769878536" lon="114.2125080701"><ele>120.000</ele></trkpt>
      <trkpt lat="22.2769815257" lon="114.2124965122"><ele>117.000</ele></trkpt>
      <trkpt lat="22.2769699514" lon="114.2124826727"><ele>117.000</ele></trkpt>
      <trkpt lat="22.2769602805" lon="114.2124788667"><ele>117.000</ele></trkpt>
      <trkpt lat="22.2769547504" lon="114.2124940506"><ele>117.000</ele></trkpt>
      <trkpt lat="22.2769550434" lon="114.2125166587"><ele>117.000</ele></trkpt>
      <trkpt lat="22.2769610793" lon="114.2125421210"><ele>117.000</ele></trkpt>
      <trkpt lat="22.2769646264" lon="114.2125511166"><ele>117.000</ele></trkpt>
      <trkpt lat="22.2769559714" lon="114.2125673864"><ele>117.000</ele></trkpt>
      <trkpt lat="22.2769447544" lon="114.2125719052"><ele>117.000</ele></trkpt>
      <trkpt lat="22.2769289802" lon="114.2125614704"><ele>114.000</ele></trkpt>
      <trkpt lat="22.2769155284" lon="114.2125438269"><ele>114.000</ele></trkpt>
      <trkpt lat="22.2769069212" lon="114.2125484919"><ele>114.000</ele></trkpt>
      <trkpt lat="22.2768985637" lon="114.2125670322"><ele>114.000</ele></trkpt>
      <trkpt lat="22.2768916504" lon="114.2125893377"><ele>112.000</ele></trkpt>
      <trkpt lat="22.2768847356" lon="114.2126182704"><ele>112.000</ele></trkpt>
      <trkpt lat="22.2768806367" lon="114.2126546363"><ele>109.000</ele></trkpt>
      <trkpt lat="22.2768784006" lon="114.2126797763"><ele>107.000</ele></trkpt>
      <trkpt lat="22.2768765419" lon="114.2127131931"><ele>107.000</ele></trkpt>
      <trkpt lat="22.2768746476" lon="114.2127443781"><ele>107.000</ele></trkpt>
      <trkpt lat="22.2768751113" lon="114.2127710422"><ele>108.000</ele></trkpt>
      <trkpt lat="22.2768757023" lon="114.2127936504"><ele>108.000</ele></trkpt>
      <trkpt lat="22.2768778112" lon="114.2128128241"><ele>108.000</ele></trkpt>
      <trkpt lat="22.2768775466" lon="114.2128252148"><ele>107.000</ele></trkpt>
      <trkpt lat="22.2768784102" lon="114.2128404779"><ele>107.000</ele></trkpt>
      <trkpt lat="22.2768709683" lon="114.2128431346"><ele>107.000</ele></trkpt>
      <trkpt lat="22.2768542120" lon="114.2128224823"><ele>107.000</ele></trkpt>
      <trkpt lat="22.2768442102" lon="114.2128039664"><ele>106.000</ele></trkpt>
      <trkpt lat="22.2768328691" lon="114.2127854986"><ele>106.000</ele></trkpt>
      <trkpt lat="22.2768015601" lon="114.2127475838"><ele>100.000</ele></trkpt>
      <trkpt lat="22.2767892076" lon="114.2129411899"><ele>104.000</ele></trkpt>
      <trkpt lat="22.2767890471" lon="114.2129437049"><ele>104.000</ele></trkpt>
      <trkpt lat="22.2767843136" lon="114.2129501950"><ele>104.000</ele></trkpt>
      <trkpt lat="22.2767588956" lon="114.2129355563"><ele>104.000</ele></trkpt>
      <trkpt lat="22.2767467226" lon="114.2129342821"><ele>104.000</ele></trkpt>
      <trkpt lat="22.2767410768" lon="114.2129415288"><ele>104.000</ele></trkpt>
      <trkpt lat="22.2767398259" lon="114.2130032688"><ele>104.000</ele></trkpt>
      <trkpt lat="22.2767360135" lon="114.2130099921"><ele>104.000</ele></trkpt>
      <trkpt lat="22.2767313814" lon="114.2130071091"><ele>104.000</ele></trkpt>
      <trkpt lat="22.2766988208" lon="114.2129896256"><ele>101.000</ele></trkpt>
      <trkpt lat="22.2766728317" lon="114.2129846218"><ele>101.000</ele></trkpt>
      <trkpt lat="22.2766570150" lon="114.2130029079"><ele>94.000</ele></trkpt>
      <trkpt lat="22.2766571976" lon="114.2130345010"><ele>94.000</ele></trkpt>
      <trkpt lat="22.2766856209" lon="114.2131384470"><ele>94.000</ele></trkpt>
      <trkpt lat="22.2766363796" lon="114.2131261794"><ele>92.000</ele></trkpt>
      <trkpt lat="22.2766320889" lon="114.2131311851"><ele>92.000</ele></trkpt>
      <trkpt lat="22.2766503298" lon="114.2131760662"><ele>90.000</ele></trkpt>
      <trkpt lat="22.2766471772" lon="114.2131800631"><ele>90.000</ele></trkpt>
      <trkpt lat="22.2766162111" lon="114.2131800842"><ele>88.000</ele></trkpt>
      <trkpt lat="22.2766117034" lon="114.2131863220"><ele>88.000</ele></trkpt>
      <trkpt lat="22.2766268982" lon="114.2132433506"><ele>90.000</ele></trkpt>
      <trkpt lat="22.2766286123" lon="114.2132512202"><ele>90.000</ele></trkpt>
      <trkpt lat="22.2766217221" lon="114.2132505877"><ele>88.000</ele></trkpt>
      <trkpt lat="22.2765965210" lon="114.2132352116"><ele>88.000</ele></trkpt>
      <trkpt lat="22.2765903614" lon="114.2132382664"><ele>88.000</ele></trkpt>
      <trkpt lat="22.2765908192" lon="114.2132908472"><ele>88.000</ele></trkpt>
      <trkpt lat="22.2764935936" lon="114.2133707631"><ele>79.000</ele></trkpt>
      <trkpt lat="22.2764310076" lon="114.2134109628"><ele>84.000</ele></trkpt>
      <trkpt lat="22.2764294135" lon="114.2134119861"><ele>84.000</ele></trkpt>
      <trkpt lat="22.2764167833" lon="114.2134399760"><ele>84.000</ele></trkpt>
      <trkpt lat="22.2764103929" lon="114.2134532296"><ele>84.000</ele></trkpt>
      <trkpt lat="22.2764136063" lon="114.2135238149"><ele>83.000</ele></trkpt>
      <trkpt lat="22.2764147349" lon="114.2135649277"><ele>83.000</ele></trkpt>
      <trkpt lat="22.2764149051" lon="114.2135709912"><ele>83.000</ele></trkpt>
      <trkpt lat="22.2764150475" lon="114.2135762891"><ele>83.000</ele></trkpt>
      <trkpt lat="22.2764156423" lon="114.2135977251"><ele>84.000</ele></trkpt>
      <trkpt lat="22.2764190437" lon="114.2136475615"><ele>84.000</ele></trkpt>
      <trkpt lat="22.2764702788" lon="114.2137238677"><ele>82.000</ele></trkpt>
      <trkpt lat="22.2764798416" lon="114.2138061323"><ele>82.000</ele></trkpt>
      <trkpt lat="22.2765205748" lon="114.2138635091"><ele>82.000</ele></trkpt>
      <trkpt lat="22.2766484781" lon="114.2139128089"><ele>83.000</ele></trkpt>
      <trkpt lat="22.2766709940" lon="114.2139251706"><ele>84.000</ele></trkpt>
      <trkpt lat="22.2767058961" lon="114.2139546877"><ele>84.000</ele></trkpt>
      <trkpt lat="22.2767481268" lon="114.2139677708"><ele>86.000</ele></trkpt>
      <trkpt lat="22.2767693012" lon="114.2139822533"><ele>87.000</ele></trkpt>
      <trkpt lat="22.2768532989" lon="114.2140017106"><ele>88.000</ele></trkpt>
      <trkpt lat="22.2769676651" lon="114.2140195246"><ele>91.000</ele></trkpt>
      <trkpt lat="22.2769723049" lon="114.2140202467"><ele>91.000</ele></trkpt>
      <trkpt lat="22.2770692428" lon="114.2140346930"><ele>91.000</ele></trkpt>
      <trkpt lat="22.2770809654" lon="114.2140349018"><ele>90.000</ele></trkpt>
      <trkpt lat="22.2770927052" lon="114.2140351087"><ele>90.000</ele></trkpt>
      <trkpt lat="22.2771044360" lon="114.2140353156"><ele>90.000</ele></trkpt>
      <trkpt lat="22.2771161758" lon="114.2140355224"><ele>90.000</ele></trkpt>
      <trkpt lat="22.2771279155" lon="114.2140357293"><ele>90.000</ele></trkpt>
      <trkpt lat="22.2771396463" lon="114.2140359362"><ele>90.000</ele></trkpt>
      <trkpt lat="22.2771513861" lon="114.2140361430"><ele>90.000</ele></trkpt>
      <trkpt lat="22.2771631277" lon="114.2140363499"><ele>90.000</ele></trkpt>
      <trkpt lat="22.2771712931" lon="114.2140364889"><ele>88.000</ele></trkpt>
      <trkpt lat="22.2771781008" lon="114.2140348247"><ele>88.000</ele></trkpt>
      <trkpt lat="22.2771895261" lon="114.2140320138"><ele>86.000</ele></trkpt>
      <trkpt lat="22.2772009578" lon="114.2140292127"><ele>86.000</ele></trkpt>
      <trkpt lat="22.2772123822" lon="114.2140264115"><ele>84.000</ele></trkpt>
      <trkpt lat="22.2772238156" lon="114.2140236103"><ele>84.000</ele></trkpt>
      <trkpt lat="22.2772352427" lon="114.2140208092"><ele>84.000</ele></trkpt>
      <trkpt lat="22.2772402866" lon="114.2140195675"><ele>84.000</ele></trkpt>
      <trkpt lat="22.2772466816" lon="114.2140179867"><ele>84.000</ele></trkpt>
      <trkpt lat="22.2772580771" lon="114.2140151758"><ele>82.000</ele></trkpt>
      <trkpt lat="22.2772695213" lon="114.2140123552"><ele>82.000</ele></trkpt>
      <trkpt lat="22.2772809638" lon="114.2140095250"><ele>82.000</ele></trkpt>
      <trkpt lat="22.2772924054" lon="114.2140067054"><ele>82.000</ele></trkpt>
      <trkpt lat="22.2773038397" lon="114.2140038838"><ele>81.000</ele></trkpt>
      <trkpt lat="22.2773152551" lon="114.2140010633"><ele>81.000</ele></trkpt>
      <trkpt lat="22.2773344670" lon="114.2139963264"><ele>81.000</ele></trkpt>
      <trkpt lat="22.2773211869" lon="114.2139832044"><ele>80.000</ele></trkpt>
      <trkpt lat="22.2773125375" lon="114.2139746721"><ele>80.000</ele></trkpt>
      <trkpt lat="22.2773038980" lon="114.2139661418"><ele>80.000</ele></trkpt>
      <trkpt lat="22.2772952576" lon="114.2139576106"><ele>80.000</ele></trkpt>
      <trkpt lat="22.2772866164" lon="114.2139490783"><ele>80.000</ele></trkpt>
      <trkpt lat="22.2772779670" lon="114.2139405471"><ele>80.000</ele></trkpt>
      <trkpt lat="22.2772693275" lon="114.2139320168"><ele>79.000</ele></trkpt>
      <trkpt lat="22.2772622328" lon="114.2139250112"><ele>79.000</ele></trkpt>
      <trkpt lat="22.2772564935" lon="114.2139227702"><ele>79.000</ele></trkpt>
      <trkpt lat="22.2772454572" lon="114.2139184679"><ele>79.000</ele></trkpt>
      <trkpt lat="22.2772344137" lon="114.2139141665"><ele>79.000</ele></trkpt>
      <trkpt lat="22.2772233801" lon="114.2139098652"><ele>79.000</ele></trkpt>
      <trkpt lat="22.2772123457" lon="114.2139055638"><ele>79.000</ele></trkpt>
      <trkpt lat="22.2772013112" lon="114.2139012625"><ele>81.000</ele></trkpt>
      <trkpt lat="22.2771902768" lon="114.2138969611"><ele>81.000</ele></trkpt>
      <trkpt lat="22.2771792423" lon="114.2138926607"><ele>81.000</ele></trkpt>
      <trkpt lat="22.2771691713" lon="114.2138887322"><ele>81.000</ele></trkpt>
      <trkpt lat="22.2771756953" lon="114.2138797421"><ele>76.000</ele></trkpt>
      <trkpt lat="22.2771829112" lon="114.2138698003"><ele>76.000</ele></trkpt>
      <trkpt lat="22.2771901380" lon="114.2138598566"><ele>76.000</ele></trkpt>
      <trkpt lat="22.2771973585" lon="114.2138499100"><ele>76.000</ele></trkpt>
      <trkpt lat="22.2771983495" lon="114.2138485421"><ele>76.000</ele></trkpt>
      <trkpt lat="22.2772068535" lon="114.2138449202"><ele>76.000</ele></trkpt>
      <trkpt lat="22.2772177266" lon="114.2138402850"><ele>74.000</ele></trkpt>
      <trkpt lat="22.2772286005" lon="114.2138356595"><ele>72.000</ele></trkpt>
      <trkpt lat="22.2772394763" lon="114.2138310234"><ele>72.000</ele></trkpt>
      <trkpt lat="22.2772503484" lon="114.2138263891"><ele>72.000</ele></trkpt>
      <trkpt lat="22.2772612251" lon="114.2138217627"><ele>73.000</ele></trkpt>
      <trkpt lat="22.2772627478" lon="114.2138211110"><ele>73.000</ele></trkpt>
      <trkpt lat="22.2772757801" lon="114.2138200636"><ele>73.000</ele></trkpt>
      <trkpt lat="22.2772874832" lon="114.2138191158"><ele>73.000</ele></trkpt>
      <trkpt lat="22.2772991961" lon="114.2138181777"><ele>73.000</ele></trkpt>
      <trkpt lat="22.2773109000" lon="114.2138172299"><ele>73.000</ele></trkpt>
      <trkpt lat="22.2773226022" lon="114.2138162917"><ele>73.000</ele></trkpt>
      <trkpt lat="22.2773343169" lon="114.2138153536"><ele>73.000</ele></trkpt>
      <trkpt lat="22.2773457897" lon="114.2138144251"><ele>72.000</ele></trkpt>
      <trkpt lat="22.2773543342" lon="114.2138157179"><ele>72.000</ele></trkpt>
      <trkpt lat="22.2773578370" lon="114.2138162069"><ele>72.000</ele></trkpt>
      <trkpt lat="22.2773614293" lon="114.2138166163"><ele>72.000</ele></trkpt>
      <trkpt lat="22.2773649295" lon="114.2138169646"><ele>72.000</ele></trkpt>
      <trkpt lat="22.2773684379" lon="114.2138172527"><ele>72.000</ele></trkpt>
      <trkpt lat="22.2773719462" lon="114.2138174924"><ele>72.000</ele></trkpt>
      <trkpt lat="22.2773754636" lon="114.2138176718"><ele>72.000</ele></trkpt>
      <trkpt lat="22.2773789810" lon="114.2138178018"><ele>72.000</ele></trkpt>
      <trkpt lat="22.2773824894" lon="114.2138178716"><ele>72.000</ele></trkpt>
      <trkpt lat="22.2773859996" lon="114.2138178929"><ele>72.000</ele></trkpt>
      <trkpt lat="22.2773895170" lon="114.2138178638"><ele>72.000</ele></trkpt>
      <trkpt lat="22.2773930408" lon="114.2138177754"><ele>71.000</ele></trkpt>
      <trkpt lat="22.2773965583" lon="114.2138176269"><ele>71.000</ele></trkpt>
      <trkpt lat="22.2774000595" lon="114.2138174299"><ele>71.000</ele></trkpt>
      <trkpt lat="22.2774035770" lon="114.2138171834"><ele>71.000</ele></trkpt>
      <trkpt lat="22.2774070764" lon="114.2138168767"><ele>71.000</ele></trkpt>
      <trkpt lat="22.2774105849" lon="114.2138165206"><ele>71.000</ele></trkpt>
      <trkpt lat="22.2774140763" lon="114.2138161043"><ele>71.000</ele></trkpt>
      <trkpt lat="22.2774175586" lon="114.2138156404"><ele>71.000</ele></trkpt>
      <trkpt lat="22.2774210490" lon="114.2138151251"><ele>71.000</ele></trkpt>
      <trkpt lat="22.2774245287" lon="114.2138145497"><ele>71.000</ele></trkpt>
      <trkpt lat="22.2774280995" lon="114.2138138976"><ele>71.000</ele></trkpt>
      <trkpt lat="22.2774328111" lon="114.2138127665"><ele>71.000</ele></trkpt>
      <trkpt lat="22.2774360758" lon="114.2138120726"><ele>69.000</ele></trkpt>
      <trkpt lat="22.2774393586" lon="114.2138114437"><ele>69.000</ele></trkpt>
      <trkpt lat="22.2774426495" lon="114.2138108896"><ele>69.000</ele></trkpt>
      <trkpt lat="22.2774459584" lon="114.2138104014"><ele>69.000</ele></trkpt>
      <trkpt lat="22.2774492610" lon="114.2138099889"><ele>69.000</ele></trkpt>
      <trkpt lat="22.2774527126" lon="114.2138096376"><ele>69.000</ele></trkpt>
      <trkpt lat="22.2774587489" lon="114.2138088144"><ele>69.000</ele></trkpt>
      <trkpt lat="22.2774655636" lon="114.2138079071"><ele>69.000</ele></trkpt>
      <trkpt lat="22.2774757884" lon="114.2138066027"><ele>69.000</ele></trkpt>
      <trkpt lat="22.2774860177" lon="114.2138053469"><ele>68.000</ele></trkpt>
      <trkpt lat="22.2774928342" lon="114.2138045356"><ele>68.000</ele></trkpt>
      <trkpt lat="22.2774996588" lon="114.2138037534"><ele>68.000</ele></trkpt>
      <trkpt lat="22.2775064871" lon="114.2138030003"><ele>68.000</ele></trkpt>
      <trkpt lat="22.2775167741" lon="114.2138018949"><ele>68.000</ele></trkpt>
      <trkpt lat="22.2775371388" lon="114.2137994842"><ele>68.000</ele></trkpt>
      <trkpt lat="22.2775433149" lon="114.2137990259"><ele>68.000</ele></trkpt>
      <trkpt lat="22.2775467773" lon="114.2137987328"><ele>68.000</ele></trkpt>
      <trkpt lat="22.2775502434" lon="114.2137984203"><ele>68.000</ele></trkpt>
      <trkpt lat="22.2775537013" lon="114.2137980777"><ele>68.000</ele></trkpt>
      <trkpt lat="22.2775571592" lon="114.2137977157"><ele>68.000</ele></trkpt>
      <trkpt lat="22.2775606225" lon="114.2137973246"><ele>68.000</ele></trkpt>
      <trkpt lat="22.2775640805" lon="114.2137969035"><ele>68.000</ele></trkpt>
      <trkpt lat="22.2775675294" lon="114.2137964639"><ele>68.000</ele></trkpt>
      <trkpt lat="22.2775709774" lon="114.2137959942"><ele>68.000</ele></trkpt>
      <trkpt lat="22.2775744263" lon="114.2137955041"><ele>68.000</ele></trkpt>
      <trkpt lat="22.2775778734" lon="114.2137949849"><ele>68.000</ele></trkpt>
      <trkpt lat="22.2775813115" lon="114.2137944366"><ele>68.000</ele></trkpt>
      <trkpt lat="22.2775847514" lon="114.2137938699"><ele>68.000</ele></trkpt>
      <trkpt lat="22.2775881823" lon="114.2137932721"><ele>68.000</ele></trkpt>
      <trkpt lat="22.2775916131" lon="114.2137926559"><ele>68.000</ele></trkpt>
      <trkpt lat="22.2775950350" lon="114.2137920096"><ele>68.000</ele></trkpt>
      <trkpt lat="22.2775984560" lon="114.2137913439"><ele>68.000</ele></trkpt>
      <trkpt lat="22.2776018688" lon="114.2137906491"><ele>68.000</ele></trkpt>
      <trkpt lat="22.2776052807" lon="114.2137899339"><ele>68.000</ele></trkpt>
      <trkpt lat="22.2776086918" lon="114.2137891886"><ele>64.000</ele></trkpt>
      <trkpt lat="22.2776120947" lon="114.2137884143"><ele>64.000</ele></trkpt>
      <trkpt lat="22.2776153838" lon="114.2137876457"><ele>64.000</ele></trkpt>
      <trkpt lat="22.2776209740" lon="114.2137865439"><ele>66.000</ele></trkpt>
      <trkpt lat="22.2776244022" lon="114.2137858355"><ele>66.000</ele></trkpt>
      <trkpt lat="22.2776278124" lon="114.2137850902"><ele>66.000</ele></trkpt>
      <trkpt lat="22.2776312144" lon="114.2137843265"><ele>66.000</ele></trkpt>
      <trkpt lat="22.2776346263" lon="114.2137835318"><ele>66.000</ele></trkpt>
      <trkpt lat="22.2776380193" lon="114.2137827069"><ele>66.000</ele></trkpt>
      <trkpt lat="22.2776414114" lon="114.2137818539"><ele>66.000</ele></trkpt>
      <trkpt lat="22.2776447936" lon="114.2137809709"><ele>66.000</ele></trkpt>
      <trkpt lat="22.2776481695" lon="114.2137800597"><ele>66.000</ele></trkpt>
      <trkpt lat="22.2776515444" lon="114.2137791271"><ele>66.000</ele></trkpt>
      <trkpt lat="22.2776549104" lon="114.2137781548"><ele>66.000</ele></trkpt>
      <trkpt lat="22.2776582592" lon="114.2137771660"><ele>66.000</ele></trkpt>
      <trkpt lat="22.2776616143" lon="114.2137761451"><ele>66.000</ele></trkpt>
      <trkpt lat="22.2776649640" lon="114.2137750942"><ele>66.000</ele></trkpt>
      <trkpt lat="22.2776682848" lon="114.2137740161"><ele>66.000</ele></trkpt>
      <trkpt lat="22.2776716156" lon="114.2137729195"><ele>66.000</ele></trkpt>
      <trkpt lat="22.2776749445" lon="114.2137717871"><ele>66.000</ele></trkpt>
      <trkpt lat="22.2776782545" lon="114.2137706187"><ele>66.000</ele></trkpt>
      <trkpt lat="22.2776820874" lon="114.2137692409"><ele>66.000</ele></trkpt>
      <trkpt lat="22.2776848483" lon="114.2137682267"><ele>66.000</ele></trkpt>
      <trkpt lat="22.2776881285" lon="114.2137669807"><ele>66.000</ele></trkpt>
      <trkpt lat="22.2776914060" lon="114.2137657163"><ele>66.000</ele></trkpt>
      <trkpt lat="22.2776946718" lon="114.2137644198"><ele>66.000</ele></trkpt>
      <trkpt lat="22.2776979313" lon="114.2137630962"><ele>66.000</ele></trkpt>
      <trkpt lat="22.2777011745" lon="114.2137617522"><ele>66.000</ele></trkpt>
      <trkpt lat="22.2777044105" lon="114.2137603782"><ele>66.000</ele></trkpt>
      <trkpt lat="22.2777076483" lon="114.2137589740"><ele>68.000</ele></trkpt>
      <trkpt lat="22.2777108707" lon="114.2137575388"><ele>68.000</ele></trkpt>
      <trkpt lat="22.2777139713" lon="114.2137561259"><ele>68.000</ele></trkpt>
      <trkpt lat="22.2777175766" lon="114.2137546481"><ele>68.000</ele></trkpt>
      <trkpt lat="22.2777208289" lon="114.2137532672"><ele>68.000</ele></trkpt>
      <trkpt lat="22.2777240784" lon="114.2137518436"><ele>68.000</ele></trkpt>
      <trkpt lat="22.2777273054" lon="114.2137503725"><ele>68.000</ele></trkpt>
      <trkpt lat="22.2777305062" lon="114.2137488762"><ele>68.000</ele></trkpt>
      <trkpt lat="22.2777336980" lon="114.2137473391"><ele>68.000</ele></trkpt>
      <trkpt lat="22.2777368789" lon="114.2137457699"><ele>68.000</ele></trkpt>
      <trkpt lat="22.2777400400" lon="114.2137441523"><ele>68.000</ele></trkpt>
      <trkpt lat="22.2777431939" lon="114.2137425026"><ele>68.000</ele></trkpt>
      <trkpt lat="22.2777463207" lon="114.2137408044"><ele>65.000</ele></trkpt>
      <trkpt lat="22.2777494321" lon="114.2137390800"><ele>65.000</ele></trkpt>
      <trkpt lat="22.2777525156" lon="114.2137373159"><ele>65.000</ele></trkpt>
      <trkpt lat="22.2777555909" lon="114.2137355216"><ele>65.000</ele></trkpt>
      <trkpt lat="22.2777586437" lon="114.2137336846"><ele>65.000</ele></trkpt>
      <trkpt lat="22.2777616875" lon="114.2137318089"><ele>65.000</ele></trkpt>
      <trkpt lat="22.2777647014" lon="114.2137298943"><ele>65.000</ele></trkpt>
      <trkpt lat="22.2777676937" lon="114.2137279525"><ele>65.000</ele></trkpt>
      <trkpt lat="22.2777706680" lon="114.2137259709"><ele>65.000</ele></trkpt>
      <trkpt lat="22.2777736269" lon="114.2137239583"><ele>65.000</ele></trkpt>
      <trkpt lat="22.2777765523" lon="114.2137219098"><ele>65.000</ele></trkpt>
      <trkpt lat="22.2777795510" lon="114.2137197798"><ele>65.000</ele></trkpt>
      <trkpt lat="22.2777824585" lon="114.2137176148"><ele>65.000</ele></trkpt>
      <trkpt lat="22.2777853397" lon="114.2137153984"><ele>65.000</ele></trkpt>
      <trkpt lat="22.2777881786" lon="114.2137131102"><ele>65.000</ele></trkpt>
      <trkpt lat="22.2777909750" lon="114.2137107744"><ele>65.000</ele></trkpt>
      <trkpt lat="22.2777937335" lon="114.2137083736"><ele>65.000</ele></trkpt>
      <trkpt lat="22.2777983545" lon="114.2137041782"><ele>66.000</ele></trkpt>
      <trkpt lat="22.2778042421" lon="114.2136981493"><ele>66.000</ele></trkpt>
      <trkpt lat="22.2778052899" lon="114.2136970444"><ele>66.000</ele></trkpt>
      <trkpt lat="22.2778113495" lon="114.2136967792"><ele>66.000</ele></trkpt>
      <trkpt lat="22.2778185519" lon="114.2136946891"><ele>66.000</ele></trkpt>
      <trkpt lat="22.2778218528" lon="114.2136937458"><ele>66.000</ele></trkpt>
      <trkpt lat="22.2778284835" lon="114.2136918913"><ele>64.000</ele></trkpt>
      <trkpt lat="22.2778351377" lon="114.2136900650"><ele>64.000</ele></trkpt>
      <trkpt lat="22.2778385380" lon="114.2136891451"><ele>64.000</ele></trkpt>
      <trkpt lat="22.2778459599" lon="114.2136868775"><ele>64.000</ele></trkpt>
      <trkpt lat="22.2778525626" lon="114.2136849066"><ele>64.000</ele></trkpt>
      <trkpt lat="22.2778591798" lon="114.2136829648"><ele>64.000</ele></trkpt>
      <trkpt lat="22.2778657988" lon="114.2136810531"><ele>64.000</ele></trkpt>
      <trkpt lat="22.2778724277" lon="114.2136791899"><ele>64.000</ele></trkpt>
      <trkpt lat="22.2778790638" lon="114.2136773558"><ele>64.000</ele></trkpt>
      <trkpt lat="22.2778890487" lon="114.2136746794"><ele>64.000</ele></trkpt>
      <trkpt lat="22.2778957020" lon="114.2136729326"><ele>64.000</ele></trkpt>
      <trkpt lat="22.2779023724" lon="114.2136712344"><ele>64.000</ele></trkpt>
      <trkpt lat="22.2779123916" lon="114.2136687414"><ele>64.000</ele></trkpt>
      <trkpt lat="22.2779224315" lon="114.2136663279"><ele>64.000</ele></trkpt>
      <trkpt lat="22.2779324894" lon="114.2136639989"><ele>64.000</ele></trkpt>
      <trkpt lat="22.2779358300" lon="114.2136632400"><ele>64.000</ele></trkpt>
      <trkpt lat="22.2779413227" lon="114.2136620354"><ele>64.000</ele></trkpt>
      <trkpt lat="22.2779480491" lon="114.2136606079"><ele>64.000</ele></trkpt>
      <trkpt lat="22.2779513996" lon="114.2136599159"><ele>64.000</ele></trkpt>
      <trkpt lat="22.2779581331" lon="114.2136585651"><ele>64.000</ele></trkpt>
      <trkpt lat="22.2779648721" lon="114.2136572627"><ele>64.000</ele></trkpt>
      <trkpt lat="22.2779682307" lon="114.2136566387"><ele>64.000</ele></trkpt>
      <trkpt lat="22.2779749950" lon="114.2136554131"><ele>64.000</ele></trkpt>
      <trkpt lat="22.2779817492" lon="114.2136542379"><ele>64.000</ele></trkpt>
      <trkpt lat="22.2779851169" lon="114.2136536808"><ele>64.000</ele></trkpt>
      <trkpt lat="22.2779918983" lon="114.2136525803"><ele>64.000</ele></trkpt>
      <trkpt lat="22.2779986733" lon="114.2136515400"><ele>64.000</ele></trkpt>
      <trkpt lat="22.2780020662" lon="114.2136510392"><ele>64.000</ele></trkpt>
      <trkpt lat="22.2780054483" lon="114.2136505481"><ele>64.000</ele></trkpt>
      <trkpt lat="22.2780122477" lon="114.2136496126"><ele>64.000</ele></trkpt>
      <trkpt lat="22.2780156334" lon="114.2136491613"><ele>64.000</ele></trkpt>
      <trkpt lat="22.2780224354" lon="114.2136483044"><ele>64.000</ele></trkpt>
      <trkpt lat="22.2780292375" lon="114.2136474950"><ele>64.000</ele></trkpt>
      <trkpt lat="22.2780360486" lon="114.2136467341"><ele>64.000</ele></trkpt>
      <trkpt lat="22.2780394442" lon="114.2136463789"><ele>64.000</ele></trkpt>
      <trkpt lat="22.2780462679" lon="114.2136456947"><ele>64.000</ele></trkpt>
      <trkpt lat="22.2780531277" lon="114.2136450648"><ele>64.000</ele></trkpt>
      <trkpt lat="22.2780805770" lon="114.2136422455"><ele>61.000</ele></trkpt>
      <trkpt lat="22.2781543786" lon="114.2136317117"><ele>62.000</ele></trkpt>
      <trkpt lat="22.2782087048" lon="114.2136250938"><ele>62.000</ele></trkpt>
      <trkpt lat="22.2782155584" lon="114.2136242291"><ele>62.000</ele></trkpt>
      <trkpt lat="22.2782223993" lon="114.2136233469"><ele>62.000</ele></trkpt>
      <trkpt lat="22.2782292492" lon="114.2136224444"><ele>62.000</ele></trkpt>
      <trkpt lat="22.2782360920" lon="114.2136215224"><ele>62.000</ele></trkpt>
      <trkpt lat="22.2782463430" lon="114.2136201056"><ele>62.000</ele></trkpt>
      <trkpt lat="22.2782565976" lon="114.2136186402"><ele>62.000</ele></trkpt>
      <trkpt lat="22.2782634313" lon="114.2136176299"><ele>62.000</ele></trkpt>
      <trkpt lat="22.2782702452" lon="114.2136166138"><ele>62.000</ele></trkpt>
      <trkpt lat="22.2782786791" lon="114.2136153828"><ele>62.000</ele></trkpt>
      <trkpt lat="22.2782889302" lon="114.2136138184"><ele>62.000</ele></trkpt>
      <trkpt lat="22.2782957648" lon="114.2136127393"><ele>63.000</ele></trkpt>
      <trkpt lat="22.2783060014" lon="114.2136110681"><ele>63.000</ele></trkpt>
      <trkpt lat="22.2783162200" lon="114.2136093184"><ele>63.000</ele></trkpt>
      <trkpt lat="22.2783230348" lon="114.2136081131"><ele>63.000</ele></trkpt>
      <trkpt lat="22.2783298505" lon="114.2136068778"><ele>63.000</ele></trkpt>
      <trkpt lat="22.2783366481" lon="114.2136056046"><ele>63.000</ele></trkpt>
      <trkpt lat="22.2783468406" lon="114.2136036520"><ele>63.000</ele></trkpt>
      <trkpt lat="22.2783536346" lon="114.2136023090"><ele>63.000</ele></trkpt>
      <trkpt lat="22.2783638036" lon="114.2136002293"><ele>63.000</ele></trkpt>
      <trkpt lat="22.2783705814" lon="114.2135988096"><ele>63.000</ele></trkpt>
      <trkpt lat="22.2783773547" lon="114.2135973598"><ele>63.000</ele></trkpt>
      <trkpt lat="22.2783874975" lon="114.2135951152"><ele>60.000</ele></trkpt>
      <trkpt lat="22.2783942492" lon="114.2135935877"><ele>60.000</ele></trkpt>
      <trkpt lat="22.2784008952" lon="114.2135920467"><ele>60.000</ele></trkpt>
      <trkpt lat="22.2784075501" lon="114.2135907822"><ele>60.000</ele></trkpt>
      <trkpt lat="22.2784109684" lon="114.2135900970"><ele>60.000</ele></trkpt>
      <trkpt lat="22.2784143740" lon="114.2135894032"><ele>60.000</ele></trkpt>
      <trkpt lat="22.2784177859" lon="114.2135886793"><ele>60.000</ele></trkpt>
      <trkpt lat="22.2784211753" lon="114.2135879378"><ele>60.000</ele></trkpt>
      <trkpt lat="22.2784245701" lon="114.2135871858"><ele>60.000</ele></trkpt>
      <trkpt lat="22.2784279730" lon="114.2135864026"><ele>60.000</ele></trkpt>
      <trkpt lat="22.2784313552" lon="114.2135856021"><ele>62.000</ele></trkpt>
      <trkpt lat="22.2784347319" lon="114.2135847918"><ele>62.000</ele></trkpt>
      <trkpt lat="22.2784381258" lon="114.2135839494"><ele>62.000</ele></trkpt>
      <trkpt lat="22.2784414881" lon="114.2135830916"><ele>62.000</ele></trkpt>
      <trkpt lat="22.2784448649" lon="114.2135822211"><ele>62.000</ele></trkpt>
      <trkpt lat="22.2784482416" lon="114.2135813206"><ele>62.000</ele></trkpt>
      <trkpt lat="22.2784515949" lon="114.2135804035"><ele>62.000</ele></trkpt>
      <trkpt lat="22.2784549554" lon="114.2135794749"><ele>62.000</ele></trkpt>
      <trkpt lat="22.2784583060" lon="114.2135785171"><ele>62.000</ele></trkpt>
      <trkpt lat="22.2784616566" lon="114.2135775496"><ele>62.000</ele></trkpt>
      <trkpt lat="22.2784650045" lon="114.2135765510"><ele>62.000</ele></trkpt>
      <trkpt lat="22.2784683397" lon="114.2135755360"><ele>62.000</ele></trkpt>
      <trkpt lat="22.2784716722" lon="114.2135745093"><ele>62.000</ele></trkpt>
      <trkpt lat="22.2784750057" lon="114.2135734545"><ele>64.000</ele></trkpt>
      <trkpt lat="22.2784783247" lon="114.2135723899"><ele>64.000</ele></trkpt>
      <trkpt lat="22.2784816446" lon="114.2135713031"><ele>64.000</ele></trkpt>
      <trkpt lat="22.2784849591" lon="114.2135701881"><ele>64.000</ele></trkpt>
      <trkpt lat="22.2784882601" lon="114.2135690663"><ele>64.000</ele></trkpt>
      <trkpt lat="22.2784915565" lon="114.2135679222"><ele>64.000</ele></trkpt>
      <trkpt lat="22.2784948566" lon="114.2135667577"><ele>64.000</ele></trkpt>
      <trkpt lat="22.2784981548" lon="114.2135655641"><ele>64.000</ele></trkpt>
      <trkpt lat="22.2785014287" lon="114.2135643627"><ele>64.000</ele></trkpt>
      <trkpt lat="22.2785047044" lon="114.2135631420"><ele>64.000</ele></trkpt>
      <trkpt lat="22.2785079846" lon="114.2135618998"><ele>64.000</ele></trkpt>
      <trkpt lat="22.2785112404" lon="114.2135606402"><ele>64.000</ele></trkpt>
      <trkpt lat="22.2785145008" lon="114.2135593690"><ele>64.000</ele></trkpt>
      <trkpt lat="22.2785177566" lon="114.2135580667"><ele>64.000</ele></trkpt>
      <trkpt lat="22.2785209212" lon="114.2135567809"><ele>64.000</ele></trkpt>
      <trkpt lat="22.2785244263" lon="114.2135554836"><ele>64.000</ele></trkpt>
      <trkpt lat="22.2785309081" lon="114.2135531090"><ele>64.000</ele></trkpt>
      <trkpt lat="22.2785374125" lon="114.2135507935"><ele>64.000</ele></trkpt>
      <trkpt lat="22.2785406584" lon="114.2135496581"><ele>64.000</ele></trkpt>
      <trkpt lat="22.2785471835" lon="114.2135474097"><ele>64.000</ele></trkpt>
      <trkpt lat="22.2785537123" lon="114.2135452214"><ele>62.000</ele></trkpt>
      <trkpt lat="22.2785602573" lon="114.2135430816"><ele>62.000</ele></trkpt>
      <trkpt lat="22.2785668221" lon="114.2135409991"><ele>61.000</ele></trkpt>
      <trkpt lat="22.2785734014" lon="114.2135389632"><ele>61.000</ele></trkpt>
      <trkpt lat="22.2785799933" lon="114.2135369680"><ele>61.000</ele></trkpt>
      <trkpt lat="22.2785865942" lon="114.2135350397"><ele>61.000</ele></trkpt>
      <trkpt lat="22.2785932069" lon="114.2135331493"><ele>61.000</ele></trkpt>
      <trkpt lat="22.2785998358" lon="114.2135313172"><ele>61.000</ele></trkpt>
      <trkpt lat="22.2786031503" lon="114.2135304234"><ele>61.000</ele></trkpt>
      <trkpt lat="22.2786098035" lon="114.2135286669"><ele>62.000</ele></trkpt>
      <trkpt lat="22.2786164586" lon="114.2135269609"><ele>62.000</ele></trkpt>
      <trkpt lat="22.2786231209" lon="114.2135253131"><ele>62.000</ele></trkpt>
      <trkpt lat="22.2786298057" lon="114.2135237119"><ele>62.000</ele></trkpt>
      <trkpt lat="22.2786365312" lon="114.2135221524"><ele>62.000</ele></trkpt>
      <trkpt lat="22.2786452841" lon="114.2135200656"><ele>62.000</ele></trkpt>
      <trkpt lat="22.2786519916" lon="114.2135184790"><ele>62.000</ele></trkpt>
      <trkpt lat="22.2786587035" lon="114.2135169127"><ele>64.000</ele></trkpt>
      <trkpt lat="22.2786687804" lon="114.2135146011"><ele>64.000</ele></trkpt>
      <trkpt lat="22.2786822313" lon="114.2135115821"><ele>64.000</ele></trkpt>
      <trkpt lat="22.2786956885" lon="114.2135086320"><ele>64.000</ele></trkpt>
      <trkpt lat="22.2787091647" lon="114.2135057595"><ele>64.000</ele></trkpt>
      <trkpt lat="22.2787226923" lon="114.2135029452"><ele>64.000</ele></trkpt>
      <trkpt lat="22.2787751069" lon="114.2134913791"><ele>62.000</ele></trkpt>
      <trkpt lat="22.2788436408" lon="114.2134779736"><ele>64.000</ele></trkpt>
      <trkpt lat="22.2788729819" lon="114.2134756040"><ele>64.000</ele></trkpt>
      <trkpt lat="22.2789350149" lon="114.2134725918"><ele>63.000</ele></trkpt>
      <trkpt lat="22.2790943499" lon="114.2134714990"><ele>62.000</ele></trkpt>
      <trkpt lat="22.2791757245" lon="114.2134617627"><ele>64.000</ele></trkpt>
      <trkpt lat="22.2791784568" lon="114.2134392588"><ele>66.000</ele></trkpt>
      <trkpt lat="22.2791814161" lon="114.2134313592"><ele>66.000</ele></trkpt>
      <trkpt lat="22.2791853098" lon="114.2134209400"><ele>66.000</ele></trkpt>
      <trkpt lat="22.2791895206" lon="114.2134096854"><ele>66.000</ele></trkpt>
      <trkpt lat="22.2791937314" lon="114.2133984210"><ele>66.000</ele></trkpt>
      <trkpt lat="22.2791979431" lon="114.2133871635"><ele>66.000</ele></trkpt>
      <trkpt lat="22.2792021639" lon="114.2133758983"><ele>66.000</ele></trkpt>
      <trkpt lat="22.2792063096" lon="114.2133648231"><ele>66.000</ele></trkpt>
      <trkpt lat="22.2792105204" lon="114.2133535491"><ele>66.000</ele></trkpt>
      <trkpt lat="22.2792189601" lon="114.2133310001"><ele>66.000</ele></trkpt>
      <trkpt lat="22.2792231736" lon="114.2133197280"><ele>66.000</ele></trkpt>
      <trkpt lat="22.2792241062" lon="114.2133172511"><ele>66.000</ele></trkpt>
      <trkpt lat="22.2792274034" lon="114.2133084540"><ele>66.000</ele></trkpt>
      <trkpt lat="22.2792358602" lon="114.2132859254"><ele>66.000</ele></trkpt>
      <trkpt lat="22.2792378662" lon="114.2132805727"><ele>66.000</ele></trkpt>
      <trkpt lat="22.2792449998" lon="114.2132633931"><ele>66.000</ele></trkpt>
      <trkpt lat="22.2792495998" lon="114.2132523113"><ele>66.000</ele></trkpt>
      <trkpt lat="22.2792542070" lon="114.2132412343"><ele>66.000</ele></trkpt>
      <trkpt lat="22.2792567161" lon="114.2132351763"><ele>66.000</ele></trkpt>
      <trkpt lat="22.2792592098" lon="114.2132299828"><ele>66.000</ele></trkpt>
      <trkpt lat="22.2792640228" lon="114.2132190631"><ele>66.000</ele></trkpt>
      <trkpt lat="22.2792687808" lon="114.2132082540"><ele>66.000</ele></trkpt>
      <trkpt lat="22.2792687998" lon="114.2132082026"><ele>66.000</ele></trkpt>
      <trkpt lat="22.2792703990" lon="114.2132045779"><ele>64.000</ele></trkpt>
      <trkpt lat="22.2792716428" lon="114.2132031499"><ele>64.000</ele></trkpt>
      <trkpt lat="22.2792766072" lon="114.2131980658"><ele>64.000</ele></trkpt>
      <trkpt lat="22.2792845913" lon="114.2131895009"><ele>64.000</ele></trkpt>
      <trkpt lat="22.2792926323" lon="114.2131808749"><ele>65.000</ele></trkpt>
      <trkpt lat="22.2793006806" lon="114.2131722508"><ele>65.000</ele></trkpt>
      <trkpt lat="22.2793087288" lon="114.2131636170"><ele>65.000</ele></trkpt>
      <trkpt lat="22.2793167788" lon="114.2131549910"><ele>61.000</ele></trkpt>
      <trkpt lat="22.2793239626" lon="114.2131472944"><ele>61.000</ele></trkpt>
      <trkpt lat="22.2793381099" lon="114.2131356299"><ele>63.000</ele></trkpt>
      <trkpt lat="22.2793514950" lon="114.2131279106"><ele>63.000</ele></trkpt>
      <trkpt lat="22.2793786876" lon="114.2131138082"><ele>65.000</ele></trkpt>
      <trkpt lat="22.2793889257" lon="114.2131097326"><ele>58.000</ele></trkpt>
      <trkpt lat="22.2793995690" lon="114.2131065663"><ele>58.000</ele></trkpt>
      <trkpt lat="22.2794076030" lon="114.2131048615"><ele>58.000</ele></trkpt>
      <trkpt lat="22.2794240637" lon="114.2131024400"><ele>60.000</ele></trkpt>
      <trkpt lat="22.2794332877" lon="114.2131019155"><ele>60.000</ele></trkpt>
      <trkpt lat="22.2794350686" lon="114.2131018150"><ele>60.000</ele></trkpt>
      <trkpt lat="22.2794460651" lon="114.2131021225"><ele>60.000</ele></trkpt>
      <trkpt lat="22.2794543812" lon="114.2131031329"><ele>60.000</ele></trkpt>
      <trkpt lat="22.2794601381" lon="114.2131038398"><ele>60.000</ele></trkpt>
      <trkpt lat="22.2794778044" lon="114.2131052561"><ele>63.000</ele></trkpt>
      <trkpt lat="22.2794918023" lon="114.2131074614"><ele>63.000</ele></trkpt>
      <trkpt lat="22.2795099087" lon="114.2131116016"><ele>66.000</ele></trkpt>
      <trkpt lat="22.2795237961" lon="114.2131154525"><ele>65.000</ele></trkpt>
      <trkpt lat="22.2795402107" lon="114.2131211021"><ele>65.000</ele></trkpt>
      <trkpt lat="22.2795543920" lon="114.2131270082"><ele>65.000</ele></trkpt>
      <trkpt lat="22.2795576743" lon="114.2131282918"><ele>59.000</ele></trkpt>
      <trkpt lat="22.2795613224" lon="114.2131297220"><ele>59.000</ele></trkpt>
      <trkpt lat="22.2795698077" lon="114.2131330223"><ele>59.000</ele></trkpt>
      <trkpt lat="22.2795782606" lon="114.2131363430"><ele>59.000</ele></trkpt>
      <trkpt lat="22.2795867116" lon="114.2131396812"><ele>59.000</ele></trkpt>
      <trkpt lat="22.2795951392" lon="114.2131430474"><ele>59.000</ele></trkpt>
      <trkpt lat="22.2796035667" lon="114.2131464419"><ele>54.000</ele></trkpt>
      <trkpt lat="22.2796119753" lon="114.2131498644"><ele>54.000</ele></trkpt>
      <trkpt lat="22.2796203802" lon="114.2131533190"><ele>54.000</ele></trkpt>
      <trkpt lat="22.2796287788" lon="114.2131567940"><ele>54.000</ele></trkpt>
      <trkpt lat="22.2796371711" lon="114.2131602951"><ele>56.000</ele></trkpt>
      <trkpt lat="22.2796455480" lon="114.2131638263"><ele>56.000</ele></trkpt>
      <trkpt lat="22.2796543665" lon="114.2131675682"><ele>54.000</ele></trkpt>
      <trkpt lat="22.2796861105" lon="114.2131778551"><ele>54.000</ele></trkpt>
      <trkpt lat="22.2797088695" lon="114.2131862300"><ele>56.000</ele></trkpt>
      <trkpt lat="22.2797381724" lon="114.2131970091"><ele>57.000</ele></trkpt>
      <trkpt lat="22.2797513124" lon="114.2132028897"><ele>57.000</ele></trkpt>
      <trkpt lat="22.2797605499" lon="114.2132070170"><ele>57.000</ele></trkpt>
      <trkpt lat="22.2797703882" lon="114.2132135488"><ele>64.000</ele></trkpt>
      <trkpt lat="22.2797784270" lon="114.2132188916"><ele>64.000</ele></trkpt>
      <trkpt lat="22.2798179482" lon="114.2132530931"><ele>58.000</ele></trkpt>
      <trkpt lat="22.2798381567" lon="114.2132702138"><ele>53.000</ele></trkpt>
      <trkpt lat="22.2799490540" lon="114.2133459735"><ele>50.000</ele></trkpt>
      <trkpt lat="22.2799629491" lon="114.2133554678"><ele>47.000</ele></trkpt>
      <trkpt lat="22.2800375685" lon="114.2133988792"><ele>42.000</ele></trkpt>
      <trkpt lat="22.2800470360" lon="114.2134040573"><ele>42.000</ele></trkpt>
      <trkpt lat="22.2801249562" lon="114.2134466807"><ele>41.000</ele></trkpt>
      <trkpt lat="22.2801398774" lon="114.2134552147"><ele>42.000</ele></trkpt>
      <trkpt lat="22.2801526677" lon="114.2134623189"><ele>40.000</ele></trkpt>
      <trkpt lat="22.2801571488" lon="114.2134659171"><ele>40.000</ele></trkpt>
      <trkpt lat="22.2801644804" lon="114.2134716061"><ele>40.000</ele></trkpt>
      <trkpt lat="22.2801719168" lon="114.2134771573"><ele>40.000</ele></trkpt>
      <trkpt lat="22.2801794336" lon="114.2134825669"><ele>40.000</ele></trkpt>
      <trkpt lat="22.2801870470" lon="114.2134878416"><ele>40.000</ele></trkpt>
      <trkpt lat="22.2801947373" lon="114.2134929631"><ele>40.000</ele></trkpt>
      <trkpt lat="22.2802025052" lon="114.2134979477"><ele>40.000</ele></trkpt>
      <trkpt lat="22.2802103716" lon="114.2135027878"><ele>42.000</ele></trkpt>
      <trkpt lat="22.2802182949" lon="114.2135074639"><ele>42.000</ele></trkpt>
      <trkpt lat="22.2802263005" lon="114.2135120004"><ele>42.000</ele></trkpt>
      <trkpt lat="22.2802343837" lon="114.2135163903"><ele>42.000</ele></trkpt>
      <trkpt lat="22.2802425311" lon="114.2135206211"><ele>42.000</ele></trkpt>
      <trkpt lat="22.2802505557" lon="114.2135246073"><ele>42.000</ele></trkpt>
      <trkpt lat="22.2802586436" lon="114.2135284335"><ele>42.000</ele></trkpt>
      <trkpt lat="22.2802667803" lon="114.2135321073"><ele>42.000</ele></trkpt>
      <trkpt lat="22.2802749793" lon="114.2135356357"><ele>42.000</ele></trkpt>
      <trkpt lat="22.2802832461" lon="114.2135390068"><ele>41.000</ele></trkpt>
      <trkpt lat="22.2802915526" lon="114.2135422159"><ele>41.000</ele></trkpt>
      <trkpt lat="22.2802999143" lon="114.2135452756"><ele>41.000</ele></trkpt>
      <trkpt lat="22.2803083311" lon="114.2135481800"><ele>44.000</ele></trkpt>
      <trkpt lat="22.2803167886" lon="114.2135509137"><ele>44.000</ele></trkpt>
      <trkpt lat="22.2803252858" lon="114.2135534970"><ele>46.000</ele></trkpt>
      <trkpt lat="22.2803338246" lon="114.2135559221"><ele>46.000</ele></trkpt>
      <trkpt lat="22.2803424141" lon="114.2135581891"><ele>46.000</ele></trkpt>
      <trkpt lat="22.2803510288" lon="114.2135602873"><ele>46.000</ele></trkpt>
      <trkpt lat="22.2803596770" lon="114.2135622273"><ele>46.000</ele></trkpt>
      <trkpt lat="22.2803676769" lon="114.2135638537"><ele>46.000</ele></trkpt>
      <trkpt lat="22.2803756867" lon="114.2135653278"><ele>51.000</ele></trkpt>
      <trkpt lat="22.2803837237" lon="114.2135666534"><ele>51.000</ele></trkpt>
      <trkpt lat="22.2803917788" lon="114.2135678296"><ele>51.000</ele></trkpt>
      <trkpt lat="22.2803998582" lon="114.2135688573"><ele>51.000</ele></trkpt>
      <trkpt lat="22.2804079468" lon="114.2135697250"><ele>51.000</ele></trkpt>
      <trkpt lat="22.2804160480" lon="114.2135704432"><ele>54.000</ele></trkpt>
      <trkpt lat="22.2804241574" lon="114.2135710130"><ele>54.000</ele></trkpt>
      <trkpt lat="22.2804322822" lon="114.2135714333"><ele>54.000</ele></trkpt>
      <trkpt lat="22.2804404079" lon="114.2135716935"><ele>54.000</ele></trkpt>
      <trkpt lat="22.2804485417" lon="114.2135718053"><ele>54.000</ele></trkpt>
      <trkpt lat="22.2804566693" lon="114.2135717579"><ele>54.000</ele></trkpt>
      <trkpt lat="22.2804647969" lon="114.2135715708"><ele>53.000</ele></trkpt>
      <trkpt lat="22.2804729291" lon="114.2135712246"><ele>53.000</ele></trkpt>
      <trkpt lat="22.2804809963" lon="114.2135707221"><ele>53.000</ele></trkpt>
      <trkpt lat="22.2804934479" lon="114.2135698317"><ele>53.000</ele></trkpt>
      <trkpt lat="22.2805059348" lon="114.2135686997"><ele>50.000</ele></trkpt>
      <trkpt lat="22.2805183938" lon="114.2135673319"><ele>50.000</ele></trkpt>
      <trkpt lat="22.2805308312" lon="114.2135657283"><ele>50.000</ele></trkpt>
      <trkpt lat="22.2805432406" lon="114.2135638966"><ele>50.000</ele></trkpt>
      <trkpt lat="22.2805556239" lon="114.2135618292"><ele>55.000</ele></trkpt>
      <trkpt lat="22.2805679711" lon="114.2135595337"><ele>55.000</ele></trkpt>
      <trkpt lat="22.2805802732" lon="114.2135570024"><ele>55.000</ele></trkpt>
      <trkpt lat="22.2805925347" lon="114.2135542441"><ele>55.000</ele></trkpt>
      <trkpt lat="22.2806047475" lon="114.2135512577"><ele>56.000</ele></trkpt>
      <trkpt lat="22.2806169080" lon="114.2135480364"><ele>56.000</ele></trkpt>
      <trkpt lat="22.2806290261" lon="114.2135445978"><ele>52.000</ele></trkpt>
      <trkpt lat="22.2806410711" lon="114.2135409215"><ele>52.000</ele></trkpt>
      <trkpt lat="22.2806530700" lon="114.2135370288"><ele>52.000</ele></trkpt>
      <trkpt lat="22.2806647701" lon="114.2135329768"><ele>52.000</ele></trkpt>
      <trkpt lat="22.2806773056" lon="114.2135289940"><ele>52.000</ele></trkpt>
      <trkpt lat="22.2808566314" lon="114.2135058688"><ele>54.000</ele></trkpt>
      <trkpt lat="22.2809154260" lon="114.2134982869"><ele>47.000</ele></trkpt>
      <trkpt lat="22.2810037006" lon="114.2134934447"><ele>52.000</ele></trkpt>
      <trkpt lat="22.2811822736" lon="114.2134921134"><ele>52.000</ele></trkpt>
      <trkpt lat="22.2811848691" lon="114.2134920762"><ele>52.000</ele></trkpt>
      <trkpt lat="22.2811872703" lon="114.2134920856"><ele>52.000</ele></trkpt>
      <trkpt lat="22.2811896941" lon="114.2134921473"><ele>52.000</ele></trkpt>
      <trkpt lat="22.2811921116" lon="114.2134922450"><ele>52.000</ele></trkpt>
      <trkpt lat="22.2811945119" lon="114.2134923941"><ele>52.000</ele></trkpt>
      <trkpt lat="22.2811969257" lon="114.2134925878"><ele>52.000</ele></trkpt>
      <trkpt lat="22.2811993107" lon="114.2134928233"><ele>52.000</ele></trkpt>
      <trkpt lat="22.2812017272" lon="114.2134931150"><ele>52.000</ele></trkpt>
      <trkpt lat="22.2812041230" lon="114.2134934407"><ele>52.000</ele></trkpt>
      <trkpt lat="22.2812065223" lon="114.2134938197"><ele>52.000</ele></trkpt>
      <trkpt lat="22.2812089099" lon="114.2134942337"><ele>52.000</ele></trkpt>
      <trkpt lat="22.2812112650" lon="114.2134946943"><ele>52.000</ele></trkpt>
      <trkpt lat="22.2812136354" lon="114.2134952053"><ele>52.000</ele></trkpt>
      <trkpt lat="22.2812160221" lon="114.2134957648"><ele>52.000</ele></trkpt>
      <trkpt lat="22.2812183763" lon="114.2134963534"><ele>52.000</ele></trkpt>
      <trkpt lat="22.2812206943" lon="114.2134969877"><ele>52.000</ele></trkpt>
      <trkpt lat="22.2812230186" lon="114.2134976714"><ele>52.000</ele></trkpt>
      <trkpt lat="22.2812253411" lon="114.2134984017"><ele>52.000</ele></trkpt>
      <trkpt lat="22.2812276492" lon="114.2134991737"><ele>52.000</ele></trkpt>
      <trkpt lat="22.2812299563" lon="114.2134999952"><ele>54.000</ele></trkpt>
      <trkpt lat="22.2812322237" lon="114.2135008429"><ele>54.000</ele></trkpt>
      <trkpt lat="22.2812344830" lon="114.2135017459"><ele>54.000</ele></trkpt>
      <trkpt lat="22.2812367558" lon="114.2135026935"><ele>54.000</ele></trkpt>
      <trkpt lat="22.2812389825" lon="114.2135036722"><ele>54.000</ele></trkpt>
      <trkpt lat="22.2812411849" lon="114.2135046907"><ele>54.000</ele></trkpt>
      <trkpt lat="22.2812433917" lon="114.2135057664"><ele>54.000</ele></trkpt>
      <trkpt lat="22.2812455904" lon="114.2135068780"><ele>54.000</ele></trkpt>
      <trkpt lat="22.2812477548" lon="114.2135080284"><ele>54.000</ele></trkpt>
      <trkpt lat="22.2812498930" lon="114.2135092089"><ele>54.000</ele></trkpt>
      <trkpt lat="22.2812520248" lon="114.2135104466"><ele>54.000</ele></trkpt>
      <trkpt lat="22.2812541404" lon="114.2135117164"><ele>54.000</ele></trkpt>
      <trkpt lat="22.2812562036" lon="114.2135130123"><ele>54.000</ele></trkpt>
      <trkpt lat="22.2812582704" lon="114.2135143645"><ele>54.000</ele></trkpt>
      <trkpt lat="22.2812603183" lon="114.2135157565"><ele>54.000</ele></trkpt>
      <trkpt lat="22.2812623363" lon="114.2135171786"><ele>54.000</ele></trkpt>
      <trkpt lat="22.2812643263" lon="114.2135186375"><ele>54.000</ele></trkpt>
      <trkpt lat="22.2812663010" lon="114.2135201430"><ele>54.000</ele></trkpt>
      <trkpt lat="22.2812682585" lon="114.2135216844"><ele>54.000</ele></trkpt>
      <trkpt lat="22.2812701835" lon="114.2135232607"><ele>54.000</ele></trkpt>
      <trkpt lat="22.2812720922" lon="114.2135248720"><ele>54.000</ele></trkpt>
      <trkpt lat="22.2812739286" lon="114.2135264842"><ele>56.000</ele></trkpt>
      <trkpt lat="22.2812757723" lon="114.2135281750"><ele>56.000</ele></trkpt>
      <trkpt lat="22.2812776133" lon="114.2135299065"><ele>56.000</ele></trkpt>
      <trkpt lat="22.2812793829" lon="114.2135316351"><ele>56.000</ele></trkpt>
      <trkpt lat="22.2812811462" lon="114.2135334249"><ele>56.000</ele></trkpt>
      <trkpt lat="22.2812828841" lon="114.2135352399"><ele>56.000</ele></trkpt>
      <trkpt lat="22.2812845643" lon="114.2135370636"><ele>56.000</ele></trkpt>
      <trkpt lat="22.2812862373" lon="114.2135389503"><ele>56.000</ele></trkpt>
      <trkpt lat="22.2812879545" lon="114.2135409429"><ele>56.000</ele></trkpt>
      <trkpt lat="22.2812886442" lon="114.2135417523"><ele>56.000</ele></trkpt>
      <trkpt lat="22.2812892717" lon="114.2135425113"><ele>56.000</ele></trkpt>
      <trkpt lat="22.2812898802" lon="114.2135432741"><ele>56.000</ele></trkpt>
      <trkpt lat="22.2812904498" lon="114.2135440117"><ele>56.000</ele></trkpt>
      <trkpt lat="22.2812910123" lon="114.2135447726"><ele>56.000</ele></trkpt>
      <trkpt lat="22.2812916108" lon="114.2135456092"><ele>56.000</ele></trkpt>
      <trkpt lat="22.2812921669" lon="114.2135464070"><ele>56.000</ele></trkpt>
      <trkpt lat="22.2812926698" lon="114.2135471610"><ele>56.000</ele></trkpt>
      <trkpt lat="22.2812931970" lon="114.2135479879"><ele>56.000</ele></trkpt>
      <trkpt lat="22.2812937088" lon="114.2135488138"><ele>55.000</ele></trkpt>
      <trkpt lat="22.2812942152" lon="114.2135496688"><ele>55.000</ele></trkpt>
      <trkpt lat="22.2812946910" lon="114.2135504918"><ele>55.000</ele></trkpt>
      <trkpt lat="22.2812951604" lon="114.2135513555"><ele>55.000</ele></trkpt>
      <trkpt lat="22.2812956216" lon="114.2135522182"><ele>55.000</ele></trkpt>
      <trkpt lat="22.2812960621" lon="114.2135530965"><ele>55.000</ele></trkpt>
      <trkpt lat="22.2812964954" lon="114.2135539748"><ele>55.000</ele></trkpt>
      <trkpt lat="22.2812968844" lon="114.2135548181"><ele>55.000</ele></trkpt>
      <trkpt lat="22.2812973032" lon="114.2135557594"><ele>55.000</ele></trkpt>
      <trkpt lat="22.2812976941" lon="114.2135566677"><ele>55.000</ele></trkpt>
      <trkpt lat="22.2812980424" lon="114.2135575256"><ele>55.000</ele></trkpt>
      <trkpt lat="22.2812983980" lon="114.2135584504"><ele>55.000</ele></trkpt>
      <trkpt lat="22.2812987464" lon="114.2135593956"><ele>55.000</ele></trkpt>
      <trkpt lat="22.2812990731" lon="114.2135603272"><ele>55.000</ele></trkpt>
      <trkpt lat="22.2812993682" lon="114.2135612152"><ele>55.000</ele></trkpt>
      <trkpt lat="22.2812996660" lon="114.2135621827"><ele>55.000</ele></trkpt>
      <trkpt lat="22.2812999566" lon="114.2135631492"><ele>55.000</ele></trkpt>
      <trkpt lat="22.2813002047" lon="114.2135640517"><ele>55.000</ele></trkpt>
      <trkpt lat="22.2813004582" lon="114.2135650347"><ele>55.000</ele></trkpt>
      <trkpt lat="22.2813006973" lon="114.2135660167"><ele>55.000</ele></trkpt>
      <trkpt lat="22.2813009048" lon="114.2135669289"><ele>55.000</ele></trkpt>
      <trkpt lat="22.2813013685" lon="114.2135692190"><ele>55.000</ele></trkpt>
      <trkpt lat="22.2813018023" lon="114.2135715790"><ele>55.000</ele></trkpt>
      <trkpt lat="22.2813022018" lon="114.2135739855"><ele>55.000</ele></trkpt>
      <trkpt lat="22.2813025688" lon="114.2135763872"><ele>55.000</ele></trkpt>
      <trkpt lat="22.2813028907" lon="114.2135787801"><ele>55.000</ele></trkpt>
      <trkpt lat="22.2813031737" lon="114.2135811798"><ele>55.000</ele></trkpt>
      <trkpt lat="22.2813034179" lon="114.2135836028"><ele>55.000</ele></trkpt>
      <trkpt lat="22.2813036278" lon="114.2135860064"><ele>55.000</ele></trkpt>
      <trkpt lat="22.2813037880" lon="114.2135884109"><ele>55.000</ele></trkpt>
      <trkpt lat="22.2813039184" lon="114.2135908523"><ele>55.000</ele></trkpt>
      <trkpt lat="22.2813040072" lon="114.2135932675"><ele>55.000</ele></trkpt>
      <trkpt lat="22.2813040545" lon="114.2135956817"><ele>55.000</ele></trkpt>
      <trkpt lat="22.2813040621" lon="114.2135980949"><ele>52.000</ele></trkpt>
      <trkpt lat="22.2813040382" lon="114.2135998793"><ele>52.000</ele></trkpt>
      <trkpt lat="22.2813037658" lon="114.2136024700"><ele>52.000</ele></trkpt>
      <trkpt lat="22.2813026000" lon="114.2136300369"><ele>52.000</ele></trkpt>
      <trkpt lat="22.2814430866" lon="114.2137231579"><ele>44.000</ele></trkpt>
      <trkpt lat="22.2815806521" lon="114.2137307102"><ele>44.000</ele></trkpt>
      <trkpt lat="22.2817610789" lon="114.2137395127"><ele>44.000</ele></trkpt>
      <trkpt lat="22.2819415057" lon="114.2137483152"><ele>36.000</ele></trkpt>
      <trkpt lat="22.2819420532" lon="114.2137483419"><ele>36.000</ele></trkpt>
      <trkpt lat="22.2821223930" lon="114.2137590075"><ele>36.000</ele></trkpt>
      <trkpt lat="22.2823027327" lon="114.2137696730"><ele>36.000</ele></trkpt>
      <trkpt lat="22.2824830724" lon="114.2137803386"><ele>34.000</ele></trkpt>
      <trkpt lat="22.2826305513" lon="114.2137890607"><ele>34.000</ele></trkpt>
      <trkpt lat="22.2828107653" lon="114.2138019471"><ele>32.000</ele></trkpt>
      <trkpt lat="22.2828467854" lon="114.2138045227"><ele>32.000</ele></trkpt>
      <trkpt lat="22.2829339954" lon="114.2138109635"><ele>30.000</ele></trkpt>
      <trkpt lat="22.2829841718" lon="114.2138135443"><ele>30.000</ele></trkpt>
      <trkpt lat="22.2830331530" lon="114.2138135572"><ele>30.000</ele></trkpt>
      <trkpt lat="22.2830845256" lon="114.2138097194"><ele>28.000</ele></trkpt>
      <trkpt lat="22.2831167830" lon="114.2138058775"><ele>28.000</ele></trkpt>
      <trkpt lat="22.2831741304" lon="114.2137930549"><ele>21.000</ele></trkpt>
      <trkpt lat="22.2832422323" lon="114.2137686831"><ele>22.000</ele></trkpt>
      <trkpt lat="22.2833342310" lon="114.2137327637"><ele>25.000</ele></trkpt>
      <trkpt lat="22.2834262298" lon="114.2136968442"><ele>25.000</ele></trkpt>
      <trkpt lat="22.2835074739" lon="114.2136686245"><ele>26.000</ele></trkpt>
      <trkpt lat="22.2835815479" lon="114.2136519558"><ele>24.000</ele></trkpt>
      <trkpt lat="22.2836508431" lon="114.2136378534"><ele>24.000</ele></trkpt>
      <trkpt lat="22.2837201369" lon="114.2136263186"><ele>24.000</ele></trkpt>
      <trkpt lat="22.2837918193" lon="114.2136186347"><ele>22.000</ele></trkpt>
      <trkpt lat="22.2838766424" lon="114.2136135228"><ele>22.000</ele></trkpt>
      <trkpt lat="22.2839542974" lon="114.2136109755"><ele>22.000</ele></trkpt>
      <trkpt lat="22.2841349019" lon="114.2136128197"><ele>20.000</ele></trkpt>
      <trkpt lat="22.2842123481" lon="114.2136136106"><ele>21.000</ele></trkpt>
      <trkpt lat="22.2843929592" lon="114.2136128177"><ele>20.000</ele></trkpt>
      <trkpt lat="22.2844883190" lon="114.2136123990"><ele>19.000</ele></trkpt>
      <trkpt lat="22.2845145992" lon="114.2136239589"><ele>19.000</ele></trkpt>
      <trkpt lat="22.2845349053" lon="114.2136406524"><ele>18.000</ele></trkpt>
      <trkpt lat="22.2845468472" lon="114.2136611951"><ele>18.000</ele></trkpt>
      <trkpt lat="22.2845528131" lon="114.2136920054"><ele>18.000</ele></trkpt>
      <trkpt lat="22.2845539985" lon="114.2137369352"><ele>18.000</ele></trkpt>
      <trkpt lat="22.2845583580" lon="114.2139309498"><ele>18.000</ele></trkpt>
      <trkpt lat="22.2845627173" lon="114.2141249645"><ele>18.000</ele></trkpt>
      <trkpt lat="22.2845634594" lon="114.2141579926"><ele>18.000</ele></trkpt>
      <trkpt lat="22.2845709783" lon="114.2143518956"><ele>18.000</ele></trkpt>
      <trkpt lat="22.2845717723" lon="114.2143723727"><ele>18.000</ele></trkpt>
      <trkpt lat="22.2845741285" lon="114.2145161481"><ele>18.000</ele></trkpt>
      <trkpt lat="22.2845764870" lon="114.2146496542"><ele>18.000</ele></trkpt>
      <trkpt lat="22.2845752665" lon="114.2147600523"><ele>18.000</ele></trkpt>
      <trkpt lat="22.2845728547" lon="114.2148550456"><ele>18.000</ele></trkpt>
      <trkpt lat="22.2845692521" lon="114.2149333505"><ele>18.000</ele></trkpt>
      <trkpt lat="22.2845644556" lon="114.2150116550"><ele>20.000</ele></trkpt>
      <trkpt lat="22.2845406590" lon="114.2150116572"><ele>20.000</ele></trkpt>
    </trkseg>
  </trk>
</gpx>
