<?xml version="1.0" encoding="UTF-8"?>
<gpx xmlns:xsi="http://www.w3.org/2001/XMLSchema-instance"
     xsi:schemaLocation="http://www.topografix.com/GPX/1/1 http://www.topografix.com/GPX/1/1/gpx.xsd"
     version="1.1" creator="json3d_batch_to_gpx"
     xmlns="http://www.topografix.com/GPX/1/1">
  <metadata>
    <name>WilsonTrail(Section3)LamTintoTsengLanShue</name>
  </metadata>
  <trk>
    <name>WilsonTrail(Section3)LamTintoTsengLanShue</name>
    <type>hike</type>
    <trkseg>
      <trkpt lat="22.3075541257" lon="114.2323333132"><ele>42.000</ele></trkpt>
      <trkpt lat="22.3075822156" lon="114.2323713057"><ele>42.000</ele></trkpt>
      <trkpt lat="22.3076103054" lon="114.2324092982"><ele>41.000</ele></trkpt>
      <trkpt lat="22.3076383953" lon="114.2324472907"><ele>41.000</ele></trkpt>
      <trkpt lat="22.3076664851" lon="114.2324852832"><ele>41.000</ele></trkpt>
      <trkpt lat="22.3076945750" lon="114.2325232758"><ele>40.000</ele></trkpt>
      <trkpt lat="22.3077226648" lon="114.2325612683"><ele>41.000</ele></trkpt>
      <trkpt lat="22.3077507546" lon="114.2325992609"><ele>41.000</ele></trkpt>
      <trkpt lat="22.3077788444" lon="114.2326372535"><ele>41.000</ele></trkpt>
      <trkpt lat="22.3078069342" lon="114.2326752461"><ele>42.000</ele></trkpt>
      <trkpt lat="22.3078350240" lon="114.2327132387"><ele>42.000</ele></trkpt>
      <trkpt lat="22.3078585875" lon="114.2327451093"><ele>43.000</ele></trkpt>
      <trkpt lat="22.3078278979" lon="114.2327807035"><ele>42.000</ele></trkpt>
      <trkpt lat="22.3077972084" lon="114.2328162977"><ele>42.000</ele></trkpt>
      <trkpt lat="22.3077665189" lon="114.2328518919"><ele>42.000</ele></trkpt>
      <trkpt lat="22.3077431617" lon="114.2328789819"><ele>42.000</ele></trkpt>
      <trkpt lat="22.3077684270" lon="114.2329192000"><ele>43.000</ele></trkpt>
      <trkpt lat="22.3077936923" lon="114.2329594181"><ele>43.000</ele></trkpt>
      <trkpt lat="22.3078189575" lon="114.2329996362"><ele>43.000</ele></trkpt>
      <trkpt lat="22.3078442228" lon="114.2330398543"><ele>43.000</ele></trkpt>
      <trkpt lat="22.3078584777" lon="114.2330625459"><ele>43.000</ele></trkpt>
      <trkpt lat="22.3078247853" lon="114.2330948515"><ele>42.000</ele></trkpt>
      <trkpt lat="22.3077910928" lon="114.2331271571"><ele>41.000</ele></trkpt>
      <trkpt lat="22.3077574004" lon="114.2331594626"><ele>41.000</ele></trkpt>
      <trkpt lat="22.3077292086" lon="114.2331864940"><ele>41.000</ele></trkpt>
      <trkpt lat="22.3077522741" lon="114.2332162622"><ele>41.000</ele></trkpt>
      <trkpt lat="22.3077806322" lon="114.2332540239"><ele>41.000</ele></trkpt>
      <trkpt lat="22.3078089903" lon="114.2332917856"><ele>41.000</ele></trkpt>
      <trkpt lat="22.3078373484" lon="114.2333295473"><ele>41.000</ele></trkpt>
      <trkpt lat="22.3078657065" lon="114.2333673090"><ele>41.000</ele></trkpt>
      <trkpt lat="22.3078940646" lon="114.2334050707"><ele>41.000</ele></trkpt>
      <trkpt lat="22.3079224227" lon="114.2334428325"><ele>41.000</ele></trkpt>
      <trkpt lat="22.3079507807" lon="114.2334805943"><ele>40.000</ele></trkpt>
      <trkpt lat="22.3079791388" lon="114.2335183560"><ele>40.000</ele></trkpt>
      <trkpt lat="22.3080074968" lon="114.2335561178"><ele>40.000</ele></trkpt>
      <trkpt lat="22.3080358549" lon="114.2335938797"><ele>40.000</ele></trkpt>
      <trkpt lat="22.3080637548" lon="114.2336310315"><ele>40.000</ele></trkpt>
      <trkpt lat="22.3080905131" lon="114.2336701184"><ele>40.000</ele></trkpt>
      <trkpt lat="22.3081172714" lon="114.2337092054"><ele>41.000</ele></trkpt>
      <trkpt lat="22.3081368923" lon="114.2337378666"><ele>43.000</ele></trkpt>
      <trkpt lat="22.3081218863" lon="114.2337836344"><ele>47.000</ele></trkpt>
      <trkpt lat="22.3081068802" lon="114.2338294021"><ele>49.000</ele></trkpt>
      <trkpt lat="22.3080918741" lon="114.2338751698"><ele>51.000</ele></trkpt>
      <trkpt lat="22.3080768680" lon="114.2339209375"><ele>53.000</ele></trkpt>
      <trkpt lat="22.3080618619" lon="114.2339667052"><ele>57.000</ele></trkpt>
      <trkpt lat="22.3080501506" lon="114.2340024238"><ele>58.000</ele></trkpt>
      <trkpt lat="22.3080347806" lon="114.2340480518"><ele>61.000</ele></trkpt>
      <trkpt lat="22.3080194105" lon="114.2340936798"><ele>63.000</ele></trkpt>
      <trkpt lat="22.3080040403" lon="114.2341393077"><ele>64.000</ele></trkpt>
      <trkpt lat="22.3079886702" lon="114.2341849356"><ele>65.000</ele></trkpt>
      <trkpt lat="22.3079812833" lon="114.2342068645"><ele>65.000</ele></trkpt>
      <trkpt lat="22.3079906878" lon="114.2342543261"><ele>66.000</ele></trkpt>
      <trkpt lat="22.3080000923" lon="114.2343017878"><ele>68.000</ele></trkpt>
      <trkpt lat="22.3080094968" lon="114.2343492495"><ele>68.000</ele></trkpt>
      <trkpt lat="22.3080189013" lon="114.2343967111"><ele>69.000</ele></trkpt>
      <trkpt lat="22.3080283058" lon="114.2344441728"><ele>68.000</ele></trkpt>
      <trkpt lat="22.3080377102" lon="114.2344916345"><ele>69.000</ele></trkpt>
      <trkpt lat="22.3080471146" lon="114.2345390962"><ele>69.000</ele></trkpt>
      <trkpt lat="22.3080565191" lon="114.2345865579"><ele>69.000</ele></trkpt>
      <trkpt lat="22.3080659235" lon="114.2346340196"><ele>69.000</ele></trkpt>
      <trkpt lat="22.3080753279" lon="114.2346814813"><ele>68.000</ele></trkpt>
      <trkpt lat="22.3080771790" lon="114.2346908235"><ele>68.000</ele></trkpt>
      <trkpt lat="22.3080783113" lon="114.2346975884"><ele>68.000</ele></trkpt>
      <trkpt lat="22.3080430322" lon="114.2347278748"><ele>68.000</ele></trkpt>
      <trkpt lat="22.3080077532" lon="114.2347581612"><ele>68.000</ele></trkpt>
      <trkpt lat="22.3080048625" lon="114.2347606428"><ele>68.000</ele></trkpt>
      <trkpt lat="22.3080323068" lon="114.2347991764"><ele>68.000</ele></trkpt>
      <trkpt lat="22.3080597512" lon="114.2348377101"><ele>68.000</ele></trkpt>
      <trkpt lat="22.3080719905" lon="114.2348548950"><ele>68.000</ele></trkpt>
      <trkpt lat="22.3080490451" lon="114.2348764552"><ele>68.000</ele></trkpt>
      <trkpt lat="22.3080125950" lon="114.2349050952"><ele>67.000</ele></trkpt>
      <trkpt lat="22.3080098487" lon="114.2349072530"><ele>67.000</ele></trkpt>
      <trkpt lat="22.3079763886" lon="114.2349329176"><ele>67.000</ele></trkpt>
      <trkpt lat="22.3079398615" lon="114.2349614440"><ele>67.000</ele></trkpt>
      <trkpt lat="22.3079238081" lon="114.2349739812"><ele>67.000</ele></trkpt>
      <trkpt lat="22.3078848586" lon="114.2349985289"><ele>67.000</ele></trkpt>
      <trkpt lat="22.3078798342" lon="114.2350016955"><ele>67.000</ele></trkpt>
      <trkpt lat="22.3078402790" lon="114.2350250979"><ele>67.000</ele></trkpt>
      <trkpt lat="22.3078329929" lon="114.2350294086"><ele>67.000</ele></trkpt>
      <trkpt lat="22.3077916474" lon="114.2350489122"><ele>67.000</ele></trkpt>
      <trkpt lat="22.3077503020" lon="114.2350684157"><ele>66.000</ele></trkpt>
      <trkpt lat="22.3077089565" lon="114.2350879192"><ele>66.000</ele></trkpt>
      <trkpt lat="22.3077068138" lon="114.2350889300"><ele>66.000</ele></trkpt>
      <trkpt lat="22.3076635019" lon="114.2351026457"><ele>66.000</ele></trkpt>
      <trkpt lat="22.3076201900" lon="114.2351163613"><ele>65.000</ele></trkpt>
      <trkpt lat="22.3075902000" lon="114.2351258583"><ele>65.000</ele></trkpt>
      <trkpt lat="22.3075460785" lon="114.2351361712"><ele>65.000</ele></trkpt>
      <trkpt lat="22.3075019570" lon="114.2351464842"><ele>64.000</ele></trkpt>
      <trkpt lat="22.3074578355" lon="114.2351567971"><ele>64.000</ele></trkpt>
      <trkpt lat="22.3074137140" lon="114.2351671101"><ele>63.000</ele></trkpt>
      <trkpt lat="22.3073695924" lon="114.2351774230"><ele>63.000</ele></trkpt>
      <trkpt lat="22.3073445540" lon="114.2351832755"><ele>63.000</ele></trkpt>
      <trkpt lat="22.3073002744" lon="114.2351927738"><ele>62.000</ele></trkpt>
      <trkpt lat="22.3072559948" lon="114.2352022720"><ele>62.000</ele></trkpt>
      <trkpt lat="22.3072117152" lon="114.2352117703"><ele>62.000</ele></trkpt>
      <trkpt lat="22.3071674356" lon="114.2352212686"><ele>61.000</ele></trkpt>
      <trkpt lat="22.3071294956" lon="114.2352294070"><ele>61.000</ele></trkpt>
      <trkpt lat="22.3070852382" lon="114.2352390240"><ele>60.000</ele></trkpt>
      <trkpt lat="22.3070409808" lon="114.2352486409"><ele>60.000</ele></trkpt>
      <trkpt lat="22.3069967234" lon="114.2352582579"><ele>60.000</ele></trkpt>
      <trkpt lat="22.3069524660" lon="114.2352678749"><ele>59.000</ele></trkpt>
      <trkpt lat="22.3069082086" lon="114.2352774918"><ele>59.000</ele></trkpt>
      <trkpt lat="22.3068639512" lon="114.2352871088"><ele>58.000</ele></trkpt>
      <trkpt lat="22.3068196938" lon="114.2352967257"><ele>58.000</ele></trkpt>
      <trkpt lat="22.3067754364" lon="114.2353063426"><ele>58.000</ele></trkpt>
      <trkpt lat="22.3067615067" lon="114.2353093695"><ele>58.000</ele></trkpt>
      <trkpt lat="22.3067172313" lon="114.2353188906"><ele>57.000</ele></trkpt>
      <trkpt lat="22.3066729560" lon="114.2353284118"><ele>57.000</ele></trkpt>
      <trkpt lat="22.3066286807" lon="114.2353379329"><ele>56.000</ele></trkpt>
      <trkpt lat="22.3065844053" lon="114.2353474540"><ele>56.000</ele></trkpt>
      <trkpt lat="22.3065401300" lon="114.2353569751"><ele>56.000</ele></trkpt>
      <trkpt lat="22.3064958546" lon="114.2353664962"><ele>55.000</ele></trkpt>
      <trkpt lat="22.3064515793" lon="114.2353760173"><ele>55.000</ele></trkpt>
      <trkpt lat="22.3064073039" lon="114.2353855384"><ele>54.000</ele></trkpt>
      <trkpt lat="22.3063801363" lon="114.2353913806"><ele>54.000</ele></trkpt>
      <trkpt lat="22.3063358791" lon="114.2354009988"><ele>54.000</ele></trkpt>
      <trkpt lat="22.3062916220" lon="114.2354106170"><ele>53.000</ele></trkpt>
      <trkpt lat="22.3062473648" lon="114.2354202353"><ele>53.000</ele></trkpt>
      <trkpt lat="22.3062031076" lon="114.2354298535"><ele>53.000</ele></trkpt>
      <trkpt lat="22.3061588505" lon="114.2354394717"><ele>52.000</ele></trkpt>
      <trkpt lat="22.3061145933" lon="114.2354490899"><ele>52.000</ele></trkpt>
      <trkpt lat="22.3060703361" lon="114.2354587081"><ele>51.000</ele></trkpt>
      <trkpt lat="22.3060260790" lon="114.2354683263"><ele>51.000</ele></trkpt>
      <trkpt lat="22.3059818218" lon="114.2354779444"><ele>50.000</ele></trkpt>
      <trkpt lat="22.3059375646" lon="114.2354875626"><ele>50.000</ele></trkpt>
      <trkpt lat="22.3058933074" lon="114.2354971808"><ele>50.000</ele></trkpt>
      <trkpt lat="22.3058706864" lon="114.2355020969"><ele>50.000</ele></trkpt>
      <trkpt lat="22.3058267092" lon="114.2355130990"><ele>49.000</ele></trkpt>
      <trkpt lat="22.3057827321" lon="114.2355241010"><ele>49.000</ele></trkpt>
      <trkpt lat="22.3057387549" lon="114.2355351031"><ele>48.000</ele></trkpt>
      <trkpt lat="22.3056947778" lon="114.2355461052"><ele>48.000</ele></trkpt>
      <trkpt lat="22.3056508006" lon="114.2355571072"><ele>47.000</ele></trkpt>
      <trkpt lat="22.3056288621" lon="114.2355625957"><ele>47.000</ele></trkpt>
      <trkpt lat="22.3055850086" lon="114.2355741540"><ele>47.000</ele></trkpt>
      <trkpt lat="22.3055411552" lon="114.2355857124"><ele>46.000</ele></trkpt>
      <trkpt lat="22.3054973018" lon="114.2355972707"><ele>46.000</ele></trkpt>
      <trkpt lat="22.3054534484" lon="114.2356088290"><ele>46.000</ele></trkpt>
      <trkpt lat="22.3054095949" lon="114.2356203873"><ele>45.000</ele></trkpt>
      <trkpt lat="22.3053657415" lon="114.2356319456"><ele>45.000</ele></trkpt>
      <trkpt lat="22.3053218881" lon="114.2356435039"><ele>44.000</ele></trkpt>
      <trkpt lat="22.3052780346" lon="114.2356550622"><ele>44.000</ele></trkpt>
      <trkpt lat="22.3052341812" lon="114.2356666205"><ele>44.000</ele></trkpt>
      <trkpt lat="22.3051903278" lon="114.2356781788"><ele>43.000</ele></trkpt>
      <trkpt lat="22.3051464743" lon="114.2356897370"><ele>43.000</ele></trkpt>
      <trkpt lat="22.3051026209" lon="114.2357012953"><ele>42.000</ele></trkpt>
      <trkpt lat="22.3050587675" lon="114.2357128535"><ele>42.000</ele></trkpt>
      <trkpt lat="22.3050149140" lon="114.2357244118"><ele>42.000</ele></trkpt>
      <trkpt lat="22.3049710606" lon="114.2357359700"><ele>41.000</ele></trkpt>
      <trkpt lat="22.3049674259" lon="114.2357369280"><ele>41.000</ele></trkpt>
      <trkpt lat="22.3049228648" lon="114.2357447593"><ele>41.000</ele></trkpt>
      <trkpt lat="22.3049091219" lon="114.2357471746"><ele>40.000</ele></trkpt>
      <trkpt lat="22.3048642151" lon="114.2357522355"><ele>40.000</ele></trkpt>
      <trkpt lat="22.3048546425" lon="114.2357533143"><ele>40.000</ele></trkpt>
      <trkpt lat="22.3048094895" lon="114.2357532954"><ele>40.000</ele></trkpt>
      <trkpt lat="22.3048058996" lon="114.2357532939"><ele>40.000</ele></trkpt>
      <trkpt lat="22.3047615147" lon="114.2357443817"><ele>39.000</ele></trkpt>
      <trkpt lat="22.3047495150" lon="114.2357419722"><ele>39.000</ele></trkpt>
      <trkpt lat="22.3047058662" lon="114.2357295516"><ele>38.000</ele></trkpt>
      <trkpt lat="22.3046663741" lon="114.2357183138"><ele>38.000</ele></trkpt>
      <trkpt lat="22.3046242370" lon="114.2357008767"><ele>38.000</ele></trkpt>
      <trkpt lat="22.3045821000" lon="114.2356834397"><ele>38.000</ele></trkpt>
      <trkpt lat="22.3045545692" lon="114.2356720469"><ele>38.000</ele></trkpt>
      <trkpt lat="22.3045192091" lon="114.2356658695"><ele>38.000</ele></trkpt>
      <trkpt lat="22.3044848019" lon="114.2356668823"><ele>38.000</ele></trkpt>
      <trkpt lat="22.3044599513" lon="114.2356709803"><ele>38.000</ele></trkpt>
      <trkpt lat="22.3044226728" lon="114.2356832899"><ele>38.000</ele></trkpt>
      <trkpt lat="22.3043911297" lon="114.2356935479"><ele>38.000</ele></trkpt>
      <trkpt lat="22.3043567190" lon="114.2357048315"><ele>38.000</ele></trkpt>
      <trkpt lat="22.3043213509" lon="114.2357202232"><ele>38.000</ele></trkpt>
      <trkpt lat="22.3042850238" lon="114.2357448587"><ele>38.000</ele></trkpt>
      <trkpt lat="22.3042497132" lon="114.2357751019"><ele>38.000</ele></trkpt>
      <trkpt lat="22.3042144027" lon="114.2358053450"><ele>38.000</ele></trkpt>
      <trkpt lat="22.3041790921" lon="114.2358355881"><ele>38.000</ele></trkpt>
      <trkpt lat="22.3041437815" lon="114.2358658312"><ele>38.000</ele></trkpt>
      <trkpt lat="22.3041084709" lon="114.2358960743"><ele>38.000</ele></trkpt>
      <trkpt lat="22.3040731604" lon="114.2359263174"><ele>38.000</ele></trkpt>
      <trkpt lat="22.3040378498" lon="114.2359565604"><ele>38.000</ele></trkpt>
      <trkpt lat="22.3040025392" lon="114.2359868035"><ele>38.000</ele></trkpt>
      <trkpt lat="22.3039672286" lon="114.2360170465"><ele>38.000</ele></trkpt>
      <trkpt lat="22.3039637945" lon="114.2360199877"><ele>38.000</ele></trkpt>
      <trkpt lat="22.3039284106" lon="114.2360501316"><ele>38.000</ele></trkpt>
      <trkpt lat="22.3038930267" lon="114.2360802755"><ele>38.000</ele></trkpt>
      <trkpt lat="22.3038576428" lon="114.2361104193"><ele>38.000</ele></trkpt>
      <trkpt lat="22.3038222589" lon="114.2361405632"><ele>38.000</ele></trkpt>
      <trkpt lat="22.3037868749" lon="114.2361707070"><ele>38.000</ele></trkpt>
      <trkpt lat="22.3037514910" lon="114.2362008509"><ele>38.000</ele></trkpt>
      <trkpt lat="22.3037161071" lon="114.2362309947"><ele>38.000</ele></trkpt>
      <trkpt lat="22.3037047081" lon="114.2362407055"><ele>38.000</ele></trkpt>
      <trkpt lat="22.3036683070" lon="114.2362694165"><ele>38.000</ele></trkpt>
      <trkpt lat="22.3036319059" lon="114.2362981275"><ele>38.000</ele></trkpt>
      <trkpt lat="22.3035955047" lon="114.2363268384"><ele>38.000</ele></trkpt>
      <trkpt lat="22.3035591036" lon="114.2363555494"><ele>38.000</ele></trkpt>
      <trkpt lat="22.3035227025" lon="114.2363842603"><ele>37.000</ele></trkpt>
      <trkpt lat="22.3034863014" lon="114.2364129712"><ele>37.000</ele></trkpt>
      <trkpt lat="22.3034499002" lon="114.2364416821"><ele>37.000</ele></trkpt>
      <trkpt lat="22.3034418032" lon="114.2364480685"><ele>37.000</ele></trkpt>
      <trkpt lat="22.3034045372" lon="114.2364754682"><ele>37.000</ele></trkpt>
      <trkpt lat="22.3033672713" lon="114.2365028679"><ele>37.000</ele></trkpt>
      <trkpt lat="22.3033300054" lon="114.2365302675"><ele>37.000</ele></trkpt>
      <trkpt lat="22.3032927395" lon="114.2365576671"><ele>37.000</ele></trkpt>
      <trkpt lat="22.3032554735" lon="114.2365850667"><ele>37.000</ele></trkpt>
      <trkpt lat="22.3032182076" lon="114.2366124663"><ele>36.000</ele></trkpt>
      <trkpt lat="22.3031809417" lon="114.2366398659"><ele>36.000</ele></trkpt>
      <trkpt lat="22.3031597831" lon="114.2366554226"><ele>36.000</ele></trkpt>
      <trkpt lat="22.3031224049" lon="114.2366826450"><ele>36.000</ele></trkpt>
      <trkpt lat="22.3030850266" lon="114.2367098673"><ele>36.000</ele></trkpt>
      <trkpt lat="22.3030476484" lon="114.2367370896"><ele>36.000</ele></trkpt>
      <trkpt lat="22.3030102701" lon="114.2367643119"><ele>36.000</ele></trkpt>
      <trkpt lat="22.3029728919" lon="114.2367915342"><ele>36.000</ele></trkpt>
      <trkpt lat="22.3029355136" lon="114.2368187565"><ele>35.000</ele></trkpt>
      <trkpt lat="22.3028981354" lon="114.2368459788"><ele>35.000</ele></trkpt>
      <trkpt lat="22.3028607571" lon="114.2368732010"><ele>35.000</ele></trkpt>
      <trkpt lat="22.3028233788" lon="114.2369004232"><ele>35.000</ele></trkpt>
      <trkpt lat="22.3027860006" lon="114.2369276455"><ele>35.000</ele></trkpt>
      <trkpt lat="22.3027486223" lon="114.2369548677"><ele>35.000</ele></trkpt>
      <trkpt lat="22.3027112440" lon="114.2369820899"><ele>35.000</ele></trkpt>
      <trkpt lat="22.3026738657" lon="114.2370093120"><ele>35.000</ele></trkpt>
      <trkpt lat="22.3026364874" lon="114.2370365342"><ele>35.000</ele></trkpt>
      <trkpt lat="22.3025991091" lon="114.2370637563"><ele>34.000</ele></trkpt>
      <trkpt lat="22.3025833157" lon="114.2370752585"><ele>34.000</ele></trkpt>
      <trkpt lat="22.3025457182" lon="114.2371021298"><ele>34.000</ele></trkpt>
      <trkpt lat="22.3025081207" lon="114.2371290010"><ele>34.000</ele></trkpt>
      <trkpt lat="22.3024705232" lon="114.2371558722"><ele>34.000</ele></trkpt>
      <trkpt lat="22.3024329257" lon="114.2371827435"><ele>34.000</ele></trkpt>
      <trkpt lat="22.3023953282" lon="114.2372096147"><ele>34.000</ele></trkpt>
      <trkpt lat="22.3023577306" lon="114.2372364859"><ele>34.000</ele></trkpt>
      <trkpt lat="22.3023201331" lon="114.2372633571"><ele>34.000</ele></trkpt>
      <trkpt lat="22.3022825356" lon="114.2372902282"><ele>34.000</ele></trkpt>
      <trkpt lat="22.3022745289" lon="114.2372959506"><ele>34.000</ele></trkpt>
      <trkpt lat="22.3022367747" lon="114.2373225668"><ele>33.000</ele></trkpt>
      <trkpt lat="22.3021990204" lon="114.2373491829"><ele>33.000</ele></trkpt>
      <trkpt lat="22.3021612662" lon="114.2373757990"><ele>33.000</ele></trkpt>
      <trkpt lat="22.3021235119" lon="114.2374024151"><ele>33.000</ele></trkpt>
      <trkpt lat="22.3020857576" lon="114.2374290312"><ele>33.000</ele></trkpt>
      <trkpt lat="22.3020480033" lon="114.2374556473"><ele>33.000</ele></trkpt>
      <trkpt lat="22.3020102490" lon="114.2374822634"><ele>32.000</ele></trkpt>
      <trkpt lat="22.3019724947" lon="114.2375088795"><ele>32.000</ele></trkpt>
      <trkpt lat="22.3019347405" lon="114.2375354955"><ele>32.000</ele></trkpt>
      <trkpt lat="22.3018969862" lon="114.2375621115"><ele>32.000</ele></trkpt>
      <trkpt lat="22.3018592319" lon="114.2375887275"><ele>32.000</ele></trkpt>
      <trkpt lat="22.3018214775" lon="114.2376153435"><ele>32.000</ele></trkpt>
      <trkpt lat="22.3017837232" lon="114.2376419595"><ele>31.000</ele></trkpt>
      <trkpt lat="22.3017459689" lon="114.2376685755"><ele>31.000</ele></trkpt>
      <trkpt lat="22.3017082146" lon="114.2376951914"><ele>31.000</ele></trkpt>
      <trkpt lat="22.3016704603" lon="114.2377218074"><ele>31.000</ele></trkpt>
      <trkpt lat="22.3016327059" lon="114.2377484233"><ele>31.000</ele></trkpt>
      <trkpt lat="22.3015949516" lon="114.2377750392"><ele>31.000</ele></trkpt>
      <trkpt lat="22.3015571973" lon="114.2378016551"><ele>31.000</ele></trkpt>
      <trkpt lat="22.3015194429" lon="114.2378282710"><ele>30.000</ele></trkpt>
      <trkpt lat="22.3014816886" lon="114.2378548869"><ele>30.000</ele></trkpt>
      <trkpt lat="22.3014439342" lon="114.2378815027"><ele>30.000</ele></trkpt>
      <trkpt lat="22.3014061799" lon="114.2379081186"><ele>30.000</ele></trkpt>
      <trkpt lat="22.3013684255" lon="114.2379347344"><ele>30.000</ele></trkpt>
      <trkpt lat="22.3013306711" lon="114.2379613502"><ele>30.000</ele></trkpt>
      <trkpt lat="22.3012929168" lon="114.2379879660"><ele>30.000</ele></trkpt>
      <trkpt lat="22.3012551624" lon="114.2380145818"><ele>30.000</ele></trkpt>
      <trkpt lat="22.3012174080" lon="114.2380411976"><ele>30.000</ele></trkpt>
      <trkpt lat="22.3011999914" lon="114.2380534758"><ele>30.000</ele></trkpt>
      <trkpt lat="22.3011614621" lon="114.2380787765"><ele>30.000</ele></trkpt>
      <trkpt lat="22.3011229328" lon="114.2381040773"><ele>30.000</ele></trkpt>
      <trkpt lat="22.3010844034" lon="114.2381293780"><ele>30.000</ele></trkpt>
      <trkpt lat="22.3010458741" lon="114.2381546787"><ele>30.000</ele></trkpt>
      <trkpt lat="22.3010073448" lon="114.2381799794"><ele>30.000</ele></trkpt>
      <trkpt lat="22.3009858523" lon="114.2381940927"><ele>30.000</ele></trkpt>
      <trkpt lat="22.3009470537" lon="114.2382189137"><ele>30.000</ele></trkpt>
      <trkpt lat="22.3009082552" lon="114.2382437347"><ele>30.000</ele></trkpt>
      <trkpt lat="22.3008694566" lon="114.2382685557"><ele>30.000</ele></trkpt>
      <trkpt lat="22.3008306580" lon="114.2382933767"><ele>30.000</ele></trkpt>
      <trkpt lat="22.3008013495" lon="114.2383121266"><ele>30.000</ele></trkpt>
      <trkpt lat="22.3007614400" lon="114.2383348224"><ele>30.000</ele></trkpt>
      <trkpt lat="22.3007215304" lon="114.2383575182"><ele>30.000</ele></trkpt>
      <trkpt lat="22.3007138603" lon="114.2383618800"><ele>30.000</ele></trkpt>
      <trkpt lat="22.3007010138" lon="114.2383715034"><ele>30.000</ele></trkpt>
      <trkpt lat="22.3006895576" lon="114.2383868621"><ele>30.000</ele></trkpt>
      <trkpt lat="22.3006830820" lon="114.2384023079"><ele>31.000</ele></trkpt>
      <trkpt lat="22.3006738235" lon="114.2384291853"><ele>31.000</ele></trkpt>
      <trkpt lat="22.3006746988" lon="114.2384559050"><ele>31.000</ele></trkpt>
      <trkpt lat="22.3006328673" lon="114.2384741714"><ele>31.000</ele></trkpt>
      <trkpt lat="22.3005910357" lon="114.2384924378"><ele>31.000</ele></trkpt>
      <trkpt lat="22.3005514356" lon="114.2385097298"><ele>31.000</ele></trkpt>
      <trkpt lat="22.3005394944" lon="114.2384949347"><ele>31.000</ele></trkpt>
      <trkpt lat="22.3005251622" lon="114.2384846574"><ele>31.000</ele></trkpt>
      <trkpt lat="22.3005084395" lon="114.2384769470"><ele>30.000</ele></trkpt>
      <trkpt lat="22.3004921939" lon="114.2384723181"><ele>30.000</ele></trkpt>
      <trkpt lat="22.3004711684" lon="114.2384697412"><ele>30.000</ele></trkpt>
      <trkpt lat="22.3004280154" lon="114.2384840227"><ele>30.000</ele></trkpt>
      <trkpt lat="22.3004200298" lon="114.2384866655"><ele>30.000</ele></trkpt>
      <trkpt lat="22.3003787609" lon="114.2385063546"><ele>30.000</ele></trkpt>
      <trkpt lat="22.3003641088" lon="114.2385133450"><ele>30.000</ele></trkpt>
      <trkpt lat="22.3003238779" lon="114.2385353757"><ele>30.000</ele></trkpt>
      <trkpt lat="22.3002836470" lon="114.2385574064"><ele>30.000</ele></trkpt>
      <trkpt lat="22.3002434161" lon="114.2385794370"><ele>30.000</ele></trkpt>
      <trkpt lat="22.3002031852" lon="114.2386014677"><ele>30.000</ele></trkpt>
      <trkpt lat="22.3001982531" lon="114.2386041685"><ele>30.000</ele></trkpt>
      <trkpt lat="22.3001554384" lon="114.2386195813"><ele>30.000</ele></trkpt>
      <trkpt lat="22.3001227391" lon="114.2386313527"><ele>30.000</ele></trkpt>
      <trkpt lat="22.3000781070" lon="114.2386387020"><ele>30.000</ele></trkpt>
      <trkpt lat="22.3000334748" lon="114.2386460513"><ele>30.000</ele></trkpt>
      <trkpt lat="22.2999888427" lon="114.2386534006"><ele>30.000</ele></trkpt>
      <trkpt lat="22.2999442105" lon="114.2386607498"><ele>30.000</ele></trkpt>
      <trkpt lat="22.2999392251" lon="114.2386615708"><ele>30.000</ele></trkpt>
      <trkpt lat="22.2998957260" lon="114.2386745833"><ele>30.000</ele></trkpt>
      <trkpt lat="22.2998522268" lon="114.2386875959"><ele>30.000</ele></trkpt>
      <trkpt lat="22.2998106633" lon="114.2387000294"><ele>30.000</ele></trkpt>
      <trkpt lat="22.2997972813" lon="114.2387041317"><ele>30.000</ele></trkpt>
      <trkpt lat="22.2997541596" lon="114.2387185222"><ele>30.000</ele></trkpt>
      <trkpt lat="22.2997110380" lon="114.2387329128"><ele>30.000</ele></trkpt>
      <trkpt lat="22.2996679163" lon="114.2387473033"><ele>30.000</ele></trkpt>
      <trkpt lat="22.2996247947" lon="114.2387616939"><ele>30.000</ele></trkpt>
      <trkpt lat="22.2996190128" lon="114.2387636234"><ele>30.000</ele></trkpt>
      <trkpt lat="22.2995760756" lon="114.2387786374"><ele>30.000</ele></trkpt>
      <trkpt lat="22.2995331385" lon="114.2387936514"><ele>30.000</ele></trkpt>
      <trkpt lat="22.2994902013" lon="114.2388086655"><ele>30.000</ele></trkpt>
      <trkpt lat="22.2994472641" lon="114.2388236795"><ele>30.000</ele></trkpt>
      <trkpt lat="22.2994063318" lon="114.2388379924"><ele>30.000</ele></trkpt>
      <trkpt lat="22.2993631977" lon="114.2388523400"><ele>30.000</ele></trkpt>
      <trkpt lat="22.2993200637" lon="114.2388666876"><ele>30.000</ele></trkpt>
      <trkpt lat="22.2992769296" lon="114.2388810352"><ele>30.000</ele></trkpt>
      <trkpt lat="22.2992337956" lon="114.2388953828"><ele>30.000</ele></trkpt>
      <trkpt lat="22.2991906616" lon="114.2389097303"><ele>30.000</ele></trkpt>
      <trkpt lat="22.2991812259" lon="114.2389128689"><ele>30.000</ele></trkpt>
      <trkpt lat="22.2991384266" lon="114.2389283308"><ele>30.000</ele></trkpt>
      <trkpt lat="22.2990956273" lon="114.2389437927"><ele>30.000</ele></trkpt>
      <trkpt lat="22.2990528280" lon="114.2389592546"><ele>30.000</ele></trkpt>
      <trkpt lat="22.2990364111" lon="114.2389651855"><ele>30.000</ele></trkpt>
      <trkpt lat="22.2989933841" lon="114.2389798997"><ele>30.000</ele></trkpt>
      <trkpt lat="22.2989503572" lon="114.2389946139"><ele>30.000</ele></trkpt>
      <trkpt lat="22.2989073302" lon="114.2390093280"><ele>30.000</ele></trkpt>
      <trkpt lat="22.2989059353" lon="114.2390098051"><ele>30.000</ele></trkpt>
      <trkpt lat="22.2988627953" lon="114.2390241319"><ele>30.000</ele></trkpt>
      <trkpt lat="22.2988196553" lon="114.2390384588"><ele>30.000</ele></trkpt>
      <trkpt lat="22.2987765153" lon="114.2390527856"><ele>30.000</ele></trkpt>
      <trkpt lat="22.2987333753" lon="114.2390671124"><ele>30.000</ele></trkpt>
      <trkpt lat="22.2986902353" lon="114.2390814392"><ele>30.000</ele></trkpt>
      <trkpt lat="22.2986470953" lon="114.2390957660"><ele>31.000</ele></trkpt>
      <trkpt lat="22.2986039552" lon="114.2391100928"><ele>31.000</ele></trkpt>
      <trkpt lat="22.2985785519" lon="114.2391185292"><ele>31.000</ele></trkpt>
      <trkpt lat="22.2985355673" lon="114.2391333857"><ele>31.000</ele></trkpt>
      <trkpt lat="22.2984925827" lon="114.2391482422"><ele>31.000</ele></trkpt>
      <trkpt lat="22.2984495981" lon="114.2391630986"><ele>31.000</ele></trkpt>
      <trkpt lat="22.2984066135" lon="114.2391779551"><ele>31.000</ele></trkpt>
      <trkpt lat="22.2983945472" lon="114.2391821255"><ele>31.000</ele></trkpt>
      <trkpt lat="22.2983550672" lon="114.2392056726"><ele>32.000</ele></trkpt>
      <trkpt lat="22.2983171143" lon="114.2392283089"><ele>32.000</ele></trkpt>
      <trkpt lat="22.2982766757" lon="114.2392498958"><ele>32.000</ele></trkpt>
      <trkpt lat="22.2982362372" lon="114.2392714827"><ele>32.000</ele></trkpt>
      <trkpt lat="22.2982296459" lon="114.2392750013"><ele>32.000</ele></trkpt>
      <trkpt lat="22.2981862876" lon="114.2392885457"><ele>32.000</ele></trkpt>
      <trkpt lat="22.2981541332" lon="114.2392985902"><ele>32.000</ele></trkpt>
      <trkpt lat="22.2981093500" lon="114.2393047884"><ele>33.000</ele></trkpt>
      <trkpt lat="22.2980645668" lon="114.2393109865"><ele>33.000</ele></trkpt>
      <trkpt lat="22.2980197837" lon="114.2393171847"><ele>33.000</ele></trkpt>
      <trkpt lat="22.2979840022" lon="114.2393221370"><ele>33.000</ele></trkpt>
      <trkpt lat="22.2979409816" lon="114.2393368723"><ele>33.000</ele></trkpt>
      <trkpt lat="22.2978979609" lon="114.2393516075"><ele>33.000</ele></trkpt>
      <trkpt lat="22.2978549402" lon="114.2393663428"><ele>34.000</ele></trkpt>
      <trkpt lat="22.2978119195" lon="114.2393810780"><ele>34.000</ele></trkpt>
      <trkpt lat="22.2977688988" lon="114.2393958132"><ele>34.000</ele></trkpt>
      <trkpt lat="22.2977258781" lon="114.2394105485"><ele>34.000</ele></trkpt>
      <trkpt lat="22.2977249619" lon="114.2394108623"><ele>34.000</ele></trkpt>
      <trkpt lat="22.2976820565" lon="114.2394259807"><ele>34.000</ele></trkpt>
      <trkpt lat="22.2976391511" lon="114.2394410991"><ele>34.000</ele></trkpt>
      <trkpt lat="22.2975962457" lon="114.2394562175"><ele>34.000</ele></trkpt>
      <trkpt lat="22.2975533403" lon="114.2394713359"><ele>34.000</ele></trkpt>
      <trkpt lat="22.2975104349" lon="114.2394864543"><ele>34.000</ele></trkpt>
      <trkpt lat="22.2974687881" lon="114.2395011291"><ele>34.000</ele></trkpt>
      <trkpt lat="22.2974257328" lon="114.2395157472"><ele>34.000</ele></trkpt>
      <trkpt lat="22.2973826775" lon="114.2395303653"><ele>34.000</ele></trkpt>
      <trkpt lat="22.2973396223" lon="114.2395449833"><ele>34.000</ele></trkpt>
      <trkpt lat="22.2972965670" lon="114.2395596013"><ele>34.000</ele></trkpt>
      <trkpt lat="22.2972535117" lon="114.2395742194"><ele>34.000</ele></trkpt>
      <trkpt lat="22.2972104564" lon="114.2395888374"><ele>34.000</ele></trkpt>
      <trkpt lat="22.2971674011" lon="114.2396034554"><ele>34.000</ele></trkpt>
      <trkpt lat="22.2971394918" lon="114.2396129311"><ele>34.000</ele></trkpt>
      <trkpt lat="22.2970966151" lon="114.2396281431"><ele>34.000</ele></trkpt>
      <trkpt lat="22.2970537384" lon="114.2396433551"><ele>33.000</ele></trkpt>
      <trkpt lat="22.2970108616" lon="114.2396585671"><ele>33.000</ele></trkpt>
      <trkpt lat="22.2969679849" lon="114.2396737791"><ele>33.000</ele></trkpt>
      <trkpt lat="22.2969251082" lon="114.2396889911"><ele>33.000</ele></trkpt>
      <trkpt lat="22.2969053028" lon="114.2396960177"><ele>33.000</ele></trkpt>
      <trkpt lat="22.2968623899" lon="114.2397111115"><ele>33.000</ele></trkpt>
      <trkpt lat="22.2968194770" lon="114.2397262052"><ele>32.000</ele></trkpt>
      <trkpt lat="22.2967765641" lon="114.2397412989"><ele>32.000</ele></trkpt>
      <trkpt lat="22.2967336512" lon="114.2397563926"><ele>32.000</ele></trkpt>
      <trkpt lat="22.2966907383" lon="114.2397714863"><ele>32.000</ele></trkpt>
      <trkpt lat="22.2966478254" lon="114.2397865800"><ele>32.000</ele></trkpt>
      <trkpt lat="22.2966049124" lon="114.2398016737"><ele>31.000</ele></trkpt>
      <trkpt lat="22.2965903428" lon="114.2398067982"><ele>31.000</ele></trkpt>
      <trkpt lat="22.2965472568" lon="114.2398213113"><ele>31.000</ele></trkpt>
      <trkpt lat="22.2965041708" lon="114.2398358243"><ele>31.000</ele></trkpt>
      <trkpt lat="22.2964610848" lon="114.2398503372"><ele>30.000</ele></trkpt>
      <trkpt lat="22.2964179987" lon="114.2398648502"><ele>30.000</ele></trkpt>
      <trkpt lat="22.2963749127" lon="114.2398793632"><ele>30.000</ele></trkpt>
      <trkpt lat="22.2963360821" lon="114.2398924428"><ele>29.000</ele></trkpt>
      <trkpt lat="22.2962933785" lon="114.2399082069"><ele>29.000</ele></trkpt>
      <trkpt lat="22.2962506748" lon="114.2399239709"><ele>29.000</ele></trkpt>
      <trkpt lat="22.2962079712" lon="114.2399397350"><ele>28.000</ele></trkpt>
      <trkpt lat="22.2961652675" lon="114.2399554991"><ele>28.000</ele></trkpt>
      <trkpt lat="22.2961225638" lon="114.2399712631"><ele>28.000</ele></trkpt>
      <trkpt lat="22.2960798601" lon="114.2399870271"><ele>27.000</ele></trkpt>
      <trkpt lat="22.2960371565" lon="114.2400027912"><ele>27.000</ele></trkpt>
      <trkpt lat="22.2960220759" lon="114.2400083581"><ele>27.000</ele></trkpt>
      <trkpt lat="22.2959792361" lon="114.2400236896"><ele>26.000</ele></trkpt>
      <trkpt lat="22.2959363963" lon="114.2400390211"><ele>26.000</ele></trkpt>
      <trkpt lat="22.2958935564" lon="114.2400543525"><ele>26.000</ele></trkpt>
      <trkpt lat="22.2958507166" lon="114.2400696840"><ele>26.000</ele></trkpt>
      <trkpt lat="22.2958078768" lon="114.2400850154"><ele>26.000</ele></trkpt>
      <trkpt lat="22.2957650369" lon="114.2401003468"><ele>25.000</ele></trkpt>
      <trkpt lat="22.2957221971" lon="114.2401156782"><ele>25.000</ele></trkpt>
      <trkpt lat="22.2956793572" lon="114.2401310096"><ele>25.000</ele></trkpt>
      <trkpt lat="22.2956365174" lon="114.2401463410"><ele>25.000</ele></trkpt>
      <trkpt lat="22.2956363561" lon="114.2401463988"><ele>25.000</ele></trkpt>
      <trkpt lat="22.2955975232" lon="114.2401617871"><ele>25.000</ele></trkpt>
      <trkpt lat="22.2955560134" lon="114.2401808819"><ele>25.000</ele></trkpt>
      <trkpt lat="22.2955431556" lon="114.2401867966"><ele>25.000</ele></trkpt>
      <trkpt lat="22.2955035069" lon="114.2402100134"><ele>26.000</ele></trkpt>
      <trkpt lat="22.2954840053" lon="114.2402214328"><ele>26.000</ele></trkpt>
      <trkpt lat="22.2954471264" lon="114.2402494290"><ele>26.000</ele></trkpt>
      <trkpt lat="22.2954248512" lon="114.2402663390"><ele>26.000</ele></trkpt>
      <trkpt lat="22.2953961840" lon="114.2403038269"><ele>26.000</ele></trkpt>
      <trkpt lat="22.2953782351" lon="114.2403272986"><ele>26.000</ele></trkpt>
      <trkpt lat="22.2953603004" lon="114.2403645208"><ele>27.000</ele></trkpt>
      <trkpt lat="22.2953418929" lon="114.2404088272"><ele>27.000</ele></trkpt>
      <trkpt lat="22.2953405695" lon="114.2404120125"><ele>27.000</ele></trkpt>
      <trkpt lat="22.2953303972" lon="114.2404569407"><ele>27.000</ele></trkpt>
      <trkpt lat="22.2953212303" lon="114.2405044518"><ele>28.000</ele></trkpt>
      <trkpt lat="22.2953196232" lon="114.2405127812"><ele>28.000</ele></trkpt>
      <trkpt lat="22.2953184614" lon="114.2405612866"><ele>28.000</ele></trkpt>
      <trkpt lat="22.2953184086" lon="114.2405634910"><ele>28.000</ele></trkpt>
      <trkpt lat="22.2953249616" lon="114.2406084268"><ele>29.000</ele></trkpt>
      <trkpt lat="22.2953371376" lon="114.2406551508"><ele>29.000</ele></trkpt>
      <trkpt lat="22.2953386798" lon="114.2406610689"><ele>29.000</ele></trkpt>
      <trkpt lat="22.2953584774" lon="114.2407046778"><ele>29.000</ele></trkpt>
      <trkpt lat="22.2953637463" lon="114.2407162837"><ele>29.000</ele></trkpt>
      <trkpt lat="22.2953875770" lon="114.2407574971"><ele>29.000</ele></trkpt>
      <trkpt lat="22.2953941899" lon="114.2407689335"><ele>29.000</ele></trkpt>
      <trkpt lat="22.2954248983" lon="114.2408045057"><ele>30.000</ele></trkpt>
      <trkpt lat="22.2954384992" lon="114.2408202608"><ele>30.000</ele></trkpt>
      <trkpt lat="22.2954693145" lon="114.2408387615"><ele>30.000</ele></trkpt>
      <trkpt lat="22.2955022887" lon="114.2408364657"><ele>31.000</ele></trkpt>
      <trkpt lat="22.2955288162" lon="114.2408218425"><ele>31.000</ele></trkpt>
      <trkpt lat="22.2955528906" lon="114.2407807929"><ele>30.000</ele></trkpt>
      <trkpt lat="22.2955532040" lon="114.2407802585"><ele>30.000</ele></trkpt>
      <trkpt lat="22.2955912471" lon="114.2408063940"><ele>30.000</ele></trkpt>
      <trkpt lat="22.2956292903" lon="114.2408325296"><ele>31.000</ele></trkpt>
      <trkpt lat="22.2956642789" lon="114.2408565668"><ele>31.000</ele></trkpt>
      <trkpt lat="22.2956535092" lon="114.2409012384"><ele>31.000</ele></trkpt>
      <trkpt lat="22.2956484755" lon="114.2409420610"><ele>32.000</ele></trkpt>
      <trkpt lat="22.2956549094" lon="114.2409859699"><ele>32.000</ele></trkpt>
      <trkpt lat="22.2956699489" lon="114.2410198692"><ele>32.000</ele></trkpt>
      <trkpt lat="22.2956878537" lon="114.2410583916"><ele>33.000</ele></trkpt>
      <trkpt lat="22.2957114949" lon="114.2410922948"><ele>33.000</ele></trkpt>
      <trkpt lat="22.2957446856" lon="114.2411251921"><ele>33.000</ele></trkpt>
      <trkpt lat="22.2957480378" lon="114.2411285147"><ele>33.000</ele></trkpt>
      <trkpt lat="22.2957203013" lon="114.2411668027"><ele>33.000</ele></trkpt>
      <trkpt lat="22.2956925648" lon="114.2412050906"><ele>33.000</ele></trkpt>
      <trkpt lat="22.2956777522" lon="114.2412255382"><ele>33.000</ele></trkpt>
      <trkpt lat="22.2956555389" lon="114.2412062710"><ele>33.000</ele></trkpt>
      <trkpt lat="22.2956347583" lon="114.2411893153"><ele>33.000</ele></trkpt>
      <trkpt lat="22.2956123263" lon="114.2411824048"><ele>33.000</ele></trkpt>
      <trkpt lat="22.2955924690" lon="114.2411831337"><ele>33.000</ele></trkpt>
      <trkpt lat="22.2955731122" lon="114.2411908276"><ele>33.000</ele></trkpt>
      <trkpt lat="22.2955587724" lon="114.2412000644"><ele>33.000</ele></trkpt>
      <trkpt lat="22.2955225547" lon="114.2411710885"><ele>32.000</ele></trkpt>
      <trkpt lat="22.2954863369" lon="114.2411421127"><ele>32.000</ele></trkpt>
      <trkpt lat="22.2954501191" lon="114.2411131368"><ele>32.000</ele></trkpt>
      <trkpt lat="22.2954139013" lon="114.2410841609"><ele>32.000</ele></trkpt>
      <trkpt lat="22.2954133069" lon="114.2410836854"><ele>32.000</ele></trkpt>
      <trkpt lat="22.2953819713" lon="114.2410487504"><ele>32.000</ele></trkpt>
      <trkpt lat="22.2953545545" lon="114.2410181845"><ele>31.000</ele></trkpt>
      <trkpt lat="22.2953379580" lon="114.2410633095"><ele>32.000</ele></trkpt>
      <trkpt lat="22.2953330272" lon="114.2410767161"><ele>32.000</ele></trkpt>
      <trkpt lat="22.2953075142" lon="114.2411167496"><ele>33.000</ele></trkpt>
      <trkpt lat="22.2953050544" lon="114.2411206092"><ele>33.000</ele></trkpt>
      <trkpt lat="22.2952735026" lon="114.2411514062"><ele>34.000</ele></trkpt>
      <trkpt lat="22.2952441401" lon="114.2411676991"><ele>34.000</ele></trkpt>
      <trkpt lat="22.2952202418" lon="114.2411792424"><ele>35.000</ele></trkpt>
      <trkpt lat="22.2951855936" lon="114.2411856454"><ele>35.000</ele></trkpt>
      <trkpt lat="22.2951587130" lon="114.2411869170"><ele>36.000</ele></trkpt>
      <trkpt lat="22.2951155987" lon="114.2411725014"><ele>37.000</ele></trkpt>
      <trkpt lat="22.2950971951" lon="114.2411663480"><ele>37.000</ele></trkpt>
      <trkpt lat="22.2950542504" lon="114.2411513593"><ele>38.000</ele></trkpt>
      <trkpt lat="22.2950529981" lon="114.2411509222"><ele>38.000</ele></trkpt>
      <trkpt lat="22.2950112957" lon="114.2411323186"><ele>39.000</ele></trkpt>
      <trkpt lat="22.2950040249" lon="114.2411290751"><ele>39.000</ele></trkpt>
      <trkpt lat="22.2949729683" lon="114.2411168648"><ele>39.000</ele></trkpt>
      <trkpt lat="22.2949431056" lon="114.2411059389"><ele>40.000</ele></trkpt>
      <trkpt lat="22.2949090608" lon="114.2410969367"><ele>41.000</ele></trkpt>
      <trkpt lat="22.2948648608" lon="114.2410892137"><ele>41.000</ele></trkpt>
      <trkpt lat="22.2948284245" lon="114.2410859876"><ele>42.000</ele></trkpt>
      <trkpt lat="22.2947913912" lon="114.2410814774"><ele>42.000</ele></trkpt>
      <trkpt lat="22.2947537578" lon="114.2410840279"><ele>43.000</ele></trkpt>
      <trkpt lat="22.2947131368" lon="114.2410891444"><ele>44.000</ele></trkpt>
      <trkpt lat="22.2946691850" lon="114.2411002624"><ele>44.000</ele></trkpt>
      <trkpt lat="22.2946498125" lon="114.2411051628"><ele>45.000</ele></trkpt>
      <trkpt lat="22.2946074936" lon="114.2411220827"><ele>45.000</ele></trkpt>
      <trkpt lat="22.2945888744" lon="114.2411295271"><ele>46.000</ele></trkpt>
      <trkpt lat="22.2945463792" lon="114.2411459286"><ele>46.000</ele></trkpt>
      <trkpt lat="22.2945207672" lon="114.2411558138"><ele>47.000</ele></trkpt>
      <trkpt lat="22.2944794738" lon="114.2411754425"><ele>47.000</ele></trkpt>
      <trkpt lat="22.2944381803" lon="114.2411950711"><ele>48.000</ele></trkpt>
      <trkpt lat="22.2944371241" lon="114.2411955731"><ele>48.000</ele></trkpt>
      <trkpt lat="22.2943933749" lon="114.2412075781"><ele>49.000</ele></trkpt>
      <trkpt lat="22.2943857472" lon="114.2412096712"><ele>49.000</ele></trkpt>
      <trkpt lat="22.2943419060" lon="114.2412212824"><ele>50.000</ele></trkpt>
      <trkpt lat="22.2943373578" lon="114.2412224870"><ele>50.000</ele></trkpt>
      <trkpt lat="22.2942937420" lon="114.2412350401"><ele>51.000</ele></trkpt>
      <trkpt lat="22.2942883704" lon="114.2412365862"><ele>52.000</ele></trkpt>
      <trkpt lat="22.2942477513" lon="114.2412365675"><ele>52.000</ele></trkpt>
      <trkpt lat="22.2942038633" lon="114.2412251625"><ele>53.000</ele></trkpt>
      <trkpt lat="22.2941784670" lon="114.2412185628"><ele>53.000</ele></trkpt>
      <trkpt lat="22.2941350740" lon="114.2412051476"><ele>54.000</ele></trkpt>
      <trkpt lat="22.2941223242" lon="114.2412012059"><ele>55.000</ele></trkpt>
      <trkpt lat="22.2940774976" lon="114.2411953815"><ele>55.000</ele></trkpt>
      <trkpt lat="22.2940727475" lon="114.2411947643"><ele>55.000</ele></trkpt>
      <trkpt lat="22.2940369075" lon="114.2411941060"><ele>56.000</ele></trkpt>
      <trkpt lat="22.2939998702" lon="114.2411998659"><ele>57.000</ele></trkpt>
      <trkpt lat="22.2939628286" lon="114.2412165382"><ele>57.000</ele></trkpt>
      <trkpt lat="22.2939210125" lon="114.2412348447"><ele>58.000</ele></trkpt>
      <trkpt lat="22.2939174229" lon="114.2412364162"><ele>58.000</ele></trkpt>
      <trkpt lat="22.2938802039" lon="114.2412638876"><ele>58.000</ele></trkpt>
      <trkpt lat="22.2938696218" lon="114.2412716984"><ele>59.000</ele></trkpt>
      <trkpt lat="22.2938363403" lon="114.2413044891"><ele>59.000</ele></trkpt>
      <trkpt lat="22.2938188282" lon="114.2413217429"><ele>60.000</ele></trkpt>
      <trkpt lat="22.2937901450" lon="114.2413486892"><ele>60.000</ele></trkpt>
      <trkpt lat="22.2937564823" lon="114.2413810274"><ele>61.000</ele></trkpt>
      <trkpt lat="22.2937560838" lon="114.2413814102"><ele>61.000</ele></trkpt>
      <trkpt lat="22.2937196788" lon="114.2414101134"><ele>62.000</ele></trkpt>
      <trkpt lat="22.2937178421" lon="114.2414115615"><ele>62.000</ele></trkpt>
      <trkpt lat="22.2936879680" lon="114.2414295209"><ele>63.000</ele></trkpt>
      <trkpt lat="22.2936461488" lon="114.2414429813"><ele>64.000</ele></trkpt>
      <trkpt lat="22.2936013807" lon="114.2414493041"><ele>65.000</ele></trkpt>
      <trkpt lat="22.2935917880" lon="114.2414506590"><ele>65.000</ele></trkpt>
      <trkpt lat="22.2935505708" lon="114.2414525658"><ele>66.000</ele></trkpt>
      <trkpt lat="22.2935054899" lon="114.2414498235"><ele>67.000</ele></trkpt>
      <trkpt lat="22.2934974088" lon="114.2414493320"><ele>67.000</ele></trkpt>
      <trkpt lat="22.2934531141" lon="114.2414399162"><ele>68.000</ele></trkpt>
      <trkpt lat="22.2934520151" lon="114.2414396826"><ele>68.000</ele></trkpt>
      <trkpt lat="22.2934094990" lon="114.2414233438"><ele>69.000</ele></trkpt>
      <trkpt lat="22.2934018461" lon="114.2414204028"><ele>69.000</ele></trkpt>
      <trkpt lat="22.2933626874" lon="114.2413962451"><ele>70.000</ele></trkpt>
      <trkpt lat="22.2933612370" lon="114.2413953503"><ele>70.000</ele></trkpt>
      <trkpt lat="22.2933319792" lon="114.2413658100"><ele>71.000</ele></trkpt>
      <trkpt lat="22.2933023292" lon="114.2413292161"><ele>72.000</ele></trkpt>
      <trkpt lat="22.2932955594" lon="114.2413208609"><ele>72.000</ele></trkpt>
      <trkpt lat="22.2932696339" lon="114.2412811351"><ele>73.000</ele></trkpt>
      <trkpt lat="22.2932519802" lon="114.2412540843"><ele>74.000</ele></trkpt>
      <trkpt lat="22.2932241972" lon="114.2412158360"><ele>74.000</ele></trkpt>
      <trkpt lat="22.2932221296" lon="114.2412129895"><ele>74.000</ele></trkpt>
      <trkpt lat="22.2931940673" lon="114.2411808821"><ele>75.000</ele></trkpt>
      <trkpt lat="22.2931577010" lon="114.2411521222"><ele>76.000</ele></trkpt>
      <trkpt lat="22.2931534609" lon="114.2411487690"><ele>76.000</ele></trkpt>
      <trkpt lat="22.2931194222" lon="114.2411250035"><ele>76.000</ele></trkpt>
      <trkpt lat="22.2930777146" lon="114.2411064136"><ele>77.000</ele></trkpt>
      <trkpt lat="22.2930776158" lon="114.2411063696"><ele>77.000</ele></trkpt>
      <trkpt lat="22.2930435728" lon="114.2410928742"><ele>78.000</ele></trkpt>
      <trkpt lat="22.2930041525" lon="114.2410825861"><ele>78.000</ele></trkpt>
      <trkpt lat="22.2929647290" lon="114.2410800003"><ele>79.000</ele></trkpt>
      <trkpt lat="22.2929342639" lon="114.2410825541"><ele>79.000</ele></trkpt>
      <trkpt lat="22.2929109653" lon="114.2410883203"><ele>80.000</ele></trkpt>
      <trkpt lat="22.2928822898" lon="114.2410966518"><ele>80.000</ele></trkpt>
      <trkpt lat="22.2928518217" lon="114.2411062663"><ele>80.000</ele></trkpt>
      <trkpt lat="22.2928255359" lon="114.2411133150"><ele>81.000</ele></trkpt>
      <trkpt lat="22.2927878995" lon="114.2411235682"><ele>82.000</ele></trkpt>
      <trkpt lat="22.2927669906" lon="114.2411286935"><ele>82.000</ele></trkpt>
      <trkpt lat="22.2927436926" lon="114.2411331761"><ele>82.000</ele></trkpt>
      <trkpt lat="22.2927168125" lon="114.2411325219"><ele>83.000</ele></trkpt>
      <trkpt lat="22.2926869458" lon="114.2411318663"><ele>84.000</ele></trkpt>
      <trkpt lat="22.2926576777" lon="114.2411280016"><ele>84.000</ele></trkpt>
      <trkpt lat="22.2926290078" lon="114.2411222116"><ele>85.000</ele></trkpt>
      <trkpt lat="22.2925864786" lon="114.2411059126"><ele>86.000</ele></trkpt>
      <trkpt lat="22.2925854087" lon="114.2411055026"><ele>86.000</ele></trkpt>
      <trkpt lat="22.2925549497" lon="114.2410920089"><ele>86.000</ele></trkpt>
      <trkpt lat="22.2925179226" lon="114.2410720934"><ele>87.000</ele></trkpt>
      <trkpt lat="22.2924904543" lon="114.2410489730"><ele>88.000</ele></trkpt>
      <trkpt lat="22.2924600006" lon="114.2410219999"><ele>89.000</ele></trkpt>
      <trkpt lat="22.2924337303" lon="114.2409898935"><ele>89.000</ele></trkpt>
      <trkpt lat="22.2924104450" lon="114.2409622817"><ele>90.000</ele></trkpt>
      <trkpt lat="22.2923901437" lon="114.2409417320"><ele>90.000</ele></trkpt>
      <trkpt lat="22.2923602871" lon="114.2409154012"><ele>91.000</ele></trkpt>
      <trkpt lat="22.2923262499" lon="114.2408871426"><ele>92.000</ele></trkpt>
      <trkpt lat="22.2922957916" lon="114.2408717235"><ele>92.000</ele></trkpt>
      <trkpt lat="22.2922641383" lon="114.2408575874"><ele>93.000</ele></trkpt>
      <trkpt lat="22.2922217325" lon="114.2408440886"><ele>93.000</ele></trkpt>
      <trkpt lat="22.2921770153" lon="114.2408373630"><ele>94.000</ele></trkpt>
      <trkpt lat="22.2921703644" lon="114.2408363626"><ele>94.000</ele></trkpt>
      <trkpt lat="22.2921321359" lon="114.2408331356"><ele>95.000</ele></trkpt>
      <trkpt lat="22.2920870177" lon="114.2408312262"><ele>96.000</ele></trkpt>
      <trkpt lat="22.2920861416" lon="114.2408311891"><ele>96.000</ele></trkpt>
      <trkpt lat="22.2920410037" lon="114.2408324450"><ele>96.000</ele></trkpt>
      <trkpt lat="22.2920407433" lon="114.2408324523"><ele>96.000</ele></trkpt>
      <trkpt lat="22.2920049008" lon="114.2408382128"><ele>97.000</ele></trkpt>
      <trkpt lat="22.2919617282" lon="114.2408524253"><ele>98.000</ele></trkpt>
      <trkpt lat="22.2919523280" lon="114.2408555198"><ele>98.000</ele></trkpt>
      <trkpt lat="22.2919101651" lon="114.2408728830"><ele>98.000</ele></trkpt>
      <trkpt lat="22.2919009486" lon="114.2408766785"><ele>98.000</ele></trkpt>
      <trkpt lat="22.2918710745" lon="114.2408946378"><ele>99.000</ele></trkpt>
      <trkpt lat="22.2918358245" lon="114.2409119527"><ele>100.000</ele></trkpt>
      <trkpt lat="22.2917963916" lon="114.2409337586"><ele>100.000</ele></trkpt>
      <trkpt lat="22.2917671170" lon="114.2409465830"><ele>100.000</ele></trkpt>
      <trkpt lat="22.2917426223" lon="114.2409561999"><ele>101.000</ele></trkpt>
      <trkpt lat="22.2917083179" lon="114.2409660885"><ele>102.000</ele></trkpt>
      <trkpt lat="22.2916703378" lon="114.2409722141"><ele>103.000</ele></trkpt>
      <trkpt lat="22.2916350937" lon="114.2409754076"><ele>103.000</ele></trkpt>
      <trkpt lat="22.2915899750" lon="114.2409773007"><ele>104.000</ele></trkpt>
      <trkpt lat="22.2915896951" lon="114.2409773124"><ele>104.000</ele></trkpt>
      <trkpt lat="22.2915447587" lon="114.2409820609"><ele>105.000</ele></trkpt>
      <trkpt lat="22.2915413086" lon="114.2409824255"><ele>105.000</ele></trkpt>
      <trkpt lat="22.2915024786" lon="114.2409894684"><ele>106.000</ele></trkpt>
      <trkpt lat="22.2914589514" lon="114.2410023713"><ele>106.000</ele></trkpt>
      <trkpt lat="22.2914570757" lon="114.2410029273"><ele>106.000</ele></trkpt>
      <trkpt lat="22.2914158555" lon="114.2410125366"><ele>107.000</ele></trkpt>
      <trkpt lat="22.2913747819" lon="114.2410326905"><ele>108.000</ele></trkpt>
      <trkpt lat="22.2913740335" lon="114.2410330578"><ele>108.000</ele></trkpt>
      <trkpt lat="22.2913417699" lon="114.2410516575"><ele>108.000</ele></trkpt>
      <trkpt lat="22.2913083080" lon="114.2410792431"><ele>108.000</ele></trkpt>
      <trkpt lat="22.2912742482" lon="114.2411081123"><ele>109.000</ele></trkpt>
      <trkpt lat="22.2912433127" lon="114.2411434556"><ele>109.000</ele></trkpt>
      <trkpt lat="22.2912276347" lon="114.2411613673"><ele>109.000</ele></trkpt>
      <trkpt lat="22.2912001466" lon="114.2411876717"><ele>110.000</ele></trkpt>
      <trkpt lat="22.2911666859" lon="114.2412120480"><ele>110.000</ele></trkpt>
      <trkpt lat="22.2911290449" lon="114.2412338548"><ele>111.000</ele></trkpt>
      <trkpt lat="22.2910872736" lon="114.2412522787"><ele>111.000</ele></trkpt>
      <trkpt lat="22.2910854315" lon="114.2412530912"><ele>111.000</ele></trkpt>
      <trkpt lat="22.2910448084" lon="114.2412633426"><ele>112.000</ele></trkpt>
      <trkpt lat="22.2910125501" lon="114.2412684629"><ele>113.000</ele></trkpt>
      <trkpt lat="22.2909743183" lon="114.2412735805"><ele>113.000</ele></trkpt>
      <trkpt lat="22.2909450490" lon="114.2412729251"><ele>113.000</ele></trkpt>
      <trkpt lat="22.2909020442" lon="114.2412639190"><ele>114.000</ele></trkpt>
      <trkpt lat="22.2908588153" lon="114.2412499058"><ele>115.000</ele></trkpt>
      <trkpt lat="22.2908524713" lon="114.2412478493"><ele>115.000</ele></trkpt>
      <trkpt lat="22.2908099187" lon="114.2412316209"><ele>115.000</ele></trkpt>
      <trkpt lat="22.2908052887" lon="114.2412298552"><ele>115.000</ele></trkpt>
      <trkpt lat="22.2907621868" lon="114.2412153972"><ele>116.000</ele></trkpt>
      <trkpt lat="22.2907592996" lon="114.2412144288"><ele>116.000</ele></trkpt>
      <trkpt lat="22.2907159289" lon="114.2412009312"><ele>116.000</ele></trkpt>
      <trkpt lat="22.2907097267" lon="114.2411990010"><ele>116.000</ele></trkpt>
      <trkpt lat="22.2906679137" lon="114.2411970563"><ele>117.000</ele></trkpt>
      <trkpt lat="22.2906326675" lon="114.2412053847"><ele>117.000</ele></trkpt>
      <trkpt lat="22.2905898655" lon="114.2412208372"><ele>117.000</ele></trkpt>
      <trkpt lat="22.2905687430" lon="114.2412284630"><ele>117.000</ele></trkpt>
      <trkpt lat="22.2905845665" lon="114.2412739059"><ele>117.000</ele></trkpt>
      <trkpt lat="22.2906003901" lon="114.2413193488"><ele>118.000</ele></trkpt>
      <trkpt lat="22.2906162137" lon="114.2413647918"><ele>121.000</ele></trkpt>
      <trkpt lat="22.2906320372" lon="114.2414102348"><ele>123.000</ele></trkpt>
      <trkpt lat="22.2906454094" lon="114.2414486379"><ele>123.000</ele></trkpt>
      <trkpt lat="22.2906678140" lon="114.2414480310"><ele>124.000</ele></trkpt>
      <trkpt lat="22.2906929022" lon="114.2414480426"><ele>124.000</ele></trkpt>
      <trkpt lat="22.2907356285" lon="114.2414637349"><ele>125.000</ele></trkpt>
      <trkpt lat="22.2907783549" lon="114.2414794273"><ele>125.000</ele></trkpt>
      <trkpt lat="22.2908210812" lon="114.2414951197"><ele>126.000</ele></trkpt>
      <trkpt lat="22.2908638076" lon="114.2415108121"><ele>126.000</ele></trkpt>
      <trkpt lat="22.2909065339" lon="114.2415265045"><ele>127.000</ele></trkpt>
      <trkpt lat="22.2909492603" lon="114.2415421969"><ele>127.000</ele></trkpt>
      <trkpt lat="22.2909919866" lon="114.2415578893"><ele>128.000</ele></trkpt>
      <trkpt lat="22.2910347130" lon="114.2415735818"><ele>129.000</ele></trkpt>
      <trkpt lat="22.2910421189" lon="114.2415763018"><ele>129.000</ele></trkpt>
      <trkpt lat="22.2910788537" lon="114.2416045152"><ele>130.000</ele></trkpt>
      <trkpt lat="22.2910940291" lon="114.2416161704"><ele>130.000</ele></trkpt>
      <trkpt lat="22.2911359480" lon="114.2416342030"><ele>131.000</ele></trkpt>
      <trkpt lat="22.2911681668" lon="114.2416480628"><ele>132.000</ele></trkpt>
      <trkpt lat="22.2912132783" lon="114.2416459792"><ele>132.000</ele></trkpt>
      <trkpt lat="22.2912534536" lon="114.2416441235"><ele>133.000</ele></trkpt>
      <trkpt lat="22.2912916425" lon="114.2416182353"><ele>134.000</ele></trkpt>
      <trkpt lat="22.2913239205" lon="114.2415963540"><ele>134.000</ele></trkpt>
      <trkpt lat="22.2913680032" lon="114.2415858515"><ele>135.000</ele></trkpt>
      <trkpt lat="22.2913906722" lon="114.2415804507"><ele>135.000</ele></trkpt>
      <trkpt lat="22.2914347130" lon="114.2415911537"><ele>136.000</ele></trkpt>
      <trkpt lat="22.2914787539" lon="114.2416018567"><ele>137.000</ele></trkpt>
      <trkpt lat="22.2915227947" lon="114.2416125596"><ele>138.000</ele></trkpt>
      <trkpt lat="22.2915668356" lon="114.2416232626"><ele>139.000</ele></trkpt>
      <trkpt lat="22.2916108764" lon="114.2416339656"><ele>139.000</ele></trkpt>
      <trkpt lat="22.2916488326" lon="114.2416431899"><ele>140.000</ele></trkpt>
      <trkpt lat="22.2916915165" lon="114.2416590153"><ele>141.000</ele></trkpt>
      <trkpt lat="22.2917325612" lon="114.2416742329"><ele>141.000</ele></trkpt>
      <trkpt lat="22.2917732603" lon="114.2416952458"><ele>142.000</ele></trkpt>
      <trkpt lat="22.2918059289" lon="114.2417121126"><ele>143.000</ele></trkpt>
      <trkpt lat="22.2918420441" lon="114.2417412352"><ele>144.000</ele></trkpt>
      <trkpt lat="22.2918504084" lon="114.2417479799"><ele>144.000</ele></trkpt>
      <trkpt lat="22.2918615229" lon="114.2417758746"><ele>144.000</ele></trkpt>
      <trkpt lat="22.2918589279" lon="114.2418243147"><ele>145.000</ele></trkpt>
      <trkpt lat="22.2918563327" lon="114.2418727548"><ele>145.000</ele></trkpt>
      <trkpt lat="22.2918540530" lon="114.2419153088"><ele>145.000</ele></trkpt>
      <trkpt lat="22.2918604215" lon="114.2419633440"><ele>146.000</ele></trkpt>
      <trkpt lat="22.2918651451" lon="114.2419989726"><ele>146.000</ele></trkpt>
      <trkpt lat="22.2918970672" lon="114.2420332881"><ele>147.000</ele></trkpt>
      <trkpt lat="22.2919022179" lon="114.2420388250"><ele>147.000</ele></trkpt>
      <trkpt lat="22.2919392853" lon="114.2420468092"><ele>148.000</ele></trkpt>
      <trkpt lat="22.2919843546" lon="114.2420497646"><ele>148.000</ele></trkpt>
      <trkpt lat="22.2920294239" lon="114.2420527200"><ele>149.000</ele></trkpt>
      <trkpt lat="22.2920616470" lon="114.2420548331"><ele>149.000</ele></trkpt>
      <trkpt lat="22.2920950104" lon="114.2420668040"><ele>150.000</ele></trkpt>
      <trkpt lat="22.2921327658" lon="114.2420934164"><ele>151.000</ele></trkpt>
      <trkpt lat="22.2921705212" lon="114.2421200288"><ele>151.000</ele></trkpt>
      <trkpt lat="22.2922082766" lon="114.2421466412"><ele>152.000</ele></trkpt>
      <trkpt lat="22.2922460320" lon="114.2421732537"><ele>153.000</ele></trkpt>
      <trkpt lat="22.2922608920" lon="114.2421837279"><ele>153.000</ele></trkpt>
      <trkpt lat="22.2922716376" lon="114.2422081193"><ele>153.000</ele></trkpt>
      <trkpt lat="22.2922710305" lon="114.2422357077"><ele>153.000</ele></trkpt>
      <trkpt lat="22.2922483005" lon="114.2422776320"><ele>154.000</ele></trkpt>
      <trkpt lat="22.2922255705" lon="114.2423195563"><ele>154.000</ele></trkpt>
      <trkpt lat="22.2922028405" lon="114.2423614806"><ele>154.000</ele></trkpt>
      <trkpt lat="22.2921944555" lon="114.2423769463"><ele>155.000</ele></trkpt>
      <trkpt lat="22.2921783519" lon="114.2424222761"><ele>155.000</ele></trkpt>
      <trkpt lat="22.2921648899" lon="114.2424601700"><ele>155.000</ele></trkpt>
      <trkpt lat="22.2921449716" lon="114.2425037144"><ele>156.000</ele></trkpt>
      <trkpt lat="22.2921251561" lon="114.2425470341"><ele>156.000</ele></trkpt>
      <trkpt lat="22.2921060992" lon="114.2425910213"><ele>157.000</ele></trkpt>
      <trkpt lat="22.2920870423" lon="114.2426350085"><ele>157.000</ele></trkpt>
      <trkpt lat="22.2920800898" lon="114.2426510565"><ele>158.000</ele></trkpt>
      <trkpt lat="22.2920924178" lon="114.2426796919"><ele>158.000</ele></trkpt>
      <trkpt lat="22.2921060190" lon="114.2427243737"><ele>159.000</ele></trkpt>
      <trkpt lat="22.2921253620" lon="114.2427513419"><ele>160.000</ele></trkpt>
      <trkpt lat="22.2921614342" lon="114.2427805262"><ele>161.000</ele></trkpt>
      <trkpt lat="22.2921683562" lon="114.2427861265"><ele>161.000</ele></trkpt>
      <trkpt lat="22.2921974951" lon="114.2428138698"><ele>162.000</ele></trkpt>
      <trkpt lat="22.2922329675" lon="114.2428438910"><ele>163.000</ele></trkpt>
      <trkpt lat="22.2922557754" lon="114.2428631939"><ele>164.000</ele></trkpt>
      <trkpt lat="22.2922935774" lon="114.2428897299"><ele>165.000</ele></trkpt>
      <trkpt lat="22.2923011602" lon="114.2428950529"><ele>165.000</ele></trkpt>
      <trkpt lat="22.2923390587" lon="114.2429214296"><ele>165.000</ele></trkpt>
      <trkpt lat="22.2923498892" lon="114.2429289674"><ele>165.000</ele></trkpt>
      <trkpt lat="22.2923780701" lon="114.2429623589"><ele>166.000</ele></trkpt>
      <trkpt lat="22.2923953132" lon="114.2429922825"><ele>166.000</ele></trkpt>
      <trkpt lat="22.2924263472" lon="114.2430275262"><ele>168.000</ele></trkpt>
      <trkpt lat="22.2924282191" lon="114.2430296520"><ele>168.000</ele></trkpt>
      <trkpt lat="22.2924549649" lon="114.2430666375"><ele>169.000</ele></trkpt>
      <trkpt lat="22.2924793218" lon="114.2431020811"><ele>170.000</ele></trkpt>
      <trkpt lat="22.2925024896" lon="114.2431236594"><ele>170.000</ele></trkpt>
      <trkpt lat="22.2925268544" lon="114.2431403600"><ele>170.000</ele></trkpt>
      <trkpt lat="22.2925466346" lon="114.2431503796"><ele>170.000</ele></trkpt>
      <trkpt lat="22.2925508494" lon="114.2431541985"><ele>170.000</ele></trkpt>
      <trkpt lat="22.2925548876" lon="114.2431587062"><ele>170.000</ele></trkpt>
      <trkpt lat="22.2925559202" lon="114.2431599860"><ele>170.000</ele></trkpt>
      <trkpt lat="22.2925591486" lon="114.2431656697"><ele>171.000</ele></trkpt>
      <trkpt lat="22.2925625019" lon="114.2431728579"><ele>171.000</ele></trkpt>
      <trkpt lat="22.2925628296" lon="114.2431741490"><ele>171.000</ele></trkpt>
      <trkpt lat="22.2925637233" lon="114.2431777261"><ele>171.000</ele></trkpt>
      <trkpt lat="22.2925652988" lon="114.2431857553"><ele>171.000</ele></trkpt>
      <trkpt lat="22.2925660197" lon="114.2431929393"><ele>171.000</ele></trkpt>
      <trkpt lat="22.2925662540" lon="114.2432008672"><ele>171.000</ele></trkpt>
      <trkpt lat="22.2925653746" lon="114.2432102482"><ele>170.000</ele></trkpt>
      <trkpt lat="22.2925645785" lon="114.2432169692"><ele>171.000</ele></trkpt>
      <trkpt lat="22.2925640165" lon="114.2432226587"><ele>171.000</ele></trkpt>
      <trkpt lat="22.2925638163" lon="114.2432369654"><ele>171.000</ele></trkpt>
      <trkpt lat="22.2925640631" lon="114.2432451160"><ele>171.000</ele></trkpt>
      <trkpt lat="22.2925646525" lon="114.2432545743"><ele>171.000</ele></trkpt>
      <trkpt lat="22.2925647855" lon="114.2432638622"><ele>171.000</ele></trkpt>
      <trkpt lat="22.2925652579" lon="114.2432686131"><ele>171.000</ele></trkpt>
      <trkpt lat="22.2925657196" lon="114.2432731805"><ele>171.000</ele></trkpt>
      <trkpt lat="22.2925664170" lon="114.2432823697"><ele>171.000</ele></trkpt>
      <trkpt lat="22.2925674638" lon="114.2432903989"><ele>171.000</ele></trkpt>
      <trkpt lat="22.2925685119" lon="114.2432968148"><ele>171.000</ele></trkpt>
      <trkpt lat="22.2925702422" lon="114.2433053239"><ele>171.000</ele></trkpt>
      <trkpt lat="22.2925722057" lon="114.2433130942"><ele>171.000</ele></trkpt>
      <trkpt lat="22.2925753631" lon="114.2433229553"><ele>171.000</ele></trkpt>
      <trkpt lat="22.2925798418" lon="114.2433361858"><ele>171.000</ele></trkpt>
      <trkpt lat="22.2925902980" lon="114.2433694244"><ele>172.000</ele></trkpt>
      <trkpt lat="22.2925962206" lon="114.2434007145"><ele>172.000</ele></trkpt>
      <trkpt lat="22.2926063439" lon="114.2434310471"><ele>172.000</ele></trkpt>
      <trkpt lat="22.2926182021" lon="114.2434581675"><ele>172.000</ele></trkpt>
      <trkpt lat="22.2926252924" lon="114.2434710625"><ele>172.000</ele></trkpt>
      <trkpt lat="22.2926354500" lon="114.2434850303"><ele>172.000</ele></trkpt>
      <trkpt lat="22.2926574469" lon="114.2435044119"><ele>172.000</ele></trkpt>
      <trkpt lat="22.2926883383" lon="114.2435304726"><ele>172.000</ele></trkpt>
      <trkpt lat="22.2927110219" lon="114.2435512453"><ele>172.000</ele></trkpt>
      <trkpt lat="22.2927272526" lon="114.2435707219"><ele>172.000</ele></trkpt>
      <trkpt lat="22.2927330095" lon="114.2435835853"><ele>172.000</ele></trkpt>
      <trkpt lat="22.2927418776" lon="114.2436065861"><ele>172.000</ele></trkpt>
      <trkpt lat="22.2927539664" lon="114.2436423273"><ele>173.000</ele></trkpt>
      <trkpt lat="22.2927699093" lon="114.2436708288"><ele>173.000</ele></trkpt>
      <trkpt lat="22.2927915138" lon="114.2436999949"><ele>173.000</ele></trkpt>
      <trkpt lat="22.2928147295" lon="114.2437202478"><ele>173.000</ele></trkpt>
      <trkpt lat="22.2928418454" lon="114.2437459073"><ele>173.000</ele></trkpt>
      <trkpt lat="22.2928501395" lon="114.2437590778"><ele>173.000</ele></trkpt>
      <trkpt lat="22.2928634093" lon="114.2437728591"><ele>173.000</ele></trkpt>
      <trkpt lat="22.2928784592" lon="114.2437857560"><ele>173.000</ele></trkpt>
      <trkpt lat="22.2929043162" lon="114.2438013692"><ele>173.000</ele></trkpt>
      <trkpt lat="22.2929426872" lon="114.2438269449"><ele>173.000</ele></trkpt>
      <trkpt lat="22.2929470348" lon="114.2438298428"><ele>173.000</ele></trkpt>
      <trkpt lat="22.2929660339" lon="114.2438440095"><ele>173.000</ele></trkpt>
      <trkpt lat="22.2929963686" lon="114.2438741859"><ele>174.000</ele></trkpt>
      <trkpt lat="22.2930181537" lon="114.2438937800"><ele>174.000</ele></trkpt>
      <trkpt lat="22.2930263421" lon="114.2439333258"><ele>174.000</ele></trkpt>
      <trkpt lat="22.2930466884" lon="114.2439463464"><ele>174.000</ele></trkpt>
      <trkpt lat="22.2930655993" lon="114.2439755326"><ele>174.000</ele></trkpt>
      <trkpt lat="22.2930912485" lon="114.2440154649"><ele>174.000</ele></trkpt>
      <trkpt lat="22.2931086106" lon="114.2440424953"><ele>174.000</ele></trkpt>
      <trkpt lat="22.2931345845" lon="114.2440821845"><ele>175.000</ele></trkpt>
      <trkpt lat="22.2931449983" lon="114.2440980973"><ele>175.000</ele></trkpt>
      <trkpt lat="22.2931578295" lon="114.2441197127"><ele>175.000</ele></trkpt>
      <trkpt lat="22.2931707596" lon="114.2441486295"><ele>175.000</ele></trkpt>
      <trkpt lat="22.2931800892" lon="114.2441728849"><ele>175.000</ele></trkpt>
      <trkpt lat="22.2931864598" lon="114.2441941990"><ele>175.000</ele></trkpt>
      <trkpt lat="22.2931904466" lon="114.2442159889"><ele>175.000</ele></trkpt>
      <trkpt lat="22.2932008177" lon="114.2442558706"><ele>175.000</ele></trkpt>
      <trkpt lat="22.2932046474" lon="114.2443023954"><ele>175.000</ele></trkpt>
      <trkpt lat="22.2932038612" lon="114.2443455293"><ele>175.000</ele></trkpt>
      <trkpt lat="22.2932028711" lon="114.2443653903"><ele>175.000</ele></trkpt>
      <trkpt lat="22.2932017685" lon="114.2443990341"><ele>175.000</ele></trkpt>
      <trkpt lat="22.2932015772" lon="114.2444317127"><ele>175.000</ele></trkpt>
      <trkpt lat="22.2932063590" lon="114.2444481558"><ele>175.000</ele></trkpt>
      <trkpt lat="22.2932155353" lon="114.2444621616"><ele>175.000</ele></trkpt>
      <trkpt lat="22.2932298176" lon="114.2444693653"><ele>175.000</ele></trkpt>
      <trkpt lat="22.2932519730" lon="114.2444706273"><ele>175.000</ele></trkpt>
      <trkpt lat="22.2932969783" lon="114.2444745502"><ele>175.000</ele></trkpt>
      <trkpt lat="22.2933127841" lon="114.2444759279"><ele>176.000</ele></trkpt>
      <trkpt lat="22.2933126975" lon="114.2444759247"><ele>176.000</ele></trkpt>
      <trkpt lat="22.2933128708" lon="114.2444759313"><ele>176.000</ele></trkpt>
      <trkpt lat="22.2933393812" lon="114.2444757190"><ele>176.000</ele></trkpt>
      <trkpt lat="22.2933674524" lon="114.2444843980"><ele>176.000</ele></trkpt>
      <trkpt lat="22.2933898476" lon="114.2444966045"><ele>176.000</ele></trkpt>
      <trkpt lat="22.2934095519" lon="114.2445155500"><ele>176.000</ele></trkpt>
      <trkpt lat="22.2934205948" lon="114.2445344911"><ele>176.000</ele></trkpt>
      <trkpt lat="22.2934310352" lon="114.2445656278"><ele>176.000</ele></trkpt>
      <trkpt lat="22.2934432708" lon="114.2445893837"><ele>176.000</ele></trkpt>
      <trkpt lat="22.2934578989" lon="114.2446054380"><ele>176.000</ele></trkpt>
      <trkpt lat="22.2934826809" lon="114.2446234231"><ele>176.000</ele></trkpt>
      <trkpt lat="22.2934996674" lon="114.2446539043"><ele>176.000</ele></trkpt>
      <trkpt lat="22.2935057642" lon="114.2446813740"><ele>176.000</ele></trkpt>
      <trkpt lat="22.2935149572" lon="114.2447288786"><ele>176.000</ele></trkpt>
      <trkpt lat="22.2935158580" lon="114.2447335337"><ele>176.000</ele></trkpt>
      <trkpt lat="22.2935278617" lon="114.2447737267"><ele>176.000</ele></trkpt>
      <trkpt lat="22.2935448395" lon="114.2448017232"><ele>176.000</ele></trkpt>
      <trkpt lat="22.2935478901" lon="114.2448063868"><ele>176.000</ele></trkpt>
      <trkpt lat="22.2935664362" lon="114.2448265164"><ele>176.000</ele></trkpt>
      <trkpt lat="22.2935859306" lon="114.2448426692"><ele>176.000</ele></trkpt>
      <trkpt lat="22.2936090266" lon="114.2448470189"><ele>177.000</ele></trkpt>
      <trkpt lat="22.2936313198" lon="114.2448481168"><ele>177.000</ele></trkpt>
      <trkpt lat="22.2936623804" lon="114.2448426296"><ele>177.000</ele></trkpt>
      <trkpt lat="22.2936976181" lon="114.2448335761"><ele>177.000</ele></trkpt>
      <trkpt lat="22.2937255276" lon="114.2448326964"><ele>177.000</ele></trkpt>
      <trkpt lat="22.2937594841" lon="114.2448364001"><ele>177.000</ele></trkpt>
      <trkpt lat="22.2937981930" lon="114.2448426172"><ele>178.000</ele></trkpt>
      <trkpt lat="22.2938345139" lon="114.2448501989"><ele>178.000</ele></trkpt>
      <trkpt lat="22.2938475264" lon="114.2448576018"><ele>178.000</ele></trkpt>
      <trkpt lat="22.2938655887" lon="114.2448750034"><ele>178.000</ele></trkpt>
      <trkpt lat="22.2938903667" lon="114.2448853455"><ele>178.000</ele></trkpt>
      <trkpt lat="22.2939208900" lon="114.2448966142"><ele>178.000</ele></trkpt>
      <trkpt lat="22.2939634314" lon="114.2449026267"><ele>178.000</ele></trkpt>
      <trkpt lat="22.2939946661" lon="114.2449055875"><ele>178.000</ele></trkpt>
      <trkpt lat="22.2940388983" lon="114.2449153373"><ele>177.000</ele></trkpt>
      <trkpt lat="22.2940565944" lon="114.2449192379"><ele>177.000</ele></trkpt>
      <trkpt lat="22.2941013584" lon="114.2449255938"><ele>177.000</ele></trkpt>
      <trkpt lat="22.2941089946" lon="114.2449266780"><ele>177.000</ele></trkpt>
      <trkpt lat="22.2941342184" lon="114.2449300375"><ele>178.000</ele></trkpt>
      <trkpt lat="22.2941552153" lon="114.2449283744"><ele>178.000</ele></trkpt>
      <trkpt lat="22.2941909058" lon="114.2449233295"><ele>177.000</ele></trkpt>
      <trkpt lat="22.2942355753" lon="114.2449162474"><ele>177.000</ele></trkpt>
      <trkpt lat="22.2942380239" lon="114.2449158592"><ele>177.000</ele></trkpt>
      <trkpt lat="22.2942480403" lon="114.2449188000"><ele>177.000</ele></trkpt>
      <trkpt lat="22.2942574186" lon="114.2449258877"><ele>177.000</ele></trkpt>
      <trkpt lat="22.2942667980" lon="114.2449329856"><ele>176.000</ele></trkpt>
      <trkpt lat="22.2942761884" lon="114.2449400851"><ele>176.000</ele></trkpt>
      <trkpt lat="22.2942855671" lon="114.2449471730"><ele>175.000</ele></trkpt>
      <trkpt lat="22.2942949465" lon="114.2449542709"><ele>175.000</ele></trkpt>
      <trkpt lat="22.2943043365" lon="114.2449613702"><ele>175.000</ele></trkpt>
      <trkpt lat="22.2943077416" lon="114.2449772919"><ele>175.000</ele></trkpt>
      <trkpt lat="22.2943172911" lon="114.2449846606"><ele>174.000</ele></trkpt>
      <trkpt lat="22.2943268390" lon="114.2449920380"><ele>173.000</ele></trkpt>
      <trkpt lat="22.2943363835" lon="114.2449994195"><ele>173.000</ele></trkpt>
      <trkpt lat="22.2943403735" lon="114.2450024975"><ele>173.000</ele></trkpt>
      <trkpt lat="22.2943459330" lon="114.2450067979"><ele>173.000</ele></trkpt>
      <trkpt lat="22.2943560192" lon="114.2450145875"><ele>172.000</ele></trkpt>
      <trkpt lat="22.2943580863" lon="114.2450364282"><ele>172.000</ele></trkpt>
      <trkpt lat="22.2943578442" lon="114.2450361964"><ele>172.000</ele></trkpt>
      <trkpt lat="22.2943684509" lon="114.2450442749"><ele>171.000</ele></trkpt>
      <trkpt lat="22.2943786423" lon="114.2450520426"><ele>170.000</ele></trkpt>
      <trkpt lat="22.2943888346" lon="114.2450598109"><ele>170.000</ele></trkpt>
      <trkpt lat="22.2943990269" lon="114.2450675792"><ele>169.000</ele></trkpt>
      <trkpt lat="22.2943989934" lon="114.2450870068"><ele>169.000</ele></trkpt>
      <trkpt lat="22.2944094925" lon="114.2450953188"><ele>168.000</ele></trkpt>
      <trkpt lat="22.2944199722" lon="114.2451036154"><ele>168.000</ele></trkpt>
      <trkpt lat="22.2944304079" lon="114.2451119901"><ele>167.000</ele></trkpt>
      <trkpt lat="22.2944408446" lon="114.2451203610"><ele>166.000</ele></trkpt>
      <trkpt lat="22.2944401899" lon="114.2451403344"><ele>165.000</ele></trkpt>
      <trkpt lat="22.2944502387" lon="114.2451488024"><ele>165.000</ele></trkpt>
      <trkpt lat="22.2944602966" lon="114.2451572706"><ele>164.000</ele></trkpt>
      <trkpt lat="22.2944703518" lon="114.2451657364"><ele>163.000</ele></trkpt>
      <trkpt lat="22.2944808135" lon="114.2451745519"><ele>163.000</ele></trkpt>
      <trkpt lat="22.2944791536" lon="114.2451982782"><ele>162.000</ele></trkpt>
      <trkpt lat="22.2944895796" lon="114.2452075766"><ele>162.000</ele></trkpt>
      <trkpt lat="22.2945000794" lon="114.2452167980"><ele>161.000</ele></trkpt>
      <trkpt lat="22.2945105615" lon="114.2452259940"><ele>161.000</ele></trkpt>
      <trkpt lat="22.2945148832" lon="114.2452298402"><ele>161.000</ele></trkpt>
      <trkpt lat="22.2945044311" lon="114.2452434094"><ele>161.000</ele></trkpt>
      <trkpt lat="22.2945350797" lon="114.2452790410"><ele>159.000</ele></trkpt>
      <trkpt lat="22.2945429536" lon="114.2452881951"><ele>159.000</ele></trkpt>
      <trkpt lat="22.2945736710" lon="114.2453237582"><ele>158.000</ele></trkpt>
      <trkpt lat="22.2945833537" lon="114.2453349684"><ele>158.000</ele></trkpt>
      <trkpt lat="22.2945925963" lon="114.2453441568"><ele>158.000</ele></trkpt>
      <trkpt lat="22.2946013796" lon="114.2453535654"><ele>158.000</ele></trkpt>
      <trkpt lat="22.2946071149" lon="114.2453594660"><ele>158.000</ele></trkpt>
      <trkpt lat="22.2946131263" lon="114.2453649239"><ele>158.000</ele></trkpt>
      <trkpt lat="22.2946206482" lon="114.2453722613"><ele>158.000</ele></trkpt>
      <trkpt lat="22.2946281124" lon="114.2453794097"><ele>158.000</ele></trkpt>
      <trkpt lat="22.2946365650" lon="114.2453863830"><ele>158.000</ele></trkpt>
      <trkpt lat="22.2946438323" lon="114.2453926889"><ele>158.000</ele></trkpt>
      <trkpt lat="22.2946532370" lon="114.2454001922"><ele>158.000</ele></trkpt>
      <trkpt lat="22.2946624068" lon="114.2454072080"><ele>158.000</ele></trkpt>
      <trkpt lat="22.2946743548" lon="114.2454153249"><ele>158.000</ele></trkpt>
      <trkpt lat="22.2946872279" lon="114.2454239590"><ele>158.000</ele></trkpt>
      <trkpt lat="22.2947250245" lon="114.2454505043"><ele>158.000</ele></trkpt>
      <trkpt lat="22.2947370679" lon="114.2454589626"><ele>158.000</ele></trkpt>
      <trkpt lat="22.2947670550" lon="114.2454802754"><ele>158.000</ele></trkpt>
      <trkpt lat="22.2947982420" lon="114.2455022766"><ele>158.000</ele></trkpt>
      <trkpt lat="22.2948129273" lon="114.2455121070"><ele>158.000</ele></trkpt>
      <trkpt lat="22.2948273704" lon="114.2455210827"><ele>158.000</ele></trkpt>
      <trkpt lat="22.2948364247" lon="114.2455253687"><ele>158.000</ele></trkpt>
      <trkpt lat="22.2948446611" lon="114.2455286809"><ele>158.000</ele></trkpt>
      <trkpt lat="22.2948517533" lon="114.2455306334"><ele>158.000</ele></trkpt>
      <trkpt lat="22.2948568947" lon="114.2455316219"><ele>158.000</ele></trkpt>
      <trkpt lat="22.2948640891" lon="114.2455307351"><ele>158.000</ele></trkpt>
      <trkpt lat="22.2948693370" lon="114.2455297485"><ele>158.000</ele></trkpt>
      <trkpt lat="22.2948745211" lon="114.2455269235"><ele>158.000</ele></trkpt>
      <trkpt lat="22.2948797276" lon="114.2455244175"><ele>158.000</ele></trkpt>
      <trkpt lat="22.2948864698" lon="114.2455197200"><ele>158.000</ele></trkpt>
      <trkpt lat="22.2948911229" lon="114.2455158452"><ele>157.000</ele></trkpt>
      <trkpt lat="22.2948962817" lon="114.2455104230"><ele>157.000</ele></trkpt>
      <trkpt lat="22.2948989331" lon="114.2455081884"><ele>157.000</ele></trkpt>
      <trkpt lat="22.2949155147" lon="114.2454862588"><ele>157.000</ele></trkpt>
      <trkpt lat="22.2949400093" lon="114.2454794800"><ele>157.000</ele></trkpt>
      <trkpt lat="22.2949453142" lon="114.2454787111"><ele>157.000</ele></trkpt>
      <trkpt lat="22.2949519969" lon="114.2454780877"><ele>157.000</ele></trkpt>
      <trkpt lat="22.2949602468" lon="114.2454770796"><ele>157.000</ele></trkpt>
      <trkpt lat="22.2949689104" lon="114.2454758201"><ele>157.000</ele></trkpt>
      <trkpt lat="22.2949779956" lon="114.2454749451"><ele>157.000</ele></trkpt>
      <trkpt lat="22.2949892976" lon="114.2454729411"><ele>157.000</ele></trkpt>
      <trkpt lat="22.2949982334" lon="114.2454718192"><ele>157.000</ele></trkpt>
      <trkpt lat="22.2950032034" lon="114.2454713124"><ele>157.000</ele></trkpt>
      <trkpt lat="22.2950096046" lon="114.2454700613"><ele>157.000</ele></trkpt>
      <trkpt lat="22.2950186677" lon="114.2454679283"><ele>158.000</ele></trkpt>
      <trkpt lat="22.2950295568" lon="114.2454664341"><ele>158.000</ele></trkpt>
      <trkpt lat="22.2950405874" lon="114.2454648206"><ele>158.000</ele></trkpt>
      <trkpt lat="22.2950472004" lon="114.2454641717"><ele>158.000</ele></trkpt>
      <trkpt lat="22.2950613161" lon="114.2454626647"><ele>158.000</ele></trkpt>
      <trkpt lat="22.2950754860" lon="114.2454612735"><ele>158.000</ele></trkpt>
      <trkpt lat="22.2950868883" lon="114.2454611267"><ele>158.000</ele></trkpt>
      <trkpt lat="22.2951064774" lon="114.2454613296"><ele>158.000</ele></trkpt>
      <trkpt lat="22.2951168192" lon="114.2454615557"><ele>158.000</ele></trkpt>
      <trkpt lat="22.2951298848" lon="114.2454623777"><ele>158.000</ele></trkpt>
      <trkpt lat="22.2951427060" lon="114.2454635827"><ele>159.000</ele></trkpt>
      <trkpt lat="22.2951522851" lon="114.2454649266"><ele>159.000</ele></trkpt>
      <trkpt lat="22.2951624023" lon="114.2454655220"><ele>159.000</ele></trkpt>
      <trkpt lat="22.2951723686" lon="114.2454662331"><ele>159.000</ele></trkpt>
      <trkpt lat="22.2951870170" lon="114.2454683024"><ele>159.000</ele></trkpt>
      <trkpt lat="22.2951965220" lon="114.2454691450"><ele>159.000</ele></trkpt>
      <trkpt lat="22.2952043558" lon="114.2454692471"><ele>159.000</ele></trkpt>
      <trkpt lat="22.2952138166" lon="114.2454696023"><ele>159.000</ele></trkpt>
      <trkpt lat="22.2952218331" lon="114.2454695766"><ele>159.000</ele></trkpt>
      <trkpt lat="22.2952299653" lon="114.2454693140"><ele>160.000</ele></trkpt>
      <trkpt lat="22.2952387873" lon="114.2454686771"><ele>160.000</ele></trkpt>
      <trkpt lat="22.2952473365" lon="114.2454677938"><ele>160.000</ele></trkpt>
      <trkpt lat="22.2952553874" lon="114.2454670442"><ele>160.000</ele></trkpt>
      <trkpt lat="22.2952626598" lon="114.2454652791"><ele>160.000</ele></trkpt>
      <trkpt lat="22.2952699362" lon="114.2454638185"><ele>160.000</ele></trkpt>
      <trkpt lat="22.2952788684" lon="114.2454627855"><ele>160.000</ele></trkpt>
      <trkpt lat="22.2952870650" lon="114.2454611757"><ele>160.000</ele></trkpt>
      <trkpt lat="22.2952950096" lon="114.2454597977"><ele>160.000</ele></trkpt>
      <trkpt lat="22.2953009417" lon="114.2454573148"><ele>160.000</ele></trkpt>
      <trkpt lat="22.2953094033" lon="114.2454533497"><ele>160.000</ele></trkpt>
      <trkpt lat="22.2953166101" lon="114.2454497633"><ele>160.000</ele></trkpt>
      <trkpt lat="22.2953239280" lon="114.2454450681"><ele>160.000</ele></trkpt>
      <trkpt lat="22.2953314437" lon="114.2454393935"><ele>160.000</ele></trkpt>
      <trkpt lat="22.2953372971" lon="114.2454350549"><ele>160.000</ele></trkpt>
      <trkpt lat="22.2953429046" lon="114.2454292387"><ele>160.000</ele></trkpt>
      <trkpt lat="22.2953494031" lon="114.2454223324"><ele>160.000</ele></trkpt>
      <trkpt lat="22.2953538551" lon="114.2454160442"><ele>160.000</ele></trkpt>
      <trkpt lat="22.2953597924" lon="114.2454072776"><ele>160.000</ele></trkpt>
      <trkpt lat="22.2953722910" lon="114.2453864042"><ele>160.000</ele></trkpt>
      <trkpt lat="22.2953776719" lon="114.2453751736"><ele>160.000</ele></trkpt>
      <trkpt lat="22.2953860431" lon="114.2453546368"><ele>160.000</ele></trkpt>
      <trkpt lat="22.2953971058" lon="114.2453263985"><ele>160.000</ele></trkpt>
      <trkpt lat="22.2954054799" lon="114.2452997638"><ele>160.000</ele></trkpt>
      <trkpt lat="22.2954168406" lon="114.2452731305"><ele>160.000</ele></trkpt>
      <trkpt lat="22.2954290942" lon="114.2452538795"><ele>160.000</ele></trkpt>
      <trkpt lat="22.2954416445" lon="114.2452388008"><ele>160.000</ele></trkpt>
      <trkpt lat="22.2954586754" lon="114.2452230825"><ele>160.000</ele></trkpt>
      <trkpt lat="22.2954763032" lon="114.2452080065"><ele>160.000</ele></trkpt>
      <trkpt lat="22.2954957225" lon="114.2451945359"><ele>160.000</ele></trkpt>
      <trkpt lat="22.2955187239" lon="114.2451855606"><ele>160.000</ele></trkpt>
      <trkpt lat="22.2955476969" lon="114.2451804395"><ele>160.000</ele></trkpt>
      <trkpt lat="22.2955823430" lon="114.2451791724"><ele>160.000</ele></trkpt>
      <trkpt lat="22.2956273827" lon="114.2451757373"><ele>161.000</ele></trkpt>
      <trkpt lat="22.2956325212" lon="114.2451753454"><ele>161.000</ele></trkpt>
      <trkpt lat="22.2956765801" lon="114.2451647285"><ele>161.000</ele></trkpt>
      <trkpt lat="22.2956856896" lon="114.2451625334"><ele>162.000</ele></trkpt>
      <trkpt lat="22.2957183168" lon="114.2451526099"><ele>162.000</ele></trkpt>
      <trkpt lat="22.2957424445" lon="114.2451442667"><ele>162.000</ele></trkpt>
      <trkpt lat="22.2957549924" lon="114.2451356070"><ele>162.000</ele></trkpt>
      <trkpt lat="22.2957645542" lon="114.2451250204"><ele>162.000</ele></trkpt>
      <trkpt lat="22.2957693193" lon="114.2451102983"><ele>162.000</ele></trkpt>
      <trkpt lat="22.2957708392" lon="114.2450938912"><ele>161.000</ele></trkpt>
      <trkpt lat="22.2957765332" lon="114.2450483188"><ele>161.000</ele></trkpt>
      <trkpt lat="22.2957789309" lon="114.2450284210"><ele>161.000</ele></trkpt>
      <trkpt lat="22.2957894037" lon="114.2449822092"><ele>161.000</ele></trkpt>
      <trkpt lat="22.2957962842" lon="114.2449562153"><ele>161.000</ele></trkpt>
      <trkpt lat="22.2958088396" lon="114.2449289406"><ele>161.000</ele></trkpt>
      <trkpt lat="22.2958193015" lon="114.2449087257"><ele>161.000</ele></trkpt>
      <trkpt lat="22.2958279676" lon="114.2448978176"><ele>161.000</ele></trkpt>
      <trkpt lat="22.2958347329" lon="114.2448907321"><ele>161.000</ele></trkpt>
      <trkpt lat="22.2958416433" lon="114.2448854561"><ele>161.000</ele></trkpt>
      <trkpt lat="22.2958491503" lon="114.2448803557"><ele>161.000</ele></trkpt>
      <trkpt lat="22.2958634038" lon="114.2448722796"><ele>161.000</ele></trkpt>
      <trkpt lat="22.2958783274" lon="114.2448657765"><ele>161.000</ele></trkpt>
      <trkpt lat="22.2958867805" lon="114.2448628972"><ele>161.000</ele></trkpt>
      <trkpt lat="22.2958956909" lon="114.2448604545"><ele>161.000</ele></trkpt>
      <trkpt lat="22.2959046834" lon="114.2448594064"><ele>161.000</ele></trkpt>
      <trkpt lat="22.2959131161" lon="114.2448601034"><ele>161.000</ele></trkpt>
      <trkpt lat="22.2959236659" lon="114.2448617267"><ele>161.000</ele></trkpt>
      <trkpt lat="22.2959335380" lon="114.2448642195"><ele>161.000</ele></trkpt>
      <trkpt lat="22.2959340780" lon="114.2448643532"><ele>161.000</ele></trkpt>
      <trkpt lat="22.2959426228" lon="114.2448671068"><ele>161.000</ele></trkpt>
      <trkpt lat="22.2959633244" lon="114.2448771538"><ele>161.000</ele></trkpt>
      <trkpt lat="22.2959933614" lon="114.2448952385"><ele>161.000</ele></trkpt>
      <trkpt lat="22.2960260127" lon="114.2449125179"><ele>161.000</ele></trkpt>
      <trkpt lat="22.2960589775" lon="114.2449262539"><ele>161.000</ele></trkpt>
      <trkpt lat="22.2960956235" lon="114.2449424825"><ele>161.000</ele></trkpt>
      <trkpt lat="22.2961214894" lon="114.2449587016"><ele>161.000</ele></trkpt>
      <trkpt lat="22.2961261133" lon="114.2449618444"><ele>161.000</ele></trkpt>
      <trkpt lat="22.2961297689" lon="114.2449645379"><ele>161.000</ele></trkpt>
      <trkpt lat="22.2961333454" lon="114.2449673689"><ele>161.000</ele></trkpt>
      <trkpt lat="22.2961368350" lon="114.2449703227"><ele>161.000</ele></trkpt>
      <trkpt lat="22.2961402283" lon="114.2449733987"><ele>161.000</ele></trkpt>
      <trkpt lat="22.2961435301" lon="114.2449765930"><ele>161.000</ele></trkpt>
      <trkpt lat="22.2961467206" lon="114.2449799118"><ele>161.000</ele></trkpt>
      <trkpt lat="22.2961498189" lon="114.2449833384"><ele>161.000</ele></trkpt>
      <trkpt lat="22.2961528082" lon="114.2449868732"><ele>161.000</ele></trkpt>
      <trkpt lat="22.2961556833" lon="114.2449905111"><ele>162.000</ele></trkpt>
      <trkpt lat="22.2961584465" lon="114.2449942544"><ele>162.000</ele></trkpt>
      <trkpt lat="22.2961610956" lon="114.2449980911"><ele>162.000</ele></trkpt>
      <trkpt lat="22.2961635715" lon="114.2450019430"><ele>162.000</ele></trkpt>
      <trkpt lat="22.2961864460" lon="114.2450437776"><ele>162.000</ele></trkpt>
      <trkpt lat="22.2961999825" lon="114.2450685343"><ele>162.000</ele></trkpt>
      <trkpt lat="22.2962234883" lon="114.2451099628"><ele>162.000</ele></trkpt>
      <trkpt lat="22.2962278218" lon="114.2451176004"><ele>162.000</ele></trkpt>
      <trkpt lat="22.2962475398" lon="114.2451612512"><ele>162.000</ele></trkpt>
      <trkpt lat="22.2962484111" lon="114.2451631802"><ele>162.000</ele></trkpt>
      <trkpt lat="22.2962575618" lon="114.2451928208"><ele>163.000</ele></trkpt>
      <trkpt lat="22.2962644627" lon="114.2452203222"><ele>163.000</ele></trkpt>
      <trkpt lat="22.2962707168" lon="114.2452599734"><ele>163.000</ele></trkpt>
      <trkpt lat="22.2962715369" lon="114.2452940391"><ele>163.000</ele></trkpt>
      <trkpt lat="22.2962740336" lon="114.2453303841"><ele>163.000</ele></trkpt>
      <trkpt lat="22.2962863583" lon="114.2453558764"><ele>163.000</ele></trkpt>
      <trkpt lat="22.2962957794" lon="114.2453704247"><ele>164.000</ele></trkpt>
      <trkpt lat="22.2963206218" lon="114.2453874141"><ele>164.000</ele></trkpt>
      <trkpt lat="22.2963434742" lon="114.2453958358"><ele>164.000</ele></trkpt>
      <trkpt lat="22.2963501678" lon="114.2453988123"><ele>164.000</ele></trkpt>
      <trkpt lat="22.2963723295" lon="114.2454086493"><ele>164.000</ele></trkpt>
      <trkpt lat="22.2963949919" lon="114.2454214621"><ele>164.000</ele></trkpt>
      <trkpt lat="22.2964266069" lon="114.2454423305"><ele>164.000</ele></trkpt>
      <trkpt lat="22.2964621364" lon="114.2454719955"><ele>164.000</ele></trkpt>
      <trkpt lat="22.2964689882" lon="114.2454788101"><ele>164.000</ele></trkpt>
      <trkpt lat="22.2964729960" lon="114.2454826062"><ele>164.000</ele></trkpt>
      <trkpt lat="22.2964773573" lon="114.2454858719"><ele>164.000</ele></trkpt>
      <trkpt lat="22.2964815547" lon="114.2454891322"><ele>164.000</ele></trkpt>
      <trkpt lat="22.2964830977" lon="114.2454909962"><ele>164.000</ele></trkpt>
      <trkpt lat="22.2964882630" lon="114.2454935105"><ele>164.000</ele></trkpt>
      <trkpt lat="22.2964928965" lon="114.2454953151"><ele>164.000</ele></trkpt>
      <trkpt lat="22.2964976406" lon="114.2454967250"><ele>164.000</ele></trkpt>
      <trkpt lat="22.2965024720" lon="114.2454977281"><ele>164.000</ele></trkpt>
      <trkpt lat="22.2965070941" lon="114.2454982923"><ele>164.000</ele></trkpt>
      <trkpt lat="22.2965312364" lon="114.2455024287"><ele>165.000</ele></trkpt>
      <trkpt lat="22.2965619304" lon="114.2455017886"><ele>164.000</ele></trkpt>
      <trkpt lat="22.2965976286" lon="114.2454958942"><ele>165.000</ele></trkpt>
      <trkpt lat="22.2966383653" lon="114.2454862975"><ele>165.000</ele></trkpt>
      <trkpt lat="22.2966799701" lon="114.2454749666"><ele>165.000</ele></trkpt>
      <trkpt lat="22.2967207365" lon="114.2454616389"><ele>165.000</ele></trkpt>
      <trkpt lat="22.2967628633" lon="114.2454441742"><ele>165.000</ele></trkpt>
      <trkpt lat="22.2967628853" lon="114.2454441651"><ele>165.000</ele></trkpt>
      <trkpt lat="22.2968000877" lon="114.2454311236"><ele>165.000</ele></trkpt>
      <trkpt lat="22.2968267477" lon="114.2454283116"><ele>165.000</ele></trkpt>
      <trkpt lat="22.2968290724" lon="114.2454283554"><ele>165.000</ele></trkpt>
      <trkpt lat="22.2968333239" lon="114.2454285647"><ele>165.000</ele></trkpt>
      <trkpt lat="22.2968619397" lon="114.2454337812"><ele>165.000</ele></trkpt>
      <trkpt lat="22.2968777136" lon="114.2454366539"><ele>166.000</ele></trkpt>
      <trkpt lat="22.2969082952" lon="114.2454472449"><ele>166.000</ele></trkpt>
      <trkpt lat="22.2969139907" lon="114.2454495494"><ele>166.000</ele></trkpt>
      <trkpt lat="22.2969186700" lon="114.2454510284"><ele>166.000</ele></trkpt>
      <trkpt lat="22.2969234092" lon="114.2454521936"><ele>166.000</ele></trkpt>
      <trkpt lat="22.2969282072" lon="114.2454530191"><ele>166.000</ele></trkpt>
      <trkpt lat="22.2969330375" lon="114.2454535251"><ele>166.000</ele></trkpt>
      <trkpt lat="22.2969378903" lon="114.2454537024"><ele>166.000</ele></trkpt>
      <trkpt lat="22.2969427474" lon="114.2454535505"><ele>166.000</ele></trkpt>
      <trkpt lat="22.2969475820" lon="114.2454530589"><ele>166.000</ele></trkpt>
      <trkpt lat="22.2969523857" lon="114.2454522490"><ele>166.000</ele></trkpt>
      <trkpt lat="22.2969569785" lon="114.2454511447"><ele>166.000</ele></trkpt>
      <trkpt lat="22.2970011088" lon="114.2454408757"><ele>167.000</ele></trkpt>
      <trkpt lat="22.2970068897" lon="114.2454395305"><ele>167.000</ele></trkpt>
      <trkpt lat="22.2970496991" lon="114.2454241011"><ele>167.000</ele></trkpt>
      <trkpt lat="22.2970562520" lon="114.2454217392"><ele>167.000</ele></trkpt>
      <trkpt lat="22.2970995345" lon="114.2454079178"><ele>167.000</ele></trkpt>
      <trkpt lat="22.2971005915" lon="114.2454075803"><ele>167.000</ele></trkpt>
      <trkpt lat="22.2971450017" lon="114.2453988144"><ele>167.000</ele></trkpt>
      <trkpt lat="22.2971487154" lon="114.2453980813"><ele>167.000</ele></trkpt>
      <trkpt lat="22.2971866406" lon="114.2453944716"><ele>168.000</ele></trkpt>
      <trkpt lat="22.2972181441" lon="114.2453900676"><ele>168.000</ele></trkpt>
      <trkpt lat="22.2972499797" lon="114.2453773082"><ele>168.000</ele></trkpt>
      <trkpt lat="22.2972900832" lon="114.2453550113"><ele>169.000</ele></trkpt>
      <trkpt lat="22.2972907844" lon="114.2453546214"><ele>169.000</ele></trkpt>
      <trkpt lat="22.2973237109" lon="114.2453280558"><ele>169.000</ele></trkpt>
      <trkpt lat="22.2973610137" lon="114.2453065626"><ele>169.000</ele></trkpt>
      <trkpt lat="22.2973935095" lon="114.2452957949"><ele>169.000</ele></trkpt>
      <trkpt lat="22.2974272735" lon="114.2452900301"><ele>169.000</ele></trkpt>
      <trkpt lat="22.2974610738" lon="114.2452851536"><ele>169.000</ele></trkpt>
      <trkpt lat="22.2974991332" lon="114.2452716468"><ele>169.000</ele></trkpt>
      <trkpt lat="22.2975285760" lon="114.2452543778"><ele>169.000</ele></trkpt>
      <trkpt lat="22.2975641091" lon="114.2452255032"><ele>169.000</ele></trkpt>
      <trkpt lat="22.2975978657" lon="114.2452022857"><ele>169.000</ele></trkpt>
      <trkpt lat="22.2976401778" lon="114.2451853461"><ele>169.000</ele></trkpt>
      <trkpt lat="22.2976532232" lon="114.2451801234"><ele>169.000</ele></trkpt>
      <trkpt lat="22.2976946336" lon="114.2451701873"><ele>169.000</ele></trkpt>
      <trkpt lat="22.2977369061" lon="114.2451643735"><ele>170.000</ele></trkpt>
      <trkpt lat="22.2977679441" lon="114.2451622500"><ele>170.000</ele></trkpt>
      <trkpt lat="22.2977904789" lon="114.2451552837"><ele>170.000</ele></trkpt>
      <trkpt lat="22.2978058143" lon="114.2451552159"><ele>170.000</ele></trkpt>
      <trkpt lat="22.2978447440" lon="114.2451527862"><ele>170.000</ele></trkpt>
      <trkpt lat="22.2978796813" lon="114.2451407643"><ele>168.000</ele></trkpt>
      <trkpt lat="22.2978876756" lon="114.2451365198"><ele>168.000</ele></trkpt>
      <trkpt lat="22.2978918543" lon="114.2451339302"><ele>168.000</ele></trkpt>
      <trkpt lat="22.2978958847" lon="114.2451311703"><ele>169.000</ele></trkpt>
      <trkpt lat="22.2978997946" lon="114.2451282167"><ele>169.000</ele></trkpt>
      <trkpt lat="22.2979035833" lon="114.2451250699"><ele>169.000</ele></trkpt>
      <trkpt lat="22.2979072275" lon="114.2451217438"><ele>169.000</ele></trkpt>
      <trkpt lat="22.2979107306" lon="114.2451182557"><ele>169.000</ele></trkpt>
      <trkpt lat="22.2979140847" lon="114.2451145937"><ele>169.000</ele></trkpt>
      <trkpt lat="22.2979172886" lon="114.2451107697"><ele>169.000</ele></trkpt>
      <trkpt lat="22.2979203234" lon="114.2451067929"><ele>169.000</ele></trkpt>
      <trkpt lat="22.2979231876" lon="114.2451026757"><ele>169.000</ele></trkpt>
      <trkpt lat="22.2979258717" lon="114.2450984293"><ele>168.000</ele></trkpt>
      <trkpt lat="22.2979504692" lon="114.2450577387"><ele>168.000</ele></trkpt>
      <trkpt lat="22.2979583479" lon="114.2450447053"><ele>168.000</ele></trkpt>
      <trkpt lat="22.2979612225" lon="114.2450404629"><ele>168.000</ele></trkpt>
      <trkpt lat="22.2979638198" lon="114.2450360120"><ele>168.000</ele></trkpt>
      <trkpt lat="22.2979661250" lon="114.2450314038"><ele>168.000</ele></trkpt>
      <trkpt lat="22.2979681539" lon="114.2450266248"><ele>168.000</ele></trkpt>
      <trkpt lat="22.2979698668" lon="114.2450217093"><ele>168.000</ele></trkpt>
      <trkpt lat="22.2979712712" lon="114.2450166943"><ele>168.000</ele></trkpt>
      <trkpt lat="22.2979723325" lon="114.2450116982"><ele>167.000</ele></trkpt>
      <trkpt lat="22.2979818279" lon="114.2449642608"><ele>167.000</ele></trkpt>
      <trkpt lat="22.2979867881" lon="114.2449394798"><ele>166.000</ele></trkpt>
      <trkpt lat="22.2979956239" lon="114.2448918955"><ele>166.000</ele></trkpt>
      <trkpt lat="22.2980000430" lon="114.2448680967"><ele>166.000</ele></trkpt>
      <trkpt lat="22.2980004752" lon="114.2448619035"><ele>165.000</ele></trkpt>
      <trkpt lat="22.2980009585" lon="114.2448571458"><ele>165.000</ele></trkpt>
      <trkpt lat="22.2980015830" lon="114.2448524077"><ele>165.000</ele></trkpt>
      <trkpt lat="22.2980023388" lon="114.2448476883"><ele>165.000</ele></trkpt>
      <trkpt lat="22.2980032357" lon="114.2448429934"><ele>165.000</ele></trkpt>
      <trkpt lat="22.2980042551" lon="114.2448383280"><ele>165.000</ele></trkpt>
      <trkpt lat="22.2980054135" lon="114.2448337056"><ele>165.000</ele></trkpt>
      <trkpt lat="22.2980067054" lon="114.2448291138"><ele>165.000</ele></trkpt>
      <trkpt lat="22.2980081197" lon="114.2448245704"><ele>165.000</ele></trkpt>
      <trkpt lat="22.2980096638" lon="114.2448200799"><ele>165.000</ele></trkpt>
      <trkpt lat="22.2980113401" lon="114.2448156436"><ele>165.000</ele></trkpt>
      <trkpt lat="22.2980131384" lon="114.2448112653"><ele>165.000</ele></trkpt>
      <trkpt lat="22.2980150698" lon="114.2448069494"><ele>165.000</ele></trkpt>
      <trkpt lat="22.2980171161" lon="114.2448026882"><ele>165.000</ele></trkpt>
      <trkpt lat="22.2980192814" lon="114.2447985100"><ele>165.000</ele></trkpt>
      <trkpt lat="22.2980215730" lon="114.2447944003"><ele>165.000</ele></trkpt>
      <trkpt lat="22.2980239699" lon="114.2447903663"><ele>165.000</ele></trkpt>
      <trkpt lat="22.2980264870" lon="114.2447864117"><ele>165.000</ele></trkpt>
      <trkpt lat="22.2980290786" lon="114.2447825962"><ele>165.000</ele></trkpt>
      <trkpt lat="22.2980527462" lon="114.2447515189"><ele>164.000</ele></trkpt>
      <trkpt lat="22.2980805610" lon="114.2447242569"><ele>163.000</ele></trkpt>
      <trkpt lat="22.2980814135" lon="114.2447236634"><ele>163.000</ele></trkpt>
      <trkpt lat="22.2981153600" lon="114.2447001168"><ele>163.000</ele></trkpt>
      <trkpt lat="22.2981570889" lon="114.2446815814"><ele>162.000</ele></trkpt>
      <trkpt lat="22.2981660591" lon="114.2446775970"><ele>162.000</ele></trkpt>
      <trkpt lat="22.2981942715" lon="114.2446736228"><ele>162.000</ele></trkpt>
      <trkpt lat="22.2982010995" lon="114.2446733221"><ele>162.000</ele></trkpt>
      <trkpt lat="22.2982053736" lon="114.2446735054"><ele>162.000</ele></trkpt>
      <trkpt lat="22.2982096684" lon="114.2446739645"><ele>162.000</ele></trkpt>
      <trkpt lat="22.2982139260" lon="114.2446747153"><ele>161.000</ele></trkpt>
      <trkpt lat="22.2982181250" lon="114.2446757407"><ele>161.000</ele></trkpt>
      <trkpt lat="22.2982222632" lon="114.2446770486"><ele>161.000</ele></trkpt>
      <trkpt lat="22.2982263270" lon="114.2446786312"><ele>161.000</ele></trkpt>
      <trkpt lat="22.2982302884" lon="114.2446804789"><ele>161.000</ele></trkpt>
      <trkpt lat="22.2982341319" lon="114.2446825830"><ele>161.000</ele></trkpt>
      <trkpt lat="22.2982378474" lon="114.2446849336"><ele>161.000</ele></trkpt>
      <trkpt lat="22.2982421260" lon="114.2446880381"><ele>161.000</ele></trkpt>
      <trkpt lat="22.2982785943" lon="114.2447166494"><ele>161.000</ele></trkpt>
      <trkpt lat="22.2982860942" lon="114.2447225334"><ele>161.000</ele></trkpt>
      <trkpt lat="22.2982866446" lon="114.2447231327"><ele>161.000</ele></trkpt>
      <trkpt lat="22.2983185246" lon="114.2447574949"><ele>161.000</ele></trkpt>
      <trkpt lat="22.2983208433" lon="114.2447599941"><ele>161.000</ele></trkpt>
      <trkpt lat="22.2983489624" lon="114.2447922048"><ele>160.000</ele></trkpt>
      <trkpt lat="22.2983650543" lon="114.2448089172"><ele>160.000</ele></trkpt>
      <trkpt lat="22.2983694893" lon="114.2448114413"><ele>160.000</ele></trkpt>
      <trkpt lat="22.2983741414" lon="114.2448134755"><ele>160.000</ele></trkpt>
      <trkpt lat="22.2983789645" lon="114.2448149895"><ele>160.000</ele></trkpt>
      <trkpt lat="22.2983839131" lon="114.2448159704"><ele>160.000</ele></trkpt>
      <trkpt lat="22.2983890439" lon="114.2448164205"><ele>160.000</ele></trkpt>
      <trkpt lat="22.2984017014" lon="114.2448153208"><ele>160.000</ele></trkpt>
      <trkpt lat="22.2984083264" lon="114.2448133161"><ele>160.000</ele></trkpt>
      <trkpt lat="22.2984151661" lon="114.2448103421"><ele>160.000</ele></trkpt>
      <trkpt lat="22.2984334320" lon="114.2447933986"><ele>160.000</ele></trkpt>
      <trkpt lat="22.2984581142" lon="114.2447594457"><ele>159.000</ele></trkpt>
      <trkpt lat="22.2984813163" lon="114.2447239286"><ele>159.000</ele></trkpt>
      <trkpt lat="22.2984821203" lon="114.2447228450"><ele>159.000</ele></trkpt>
      <trkpt lat="22.2985045194" lon="114.2446926020"><ele>158.000</ele></trkpt>
      <trkpt lat="22.2985117178" lon="114.2446852907"><ele>158.000</ele></trkpt>
      <trkpt lat="22.2985196180" lon="114.2446782617"><ele>158.000</ele></trkpt>
      <trkpt lat="22.2985279422" lon="114.2446718066"><ele>158.000</ele></trkpt>
      <trkpt lat="22.2985362457" lon="114.2446662036"><ele>158.000</ele></trkpt>
      <trkpt lat="22.2985444696" lon="114.2446613934"><ele>158.000</ele></trkpt>
      <trkpt lat="22.2985525142" lon="114.2446573248"><ele>157.000</ele></trkpt>
      <trkpt lat="22.2985758301" lon="114.2446476596"><ele>157.000</ele></trkpt>
      <trkpt lat="22.2986102042" lon="114.2446375124"><ele>157.000</ele></trkpt>
      <trkpt lat="22.2986547089" lon="114.2446293190"><ele>156.000</ele></trkpt>
      <trkpt lat="22.2986985841" lon="114.2446212415"><ele>156.000</ele></trkpt>
      <trkpt lat="22.2987116530" lon="114.2446170035"><ele>156.000</ele></trkpt>
      <trkpt lat="22.2987202377" lon="114.2446120819"><ele>156.000</ele></trkpt>
      <trkpt lat="22.2987286701" lon="114.2446064826"><ele>156.000</ele></trkpt>
      <trkpt lat="22.2987367316" lon="114.2446003032"><ele>156.000</ele></trkpt>
      <trkpt lat="22.2987440622" lon="114.2445938911"><ele>156.000</ele></trkpt>
      <trkpt lat="22.2987509994" lon="114.2445870120"><ele>155.000</ele></trkpt>
      <trkpt lat="22.2987571933" lon="114.2445800629"><ele>155.000</ele></trkpt>
      <trkpt lat="22.2987867630" lon="114.2445433925"><ele>155.000</ele></trkpt>
      <trkpt lat="22.2987890235" lon="114.2445405892"><ele>155.000</ele></trkpt>
      <trkpt lat="22.2988248492" lon="114.2445110552"><ele>154.000</ele></trkpt>
      <trkpt lat="22.2988338278" lon="114.2445036535"><ele>154.000</ele></trkpt>
      <trkpt lat="22.2988737615" lon="114.2444810864"><ele>154.000</ele></trkpt>
      <trkpt lat="22.2989158100" lon="114.2444634047"><ele>154.000</ele></trkpt>
      <trkpt lat="22.2989243154" lon="114.2444598281"><ele>153.000</ele></trkpt>
      <trkpt lat="22.2989679857" lon="114.2444474953"><ele>153.000</ele></trkpt>
      <trkpt lat="22.2989734703" lon="114.2444459464"><ele>153.000</ele></trkpt>
      <trkpt lat="22.2990049190" lon="114.2444416583"><ele>153.000</ele></trkpt>
      <trkpt lat="22.2990441267" lon="114.2444385416"><ele>153.000</ele></trkpt>
      <trkpt lat="22.2990850066" lon="114.2444326898"><ele>153.000</ele></trkpt>
      <trkpt lat="22.2991194038" lon="114.2444239868"><ele>153.000</ele></trkpt>
      <trkpt lat="22.2991397673" lon="114.2444166735"><ele>152.000</ele></trkpt>
      <trkpt lat="22.2991521163" lon="114.2444115312"><ele>152.000</ele></trkpt>
      <trkpt lat="22.2991919886" lon="114.2443899698"><ele>152.000</ele></trkpt>
      <trkpt lat="22.2992308640" lon="114.2443652883"><ele>152.000</ele></trkpt>
      <trkpt lat="22.2992463332" lon="114.2443554671"><ele>152.000</ele></trkpt>
      <trkpt lat="22.2992673283" lon="114.2443450246"><ele>151.000</ele></trkpt>
      <trkpt lat="22.2992927094" lon="114.2443366594"><ele>151.000</ele></trkpt>
      <trkpt lat="22.2993322918" lon="114.2443288172"><ele>151.000</ele></trkpt>
      <trkpt lat="22.2993469370" lon="114.2443280685"><ele>151.000</ele></trkpt>
      <trkpt lat="22.2993599736" lon="114.2443280934"><ele>151.000</ele></trkpt>
      <trkpt lat="22.2993754363" lon="114.2443312970"><ele>152.000</ele></trkpt>
      <trkpt lat="22.2993906671" lon="114.2443356110"><ele>151.000</ele></trkpt>
      <trkpt lat="22.2994055968" lon="114.2443410115"><ele>152.000</ele></trkpt>
      <trkpt lat="22.2994201715" lon="114.2443474774"><ele>152.000</ele></trkpt>
      <trkpt lat="22.2994306802" lon="114.2443529257"><ele>152.000</ele></trkpt>
      <trkpt lat="22.2994701487" lon="114.2443764951"><ele>152.000</ele></trkpt>
      <trkpt lat="22.2994822268" lon="114.2443837078"><ele>152.000</ele></trkpt>
      <trkpt lat="22.2995176407" lon="114.2444056812"><ele>152.000</ele></trkpt>
      <trkpt lat="22.2995486764" lon="114.2444186352"><ele>152.000</ele></trkpt>
      <trkpt lat="22.2995551272" lon="114.2444213314"><ele>152.000</ele></trkpt>
      <trkpt lat="22.2995755951" lon="114.2444272193"><ele>152.000</ele></trkpt>
      <trkpt lat="22.2995931022" lon="114.2444306949"><ele>152.000</ele></trkpt>
      <trkpt lat="22.2996032667" lon="114.2444314866"><ele>152.000</ele></trkpt>
      <trkpt lat="22.2996138710" lon="114.2444308832"><ele>152.000</ele></trkpt>
      <trkpt lat="22.2996396064" lon="114.2444270844"><ele>152.000</ele></trkpt>
      <trkpt lat="22.2996475390" lon="114.2444214399"><ele>152.000</ele></trkpt>
      <trkpt lat="22.2996543105" lon="114.2444157550"><ele>152.000</ele></trkpt>
      <trkpt lat="22.2996606537" lon="114.2444095207"><ele>152.000</ele></trkpt>
      <trkpt lat="22.2996668426" lon="114.2444023699"><ele>152.000</ele></trkpt>
      <trkpt lat="22.2996687878" lon="114.2443996715"><ele>152.000</ele></trkpt>
      <trkpt lat="22.2996678151" lon="114.2444010207"><ele>152.000</ele></trkpt>
      <trkpt lat="22.2996735538" lon="114.2443930584"><ele>152.000</ele></trkpt>
      <trkpt lat="22.2996791434" lon="114.2443835014"><ele>152.000</ele></trkpt>
      <trkpt lat="22.2996838781" lon="114.2443734176"><ele>152.000</ele></trkpt>
      <trkpt lat="22.2996878616" lon="114.2443623490"><ele>152.000</ele></trkpt>
      <trkpt lat="22.2996953609" lon="114.2443296241"><ele>152.000</ele></trkpt>
      <trkpt lat="22.2997023061" lon="114.2442883200"><ele>152.000</ele></trkpt>
      <trkpt lat="22.2997071499" lon="114.2442643906"><ele>152.000</ele></trkpt>
      <trkpt lat="22.2997105867" lon="114.2442558410"><ele>152.000</ele></trkpt>
      <trkpt lat="22.2997148925" lon="114.2442476849"><ele>152.000</ele></trkpt>
      <trkpt lat="22.2997191540" lon="114.2442411989"><ele>152.000</ele></trkpt>
      <trkpt lat="22.2997239561" lon="114.2442351497"><ele>152.000</ele></trkpt>
      <trkpt lat="22.2997292485" lon="114.2442295966"><ele>152.000</ele></trkpt>
      <trkpt lat="22.2997349573" lon="114.2442246031"><ele>152.000</ele></trkpt>
      <trkpt lat="22.2997435117" lon="114.2442186464"><ele>152.000</ele></trkpt>
      <trkpt lat="22.2997492915" lon="114.2442150517"><ele>152.000</ele></trkpt>
      <trkpt lat="22.2997783517" lon="114.2441967118"><ele>152.000</ele></trkpt>
      <trkpt lat="22.2997978660" lon="114.2441818387"><ele>152.000</ele></trkpt>
      <trkpt lat="22.2998150666" lon="114.2441651028"><ele>152.000</ele></trkpt>
      <trkpt lat="22.2998444258" lon="114.2441306381"><ele>151.000</ele></trkpt>
      <trkpt lat="22.2998724628" lon="114.2441021593"><ele>151.000</ele></trkpt>
      <trkpt lat="22.2999007919" lon="114.2440785295"><ele>151.000</ele></trkpt>
      <trkpt lat="22.2999372633" lon="114.2440499225"><ele>151.000</ele></trkpt>
      <trkpt lat="22.2999439059" lon="114.2440447123"><ele>151.000</ele></trkpt>
      <trkpt lat="22.2999780054" lon="114.2440129055"><ele>151.000</ele></trkpt>
      <trkpt lat="22.2999967226" lon="114.2439954468"><ele>150.000</ele></trkpt>
      <trkpt lat="22.2999970811" lon="114.2439951049"><ele>150.000</ele></trkpt>
      <trkpt lat="22.3000290134" lon="114.2439607985"><ele>150.000</ele></trkpt>
      <trkpt lat="22.3000609457" lon="114.2439264921"><ele>150.000</ele></trkpt>
      <trkpt lat="22.3000852803" lon="114.2439003483"><ele>150.000</ele></trkpt>
      <trkpt lat="22.3001127681" lon="114.2438618526"><ele>150.000</ele></trkpt>
      <trkpt lat="22.3001221505" lon="114.2438487128"><ele>150.000</ele></trkpt>
      <trkpt lat="22.3001445930" lon="114.2438081972"><ele>150.000</ele></trkpt>
      <trkpt lat="22.3001573042" lon="114.2437766202"><ele>150.000</ele></trkpt>
      <trkpt lat="22.3001659125" lon="114.2437423536"><ele>150.000</ele></trkpt>
      <trkpt lat="22.3001696797" lon="114.2437306771"><ele>150.000</ele></trkpt>
      <trkpt lat="22.3001711587" lon="114.2437230337"><ele>150.000</ele></trkpt>
      <trkpt lat="22.3001759980" lon="114.2437136718"><ele>150.000</ele></trkpt>
      <trkpt lat="22.3001799036" lon="114.2437052964"><ele>150.000</ele></trkpt>
      <trkpt lat="22.3001852206" lon="114.2436986388"><ele>149.000</ele></trkpt>
      <trkpt lat="22.3001903488" lon="114.2436954373"><ele>150.000</ele></trkpt>
      <trkpt lat="22.3001967324" lon="114.2436914469"><ele>149.000</ele></trkpt>
      <trkpt lat="22.3002108454" lon="114.2436894510"><ele>149.000</ele></trkpt>
      <trkpt lat="22.3002207373" lon="114.2436883965"><ele>149.000</ele></trkpt>
      <trkpt lat="22.3002649348" lon="114.2436983260"><ele>149.000</ele></trkpt>
      <trkpt lat="22.3002691369" lon="114.2436992700"><ele>149.000</ele></trkpt>
      <trkpt lat="22.3002810833" lon="114.2437034810"><ele>149.000</ele></trkpt>
      <trkpt lat="22.3002940454" lon="114.2437074185"><ele>149.000</ele></trkpt>
      <trkpt lat="22.3003064381" lon="114.2437111796"><ele>149.000</ele></trkpt>
      <trkpt lat="22.3003348691" lon="114.2437152929"><ele>149.000</ele></trkpt>
      <trkpt lat="22.3003438632" lon="114.2437160604"><ele>149.000</ele></trkpt>
      <trkpt lat="22.3003708312" lon="114.2437213579"><ele>149.000</ele></trkpt>
      <trkpt lat="22.3003762242" lon="114.2437220393"><ele>149.000</ele></trkpt>
      <trkpt lat="22.3003811512" lon="114.2437223758"><ele>149.000</ele></trkpt>
      <trkpt lat="22.3003860713" lon="114.2437224303"><ele>149.000</ele></trkpt>
      <trkpt lat="22.3003909849" lon="114.2437222140"><ele>149.000</ele></trkpt>
      <trkpt lat="22.3003958903" lon="114.2437217265"><ele>149.000</ele></trkpt>
      <trkpt lat="22.3004187406" lon="114.2437196732"><ele>149.000</ele></trkpt>
      <trkpt lat="22.3004637190" lon="114.2437154094"><ele>150.000</ele></trkpt>
      <trkpt lat="22.3004639262" lon="114.2437153897"><ele>150.000</ele></trkpt>
      <trkpt lat="22.3004901640" lon="114.2437125459"><ele>150.000</ele></trkpt>
      <trkpt lat="22.3005183615" lon="114.2437101470"><ele>150.000</ele></trkpt>
      <trkpt lat="22.3005476009" lon="114.2437076105"><ele>150.000</ele></trkpt>
      <trkpt lat="22.3005781987" lon="114.2437091900"><ele>150.000</ele></trkpt>
      <trkpt lat="22.3006005386" lon="114.2437131089"><ele>150.000</ele></trkpt>
      <trkpt lat="22.3006337501" lon="114.2437176864"><ele>151.000</ele></trkpt>
      <trkpt lat="22.3006631927" lon="114.2437215144"><ele>151.000</ele></trkpt>
      <trkpt lat="22.3006824968" lon="114.2437251303"><ele>151.000</ele></trkpt>
      <trkpt lat="22.3007146658" lon="114.2437296813"><ele>151.000</ele></trkpt>
      <trkpt lat="22.3007316393" lon="114.2437346087"><ele>151.000</ele></trkpt>
      <trkpt lat="22.3007578305" lon="114.2437532714"><ele>151.000</ele></trkpt>
      <trkpt lat="22.3007722864" lon="114.2437682024"><ele>151.000</ele></trkpt>
      <trkpt lat="22.3007937782" lon="114.2437855165"><ele>151.000</ele></trkpt>
      <trkpt lat="22.3008104836" lon="114.2437996324"><ele>150.000</ele></trkpt>
      <trkpt lat="22.3008232232" lon="114.2438167391"><ele>151.000</ele></trkpt>
      <trkpt lat="22.3008343168" lon="114.2438273798"><ele>151.000</ele></trkpt>
      <trkpt lat="22.3008304365" lon="114.2438416161"><ele>151.000</ele></trkpt>
      <trkpt lat="22.3008480520" lon="114.2438555265"><ele>151.000</ele></trkpt>
      <trkpt lat="22.3008688964" lon="114.2438735644"><ele>151.000</ele></trkpt>
      <trkpt lat="22.3009016849" lon="114.2438977760"><ele>151.000</ele></trkpt>
      <trkpt lat="22.3009241773" lon="114.2439139149"><ele>151.000</ele></trkpt>
      <trkpt lat="22.3009369069" lon="114.2439237354"><ele>151.000</ele></trkpt>
      <trkpt lat="22.3009676232" lon="114.2439492561"><ele>151.000</ele></trkpt>
      <trkpt lat="22.3009849202" lon="114.2439635934"><ele>151.000</ele></trkpt>
      <trkpt lat="22.3009970610" lon="114.2439715585"><ele>151.000</ele></trkpt>
      <trkpt lat="22.3010168847" lon="114.2439870314"><ele>151.000</ele></trkpt>
      <trkpt lat="22.3010439005" lon="114.2440108834"><ele>151.000</ele></trkpt>
      <trkpt lat="22.3010662735" lon="114.2440372487"><ele>151.000</ele></trkpt>
      <trkpt lat="22.3010936671" lon="114.2440711952"><ele>151.000</ele></trkpt>
      <trkpt lat="22.3011089219" lon="114.2440498129"><ele>149.000</ele></trkpt>
      <trkpt lat="22.3011221267" lon="114.2440324556"><ele>148.000</ele></trkpt>
      <trkpt lat="22.3011345983" lon="114.2440142424"><ele>147.000</ele></trkpt>
      <trkpt lat="22.3011440905" lon="114.2439872230"><ele>144.000</ele></trkpt>
      <trkpt lat="22.3011485310" lon="114.2439517952"><ele>143.000</ele></trkpt>
      <trkpt lat="22.3011499315" lon="114.2439261417"><ele>142.000</ele></trkpt>
      <trkpt lat="22.3011505187" lon="114.2438861157"><ele>141.000</ele></trkpt>
      <trkpt lat="22.3011532178" lon="114.2438805069"><ele>141.000</ele></trkpt>
      <trkpt lat="22.3011587232" lon="114.2438692858"><ele>140.000</ele></trkpt>
      <trkpt lat="22.3011640559" lon="114.2438582053"><ele>139.000</ele></trkpt>
      <trkpt lat="22.3011694066" lon="114.2438471060"><ele>139.000</ele></trkpt>
      <trkpt lat="22.3011746945" lon="114.2438361218"><ele>138.000</ele></trkpt>
      <trkpt lat="22.3011800359" lon="114.2438250323"><ele>138.000</ele></trkpt>
      <trkpt lat="22.3011854040" lon="114.2438138854"><ele>137.000</ele></trkpt>
      <trkpt lat="22.3011908090" lon="114.2438026790"><ele>137.000</ele></trkpt>
      <trkpt lat="22.3011962053" lon="114.2437914717"><ele>137.000</ele></trkpt>
      <trkpt lat="22.3012016026" lon="114.2437802724"><ele>136.000</ele></trkpt>
      <trkpt lat="22.3012037184" lon="114.2437758658"><ele>136.000</ele></trkpt>
      <trkpt lat="22.3012062718" lon="114.2437682235"><ele>136.000</ele></trkpt>
      <trkpt lat="22.3012102588" lon="114.2437563095"><ele>135.000</ele></trkpt>
      <trkpt lat="22.3012142279" lon="114.2437444527"><ele>135.000</ele></trkpt>
      <trkpt lat="22.3012182607" lon="114.2437324106"><ele>135.000</ele></trkpt>
      <trkpt lat="22.3012222299" lon="114.2437205442"><ele>134.000</ele></trkpt>
      <trkpt lat="22.3012262261" lon="114.2437086197"><ele>133.000</ele></trkpt>
      <trkpt lat="22.3012301961" lon="114.2436967607"><ele>133.000</ele></trkpt>
      <trkpt lat="22.3012341654" lon="114.2436848935"><ele>133.000</ele></trkpt>
      <trkpt lat="22.3012370820" lon="114.2436761769"><ele>132.000</ele></trkpt>
      <trkpt lat="22.3012383925" lon="114.2436730531"><ele>132.000</ele></trkpt>
      <trkpt lat="22.3012432020" lon="114.2436615932"><ele>132.000</ele></trkpt>
      <trkpt lat="22.3012479744" lon="114.2436502031"><ele>131.000</ele></trkpt>
      <trkpt lat="22.3012528010" lon="114.2436387160"><ele>131.000</ele></trkpt>
      <trkpt lat="22.3012576193" lon="114.2436272272"><ele>131.000</ele></trkpt>
      <trkpt lat="22.3012615879" lon="114.2436177764"><ele>131.000</ele></trkpt>
      <trkpt lat="22.3012638807" lon="114.2436123077"><ele>131.000</ele></trkpt>
      <trkpt lat="22.3012708334" lon="114.2436138203"><ele>131.000</ele></trkpt>
      <trkpt lat="22.3012830426" lon="114.2436164758"><ele>131.000</ele></trkpt>
      <trkpt lat="22.3012950877" lon="114.2436190918"><ele>131.000</ele></trkpt>
      <trkpt lat="22.3013066095" lon="114.2436216011"><ele>131.000</ele></trkpt>
      <trkpt lat="22.3013181139" lon="114.2436241009"><ele>131.000</ele></trkpt>
      <trkpt lat="22.3013287510" lon="114.2436264157"><ele>131.000</ele></trkpt>
      <trkpt lat="22.3013402550" lon="114.2436289153"><ele>131.000</ele></trkpt>
      <trkpt lat="22.3013510714" lon="114.2436312685"><ele>131.000</ele></trkpt>
      <trkpt lat="22.3013625850" lon="114.2436337780"><ele>132.000</ele></trkpt>
      <trkpt lat="22.3013740901" lon="114.2436362778"><ele>132.000</ele></trkpt>
      <trkpt lat="22.3013859201" lon="114.2436388496"><ele>133.000</ele></trkpt>
      <trkpt lat="22.3013945425" lon="114.2436449767"><ele>133.000</ele></trkpt>
      <trkpt lat="22.3014045906" lon="114.2436521144"><ele>133.000</ele></trkpt>
      <trkpt lat="22.3014143767" lon="114.2436590677"><ele>133.000</ele></trkpt>
      <trkpt lat="22.3014241653" lon="114.2436660224"><ele>134.000</ele></trkpt>
      <trkpt lat="22.3014339606" lon="114.2436729659"><ele>134.000</ele></trkpt>
      <trkpt lat="22.3014437453" lon="114.2436799179"><ele>134.000</ele></trkpt>
      <trkpt lat="22.3014534955" lon="114.2436868423"><ele>134.000</ele></trkpt>
      <trkpt lat="22.3014914447" lon="114.2437131363"><ele>133.000</ele></trkpt>
      <trkpt lat="22.3014954107" lon="114.2437158842"><ele>133.000</ele></trkpt>
      <trkpt lat="22.3014686813" lon="114.2437549922"><ele>134.000</ele></trkpt>
      <trkpt lat="22.3014649280" lon="114.2437604838"><ele>134.000</ele></trkpt>
      <trkpt lat="22.3014618207" lon="114.2438088924"><ele>134.000</ele></trkpt>
      <trkpt lat="22.3014587133" lon="114.2438573009"><ele>134.000</ele></trkpt>
      <trkpt lat="22.3014583148" lon="114.2438635101"><ele>134.000</ele></trkpt>
      <trkpt lat="22.3014565169" lon="114.2438779525"><ele>134.000</ele></trkpt>
      <trkpt lat="22.3014449843" lon="114.2439248667"><ele>134.000</ele></trkpt>
      <trkpt lat="22.3014334806" lon="114.2439716632"><ele>135.000</ele></trkpt>
      <trkpt lat="22.3014270440" lon="114.2440196913"><ele>135.000</ele></trkpt>
      <trkpt lat="22.3014247922" lon="114.2440364936"><ele>135.000</ele></trkpt>
      <trkpt lat="22.3014217219" lon="114.2440849049"><ele>135.000</ele></trkpt>
      <trkpt lat="22.3014208840" lon="114.2440981170"><ele>135.000</ele></trkpt>
      <trkpt lat="22.3014217815" lon="114.2441466310"><ele>136.000</ele></trkpt>
      <trkpt lat="22.3014223447" lon="114.2441770748"><ele>136.000</ele></trkpt>
      <trkpt lat="22.3014253281" lon="114.2442254924"><ele>136.000</ele></trkpt>
      <trkpt lat="22.3014262014" lon="114.2442396646"><ele>136.000</ele></trkpt>
      <trkpt lat="22.3014311675" lon="114.2442878938"><ele>136.000</ele></trkpt>
      <trkpt lat="22.3014342328" lon="114.2443176629"><ele>137.000</ele></trkpt>
      <trkpt lat="22.3014388014" lon="114.2443659375"><ele>137.000</ele></trkpt>
      <trkpt lat="22.3014398828" lon="114.2443773649"><ele>137.000</ele></trkpt>
      <trkpt lat="22.3014461258" lon="114.2444254225"><ele>137.000</ele></trkpt>
      <trkpt lat="22.3014523688" lon="114.2444734801"><ele>138.000</ele></trkpt>
      <trkpt lat="22.3014586117" lon="114.2445215377"><ele>138.000</ele></trkpt>
      <trkpt lat="22.3014648547" lon="114.2445695953"><ele>138.000</ele></trkpt>
      <trkpt lat="22.3014675701" lon="114.2445904984"><ele>139.000</ele></trkpt>
      <trkpt lat="22.3014734847" lon="114.2446386039"><ele>139.000</ele></trkpt>
      <trkpt lat="22.3014793992" lon="114.2446867094"><ele>139.000</ele></trkpt>
      <trkpt lat="22.3014853138" lon="114.2447348150"><ele>140.000</ele></trkpt>
      <trkpt lat="22.3014912283" lon="114.2447829205"><ele>140.000</ele></trkpt>
      <trkpt lat="22.3014971428" lon="114.2448310261"><ele>140.000</ele></trkpt>
      <trkpt lat="22.3015026936" lon="114.2448761735"><ele>140.000</ele></trkpt>
      <trkpt lat="22.3015086578" lon="114.2449242719"><ele>141.000</ele></trkpt>
      <trkpt lat="22.3015146220" lon="114.2449723704"><ele>141.000</ele></trkpt>
      <trkpt lat="22.3015205862" lon="114.2450204689"><ele>141.000</ele></trkpt>
      <trkpt lat="22.3015265504" lon="114.2450685674"><ele>141.000</ele></trkpt>
      <trkpt lat="22.3015325146" lon="114.2451166658"><ele>142.000</ele></trkpt>
      <trkpt lat="22.3015384787" lon="114.2451647643"><ele>142.000</ele></trkpt>
      <trkpt lat="22.3015443661" lon="114.2452122435"><ele>142.000</ele></trkpt>
      <trkpt lat="22.3015887408" lon="114.2452032729"><ele>142.000</ele></trkpt>
      <trkpt lat="22.3015968307" lon="114.2452016375"><ele>142.000</ele></trkpt>
      <trkpt lat="22.3016413117" lon="114.2451932970"><ele>142.000</ele></trkpt>
      <trkpt lat="22.3016532311" lon="114.2451910620"><ele>142.000</ele></trkpt>
      <trkpt lat="22.3016596168" lon="114.2451746515"><ele>142.000</ele></trkpt>
      <trkpt lat="22.3016640916" lon="114.2451631155"><ele>142.000</ele></trkpt>
      <trkpt lat="22.3016686124" lon="114.2451514895"><ele>142.000</ele></trkpt>
      <trkpt lat="22.3016730239" lon="114.2451401376"><ele>143.000</ele></trkpt>
      <trkpt lat="22.3016777340" lon="114.2451280186"><ele>143.000</ele></trkpt>
      <trkpt lat="22.3016821457" lon="114.2451166665"><ele>143.000</ele></trkpt>
      <trkpt lat="22.3016865574" lon="114.2451053141"><ele>143.000</ele></trkpt>
      <trkpt lat="22.3016909691" lon="114.2450939614"><ele>143.000</ele></trkpt>
      <trkpt lat="22.3016956792" lon="114.2450818425"><ele>143.000</ele></trkpt>
      <trkpt lat="22.3017000913" lon="114.2450704891"><ele>143.000</ele></trkpt>
      <trkpt lat="22.3017046197" lon="114.2450588480"><ele>143.000</ele></trkpt>
      <trkpt lat="22.3017090219" lon="114.2450474966"><ele>143.000</ele></trkpt>
      <trkpt lat="22.3017137328" lon="114.2450353752"><ele>144.000</ele></trkpt>
      <trkpt lat="22.3017181446" lon="114.2450240231"><ele>144.000</ele></trkpt>
      <trkpt lat="22.3017225563" lon="114.2450126707"><ele>144.000</ele></trkpt>
      <trkpt lat="22.3017269680" lon="114.2450013180"><ele>144.000</ele></trkpt>
      <trkpt lat="22.3017316780" lon="114.2449891991"><ele>144.000</ele></trkpt>
      <trkpt lat="22.3017360895" lon="114.2449778474"><ele>144.000</ele></trkpt>
      <trkpt lat="22.3017410075" lon="114.2449651851"><ele>144.000</ele></trkpt>
      <trkpt lat="22.3017454194" lon="114.2449538320"><ele>144.000</ele></trkpt>
      <trkpt lat="22.3017501294" lon="114.2449417130"><ele>144.000</ele></trkpt>
      <trkpt lat="22.3017545411" lon="114.2449303608"><ele>144.000</ele></trkpt>
      <trkpt lat="22.3017589528" lon="114.2449190084"><ele>145.000</ele></trkpt>
      <trkpt lat="22.3017633645" lon="114.2449076558"><ele>145.000</ele></trkpt>
      <trkpt lat="22.3017680746" lon="114.2448955368"><ele>145.000</ele></trkpt>
      <trkpt lat="22.3017724869" lon="114.2448841827"><ele>145.000</ele></trkpt>
      <trkpt lat="22.3017766451" lon="114.2448735010"><ele>145.000</ele></trkpt>
      <trkpt lat="22.3017801398" lon="114.2448644989"><ele>146.000</ele></trkpt>
      <trkpt lat="22.3017811255" lon="114.2448489060"><ele>146.000</ele></trkpt>
      <trkpt lat="22.3017819255" lon="114.2448363198"><ele>146.000</ele></trkpt>
      <trkpt lat="22.3017827255" lon="114.2448236356"><ele>146.000</ele></trkpt>
      <trkpt lat="22.3017835345" lon="114.2448109325"><ele>146.000</ele></trkpt>
      <trkpt lat="22.3017843345" lon="114.2447982493"><ele>146.000</ele></trkpt>
      <trkpt lat="22.3017851254" lon="114.2447858082"><ele>146.000</ele></trkpt>
      <trkpt lat="22.3017859254" lon="114.2447731240"><ele>146.000</ele></trkpt>
      <trkpt lat="22.3017867345" lon="114.2447604209"><ele>146.000</ele></trkpt>
      <trkpt lat="22.3017875345" lon="114.2447477379"><ele>147.000</ele></trkpt>
      <trkpt lat="22.3017883163" lon="114.2447354224"><ele>147.000</ele></trkpt>
      <trkpt lat="22.3017890617" lon="114.2447236323"><ele>147.000</ele></trkpt>
      <trkpt lat="22.3017898162" lon="114.2447117150"><ele>147.000</ele></trkpt>
      <trkpt lat="22.3017905162" lon="114.2447006521"><ele>147.000</ele></trkpt>
      <trkpt lat="22.3017916505" lon="114.2446827207"><ele>147.000</ele></trkpt>
      <trkpt lat="22.3018069492" lon="114.2446822841"><ele>147.000</ele></trkpt>
      <trkpt lat="22.3018168035" lon="114.2446820074"><ele>148.000</ele></trkpt>
      <trkpt lat="22.3018231210" lon="114.2446818314"><ele>148.000</ele></trkpt>
      <trkpt lat="22.3018240068" lon="114.2446739470"><ele>148.000</ele></trkpt>
      <trkpt lat="22.3018254115" lon="114.2446614295"><ele>148.000</ele></trkpt>
      <trkpt lat="22.3018268077" lon="114.2446489676"><ele>149.000</ele></trkpt>
      <trkpt lat="22.3018282127" lon="114.2446365076"><ele>149.000</ele></trkpt>
      <trkpt lat="22.3018296083" lon="114.2446240396"><ele>150.000</ele></trkpt>
      <trkpt lat="22.3018309773" lon="114.2446118388"><ele>150.000</ele></trkpt>
      <trkpt lat="22.3018323822" lon="114.2445993696"><ele>150.000</ele></trkpt>
      <trkpt lat="22.3018351741" lon="114.2445744496"><ele>151.000</ele></trkpt>
      <trkpt lat="22.3018365337" lon="114.2445623678"><ele>152.000</ele></trkpt>
      <trkpt lat="22.3018379296" lon="114.2445499069"><ele>152.000</ele></trkpt>
      <trkpt lat="22.3018393346" lon="114.2445374469"><ele>152.000</ele></trkpt>
      <trkpt lat="22.3018407303" lon="114.2445249779"><ele>153.000</ele></trkpt>
      <trkpt lat="22.3018421080" lon="114.2445127310"><ele>153.000</ele></trkpt>
      <trkpt lat="22.3018435404" lon="114.2444999405"><ele>153.000</ele></trkpt>
      <trkpt lat="22.3018450267" lon="114.2444867338"><ele>154.000</ele></trkpt>
      <trkpt lat="22.3018466130" lon="114.2444725465"><ele>154.000</ele></trkpt>
      <trkpt lat="22.3018482822" lon="114.2444577068"><ele>154.000</ele></trkpt>
      <trkpt lat="22.3018523900" lon="114.2444462276"><ele>155.000</ele></trkpt>
      <trkpt lat="22.3018566034" lon="114.2444344669"><ele>155.000</ele></trkpt>
      <trkpt lat="22.3018607890" lon="114.2444227759"><ele>155.000</ele></trkpt>
      <trkpt lat="22.3018649931" lon="114.2444110255"><ele>156.000</ele></trkpt>
      <trkpt lat="22.3018691799" lon="114.2443993314"><ele>156.000</ele></trkpt>
      <trkpt lat="22.3018735101" lon="114.2443872525"><ele>156.000</ele></trkpt>
      <trkpt lat="22.3018779400" lon="114.2443748619"><ele>157.000</ele></trkpt>
      <trkpt lat="22.3018824608" lon="114.2443622471"><ele>157.000</ele></trkpt>
      <trkpt lat="22.3018871561" lon="114.2443491249"><ele>158.000</ele></trkpt>
      <trkpt lat="22.3018865670" lon="114.2443363139"><ele>158.000</ele></trkpt>
      <trkpt lat="22.3018860031" lon="114.2443241254"><ele>158.000</ele></trkpt>
      <trkpt lat="22.3018853587" lon="114.2443101990"><ele>159.000</ele></trkpt>
      <trkpt lat="22.3018844131" lon="114.2442897832"><ele>159.000</ele></trkpt>
      <trkpt lat="22.3018988550" lon="114.2442797988"><ele>159.000</ele></trkpt>
      <trkpt lat="22.3019082242" lon="114.2442733288"><ele>159.000</ele></trkpt>
      <trkpt lat="22.3019181616" lon="114.2442664718"><ele>158.000</ele></trkpt>
      <trkpt lat="22.3019279441" lon="114.2442597222"><ele>158.000</ele></trkpt>
      <trkpt lat="22.3019384055" lon="114.2442525001"><ele>158.000</ele></trkpt>
      <trkpt lat="22.3019470452" lon="114.2442439813"><ele>158.000</ele></trkpt>
      <trkpt lat="22.3019557364" lon="114.2442354159"><ele>157.000</ele></trkpt>
      <trkpt lat="22.3019644534" lon="114.2442268229"><ele>157.000</ele></trkpt>
      <trkpt lat="22.3019729366" lon="114.2442184518"><ele>157.000</ele></trkpt>
      <trkpt lat="22.3019812127" lon="114.2442102931"><ele>156.000</ele></trkpt>
      <trkpt lat="22.3019899399" lon="114.2442016891"><ele>156.000</ele></trkpt>
      <trkpt lat="22.3019962269" lon="114.2441954918"><ele>156.000</ele></trkpt>
      <trkpt lat="22.3019986844" lon="114.2441930665"><ele>156.000</ele></trkpt>
      <trkpt lat="22.3020071593" lon="114.2441847143"><ele>156.000</ele></trkpt>
      <trkpt lat="22.3020155790" lon="114.2441764113"><ele>155.000</ele></trkpt>
      <trkpt lat="22.3020235392" lon="114.2441685630"><ele>155.000</ele></trkpt>
      <trkpt lat="22.3020309870" lon="114.2441612264"><ele>155.000</ele></trkpt>
      <trkpt lat="22.3020428659" lon="114.2441567446"><ele>154.000</ele></trkpt>
      <trkpt lat="22.3020550422" lon="114.2441521501"><ele>153.000</ele></trkpt>
      <trkpt lat="22.3020653848" lon="114.2441482533"><ele>153.000</ele></trkpt>
      <trkpt lat="22.3020771614" lon="114.2441438146"><ele>152.000</ele></trkpt>
      <trkpt lat="22.3020786086" lon="114.2441432687"><ele>152.000</ele></trkpt>
      <trkpt lat="22.3020860878" lon="114.2441365944"><ele>152.000</ele></trkpt>
      <trkpt lat="22.3020951127" lon="114.2441285341"><ele>151.000</ele></trkpt>
      <trkpt lat="22.3021038858" lon="114.2441207056"><ele>151.000</ele></trkpt>
      <trkpt lat="22.3021162786" lon="114.2441096488"><ele>151.000</ele></trkpt>
      <trkpt lat="22.3020926100" lon="114.2440683257"><ele>152.000</ele></trkpt>
      <trkpt lat="22.3020748461" lon="114.2440373119"><ele>152.000</ele></trkpt>
      <trkpt lat="22.3020798289" lon="114.2440234370"><ele>152.000</ele></trkpt>
      <trkpt lat="22.3020815843" lon="114.2439954139"><ele>152.000</ele></trkpt>
      <trkpt lat="22.3020816295" lon="114.2439952004"><ele>152.000</ele></trkpt>
      <trkpt lat="22.3020818919" lon="114.2439938904"><ele>152.000</ele></trkpt>
      <trkpt lat="22.3020819080" lon="114.2439938149"><ele>152.000</ele></trkpt>
      <trkpt lat="22.3020819684" lon="114.2439935767"><ele>152.000</ele></trkpt>
      <trkpt lat="22.3020820367" lon="114.2439932402"><ele>152.000</ele></trkpt>
      <trkpt lat="22.3020820528" lon="114.2439931648"><ele>152.000</ele></trkpt>
      <trkpt lat="22.3020821674" lon="114.2439927131"><ele>152.000</ele></trkpt>
      <trkpt lat="22.3020822127" lon="114.2439924899"><ele>152.000</ele></trkpt>
      <trkpt lat="22.3020823694" lon="114.2439918742"><ele>152.000</ele></trkpt>
      <trkpt lat="22.3020824146" lon="114.2439916607"><ele>152.000</ele></trkpt>
      <trkpt lat="22.3020824669" lon="114.2439914550"><ele>152.000</ele></trkpt>
      <trkpt lat="22.3020825385" lon="114.2439912129"><ele>152.000</ele></trkpt>
      <trkpt lat="22.3020826195" lon="114.2439908800"><ele>152.000</ele></trkpt>
      <trkpt lat="22.3020826387" lon="114.2439908048"><ele>152.000</ele></trkpt>
      <trkpt lat="22.3020827020" lon="114.2439905914"><ele>152.000</ele></trkpt>
      <trkpt lat="22.3020827563" lon="114.2439903779"><ele>152.000</ele></trkpt>
      <trkpt lat="22.3020828103" lon="114.2439901957"><ele>152.000</ele></trkpt>
      <trkpt lat="22.3020828646" lon="114.2439899919"><ele>152.000</ele></trkpt>
      <trkpt lat="22.3020830005" lon="114.2439895337"><ele>152.000</ele></trkpt>
      <trkpt lat="22.3020830547" lon="114.2439893202"><ele>152.000</ele></trkpt>
      <trkpt lat="22.3020832021" lon="114.2439888232"><ele>152.000</ele></trkpt>
      <trkpt lat="22.3020832329" lon="114.2439887242"><ele>152.000</ele></trkpt>
      <trkpt lat="22.3020833170" lon="114.2439884758"><ele>152.000</ele></trkpt>
      <trkpt lat="22.3020834644" lon="114.2439879790"><ele>152.000</ele></trkpt>
      <trkpt lat="22.3020834951" lon="114.2439878800"><ele>152.000</ele></trkpt>
      <trkpt lat="22.3020835792" lon="114.2439876316"><ele>152.000</ele></trkpt>
      <trkpt lat="22.3020837266" lon="114.2439871348"><ele>152.000</ele></trkpt>
      <trkpt lat="22.3020837574" lon="114.2439870358"><ele>152.000</ele></trkpt>
      <trkpt lat="22.3020838414" lon="114.2439867874"><ele>152.000</ele></trkpt>
      <trkpt lat="22.3020839888" lon="114.2439862906"><ele>152.000</ele></trkpt>
      <trkpt lat="22.3020840196" lon="114.2439861916"><ele>152.000</ele></trkpt>
      <trkpt lat="22.3020841037" lon="114.2439859432"><ele>152.000</ele></trkpt>
      <trkpt lat="22.3020842511" lon="114.2439854464"><ele>152.000</ele></trkpt>
      <trkpt lat="22.3020843144" lon="114.2439852426"><ele>152.000</ele></trkpt>
      <trkpt lat="22.3020843569" lon="114.2439850990"><ele>152.000</ele></trkpt>
      <trkpt lat="22.3020844292" lon="114.2439848855"><ele>152.000</ele></trkpt>
      <trkpt lat="22.3020845133" lon="114.2439846022"><ele>152.000</ele></trkpt>
      <trkpt lat="22.3020845766" lon="114.2439843984"><ele>152.000</ele></trkpt>
      <trkpt lat="22.3020846824" lon="114.2439840413"><ele>152.000</ele></trkpt>
      <trkpt lat="22.3020847548" lon="114.2439838279"><ele>152.000</ele></trkpt>
      <trkpt lat="22.3020848389" lon="114.2439835445"><ele>152.000</ele></trkpt>
      <trkpt lat="22.3020849022" lon="114.2439833408"><ele>152.000</ele></trkpt>
      <trkpt lat="22.3020850080" lon="114.2439829837"><ele>152.000</ele></trkpt>
      <trkpt lat="22.3020850685" lon="114.2439828051"><ele>152.000</ele></trkpt>
      <trkpt lat="22.3020851644" lon="114.2439824966"><ele>152.000</ele></trkpt>
      <trkpt lat="22.3020853543" lon="114.2439818562"><ele>152.000</ele></trkpt>
      <trkpt lat="22.3020853850" lon="114.2439817572"><ele>152.000</ele></trkpt>
      <trkpt lat="22.3020854691" lon="114.2439815088"><ele>152.000</ele></trkpt>
      <trkpt lat="22.3020856165" lon="114.2439810120"><ele>152.000</ele></trkpt>
      <trkpt lat="22.3020856798" lon="114.2439808082"><ele>152.000</ele></trkpt>
      <trkpt lat="22.3020857856" lon="114.2439804511"><ele>152.000</ele></trkpt>
      <trkpt lat="22.3020858580" lon="114.2439802376"><ele>152.000</ele></trkpt>
      <trkpt lat="22.3020859421" lon="114.2439799543"><ele>152.000</ele></trkpt>
      <trkpt lat="22.3020860054" lon="114.2439797505"><ele>152.000</ele></trkpt>
      <trkpt lat="22.3020861630" lon="114.2439792195"><ele>152.000</ele></trkpt>
      <trkpt lat="22.3020862353" lon="114.2439790157"><ele>152.000</ele></trkpt>
      <trkpt lat="22.3020865208" lon="114.2439780524"><ele>152.000</ele></trkpt>
      <trkpt lat="22.3020865841" lon="114.2439778487"><ele>152.000</ele></trkpt>
      <trkpt lat="22.3020866899" lon="114.2439774916"><ele>152.000</ele></trkpt>
      <trkpt lat="22.3020867505" lon="114.2439773131"><ele>152.000</ele></trkpt>
      <trkpt lat="22.3020868464" lon="114.2439770045"><ele>152.000</ele></trkpt>
      <trkpt lat="22.3020870996" lon="114.2439761506"><ele>152.000</ele></trkpt>
      <trkpt lat="22.3020871629" lon="114.2439759468"><ele>152.000</ele></trkpt>
      <trkpt lat="22.3020872054" lon="114.2439758032"><ele>152.000</ele></trkpt>
      <trkpt lat="22.3020872777" lon="114.2439755897"><ele>152.000</ele></trkpt>
      <trkpt lat="22.3020874251" lon="114.2439750929"><ele>152.000</ele></trkpt>
      <trkpt lat="22.3020874884" lon="114.2439748892"><ele>152.000</ele></trkpt>
      <trkpt lat="22.3020877416" lon="114.2439740353"><ele>152.000</ele></trkpt>
      <trkpt lat="22.3020878049" lon="114.2439738315"><ele>152.000</ele></trkpt>
      <trkpt lat="22.3020879107" lon="114.2439734744"><ele>152.000</ele></trkpt>
      <trkpt lat="22.3020879831" lon="114.2439732609"><ele>152.000</ele></trkpt>
      <trkpt lat="22.3020880672" lon="114.2439729776"><ele>152.000</ele></trkpt>
      <trkpt lat="22.3020881305" lon="114.2439727738"><ele>152.000</ele></trkpt>
      <trkpt lat="22.3020883837" lon="114.2439719199"><ele>152.000</ele></trkpt>
      <trkpt lat="22.3020884470" lon="114.2439717162"><ele>152.000</ele></trkpt>
      <trkpt lat="22.3020887002" lon="114.2439708623"><ele>152.000</ele></trkpt>
      <trkpt lat="22.3020887635" lon="114.2439706585"><ele>152.000</ele></trkpt>
      <trkpt lat="22.3020888060" lon="114.2439705149"><ele>152.000</ele></trkpt>
      <trkpt lat="22.3020888783" lon="114.2439703014"><ele>152.000</ele></trkpt>
      <trkpt lat="22.3020890257" lon="114.2439698046"><ele>152.000</ele></trkpt>
      <trkpt lat="22.3020890890" lon="114.2439696008"><ele>152.000</ele></trkpt>
      <trkpt lat="22.3020893422" lon="114.2439687469"><ele>152.000</ele></trkpt>
      <trkpt lat="22.3020894055" lon="114.2439685432"><ele>152.000</ele></trkpt>
      <trkpt lat="22.3020897220" lon="114.2439674758"><ele>153.000</ele></trkpt>
      <trkpt lat="22.3020897853" lon="114.2439672720"><ele>153.000</ele></trkpt>
      <trkpt lat="22.3020900385" lon="114.2439664181"><ele>153.000</ele></trkpt>
      <trkpt lat="22.3020901018" lon="114.2439662143"><ele>153.000</ele></trkpt>
      <trkpt lat="22.3020904184" lon="114.2439651470"><ele>153.000</ele></trkpt>
      <trkpt lat="22.3020904817" lon="114.2439649432"><ele>153.000</ele></trkpt>
      <trkpt lat="22.3020907982" lon="114.2439638758"><ele>153.000</ele></trkpt>
      <trkpt lat="22.3020908615" lon="114.2439636721"><ele>153.000</ele></trkpt>
      <trkpt lat="22.3020911780" lon="114.2439626047"><ele>153.000</ele></trkpt>
      <trkpt lat="22.3020912413" lon="114.2439624009"><ele>153.000</ele></trkpt>
      <trkpt lat="22.3020915578" lon="114.2439613335"><ele>153.000</ele></trkpt>
      <trkpt lat="22.3020916545" lon="114.2439610223"><ele>153.000</ele></trkpt>
      <trkpt lat="22.3020917179" lon="114.2439607729"><ele>153.000</ele></trkpt>
      <trkpt lat="22.3020919286" lon="114.2439600624"><ele>153.000</ele></trkpt>
      <trkpt lat="22.3020919919" lon="114.2439598586"><ele>153.000</ele></trkpt>
      <trkpt lat="22.3020923717" lon="114.2439585778"><ele>153.000</ele></trkpt>
      <trkpt lat="22.3020924350" lon="114.2439583740"><ele>153.000</ele></trkpt>
      <trkpt lat="22.3020926041" lon="114.2439578037"><ele>153.000</ele></trkpt>
      <trkpt lat="22.3020926584" lon="114.2439575902"><ele>153.000</ele></trkpt>
      <trkpt lat="22.3020927425" lon="114.2439573066"><ele>153.000</ele></trkpt>
      <trkpt lat="22.3020928058" lon="114.2439571029"><ele>153.000</ele></trkpt>
      <trkpt lat="22.3020932188" lon="114.2439557099"><ele>153.000</ele></trkpt>
      <trkpt lat="22.3020932731" lon="114.2439555062"><ele>153.000</ele></trkpt>
      <trkpt lat="22.3020936197" lon="114.2439543374"><ele>153.000</ele></trkpt>
      <trkpt lat="22.3020937164" lon="114.2439540261"><ele>153.000</ele></trkpt>
      <trkpt lat="22.3020937797" lon="114.2439537768"><ele>153.000</ele></trkpt>
      <trkpt lat="22.3020941171" lon="114.2439526393"><ele>153.000</ele></trkpt>
      <trkpt lat="22.3020942138" lon="114.2439523281"><ele>153.000</ele></trkpt>
      <trkpt lat="22.3020942771" lon="114.2439520787"><ele>153.000</ele></trkpt>
      <trkpt lat="22.3020946477" lon="114.2439508291"><ele>153.000</ele></trkpt>
      <trkpt lat="22.3020947019" lon="114.2439506253"><ele>153.000</ele></trkpt>
      <trkpt lat="22.3020949644" lon="114.2439497402"><ele>153.000</ele></trkpt>
      <trkpt lat="22.3020950187" lon="114.2439495267"><ele>153.000</ele></trkpt>
      <trkpt lat="22.3020951028" lon="114.2439492431"><ele>153.000</ele></trkpt>
      <trkpt lat="22.3020951661" lon="114.2439490393"><ele>153.000</ele></trkpt>
      <trkpt lat="22.3020953352" lon="114.2439484690"><ele>153.000</ele></trkpt>
      <trkpt lat="22.3020954173" lon="114.2439481461"><ele>153.000</ele></trkpt>
      <trkpt lat="22.3021061248" lon="114.2439182957"><ele>154.000</ele></trkpt>
      <trkpt lat="22.3021222826" lon="114.2438927510"><ele>154.000</ele></trkpt>
      <trkpt lat="22.3021462441" lon="114.2438763631"><ele>156.000</ele></trkpt>
      <trkpt lat="22.3021610436" lon="114.2438739546"><ele>156.000</ele></trkpt>
      <trkpt lat="22.3022061905" lon="114.2438731538"><ele>156.000</ele></trkpt>
      <trkpt lat="22.3022513374" lon="114.2438723530"><ele>158.000</ele></trkpt>
      <trkpt lat="22.3022751092" lon="114.2438719313"><ele>158.000</ele></trkpt>
      <trkpt lat="22.3023002405" lon="114.2438760979"><ele>159.000</ele></trkpt>
      <trkpt lat="22.3023409724" lon="114.2438970387"><ele>161.000</ele></trkpt>
      <trkpt lat="22.3023446987" lon="114.2438989545"><ele>161.000</ele></trkpt>
      <trkpt lat="22.3023850785" lon="114.2439206686"><ele>162.000</ele></trkpt>
      <trkpt lat="22.3023968831" lon="114.2439270165"><ele>163.000</ele></trkpt>
      <trkpt lat="22.3024412637" lon="114.2439180792"><ele>165.000</ele></trkpt>
      <trkpt lat="22.3024612250" lon="114.2439140593"><ele>166.000</ele></trkpt>
      <trkpt lat="22.3024865641" lon="114.2439144730"><ele>167.000</ele></trkpt>
      <trkpt lat="22.3025304657" lon="114.2439031284"><ele>169.000</ele></trkpt>
      <trkpt lat="22.3025381251" lon="114.2439011491"><ele>169.000</ele></trkpt>
      <trkpt lat="22.3025662466" lon="114.2438885771"><ele>170.000</ele></trkpt>
      <trkpt lat="22.3026102331" lon="114.2438776183"><ele>172.000</ele></trkpt>
      <trkpt lat="22.3026464591" lon="114.2438685929"><ele>173.000</ele></trkpt>
      <trkpt lat="22.3026902681" lon="114.2438803440"><ele>175.000</ele></trkpt>
      <trkpt lat="22.3026920315" lon="114.2438808170"><ele>175.000</ele></trkpt>
      <trkpt lat="22.3026995122" lon="114.2438745297"><ele>175.000</ele></trkpt>
      <trkpt lat="22.3026778666" lon="114.2438319447"><ele>177.000</ele></trkpt>
      <trkpt lat="22.3026562209" lon="114.2437893598"><ele>180.000</ele></trkpt>
      <trkpt lat="22.3026477409" lon="114.2437726763"><ele>180.000</ele></trkpt>
      <trkpt lat="22.3026566169" lon="114.2437631461"><ele>181.000</ele></trkpt>
      <trkpt lat="22.3027017661" lon="114.2437625108"><ele>182.000</ele></trkpt>
      <trkpt lat="22.3027469153" lon="114.2437618755"><ele>184.000</ele></trkpt>
      <trkpt lat="22.3027614862" lon="114.2437616704"><ele>185.000</ele></trkpt>
      <trkpt lat="22.3027859754" lon="114.2437567242"><ele>186.000</ele></trkpt>
      <trkpt lat="22.3027879417" lon="114.2437218288"><ele>187.000</ele></trkpt>
      <trkpt lat="22.3028317954" lon="114.2437333860"><ele>189.000</ele></trkpt>
      <trkpt lat="22.3028621716" lon="114.2437413914"><ele>191.000</ele></trkpt>
      <trkpt lat="22.3028852002" lon="114.2436996526"><ele>194.000</ele></trkpt>
      <trkpt lat="22.3029082289" lon="114.2436579138"><ele>196.000</ele></trkpt>
      <trkpt lat="22.3029228484" lon="114.2436314161"><ele>197.000</ele></trkpt>
      <trkpt lat="22.3029470297" lon="114.2435940543"><ele>199.000</ele></trkpt>
      <trkpt lat="22.3029890371" lon="114.2435762598"><ele>201.000</ele></trkpt>
      <trkpt lat="22.3029922389" lon="114.2435749034"><ele>201.000</ele></trkpt>
      <trkpt lat="22.3030337583" lon="114.2435810253"><ele>203.000</ele></trkpt>
      <trkpt lat="22.3030649905" lon="114.2435753194"><ele>204.000</ele></trkpt>
      <trkpt lat="22.3030952179" lon="114.2435392727"><ele>205.000</ele></trkpt>
      <trkpt lat="22.3031083079" lon="114.2435236627"><ele>205.000</ele></trkpt>
      <trkpt lat="22.3031241023" lon="114.2435183308"><ele>206.000</ele></trkpt>
      <trkpt lat="22.3031400680" lon="114.2435215803"><ele>207.000</ele></trkpt>
      <trkpt lat="22.3031475241" lon="114.2435200583"><ele>207.000</ele></trkpt>
      <trkpt lat="22.3031794762" lon="114.2434903257"><ele>208.000</ele></trkpt>
      <trkpt lat="22.3032128401" lon="114.2434786785"><ele>211.000</ele></trkpt>
      <trkpt lat="22.3032327241" lon="114.2434533568"><ele>211.000</ele></trkpt>
      <trkpt lat="22.3032721878" lon="114.2434353890"><ele>212.000</ele></trkpt>
      <trkpt lat="22.3032854304" lon="114.2434394614"><ele>212.000</ele></trkpt>
      <trkpt lat="22.3032951837" lon="114.2434543659"><ele>213.000</ele></trkpt>
      <trkpt lat="22.3033044069" lon="114.2434636881"><ele>214.000</ele></trkpt>
      <trkpt lat="22.3033461037" lon="114.2434690473"><ele>216.000</ele></trkpt>
      <trkpt lat="22.3033741418" lon="114.2434689866"><ele>217.000</ele></trkpt>
      <trkpt lat="22.3034009389" lon="114.2434576317"><ele>218.000</ele></trkpt>
      <trkpt lat="22.3034167300" lon="114.2434593555"><ele>219.000</ele></trkpt>
      <trkpt lat="22.3034490097" lon="114.2434708124"><ele>221.000</ele></trkpt>
      <trkpt lat="22.3034768799" lon="114.2434687640"><ele>222.000</ele></trkpt>
      <trkpt lat="22.3035118476" lon="114.2434395687"><ele>222.000</ele></trkpt>
      <trkpt lat="22.3035541292" lon="114.2434225407"><ele>223.000</ele></trkpt>
      <trkpt lat="22.3035707683" lon="114.2434158396"><ele>224.000</ele></trkpt>
      <trkpt lat="22.3036088149" lon="114.2433897086"><ele>225.000</ele></trkpt>
      <trkpt lat="22.3036146127" lon="114.2433857266"><ele>226.000</ele></trkpt>
      <trkpt lat="22.3036466002" lon="114.2433514787"><ele>227.000</ele></trkpt>
      <trkpt lat="22.3036785877" lon="114.2433172308"><ele>229.000</ele></trkpt>
      <trkpt lat="22.3037105751" lon="114.2432829828"><ele>230.000</ele></trkpt>
      <trkpt lat="22.3037194951" lon="114.2432734325"><ele>230.000</ele></trkpt>
      <trkpt lat="22.3037584750" lon="114.2432489415"><ele>231.000</ele></trkpt>
      <trkpt lat="22.3037634222" lon="114.2432458332"><ele>231.000</ele></trkpt>
      <trkpt lat="22.3037631783" lon="114.2432459787"><ele>231.000</ele></trkpt>
      <trkpt lat="22.3037634222" lon="114.2432458332"><ele>231.000</ele></trkpt>
      <trkpt lat="22.3037843873" lon="114.2432334694"><ele>231.000</ele></trkpt>
      <trkpt lat="22.3038051543" lon="114.2432198730"><ele>232.000</ele></trkpt>
      <trkpt lat="22.3038128686" lon="114.2432145292"><ele>232.000</ele></trkpt>
      <trkpt lat="22.3038167710" lon="114.2432115031"><ele>232.000</ele></trkpt>
      <trkpt lat="22.3038225432" lon="114.2432074686"><ele>232.000</ele></trkpt>
      <trkpt lat="22.3038285230" lon="114.2432038030"><ele>232.000</ele></trkpt>
      <trkpt lat="22.3038346832" lon="114.2432005160"><ele>232.000</ele></trkpt>
      <trkpt lat="22.3038453773" lon="114.2431960665"><ele>233.000</ele></trkpt>
      <trkpt lat="22.3038617259" lon="114.2431883297"><ele>233.000</ele></trkpt>
      <trkpt lat="22.3038653574" lon="114.2431853229"><ele>233.000</ele></trkpt>
      <trkpt lat="22.3038703173" lon="114.2431802011"><ele>233.000</ele></trkpt>
      <trkpt lat="22.3038718533" lon="114.2431781929"><ele>233.000</ele></trkpt>
      <trkpt lat="22.3038758018" lon="114.2431730220"><ele>234.000</ele></trkpt>
      <trkpt lat="22.3038774551" lon="114.2431713148"><ele>234.000</ele></trkpt>
      <trkpt lat="22.3038811679" lon="114.2431684342"><ele>234.000</ele></trkpt>
      <trkpt lat="22.3038853047" lon="114.2431663301"><ele>234.000</ele></trkpt>
      <trkpt lat="22.3038874995" lon="114.2431655936"><ele>234.000</ele></trkpt>
      <trkpt lat="22.3039192400" lon="114.2431484795"><ele>234.000</ele></trkpt>
      <trkpt lat="22.3039254995" lon="114.2431453866"><ele>234.000</ele></trkpt>
      <trkpt lat="22.3039328252" lon="114.2431407220"><ele>234.000</ele></trkpt>
      <trkpt lat="22.3039421469" lon="114.2431355731"><ele>234.000</ele></trkpt>
      <trkpt lat="22.3039496624" lon="114.2431307436"><ele>235.000</ele></trkpt>
      <trkpt lat="22.3039751167" lon="114.2431159071"><ele>236.000</ele></trkpt>
      <trkpt lat="22.3039812137" lon="114.2431124841"><ele>236.000</ele></trkpt>
      <trkpt lat="22.3039853687" lon="114.2431104092"><ele>236.000</ele></trkpt>
      <trkpt lat="22.3039917364" lon="114.2431075881"><ele>236.000</ele></trkpt>
      <trkpt lat="22.3040035773" lon="114.2431032847"><ele>236.000</ele></trkpt>
      <trkpt lat="22.3040280871" lon="114.2430809275"><ele>237.000</ele></trkpt>
      <trkpt lat="22.3040552635" lon="114.2430873596"><ele>237.000</ele></trkpt>
      <trkpt lat="22.3040660133" lon="114.2430928213"><ele>238.000</ele></trkpt>
      <trkpt lat="22.3041110191" lon="114.2430889059"><ele>239.000</ele></trkpt>
      <trkpt lat="22.3041430726" lon="114.2430861173"><ele>239.000</ele></trkpt>
      <trkpt lat="22.3041629998" lon="114.2430756624"><ele>240.000</ele></trkpt>
      <trkpt lat="22.3042035756" lon="114.2430543742"><ele>240.000</ele></trkpt>
      <trkpt lat="22.3042162075" lon="114.2430477468"><ele>240.000</ele></trkpt>
      <trkpt lat="22.3042205970" lon="114.2430463222"><ele>240.000</ele></trkpt>
      <trkpt lat="22.3042278858" lon="114.2430435695"><ele>240.000</ele></trkpt>
      <trkpt lat="22.3042281929" lon="114.2430434532"><ele>240.000</ele></trkpt>
      <trkpt lat="22.3042459706" lon="114.2430338993"><ele>240.000</ele></trkpt>
      <trkpt lat="22.3042609757" lon="114.2430276299"><ele>239.000</ele></trkpt>
      <trkpt lat="22.3042777787" lon="114.2430233677"><ele>238.000</ele></trkpt>
      <trkpt lat="22.3042993157" lon="114.2430229139"><ele>237.000</ele></trkpt>
      <trkpt lat="22.3042986049" lon="114.2430016319"><ele>237.000</ele></trkpt>
      <trkpt lat="22.3042985146" lon="114.2429966846"><ele>237.000</ele></trkpt>
      <trkpt lat="22.3043075815" lon="114.2429963300"><ele>237.000</ele></trkpt>
      <trkpt lat="22.3043422492" lon="114.2429865980"><ele>235.000</ele></trkpt>
      <trkpt lat="22.3043649939" lon="114.2429750455"><ele>233.000</ele></trkpt>
      <trkpt lat="22.3043837427" lon="114.2429608585"><ele>232.000</ele></trkpt>
      <trkpt lat="22.3043960564" lon="114.2429447366"><ele>231.000</ele></trkpt>
      <trkpt lat="22.3044061075" lon="114.2429279375"><ele>230.000</ele></trkpt>
      <trkpt lat="22.3044149606" lon="114.2429194159"><ele>229.000</ele></trkpt>
      <trkpt lat="22.3044481830" lon="114.2428911443"><ele>227.000</ele></trkpt>
      <trkpt lat="22.3044811305" lon="114.2428579640"><ele>225.000</ele></trkpt>
      <trkpt lat="22.3045026091" lon="114.2428363336"><ele>224.000</ele></trkpt>
      <trkpt lat="22.3045028530" lon="114.2428361008"><ele>224.000</ele></trkpt>
      <trkpt lat="22.3045047592" lon="114.2428343063"><ele>224.000</ele></trkpt>
      <trkpt lat="22.3045102065" lon="114.2428297864"><ele>224.000</ele></trkpt>
      <trkpt lat="22.3045139824" lon="114.2428269834"><ele>224.000</ele></trkpt>
      <trkpt lat="22.3045176046" lon="114.2428249083"><ele>224.000</ele></trkpt>
      <trkpt lat="22.3045197725" lon="114.2428234341"><ele>224.000</ele></trkpt>
      <trkpt lat="22.3045250030" lon="114.2428191082"><ele>224.000</ele></trkpt>
      <trkpt lat="22.3045321209" lon="114.2428146473"><ele>224.000</ele></trkpt>
      <trkpt lat="22.3045396457" lon="114.2428090122"><ele>224.000</ele></trkpt>
      <trkpt lat="22.3045449847" lon="114.2428043467"><ele>224.000</ele></trkpt>
      <trkpt lat="22.3045548493" lon="114.2427965194"><ele>224.000</ele></trkpt>
      <trkpt lat="22.3045657710" lon="114.2427875183"><ele>224.000</ele></trkpt>
      <trkpt lat="22.3045711731" lon="114.2427829401"><ele>225.000</ele></trkpt>
      <trkpt lat="22.3045780751" lon="114.2427765575"><ele>225.000</ele></trkpt>
      <trkpt lat="22.3045854104" lon="114.2427706410"><ele>226.000</ele></trkpt>
      <trkpt lat="22.3045950668" lon="114.2427639879"><ele>226.000</ele></trkpt>
      <trkpt lat="22.3045987248" lon="114.2427624562"><ele>226.000</ele></trkpt>
      <trkpt lat="22.3046030962" lon="114.2427609637"><ele>226.000</ele></trkpt>
      <trkpt lat="22.3046098066" lon="114.2427593462"><ele>226.000</ele></trkpt>
      <trkpt lat="22.3046166431" lon="114.2427584856"><ele>226.000</ele></trkpt>
      <trkpt lat="22.3046191808" lon="114.2427584189"><ele>226.000</ele></trkpt>
      <trkpt lat="22.3046297286" lon="114.2427581327"><ele>226.000</ele></trkpt>
      <trkpt lat="22.3046434730" lon="114.2427586632"><ele>226.000</ele></trkpt>
      <trkpt lat="22.3046489096" lon="114.2427582679"><ele>226.000</ele></trkpt>
      <trkpt lat="22.3046527478" lon="114.2427577747"><ele>226.000</ele></trkpt>
      <trkpt lat="22.3046554481" lon="114.2427574363"><ele>227.000</ele></trkpt>
      <trkpt lat="22.3046867460" lon="114.2427627014"><ele>227.000</ele></trkpt>
      <trkpt lat="22.3047058003" lon="114.2427634382"><ele>228.000</ele></trkpt>
      <trkpt lat="22.3047254348" lon="114.2427586240"><ele>228.000</ele></trkpt>
      <trkpt lat="22.3047434712" lon="114.2427530910"><ele>229.000</ele></trkpt>
      <trkpt lat="22.3047669174" lon="114.2427461921"><ele>230.000</ele></trkpt>
      <trkpt lat="22.3047735467" lon="114.2427442445"><ele>230.000</ele></trkpt>
      <trkpt lat="22.3047918613" lon="114.2427428458"><ele>231.000</ele></trkpt>
      <trkpt lat="22.3048078274" lon="114.2427430086"><ele>232.000</ele></trkpt>
      <trkpt lat="22.3048274639" lon="114.2427331479"><ele>232.000</ele></trkpt>
      <trkpt lat="22.3048573878" lon="114.2427195459"><ele>233.000</ele></trkpt>
      <trkpt lat="22.3048639630" lon="114.2427173750"><ele>233.000</ele></trkpt>
      <trkpt lat="22.3048707005" lon="114.2427158642"><ele>233.000</ele></trkpt>
      <trkpt lat="22.3048821155" lon="114.2427148603"><ele>233.000</ele></trkpt>
      <trkpt lat="22.3049043030" lon="114.2427166661"><ele>234.000</ele></trkpt>
      <trkpt lat="22.3049180478" lon="114.2427162455"><ele>234.000</ele></trkpt>
      <trkpt lat="22.3049481759" lon="114.2427112810"><ele>235.000</ele></trkpt>
      <trkpt lat="22.3049706731" lon="114.2427065167"><ele>235.000</ele></trkpt>
      <trkpt lat="22.3050039552" lon="114.2426957307"><ele>237.000</ele></trkpt>
      <trkpt lat="22.3050421609" lon="114.2426805409"><ele>238.000</ele></trkpt>
      <trkpt lat="22.3050741248" lon="114.2426691720"><ele>240.000</ele></trkpt>
      <trkpt lat="22.3050822452" lon="114.2426646047"><ele>240.000</ele></trkpt>
      <trkpt lat="22.3050878729" lon="114.2426603566"><ele>240.000</ele></trkpt>
      <trkpt lat="22.3050930224" lon="114.2426554483"><ele>240.000</ele></trkpt>
      <trkpt lat="22.3051032385" lon="114.2426492031"><ele>241.000</ele></trkpt>
      <trkpt lat="22.3051330628" lon="114.2426362803"><ele>242.000</ele></trkpt>
      <trkpt lat="22.3051475239" lon="114.2426287851"><ele>243.000</ele></trkpt>
      <trkpt lat="22.3051578665" lon="114.2426224720"><ele>243.000</ele></trkpt>
      <trkpt lat="22.3051692742" lon="114.2426174890"><ele>244.000</ele></trkpt>
      <trkpt lat="22.3051780982" lon="114.2426148049"><ele>244.000</ele></trkpt>
      <trkpt lat="22.3052107824" lon="114.2426085702"><ele>245.000</ele></trkpt>
      <trkpt lat="22.3052306339" lon="114.2426032903"><ele>246.000</ele></trkpt>
      <trkpt lat="22.3052486424" lon="114.2425995137"><ele>246.000</ele></trkpt>
      <trkpt lat="22.3052696416" lon="114.2425920604"><ele>247.000</ele></trkpt>
      <trkpt lat="22.3052889432" lon="114.2425841987"><ele>248.000</ele></trkpt>
      <trkpt lat="22.3052992944" lon="114.2425789046"><ele>248.000</ele></trkpt>
      <trkpt lat="22.3053072163" lon="114.2425739297"><ele>248.000</ele></trkpt>
      <trkpt lat="22.3053147591" lon="114.2425683237"><ele>249.000</ele></trkpt>
      <trkpt lat="22.3053270980" lon="114.2425607305"><ele>249.000</ele></trkpt>
      <trkpt lat="22.3053421656" lon="114.2425494895"><ele>249.000</ele></trkpt>
      <trkpt lat="22.3053775002" lon="114.2425192786"><ele>250.000</ele></trkpt>
      <trkpt lat="22.3053811461" lon="114.2425161613"><ele>250.000</ele></trkpt>
      <trkpt lat="22.3054011030" lon="114.2424957805"><ele>250.000</ele></trkpt>
      <trkpt lat="22.3054061893" lon="114.2424908042"><ele>250.000</ele></trkpt>
      <trkpt lat="22.3054084746" lon="114.2424892039"><ele>251.000</ele></trkpt>
      <trkpt lat="22.3054146890" lon="114.2424860624"><ele>251.000</ele></trkpt>
      <trkpt lat="22.3054213633" lon="114.2424842992"><ele>251.000</ele></trkpt>
      <trkpt lat="22.3054259329" lon="114.2424839326"><ele>251.000</ele></trkpt>
      <trkpt lat="22.3054381060" lon="114.2424844526"><ele>252.000</ele></trkpt>
      <trkpt lat="22.3054426577" lon="114.2424838628"><ele>252.000</ele></trkpt>
      <trkpt lat="22.3054492057" lon="114.2424816337"><ele>252.000</ele></trkpt>
      <trkpt lat="22.3054532343" lon="114.2424792966"><ele>252.000</ele></trkpt>
      <trkpt lat="22.3054649509" lon="114.2424697039"><ele>253.000</ele></trkpt>
      <trkpt lat="22.3054787377" lon="114.2424546870"><ele>253.000</ele></trkpt>
      <trkpt lat="22.3054900047" lon="114.2424401541"><ele>254.000</ele></trkpt>
      <trkpt lat="22.3054938531" lon="114.2424368174"><ele>254.000</ele></trkpt>
      <trkpt lat="22.3054978276" lon="114.2424343542"><ele>254.000</ele></trkpt>
      <trkpt lat="22.3055043035" lon="114.2424319116"><ele>254.000</ele></trkpt>
      <trkpt lat="22.3055211195" lon="114.2424295514"><ele>255.000</ele></trkpt>
      <trkpt lat="22.3055313881" lon="114.2424274599"><ele>255.000</ele></trkpt>
      <trkpt lat="22.3055379903" lon="114.2424254152"><ele>255.000</ele></trkpt>
      <trkpt lat="22.3055442859" lon="114.2424224290"><ele>255.000</ele></trkpt>
      <trkpt lat="22.3055482423" lon="114.2424199464"><ele>255.000</ele></trkpt>
      <trkpt lat="22.3055630029" lon="114.2424084723"><ele>256.000</ele></trkpt>
      <trkpt lat="22.3055688466" lon="114.2424063399"><ele>256.000</ele></trkpt>
      <trkpt lat="22.3055756561" lon="114.2424053338"><ele>256.000</ele></trkpt>
      <trkpt lat="22.3055849394" lon="114.2424056001"><ele>256.000</ele></trkpt>
      <trkpt lat="22.3055940248" lon="114.2424042166"><ele>256.000</ele></trkpt>
      <trkpt lat="22.3056029299" lon="114.2424018915"><ele>256.000</ele></trkpt>
      <trkpt lat="22.3056191333" lon="114.2423955520"><ele>257.000</ele></trkpt>
      <trkpt lat="22.3056257716" lon="114.2423936238"><ele>257.000</ele></trkpt>
      <trkpt lat="22.3056348389" lon="114.2423922014"><ele>257.000</ele></trkpt>
      <trkpt lat="22.3056490804" lon="114.2423916549"><ele>257.000</ele></trkpt>
      <trkpt lat="22.3056558268" lon="114.2423902411"><ele>257.000</ele></trkpt>
      <trkpt lat="22.3056623659" lon="114.2423879537"><ele>257.000</ele></trkpt>
      <trkpt lat="22.3056722745" lon="114.2423830962"><ele>258.000</ele></trkpt>
      <trkpt lat="22.3056823101" lon="114.2423764723"><ele>258.000</ele></trkpt>
      <trkpt lat="22.3056858243" lon="114.2423733101"><ele>258.000</ele></trkpt>
      <trkpt lat="22.3056953017" lon="114.2423626390"><ele>258.000</ele></trkpt>
      <trkpt lat="22.3057038661" lon="114.2423544423"><ele>259.000</ele></trkpt>
      <trkpt lat="22.3057146884" lon="114.2423452955"><ele>260.000</ele></trkpt>
      <trkpt lat="22.3057234867" lon="114.2423391272"><ele>260.000</ele></trkpt>
      <trkpt lat="22.3057356357" lon="114.2423321841"><ele>260.000</ele></trkpt>
      <trkpt lat="22.3057442253" lon="114.2423284322"><ele>261.000</ele></trkpt>
      <trkpt lat="22.3057531304" lon="114.2423260878"><ele>261.000</ele></trkpt>
      <trkpt lat="22.3057599670" lon="114.2423252369"><ele>262.000</ele></trkpt>
      <trkpt lat="22.3057642113" lon="114.2423253845"><ele>262.000</ele></trkpt>
      <trkpt lat="22.3057686638" lon="114.2423242996"><ele>262.000</ele></trkpt>
      <trkpt lat="22.3057727014" lon="114.2423219820"><ele>262.000</ele></trkpt>
      <trkpt lat="22.3057790615" lon="114.2423157155"><ele>263.000</ele></trkpt>
      <trkpt lat="22.3057827381" lon="114.2423127572"><ele>263.000</ele></trkpt>
      <trkpt lat="22.3057915906" lon="114.2423066957"><ele>263.000</ele></trkpt>
      <trkpt lat="22.3057936951" lon="114.2423057164"><ele>263.000</ele></trkpt>
      <trkpt lat="22.3057982107" lon="114.2423049907"><ele>264.000</ele></trkpt>
      <trkpt lat="22.3058004863" lon="114.2423052732"><ele>264.000</ele></trkpt>
      <trkpt lat="22.3058026805" lon="114.2423059730"><ele>263.000</ele></trkpt>
      <trkpt lat="22.3058129369" lon="114.2423117231"><ele>264.000</ele></trkpt>
      <trkpt lat="22.3058171625" lon="114.2423136176"><ele>264.000</ele></trkpt>
      <trkpt lat="22.3058216141" lon="114.2423147842"><ele>265.000</ele></trkpt>
      <trkpt lat="22.3058284772" lon="114.2423151368"><ele>265.000</ele></trkpt>
      <trkpt lat="22.3058352236" lon="114.2423138007"><ele>265.000</ele></trkpt>
      <trkpt lat="22.3058458544" lon="114.2423093995"><ele>265.000</ele></trkpt>
      <trkpt lat="22.3058629644" lon="114.2422945394"><ele>266.000</ele></trkpt>
      <trkpt lat="22.3058834574" lon="114.2422880660"><ele>267.000</ele></trkpt>
      <trkpt lat="22.3059145012" lon="114.2422966597"><ele>268.000</ele></trkpt>
      <trkpt lat="22.3059451609" lon="114.2422947621"><ele>269.000</ele></trkpt>
      <trkpt lat="22.3059693445" lon="114.2422956274"><ele>270.000</ele></trkpt>
      <trkpt lat="22.3059860781" lon="114.2422956935"><ele>271.000</ele></trkpt>
      <trkpt lat="22.3059981789" lon="114.2422962523"><ele>271.000</ele></trkpt>
      <trkpt lat="22.3060283024" lon="114.2423028561"><ele>272.000</ele></trkpt>
      <trkpt lat="22.3060583602" lon="114.2423152537"><ele>273.000</ele></trkpt>
      <trkpt lat="22.3060926272" lon="114.2423257608"><ele>274.000</ele></trkpt>
      <trkpt lat="22.3061067879" lon="114.2423238847"><ele>275.000</ele></trkpt>
      <trkpt lat="22.3061129502" lon="114.2423153180"><ele>275.000</ele></trkpt>
      <trkpt lat="22.3061434651" lon="114.2422795512"><ele>278.000</ele></trkpt>
      <trkpt lat="22.3061512672" lon="114.2422704063"><ele>278.000</ele></trkpt>
      <trkpt lat="22.3061940089" lon="114.2422547610"><ele>280.000</ele></trkpt>
      <trkpt lat="22.3062367507" lon="114.2422391158"><ele>280.000</ele></trkpt>
      <trkpt lat="22.3062500766" lon="114.2422342379"><ele>280.000</ele></trkpt>
      <trkpt lat="22.3062950856" lon="114.2422381100"><ele>280.000</ele></trkpt>
      <trkpt lat="22.3063053149" lon="114.2422389900"><ele>280.000</ele></trkpt>
      <trkpt lat="22.3063478964" lon="114.2422551321"><ele>280.000</ele></trkpt>
      <trkpt lat="22.3063695758" lon="114.2422633505"><ele>280.000</ele></trkpt>
      <trkpt lat="22.3064048103" lon="114.2422930645"><ele>279.000</ele></trkpt>
      <trkpt lat="22.3064206797" lon="114.2423090561"><ele>278.000</ele></trkpt>
      <trkpt lat="22.3064329389" lon="114.2423198344"><ele>278.000</ele></trkpt>
      <trkpt lat="22.3064460915" lon="114.2423320981"><ele>277.000</ele></trkpt>
      <trkpt lat="22.3064649163" lon="114.2423419963"><ele>276.000</ele></trkpt>
      <trkpt lat="22.3064755123" lon="114.2423343051"><ele>275.000</ele></trkpt>
      <trkpt lat="22.3064930455" lon="114.2423225702"><ele>274.000</ele></trkpt>
      <trkpt lat="22.3065088523" lon="114.2423145806"><ele>273.000</ele></trkpt>
      <trkpt lat="22.3065228953" lon="114.2423134516"><ele>273.000</ele></trkpt>
      <trkpt lat="22.3065370038" lon="114.2423291804"><ele>272.000</ele></trkpt>
      <trkpt lat="22.3065491538" lon="114.2423421133"><ele>271.000</ele></trkpt>
      <trkpt lat="22.3065573219" lon="114.2423534429"><ele>271.000</ele></trkpt>
      <trkpt lat="22.3065723229" lon="114.2423504122"><ele>270.000</ele></trkpt>
      <trkpt lat="22.3065865577" lon="114.2423441105"><ele>270.000</ele></trkpt>
      <trkpt lat="22.3065988096" lon="114.2423507157"><ele>269.000</ele></trkpt>
      <trkpt lat="22.3066195905" lon="114.2423693495"><ele>268.000</ele></trkpt>
      <trkpt lat="22.3066326777" lon="114.2423870965"><ele>268.000</ele></trkpt>
      <trkpt lat="22.3066595142" lon="114.2423931164"><ele>267.000</ele></trkpt>
      <trkpt lat="22.3066845027" lon="114.2423912162"><ele>266.000</ele></trkpt>
      <trkpt lat="22.3066989878" lon="114.2423910483"><ele>265.000</ele></trkpt>
      <trkpt lat="22.3067109657" lon="114.2424053203"><ele>265.000</ele></trkpt>
      <trkpt lat="22.3067283652" lon="114.2424114815"><ele>264.000</ele></trkpt>
      <trkpt lat="22.3067451218" lon="114.2423995617"><ele>263.000</ele></trkpt>
      <trkpt lat="22.3067572050" lon="114.2423989269"><ele>263.000</ele></trkpt>
      <trkpt lat="22.3067727468" lon="114.2423984392"><ele>262.000</ele></trkpt>
      <trkpt lat="22.3067928694" lon="114.2423926158"><ele>261.000</ele></trkpt>
      <trkpt lat="22.3068131697" lon="114.2423938481"><ele>259.000</ele></trkpt>
      <trkpt lat="22.3068300764" lon="114.2423902942"><ele>258.000</ele></trkpt>
      <trkpt lat="22.3068464229" lon="114.2423874874"><ele>257.000</ele></trkpt>
      <trkpt lat="22.3068639067" lon="114.2423862145"><ele>256.000</ele></trkpt>
      <trkpt lat="22.3068821373" lon="114.2423915511"><ele>255.000</ele></trkpt>
      <trkpt lat="22.3068933244" lon="114.2423960012"><ele>255.000</ele></trkpt>
      <trkpt lat="22.3069000134" lon="114.2424026329"><ele>254.000</ele></trkpt>
      <trkpt lat="22.3069154824" lon="114.2424262430"><ele>253.000</ele></trkpt>
      <trkpt lat="22.3069138843" lon="114.2424476711"><ele>253.000</ele></trkpt>
      <trkpt lat="22.3069165140" lon="114.2424654618"><ele>252.000</ele></trkpt>
      <trkpt lat="22.3069322747" lon="114.2424822395"><ele>251.000</ele></trkpt>
      <trkpt lat="22.3069531137" lon="114.2424910615"><ele>250.000</ele></trkpt>
      <trkpt lat="22.3069744110" lon="114.2425057068"><ele>250.000</ele></trkpt>
      <trkpt lat="22.3070004194" lon="114.2425275166"><ele>250.000</ele></trkpt>
      <trkpt lat="22.3070292933" lon="114.2425421072"><ele>250.000</ele></trkpt>
      <trkpt lat="22.3070464881" lon="114.2425630589"><ele>251.000</ele></trkpt>
      <trkpt lat="22.3070638804" lon="114.2425868931"><ele>251.000</ele></trkpt>
      <trkpt lat="22.3070755711" lon="114.2426190613"><ele>252.000</ele></trkpt>
      <trkpt lat="22.3070891083" lon="114.2426405547"><ele>253.000</ele></trkpt>
      <trkpt lat="22.3071019229" lon="114.2426623002"><ele>254.000</ele></trkpt>
      <trkpt lat="22.3071179411" lon="114.2426897732"><ele>256.000</ele></trkpt>
      <trkpt lat="22.3071318914" lon="114.2427168958"><ele>257.000</ele></trkpt>
      <trkpt lat="22.3071500879" lon="114.2427395076"><ele>258.000</ele></trkpt>
      <trkpt lat="22.3071728074" lon="114.2427653241"><ele>259.000</ele></trkpt>
      <trkpt lat="22.3071999836" lon="114.2427799431"><ele>260.000</ele></trkpt>
      <trkpt lat="22.3072258953" lon="114.2427726570"><ele>261.000</ele></trkpt>
      <trkpt lat="22.3072502371" lon="114.2427844117"><ele>262.000</ele></trkpt>
      <trkpt lat="22.3072565847" lon="114.2427867148"><ele>262.000</ele></trkpt>
      <trkpt lat="22.3072940123" lon="114.2428138593"><ele>263.000</ele></trkpt>
      <trkpt lat="22.3072980680" lon="114.2428168007"><ele>263.000</ele></trkpt>
      <trkpt lat="22.3073231074" lon="114.2428451321"><ele>264.000</ele></trkpt>
      <trkpt lat="22.3073506767" lon="114.2428701260"><ele>265.000</ele></trkpt>
      <trkpt lat="22.3073765262" lon="114.2429049602"><ele>265.000</ele></trkpt>
      <trkpt lat="22.3073968850" lon="114.2429397627"><ele>266.000</ele></trkpt>
      <trkpt lat="22.3074036263" lon="114.2429511209"><ele>266.000</ele></trkpt>
      <trkpt lat="22.3074071985" lon="114.2429606724"><ele>266.000</ele></trkpt>
      <trkpt lat="22.3074080733" lon="114.2429635649"><ele>266.000</ele></trkpt>
      <trkpt lat="22.3074129330" lon="114.2429827155"><ele>266.000</ele></trkpt>
      <trkpt lat="22.3074236223" lon="114.2430120203"><ele>266.000</ele></trkpt>
      <trkpt lat="22.3074349729" lon="114.2430361429"><ele>266.000</ele></trkpt>
      <trkpt lat="22.3074483753" lon="114.2430558119"><ele>267.000</ele></trkpt>
      <trkpt lat="22.3074549821" lon="114.2430647631"><ele>267.000</ele></trkpt>
      <trkpt lat="22.3074647128" lon="114.2430752104"><ele>267.000</ele></trkpt>
      <trkpt lat="22.3074718716" lon="114.2430813863"><ele>267.000</ele></trkpt>
      <trkpt lat="22.3074794911" lon="114.2430868733"><ele>267.000</ele></trkpt>
      <trkpt lat="22.3074875355" lon="114.2430916326"><ele>267.000</ele></trkpt>
      <trkpt lat="22.3075084464" lon="114.2431013864"><ele>268.000</ele></trkpt>
      <trkpt lat="22.3075502106" lon="114.2431198305"><ele>268.000</ele></trkpt>
      <trkpt lat="22.3075895807" lon="114.2431372173"><ele>269.000</ele></trkpt>
      <trkpt lat="22.3076291011" lon="114.2431532786"><ele>270.000</ele></trkpt>
      <trkpt lat="22.3076672575" lon="114.2431703485"><ele>272.000</ele></trkpt>
      <trkpt lat="22.3076961769" lon="114.2431839882"><ele>273.000</ele></trkpt>
      <trkpt lat="22.3077375236" lon="114.2432034888"><ele>275.000</ele></trkpt>
      <trkpt lat="22.3077396599" lon="114.2432044964"><ele>275.000</ele></trkpt>
      <trkpt lat="22.3077820735" lon="114.2432211415"><ele>276.000</ele></trkpt>
      <trkpt lat="22.3077927694" lon="114.2432253390"><ele>277.000</ele></trkpt>
      <trkpt lat="22.3078177801" lon="114.2432351628"><ele>277.000</ele></trkpt>
      <trkpt lat="22.3078575390" lon="114.2432538005"><ele>279.000</ele></trkpt>
      <trkpt lat="22.3078761684" lon="114.2432726829"><ele>279.000</ele></trkpt>
      <trkpt lat="22.3079188116" lon="114.2432886361"><ele>279.000</ele></trkpt>
      <trkpt lat="22.3079430988" lon="114.2432977221"><ele>279.000</ele></trkpt>
      <trkpt lat="22.3079761527" lon="114.2432969961"><ele>279.000</ele></trkpt>
      <trkpt lat="22.3079829701" lon="114.2432777406"><ele>279.000</ele></trkpt>
      <trkpt lat="22.3080234705" lon="114.2432758340"><ele>279.000</ele></trkpt>
      <trkpt lat="22.3080498759" lon="114.2433151972"><ele>278.000</ele></trkpt>
      <trkpt lat="22.3080661372" lon="114.2433394384"><ele>278.000</ele></trkpt>
      <trkpt lat="22.3080746895" lon="114.2433552041"><ele>277.000</ele></trkpt>
      <trkpt lat="22.3080870161" lon="114.2433755093"><ele>277.000</ele></trkpt>
      <trkpt lat="22.3081013466" lon="114.2433935683"><ele>277.000</ele></trkpt>
      <trkpt lat="22.3081172874" lon="114.2434149246"><ele>277.000</ele></trkpt>
      <trkpt lat="22.3081375215" lon="114.2434412051"><ele>277.000</ele></trkpt>
      <trkpt lat="22.3081549294" lon="114.2434584692"><ele>277.000</ele></trkpt>
      <trkpt lat="22.3081724968" lon="114.2434783586"><ele>277.000</ele></trkpt>
      <trkpt lat="22.3081888354" lon="114.2434954470"><ele>277.000</ele></trkpt>
      <trkpt lat="22.3082088507" lon="114.2435151102"><ele>277.000</ele></trkpt>
      <trkpt lat="22.3082295844" lon="114.2435373736"><ele>276.000</ele></trkpt>
      <trkpt lat="22.3082503827" lon="114.2435549948"><ele>276.000</ele></trkpt>
      <trkpt lat="22.3082674037" lon="114.2435646219"><ele>276.000</ele></trkpt>
      <trkpt lat="22.3082896674" lon="114.2435801975"><ele>276.000</ele></trkpt>
      <trkpt lat="22.3083002614" lon="114.2435881387"><ele>276.000</ele></trkpt>
      <trkpt lat="22.3083252418" lon="114.2436058334"><ele>276.000</ele></trkpt>
      <trkpt lat="22.3083656755" lon="114.2436274322"><ele>276.000</ele></trkpt>
      <trkpt lat="22.3083716308" lon="114.2436306135"><ele>276.000</ele></trkpt>
      <trkpt lat="22.3084098716" lon="114.2436564160"><ele>276.000</ele></trkpt>
      <trkpt lat="22.3084107676" lon="114.2436570205"><ele>276.000</ele></trkpt>
      <trkpt lat="22.3084281642" lon="114.2436698785"><ele>276.000</ele></trkpt>
      <trkpt lat="22.3084387435" lon="114.2436809766"><ele>276.000</ele></trkpt>
      <trkpt lat="22.3084533498" lon="114.2436936391"><ele>276.000</ele></trkpt>
      <trkpt lat="22.3084671900" lon="114.2437028268"><ele>277.000</ele></trkpt>
      <trkpt lat="22.3084904343" lon="114.2437258004"><ele>277.000</ele></trkpt>
      <trkpt lat="22.3085012311" lon="114.2437350643"><ele>278.000</ele></trkpt>
      <trkpt lat="22.3085133937" lon="114.2437389037"><ele>278.000</ele></trkpt>
      <trkpt lat="22.3085294739" lon="114.2437468308"><ele>278.000</ele></trkpt>
      <trkpt lat="22.3085411078" lon="114.2437628500"><ele>278.000</ele></trkpt>
      <trkpt lat="22.3085682047" lon="114.2437941331"><ele>279.000</ele></trkpt>
      <trkpt lat="22.3085890887" lon="114.2438251609"><ele>280.000</ele></trkpt>
      <trkpt lat="22.3085964148" lon="114.2438416439"><ele>280.000</ele></trkpt>
      <trkpt lat="22.3086023022" lon="114.2438646966"><ele>280.000</ele></trkpt>
      <trkpt lat="22.3086022371" lon="114.2438912403"><ele>281.000</ele></trkpt>
      <trkpt lat="22.3086059090" lon="114.2439216679"><ele>281.000</ele></trkpt>
      <trkpt lat="22.3086352646" lon="114.2439259702"><ele>281.000</ele></trkpt>
      <trkpt lat="22.3086562102" lon="114.2439346314"><ele>282.000</ele></trkpt>
      <trkpt lat="22.3086761873" lon="114.2439421470"><ele>283.000</ele></trkpt>
      <trkpt lat="22.3086902523" lon="114.2439518209"><ele>283.000</ele></trkpt>
      <trkpt lat="22.3086993282" lon="114.2439595605"><ele>283.000</ele></trkpt>
      <trkpt lat="22.3087100764" lon="114.2439720902"><ele>284.000</ele></trkpt>
      <trkpt lat="22.3087275548" lon="114.2439921258"><ele>284.000</ele></trkpt>
      <trkpt lat="22.3087425753" lon="114.2440102362"><ele>285.000</ele></trkpt>
      <trkpt lat="22.3087677578" lon="114.2440363756"><ele>285.000</ele></trkpt>
      <trkpt lat="22.3087954984" lon="114.2440562475"><ele>286.000</ele></trkpt>
      <trkpt lat="22.3088312418" lon="114.2440858986"><ele>288.000</ele></trkpt>
      <trkpt lat="22.3088384205" lon="114.2440918538"><ele>288.000</ele></trkpt>
      <trkpt lat="22.3088746343" lon="114.2441208380"><ele>290.000</ele></trkpt>
      <trkpt lat="22.3088925577" lon="114.2441351833"><ele>290.000</ele></trkpt>
      <trkpt lat="22.3089324625" lon="114.2441272130"><ele>290.000</ele></trkpt>
      <trkpt lat="22.3089774111" lon="114.2441318249"><ele>290.000</ele></trkpt>
      <trkpt lat="22.3090223598" lon="114.2441364368"><ele>290.000</ele></trkpt>
      <trkpt lat="22.3090384870" lon="114.2441380915"><ele>291.000</ele></trkpt>
      <trkpt lat="22.3090348456" lon="114.2441864597"><ele>293.000</ele></trkpt>
      <trkpt lat="22.3090317330" lon="114.2442278048"><ele>293.000</ele></trkpt>
      <trkpt lat="22.3090696238" lon="114.2442541971"><ele>294.000</ele></trkpt>
      <trkpt lat="22.3091075146" lon="114.2442805894"><ele>294.000</ele></trkpt>
      <trkpt lat="22.3091454055" lon="114.2443069817"><ele>295.000</ele></trkpt>
      <trkpt lat="22.3091832963" lon="114.2443333740"><ele>296.000</ele></trkpt>
      <trkpt lat="22.3092211871" lon="114.2443597664"><ele>297.000</ele></trkpt>
      <trkpt lat="22.3092590779" lon="114.2443861587"><ele>298.000</ele></trkpt>
      <trkpt lat="22.3092969687" lon="114.2444125511"><ele>299.000</ele></trkpt>
      <trkpt lat="22.3092984075" lon="114.2444135533"><ele>299.000</ele></trkpt>
      <trkpt lat="22.3093382267" lon="114.2444364329"><ele>300.000</ele></trkpt>
      <trkpt lat="22.3093653310" lon="114.2444520067"><ele>300.000</ele></trkpt>
      <trkpt lat="22.3094081011" lon="114.2444675625"><ele>300.000</ele></trkpt>
      <trkpt lat="22.3094392136" lon="114.2444788783"><ele>300.000</ele></trkpt>
      <trkpt lat="22.3094769712" lon="114.2445054903"><ele>300.000</ele></trkpt>
      <trkpt lat="22.3095147288" lon="114.2445321022"><ele>301.000</ele></trkpt>
      <trkpt lat="22.3095524865" lon="114.2445587142"><ele>301.000</ele></trkpt>
      <trkpt lat="22.3095588598" lon="114.2445632062"><ele>301.000</ele></trkpt>
      <trkpt lat="22.3095890732" lon="114.2445920952"><ele>302.000</ele></trkpt>
      <trkpt lat="22.3096271562" lon="114.2446181662"><ele>303.000</ele></trkpt>
      <trkpt lat="22.3096652392" lon="114.2446442372"><ele>303.000</ele></trkpt>
      <trkpt lat="22.3096734885" lon="114.2446498846"><ele>303.000</ele></trkpt>
      <trkpt lat="22.3097123473" lon="114.2446555752"><ele>303.000</ele></trkpt>
      <trkpt lat="22.3097253036" lon="114.2446499097"><ele>303.000</ele></trkpt>
      <trkpt lat="22.3097497688" lon="114.2446571400"><ele>302.000</ele></trkpt>
      <trkpt lat="22.3097921766" lon="114.2446738022"><ele>301.000</ele></trkpt>
      <trkpt lat="22.3098102097" lon="114.2446808875"><ele>300.000</ele></trkpt>
      <trkpt lat="22.3098546863" lon="114.2446892556"><ele>299.000</ele></trkpt>
      <trkpt lat="22.3098991629" lon="114.2446976238"><ele>299.000</ele></trkpt>
      <trkpt lat="22.3099311021" lon="114.2447036331"><ele>299.000</ele></trkpt>
      <trkpt lat="22.3099736742" lon="114.2447198042"><ele>299.000</ele></trkpt>
      <trkpt lat="22.3100162463" lon="114.2447359754"><ele>299.000</ele></trkpt>
      <trkpt lat="22.3100534238" lon="114.2447500974"><ele>299.000</ele></trkpt>
      <trkpt lat="22.3100945970" lon="114.2447700178"><ele>298.000</ele></trkpt>
      <trkpt lat="22.3101357702" lon="114.2447899381"><ele>298.000</ele></trkpt>
      <trkpt lat="22.3101769433" lon="114.2448098584"><ele>298.000</ele></trkpt>
      <trkpt lat="22.3101867727" lon="114.2448146140"><ele>298.000</ele></trkpt>
      <trkpt lat="22.3102269007" lon="114.2448368618"><ele>298.000</ele></trkpt>
      <trkpt lat="22.3102670287" lon="114.2448591096"><ele>298.000</ele></trkpt>
      <trkpt lat="22.3102807855" lon="114.2448667367"><ele>298.000</ele></trkpt>
      <trkpt lat="22.3103130108" lon="114.2449007277"><ele>297.000</ele></trkpt>
      <trkpt lat="22.3103301800" lon="114.2449188377"><ele>296.000</ele></trkpt>
      <trkpt lat="22.3103536696" lon="114.2449602811"><ele>295.000</ele></trkpt>
      <trkpt lat="22.3103541507" lon="114.2449611300"><ele>295.000</ele></trkpt>
      <trkpt lat="22.3103925838" lon="114.2449866008"><ele>294.000</ele></trkpt>
      <trkpt lat="22.3104310169" lon="114.2450120716"><ele>293.000</ele></trkpt>
      <trkpt lat="22.3104694499" lon="114.2450375425"><ele>293.000</ele></trkpt>
      <trkpt lat="22.3105078830" lon="114.2450630133"><ele>292.000</ele></trkpt>
      <trkpt lat="22.3105463161" lon="114.2450884842"><ele>290.000</ele></trkpt>
      <trkpt lat="22.3105814979" lon="114.2451118004"><ele>289.000</ele></trkpt>
      <trkpt lat="22.3106237111" lon="114.2451272896"><ele>288.000</ele></trkpt>
      <trkpt lat="22.3106688426" lon="114.2451287854"><ele>287.000</ele></trkpt>
      <trkpt lat="22.3107139741" lon="114.2451302813"><ele>287.000</ele></trkpt>
      <trkpt lat="22.3107591057" lon="114.2451317771"><ele>287.000</ele></trkpt>
      <trkpt lat="22.3107973851" lon="114.2451330458"><ele>286.000</ele></trkpt>
      <trkpt lat="22.3108410355" lon="114.2451454603"><ele>286.000</ele></trkpt>
      <trkpt lat="22.3108846860" lon="114.2451578748"><ele>286.000</ele></trkpt>
      <trkpt lat="22.3108990841" lon="114.2451619698"><ele>285.000</ele></trkpt>
      <trkpt lat="22.3109357480" lon="114.2451902933"><ele>284.000</ele></trkpt>
      <trkpt lat="22.3109705464" lon="114.2452171758"><ele>283.000</ele></trkpt>
      <trkpt lat="22.3110155828" lon="114.2452136904"><ele>282.000</ele></trkpt>
      <trkpt lat="22.3110367566" lon="114.2452120518"><ele>281.000</ele></trkpt>
      <trkpt lat="22.3110789774" lon="114.2451948495"><ele>279.000</ele></trkpt>
      <trkpt lat="22.3110885806" lon="114.2451909367"><ele>279.000</ele></trkpt>
      <trkpt lat="22.3111125821" lon="114.2451600113"><ele>278.000</ele></trkpt>
      <trkpt lat="22.3111236194" lon="114.2451538292"><ele>277.000</ele></trkpt>
      <trkpt lat="22.3111447270" lon="114.2451595113"><ele>276.000</ele></trkpt>
      <trkpt lat="22.3111859518" lon="114.2451793079"><ele>274.000</ele></trkpt>
      <trkpt lat="22.3112027673" lon="114.2451873829"><ele>273.000</ele></trkpt>
      <trkpt lat="22.3112181132" lon="114.2452033747"><ele>272.000</ele></trkpt>
      <trkpt lat="22.3112329729" lon="114.2452343191"><ele>271.000</ele></trkpt>
      <trkpt lat="22.3112492784" lon="114.2452503111"><ele>269.000</ele></trkpt>
      <trkpt lat="22.3112771037" lon="114.2452534185"><ele>267.000</ele></trkpt>
      <trkpt lat="22.3113164422" lon="114.2452591095"><ele>265.000</ele></trkpt>
      <trkpt lat="22.3113591495" lon="114.2452748637"><ele>264.000</ele></trkpt>
      <trkpt lat="22.3114018568" lon="114.2452906179"><ele>263.000</ele></trkpt>
      <trkpt lat="22.3114445640" lon="114.2453063722"><ele>263.000</ele></trkpt>
      <trkpt lat="22.3114872713" lon="114.2453221264"><ele>263.000</ele></trkpt>
      <trkpt lat="22.3115299786" lon="114.2453378807"><ele>263.000</ele></trkpt>
      <trkpt lat="22.3115375814" lon="114.2453406853"><ele>263.000</ele></trkpt>
      <trkpt lat="22.3115765732" lon="114.2453651557"><ele>264.000</ele></trkpt>
      <trkpt lat="22.3115778713" lon="114.2453659704"><ele>264.000</ele></trkpt>
      <trkpt lat="22.3116201170" lon="114.2453831020"><ele>265.000</ele></trkpt>
      <trkpt lat="22.3116623626" lon="114.2454002337"><ele>266.000</ele></trkpt>
      <trkpt lat="22.3116771667" lon="114.2454062371"><ele>266.000</ele></trkpt>
      <trkpt lat="22.3117141457" lon="114.2454340838"><ele>268.000</ele></trkpt>
      <trkpt lat="22.3117299245" lon="114.2454459659"><ele>268.000</ele></trkpt>
      <trkpt lat="22.3117631559" lon="114.2454562444"><ele>269.000</ele></trkpt>
      <trkpt lat="22.3117724645" lon="114.2454610338"><ele>269.000</ele></trkpt>
      <trkpt lat="22.3117823433" lon="114.2454624459"><ele>270.000</ele></trkpt>
      <trkpt lat="22.3118054212" lon="114.2454727352"><ele>270.000</ele></trkpt>
      <trkpt lat="22.3118336286" lon="114.2454826486"><ele>270.000</ele></trkpt>
      <trkpt lat="22.3118580012" lon="114.2454848151"><ele>269.000</ele></trkpt>
      <trkpt lat="22.3118601596" lon="114.2454846511"><ele>269.000</ele></trkpt>
      <trkpt lat="22.3118830800" lon="114.2454828960"><ele>269.000</ele></trkpt>
      <trkpt lat="22.3119056202" lon="114.2454834990"><ele>269.000</ele></trkpt>
      <trkpt lat="22.3119201907" lon="114.2454950071"><ele>268.000</ele></trkpt>
      <trkpt lat="22.3119378313" lon="114.2455072349"><ele>268.000</ele></trkpt>
      <trkpt lat="22.3119414161" lon="114.2455080325"><ele>268.000</ele></trkpt>
      <trkpt lat="22.3119483403" lon="114.2455134418"><ele>267.000</ele></trkpt>
      <trkpt lat="22.3119561582" lon="114.2455195601"><ele>267.000</ele></trkpt>
      <trkpt lat="22.3119761125" lon="114.2455272468"><ele>267.000</ele></trkpt>
      <trkpt lat="22.3119943083" lon="114.2455294006"><ele>266.000</ele></trkpt>
      <trkpt lat="22.3120112564" lon="114.2455349410"><ele>265.000</ele></trkpt>
      <trkpt lat="22.3120264776" lon="114.2455453236"><ele>265.000</ele></trkpt>
      <trkpt lat="22.3120397393" lon="114.2455552588"><ele>264.000</ele></trkpt>
      <trkpt lat="22.3120580206" lon="114.2455686418"><ele>263.000</ele></trkpt>
      <trkpt lat="22.3120746856" lon="114.2455815486"><ele>263.000</ele></trkpt>
      <trkpt lat="22.3120931382" lon="114.2455954849"><ele>262.000</ele></trkpt>
      <trkpt lat="22.3121143359" lon="114.2456100632"><ele>261.000</ele></trkpt>
      <trkpt lat="22.3121270516" lon="114.2456085845"><ele>261.000</ele></trkpt>
      <trkpt lat="22.3121385123" lon="114.2456278263"><ele>261.000</ele></trkpt>
      <trkpt lat="22.3121509298" lon="114.2456480489"><ele>260.000</ele></trkpt>
      <trkpt lat="22.3121777599" lon="114.2456690356"><ele>259.000</ele></trkpt>
      <trkpt lat="22.3121866762" lon="114.2456828993"><ele>258.000</ele></trkpt>
      <trkpt lat="22.3122001243" lon="114.2457006281"><ele>258.000</ele></trkpt>
      <trkpt lat="22.3122159111" lon="114.2457187171"><ele>257.000</ele></trkpt>
      <trkpt lat="22.3122412510" lon="114.2457398584"><ele>257.000</ele></trkpt>
      <trkpt lat="22.3122559928" lon="114.2457519295"><ele>256.000</ele></trkpt>
      <trkpt lat="22.3122596657" lon="114.2457580069"><ele>256.000</ele></trkpt>
      <trkpt lat="22.3122724009" lon="114.2457744543"><ele>256.000</ele></trkpt>
      <trkpt lat="22.3122845858" lon="114.2457894358"><ele>255.000</ele></trkpt>
      <trkpt lat="22.3123099633" lon="114.2458072384"><ele>255.000</ele></trkpt>
      <trkpt lat="22.3123389386" lon="114.2458164146"><ele>254.000</ele></trkpt>
      <trkpt lat="22.3123588486" lon="114.2458220244"><ele>254.000</ele></trkpt>
      <trkpt lat="22.3123790847" lon="114.2458256933"><ele>254.000</ele></trkpt>
      <trkpt lat="22.3123909586" lon="114.2458287370"><ele>254.000</ele></trkpt>
      <trkpt lat="22.3123972706" lon="114.2458295359"><ele>254.000</ele></trkpt>
      <trkpt lat="22.3123994917" lon="114.2458307017"><ele>254.000</ele></trkpt>
      <trkpt lat="22.3124075269" lon="114.2458354613"><ele>254.000</ele></trkpt>
      <trkpt lat="22.3124153271" lon="114.2458406576"><ele>254.000</ele></trkpt>
      <trkpt lat="22.3124228743" lon="114.2458462614"><ele>254.000</ele></trkpt>
      <trkpt lat="22.3124336364" lon="114.2458517600"><ele>254.000</ele></trkpt>
      <trkpt lat="22.3124414186" lon="114.2458569659"><ele>254.000</ele></trkpt>
      <trkpt lat="22.3124486947" lon="114.2458629772"><ele>254.000</ele></trkpt>
      <trkpt lat="22.3124553835" lon="114.2458697258"><ele>254.000</ele></trkpt>
      <trkpt lat="22.3124614308" lon="114.2458771535"><ele>253.000</ele></trkpt>
      <trkpt lat="22.3124729505" lon="114.2458851079"><ele>253.000</ele></trkpt>
      <trkpt lat="22.3124797839" lon="114.2458916916"><ele>253.000</ele></trkpt>
      <trkpt lat="22.3124874124" lon="114.2458971498"><ele>253.000</ele></trkpt>
      <trkpt lat="22.3124954747" lon="114.2459018610"><ele>253.000</ele></trkpt>
      <trkpt lat="22.3125038805" lon="114.2459057861"><ele>253.000</ele></trkpt>
      <trkpt lat="22.3125175494" lon="114.2459138484"><ele>253.000</ele></trkpt>
      <trkpt lat="22.3125394321" lon="114.2459314358"><ele>252.000</ele></trkpt>
      <trkpt lat="22.3125580229" lon="114.2459601150"><ele>252.000</ele></trkpt>
      <trkpt lat="22.3125850722" lon="114.2459751136"><ele>251.000</ele></trkpt>
      <trkpt lat="22.3126222259" lon="114.2459920485"><ele>251.000</ele></trkpt>
      <trkpt lat="22.3126444173" lon="114.2460054822"><ele>251.000</ele></trkpt>
      <trkpt lat="22.3126743773" lon="114.2460349143"><ele>251.000</ele></trkpt>
      <trkpt lat="22.3126815992" lon="114.2460409935"><ele>251.000</ele></trkpt>
      <trkpt lat="22.3126893994" lon="114.2460461898"><ele>251.000</ele></trkpt>
      <trkpt lat="22.3127013329" lon="114.2460579490"><ele>251.000</ele></trkpt>
      <trkpt lat="22.3127073441" lon="114.2460654058"><ele>251.000</ele></trkpt>
      <trkpt lat="22.3127127680" lon="114.2460733767"><ele>251.000</ele></trkpt>
      <trkpt lat="22.3127175507" lon="114.2460817938"><ele>251.000</ele></trkpt>
      <trkpt lat="22.3127216829" lon="114.2460906181"><ele>251.000</ele></trkpt>
      <trkpt lat="22.3127268435" lon="114.2461022381"><ele>251.000</ele></trkpt>
      <trkpt lat="22.3127302350" lon="114.2461114115"><ele>251.000</ele></trkpt>
      <trkpt lat="22.3127331389" lon="114.2461207787"><ele>250.000</ele></trkpt>
      <trkpt lat="22.3127355279" lon="114.2461303107"><ele>250.000</ele></trkpt>
      <trkpt lat="22.3127374022" lon="114.2461399880"><ele>250.000</ele></trkpt>
      <trkpt lat="22.3127387526" lon="114.2461497524"><ele>250.000</ele></trkpt>
      <trkpt lat="22.3127419333" lon="114.2461663019"><ele>250.000</ele></trkpt>
      <trkpt lat="22.3127444578" lon="114.2461758048"><ele>250.000</ele></trkpt>
      <trkpt lat="22.3127474520" lon="114.2461851333"><ele>250.000</ele></trkpt>
      <trkpt lat="22.3127509158" lon="114.2461942776"><ele>250.000</ele></trkpt>
      <trkpt lat="22.3127548403" lon="114.2462032086"><ele>250.000</ele></trkpt>
      <trkpt lat="22.3127592074" lon="114.2462118875"><ele>250.000</ele></trkpt>
      <trkpt lat="22.3127640081" lon="114.2462203045"><ele>250.000</ele></trkpt>
      <trkpt lat="22.3127686559" lon="114.2462271977"><ele>250.000</ele></trkpt>
      <trkpt lat="22.3127689808" lon="114.2462276638"><ele>250.000</ele></trkpt>
      <trkpt lat="22.3127746123" lon="114.2462360230"><ele>250.000</ele></trkpt>
      <trkpt lat="22.3127798737" lon="114.2462441103"><ele>250.000</ele></trkpt>
      <trkpt lat="22.3127850447" lon="114.2462522752"><ele>250.000</ele></trkpt>
      <trkpt lat="22.3127901254" lon="114.2462604885"><ele>250.000</ele></trkpt>
      <trkpt lat="22.3127992396" lon="114.2462761480"><ele>250.000</ele></trkpt>
      <trkpt lat="22.3128048894" lon="114.2462839346"><ele>250.000</ele></trkpt>
      <trkpt lat="22.3128110361" lon="114.2462912653"><ele>250.000</ele></trkpt>
      <trkpt lat="22.3128221108" lon="114.2463050429"><ele>250.000</ele></trkpt>
      <trkpt lat="22.3128275077" lon="114.2463130332"><ele>250.000</ele></trkpt>
      <trkpt lat="22.3128324529" lon="114.2463213436"><ele>250.000</ele></trkpt>
      <trkpt lat="22.3128369374" lon="114.2463299643"><ele>250.000</ele></trkpt>
      <trkpt lat="22.3128435773" lon="114.2463452441"><ele>250.000</ele></trkpt>
      <trkpt lat="22.3128477005" lon="114.2463540684"><ele>250.000</ele></trkpt>
      <trkpt lat="22.3128520044" lon="114.2463627958"><ele>250.000</ele></trkpt>
      <trkpt lat="22.3128564799" lon="114.2463714165"><ele>250.000</ele></trkpt>
      <trkpt lat="22.3128611270" lon="114.2463799305"><ele>249.000</ele></trkpt>
      <trkpt lat="22.3128659367" lon="114.2463883379"><ele>249.000</ele></trkpt>
      <trkpt lat="22.3128709271" lon="114.2463966289"><ele>249.000</ele></trkpt>
      <trkpt lat="22.3128782257" lon="114.2464133066"><ele>249.000</ele></trkpt>
      <trkpt lat="22.3128819875" lon="114.2464223151"><ele>249.000</ele></trkpt>
      <trkpt lat="22.3128856591" lon="114.2464313722"><ele>249.000</ele></trkpt>
      <trkpt lat="22.3128892313" lon="114.2464404681"><ele>249.000</ele></trkpt>
      <trkpt lat="22.3128952038" lon="114.2464539034"><ele>249.000</ele></trkpt>
      <trkpt lat="22.3128997967" lon="114.2464624466"><ele>249.000</ele></trkpt>
      <trkpt lat="22.3129048774" lon="114.2464706697"><ele>249.000</ele></trkpt>
      <trkpt lat="22.3129104279" lon="114.2464785242"><ele>248.000</ele></trkpt>
      <trkpt lat="22.3129164210" lon="114.2464860004"><ele>248.000</ele></trkpt>
      <trkpt lat="22.3129228387" lon="114.2464930498"><ele>248.000</ele></trkpt>
      <trkpt lat="22.3129292740" lon="114.2465012736"><ele>248.000</ele></trkpt>
      <trkpt lat="22.3129348334" lon="114.2465091281"><ele>248.000</ele></trkpt>
      <trkpt lat="22.3129400496" lon="114.2465172542"><ele>248.000</ele></trkpt>
      <trkpt lat="22.3129449135" lon="114.2465256228"><ele>248.000</ele></trkpt>
      <trkpt lat="22.3129494161" lon="114.2465342338"><ele>248.000</ele></trkpt>
      <trkpt lat="22.3129569494" lon="114.2465511348"><ele>248.000</ele></trkpt>
      <trkpt lat="22.3129608287" lon="114.2465600852"><ele>248.000</ele></trkpt>
      <trkpt lat="22.3129646357" lon="114.2465690744"><ele>248.000</ele></trkpt>
      <trkpt lat="22.3129683886" lon="114.2465780830"><ele>248.000</ele></trkpt>
      <trkpt lat="22.3129720782" lon="114.2465871304"><ele>248.000</ele></trkpt>
      <trkpt lat="22.3129756956" lon="114.2465962069"><ele>248.000</ele></trkpt>
      <trkpt lat="22.3129792497" lon="114.2466053124"><ele>248.000</ele></trkpt>
      <trkpt lat="22.3129858459" lon="114.2466172632"><ele>248.000</ele></trkpt>
      <trkpt lat="22.3129902130" lon="114.2466259518"><ele>248.000</ele></trkpt>
      <trkpt lat="22.3129943091" lon="114.2466347859"><ele>248.000</ele></trkpt>
      <trkpt lat="22.3129981252" lon="114.2466437654"><ele>248.000</ele></trkpt>
      <trkpt lat="22.3130016613" lon="114.2466528806"><ele>247.000</ele></trkpt>
      <trkpt lat="22.3130075781" lon="114.2466695479"><ele>247.000</ele></trkpt>
      <trkpt lat="22.3130118278" lon="114.2466783044"><ele>247.000</ele></trkpt>
      <trkpt lat="22.3130167459" lon="114.2466866439"><ele>247.000</ele></trkpt>
      <trkpt lat="22.3130222782" lon="114.2466945081"><ele>247.000</ele></trkpt>
      <trkpt lat="22.3130292728" lon="114.2467041104"><ele>247.000</ele></trkpt>
      <trkpt lat="22.3130353382" lon="114.2467115187"><ele>247.000</ele></trkpt>
      <trkpt lat="22.3130417378" lon="114.2467185972"><ele>247.000</ele></trkpt>
      <trkpt lat="22.3130484537" lon="114.2467253168"><ele>247.000</ele></trkpt>
      <trkpt lat="22.3130573535" lon="114.2467354538"><ele>247.000</ele></trkpt>
      <trkpt lat="22.3130640603" lon="114.2467421831"><ele>247.000</ele></trkpt>
      <trkpt lat="22.3130710744" lon="114.2467485437"><ele>247.000</ele></trkpt>
      <trkpt lat="22.3130783956" lon="114.2467544968"><ele>247.000</ele></trkpt>
      <trkpt lat="22.3130859789" lon="114.2467600424"><ele>247.000</ele></trkpt>
      <trkpt lat="22.3130938243" lon="114.2467651515"><ele>247.000</ele></trkpt>
      <trkpt lat="22.3131089566" lon="114.2467720596"><ele>247.000</ele></trkpt>
      <trkpt lat="22.3131175251" lon="114.2467755773"><ele>247.000</ele></trkpt>
      <trkpt lat="22.3131261841" lon="114.2467788330"><ele>247.000</ele></trkpt>
      <trkpt lat="22.3131349154" lon="114.2467818266"><ele>247.000</ele></trkpt>
      <trkpt lat="22.3131437280" lon="114.2467845680"><ele>247.000</ele></trkpt>
      <trkpt lat="22.3131518365" lon="114.2467868334"><ele>247.000</ele></trkpt>
      <trkpt lat="22.3131522018" lon="114.2467774192"><ele>247.000</ele></trkpt>
      <trkpt lat="22.3131525262" lon="114.2467581539"><ele>246.000</ele></trkpt>
      <trkpt lat="22.3131523679" lon="114.2467482736"><ele>245.000</ele></trkpt>
      <trkpt lat="22.3131521956" lon="114.2467289207"><ele>245.000</ele></trkpt>
      <trkpt lat="22.3131498066" lon="114.2467193983"><ele>244.000</ele></trkpt>
      <trkpt lat="22.3131459454" lon="114.2467104479"><ele>244.000</ele></trkpt>
      <trkpt lat="22.3131424376" lon="114.2466985278"><ele>243.000</ele></trkpt>
      <trkpt lat="22.3131418458" lon="114.2466886958"><ele>243.000</ele></trkpt>
      <trkpt lat="22.3131431866" lon="114.2466789424"><ele>242.000</ele></trkpt>
      <trkpt lat="22.3131464145" lon="114.2466697140"><ele>242.000</ele></trkpt>
      <trkpt lat="22.3131538357" lon="114.2466533057"><ele>241.000</ele></trkpt>
      <trkpt lat="22.3131550409" lon="114.2466435328"><ele>241.000</ele></trkpt>
      <trkpt lat="22.3131541873" lon="114.2466337201"><ele>240.000</ele></trkpt>
      <trkpt lat="22.3131529306" lon="114.2466159001"><ele>239.000</ele></trkpt>
      <trkpt lat="22.3131536573" lon="114.2466060591"><ele>239.000</ele></trkpt>
      <trkpt lat="22.3131540178" lon="114.2465868520"><ele>238.000</ele></trkpt>
      <trkpt lat="22.3131527306" lon="114.2465770779"><ele>238.000</ele></trkpt>
      <trkpt lat="22.3131504500" lon="114.2465675168"><ele>238.000</ele></trkpt>
      <trkpt lat="22.3131470520" lon="114.2465521804"><ele>237.000</ele></trkpt>
      <trkpt lat="22.3131468124" lon="114.2465423194"><ele>237.000</ele></trkpt>
      <trkpt lat="22.3131480177" lon="114.2465325369"><ele>236.000</ele></trkpt>
      <trkpt lat="22.3131506587" lon="114.2465230850"><ele>236.000</ele></trkpt>
      <trkpt lat="22.3131546541" lon="114.2465142064"><ele>235.000</ele></trkpt>
      <trkpt lat="22.3131594184" lon="114.2465020671"><ele>235.000</ele></trkpt>
      <trkpt lat="22.3131614815" lon="114.2464924597"><ele>234.000</ele></trkpt>
      <trkpt lat="22.3131621901" lon="114.2464826186"><ele>234.000</ele></trkpt>
      <trkpt lat="22.3131615441" lon="114.2464727769"><ele>233.000</ele></trkpt>
      <trkpt lat="22.3131625424" lon="114.2464613540"><ele>232.000</ele></trkpt>
      <trkpt lat="22.3131660502" lon="114.2464522713"><ele>232.000</ele></trkpt>
      <trkpt lat="22.3131717337" lon="114.2464445583"><ele>232.000</ele></trkpt>
      <trkpt lat="22.3131791593" lon="114.2464388260"><ele>232.000</ele></trkpt>
      <trkpt lat="22.3131914258" lon="114.2464319702"><ele>231.000</ele></trkpt>
      <trkpt lat="22.3131975698" lon="114.2464246844"><ele>230.000</ele></trkpt>
      <trkpt lat="22.3132016012" lon="114.2464158447"><ele>230.000</ele></trkpt>
      <trkpt lat="22.3132031857" lon="114.2464061496"><ele>230.000</ele></trkpt>
      <trkpt lat="22.3132038319" lon="114.2463945421"><ele>229.000</ele></trkpt>
      <trkpt lat="22.3132041612" lon="114.2463846718"><ele>229.000</ele></trkpt>
      <trkpt lat="22.3132042828" lon="114.2463747916"><ele>228.000</ele></trkpt>
      <trkpt lat="22.3132042148" lon="114.2463649113"><ele>228.000</ele></trkpt>
      <trkpt lat="22.3132039391" lon="114.2463550407"><ele>228.000</ele></trkpt>
      <trkpt lat="22.3132061287" lon="114.2463452974"><ele>227.000</ele></trkpt>
      <trkpt lat="22.3132083363" lon="114.2463357094"><ele>227.000</ele></trkpt>
      <trkpt lat="22.3132105980" lon="114.2463261409"><ele>226.000</ele></trkpt>
      <trkpt lat="22.3132129049" lon="114.2463165821"><ele>226.000</ele></trkpt>
      <trkpt lat="22.3132152660" lon="114.2463070330"><ele>226.000</ele></trkpt>
      <trkpt lat="22.3132176813" lon="114.2462975033"><ele>226.000</ele></trkpt>
      <trkpt lat="22.3132201507" lon="114.2462879931"><ele>226.000</ele></trkpt>
      <trkpt lat="22.3132256035" lon="114.2462707976"><ele>225.000</ele></trkpt>
      <trkpt lat="22.3132283709" lon="114.2462613749"><ele>224.000</ele></trkpt>
      <trkpt lat="22.3132309938" lon="114.2462519133"><ele>223.000</ele></trkpt>
      <trkpt lat="22.3132334813" lon="114.2462424031"><ele>223.000</ele></trkpt>
      <trkpt lat="22.3132390657" lon="114.2462341756"><ele>223.000</ele></trkpt>
      <trkpt lat="22.3132429527" lon="114.2462252484"><ele>222.000</ele></trkpt>
      <trkpt lat="22.3132451964" lon="114.2462156896"><ele>222.000</ele></trkpt>
      <trkpt lat="22.3132457244" lon="114.2462058387"><ele>222.000</ele></trkpt>
      <trkpt lat="22.3132445185" lon="114.2461960646"><ele>222.000</ele></trkpt>
      <trkpt lat="22.3132427527" lon="114.2461860379"><ele>222.000</ele></trkpt>
      <trkpt lat="22.3132454208" lon="114.2461766831"><ele>221.000</ele></trkpt>
      <trkpt lat="22.3132517813" lon="114.2461696886"><ele>221.000</ele></trkpt>
      <trkpt lat="22.3132609502" lon="114.2461629769"><ele>220.000</ele></trkpt>
      <trkpt lat="22.3132626430" lon="114.2461534760"><ele>220.000</ele></trkpt>
      <trkpt lat="22.3132644826" lon="114.2461385498"><ele>220.000</ele></trkpt>
      <trkpt lat="22.3132694620" lon="114.2461303122"><ele>219.000</ele></trkpt>
      <trkpt lat="22.3132749289" lon="114.2461223855"><ele>219.000</ele></trkpt>
      <trkpt lat="22.3132810909" lon="114.2461150802"><ele>218.000</ele></trkpt>
      <trkpt lat="22.3132878937" lon="114.2461084644"><ele>218.000</ele></trkpt>
      <trkpt lat="22.3133027340" lon="114.2461014935"><ele>217.000</ele></trkpt>
      <trkpt lat="22.3133094917" lon="114.2460948485"><ele>216.000</ele></trkpt>
      <trkpt lat="22.3133146065" lon="114.2460866790"><ele>216.000</ele></trkpt>
      <trkpt lat="22.3133219254" lon="114.2460771226"><ele>215.000</ele></trkpt>
      <trkpt lat="22.3133279068" lon="114.2460696329"><ele>215.000</ele></trkpt>
      <trkpt lat="22.3133340056" lon="114.2460622597"><ele>214.000</ele></trkpt>
      <trkpt lat="22.3133402308" lon="114.2460550030"><ele>214.000</ele></trkpt>
      <trkpt lat="22.3133507668" lon="114.2460402072"><ele>213.000</ele></trkpt>
      <trkpt lat="22.3133554844" lon="114.2460317463"><ele>212.000</ele></trkpt>
      <trkpt lat="22.3133595700" lon="114.2460229066"><ele>212.000</ele></trkpt>
      <trkpt lat="22.3133629875" lon="114.2460137462"><ele>212.000</ele></trkpt>
      <trkpt lat="22.3133657368" lon="114.2460043235"><ele>211.000</ele></trkpt>
      <trkpt lat="22.3133678913" lon="114.2459921150"><ele>211.000</ele></trkpt>
      <trkpt lat="22.3133714261" lon="114.2459830129"><ele>210.000</ele></trkpt>
      <trkpt lat="22.3133764506" lon="114.2459747657"><ele>210.000</ele></trkpt>
      <trkpt lat="22.3133851172" lon="114.2459601728"><ele>209.000</ele></trkpt>
      <trkpt lat="22.3133879026" lon="114.2459507792"><ele>209.000</ele></trkpt>
      <trkpt lat="22.3133890085" lon="114.2459409868"><ele>209.000</ele></trkpt>
      <trkpt lat="22.3133883896" lon="114.2459311451"><ele>209.000</ele></trkpt>
      <trkpt lat="22.3133893519" lon="114.2459192854"><ele>208.000</ele></trkpt>
      <trkpt lat="22.3133902682" lon="114.2459094638"><ele>208.000</ele></trkpt>
      <trkpt lat="22.3133913109" lon="114.2458996520"><ele>208.000</ele></trkpt>
      <trkpt lat="22.3133924619" lon="114.2458898500"><ele>207.000</ele></trkpt>
      <trkpt lat="22.3133937304" lon="114.2458800674"><ele>207.000</ele></trkpt>
      <trkpt lat="22.3133951098" lon="114.2458641801"><ele>207.000</ele></trkpt>
      <trkpt lat="22.3133962067" lon="114.2458543781"><ele>206.000</ele></trkpt>
      <trkpt lat="22.3133974932" lon="114.2458445955"><ele>206.000</ele></trkpt>
      <trkpt lat="22.3133989693" lon="114.2458348422"><ele>206.000</ele></trkpt>
      <trkpt lat="22.3134006170" lon="114.2458251277"><ele>206.000</ele></trkpt>
      <trkpt lat="22.3134024544" lon="114.2458154522"><ele>205.000</ele></trkpt>
      <trkpt lat="22.3134044813" lon="114.2458058156"><ele>205.000</ele></trkpt>
      <trkpt lat="22.3134080441" lon="114.2457946753"><ele>205.000</ele></trkpt>
      <trkpt lat="22.3134100259" lon="114.2457850387"><ele>204.000</ele></trkpt>
      <trkpt lat="22.3134110596" lon="114.2457752269"><ele>204.000</ele></trkpt>
      <trkpt lat="22.3134111541" lon="114.2457653564"><ele>204.000</ele></trkpt>
      <trkpt lat="22.3134102913" lon="114.2457555243"><ele>204.000</ele></trkpt>
      <trkpt lat="22.3134084983" lon="114.2457458469"><ele>203.000</ele></trkpt>
      <trkpt lat="22.3134085662" lon="114.2457349379"><ele>203.000</ele></trkpt>
      <trkpt lat="22.3134100062" lon="114.2457251846"><ele>203.000</ele></trkpt>
      <trkpt lat="22.3134127374" lon="114.2457157715"><ele>203.000</ele></trkpt>
      <trkpt lat="22.3134166966" lon="114.2457068638"><ele>203.000</ele></trkpt>
      <trkpt lat="22.3134217933" lon="114.2456986651"><ele>202.000</ele></trkpt>
      <trkpt lat="22.3134279282" lon="114.2456913404"><ele>202.000</ele></trkpt>
      <trkpt lat="22.3134349748" lon="114.2456850352"><ele>201.000</ele></trkpt>
      <trkpt lat="22.3134420855" lon="114.2456763717"><ele>201.000</ele></trkpt>
      <trkpt lat="22.3134478052" lon="114.2456686489"><ele>201.000</ele></trkpt>
      <trkpt lat="22.3134531727" lon="114.2456606541"><ele>201.000</ele></trkpt>
      <trkpt lat="22.3134550705" lon="114.2456575299"><ele>201.000</ele></trkpt>
      <trkpt lat="22.3134581973" lon="114.2456523874"><ele>201.000</ele></trkpt>
      <trkpt lat="22.3134628426" lon="114.2456438780"><ele>200.000</ele></trkpt>
      <trkpt lat="22.3134671268" lon="114.2456351451"><ele>200.000</ele></trkpt>
      <trkpt lat="22.3134764440" lon="114.2456194169"><ele>200.000</ele></trkpt>
      <trkpt lat="22.3134819290" lon="114.2456114999"><ele>200.000</ele></trkpt>
      <trkpt lat="22.3134877659" lon="114.2456038936"><ele>200.000</ele></trkpt>
      <trkpt lat="22.3134939550" lon="114.2455966077"><ele>199.000</ele></trkpt>
      <trkpt lat="22.3135004780" lon="114.2455896618"><ele>199.000</ele></trkpt>
      <trkpt lat="22.3135073080" lon="114.2455830750"><ele>199.000</ele></trkpt>
      <trkpt lat="22.3135195041" lon="114.2455716478"><ele>199.000</ele></trkpt>
      <trkpt lat="22.3135279493" lon="114.2455678571"><ele>198.000</ele></trkpt>
      <trkpt lat="22.3135369716" lon="114.2455662504"><ele>198.000</ele></trkpt>
      <trkpt lat="22.3135469328" lon="114.2455651683"><ele>198.000</ele></trkpt>
      <trkpt lat="22.3135556937" lon="114.2455623191"><ele>198.000</ele></trkpt>
      <trkpt lat="22.3135609868" lon="114.2455593809"><ele>198.000</ele></trkpt>
      <trkpt lat="22.3135633986" lon="114.2455580427"><ele>198.000</ele></trkpt>
      <trkpt lat="22.3135685133" lon="114.2455547495"><ele>197.000</ele></trkpt>
      <trkpt lat="22.3135694156" lon="114.2455560895"><ele>197.000</ele></trkpt>
      <trkpt lat="22.3135745562" lon="114.2455636825"><ele>197.000</ele></trkpt>
      <trkpt lat="22.3135762558" lon="114.2455661689"><ele>197.000</ele></trkpt>
      <trkpt lat="22.3135795240" lon="114.2455709614"><ele>197.000</ele></trkpt>
      <trkpt lat="22.3135899776" lon="114.2455799923"><ele>197.000</ele></trkpt>
      <trkpt lat="22.3135970044" lon="114.2455829132"><ele>197.000</ele></trkpt>
      <trkpt lat="22.3136046948" lon="114.2455840530"><ele>197.000</ele></trkpt>
      <trkpt lat="22.3136124166" lon="114.2455832500"><ele>197.000</ele></trkpt>
      <trkpt lat="22.3136201378" lon="114.2455804246"><ele>197.000</ele></trkpt>
      <trkpt lat="22.3136310359" lon="114.2455750552"><ele>197.000</ele></trkpt>
      <trkpt lat="22.3136395499" lon="114.2455710796"><ele>197.000</ele></trkpt>
      <trkpt lat="22.3136481269" lon="114.2455672756"><ele>197.000</ele></trkpt>
      <trkpt lat="22.3136527733" lon="114.2455653101"><ele>197.000</ele></trkpt>
      <trkpt lat="22.3136566098" lon="114.2455636783"><ele>197.000</ele></trkpt>
      <trkpt lat="22.3136659847" lon="114.2455593559"><ele>196.000</ele></trkpt>
      <trkpt lat="22.3136747220" lon="114.2455557080"><ele>196.000</ele></trkpt>
      <trkpt lat="22.3136835768" lon="114.2455523884"><ele>196.000</ele></trkpt>
      <trkpt lat="22.3136925213" lon="114.2455493971"><ele>196.000</ele></trkpt>
      <trkpt lat="22.3137015598" lon="114.2455467328"><ele>196.000</ele></trkpt>
      <trkpt lat="22.3137106792" lon="114.2455444062"><ele>196.000</ele></trkpt>
      <trkpt lat="22.3137198639" lon="114.2455424070"><ele>196.000</ele></trkpt>
      <trkpt lat="22.3137291065" lon="114.2455407543"><ele>196.000</ele></trkpt>
      <trkpt lat="22.3137384027" lon="114.2455394393"><ele>196.000</ele></trkpt>
      <trkpt lat="22.3137477256" lon="114.2455384719"><ele>196.000</ele></trkpt>
      <trkpt lat="22.3137570732" lon="114.2455378417"><ele>196.000</ele></trkpt>
      <trkpt lat="22.3137664442" lon="114.2455375486"><ele>195.000</ele></trkpt>
      <trkpt lat="22.3137758495" lon="114.2455376129"><ele>195.000</ele></trkpt>
      <trkpt lat="22.3137943596" lon="114.2455386384"><ele>195.000</ele></trkpt>
      <trkpt lat="22.3138037520" lon="114.2455397436"><ele>195.000</ele></trkpt>
      <trkpt lat="22.3138130522" lon="114.2455412202"><ele>195.000</ele></trkpt>
      <trkpt lat="22.3138222868" lon="114.2455430846"><ele>194.000</ele></trkpt>
      <trkpt lat="22.3138314483" lon="114.2455453170"><ele>194.000</ele></trkpt>
      <trkpt lat="22.3138400315" lon="114.2455477946"><ele>194.000</ele></trkpt>
      <trkpt lat="22.3138539661" lon="114.2455497127"><ele>194.000</ele></trkpt>
      <trkpt lat="22.3138624377" lon="114.2455496810"><ele>194.000</ele></trkpt>
      <trkpt lat="22.3138713888" lon="114.2455486852"><ele>194.000</ele></trkpt>
      <trkpt lat="22.3138855092" lon="114.2455477577"><ele>194.000</ele></trkpt>
      <trkpt lat="22.3138944972" lon="114.2455468934"><ele>193.000</ele></trkpt>
      <trkpt lat="22.3139034691" lon="114.2455458074"><ele>193.000</ele></trkpt>
      <trkpt lat="22.3139124317" lon="114.2455445110"><ele>193.000</ele></trkpt>
      <trkpt lat="22.3139213489" lon="114.2455429947"><ele>193.000</ele></trkpt>
      <trkpt lat="22.3139302402" lon="114.2455412679"><ele>193.000</ele></trkpt>
      <trkpt lat="22.3139390978" lon="114.2455393206"><ele>193.000</ele></trkpt>
      <trkpt lat="22.3139479097" lon="114.2455371727"><ele>193.000</ele></trkpt>
      <trkpt lat="22.3139566654" lon="114.2455348057"><ele>192.000</ele></trkpt>
      <trkpt lat="22.3139653794" lon="114.2455322273"><ele>192.000</ele></trkpt>
      <trkpt lat="22.3139739752" lon="114.2455294594"><ele>192.000</ele></trkpt>
      <trkpt lat="22.3139907423" lon="114.2455231616"><ele>192.000</ele></trkpt>
      <trkpt lat="22.3139991594" lon="114.2455196831"><ele>192.000</ele></trkpt>
      <trkpt lat="22.3140075242" lon="114.2455160020"><ele>192.000</ele></trkpt>
      <trkpt lat="22.3140158317" lon="114.2455121270"><ele>192.000</ele></trkpt>
      <trkpt lat="22.3140240569" lon="114.2455080806"><ele>192.000</ele></trkpt>
      <trkpt lat="22.3140321998" lon="114.2455038437"><ele>191.000</ele></trkpt>
      <trkpt lat="22.3140402624" lon="114.2454994251"><ele>191.000</ele></trkpt>
      <trkpt lat="22.3140482293" lon="114.2454948232"><ele>191.000</ele></trkpt>
      <trkpt lat="22.3140561164" lon="114.2454900490"><ele>191.000</ele></trkpt>
      <trkpt lat="22.3140639051" lon="114.2454850930"><ele>191.000</ele></trkpt>
      <trkpt lat="22.3140715959" lon="114.2454799739"><ele>191.000</ele></trkpt>
      <trkpt lat="22.3140793388" lon="114.2454745683"><ele>191.000</ele></trkpt>
      <trkpt lat="22.3140899558" lon="114.2454677936"><ele>190.000</ele></trkpt>
      <trkpt lat="22.3140977716" lon="114.2454627238"><ele>190.000</ele></trkpt>
      <trkpt lat="22.3141055722" lon="114.2454575946"><ele>190.000</ele></trkpt>
      <trkpt lat="22.3141133396" lon="114.2454524149"><ele>190.000</ele></trkpt>
      <trkpt lat="22.3141210794" lon="114.2454471973"><ele>190.000</ele></trkpt>
      <trkpt lat="22.3141287899" lon="114.2454419229"><ele>190.000</ele></trkpt>
      <trkpt lat="22.3141364743" lon="114.2454365995"><ele>190.000</ele></trkpt>
      <trkpt lat="22.3141441228" lon="114.2454312280"><ele>190.000</ele></trkpt>
      <trkpt lat="22.3141517442" lon="114.2454258080"><ele>189.000</ele></trkpt>
      <trkpt lat="22.3141593311" lon="114.2454203387"><ele>189.000</ele></trkpt>
      <trkpt lat="22.3141668999" lon="114.2454148212"><ele>189.000</ele></trkpt>
      <trkpt lat="22.3141744302" lon="114.2454092572"><ele>189.000</ele></trkpt>
      <trkpt lat="22.3141820932" lon="114.2454035184"><ele>189.000</ele></trkpt>
      <trkpt lat="22.3141928171" lon="114.2453965213"><ele>189.000</ele></trkpt>
      <trkpt lat="22.3142008138" lon="114.2453914894"><ele>189.000</ele></trkpt>
      <trkpt lat="22.3142088558" lon="114.2453865809"><ele>188.000</ele></trkpt>
      <trkpt lat="22.3142169558" lon="114.2453817779"><ele>188.000</ele></trkpt>
      <trkpt lat="22.3142251207" lon="114.2453771016"><ele>188.000</ele></trkpt>
      <trkpt lat="22.3142333471" lon="114.2453725343"><ele>188.000</ele></trkpt>
      <trkpt lat="22.3142416201" lon="114.2453680936"><ele>188.000</ele></trkpt>
      <trkpt lat="22.3142499465" lon="114.2453637712"><ele>188.000</ele></trkpt>
      <trkpt lat="22.3142583276" lon="114.2453595662"><ele>188.000</ele></trkpt>
      <trkpt lat="22.3142667618" lon="114.2453554791"><ele>187.000</ele></trkpt>
      <trkpt lat="22.3142752432" lon="114.2453515091"><ele>187.000</ele></trkpt>
      <trkpt lat="22.3142837736" lon="114.2453476645"><ele>187.000</ele></trkpt>
      <trkpt lat="22.3142924949" lon="114.2453438884"><ele>187.000</ele></trkpt>
      <trkpt lat="22.3143074832" lon="114.2453385533"><ele>187.000</ele></trkpt>
      <trkpt lat="22.3143163306" lon="114.2453355976"><ele>187.000</ele></trkpt>
      <trkpt lat="22.3143188530" lon="114.2453347906"><ele>187.000</ele></trkpt>
      <trkpt lat="22.3143251989" lon="114.2453327713"><ele>186.000</ele></trkpt>
      <trkpt lat="22.3143341121" lon="114.2453300726"><ele>186.000</ele></trkpt>
      <trkpt lat="22.3143430420" lon="114.2453275213"><ele>186.000</ele></trkpt>
      <trkpt lat="22.3143520151" lon="114.2453250878"><ele>186.000</ele></trkpt>
      <trkpt lat="22.3143610198" lon="114.2453227908"><ele>186.000</ele></trkpt>
      <trkpt lat="22.3143700491" lon="114.2453206313"><ele>186.000</ele></trkpt>
      <trkpt lat="22.3143791049" lon="114.2453185992"><ele>186.000</ele></trkpt>
      <trkpt lat="22.3143881819" lon="114.2453167036"><ele>185.000</ele></trkpt>
      <trkpt lat="22.3143971859" lon="114.2453149646"><ele>186.000</ele></trkpt>
      <trkpt lat="22.3144118419" lon="114.2453118024"><ele>185.000</ele></trkpt>
      <trkpt lat="22.3144209229" lon="114.2453099780"><ele>185.000</ele></trkpt>
      <trkpt lat="22.3144300039" lon="114.2453082534"><ele>185.000</ele></trkpt>
      <trkpt lat="22.3144391122" lon="114.2453066265"><ele>185.000</ele></trkpt>
      <trkpt lat="22.3144482290" lon="114.2453050973"><ele>185.000</ele></trkpt>
      <trkpt lat="22.3144573634" lon="114.2453036660"><ele>184.000</ele></trkpt>
      <trkpt lat="22.3144664961" lon="114.2453023325"><ele>184.000</ele></trkpt>
      <trkpt lat="22.3144716585" lon="114.2453016317"><ele>184.000</ele></trkpt>
      <trkpt lat="22.3144756632" lon="114.2453010957"><ele>184.000</ele></trkpt>
      <trkpt lat="22.3144847604" lon="114.2452999653"><ele>184.000</ele></trkpt>
      <trkpt lat="22.3144941963" lon="114.2452986810"><ele>184.000</ele></trkpt>
      <trkpt lat="22.3145029937" lon="114.2452970795"><ele>184.000</ele></trkpt>
      <trkpt lat="22.3145117244" lon="114.2452950902"><ele>184.000</ele></trkpt>
      <trkpt lat="22.3145203686" lon="114.2452927223"><ele>184.000</ele></trkpt>
      <trkpt lat="22.3145289258" lon="114.2452899764"><ele>184.000</ele></trkpt>
      <trkpt lat="22.3145369074" lon="114.2452870320"><ele>183.000</ele></trkpt>
      <trkpt lat="22.3145478281" lon="114.2452800796"><ele>183.000</ele></trkpt>
      <trkpt lat="22.3145543946" lon="114.2452744176"><ele>183.000</ele></trkpt>
      <trkpt lat="22.3145603911" lon="114.2452679338"><ele>183.000</ele></trkpt>
      <trkpt lat="22.3145656665" lon="114.2452607678"><ele>183.000</ele></trkpt>
      <trkpt lat="22.3145704227" lon="114.2452525458"><ele>183.000</ele></trkpt>
      <trkpt lat="22.3145808144" lon="114.2452366851"><ele>183.000</ele></trkpt>
      <trkpt lat="22.3145863788" lon="114.2452286629"><ele>182.000</ele></trkpt>
      <trkpt lat="22.3145920642" lon="114.2452207624"><ele>182.000</ele></trkpt>
      <trkpt lat="22.3145978771" lon="114.2452129798"><ele>182.000</ele></trkpt>
      <trkpt lat="22.3146038191" lon="114.2452053039"><ele>182.000</ele></trkpt>
      <trkpt lat="22.3146098890" lon="114.2451977556"><ele>182.000</ele></trkpt>
      <trkpt lat="22.3146160867" lon="114.2451903154"><ele>181.000</ele></trkpt>
      <trkpt lat="22.3146224121" lon="114.2451830031"><ele>181.000</ele></trkpt>
      <trkpt lat="22.3146288471" lon="114.2451758187"><ele>181.000</ele></trkpt>
      <trkpt lat="22.3146353259" lon="114.2451688520"><ele>181.000</ele></trkpt>
      <trkpt lat="22.3146457445" lon="114.2451571298"><ele>181.000</ele></trkpt>
      <trkpt lat="22.3146524633" lon="114.2451501037"><ele>180.000</ele></trkpt>
      <trkpt lat="22.3146593567" lon="114.2451433146"><ele>180.000</ele></trkpt>
      <trkpt lat="22.3146664218" lon="114.2451367357"><ele>180.000</ele></trkpt>
      <trkpt lat="22.3146736528" lon="114.2451303837"><ele>180.000</ele></trkpt>
      <trkpt lat="22.3146810494" lon="114.2451242494"><ele>180.000</ele></trkpt>
      <trkpt lat="22.3146886123" lon="114.2451183419"><ele>180.000</ele></trkpt>
      <trkpt lat="22.3146963248" lon="114.2451126698"><ele>179.000</ele></trkpt>
      <trkpt lat="22.3147041910" lon="114.2451072467"><ele>179.000</ele></trkpt>
      <trkpt lat="22.3147121809" lon="114.2451020641"><ele>179.000</ele></trkpt>
      <trkpt lat="22.3147203155" lon="114.2450971146"><ele>179.000</ele></trkpt>
      <trkpt lat="22.3147285784" lon="114.2450924320"><ele>179.000</ele></trkpt>
      <trkpt lat="22.3147369286" lon="114.2450880139"><ele>179.000</ele></trkpt>
      <trkpt lat="22.3147529361" lon="114.2450799223"><ele>178.000</ele></trkpt>
      <trkpt lat="22.3147616484" lon="114.2450760780"><ele>178.000</ele></trkpt>
      <trkpt lat="22.3147704346" lon="114.2450725715"><ele>178.000</ele></trkpt>
      <trkpt lat="22.3147793245" lon="114.2450693817"><ele>178.000</ele></trkpt>
      <trkpt lat="22.3147883087" lon="114.2450665283"><ele>178.000</ele></trkpt>
      <trkpt lat="22.3147973862" lon="114.2450640022"><ele>177.000</ele></trkpt>
      <trkpt lat="22.3148107797" lon="114.2450608136"><ele>177.000</ele></trkpt>
      <trkpt lat="22.3148559326" lon="114.2450608355"><ele>176.000</ele></trkpt>
      <trkpt lat="22.3149010856" lon="114.2450608575"><ele>176.000</ele></trkpt>
      <trkpt lat="22.3149462386" lon="114.2450608794"><ele>175.000</ele></trkpt>
      <trkpt lat="22.3149913915" lon="114.2450609014"><ele>174.000</ele></trkpt>
      <trkpt lat="22.3150157409" lon="114.2450609132"><ele>174.000</ele></trkpt>
      <trkpt lat="22.3150525493" lon="114.2450328060"><ele>173.000</ele></trkpt>
      <trkpt lat="22.3150590798" lon="114.2450278193"><ele>173.000</ele></trkpt>
      <trkpt lat="22.3151039329" lon="114.2450222359"><ele>172.000</ele></trkpt>
      <trkpt lat="22.3151487861" lon="114.2450166526"><ele>172.000</ele></trkpt>
      <trkpt lat="22.3151724845" lon="114.2450137026"><ele>171.000</ele></trkpt>
      <trkpt lat="22.3152058684" lon="114.2449810275"><ele>171.000</ele></trkpt>
      <trkpt lat="22.3152392523" lon="114.2449483524"><ele>170.000</ele></trkpt>
      <trkpt lat="22.3152726363" lon="114.2449156773"><ele>170.000</ele></trkpt>
      <trkpt lat="22.3153060202" lon="114.2448830022"><ele>169.000</ele></trkpt>
      <trkpt lat="22.3153394041" lon="114.2448503270"><ele>169.000</ele></trkpt>
      <trkpt lat="22.3153727879" lon="114.2448176518"><ele>167.000</ele></trkpt>
      <trkpt lat="22.3154061718" lon="114.2447849767"><ele>167.000</ele></trkpt>
      <trkpt lat="22.3154395557" lon="114.2447523015"><ele>166.000</ele></trkpt>
      <trkpt lat="22.3154408336" lon="114.2447510506"><ele>166.000</ele></trkpt>
      <trkpt lat="22.3154760846" lon="114.2447207250"><ele>165.000</ele></trkpt>
      <trkpt lat="22.3154777956" lon="114.2447192530"><ele>165.000</ele></trkpt>
      <trkpt lat="22.3155213873" lon="114.2447168089"><ele>165.000</ele></trkpt>
      <trkpt lat="22.3155636850" lon="114.2447337920"><ele>164.000</ele></trkpt>
      <trkpt lat="22.3156059827" lon="114.2447507751"><ele>164.000</ele></trkpt>
      <trkpt lat="22.3156482803" lon="114.2447677583"><ele>163.000</ele></trkpt>
      <trkpt lat="22.3156553502" lon="114.2447705969"><ele>163.000</ele></trkpt>
      <trkpt lat="22.3156976844" lon="114.2447874744"><ele>162.000</ele></trkpt>
      <trkpt lat="22.3157400187" lon="114.2448043519"><ele>162.000</ele></trkpt>
      <trkpt lat="22.3157823529" lon="114.2448212295"><ele>162.000</ele></trkpt>
      <trkpt lat="22.3158246872" lon="114.2448381070"><ele>161.000</ele></trkpt>
      <trkpt lat="22.3158670214" lon="114.2448549846"><ele>160.000</ele></trkpt>
      <trkpt lat="22.3158702309" lon="114.2448562641"><ele>160.000</ele></trkpt>
      <trkpt lat="22.3159146095" lon="114.2448652126"><ele>160.000</ele></trkpt>
      <trkpt lat="22.3159589882" lon="114.2448741612"><ele>160.000</ele></trkpt>
      <trkpt lat="22.3160033669" lon="114.2448831097"><ele>159.000</ele></trkpt>
      <trkpt lat="22.3160240039" lon="114.2448872710"><ele>159.000</ele></trkpt>
      <trkpt lat="22.3160444973" lon="114.2449305134"><ele>159.000</ele></trkpt>
      <trkpt lat="22.3160649907" lon="114.2449737559"><ele>158.000</ele></trkpt>
      <trkpt lat="22.3160717876" lon="114.2449880979"><ele>158.000</ele></trkpt>
      <trkpt lat="22.3160894122" lon="114.2450327770"><ele>158.000</ele></trkpt>
      <trkpt lat="22.3161038662" lon="114.2450694185"><ele>158.000</ele></trkpt>
      <trkpt lat="22.3161133971" lon="114.2451133799"><ele>157.000</ele></trkpt>
      <trkpt lat="22.3161187071" lon="114.2451572602"><ele>157.000</ele></trkpt>
      <trkpt lat="22.3161145964" lon="114.2452055873"><ele>157.000</ele></trkpt>
      <trkpt lat="22.3161123760" lon="114.2452316916"><ele>156.000</ele></trkpt>
      <trkpt lat="22.3161108289" lon="114.2452801918"><ele>156.000</ele></trkpt>
      <trkpt lat="22.3161093529" lon="114.2453264635"><ele>156.000</ele></trkpt>
      <trkpt lat="22.3161103591" lon="114.2453749801"><ele>155.000</ele></trkpt>
      <trkpt lat="22.3161106134" lon="114.2453872458"><ele>155.000</ele></trkpt>
      <trkpt lat="22.3161193560" lon="114.2454180944"><ele>155.000</ele></trkpt>
      <trkpt lat="22.3161309092" lon="114.2454588600"><ele>155.000</ele></trkpt>
      <trkpt lat="22.3161496045" lon="114.2455030336"><ele>155.000</ele></trkpt>
      <trkpt lat="22.3161497720" lon="114.2455034293"><ele>155.000</ele></trkpt>
      <trkpt lat="22.3161716101" lon="114.2455430544"><ele>155.000</ele></trkpt>
      <trkpt lat="22.3162076366" lon="114.2455710777"><ele>155.000</ele></trkpt>
      <trkpt lat="22.3162332626" lon="114.2455894453"><ele>155.000</ele></trkpt>
      <trkpt lat="22.3162337461" lon="114.2455897916"><ele>155.000</ele></trkpt>
      <trkpt lat="22.3162492961" lon="114.2456009370"><ele>155.000</ele></trkpt>
      <trkpt lat="22.3162904246" lon="114.2456209644"><ele>155.000</ele></trkpt>
      <trkpt lat="22.3163315531" lon="114.2456409919"><ele>156.000</ele></trkpt>
      <trkpt lat="22.3163708408" lon="114.2456601230"><ele>156.000</ele></trkpt>
      <trkpt lat="22.3164152438" lon="114.2456513150"><ele>156.000</ele></trkpt>
      <trkpt lat="22.3164327779" lon="114.2456478368"><ele>156.000</ele></trkpt>
      <trkpt lat="22.3164756264" lon="114.2456631419"><ele>156.000</ele></trkpt>
      <trkpt lat="22.3165111967" lon="114.2456758472"><ele>156.000</ele></trkpt>
      <trkpt lat="22.3165477911" lon="114.2457042755"><ele>156.000</ele></trkpt>
      <trkpt lat="22.3165494656" lon="114.2457055763"><ele>156.000</ele></trkpt>
      <trkpt lat="22.3165771794" lon="114.2457438889"><ele>156.000</ele></trkpt>
      <trkpt lat="22.3165792022" lon="114.2457466851"><ele>156.000</ele></trkpt>
      <trkpt lat="22.3166010055" lon="114.2457891813"><ele>157.000</ele></trkpt>
      <trkpt lat="22.3166132022" lon="114.2458129534"><ele>157.000</ele></trkpt>
      <trkpt lat="22.3166304515" lon="114.2458578016"><ele>157.000</ele></trkpt>
      <trkpt lat="22.3166386773" lon="114.2458791884"><ele>157.000</ele></trkpt>
      <trkpt lat="22.3166620359" lon="114.2459066197"><ele>157.000</ele></trkpt>
      <trkpt lat="22.3166960602" lon="114.2459134878"><ele>157.000</ele></trkpt>
      <trkpt lat="22.3167364541" lon="114.2459112268"><ele>157.000</ele></trkpt>
      <trkpt lat="22.3167777068" lon="114.2458914964"><ele>157.000</ele></trkpt>
      <trkpt lat="22.3168189594" lon="114.2458717660"><ele>157.000</ele></trkpt>
      <trkpt lat="22.3168460455" lon="114.2458588112"><ele>157.000</ele></trkpt>
      <trkpt lat="22.3168849372" lon="114.2458341565"><ele>158.000</ele></trkpt>
      <trkpt lat="22.3168928285" lon="114.2458291539"><ele>157.000</ele></trkpt>
      <trkpt lat="22.3169220638" lon="114.2457921706"><ele>158.000</ele></trkpt>
      <trkpt lat="22.3169512991" lon="114.2457551872"><ele>158.000</ele></trkpt>
      <trkpt lat="22.3169523893" lon="114.2457538080"><ele>158.000</ele></trkpt>
      <trkpt lat="22.3169795032" lon="114.2457150026"><ele>157.000</ele></trkpt>
      <trkpt lat="22.3169970646" lon="114.2456898687"><ele>157.000</ele></trkpt>
      <trkpt lat="22.3170411711" lon="114.2456794811"><ele>157.000</ele></trkpt>
      <trkpt lat="22.3170852775" lon="114.2456690935"><ele>157.000</ele></trkpt>
      <trkpt lat="22.3171293839" lon="114.2456587059"><ele>157.000</ele></trkpt>
      <trkpt lat="22.3171734904" lon="114.2456483183"><ele>157.000</ele></trkpt>
      <trkpt lat="22.3172175968" lon="114.2456379307"><ele>156.000</ele></trkpt>
      <trkpt lat="22.3172617033" lon="114.2456275431"><ele>156.000</ele></trkpt>
      <trkpt lat="22.3173058097" lon="114.2456171555"><ele>156.000</ele></trkpt>
      <trkpt lat="22.3173066191" lon="114.2456169649"><ele>156.000</ele></trkpt>
      <trkpt lat="22.3173488028" lon="114.2455996571"><ele>156.000</ele></trkpt>
      <trkpt lat="22.3173789216" lon="114.2455872995"><ele>156.000</ele></trkpt>
      <trkpt lat="22.3174171975" lon="114.2455964621"><ele>156.000</ele></trkpt>
      <trkpt lat="22.3174458911" lon="114.2456339324"><ele>156.000</ele></trkpt>
      <trkpt lat="22.3174469458" lon="114.2456353097"><ele>156.000</ele></trkpt>
      <trkpt lat="22.3174843029" lon="114.2456625683"><ele>155.000</ele></trkpt>
      <trkpt lat="22.3175064571" lon="114.2456787337"><ele>155.000</ele></trkpt>
      <trkpt lat="22.3175511944" lon="114.2456853027"><ele>155.000</ele></trkpt>
      <trkpt lat="22.3175532137" lon="114.2456855992"><ele>155.000</ele></trkpt>
      <trkpt lat="22.3175967840" lon="114.2456728633"><ele>156.000</ele></trkpt>
      <trkpt lat="22.3175999898" lon="114.2456719262"><ele>156.000</ele></trkpt>
      <trkpt lat="22.3176415865" lon="114.2456530486"><ele>155.000</ele></trkpt>
      <trkpt lat="22.3176552767" lon="114.2456468356"><ele>156.000</ele></trkpt>
      <trkpt lat="22.3176938881" lon="114.2456216769"><ele>156.000</ele></trkpt>
      <trkpt lat="22.3177148310" lon="114.2456080307"><ele>155.000</ele></trkpt>
      <trkpt lat="22.3177415509" lon="114.2455689108"><ele>155.000</ele></trkpt>
      <trkpt lat="22.3177646500" lon="114.2455350921"><ele>155.000</ele></trkpt>
      <trkpt lat="22.3177987077" lon="114.2455032297"><ele>155.000</ele></trkpt>
      <trkpt lat="22.3178327653" lon="114.2454713673"><ele>155.000</ele></trkpt>
      <trkpt lat="22.3178668229" lon="114.2454395048"><ele>155.000</ele></trkpt>
      <trkpt lat="22.3179008806" lon="114.2454076423"><ele>156.000</ele></trkpt>
      <trkpt lat="22.3179349382" lon="114.2453757799"><ele>156.000</ele></trkpt>
      <trkpt lat="22.3179519629" lon="114.2453598525"><ele>156.000</ele></trkpt>
      <trkpt lat="22.3179850998" lon="114.2453268876"><ele>156.000</ele></trkpt>
      <trkpt lat="22.3180182367" lon="114.2452939227"><ele>156.000</ele></trkpt>
      <trkpt lat="22.3180391628" lon="114.2452731051"><ele>156.000</ele></trkpt>
      <trkpt lat="22.3180696639" lon="114.2452373218"><ele>156.000</ele></trkpt>
      <trkpt lat="22.3181001650" lon="114.2452015385"><ele>156.000</ele></trkpt>
      <trkpt lat="22.3181306338" lon="114.2451657930"><ele>157.000</ele></trkpt>
      <trkpt lat="22.3181637003" lon="114.2451327466"><ele>157.000</ele></trkpt>
      <trkpt lat="22.3181923025" lon="114.2451041616"><ele>157.000</ele></trkpt>
      <trkpt lat="22.3182267288" lon="114.2450727600"><ele>157.000</ele></trkpt>
      <trkpt lat="22.3182348439" lon="114.2450653578"><ele>157.000</ele></trkpt>
      <trkpt lat="22.3182762619" lon="114.2450460314"><ele>157.000</ele></trkpt>
      <trkpt lat="22.3182837551" lon="114.2450425349"><ele>157.000</ele></trkpt>
      <trkpt lat="22.3183275067" lon="114.2450305383"><ele>157.000</ele></trkpt>
      <trkpt lat="22.3183641456" lon="114.2450204921"><ele>157.000</ele></trkpt>
      <trkpt lat="22.3183659059" lon="114.2450200086"><ele>157.000</ele></trkpt>
      <trkpt lat="22.3184110589" lon="114.2450200305"><ele>156.000</ele></trkpt>
      <trkpt lat="22.3184169287" lon="114.2450200334"><ele>156.000</ele></trkpt>
      <trkpt lat="22.3184616509" lon="114.2450267210"><ele>156.000</ele></trkpt>
      <trkpt lat="22.3184724092" lon="114.2450283298"><ele>156.000</ele></trkpt>
      <trkpt lat="22.3184934672" lon="114.2450314847"><ele>156.000</ele></trkpt>
      <trkpt lat="22.3185365604" lon="114.2450459748"><ele>156.000</ele></trkpt>
      <trkpt lat="22.3185614850" lon="114.2450543558"><ele>155.000</ele></trkpt>
      <trkpt lat="22.3186001963" lon="114.2450793366"><ele>155.000</ele></trkpt>
      <trkpt lat="22.3186146337" lon="114.2450886532"><ele>155.000</ele></trkpt>
      <trkpt lat="22.3186465565" lon="114.2451229743"><ele>155.000</ele></trkpt>
      <trkpt lat="22.3186613820" lon="114.2451389137"><ele>155.000</ele></trkpt>
      <trkpt lat="22.3186844988" lon="114.2451806008"><ele>154.000</ele></trkpt>
      <trkpt lat="22.3186966828" lon="114.2452025726"><ele>154.000</ele></trkpt>
      <trkpt lat="22.3187079075" lon="114.2452495787"><ele>153.000</ele></trkpt>
      <trkpt lat="22.3187157759" lon="114.2452825295"><ele>153.000</ele></trkpt>
      <trkpt lat="22.3187350687" lon="114.2453170823"><ele>153.000</ele></trkpt>
      <trkpt lat="22.3187628421" lon="114.2453281509"><ele>152.000</ele></trkpt>
      <trkpt lat="22.3188068428" lon="114.2453172577"><ele>152.000</ele></trkpt>
      <trkpt lat="22.3188178170" lon="114.2453145409"><ele>152.000</ele></trkpt>
      <trkpt lat="22.3188591967" lon="114.2452951200"><ele>152.000</ele></trkpt>
      <trkpt lat="22.3188858670" lon="114.2452826027"><ele>151.000</ele></trkpt>
      <trkpt lat="22.3189253194" lon="114.2452664810"><ele>151.000</ele></trkpt>
      <trkpt lat="22.3189305219" lon="114.2452643580"><ele>151.000</ele></trkpt>
      <trkpt lat="22.3189687845" lon="114.2452643766"><ele>151.000</ele></trkpt>
      <trkpt lat="22.3190137334" lon="114.2452689851"><ele>151.000</ele></trkpt>
      <trkpt lat="22.3190311832" lon="114.2452707741"><ele>151.000</ele></trkpt>
      <trkpt lat="22.3190362943" lon="114.2452713007"><ele>151.000</ele></trkpt>
      <trkpt lat="22.3190814121" lon="114.2452693867"><ele>151.000</ele></trkpt>
      <trkpt lat="22.3190894493" lon="114.2452690458"><ele>151.000</ele></trkpt>
      <trkpt lat="22.3191318009" lon="114.2452522181"><ele>151.000</ele></trkpt>
      <trkpt lat="22.3191468574" lon="114.2452462357"><ele>151.000</ele></trkpt>
      <trkpt lat="22.3191859822" lon="114.2452220103"><ele>150.000</ele></trkpt>
      <trkpt lat="22.3192021481" lon="114.2452120006"><ele>149.000</ele></trkpt>
      <trkpt lat="22.3192390302" lon="114.2451840046"><ele>149.000</ele></trkpt>
      <trkpt lat="22.3192759123" lon="114.2451560085"><ele>149.000</ele></trkpt>
      <trkpt lat="22.3192893483" lon="114.2451458096"><ele>148.000</ele></trkpt>
      <trkpt lat="22.3193231859" lon="114.2451136773"><ele>148.000</ele></trkpt>
      <trkpt lat="22.3193446466" lon="114.2450932982"><ele>148.000</ele></trkpt>
      <trkpt lat="22.3193706550" lon="114.2450536277"><ele>148.000</ele></trkpt>
      <trkpt lat="22.3193850664" lon="114.2450316462"><ele>148.000</ele></trkpt>
      <trkpt lat="22.3194133034" lon="114.2449937767"><ele>148.000</ele></trkpt>
      <trkpt lat="22.3194415404" lon="114.2449559072"><ele>148.000</ele></trkpt>
      <trkpt lat="22.3194461838" lon="114.2449496798"><ele>148.000</ele></trkpt>
      <trkpt lat="22.3194788706" lon="114.2449161996"><ele>148.000</ele></trkpt>
      <trkpt lat="22.3194929824" lon="114.2449017453"><ele>148.000</ele></trkpt>
      <trkpt lat="22.3195317175" lon="114.2448768072"><ele>148.000</ele></trkpt>
      <trkpt lat="22.3195461598" lon="114.2448675090"><ele>148.000</ele></trkpt>
      <trkpt lat="22.3195912900" lon="114.2448659685"><ele>147.000</ele></trkpt>
      <trkpt lat="22.3196364202" lon="114.2448644279"><ele>147.000</ele></trkpt>
      <trkpt lat="22.3196670608" lon="114.2448633819"><ele>147.000</ele></trkpt>
      <trkpt lat="22.3197119703" lon="114.2448679420"><ele>146.000</ele></trkpt>
      <trkpt lat="22.3197410928" lon="114.2449050288"><ele>147.000</ele></trkpt>
      <trkpt lat="22.3197702152" lon="114.2449421156"><ele>147.000</ele></trkpt>
      <trkpt lat="22.3197779125" lon="114.2449519179"><ele>147.000</ele></trkpt>
      <trkpt lat="22.3198103155" lon="114.2449857155"><ele>148.000</ele></trkpt>
      <trkpt lat="22.3198427185" lon="114.2450195130"><ele>148.000</ele></trkpt>
      <trkpt lat="22.3198561594" lon="114.2450335324"><ele>148.000</ele></trkpt>
      <trkpt lat="22.3198277062" lon="114.2450712145"><ele>148.000</ele></trkpt>
      <trkpt lat="22.3198202993" lon="114.2450810238"><ele>148.000</ele></trkpt>
      <trkpt lat="22.3198196914" lon="114.2451060621"><ele>148.000</ele></trkpt>
      <trkpt lat="22.3198131107" lon="114.2451298133"><ele>148.000</ele></trkpt>
      <trkpt lat="22.3197845023" lon="114.2451673595"><ele>147.000</ele></trkpt>
      <trkpt lat="22.3197754576" lon="114.2451792298"><ele>147.000</ele></trkpt>
      <trkpt lat="22.3198095410" lon="114.2452110609"><ele>147.000</ele></trkpt>
      <trkpt lat="22.3198297938" lon="114.2452299754"><ele>147.000</ele></trkpt>
      <trkpt lat="22.3198501126" lon="114.2452081568"><ele>148.000</ele></trkpt>
      <trkpt lat="22.3198856378" lon="114.2452381114"><ele>148.000</ele></trkpt>
      <trkpt lat="22.3198942998" lon="114.2452454151"><ele>148.000</ele></trkpt>
      <trkpt lat="22.3199271042" lon="114.2452120679"><ele>148.000</ele></trkpt>
      <trkpt lat="22.3199391193" lon="114.2451998539"><ele>148.000</ele></trkpt>
      <trkpt lat="22.3199558501" lon="114.2451870218"><ele>148.000</ele></trkpt>
      <trkpt lat="22.3199707870" lon="114.2451786829"><ele>149.000</ele></trkpt>
      <trkpt lat="22.3199937862" lon="114.2451748420"><ele>149.000</ele></trkpt>
      <trkpt lat="22.3200215588" lon="114.2451828807"><ele>149.000</ele></trkpt>
      <trkpt lat="22.3200590870" lon="114.2452098668"><ele>149.000</ele></trkpt>
      <trkpt lat="22.3200791845" lon="114.2452243187"><ele>149.000</ele></trkpt>
      <trkpt lat="22.3201182483" lon="114.2452486577"><ele>149.000</ele></trkpt>
      <trkpt lat="22.3201573120" lon="114.2452729968"><ele>149.000</ele></trkpt>
      <trkpt lat="22.3201848853" lon="114.2452901765"><ele>149.000</ele></trkpt>
      <trkpt lat="22.3202253345" lon="114.2453117435"><ele>149.000</ele></trkpt>
      <trkpt lat="22.3202657837" lon="114.2453333105"><ele>149.000</ele></trkpt>
      <trkpt lat="22.3203062329" lon="114.2453548775"><ele>149.000</ele></trkpt>
      <trkpt lat="22.3203180614" lon="114.2453611843"><ele>148.000</ele></trkpt>
      <trkpt lat="22.3203600186" lon="114.2453791172"><ele>148.000</ele></trkpt>
      <trkpt lat="22.3204019757" lon="114.2453970501"><ele>148.000</ele></trkpt>
      <trkpt lat="22.3204225766" lon="114.2454058552"><ele>148.000</ele></trkpt>
      <trkpt lat="22.3204656407" lon="114.2454204452"><ele>148.000</ele></trkpt>
      <trkpt lat="22.3204814058" lon="114.2454257864"><ele>148.000</ele></trkpt>
      <trkpt lat="22.3205253887" lon="114.2454367626"><ele>148.000</ele></trkpt>
      <trkpt lat="22.3205548705" lon="114.2454441199"><ele>148.000</ele></trkpt>
      <trkpt lat="22.3205995108" lon="114.2454514118"><ele>148.000</ele></trkpt>
      <trkpt lat="22.3206441511" lon="114.2454587037"><ele>148.000</ele></trkpt>
      <trkpt lat="22.3206534244" lon="114.2454602185"><ele>148.000</ele></trkpt>
      <trkpt lat="22.3206985765" lon="114.2454605195"><ele>148.000</ele></trkpt>
      <trkpt lat="22.3207437286" lon="114.2454608205"><ele>148.000</ele></trkpt>
      <trkpt lat="22.3207573608" lon="114.2454609114"><ele>148.000</ele></trkpt>
      <trkpt lat="22.3208024197" lon="114.2454577812"><ele>148.000</ele></trkpt>
      <trkpt lat="22.3208474786" lon="114.2454546510"><ele>148.000</ele></trkpt>
      <trkpt lat="22.3208583135" lon="114.2454538984"><ele>148.000</ele></trkpt>
      <trkpt lat="22.3209029604" lon="114.2454466530"><ele>148.000</ele></trkpt>
      <trkpt lat="22.3209476073" lon="114.2454394077"><ele>148.000</ele></trkpt>
      <trkpt lat="22.3209922542" lon="114.2454321624"><ele>148.000</ele></trkpt>
      <trkpt lat="22.3210369011" lon="114.2454249171"><ele>148.000</ele></trkpt>
      <trkpt lat="22.3210815480" lon="114.2454176717"><ele>148.000</ele></trkpt>
      <trkpt lat="22.3211261949" lon="114.2454104264"><ele>148.000</ele></trkpt>
      <trkpt lat="22.3211462499" lon="114.2454071719"><ele>148.000</ele></trkpt>
      <trkpt lat="22.3211910552" lon="114.2454011610"><ele>147.000</ele></trkpt>
      <trkpt lat="22.3212358604" lon="114.2453951502"><ele>147.000</ele></trkpt>
      <trkpt lat="22.3212806657" lon="114.2453891394"><ele>147.000</ele></trkpt>
      <trkpt lat="22.3213254710" lon="114.2453831285"><ele>146.000</ele></trkpt>
      <trkpt lat="22.3213702762" lon="114.2453771177"><ele>146.000</ele></trkpt>
      <trkpt lat="22.3214132745" lon="114.2453713492"><ele>145.000</ele></trkpt>
      <trkpt lat="22.3214583351" lon="114.2453682467"><ele>145.000</ele></trkpt>
      <trkpt lat="22.3215033956" lon="114.2453651442"><ele>144.000</ele></trkpt>
      <trkpt lat="22.3215484562" lon="114.2453620417"><ele>144.000</ele></trkpt>
      <trkpt lat="22.3215799364" lon="114.2453598743"><ele>143.000</ele></trkpt>
      <trkpt lat="22.3216246618" lon="114.2453665362"><ele>143.000</ele></trkpt>
      <trkpt lat="22.3216693873" lon="114.2453731981"><ele>142.000</ele></trkpt>
      <trkpt lat="22.3216880476" lon="114.2453759776"><ele>142.000</ele></trkpt>
      <trkpt lat="22.3217302546" lon="114.2453932198"><ele>141.000</ele></trkpt>
      <trkpt lat="22.3217698686" lon="114.2454094028"><ele>141.000</ele></trkpt>
      <trkpt lat="22.3218069612" lon="114.2454370762"><ele>140.000</ele></trkpt>
      <trkpt lat="22.3218440537" lon="114.2454647497"><ele>140.000</ele></trkpt>
      <trkpt lat="22.3218811463" lon="114.2454924232"><ele>139.000</ele></trkpt>
      <trkpt lat="22.3218887012" lon="114.2454980596"><ele>139.000</ele></trkpt>
      <trkpt lat="22.3219200823" lon="114.2455329539"><ele>139.000</ele></trkpt>
      <trkpt lat="22.3219514634" lon="114.2455678481"><ele>138.000</ele></trkpt>
      <trkpt lat="22.3219597508" lon="114.2455770633"><ele>138.000</ele></trkpt>
      <trkpt lat="22.3219820017" lon="114.2456192923"><ele>138.000</ele></trkpt>
      <trkpt lat="22.3220027244" lon="114.2456586211"><ele>138.000</ele></trkpt>
      <trkpt lat="22.3220159406" lon="114.2457050264"><ele>138.000</ele></trkpt>
      <trkpt lat="22.3220291568" lon="114.2457514317"><ele>138.000</ele></trkpt>
      <trkpt lat="22.3220414936" lon="114.2457947489"><ele>137.000</ele></trkpt>
      <trkpt lat="22.3220435708" lon="114.2458432283"><ele>138.000</ele></trkpt>
      <trkpt lat="22.3220456480" lon="114.2458917076"><ele>137.000</ele></trkpt>
      <trkpt lat="22.3220474081" lon="114.2459327866"><ele>137.000</ele></trkpt>
      <trkpt lat="22.3220922098" lon="114.2459388281"><ele>137.000</ele></trkpt>
      <trkpt lat="22.3221370114" lon="114.2459448697"><ele>137.000</ele></trkpt>
      <trkpt lat="22.3221381982" lon="114.2459450297"><ele>137.000</ele></trkpt>
      <trkpt lat="22.3221429918" lon="114.2459097209"><ele>138.000</ele></trkpt>
      <trkpt lat="22.3221437235" lon="114.2458611965"><ele>138.000</ele></trkpt>
      <trkpt lat="22.3221442212" lon="114.2458281844"><ele>138.000</ele></trkpt>
      <trkpt lat="22.3221883882" lon="114.2458180981"><ele>137.000</ele></trkpt>
      <trkpt lat="22.3222325552" lon="114.2458080118"><ele>137.000</ele></trkpt>
      <trkpt lat="22.3222326451" lon="114.2458079913"><ele>137.000</ele></trkpt>
      <trkpt lat="22.3222345820" lon="114.2458078716"><ele>137.000</ele></trkpt>
      <trkpt lat="22.3222561905" lon="114.2458065120"><ele>136.000</ele></trkpt>
      <trkpt lat="22.3222844281" lon="114.2458032898"><ele>136.000</ele></trkpt>
      <trkpt lat="22.3222879418" lon="114.2458030501"><ele>136.000</ele></trkpt>
      <trkpt lat="22.3222926579" lon="114.2458022058"><ele>135.000</ele></trkpt>
      <trkpt lat="22.3223362144" lon="114.2457953749"><ele>134.000</ele></trkpt>
      <trkpt lat="22.3223487029" lon="114.2457923826"><ele>134.000</ele></trkpt>
      <trkpt lat="22.3223635548" lon="114.2457904513"><ele>134.000</ele></trkpt>
      <trkpt lat="22.3223811876" lon="114.2457900676"><ele>133.000</ele></trkpt>
      <trkpt lat="22.3224066448" lon="114.2457912839"><ele>133.000</ele></trkpt>
      <trkpt lat="22.3224267919" lon="114.2457947461"><ele>133.000</ele></trkpt>
      <trkpt lat="22.3224715602" lon="114.2458010670"><ele>132.000</ele></trkpt>
      <trkpt lat="22.3224853890" lon="114.2458030195"><ele>131.000</ele></trkpt>
      <trkpt lat="22.3225303451" lon="114.2458075456"><ele>131.000</ele></trkpt>
      <trkpt lat="22.3225327763" lon="114.2458077904"><ele>131.000</ele></trkpt>
      <trkpt lat="22.3225774686" lon="114.2458147048"><ele>131.000</ele></trkpt>
      <trkpt lat="22.3225803973" lon="114.2458151579"><ele>131.000</ele></trkpt>
      <trkpt lat="22.3225977616" lon="114.2458178451"><ele>130.000</ele></trkpt>
      <trkpt lat="22.3226424909" lon="114.2458244773"><ele>130.000</ele></trkpt>
      <trkpt lat="22.3226534691" lon="114.2458261051"><ele>130.000</ele></trkpt>
      <trkpt lat="22.3226977647" lon="114.2458355174"><ele>130.000</ele></trkpt>
      <trkpt lat="22.3227420603" lon="114.2458449298"><ele>130.000</ele></trkpt>
      <trkpt lat="22.3227432214" lon="114.2458451765"><ele>130.000</ele></trkpt>
      <trkpt lat="22.3227871605" lon="114.2458563536"><ele>130.000</ele></trkpt>
      <trkpt lat="22.3227954128" lon="114.2458584528"><ele>130.000</ele></trkpt>
      <trkpt lat="22.3228370195" lon="114.2458773054"><ele>130.000</ele></trkpt>
      <trkpt lat="22.3228612856" lon="114.2458883007"><ele>130.000</ele></trkpt>
      <trkpt lat="22.3229019572" lon="114.2459093793"><ele>130.000</ele></trkpt>
      <trkpt lat="22.3229120877" lon="114.2459146296"><ele>130.000</ele></trkpt>
      <trkpt lat="22.3229158817" lon="114.2459171883"><ele>130.000</ele></trkpt>
      <trkpt lat="22.3229427045" lon="114.2459275769"><ele>130.000</ele></trkpt>
      <trkpt lat="22.3229844966" lon="114.2459459497"><ele>130.000</ele></trkpt>
      <trkpt lat="22.3230262888" lon="114.2459643225"><ele>129.000</ele></trkpt>
      <trkpt lat="22.3230342414" lon="114.2459678186"><ele>129.000</ele></trkpt>
      <trkpt lat="22.3230724506" lon="114.2459886461"><ele>129.000</ele></trkpt>
      <trkpt lat="22.3231135817" lon="114.2460086684"><ele>129.000</ele></trkpt>
      <trkpt lat="22.3231137085" lon="114.2460087302"><ele>129.000</ele></trkpt>
      <trkpt lat="22.3231323959" lon="114.2460173202"><ele>128.000</ele></trkpt>
      <trkpt lat="22.3231516447" lon="114.2460238377"><ele>128.000</ele></trkpt>
      <trkpt lat="22.3231722857" lon="114.2460284935"><ele>128.000</ele></trkpt>
      <trkpt lat="22.3232078212" lon="114.2460314697"><ele>128.000</ele></trkpt>
      <trkpt lat="22.3232467075" lon="114.2460352348"><ele>128.000</ele></trkpt>
      <trkpt lat="22.3232912074" lon="114.2460270105"><ele>128.000</ele></trkpt>
      <trkpt lat="22.3233225524" lon="114.2460212175"><ele>128.000</ele></trkpt>
      <trkpt lat="22.3233589153" lon="114.2459924468"><ele>128.000</ele></trkpt>
      <trkpt lat="22.3233724993" lon="114.2459816989"><ele>128.000</ele></trkpt>
      <trkpt lat="22.3233957527" lon="114.2459400982"><ele>128.000</ele></trkpt>
      <trkpt lat="22.3234190060" lon="114.2458984974"><ele>128.000</ele></trkpt>
      <trkpt lat="22.3234195575" lon="114.2458975108"><ele>128.000</ele></trkpt>
      <trkpt lat="22.3234307287" lon="114.2458504883"><ele>128.000</ele></trkpt>
      <trkpt lat="22.3234418999" lon="114.2458034659"><ele>128.000</ele></trkpt>
      <trkpt lat="22.3234530711" lon="114.2457564434"><ele>128.000</ele></trkpt>
      <trkpt lat="22.3234533653" lon="114.2457552048"><ele>128.000</ele></trkpt>
      <trkpt lat="22.3234699801" lon="114.2457100785"><ele>128.000</ele></trkpt>
      <trkpt lat="22.3234777942" lon="114.2456888551"><ele>128.000</ele></trkpt>
      <trkpt lat="22.3235057205" lon="114.2456588668"><ele>129.000</ele></trkpt>
      <trkpt lat="22.3235491436" lon="114.2456455628"><ele>129.000</ele></trkpt>
      <trkpt lat="22.3235597123" lon="114.2456423247"><ele>129.000</ele></trkpt>
      <trkpt lat="22.3236037329" lon="114.2456315244"><ele>129.000</ele></trkpt>
      <trkpt lat="22.3236477535" lon="114.2456207240"><ele>129.000</ele></trkpt>
      <trkpt lat="22.3236917741" lon="114.2456099236"><ele>129.000</ele></trkpt>
      <trkpt lat="22.3237357947" lon="114.2455991233"><ele>130.000</ele></trkpt>
      <trkpt lat="22.3237749697" lon="114.2455895117"><ele>130.000</ele></trkpt>
      <trkpt lat="22.3238186679" lon="114.2455772922"><ele>130.000</ele></trkpt>
      <trkpt lat="22.3238556806" lon="114.2455669422"><ele>130.000</ele></trkpt>
      <trkpt lat="22.3239001673" lon="114.2455586357"><ele>130.000</ele></trkpt>
      <trkpt lat="22.3239446539" lon="114.2455503292"><ele>130.000</ele></trkpt>
      <trkpt lat="22.3239891405" lon="114.2455420227"><ele>130.000</ele></trkpt>
      <trkpt lat="22.3240239929" lon="114.2455355151"><ele>130.000</ele></trkpt>
      <trkpt lat="22.3240684710" lon="114.2455271557"><ele>130.000</ele></trkpt>
      <trkpt lat="22.3241129490" lon="114.2455187963"><ele>131.000</ele></trkpt>
      <trkpt lat="22.3241195441" lon="114.2455175568"><ele>131.000</ele></trkpt>
      <trkpt lat="22.3241636843" lon="114.2455073359"><ele>131.000</ele></trkpt>
      <trkpt lat="22.3241721980" lon="114.2455053645"><ele>131.000</ele></trkpt>
      <trkpt lat="22.3242147750" lon="114.2454892066"><ele>132.000</ele></trkpt>
      <trkpt lat="22.3242298400" lon="114.2454834895"><ele>132.000</ele></trkpt>
      <trkpt lat="22.3242635681" lon="114.2454512232"><ele>132.000</ele></trkpt>
      <trkpt lat="22.3242972962" lon="114.2454189569"><ele>133.000</ele></trkpt>
      <trkpt lat="22.3243310243" lon="114.2453866905"><ele>133.000</ele></trkpt>
      <trkpt lat="22.3243647523" lon="114.2453544242"><ele>134.000</ele></trkpt>
      <trkpt lat="22.3243984804" lon="114.2453221578"><ele>134.000</ele></trkpt>
      <trkpt lat="22.3244219441" lon="114.2452997110"><ele>134.000</ele></trkpt>
      <trkpt lat="22.3244615541" lon="114.2452764133"><ele>135.000</ele></trkpt>
      <trkpt lat="22.3244732867" lon="114.2452695125"><ele>135.000</ele></trkpt>
      <trkpt lat="22.3245184265" lon="114.2452683406"><ele>135.000</ele></trkpt>
      <trkpt lat="22.3245462248" lon="114.2452676189"><ele>135.000</ele></trkpt>
      <trkpt lat="22.3245866730" lon="114.2452891887"><ele>135.000</ele></trkpt>
      <trkpt lat="22.3246138155" lon="114.2453036628"><ele>135.000</ele></trkpt>
      <trkpt lat="22.3246506654" lon="114.2453317089"><ele>135.000</ele></trkpt>
      <trkpt lat="22.3246875152" lon="114.2453597550"><ele>136.000</ele></trkpt>
      <trkpt lat="22.3246931415" lon="114.2453640371"><ele>136.000</ele></trkpt>
      <trkpt lat="22.3247352789" lon="114.2453814755"><ele>136.000</ele></trkpt>
      <trkpt lat="22.3247608861" lon="114.2453920729"><ele>137.000</ele></trkpt>
      <trkpt lat="22.3248054234" lon="114.2454000599"><ele>137.000</ele></trkpt>
      <trkpt lat="22.3248079951" lon="114.2454005211"><ele>137.000</ele></trkpt>
      <trkpt lat="22.3248530349" lon="114.2453970879"><ele>138.000</ele></trkpt>
      <trkpt lat="22.3248807478" lon="114.2453949755"><ele>138.000</ele></trkpt>
      <trkpt lat="22.3249258852" lon="114.2453962490"><ele>139.000</ele></trkpt>
      <trkpt lat="22.3249710226" lon="114.2453975225"><ele>140.000</ele></trkpt>
      <trkpt lat="22.3250161599" lon="114.2453987960"><ele>141.000</ele></trkpt>
      <trkpt lat="22.3250612973" lon="114.2454000695"><ele>141.000</ele></trkpt>
      <trkpt lat="22.3251064347" lon="114.2454013430"><ele>142.000</ele></trkpt>
      <trkpt lat="22.3251515720" lon="114.2454026165"><ele>143.000</ele></trkpt>
      <trkpt lat="22.3251967094" lon="114.2454038901"><ele>143.000</ele></trkpt>
      <trkpt lat="22.3252418468" lon="114.2454051636"><ele>144.000</ele></trkpt>
      <trkpt lat="22.3252869841" lon="114.2454064371"><ele>144.000</ele></trkpt>
      <trkpt lat="22.3253321215" lon="114.2454077106"><ele>145.000</ele></trkpt>
      <trkpt lat="22.3253772589" lon="114.2454089841"><ele>145.000</ele></trkpt>
      <trkpt lat="22.3253957254" lon="114.2454095052"><ele>146.000</ele></trkpt>
      <trkpt lat="22.3254396155" lon="114.2454209029"><ele>146.000</ele></trkpt>
      <trkpt lat="22.3254835055" lon="114.2454323006"><ele>147.000</ele></trkpt>
      <trkpt lat="22.3255273956" lon="114.2454436983"><ele>147.000</ele></trkpt>
      <trkpt lat="22.3255445816" lon="114.2454481613"><ele>148.000</ele></trkpt>
      <trkpt lat="22.3255877865" lon="114.2454622627"><ele>148.000</ele></trkpt>
      <trkpt lat="22.3256309913" lon="114.2454763642"><ele>148.000</ele></trkpt>
      <trkpt lat="22.3256741962" lon="114.2454904656"><ele>149.000</ele></trkpt>
      <trkpt lat="22.3257156875" lon="114.2455040078"><ele>149.000</ele></trkpt>
      <trkpt lat="22.3257594438" lon="114.2455159849"><ele>150.000</ele></trkpt>
      <trkpt lat="22.3258032001" lon="114.2455279621"><ele>150.000</ele></trkpt>
      <trkpt lat="22.3258469564" lon="114.2455399392"><ele>150.000</ele></trkpt>
      <trkpt lat="22.3258907127" lon="114.2455519164"><ele>150.000</ele></trkpt>
      <trkpt lat="22.3259305248" lon="114.2455628139"><ele>151.000</ele></trkpt>
      <trkpt lat="22.3259711324" lon="114.2455840348"><ele>151.000</ele></trkpt>
      <trkpt lat="22.3260117401" lon="114.2456052558"><ele>152.000</ele></trkpt>
      <trkpt lat="22.3260523478" lon="114.2456264768"><ele>152.000</ele></trkpt>
      <trkpt lat="22.3260929555" lon="114.2456476977"><ele>153.000</ele></trkpt>
      <trkpt lat="22.3261335632" lon="114.2456689187"><ele>154.000</ele></trkpt>
      <trkpt lat="22.3261648189" lon="114.2456852525"><ele>154.000</ele></trkpt>
      <trkpt lat="22.3262049805" lon="114.2457074325"><ele>155.000</ele></trkpt>
      <trkpt lat="22.3262451422" lon="114.2457296124"><ele>155.000</ele></trkpt>
      <trkpt lat="22.3262606560" lon="114.2457381802"><ele>156.000</ele></trkpt>
      <trkpt lat="22.3262981057" lon="114.2457652933"><ele>156.000</ele></trkpt>
      <trkpt lat="22.3263355553" lon="114.2457924063"><ele>157.000</ele></trkpt>
      <trkpt lat="22.3263695765" lon="114.2458170372"><ele>157.000</ele></trkpt>
      <trkpt lat="22.3264092939" lon="114.2458401229"><ele>158.000</ele></trkpt>
      <trkpt lat="22.3264349056" lon="114.2458550097"><ele>158.000</ele></trkpt>
      <trkpt lat="22.3264665285" lon="114.2458601696"><ele>159.000</ele></trkpt>
      <trkpt lat="22.3265115017" lon="114.2458644949"><ele>159.000</ele></trkpt>
      <trkpt lat="22.3265358715" lon="114.2458668386"><ele>160.000</ele></trkpt>
      <trkpt lat="22.3265809439" lon="114.2458639412"><ele>161.000</ele></trkpt>
      <trkpt lat="22.3266260162" lon="114.2458610437"><ele>161.000</ele></trkpt>
      <trkpt lat="22.3266680808" lon="114.2458583396"><ele>162.000</ele></trkpt>
      <trkpt lat="22.3267098478" lon="114.2458767788"><ele>163.000</ele></trkpt>
      <trkpt lat="22.3267506283" lon="114.2458947824"><ele>163.000</ele></trkpt>
      <trkpt lat="22.3267838474" lon="114.2459276536"><ele>164.000</ele></trkpt>
      <trkpt lat="22.3267972746" lon="114.2459409403"><ele>164.000</ele></trkpt>
      <trkpt lat="22.3268243535" lon="114.2459797765"><ele>165.000</ele></trkpt>
      <trkpt lat="22.3268295620" lon="114.2459872464"><ele>165.000</ele></trkpt>
      <trkpt lat="22.3268678567" lon="114.2460129597"><ele>165.000</ele></trkpt>
      <trkpt lat="22.3268824078" lon="114.2460227302"><ele>165.000</ele></trkpt>
      <trkpt lat="22.3269271443" lon="114.2460293058"><ele>166.000</ele></trkpt>
      <trkpt lat="22.3269485346" lon="114.2460324499"><ele>166.000</ele></trkpt>
      <trkpt lat="22.3269927833" lon="114.2460227861"><ele>166.000</ele></trkpt>
      <trkpt lat="22.3270293297" lon="114.2460148045"><ele>166.000</ele></trkpt>
      <trkpt lat="22.3270732816" lon="114.2460036854"><ele>166.000</ele></trkpt>
      <trkpt lat="22.3271080668" lon="114.2459948853"><ele>166.000</ele></trkpt>
      <trkpt lat="22.3271527020" lon="114.2459875569"><ele>167.000</ele></trkpt>
      <trkpt lat="22.3271973372" lon="114.2459802286"><ele>167.000</ele></trkpt>
      <trkpt lat="22.3272000678" lon="114.2459797803"><ele>167.000</ele></trkpt>
      <trkpt lat="22.3272450713" lon="114.2459758357"><ele>167.000</ele></trkpt>
      <trkpt lat="22.3272900748" lon="114.2459718911"><ele>167.000</ele></trkpt>
      <trkpt lat="22.3273079873" lon="114.2459703211"><ele>168.000</ele></trkpt>
      <trkpt lat="22.3273529978" lon="114.2459664700"><ele>168.000</ele></trkpt>
      <trkpt lat="22.3273827723" lon="114.2459639225"><ele>168.000</ele></trkpt>
      <trkpt lat="22.3274226519" lon="114.2459411620"><ele>168.000</ele></trkpt>
      <trkpt lat="22.3274532912" lon="114.2459236752"><ele>168.000</ele></trkpt>
      <trkpt lat="22.3274860479" lon="114.2458902720"><ele>169.000</ele></trkpt>
      <trkpt lat="22.3275129731" lon="114.2458628155"><ele>169.000</ele></trkpt>
      <trkpt lat="22.3275478485" lon="114.2458319898"><ele>168.000</ele></trkpt>
      <trkpt lat="22.3275634279" lon="114.2458182194"><ele>168.000</ele></trkpt>
      <trkpt lat="22.3276022205" lon="114.2457933833"><ele>168.000</ele></trkpt>
      <trkpt lat="22.3276410132" lon="114.2457685471"><ele>167.000</ele></trkpt>
      <trkpt lat="22.3276480675" lon="114.2457640306"><ele>167.000</ele></trkpt>
      <trkpt lat="22.3276886449" lon="114.2457427426"><ele>166.000</ele></trkpt>
      <trkpt lat="22.3277173656" lon="114.2457276749"><ele>166.000</ele></trkpt>
      <trkpt lat="22.3277592381" lon="114.2457095141"><ele>165.000</ele></trkpt>
      <trkpt lat="22.3278011106" lon="114.2456913533"><ele>165.000</ele></trkpt>
      <trkpt lat="22.3278429831" lon="114.2456731925"><ele>164.000</ele></trkpt>
      <trkpt lat="22.3278571938" lon="114.2456670291"><ele>164.000</ele></trkpt>
      <trkpt lat="22.3278990136" lon="114.2456487286"><ele>163.000</ele></trkpt>
      <trkpt lat="22.3279408334" lon="114.2456304280"><ele>162.000</ele></trkpt>
      <trkpt lat="22.3279826532" lon="114.2456121275"><ele>162.000</ele></trkpt>
      <trkpt lat="22.3280244730" lon="114.2455938270"><ele>161.000</ele></trkpt>
      <trkpt lat="22.3280578634" lon="114.2455792152"><ele>160.000</ele></trkpt>
      <trkpt lat="22.3280917039" lon="114.2455470843"><ele>160.000</ele></trkpt>
      <trkpt lat="22.3280967828" lon="114.2455422619"><ele>160.000</ele></trkpt>
      <trkpt lat="22.3281317514" lon="114.2455115583"><ele>159.000</ele></trkpt>
      <trkpt lat="22.3281667200" lon="114.2454808546"><ele>158.000</ele></trkpt>
      <trkpt lat="22.3282016886" lon="114.2454501509"><ele>157.000</ele></trkpt>
      <trkpt lat="22.3282274226" lon="114.2454275554"><ele>157.000</ele></trkpt>
      <trkpt lat="22.3282637692" lon="114.2453987598"><ele>156.000</ele></trkpt>
      <trkpt lat="22.3282898810" lon="114.2453780727"><ele>155.000</ele></trkpt>
      <trkpt lat="22.3283267850" lon="114.2453501082"><ele>155.000</ele></trkpt>
      <trkpt lat="22.3283403691" lon="114.2453398146"><ele>154.000</ele></trkpt>
      <trkpt lat="22.3283807696" lon="114.2453181412"><ele>154.000</ele></trkpt>
      <trkpt lat="22.3284086648" lon="114.2453031764"><ele>153.000</ele></trkpt>
      <trkpt lat="22.3284498806" lon="114.2452833559"><ele>153.000</ele></trkpt>
      <trkpt lat="22.3284910964" lon="114.2452635353"><ele>152.000</ele></trkpt>
      <trkpt lat="22.3285323122" lon="114.2452437147"><ele>152.000</ele></trkpt>
      <trkpt lat="22.3285638055" lon="114.2452285696"><ele>152.000</ele></trkpt>
      <trkpt lat="22.3286087129" lon="114.2452235148"><ele>152.000</ele></trkpt>
      <trkpt lat="22.3286536202" lon="114.2452184601"><ele>151.000</ele></trkpt>
      <trkpt lat="22.3286985275" lon="114.2452134053"><ele>150.000</ele></trkpt>
      <trkpt lat="22.3287048789" lon="114.2452126904"><ele>150.000</ele></trkpt>
      <trkpt lat="22.3287497457" lon="114.2452072349"><ele>150.000</ele></trkpt>
      <trkpt lat="22.3287706340" lon="114.2452046951"><ele>150.000</ele></trkpt>
      <trkpt lat="22.3288121477" lon="114.2451856064"><ele>149.000</ele></trkpt>
      <trkpt lat="22.3288127878" lon="114.2451853121"><ele>149.000</ele></trkpt>
      <trkpt lat="22.3288479814" lon="114.2451549067"><ele>149.000</ele></trkpt>
      <trkpt lat="22.3288739291" lon="114.2451324893"><ele>149.000</ele></trkpt>
      <trkpt lat="22.3289123656" lon="114.2451070214"><ele>149.000</ele></trkpt>
      <trkpt lat="22.3289142438" lon="114.2451057769"><ele>149.000</ele></trkpt>
      <trkpt lat="22.3289577919" lon="114.2450929528"><ele>148.000</ele></trkpt>
      <trkpt lat="22.3289896675" lon="114.2450835660"><ele>148.000</ele></trkpt>
      <trkpt lat="22.3290347869" lon="114.2450816972"><ele>148.000</ele></trkpt>
      <trkpt lat="22.3290799063" lon="114.2450798283"><ele>148.000</ele></trkpt>
      <trkpt lat="22.3291043218" lon="114.2450788170"><ele>148.000</ele></trkpt>
      <trkpt lat="22.3291494681" lon="114.2450796453"><ele>148.000</ele></trkpt>
      <trkpt lat="22.3291931102" lon="114.2450804461"><ele>148.000</ele></trkpt>
      <trkpt lat="22.3292170046" lon="114.2450778895"><ele>148.000</ele></trkpt>
      <trkpt lat="22.3292265772" lon="114.2450419391"><ele>148.000</ele></trkpt>
      <trkpt lat="22.3292293546" lon="114.2449934978"><ele>148.000</ele></trkpt>
      <trkpt lat="22.3292308782" lon="114.2449669222"><ele>148.000</ele></trkpt>
      <trkpt lat="22.3292298327" lon="114.2449184020"><ele>148.000</ele></trkpt>
      <trkpt lat="22.3292294255" lon="114.2448995088"><ele>148.000</ele></trkpt>
      <trkpt lat="22.3292343647" lon="114.2448512668"><ele>147.000</ele></trkpt>
      <trkpt lat="22.3292384298" lon="114.2448115613"><ele>146.000</ele></trkpt>
      <trkpt lat="22.3292391709" lon="114.2447630346"><ele>147.000</ele></trkpt>
      <trkpt lat="22.3292399120" lon="114.2447145079"><ele>147.000</ele></trkpt>
      <trkpt lat="22.3292406531" lon="114.2446659812"><ele>147.000</ele></trkpt>
      <trkpt lat="22.3292407790" lon="114.2446577412"><ele>147.000</ele></trkpt>
      <trkpt lat="22.3292690227" lon="114.2446198749"><ele>148.000</ele></trkpt>
      <trkpt lat="22.3292702713" lon="114.2446182009"><ele>148.000</ele></trkpt>
      <trkpt lat="22.3293048001" lon="114.2446066375"><ele>148.000</ele></trkpt>
      <trkpt lat="22.3293498413" lon="114.2446032258"><ele>148.000</ele></trkpt>
      <trkpt lat="22.3293948825" lon="114.2445998141"><ele>148.000</ele></trkpt>
      <trkpt lat="22.3294399236" lon="114.2445964024"><ele>148.000</ele></trkpt>
      <trkpt lat="22.3294849648" lon="114.2445929907"><ele>148.000</ele></trkpt>
      <trkpt lat="22.3295300060" lon="114.2445895789"><ele>149.000</ele></trkpt>
      <trkpt lat="22.3295622700" lon="114.2445871350"><ele>148.000</ele></trkpt>
      <trkpt lat="22.3296074078" lon="114.2445858790"><ele>148.000</ele></trkpt>
      <trkpt lat="22.3296525456" lon="114.2445846230"><ele>148.000</ele></trkpt>
      <trkpt lat="22.3296976833" lon="114.2445833670"><ele>148.000</ele></trkpt>
      <trkpt lat="22.3297428211" lon="114.2445821110"><ele>148.000</ele></trkpt>
      <trkpt lat="22.3297879589" lon="114.2445808550"><ele>148.000</ele></trkpt>
      <trkpt lat="22.3298330966" lon="114.2445795990"><ele>148.000</ele></trkpt>
      <trkpt lat="22.3298353261" lon="114.2445795370"><ele>148.000</ele></trkpt>
      <trkpt lat="22.3298329732" lon="114.2445310695"><ele>148.000</ele></trkpt>
      <trkpt lat="22.3298329534" lon="114.2445306622"><ele>148.000</ele></trkpt>
      <trkpt lat="22.3298780416" lon="114.2445332601"><ele>149.000</ele></trkpt>
      <trkpt lat="22.3299068376" lon="114.2445349193"><ele>150.000</ele></trkpt>
      <trkpt lat="22.3299475994" lon="114.2445471825"><ele>151.000</ele></trkpt>
      <trkpt lat="22.3299909905" lon="114.2445337576"><ele>152.000</ele></trkpt>
      <trkpt lat="22.3300051598" lon="114.2445293738"><ele>153.000</ele></trkpt>
      <trkpt lat="22.3300502944" lon="114.2445279920"><ele>154.000</ele></trkpt>
      <trkpt lat="22.3300532458" lon="114.2445279016"><ele>154.000</ele></trkpt>
      <trkpt lat="22.3300831003" lon="114.2445201832"><ele>155.000</ele></trkpt>
      <trkpt lat="22.3301121404" lon="114.2445045345"><ele>156.000</ele></trkpt>
      <trkpt lat="22.3301214821" lon="114.2444892706"><ele>156.000</ele></trkpt>
      <trkpt lat="22.3301274143" lon="114.2444411577"><ele>157.000</ele></trkpt>
      <trkpt lat="22.3301299036" lon="114.2444209685"><ele>157.000</ele></trkpt>
      <trkpt lat="22.3301627117" lon="114.2443876231"><ele>158.000</ele></trkpt>
      <trkpt lat="22.3301955199" lon="114.2443542777"><ele>159.000</ele></trkpt>
      <trkpt lat="22.3302283280" lon="114.2443209322"><ele>160.000</ele></trkpt>
      <trkpt lat="22.3302306643" lon="114.2443185576"><ele>160.000</ele></trkpt>
      <trkpt lat="22.3302599740" lon="114.2442816389"><ele>161.000</ele></trkpt>
      <trkpt lat="22.3302892837" lon="114.2442447201"><ele>162.000</ele></trkpt>
      <trkpt lat="22.3303104412" lon="114.2442180698"><ele>162.000</ele></trkpt>
      <trkpt lat="22.3303528720" lon="114.2442014732"><ele>163.000</ele></trkpt>
      <trkpt lat="22.3303953027" lon="114.2441848765"><ele>163.000</ele></trkpt>
      <trkpt lat="22.3304377335" lon="114.2441682798"><ele>163.000</ele></trkpt>
      <trkpt lat="22.3304519492" lon="114.2441627194"><ele>163.000</ele></trkpt>
      <trkpt lat="22.3304795297" lon="114.2441556443"><ele>163.000</ele></trkpt>
      <trkpt lat="22.3305189452" lon="114.2441319678"><ele>163.000</ele></trkpt>
      <trkpt lat="22.3305449163" lon="114.2441163673"><ele>163.000</ele></trkpt>
      <trkpt lat="22.3305840466" lon="114.2441118751"><ele>163.000</ele></trkpt>
      <trkpt lat="22.3306260138" lon="114.2440939685"><ele>164.000</ele></trkpt>
      <trkpt lat="22.3306679811" lon="114.2440760619"><ele>164.000</ele></trkpt>
      <trkpt lat="22.3306696772" lon="114.2440753382"><ele>164.000</ele></trkpt>
      <trkpt lat="22.3307123301" lon="114.2440912636"><ele>165.000</ele></trkpt>
      <trkpt lat="22.3307245674" lon="114.2440958327"><ele>165.000</ele></trkpt>
      <trkpt lat="22.3307591376" lon="114.2441024482"><ele>165.000</ele></trkpt>
      <trkpt lat="22.3307917563" lon="114.2440924476"><ele>165.000</ele></trkpt>
      <trkpt lat="22.3308333662" lon="114.2440736020"><ele>165.000</ele></trkpt>
      <trkpt lat="22.3308410707" lon="114.2440701125"><ele>165.000</ele></trkpt>
      <trkpt lat="22.3308798434" lon="114.2440452398"><ele>165.000</ele></trkpt>
      <trkpt lat="22.3309020072" lon="114.2440310218"><ele>165.000</ele></trkpt>
      <trkpt lat="22.3309375964" lon="114.2440011526"><ele>166.000</ele></trkpt>
      <trkpt lat="22.3309544130" lon="114.2439870388"><ele>166.000</ele></trkpt>
      <trkpt lat="22.3309859232" lon="114.2439522771"><ele>166.000</ele></trkpt>
      <trkpt lat="22.3310174334" lon="114.2439175153"><ele>166.000</ele></trkpt>
      <trkpt lat="22.3310319646" lon="114.2439014846"><ele>167.000</ele></trkpt>
      <trkpt lat="22.3310673903" lon="114.2438713917"><ele>167.000</ele></trkpt>
      <trkpt lat="22.3311028159" lon="114.2438412989"><ele>167.000</ele></trkpt>
      <trkpt lat="22.3311109487" lon="114.2438343903"><ele>167.000</ele></trkpt>
      <trkpt lat="22.3311497144" lon="114.2438095050"><ele>167.000</ele></trkpt>
      <trkpt lat="22.3311884801" lon="114.2437846197"><ele>167.000</ele></trkpt>
      <trkpt lat="22.3312272458" lon="114.2437597343"><ele>167.000</ele></trkpt>
      <trkpt lat="22.3312660115" lon="114.2437348490"><ele>167.000</ele></trkpt>
      <trkpt lat="22.3312764581" lon="114.2437281429"><ele>167.000</ele></trkpt>
      <trkpt lat="22.3313146387" lon="114.2437022335"><ele>167.000</ele></trkpt>
      <trkpt lat="22.3313528193" lon="114.2436763241"><ele>167.000</ele></trkpt>
      <trkpt lat="22.3313653748" lon="114.2436678040"><ele>167.000</ele></trkpt>
      <trkpt lat="22.3313974398" lon="114.2436336333"><ele>168.000</ele></trkpt>
      <trkpt lat="22.3314119874" lon="114.2436181303"><ele>168.000</ele></trkpt>
      <trkpt lat="22.3314337648" lon="114.2435756144"><ele>168.000</ele></trkpt>
      <trkpt lat="22.3314356609" lon="114.2435719127"><ele>168.000</ele></trkpt>
      <trkpt lat="22.3314526277" lon="114.2435269355"><ele>168.000</ele></trkpt>
      <trkpt lat="22.3314532418" lon="114.2435253073"><ele>168.000</ele></trkpt>
      <trkpt lat="22.3314546115" lon="114.2434891538"><ele>168.000</ele></trkpt>
      <trkpt lat="22.3314565616" lon="114.2434509859"><ele>169.000</ele></trkpt>
      <trkpt lat="22.3314559433" lon="114.2434024565"><ele>169.000</ele></trkpt>
      <trkpt lat="22.3314558492" lon="114.2433950715"><ele>169.000</ele></trkpt>
      <trkpt lat="22.3314465102" lon="114.2433475870"><ele>170.000</ele></trkpt>
      <trkpt lat="22.3314408926" lon="114.2433190247"><ele>170.000</ele></trkpt>
      <trkpt lat="22.3314414247" lon="114.2432788772"><ele>170.000</ele></trkpt>
      <trkpt lat="22.3314516215" lon="114.2432315970"><ele>170.000</ele></trkpt>
      <trkpt lat="22.3314547231" lon="114.2432172155"><ele>170.000</ele></trkpt>
      <trkpt lat="22.3314699050" lon="114.2431715072"><ele>170.000</ele></trkpt>
      <trkpt lat="22.3314850868" lon="114.2431257988"><ele>170.000</ele></trkpt>
      <trkpt lat="22.3315002686" lon="114.2430800905"><ele>170.000</ele></trkpt>
      <trkpt lat="22.3315039438" lon="114.2430690256"><ele>170.000</ele></trkpt>
      <trkpt lat="22.3315072011" lon="114.2430206181"><ele>170.000</ele></trkpt>
      <trkpt lat="22.3315104585" lon="114.2429722105"><ele>170.000</ele></trkpt>
      <trkpt lat="22.3315129784" lon="114.2429347634"><ele>170.000</ele></trkpt>
      <trkpt lat="22.3315201634" lon="114.2428935462"><ele>170.000</ele></trkpt>
      <trkpt lat="22.3315294906" lon="114.2428719772"><ele>170.000</ele></trkpt>
      <trkpt lat="22.3315564440" lon="114.2428330389"><ele>171.000</ele></trkpt>
      <trkpt lat="22.3315596140" lon="114.2428284593"><ele>171.000</ele></trkpt>
      <trkpt lat="22.3315968978" lon="114.2428038215"><ele>171.000</ele></trkpt>
      <trkpt lat="22.3316395539" lon="114.2427884320"><ele>171.000</ele></trkpt>
      <trkpt lat="22.3316846520" lon="114.2427860429"><ele>172.000</ele></trkpt>
      <trkpt lat="22.3317297501" lon="114.2427836538"><ele>172.000</ele></trkpt>
      <trkpt lat="22.3317692981" lon="114.2427815587"><ele>172.000</ele></trkpt>
      <trkpt lat="22.3318122162" lon="114.2427669449"><ele>173.000</ele></trkpt>
      <trkpt lat="22.3318537176" lon="114.2427478247"><ele>173.000</ele></trkpt>
      <trkpt lat="22.3318893662" lon="114.2427314010"><ele>173.000</ele></trkpt>
      <trkpt lat="22.3319316470" lon="114.2427143677"><ele>174.000</ele></trkpt>
      <trkpt lat="22.3319609211" lon="114.2427025742"><ele>174.000</ele></trkpt>
      <trkpt lat="22.3320056107" lon="114.2426956396"><ele>175.000</ele></trkpt>
      <trkpt lat="22.3320503003" lon="114.2426887050"><ele>175.000</ele></trkpt>
      <trkpt lat="22.3320592834" lon="114.2426873111"><ele>175.000</ele></trkpt>
      <trkpt lat="22.3320934244" lon="114.2426755714"><ele>175.000</ele></trkpt>
      <trkpt lat="22.3321364358" lon="114.2426608020"><ele>175.000</ele></trkpt>
      <trkpt lat="22.3321571544" lon="114.2426536876"><ele>175.000</ele></trkpt>
      <trkpt lat="22.3321886640" lon="114.2426189250"><ele>175.000</ele></trkpt>
      <trkpt lat="22.3322191048" lon="114.2425853416"><ele>175.000</ele></trkpt>
      <trkpt lat="22.3322383288" lon="114.2425414259"><ele>176.000</ele></trkpt>
      <trkpt lat="22.3322575528" lon="114.2424975102"><ele>176.000</ele></trkpt>
      <trkpt lat="22.3322737633" lon="114.2424604788"><ele>176.000</ele></trkpt>
      <trkpt lat="22.3323034564" lon="114.2424374037"><ele>176.000</ele></trkpt>
      <trkpt lat="22.3323485903" lon="114.2424388110"><ele>176.000</ele></trkpt>
      <trkpt lat="22.3323536319" lon="114.2424389682"><ele>175.000</ele></trkpt>
      <trkpt lat="22.3323919932" lon="114.2424133689"><ele>177.000</ele></trkpt>
      <trkpt lat="22.3324303545" lon="114.2423877696"><ele>178.000</ele></trkpt>
      <trkpt lat="22.3324687158" lon="114.2423621702"><ele>179.000</ele></trkpt>
      <trkpt lat="22.3324866947" lon="114.2423501725"><ele>180.000</ele></trkpt>
      <trkpt lat="22.3325144201" lon="114.2423342322"><ele>180.000</ele></trkpt>
      <trkpt lat="22.3325383578" lon="114.2423076417"><ele>181.000</ele></trkpt>
      <trkpt lat="22.3325653241" lon="114.2422687135"><ele>182.000</ele></trkpt>
      <trkpt lat="22.3325791435" lon="114.2422487640"><ele>182.000</ele></trkpt>
      <trkpt lat="22.3325949136" lon="114.2422032861"><ele>183.000</ele></trkpt>
      <trkpt lat="22.3326106837" lon="114.2421578081"><ele>183.000</ele></trkpt>
      <trkpt lat="22.3326214841" lon="114.2421266618"><ele>184.000</ele></trkpt>
      <trkpt lat="22.3326350959" lon="114.2420803853"><ele>185.000</ele></trkpt>
      <trkpt lat="22.3326487077" lon="114.2420341088"><ele>186.000</ele></trkpt>
      <trkpt lat="22.3326578367" lon="114.2420030725"><ele>186.000</ele></trkpt>
      <trkpt lat="22.3326594082" lon="114.2419545675"><ele>187.000</ele></trkpt>
      <trkpt lat="22.3326606344" lon="114.2419167228"><ele>188.000</ele></trkpt>
      <trkpt lat="22.3326731771" lon="114.2418700985"><ele>188.000</ele></trkpt>
      <trkpt lat="22.3326857198" lon="114.2418234743"><ele>188.000</ele></trkpt>
      <trkpt lat="22.3326982625" lon="114.2417768500"><ele>188.000</ele></trkpt>
      <trkpt lat="22.3327083015" lon="114.2417395324"><ele>188.000</ele></trkpt>
      <trkpt lat="22.3327095491" lon="114.2416910165"><ele>188.000</ele></trkpt>
      <trkpt lat="22.3327107375" lon="114.2416448052"><ele>188.000</ele></trkpt>
      <trkpt lat="22.3327117383" lon="114.2415962827"><ele>188.000</ele></trkpt>
      <trkpt lat="22.3327119602" lon="114.2415855200"><ele>188.000</ele></trkpt>
      <trkpt lat="22.3327227670" lon="114.2415468603"><ele>188.000</ele></trkpt>
      <trkpt lat="22.3327453206" lon="114.2415048141"><ele>188.000</ele></trkpt>
      <trkpt lat="22.3327659639" lon="114.2414663291"><ele>188.000</ele></trkpt>
      <trkpt lat="22.3327691626" lon="114.2414179166"><ele>189.000</ele></trkpt>
      <trkpt lat="22.3327695829" lon="114.2414115557"><ele>189.000</ele></trkpt>
      <trkpt lat="22.3327637200" lon="114.2413634322"><ele>189.000</ele></trkpt>
      <trkpt lat="22.3327588267" lon="114.2413232666"><ele>189.000</ele></trkpt>
      <trkpt lat="22.3327630947" lon="114.2412887756"><ele>189.000</ele></trkpt>
      <trkpt lat="22.3327950491" lon="114.2412544850"><ele>189.000</ele></trkpt>
      <trkpt lat="22.3327969467" lon="114.2412524486"><ele>189.000</ele></trkpt>
      <trkpt lat="22.3328398903" lon="114.2412374526"><ele>188.000</ele></trkpt>
      <trkpt lat="22.3328828338" lon="114.2412224565"><ele>188.000</ele></trkpt>
      <trkpt lat="22.3329047416" lon="114.2412148062"><ele>188.000</ele></trkpt>
      <trkpt lat="22.3329433087" lon="114.2411895666"><ele>189.000</ele></trkpt>
      <trkpt lat="22.3329561299" lon="114.2411811760"><ele>189.000</ele></trkpt>
      <trkpt lat="22.3329723202" lon="114.2411538847"><ele>189.000</ele></trkpt>
      <trkpt lat="22.3329837222" lon="114.2411260049"><ele>189.000</ele></trkpt>
      <trkpt lat="22.3329776650" lon="114.2410779090"><ele>189.000</ele></trkpt>
      <trkpt lat="22.3329759528" lon="114.2410643132"><ele>189.000</ele></trkpt>
      <trkpt lat="22.3329745332" lon="114.2410244956"><ele>189.000</ele></trkpt>
      <trkpt lat="22.3329882254" lon="114.2409782464"><ele>189.000</ele></trkpt>
      <trkpt lat="22.3329909784" lon="114.2409689473"><ele>190.000</ele></trkpt>
      <trkpt lat="22.3330083806" lon="114.2409277128"><ele>190.000</ele></trkpt>
      <trkpt lat="22.3330137912" lon="114.2408896950"><ele>190.000</ele></trkpt>
      <trkpt lat="22.3330129504" lon="114.2408411689"><ele>190.000</ele></trkpt>
      <trkpt lat="22.3330126189" lon="114.2408220313"><ele>190.000</ele></trkpt>
      <trkpt lat="22.3330282080" lon="114.2407764811"><ele>190.000</ele></trkpt>
      <trkpt lat="22.3330437970" lon="114.2407309310"><ele>189.000</ele></trkpt>
      <trkpt lat="22.3330578369" lon="114.2406899074"><ele>189.000</ele></trkpt>
      <trkpt lat="22.3330660210" lon="114.2406421767"><ele>189.000</ele></trkpt>
      <trkpt lat="22.3330696519" lon="114.2406210010"><ele>189.000</ele></trkpt>
      <trkpt lat="22.3330890084" lon="114.2405771523"><ele>189.000</ele></trkpt>
      <trkpt lat="22.3330992415" lon="114.2405539712"><ele>189.000</ele></trkpt>
      <trkpt lat="22.3330990629" lon="114.2405320855"><ele>189.000</ele></trkpt>
      <trkpt lat="22.3330904892" lon="114.2405122469"><ele>189.000</ele></trkpt>
      <trkpt lat="22.3330592241" lon="114.2404772298"><ele>189.000</ele></trkpt>
      <trkpt lat="22.3330535241" lon="114.2404708457"><ele>189.000</ele></trkpt>
      <trkpt lat="22.3330391316" lon="114.2404449159"><ele>189.000</ele></trkpt>
      <trkpt lat="22.3330429132" lon="114.2404045369"><ele>189.000</ele></trkpt>
      <trkpt lat="22.3330629420" lon="114.2403610385"><ele>189.000</ele></trkpt>
      <trkpt lat="22.3330672894" lon="114.2403515967"><ele>189.000</ele></trkpt>
      <trkpt lat="22.3330970742" lon="114.2403151191"><ele>189.000</ele></trkpt>
      <trkpt lat="22.3331268589" lon="114.2402786415"><ele>189.000</ele></trkpt>
      <trkpt lat="22.3331477327" lon="114.2402530772"><ele>190.000</ele></trkpt>
      <trkpt lat="22.3331814636" lon="114.2402208123"><ele>190.000</ele></trkpt>
      <trkpt lat="22.3332151946" lon="114.2401885475"><ele>190.000</ele></trkpt>
      <trkpt lat="22.3332489255" lon="114.2401562827"><ele>190.000</ele></trkpt>
      <trkpt lat="22.3332510395" lon="114.2401542606"><ele>190.000</ele></trkpt>
      <trkpt lat="22.3332794226" lon="114.2401165137"><ele>190.000</ele></trkpt>
      <trkpt lat="22.3332956647" lon="114.2400949131"><ele>190.000</ele></trkpt>
      <trkpt lat="22.3333121341" lon="114.2400497222"><ele>189.000</ele></trkpt>
      <trkpt lat="22.3333126785" lon="114.2400482286"><ele>189.000</ele></trkpt>
      <trkpt lat="22.3333243579" lon="114.2400013457"><ele>190.000</ele></trkpt>
      <trkpt lat="22.3333288907" lon="114.2399831502"><ele>190.000</ele></trkpt>
      <trkpt lat="22.3333486483" lon="114.2399395086"><ele>190.000</ele></trkpt>
      <trkpt lat="22.3333498918" lon="114.2399367620"><ele>190.000</ele></trkpt>
      <trkpt lat="22.3333784327" lon="114.2398991530"><ele>190.000</ele></trkpt>
      <trkpt lat="22.3334069737" lon="114.2398615439"><ele>190.000</ele></trkpt>
      <trkpt lat="22.3334344663" lon="114.2398253163"><ele>190.000</ele></trkpt>
      <trkpt lat="22.3334438390" lon="114.2397778388"><ele>190.000</ele></trkpt>
      <trkpt lat="22.3334452787" lon="114.2397705462"><ele>190.000</ele></trkpt>
      <trkpt lat="22.3334369515" lon="114.2397228440"><ele>190.000</ele></trkpt>
      <trkpt lat="22.3334286243" lon="114.2396751418"><ele>190.000</ele></trkpt>
      <trkpt lat="22.3334207533" lon="114.2396300530"><ele>189.000</ele></trkpt>
      <trkpt lat="22.3334075751" lon="114.2396010486"><ele>191.000</ele></trkpt>
      <trkpt lat="22.3333807676" lon="114.2395619936"><ele>191.000</ele></trkpt>
      <trkpt lat="22.3333788150" lon="114.2395591489"><ele>191.000</ele></trkpt>
      <trkpt lat="22.3333694127" lon="114.2395116781"><ele>191.000</ele></trkpt>
      <trkpt lat="22.3333692414" lon="114.2395108135"><ele>191.000</ele></trkpt>
      <trkpt lat="22.3333662576" lon="114.2394753695"><ele>190.000</ele></trkpt>
      <trkpt lat="22.3333786946" lon="114.2394367624"><ele>191.000</ele></trkpt>
      <trkpt lat="22.3334133003" lon="114.2394055861"><ele>191.000</ele></trkpt>
      <trkpt lat="22.3334166445" lon="114.2394025733"><ele>191.000</ele></trkpt>
      <trkpt lat="22.3334493247" lon="114.2393690822"><ele>191.000</ele></trkpt>
      <trkpt lat="22.3334820049" lon="114.2393355911"><ele>191.000</ele></trkpt>
      <trkpt lat="22.3335146851" lon="114.2393021000"><ele>191.000</ele></trkpt>
      <trkpt lat="22.3335473652" lon="114.2392686089"><ele>191.000</ele></trkpt>
      <trkpt lat="22.3335737788" lon="114.2392415399"><ele>191.000</ele></trkpt>
      <trkpt lat="22.3335871078" lon="114.2391951680"><ele>192.000</ele></trkpt>
      <trkpt lat="22.3335911880" lon="114.2391809729"><ele>191.000</ele></trkpt>
      <trkpt lat="22.3335888335" lon="114.2391325042"><ele>191.000</ele></trkpt>
      <trkpt lat="22.3335870245" lon="114.2390952638"><ele>191.000</ele></trkpt>
      <trkpt lat="22.3335931435" lon="114.2390471768"><ele>191.000</ele></trkpt>
      <trkpt lat="22.3335942402" lon="114.2390385585"><ele>191.000</ele></trkpt>
      <trkpt lat="22.3336100767" lon="114.2389931069"><ele>191.000</ele></trkpt>
      <trkpt lat="22.3336210142" lon="114.2389617154"><ele>192.000</ele></trkpt>
      <trkpt lat="22.3336492219" lon="114.2389238169"><ele>192.000</ele></trkpt>
      <trkpt lat="22.3336774297" lon="114.2388859185"><ele>192.000</ele></trkpt>
      <trkpt lat="22.3337056374" lon="114.2388480200"><ele>192.000</ele></trkpt>
      <trkpt lat="22.3337338451" lon="114.2388101215"><ele>192.000</ele></trkpt>
      <trkpt lat="22.3337620528" lon="114.2387722230"><ele>192.000</ele></trkpt>
      <trkpt lat="22.3337724027" lon="114.2387583173"><ele>192.000</ele></trkpt>
      <trkpt lat="22.3337866989" lon="114.2387122794"><ele>192.000</ele></trkpt>
      <trkpt lat="22.3338009950" lon="114.2386662416"><ele>192.000</ele></trkpt>
      <trkpt lat="22.3338152911" lon="114.2386202037"><ele>192.000</ele></trkpt>
      <trkpt lat="22.3338234238" lon="114.2385940138"><ele>192.000</ele></trkpt>
      <trkpt lat="22.3338467608" lon="114.2385524641"><ele>192.000</ele></trkpt>
      <trkpt lat="22.3338690176" lon="114.2385128375"><ele>192.000</ele></trkpt>
      <trkpt lat="22.3339067897" lon="114.2384862449"><ele>193.000</ele></trkpt>
      <trkpt lat="22.3339229882" lon="114.2384748408"><ele>193.000</ele></trkpt>
      <trkpt lat="22.3339657063" lon="114.2384591185"><ele>193.000</ele></trkpt>
      <trkpt lat="22.3340084245" lon="114.2384433963"><ele>193.000</ele></trkpt>
      <trkpt lat="22.3340279174" lon="114.2384362220"><ele>193.000</ele></trkpt>
      <trkpt lat="22.3340618104" lon="114.2384041539"><ele>194.000</ele></trkpt>
      <trkpt lat="22.3340957034" lon="114.2383720857"><ele>194.000</ele></trkpt>
      <trkpt lat="22.3341286716" lon="114.2383408925"><ele>194.000</ele></trkpt>
      <trkpt lat="22.3341654557" lon="114.2383127450"><ele>193.000</ele></trkpt>
      <trkpt lat="22.3341766464" lon="114.2383041818"><ele>194.000</ele></trkpt>
      <trkpt lat="22.3341552143" lon="114.2382614628"><ele>194.000</ele></trkpt>
      <trkpt lat="22.3341337821" lon="114.2382187438"><ele>194.000</ele></trkpt>
      <trkpt lat="22.3341123499" lon="114.2381760248"><ele>194.000</ele></trkpt>
      <trkpt lat="22.3340909177" lon="114.2381333059"><ele>194.000</ele></trkpt>
      <trkpt lat="22.3340694855" lon="114.2380905869"><ele>194.000</ele></trkpt>
      <trkpt lat="22.3340480533" lon="114.2380478680"><ele>192.000</ele></trkpt>
      <trkpt lat="22.3340266211" lon="114.2380051490"><ele>191.000</ele></trkpt>
      <trkpt lat="22.3340101078" lon="114.2379722346"><ele>195.000</ele></trkpt>
      <trkpt lat="22.3340534618" lon="114.2379586715"><ele>195.000</ele></trkpt>
      <trkpt lat="22.3340968157" lon="114.2379451084"><ele>195.000</ele></trkpt>
      <trkpt lat="22.3341401697" lon="114.2379315453"><ele>195.000</ele></trkpt>
      <trkpt lat="22.3341835237" lon="114.2379179821"><ele>196.000</ele></trkpt>
      <trkpt lat="22.3342268777" lon="114.2379044190"><ele>195.000</ele></trkpt>
      <trkpt lat="22.3342702317" lon="114.2378908558"><ele>195.000</ele></trkpt>
      <trkpt lat="22.3343135856" lon="114.2378772927"><ele>195.000</ele></trkpt>
      <trkpt lat="22.3343335592" lon="114.2378710440"><ele>195.000</ele></trkpt>
    </trkseg>
  </trk>
</gpx>
