<?xml version="1.0" encoding="UTF-8"?>
<gpx xmlns:xsi="http://www.w3.org/2001/XMLSchema-instance"
     xsi:schemaLocation="http://www.topografix.com/GPX/1/1 http://www.topografix.com/GPX/1/1/gpx.xsd"
     version="1.1" creator="json3d_batch_to_gpx"
     xmlns="http://www.topografix.com/GPX/1/1">
  <metadata>
    <name>WilsonTrail(Section6)TaiPoRoadtoShingMunReservoir</name>
  </metadata>
  <trk>
    <name>WilsonTrail(Section6)TaiPoRoadtoShingMunReservoir</name>
    <type>hike</type>
    <trkseg>
      <trkpt lat="22.3538077656" lon="114.1578356267"><ele>146.000</ele></trkpt>
      <trkpt lat="22.3538477898" lon="114.1578192530"><ele>148.000</ele></trkpt>
      <trkpt lat="22.3538870955" lon="114.1578054501"><ele>148.000</ele></trkpt>
      <trkpt lat="22.3539155711" lon="114.1577938040"><ele>148.000</ele></trkpt>
      <trkpt lat="22.3539368284" lon="114.1577886266"><ele>150.000</ele></trkpt>
      <trkpt lat="22.3539592901" lon="114.1577886235"><ele>150.000</ele></trkpt>
      <trkpt lat="22.3539821523" lon="114.1577925008"><ele>146.000</ele></trkpt>
      <trkpt lat="22.3540070210" lon="114.1578028456"><ele>148.000</ele></trkpt>
      <trkpt lat="22.3540367041" lon="114.1578231088"><ele>147.000</ele></trkpt>
      <trkpt lat="22.3540675915" lon="114.1578481133"><ele>148.000</ele></trkpt>
      <trkpt lat="22.3540928620" lon="114.1578657888"><ele>148.000</ele></trkpt>
      <trkpt lat="22.3541105130" lon="114.1578877779"><ele>148.000</ele></trkpt>
      <trkpt lat="22.3541169306" lon="114.1578920885"><ele>148.000</ele></trkpt>
      <trkpt lat="22.3541706702" lon="114.1578351639"><ele>146.000</ele></trkpt>
      <trkpt lat="22.3542877750" lon="114.1577221745"><ele>148.000</ele></trkpt>
      <trkpt lat="22.3543607649" lon="114.1576492924"><ele>156.000</ele></trkpt>
      <trkpt lat="22.3543764095" lon="114.1576648130"><ele>156.000</ele></trkpt>
      <trkpt lat="22.3544454088" lon="114.1577605293"><ele>157.000</ele></trkpt>
      <trkpt lat="22.3545152067" lon="114.1578282175"><ele>157.000</ele></trkpt>
      <trkpt lat="22.3544911447" lon="114.1578584051"><ele>152.000</ele></trkpt>
      <trkpt lat="22.3545356683" lon="114.1578838399"><ele>156.000</ele></trkpt>
      <trkpt lat="22.3545938306" lon="114.1579157407"><ele>150.000</ele></trkpt>
      <trkpt lat="22.3546535969" lon="114.1579485033"><ele>140.000</ele></trkpt>
      <trkpt lat="22.3547318145" lon="114.1579903186"><ele>140.000</ele></trkpt>
      <trkpt lat="22.3547871680" lon="114.1580200645"><ele>140.000</ele></trkpt>
      <trkpt lat="22.3548477370" lon="114.1580523961"><ele>140.000</ele></trkpt>
      <trkpt lat="22.3549259527" lon="114.1580782576"><ele>140.000</ele></trkpt>
      <trkpt lat="22.3549363815" lon="114.1580812746"><ele>140.000</ele></trkpt>
      <trkpt lat="22.3549484101" lon="114.1580804050"><ele>140.000</ele></trkpt>
      <trkpt lat="22.3550897746" lon="114.1580736980"><ele>148.000</ele></trkpt>
      <trkpt lat="22.3551239657" lon="114.1580858192"><ele>145.000</ele></trkpt>
      <trkpt lat="22.3552166972" lon="114.1581443099"><ele>140.000</ele></trkpt>
      <trkpt lat="22.3553555827" lon="114.1582469972"><ele>140.000</ele></trkpt>
      <trkpt lat="22.3554861393" lon="114.1583345386"><ele>144.000</ele></trkpt>
      <trkpt lat="22.3555829703" lon="114.1583817129"><ele>145.000</ele></trkpt>
      <trkpt lat="22.3556964930" lon="114.1583860056"><ele>147.000</ele></trkpt>
      <trkpt lat="22.3557566705" lon="114.1583758047"><ele>148.000</ele></trkpt>
      <trkpt lat="22.3558292425" lon="114.1583261353"><ele>147.000</ele></trkpt>
      <trkpt lat="22.3559295793" lon="114.1582166218"><ele>140.000</ele></trkpt>
      <trkpt lat="22.3560299196" lon="114.1581618525"><ele>140.000</ele></trkpt>
      <trkpt lat="22.3561463642" lon="114.1581234680"><ele>141.000</ele></trkpt>
      <trkpt lat="22.3562511368" lon="114.1581324538"><ele>142.000</ele></trkpt>
      <trkpt lat="22.3563768462" lon="114.1581684848"><ele>148.000</ele></trkpt>
      <trkpt lat="22.3564648665" lon="114.1582270437"><ele>148.000</ele></trkpt>
      <trkpt lat="22.3565528688" lon="114.1583171369"><ele>145.000</ele></trkpt>
      <trkpt lat="22.3566849501" lon="114.1584495718"><ele>142.000</ele></trkpt>
      <trkpt lat="22.3568170314" lon="114.1585820068"><ele>142.000</ele></trkpt>
      <trkpt lat="22.3569087960" lon="114.1586740175"><ele>140.000</ele></trkpt>
      <trkpt lat="22.3569804754" lon="114.1587090076"><ele>141.000</ele></trkpt>
      <trkpt lat="22.3571492231" lon="114.1587782195"><ele>148.000</ele></trkpt>
      <trkpt lat="22.3573179708" lon="114.1588474316"><ele>150.000</ele></trkpt>
      <trkpt lat="22.3573194527" lon="114.1588480394"><ele>150.000</ele></trkpt>
      <trkpt lat="22.3574814377" lon="114.1589339197"><ele>150.000</ele></trkpt>
      <trkpt lat="22.3575231108" lon="114.1589560137"><ele>149.000</ele></trkpt>
      <trkpt lat="22.3575462423" lon="114.1589124735"><ele>152.000</ele></trkpt>
      <trkpt lat="22.3575315922" lon="114.1588897494"><ele>149.000</ele></trkpt>
      <trkpt lat="22.3575168359" lon="114.1588698972"><ele>149.000</ele></trkpt>
      <trkpt lat="22.3575079664" lon="114.1588564704"><ele>151.000</ele></trkpt>
      <trkpt lat="22.3574985905" lon="114.1588444145"><ele>151.000</ele></trkpt>
      <trkpt lat="22.3574883856" lon="114.1588331616"><ele>152.000</ele></trkpt>
      <trkpt lat="22.3574768686" lon="114.1588223098"><ele>152.000</ele></trkpt>
      <trkpt lat="22.3574606680" lon="114.1588077597"><ele>154.000</ele></trkpt>
      <trkpt lat="22.3574461805" lon="114.1587931297"><ele>154.000</ele></trkpt>
      <trkpt lat="22.3574316494" lon="114.1587766561"><ele>154.000</ele></trkpt>
      <trkpt lat="22.3574188332" lon="114.1587603288"><ele>154.000</ele></trkpt>
      <trkpt lat="22.3574077503" lon="114.1587463402"><ele>154.000</ele></trkpt>
      <trkpt lat="22.3573969209" lon="114.1587307476"><ele>152.000</ele></trkpt>
      <trkpt lat="22.3573870676" lon="114.1587144297"><ele>152.000</ele></trkpt>
      <trkpt lat="22.3573782329" lon="114.1586974505"><ele>152.000</ele></trkpt>
      <trkpt lat="22.3573660835" lon="114.1586755689"><ele>152.000</ele></trkpt>
      <trkpt lat="22.3573525550" lon="114.1586528438"><ele>151.000</ele></trkpt>
      <trkpt lat="22.3573391693" lon="114.1586318070"><ele>151.000</ele></trkpt>
      <trkpt lat="22.3573235159" lon="114.1586088288"><ele>151.000</ele></trkpt>
      <trkpt lat="22.3573126786" lon="114.1585946363"><ele>147.000</ele></trkpt>
      <trkpt lat="22.3573001605" lon="114.1585794342"><ele>147.000</ele></trkpt>
      <trkpt lat="22.3572864685" lon="114.1585640867"><ele>148.000</ele></trkpt>
      <trkpt lat="22.3572741746" lon="114.1585513303"><ele>148.000</ele></trkpt>
      <trkpt lat="22.3572389960" lon="114.1585106860"><ele>151.000</ele></trkpt>
      <trkpt lat="22.3572106900" lon="114.1584730291"><ele>146.000</ele></trkpt>
      <trkpt lat="22.3572012620" lon="114.1584638858"><ele>152.000</ele></trkpt>
      <trkpt lat="22.3571923206" lon="114.1584541872"><ele>152.000</ele></trkpt>
      <trkpt lat="22.3571833891" lon="114.1584433137"><ele>152.000</ele></trkpt>
      <trkpt lat="22.3571685216" lon="114.1584230558"><ele>153.000</ele></trkpt>
      <trkpt lat="22.3571679436" lon="114.1584223074"><ele>153.000</ele></trkpt>
      <trkpt lat="22.3571673565" lon="114.1584215696"><ele>153.000</ele></trkpt>
      <trkpt lat="22.3571667694" lon="114.1584208308"><ele>153.000</ele></trkpt>
      <trkpt lat="22.3571662374" lon="114.1584201028"><ele>153.000</ele></trkpt>
      <trkpt lat="22.3571659111" lon="114.1584167728"><ele>153.000</ele></trkpt>
      <trkpt lat="22.3571658825" lon="114.1584122020"><ele>153.000</ele></trkpt>
      <trkpt lat="22.3571668140" lon="114.1584077456"><ele>153.000</ele></trkpt>
      <trkpt lat="22.3571684734" lon="114.1584039202"><ele>153.000</ele></trkpt>
      <trkpt lat="22.3571710575" lon="114.1584002889"><ele>153.000</ele></trkpt>
      <trkpt lat="22.3571813764" lon="114.1583898984"><ele>154.000</ele></trkpt>
      <trkpt lat="22.3571930174" lon="114.1583791873"><ele>154.000</ele></trkpt>
      <trkpt lat="22.3572060364" lon="114.1583683119"><ele>154.000</ele></trkpt>
      <trkpt lat="22.3572175873" lon="114.1583595543"><ele>154.000</ele></trkpt>
      <trkpt lat="22.3572322690" lon="114.1583500185"><ele>157.000</ele></trkpt>
      <trkpt lat="22.3572469436" lon="114.1583421332"><ele>157.000</ele></trkpt>
      <trkpt lat="22.3572635482" lon="114.1583349651"><ele>157.000</ele></trkpt>
      <trkpt lat="22.3572792264" lon="114.1583297611"><ele>160.000</ele></trkpt>
      <trkpt lat="22.3572961483" lon="114.1583256405"><ele>160.000</ele></trkpt>
      <trkpt lat="22.3573132699" lon="114.1583226684"><ele>160.000</ele></trkpt>
      <trkpt lat="22.3573305361" lon="114.1583208516"><ele>162.000</ele></trkpt>
      <trkpt lat="22.3573458248" lon="114.1583202185"><ele>162.000</ele></trkpt>
      <trkpt lat="22.3574036908" lon="114.1583131022"><ele>162.000</ele></trkpt>
      <trkpt lat="22.3574423421" lon="114.1583097768"><ele>164.000</ele></trkpt>
      <trkpt lat="22.3574790137" lon="114.1583050943"><ele>166.000</ele></trkpt>
      <trkpt lat="22.3575141247" lon="114.1582989635"><ele>169.000</ele></trkpt>
      <trkpt lat="22.3575508966" lon="114.1582945995"><ele>170.000</ele></trkpt>
      <trkpt lat="22.3576120694" lon="114.1582933487"><ele>172.000</ele></trkpt>
      <trkpt lat="22.3576294559" lon="114.1582925561"><ele>172.000</ele></trkpt>
      <trkpt lat="22.3576499803" lon="114.1582906447"><ele>172.000</ele></trkpt>
      <trkpt lat="22.3576948343" lon="114.1582919106"><ele>174.000</ele></trkpt>
      <trkpt lat="22.3577333229" lon="114.1583034277"><ele>174.000</ele></trkpt>
      <trkpt lat="22.3577746401" lon="114.1583244618"><ele>176.000</ele></trkpt>
      <trkpt lat="22.3578229911" lon="114.1583608346"><ele>178.000</ele></trkpt>
      <trkpt lat="22.3578801127" lon="114.1583502534"><ele>179.000</ele></trkpt>
      <trkpt lat="22.3579467141" lon="114.1583130683"><ele>181.000</ele></trkpt>
      <trkpt lat="22.3581209506" lon="114.1583062123"><ele>184.000</ele></trkpt>
      <trkpt lat="22.3581859163" lon="114.1582898427"><ele>186.000</ele></trkpt>
      <trkpt lat="22.3582867922" lon="114.1582120659"><ele>188.000</ele></trkpt>
      <trkpt lat="22.3583121706" lon="114.1582031946"><ele>190.000</ele></trkpt>
      <trkpt lat="22.3584609114" lon="114.1581906060"><ele>194.000</ele></trkpt>
      <trkpt lat="22.3586378062" lon="114.1581514197"><ele>198.000</ele></trkpt>
      <trkpt lat="22.3587163611" lon="114.1581340179"><ele>200.000</ele></trkpt>
      <trkpt lat="22.3588892023" lon="114.1580776780"><ele>204.000</ele></trkpt>
      <trkpt lat="22.3589439495" lon="114.1580598324"><ele>204.000</ele></trkpt>
      <trkpt lat="22.3590245727" lon="114.1580465993"><ele>206.000</ele></trkpt>
      <trkpt lat="22.3591038345" lon="114.1580524615"><ele>210.000</ele></trkpt>
      <trkpt lat="22.3591523926" lon="114.1580600579"><ele>212.000</ele></trkpt>
      <trkpt lat="22.3592060625" lon="114.1580712633"><ele>214.000</ele></trkpt>
      <trkpt lat="22.3592499406" lon="114.1580673225"><ele>215.000</ele></trkpt>
      <trkpt lat="22.3592461267" lon="114.1580182085"><ele>216.000</ele></trkpt>
      <trkpt lat="22.3592702355" lon="114.1579868267"><ele>219.000</ele></trkpt>
      <trkpt lat="22.3594142564" lon="114.1578926714"><ele>227.000</ele></trkpt>
      <trkpt lat="22.3595510582" lon="114.1577658934"><ele>220.000</ele></trkpt>
      <trkpt lat="22.3595519257" lon="114.1577650895"><ele>220.000</ele></trkpt>
      <trkpt lat="22.3596704635" lon="114.1576591809"><ele>222.000</ele></trkpt>
      <trkpt lat="22.3597278480" lon="114.1575435505"><ele>222.000</ele></trkpt>
      <trkpt lat="22.3597619050" lon="114.1574009542"><ele>227.000</ele></trkpt>
      <trkpt lat="22.3597587183" lon="114.1573203020"><ele>228.000</ele></trkpt>
      <trkpt lat="22.3597250792" lon="114.1572200307"><ele>226.000</ele></trkpt>
      <trkpt lat="22.3597330990" lon="114.1570260470"><ele>220.000</ele></trkpt>
      <trkpt lat="22.3597339346" lon="114.1570058348"><ele>218.000</ele></trkpt>
      <trkpt lat="22.3597205983" lon="114.1569178394"><ele>216.000</ele></trkpt>
      <trkpt lat="22.3596742733" lon="114.1568509954"><ele>217.000</ele></trkpt>
      <trkpt lat="22.3595543429" lon="114.1567616531"><ele>224.000</ele></trkpt>
      <trkpt lat="22.3595054789" lon="114.1567132261"><ele>225.000</ele></trkpt>
      <trkpt lat="22.3594134622" lon="114.1565836316"><ele>223.000</ele></trkpt>
      <trkpt lat="22.3593482662" lon="114.1565625740"><ele>222.000</ele></trkpt>
      <trkpt lat="22.3592675237" lon="114.1565447702"><ele>219.000</ele></trkpt>
      <trkpt lat="22.3592188068" lon="114.1565827500"><ele>218.000</ele></trkpt>
      <trkpt lat="22.3592027412" lon="114.1566528687"><ele>218.000</ele></trkpt>
      <trkpt lat="22.3591609299" lon="114.1567342426"><ele>220.000</ele></trkpt>
      <trkpt lat="22.3590919781" lon="114.1567706893"><ele>221.000</ele></trkpt>
      <trkpt lat="22.3590128432" lon="114.1567840598"><ele>220.000</ele></trkpt>
      <trkpt lat="22.3588659157" lon="114.1567801682"><ele>220.000</ele></trkpt>
      <trkpt lat="22.3587927675" lon="114.1567671205"><ele>223.000</ele></trkpt>
      <trkpt lat="22.3587421825" lon="114.1567276619"><ele>222.000</ele></trkpt>
      <trkpt lat="22.3587085462" lon="114.1566608166"><ele>225.000</ele></trkpt>
      <trkpt lat="22.3587091703" lon="114.1565816878"><ele>226.000</ele></trkpt>
      <trkpt lat="22.3587339003" lon="114.1564582158"><ele>227.000</ele></trkpt>
      <trkpt lat="22.3587757579" lon="114.1563088201"><ele>229.000</ele></trkpt>
      <trkpt lat="22.3587922380" lon="114.1562111240"><ele>228.000</ele></trkpt>
      <trkpt lat="22.3587712753" lon="114.1560551064"><ele>228.000</ele></trkpt>
      <trkpt lat="22.3587237799" lon="114.1559560965"><ele>224.000</ele></trkpt>
      <trkpt lat="22.3586623273" lon="114.1558885895"><ele>220.000</ele></trkpt>
      <trkpt lat="22.3586497503" lon="114.1558450887"><ele>222.000</ele></trkpt>
      <trkpt lat="22.3586539382" lon="114.1558210862"><ele>222.000</ele></trkpt>
      <trkpt lat="22.3586692954" lon="114.1557985811"><ele>221.000</ele></trkpt>
      <trkpt lat="22.3586958257" lon="114.1557805675"><ele>221.000</ele></trkpt>
      <trkpt lat="22.3588284884" lon="114.1557340429"><ele>222.000</ele></trkpt>
      <trkpt lat="22.3589048848" lon="114.1556491764"><ele>222.000</ele></trkpt>
      <trkpt lat="22.3589258192" lon="114.1555306484"><ele>222.000</ele></trkpt>
      <trkpt lat="22.3589062439" lon="114.1553476239"><ele>214.000</ele></trkpt>
      <trkpt lat="22.3588727167" lon="114.1552366100"><ele>210.000</ele></trkpt>
      <trkpt lat="22.3588233509" lon="114.1551533558"><ele>206.000</ele></trkpt>
      <trkpt lat="22.3588051610" lon="114.1551151054"><ele>206.000</ele></trkpt>
      <trkpt lat="22.3587592820" lon="114.1549731549"><ele>201.000</ele></trkpt>
      <trkpt lat="22.3587136643" lon="114.1548470743"><ele>198.000</ele></trkpt>
      <trkpt lat="22.3587252585" lon="114.1547997475"><ele>198.000</ele></trkpt>
      <trkpt lat="22.3587473944" lon="114.1547810441"><ele>196.000</ele></trkpt>
      <trkpt lat="22.3588170016" lon="114.1547855438"><ele>199.000</ele></trkpt>
      <trkpt lat="22.3588604632" lon="114.1547810263"><ele>194.000</ele></trkpt>
      <trkpt lat="22.3589347784" lon="114.1547291604"><ele>192.000</ele></trkpt>
      <trkpt lat="22.3590130544" lon="114.1547095976"><ele>191.000</ele></trkpt>
      <trkpt lat="22.3590755133" lon="114.1546764354"><ele>188.000</ele></trkpt>
      <trkpt lat="22.3591221562" lon="114.1546245738"><ele>188.000</ele></trkpt>
      <trkpt lat="22.3591324298" lon="114.1545888693"><ele>188.000</ele></trkpt>
      <trkpt lat="22.3591118700" lon="114.1545693221"><ele>190.000</ele></trkpt>
      <trkpt lat="22.3589971267" lon="114.1545481744"><ele>188.000</ele></trkpt>
      <trkpt lat="22.3589165628" lon="114.1545047495"><ele>191.000</ele></trkpt>
      <trkpt lat="22.3588714898" lon="114.1544741539"><ele>192.000</ele></trkpt>
      <trkpt lat="22.3587857799" lon="114.1543109091"><ele>194.000</ele></trkpt>
      <trkpt lat="22.3587338821" lon="114.1542642118"><ele>196.000</ele></trkpt>
      <trkpt lat="22.3586468992" lon="114.1542081223"><ele>194.000</ele></trkpt>
      <trkpt lat="22.3585757308" lon="114.1541528807"><ele>192.000</ele></trkpt>
      <trkpt lat="22.3584737282" lon="114.1541154936"><ele>192.000</ele></trkpt>
      <trkpt lat="22.3584357560" lon="114.1539769424"><ele>194.000</ele></trkpt>
      <trkpt lat="22.3583835626" lon="114.1539165980"><ele>195.000</ele></trkpt>
      <trkpt lat="22.3582918357" lon="114.1538656095"><ele>194.000</ele></trkpt>
      <trkpt lat="22.3582420165" lon="114.1538188647"><ele>192.000</ele></trkpt>
      <trkpt lat="22.3582388481" lon="114.1537772121"><ele>191.000</ele></trkpt>
      <trkpt lat="22.3582594028" lon="114.1537474556"><ele>191.000</ele></trkpt>
      <trkpt lat="22.3583381646" lon="114.1536841421"><ele>192.000</ele></trkpt>
      <trkpt lat="22.3585013386" lon="114.1536009037"><ele>193.000</ele></trkpt>
      <trkpt lat="22.3585890871" lon="114.1535561412"><ele>199.000</ele></trkpt>
      <trkpt lat="22.3586215005" lon="114.1535187322"><ele>198.000</ele></trkpt>
      <trkpt lat="22.3586120035" lon="114.1534524302"><ele>199.000</ele></trkpt>
      <trkpt lat="22.3585669210" lon="114.1533640315"><ele>198.000</ele></trkpt>
      <trkpt lat="22.3585281684" lon="114.1532968840"><ele>197.000</ele></trkpt>
      <trkpt lat="22.3585060207" lon="114.1532331348"><ele>196.000</ele></trkpt>
      <trkpt lat="22.3585083855" lon="114.1531812803"><ele>194.000</ele></trkpt>
      <trkpt lat="22.3585312502" lon="114.1531398593"><ele>193.000</ele></trkpt>
      <trkpt lat="22.3586685536" lon="114.1530137104"><ele>197.000</ele></trkpt>
      <trkpt lat="22.3586712392" lon="114.1530112431"><ele>197.000</ele></trkpt>
      <trkpt lat="22.3587360628" lon="114.1529287752"><ele>194.000</ele></trkpt>
      <trkpt lat="22.3587471255" lon="114.1528879696"><ele>194.000</ele></trkpt>
      <trkpt lat="22.3587154952" lon="114.1528582246"><ele>194.000</ele></trkpt>
      <trkpt lat="22.3586530250" lon="114.1528123327"><ele>190.000</ele></trkpt>
      <trkpt lat="22.3586071567" lon="114.1527494370"><ele>187.000</ele></trkpt>
      <trkpt lat="22.3585749888" lon="114.1525583680"><ele>193.000</ele></trkpt>
      <trkpt lat="22.3585743829" lon="114.1525547690"><ele>193.000</ele></trkpt>
      <trkpt lat="22.3585362577" lon="114.1525007750"><ele>194.000</ele></trkpt>
      <trkpt lat="22.3585067032" lon="114.1524995374"><ele>195.000</ele></trkpt>
      <trkpt lat="22.3584877284" lon="114.1525063756"><ele>191.000</ele></trkpt>
      <trkpt lat="22.3583560357" lon="114.1525715640"><ele>189.000</ele></trkpt>
      <trkpt lat="22.3583144478" lon="114.1525510860"><ele>190.000</ele></trkpt>
      <trkpt lat="22.3582758249" lon="114.1525080775"><ele>192.000</ele></trkpt>
      <trkpt lat="22.3582275841" lon="114.1524443330"><ele>196.000</ele></trkpt>
      <trkpt lat="22.3581880387" lon="114.1523746356"><ele>194.000</ele></trkpt>
      <trkpt lat="22.3581393849" lon="114.1523332649"><ele>195.000</ele></trkpt>
      <trkpt lat="22.3580776740" lon="114.1523109341"><ele>190.000</ele></trkpt>
      <trkpt lat="22.3579856072" lon="114.1522556625"><ele>194.000</ele></trkpt>
      <trkpt lat="22.3579713708" lon="114.1522276148"><ele>194.000</ele></trkpt>
      <trkpt lat="22.3579667468" lon="114.1521482086"><ele>201.000</ele></trkpt>
      <trkpt lat="22.3579950644" lon="114.1520567483"><ele>190.000</ele></trkpt>
      <trkpt lat="22.3579958440" lon="114.1519878944"><ele>191.000</ele></trkpt>
      <trkpt lat="22.3579926707" lon="114.1519173423"><ele>192.000</ele></trkpt>
      <trkpt lat="22.3579320283" lon="114.1517739566"><ele>188.000</ele></trkpt>
      <trkpt lat="22.3579088107" lon="114.1517151264"><ele>191.000</ele></trkpt>
      <trkpt lat="22.3579060222" lon="114.1516641090"><ele>192.000</ele></trkpt>
      <trkpt lat="22.3579259756" lon="114.1516376484"><ele>192.000</ele></trkpt>
      <trkpt lat="22.3580971945" lon="114.1516994492"><ele>198.000</ele></trkpt>
      <trkpt lat="22.3580995706" lon="114.1517003069"><ele>198.000</ele></trkpt>
      <trkpt lat="22.3582152438" lon="114.1517641390"><ele>200.000</ele></trkpt>
      <trkpt lat="22.3582812522" lon="114.1518025337"><ele>204.000</ele></trkpt>
      <trkpt lat="22.3582939123" lon="114.1518679853"><ele>206.000</ele></trkpt>
      <trkpt lat="22.3583813235" lon="114.1519969134"><ele>212.000</ele></trkpt>
      <trkpt lat="22.3584552444" lon="114.1520762192"><ele>212.000</ele></trkpt>
      <trkpt lat="22.3585509235" lon="114.1521323058"><ele>210.000</ele></trkpt>
      <trkpt lat="22.3585762297" lon="114.1521552517"><ele>210.000</ele></trkpt>
      <trkpt lat="22.3586576746" lon="114.1521858411"><ele>214.000</ele></trkpt>
      <trkpt lat="22.3587454389" lon="114.1521858256"><ele>210.000</ele></trkpt>
      <trkpt lat="22.3588632490" lon="114.1521696545"><ele>212.000</ele></trkpt>
      <trkpt lat="22.3589399374" lon="114.1521288372"><ele>214.000</ele></trkpt>
      <trkpt lat="22.3589952873" lon="114.1521339274"><ele>218.000</ele></trkpt>
      <trkpt lat="22.3590458326" lon="114.1521598738"><ele>222.000</ele></trkpt>
      <trkpt lat="22.3590802153" lon="114.1521821803"><ele>228.000</ele></trkpt>
      <trkpt lat="22.3591138960" lon="114.1521849103"><ele>228.000</ele></trkpt>
      <trkpt lat="22.3591819097" lon="114.1521679450"><ele>228.000</ele></trkpt>
      <trkpt lat="22.3592846771" lon="114.1521483269"><ele>228.000</ele></trkpt>
      <trkpt lat="22.3594151322" lon="114.1520998505"><ele>230.000</ele></trkpt>
      <trkpt lat="22.3594799659" lon="114.1520921886"><ele>229.000</ele></trkpt>
      <trkpt lat="22.3595289919" lon="114.1521159828"><ele>228.000</ele></trkpt>
      <trkpt lat="22.3595661610" lon="114.1521593278"><ele>228.000</ele></trkpt>
      <trkpt lat="22.3596009544" lon="114.1521746246"><ele>231.000</ele></trkpt>
      <trkpt lat="22.3596389040" lon="114.1521542150"><ele>226.000</ele></trkpt>
      <trkpt lat="22.3596768455" lon="114.1520930043"><ele>227.000</ele></trkpt>
      <trkpt lat="22.3597053015" lon="114.1520326448"><ele>224.000</ele></trkpt>
      <trkpt lat="22.3597661726" lon="114.1519603804"><ele>225.000</ele></trkpt>
      <trkpt lat="22.3598140581" lon="114.1519375233"><ele>230.000</ele></trkpt>
      <trkpt lat="22.3598950501" lon="114.1519357040"><ele>240.000</ele></trkpt>
      <trkpt lat="22.3599546973" lon="114.1519331012"><ele>240.000</ele></trkpt>
      <trkpt lat="22.3600176068" lon="114.1519501328"><ele>240.000</ele></trkpt>
      <trkpt lat="22.3600792898" lon="114.1520019755"><ele>242.000</ele></trkpt>
      <trkpt lat="22.3601132938" lon="114.1520461736"><ele>242.000</ele></trkpt>
      <trkpt lat="22.3601338590" lon="114.1520869731"><ele>246.000</ele></trkpt>
      <trkpt lat="22.3601441430" lon="114.1521226753"><ele>248.000</ele></trkpt>
      <trkpt lat="22.3601678649" lon="114.1521371207"><ele>248.000</ele></trkpt>
      <trkpt lat="22.3602334945" lon="114.1521498597"><ele>247.000</ele></trkpt>
      <trkpt lat="22.3602904275" lon="114.1521787537"><ele>248.000</ele></trkpt>
      <trkpt lat="22.3603695025" lon="114.1522373936"><ele>250.000</ele></trkpt>
      <trkpt lat="22.3604003452" lon="114.1522713914"><ele>251.000</ele></trkpt>
      <trkpt lat="22.3604050982" lon="114.1523325948"><ele>251.000</ele></trkpt>
      <trkpt lat="22.3604232902" lon="114.1523623433"><ele>248.000</ele></trkpt>
      <trkpt lat="22.3605047344" lon="114.1524005818"><ele>254.000</ele></trkpt>
      <trkpt lat="22.3605616708" lon="114.1524524267"><ele>252.000</ele></trkpt>
      <trkpt lat="22.3607330072" lon="114.1525138506"><ele>256.000</ele></trkpt>
      <trkpt lat="22.3607564196" lon="114.1525222440"><ele>258.000</ele></trkpt>
      <trkpt lat="22.3608526572" lon="114.1525161107"><ele>259.000</ele></trkpt>
      <trkpt lat="22.3609500484" lon="114.1524884624"><ele>262.000</ele></trkpt>
      <trkpt lat="22.3610131541" lon="114.1524778484"><ele>262.000</ele></trkpt>
      <trkpt lat="22.3610914347" lon="114.1525033390"><ele>264.000</ele></trkpt>
      <trkpt lat="22.3611792082" lon="114.1525585778"><ele>264.000</ele></trkpt>
      <trkpt lat="22.3612424637" lon="114.1525653670"><ele>266.000</ele></trkpt>
      <trkpt lat="22.3613579017" lon="114.1525508963"><ele>268.000</ele></trkpt>
      <trkpt lat="22.3614351919" lon="114.1525777386"><ele>268.000</ele></trkpt>
      <trkpt lat="22.3614725620" lon="114.1526316320"><ele>268.000</ele></trkpt>
      <trkpt lat="22.3614978729" lon="114.1527047355"><ele>270.000</ele></trkpt>
      <trkpt lat="22.3615295052" lon="114.1527293809"><ele>270.000</ele></trkpt>
      <trkpt lat="22.3617008955" lon="114.1527389681"><ele>266.000</ele></trkpt>
      <trkpt lat="22.3617773618" lon="114.1527154797"><ele>265.000</ele></trkpt>
      <trkpt lat="22.3619028939" lon="114.1526385441"><ele>260.000</ele></trkpt>
      <trkpt lat="22.3620081875" lon="114.1526330686"><ele>258.000</ele></trkpt>
      <trkpt lat="22.3620616166" lon="114.1526204795"><ele>256.000</ele></trkpt>
      <trkpt lat="22.3621047463" lon="114.1526554611"><ele>256.000</ele></trkpt>
      <trkpt lat="22.3621671856" lon="114.1527298003"><ele>258.000</ele></trkpt>
      <trkpt lat="22.3621845802" lon="114.1527481083"><ele>256.000</ele></trkpt>
      <trkpt lat="22.3622440469" lon="114.1528066041"><ele>258.000</ele></trkpt>
      <trkpt lat="22.3622624441" lon="114.1528197469"><ele>258.000</ele></trkpt>
      <trkpt lat="22.3622740403" lon="114.1528263557"><ele>258.000</ele></trkpt>
      <trkpt lat="22.3622948483" lon="114.1528314027"><ele>258.000</ele></trkpt>
      <trkpt lat="22.3623210634" lon="114.1528274069"><ele>258.000</ele></trkpt>
      <trkpt lat="22.3623321245" lon="114.1528246380"><ele>258.000</ele></trkpt>
      <trkpt lat="22.3623621124" lon="114.1528137967"><ele>258.000</ele></trkpt>
      <trkpt lat="22.3624395188" lon="114.1527783652"><ele>257.000</ele></trkpt>
      <trkpt lat="22.3625256468" lon="114.1527420894"><ele>256.000</ele></trkpt>
      <trkpt lat="22.3625949874" lon="114.1527087369"><ele>258.000</ele></trkpt>
      <trkpt lat="22.3626503019" lon="114.1526768713"><ele>261.000</ele></trkpt>
      <trkpt lat="22.3626724983" lon="114.1526661497"><ele>261.000</ele></trkpt>
      <trkpt lat="22.3626895750" lon="114.1526592816"><ele>264.000</ele></trkpt>
      <trkpt lat="22.3627055209" lon="114.1526521534"><ele>264.000</ele></trkpt>
      <trkpt lat="22.3627341192" lon="114.1526425269"><ele>262.000</ele></trkpt>
      <trkpt lat="22.3627585806" lon="114.1526328311"><ele>262.000</ele></trkpt>
      <trkpt lat="22.3627810296" lon="114.1526203901"><ele>264.000</ele></trkpt>
      <trkpt lat="22.3628505691" lon="114.1525887676"><ele>261.000</ele></trkpt>
      <trkpt lat="22.3629027981" lon="114.1525642414"><ele>264.000</ele></trkpt>
      <trkpt lat="22.3629483081" lon="114.1525435641"><ele>263.000</ele></trkpt>
      <trkpt lat="22.3630074290" lon="114.1525181745"><ele>268.000</ele></trkpt>
      <trkpt lat="22.3630341653" lon="114.1525027821"><ele>268.000</ele></trkpt>
      <trkpt lat="22.3630396582" lon="114.1524281938"><ele>268.000</ele></trkpt>
      <trkpt lat="22.3630230389" lon="114.1523363875"><ele>270.000</ele></trkpt>
      <trkpt lat="22.3630305007" lon="114.1522099985"><ele>269.000</ele></trkpt>
      <trkpt lat="22.3630688632" lon="114.1521085561"><ele>268.000</ele></trkpt>
      <trkpt lat="22.3630925840" lon="114.1520983516"><ele>268.000</ele></trkpt>
      <trkpt lat="22.3631186744" lon="114.1520940964"><ele>268.000</ele></trkpt>
      <trkpt lat="22.3631732357" lon="114.1521093872"><ele>268.000</ele></trkpt>
      <trkpt lat="22.3633131941" lon="114.1521765207"><ele>271.000</ele></trkpt>
      <trkpt lat="22.3634120343" lon="114.1522122053"><ele>274.000</ele></trkpt>
      <trkpt lat="22.3635280947" lon="114.1522292902"><ele>276.000</ele></trkpt>
      <trkpt lat="22.3636610990" lon="114.1522215151"><ele>278.000</ele></trkpt>
      <trkpt lat="22.3637757492" lon="114.1522163939"><ele>276.000</ele></trkpt>
      <trkpt lat="22.3638374213" lon="114.1522155335"><ele>276.000</ele></trkpt>
      <trkpt lat="22.3639133289" lon="114.1522240204"><ele>277.000</ele></trkpt>
      <trkpt lat="22.3639496991" lon="114.1522282647"><ele>277.000</ele></trkpt>
      <trkpt lat="22.3639409911" lon="114.1521577066"><ele>275.000</ele></trkpt>
      <trkpt lat="22.3639330752" lon="114.1520948021"><ele>274.000</ele></trkpt>
      <trkpt lat="22.3639346440" lon="114.1520131953"><ele>270.000</ele></trkpt>
      <trkpt lat="22.3639520313" lon="114.1519715375"><ele>273.000</ele></trkpt>
      <trkpt lat="22.3639931433" lon="114.1519451759"><ele>270.000</ele></trkpt>
      <trkpt lat="22.3641667971" lon="114.1518918003"><ele>273.000</ele></trkpt>
      <trkpt lat="22.3642255930" lon="114.1518737283"><ele>279.000</ele></trkpt>
      <trkpt lat="22.3642516809" lon="114.1518414196"><ele>274.000</ele></trkpt>
      <trkpt lat="22.3643244013" lon="114.1517028435"><ele>272.000</ele></trkpt>
      <trkpt lat="22.3643449384" lon="114.1515795753"><ele>272.000</ele></trkpt>
      <trkpt lat="22.3643639102" lon="114.1515421696"><ele>274.000</ele></trkpt>
      <trkpt lat="22.3645283605" lon="114.1514758336"><ele>270.000</ele></trkpt>
      <trkpt lat="22.3646497777" lon="114.1514628121"><ele>274.000</ele></trkpt>
      <trkpt lat="22.3646999373" lon="114.1514647487"><ele>274.000</ele></trkpt>
      <trkpt lat="22.3647785292" lon="114.1514879344"><ele>272.000</ele></trkpt>
      <trkpt lat="22.3648138010" lon="114.1515072336"><ele>270.000</ele></trkpt>
      <trkpt lat="22.3648455307" lon="114.1515644572"><ele>270.000</ele></trkpt>
      <trkpt lat="22.3648577597" lon="114.1516219408"><ele>270.000</ele></trkpt>
      <trkpt lat="22.3648602920" lon="114.1517156274"><ele>275.000</ele></trkpt>
      <trkpt lat="22.3648708392" lon="114.1517645508"><ele>278.000</ele></trkpt>
      <trkpt lat="22.3648978526" lon="114.1517901489"><ele>279.000</ele></trkpt>
      <trkpt lat="22.3649371895" lon="114.1517894408"><ele>280.000</ele></trkpt>
      <trkpt lat="22.3649790921" lon="114.1517656324"><ele>278.000</ele></trkpt>
      <trkpt lat="22.3650700160" lon="114.1517299108"><ele>280.000</ele></trkpt>
      <trkpt lat="22.3651111291" lon="114.1517171534"><ele>277.000</ele></trkpt>
      <trkpt lat="22.3652471238" lon="114.1517001273"><ele>281.000</ele></trkpt>
      <trkpt lat="22.3652938845" lon="114.1516513722"><ele>283.000</ele></trkpt>
      <trkpt lat="22.3653050339" lon="114.1516357191"><ele>283.000</ele></trkpt>
      <trkpt lat="22.3653235511" lon="114.1516020143"><ele>285.000</ele></trkpt>
      <trkpt lat="22.3653457528" lon="114.1515216477"><ele>286.000</ele></trkpt>
      <trkpt lat="22.3653554118" lon="114.1514748313"><ele>289.000</ele></trkpt>
      <trkpt lat="22.3653625147" lon="114.1513966219"><ele>288.000</ele></trkpt>
      <trkpt lat="22.3653964911" lon="114.1512469986"><ele>286.000</ele></trkpt>
      <trkpt lat="22.3654304757" lon="114.1511670851"><ele>284.000</ele></trkpt>
      <trkpt lat="22.3654905544" lon="114.1510718622"><ele>278.000</ele></trkpt>
      <trkpt lat="22.3655498444" lon="114.1510038444"><ele>268.000</ele></trkpt>
      <trkpt lat="22.3655893726" lon="114.1509681326"><ele>266.000</ele></trkpt>
      <trkpt lat="22.3656000129" lon="114.1508756130"><ele>266.000</ele></trkpt>
      <trkpt lat="22.3656428516" lon="114.1508506904"><ele>266.000</ele></trkpt>
      <trkpt lat="22.3656630354" lon="114.1510436574"><ele>266.000</ele></trkpt>
      <trkpt lat="22.3656832189" lon="114.1512366245"><ele>268.000</ele></trkpt>
      <trkpt lat="22.3656859912" lon="114.1512631290"><ele>266.000</ele></trkpt>
      <trkpt lat="22.3657041369" lon="114.1513362163"><ele>264.000</ele></trkpt>
      <trkpt lat="22.3657222951" lon="114.1513735652"><ele>264.000</ele></trkpt>
      <trkpt lat="22.3657646137" lon="114.1513946653"><ele>273.000</ele></trkpt>
      <trkpt lat="22.3658492684" lon="114.1513979005"><ele>262.000</ele></trkpt>
      <trkpt lat="22.3659989244" lon="114.1514157402"><ele>266.000</ele></trkpt>
      <trkpt lat="22.3661768253" lon="114.1514492522"><ele>268.000</ele></trkpt>
      <trkpt lat="22.3661972220" lon="114.1514530944"><ele>268.000</ele></trkpt>
      <trkpt lat="22.3662712928" lon="114.1514676933"><ele>268.000</ele></trkpt>
      <trkpt lat="22.3663378099" lon="114.1514498153"><ele>266.000</ele></trkpt>
      <trkpt lat="22.3664647813" lon="114.1513994490"><ele>262.000</ele></trkpt>
      <trkpt lat="22.3665433767" lon="114.1513588307"><ele>262.000</ele></trkpt>
      <trkpt lat="22.3666090890" lon="114.1512939232"><ele>257.000</ele></trkpt>
      <trkpt lat="22.3666756088" lon="114.1512305689"><ele>254.000</ele></trkpt>
      <trkpt lat="22.3667421140" lon="114.1512061953"><ele>254.000</ele></trkpt>
      <trkpt lat="22.3668146744" lon="114.1512061820"><ele>252.000</ele></trkpt>
      <trkpt lat="22.3669129318" lon="114.1512386405"><ele>252.000</ele></trkpt>
      <trkpt lat="22.3670180912" lon="114.1512310481"><ele>255.000</ele></trkpt>
      <trkpt lat="22.3670740142" lon="114.1512050365"><ele>255.000</ele></trkpt>
      <trkpt lat="22.3670872915" lon="114.1511918255"><ele>255.000</ele></trkpt>
      <trkpt lat="22.3671304325" lon="114.1512397426"><ele>258.000</ele></trkpt>
      <trkpt lat="22.3671450567" lon="114.1512521503"><ele>258.000</ele></trkpt>
      <trkpt lat="22.3671500766" lon="114.1512564118"><ele>258.000</ele></trkpt>
      <trkpt lat="22.3671551956" lon="114.1512593120"><ele>258.000</ele></trkpt>
      <trkpt lat="22.3671571074" lon="114.1512597757"><ele>261.000</ele></trkpt>
      <trkpt lat="22.3671583862" lon="114.1512600891"><ele>261.000</ele></trkpt>
      <trkpt lat="22.3671623668" lon="114.1512596010"><ele>261.000</ele></trkpt>
      <trkpt lat="22.3671653996" lon="114.1512563391"><ele>261.000</ele></trkpt>
      <trkpt lat="22.3671666398" lon="114.1512525066"><ele>261.000</ele></trkpt>
      <trkpt lat="22.3671673899" lon="114.1512445973"><ele>261.000</ele></trkpt>
      <trkpt lat="22.3671681796" lon="114.1512362850"><ele>262.000</ele></trkpt>
      <trkpt lat="22.3671687320" lon="114.1512341033"><ele>262.000</ele></trkpt>
      <trkpt lat="22.3671694136" lon="114.1512327506"><ele>262.000</ele></trkpt>
      <trkpt lat="22.3671732021" lon="114.1512286283"><ele>262.000</ele></trkpt>
      <trkpt lat="22.3671774992" lon="114.1512253546"><ele>262.000</ele></trkpt>
      <trkpt lat="22.3671795499" lon="114.1512243075"><ele>262.000</ele></trkpt>
      <trkpt lat="22.3671820764" lon="114.1512230245"><ele>262.000</ele></trkpt>
      <trkpt lat="22.3671839141" lon="114.1512224969"><ele>262.000</ele></trkpt>
      <trkpt lat="22.3671853445" lon="114.1512223481"><ele>262.000</ele></trkpt>
      <trkpt lat="22.3671869728" lon="114.1512226905"><ele>262.000</ele></trkpt>
      <trkpt lat="22.3671889723" lon="114.1512239679"><ele>262.000</ele></trkpt>
      <trkpt lat="22.3671891132" lon="114.1512240572"><ele>262.000</ele></trkpt>
      <trkpt lat="22.3671927549" lon="114.1512275092"><ele>262.000</ele></trkpt>
      <trkpt lat="22.3671986511" lon="114.1512341871"><ele>262.000</ele></trkpt>
      <trkpt lat="22.3672005839" lon="114.1512363665"><ele>262.000</ele></trkpt>
      <trkpt lat="22.3672037659" lon="114.1512395146"><ele>264.000</ele></trkpt>
      <trkpt lat="22.3672072755" lon="114.1512417937"><ele>264.000</ele></trkpt>
      <trkpt lat="22.3672089724" lon="114.1512420944"><ele>264.000</ele></trkpt>
      <trkpt lat="22.3672103252" lon="114.1512423000"><ele>264.000</ele></trkpt>
      <trkpt lat="22.3672131173" lon="114.1512413431"><ele>264.000</ele></trkpt>
      <trkpt lat="22.3672151678" lon="114.1512393883"><ele>264.000</ele></trkpt>
      <trkpt lat="22.3672166791" lon="114.1512364131"><ele>265.000</ele></trkpt>
      <trkpt lat="22.3672170003" lon="114.1512347605"><ele>265.000</ele></trkpt>
      <trkpt lat="22.3672176473" lon="114.1512314388"><ele>265.000</ele></trkpt>
      <trkpt lat="22.3672178441" lon="114.1512200255"><ele>265.000</ele></trkpt>
      <trkpt lat="22.3672179560" lon="114.1512133543"><ele>265.000</ele></trkpt>
      <trkpt lat="22.3672185013" lon="114.1512069985"><ele>265.000</ele></trkpt>
      <trkpt lat="22.3672193857" lon="114.1512033321"><ele>265.000</ele></trkpt>
      <trkpt lat="22.3672194895" lon="114.1512029165"><ele>265.000</ele></trkpt>
      <trkpt lat="22.3672212093" lon="114.1511995364"><ele>265.000</ele></trkpt>
      <trkpt lat="22.3672255519" lon="114.1511928216"><ele>265.000</ele></trkpt>
      <trkpt lat="22.3672257135" lon="114.1511926080"><ele>265.000</ele></trkpt>
      <trkpt lat="22.3672306161" lon="114.1511860126"><ele>268.000</ele></trkpt>
      <trkpt lat="22.3672349364" lon="114.1511808843"><ele>268.000</ele></trkpt>
      <trkpt lat="22.3672361426" lon="114.1511794520"><ele>268.000</ele></trkpt>
      <trkpt lat="22.3672413524" lon="114.1511739682"><ele>268.000</ele></trkpt>
      <trkpt lat="22.3672442833" lon="114.1511712539"><ele>268.000</ele></trkpt>
      <trkpt lat="22.3672474805" lon="114.1511682949"><ele>268.000</ele></trkpt>
      <trkpt lat="22.3672529794" lon="114.1511638645"><ele>268.000</ele></trkpt>
      <trkpt lat="22.3672550878" lon="114.1511624572"><ele>268.000</ele></trkpt>
      <trkpt lat="22.3672591466" lon="114.1511597107"><ele>268.000</ele></trkpt>
      <trkpt lat="22.3672622538" lon="114.1511581761"><ele>268.000</ele></trkpt>
      <trkpt lat="22.3672640779" lon="114.1511577213"><ele>268.000</ele></trkpt>
      <trkpt lat="22.3672657837" lon="114.1511575744"><ele>268.000</ele></trkpt>
      <trkpt lat="22.3672671175" lon="114.1511574567"><ele>268.000</ele></trkpt>
      <trkpt lat="22.3672733415" lon="114.1511581041"><ele>268.000</ele></trkpt>
      <trkpt lat="22.3672766730" lon="114.1511590016"><ele>268.000</ele></trkpt>
      <trkpt lat="22.3672778027" lon="114.1511594383"><ele>268.000</ele></trkpt>
      <trkpt lat="22.3672798212" lon="114.1511602264"><ele>268.000</ele></trkpt>
      <trkpt lat="22.3672824945" lon="114.1511616794"><ele>268.000</ele></trkpt>
      <trkpt lat="22.3672838004" lon="114.1511626442"><ele>268.000</ele></trkpt>
      <trkpt lat="22.3672846910" lon="114.1511637053"><ele>268.000</ele></trkpt>
      <trkpt lat="22.3672859367" lon="114.1511662130"><ele>268.000</ele></trkpt>
      <trkpt lat="22.3672862150" lon="114.1511670605"><ele>268.000</ele></trkpt>
      <trkpt lat="22.3672870562" lon="114.1511696528"><ele>268.000</ele></trkpt>
      <trkpt lat="22.3672895131" lon="114.1511792509"><ele>268.000</ele></trkpt>
      <trkpt lat="22.3672899386" lon="114.1511804023"><ele>268.000</ele></trkpt>
      <trkpt lat="22.3672914627" lon="114.1511845654"><ele>268.000</ele></trkpt>
      <trkpt lat="22.3672933036" lon="114.1511876002"><ele>268.000</ele></trkpt>
      <trkpt lat="22.3672950125" lon="114.1511894835"><ele>268.000</ele></trkpt>
      <trkpt lat="22.3672957431" lon="114.1511899756"><ele>268.000</ele></trkpt>
      <trkpt lat="22.3672973986" lon="114.1511910365"><ele>268.000</ele></trkpt>
      <trkpt lat="22.3673000483" lon="114.1511919584"><ele>268.000</ele></trkpt>
      <trkpt lat="22.3673049764" lon="114.1511923993"><ele>268.000</ele></trkpt>
      <trkpt lat="22.3673091746" lon="114.1511917927"><ele>268.000</ele></trkpt>
      <trkpt lat="22.3673101390" lon="114.1511916459"><ele>268.000</ele></trkpt>
      <trkpt lat="22.3673149150" lon="114.1511898896"><ele>268.000</ele></trkpt>
      <trkpt lat="22.3673181467" lon="114.1511877248"><ele>268.000</ele></trkpt>
      <trkpt lat="22.3673188608" lon="114.1511869120"><ele>268.000</ele></trkpt>
      <trkpt lat="22.3673205384" lon="114.1511850096"><ele>268.000</ele></trkpt>
      <trkpt lat="22.3673228243" lon="114.1511810818"><ele>268.000</ele></trkpt>
      <trkpt lat="22.3673255837" lon="114.1511732721"><ele>268.000</ele></trkpt>
      <trkpt lat="22.3673260089" lon="114.1511720788"><ele>268.000</ele></trkpt>
      <trkpt lat="22.3673278086" lon="114.1511661800"><ele>268.000</ele></trkpt>
      <trkpt lat="22.3673294145" lon="114.1511620737"><ele>268.000</ele></trkpt>
      <trkpt lat="22.3673306261" lon="114.1511599462"><ele>268.000</ele></trkpt>
      <trkpt lat="22.3673308527" lon="114.1511595558"><ele>268.000</ele></trkpt>
      <trkpt lat="22.3673319939" lon="114.1511581953"><ele>268.000</ele></trkpt>
      <trkpt lat="22.3673333646" lon="114.1511570746"><ele>268.000</ele></trkpt>
      <trkpt lat="22.3673358153" lon="114.1511557091"><ele>268.000</ele></trkpt>
      <trkpt lat="22.3673400133" lon="114.1511541800"><ele>269.000</ele></trkpt>
      <trkpt lat="22.3673471750" lon="114.1511515737"><ele>269.000</ele></trkpt>
      <trkpt lat="22.3673509775" lon="114.1511498409"><ele>269.000</ele></trkpt>
      <trkpt lat="22.3673520665" lon="114.1511491669"><ele>269.000</ele></trkpt>
      <trkpt lat="22.3673576901" lon="114.1511457006"><ele>269.000</ele></trkpt>
      <trkpt lat="22.3673632893" lon="114.1511414469"><ele>269.000</ele></trkpt>
      <trkpt lat="22.3673641561" lon="114.1511406040"><ele>269.000</ele></trkpt>
      <trkpt lat="22.3673669777" lon="114.1511378868"><ele>270.000</ele></trkpt>
      <trkpt lat="22.3673715798" lon="114.1511326167"><ele>270.000</ele></trkpt>
      <trkpt lat="22.3673735633" lon="114.1511299939"><ele>270.000</ele></trkpt>
      <trkpt lat="22.3673821126" lon="114.1511186810"><ele>271.000</ele></trkpt>
      <trkpt lat="22.3673861439" lon="114.1511133508"><ele>271.000</ele></trkpt>
      <trkpt lat="22.3673911783" lon="114.1511072855"><ele>271.000</ele></trkpt>
      <trkpt lat="22.3673913417" lon="114.1511070835"><ele>271.000</ele></trkpt>
      <trkpt lat="22.3673974698" lon="114.1511011043"><ele>271.000</ele></trkpt>
      <trkpt lat="22.3674005814" lon="114.1510987357"><ele>271.000</ele></trkpt>
      <trkpt lat="22.3674032045" lon="114.1510971370"><ele>271.000</ele></trkpt>
      <trkpt lat="22.3674084454" lon="114.1510947544"><ele>271.000</ele></trkpt>
      <trkpt lat="22.3674143909" lon="114.1510929415"><ele>271.000</ele></trkpt>
      <trkpt lat="22.3674150311" lon="114.1510927453"><ele>271.000</ele></trkpt>
      <trkpt lat="22.3674229190" lon="114.1510911758"><ele>274.000</ele></trkpt>
      <trkpt lat="22.3674270134" lon="114.1510906498"><ele>274.000</ele></trkpt>
      <trkpt lat="22.3674343325" lon="114.1510897115"><ele>274.000</ele></trkpt>
      <trkpt lat="22.3674409112" lon="114.1510896908"><ele>274.000</ele></trkpt>
      <trkpt lat="22.3674428817" lon="114.1510896827"><ele>274.000</ele></trkpt>
      <trkpt lat="22.3674538413" lon="114.1510907565"><ele>274.000</ele></trkpt>
      <trkpt lat="22.3674647883" lon="114.1510918215"><ele>272.000</ele></trkpt>
      <trkpt lat="22.3674670053" lon="114.1510918337"><ele>272.000</ele></trkpt>
      <trkpt lat="22.3674696684" lon="114.1510918527"><ele>272.000</ele></trkpt>
      <trkpt lat="22.3674745232" lon="114.1510914469"><ele>274.000</ele></trkpt>
      <trkpt lat="22.3674792623" lon="114.1510905042"><ele>274.000</ele></trkpt>
      <trkpt lat="22.3674811487" lon="114.1510899815"><ele>274.000</ele></trkpt>
      <trkpt lat="22.3674864846" lon="114.1510884892"><ele>274.000</ele></trkpt>
      <trkpt lat="22.3674929410" lon="114.1510861617"><ele>274.000</ele></trkpt>
      <trkpt lat="22.3675004748" lon="114.1510834358"><ele>274.000</ele></trkpt>
      <trkpt lat="22.3675057193" lon="114.1510811212"><ele>274.000</ele></trkpt>
      <trkpt lat="22.3675099986" lon="114.1510792212"><ele>274.000</ele></trkpt>
      <trkpt lat="22.3675172848" lon="114.1510755711"><ele>274.000</ele></trkpt>
      <trkpt lat="22.3675201355" lon="114.1510741482"><ele>276.000</ele></trkpt>
      <trkpt lat="22.3675295526" lon="114.1510689122"><ele>276.000</ele></trkpt>
      <trkpt lat="22.3675316213" lon="114.1510677583"><ele>276.000</ele></trkpt>
      <trkpt lat="22.3675404957" lon="114.1510623311"><ele>276.000</ele></trkpt>
      <trkpt lat="22.3675418383" lon="114.1510612988"><ele>276.000</ele></trkpt>
      <trkpt lat="22.3675503287" lon="114.1510547037"><ele>276.000</ele></trkpt>
      <trkpt lat="22.3675525391" lon="114.1510527264"><ele>276.000</ele></trkpt>
      <trkpt lat="22.3675628803" lon="114.1510435454"><ele>278.000</ele></trkpt>
      <trkpt lat="22.3675713082" lon="114.1510360472"><ele>280.000</ele></trkpt>
      <trkpt lat="22.3675738021" lon="114.1510341709"><ele>280.000</ele></trkpt>
      <trkpt lat="22.3675769209" lon="114.1510318188"><ele>280.000</ele></trkpt>
      <trkpt lat="22.3675836561" lon="114.1510275095"><ele>280.000</ele></trkpt>
      <trkpt lat="22.3675849690" lon="114.1510267345"><ele>280.000</ele></trkpt>
      <trkpt lat="22.3675954019" lon="114.1510205652"><ele>280.000</ele></trkpt>
      <trkpt lat="22.3675970751" lon="114.1510196658"><ele>280.000</ele></trkpt>
      <trkpt lat="22.3676066196" lon="114.1510145181"><ele>280.000</ele></trkpt>
      <trkpt lat="22.3676090838" lon="114.1510133050"><ele>281.000</ele></trkpt>
      <trkpt lat="22.3676180026" lon="114.1510089516"><ele>281.000</ele></trkpt>
      <trkpt lat="22.3676214376" lon="114.1510074538"><ele>281.000</ele></trkpt>
      <trkpt lat="22.3676295284" lon="114.1510039278"><ele>281.000</ele></trkpt>
      <trkpt lat="22.3676337355" lon="114.1510023542"><ele>281.000</ele></trkpt>
      <trkpt lat="22.3676438193" lon="114.1509985763"><ele>281.000</ele></trkpt>
      <trkpt lat="22.3676462023" lon="114.1509978856"><ele>281.000</ele></trkpt>
      <trkpt lat="22.3676542355" lon="114.1509955694"><ele>282.000</ele></trkpt>
      <trkpt lat="22.3676587850" lon="114.1509948326"><ele>282.000</ele></trkpt>
      <trkpt lat="22.3676637092" lon="114.1509940316"><ele>284.000</ele></trkpt>
      <trkpt lat="22.3676676835" lon="114.1509938921"><ele>284.000</ele></trkpt>
      <trkpt lat="22.3676715306" lon="114.1509941399"><ele>284.000</ele></trkpt>
      <trkpt lat="22.3676726495" lon="114.1509943756"><ele>282.000</ele></trkpt>
      <trkpt lat="22.3676758997" lon="114.1509950634"><ele>282.000</ele></trkpt>
      <trkpt lat="22.3676802374" lon="114.1509968851"><ele>282.000</ele></trkpt>
      <trkpt lat="22.3676843177" lon="114.1509992747"><ele>282.000</ele></trkpt>
      <trkpt lat="22.3676855713" lon="114.1510000105"><ele>282.000</ele></trkpt>
      <trkpt lat="22.3676953163" lon="114.1510067518"><ele>282.000</ele></trkpt>
      <trkpt lat="22.3676976374" lon="114.1510083553"><ele>282.000</ele></trkpt>
      <trkpt lat="22.3677027519" lon="114.1510115060"><ele>285.000</ele></trkpt>
      <trkpt lat="22.3677051931" lon="114.1510126688"><ele>285.000</ele></trkpt>
      <trkpt lat="22.3677081526" lon="114.1510140751"><ele>285.000</ele></trkpt>
      <trkpt lat="22.3677140245" lon="114.1510156498"><ele>285.000</ele></trkpt>
      <trkpt lat="22.3677186553" lon="114.1510154674"><ele>285.000</ele></trkpt>
      <trkpt lat="22.3677210067" lon="114.1510145077"><ele>285.000</ele></trkpt>
      <trkpt lat="22.3677229690" lon="114.1510137141"><ele>285.000</ele></trkpt>
      <trkpt lat="22.3677266584" lon="114.1510112278"><ele>285.000</ele></trkpt>
      <trkpt lat="22.3677307867" lon="114.1510079366"><ele>285.000</ele></trkpt>
      <trkpt lat="22.3677352761" lon="114.1510043559"><ele>285.000</ele></trkpt>
      <trkpt lat="22.3677378441" lon="114.1510029039"><ele>285.000</ele></trkpt>
      <trkpt lat="22.3677393928" lon="114.1510024191"><ele>285.000</ele></trkpt>
      <trkpt lat="22.3677403681" lon="114.1510023743"><ele>285.000</ele></trkpt>
      <trkpt lat="22.3677437807" lon="114.1510022290"><ele>288.000</ele></trkpt>
      <trkpt lat="22.3677495233" lon="114.1510026784"><ele>288.000</ele></trkpt>
      <trkpt lat="22.3677556751" lon="114.1510037182"><ele>288.000</ele></trkpt>
      <trkpt lat="22.3677563732" lon="114.1510038452"><ele>288.000</ele></trkpt>
      <trkpt lat="22.3677686036" lon="114.1510065344"><ele>288.000</ele></trkpt>
      <trkpt lat="22.3677800566" lon="114.1510090557"><ele>288.000</ele></trkpt>
      <trkpt lat="22.3677816026" lon="114.1510092370"><ele>288.000</ele></trkpt>
      <trkpt lat="22.3677877525" lon="114.1510099194"><ele>288.000</ele></trkpt>
      <trkpt lat="22.3677955477" lon="114.1510097490"><ele>289.000</ele></trkpt>
      <trkpt lat="22.3678012765" lon="114.1510086916"><ele>289.000</ele></trkpt>
      <trkpt lat="22.3678069492" lon="114.1510068438"><ele>289.000</ele></trkpt>
      <trkpt lat="22.3678077628" lon="114.1510065796"><ele>289.000</ele></trkpt>
      <trkpt lat="22.3678197608" lon="114.1510010469"><ele>289.000</ele></trkpt>
      <trkpt lat="22.3678272827" lon="114.1509975754"><ele>289.000</ele></trkpt>
      <trkpt lat="22.3678319313" lon="114.1509958026"><ele>289.000</ele></trkpt>
      <trkpt lat="22.3678338041" lon="114.1509950838"><ele>290.000</ele></trkpt>
      <trkpt lat="22.3678456472" lon="114.1509918552"><ele>292.000</ele></trkpt>
      <trkpt lat="22.3678466639" lon="114.1509915725"><ele>292.000</ele></trkpt>
      <trkpt lat="22.3678516893" lon="114.1509906463"><ele>292.000</ele></trkpt>
      <trkpt lat="22.3678557674" lon="114.1509902231"><ele>292.000</ele></trkpt>
      <trkpt lat="22.3678578372" lon="114.1509902500"><ele>292.000</ele></trkpt>
      <trkpt lat="22.3678615750" lon="114.1509902842"><ele>292.000</ele></trkpt>
      <trkpt lat="22.3678701424" lon="114.1509912545"><ele>292.000</ele></trkpt>
      <trkpt lat="22.3678720985" lon="114.1509915998"><ele>292.000</ele></trkpt>
      <trkpt lat="22.3678797719" lon="114.1509929480"><ele>292.000</ele></trkpt>
      <trkpt lat="22.3678848301" lon="114.1509939811"><ele>292.000</ele></trkpt>
      <trkpt lat="22.3678980214" lon="114.1509966983"><ele>292.000</ele></trkpt>
      <trkpt lat="22.3679084367" lon="114.1509988431"><ele>292.000</ele></trkpt>
      <trkpt lat="22.3679114882" lon="114.1509992503"><ele>292.000</ele></trkpt>
      <trkpt lat="22.3679185999" lon="114.1510001937"><ele>292.000</ele></trkpt>
      <trkpt lat="22.3679243217" lon="114.1510005131"><ele>292.000</ele></trkpt>
      <trkpt lat="22.3679270011" lon="114.1510006572"><ele>292.000</ele></trkpt>
      <trkpt lat="22.3679353769" lon="114.1510004343"><ele>292.000</ele></trkpt>
      <trkpt lat="22.3679382783" lon="114.1510001580"><ele>292.000</ele></trkpt>
      <trkpt lat="22.3679446240" lon="114.1509995500"><ele>292.000</ele></trkpt>
      <trkpt lat="22.3679516884" lon="114.1509984001"><ele>292.000</ele></trkpt>
      <trkpt lat="22.3679652239" lon="114.1509962130"><ele>292.000</ele></trkpt>
      <trkpt lat="22.3679778321" lon="114.1509941746"><ele>294.000</ele></trkpt>
      <trkpt lat="22.3679786141" lon="114.1509940978"><ele>294.000</ele></trkpt>
      <trkpt lat="22.3679910137" lon="114.1509927556"><ele>294.000</ele></trkpt>
      <trkpt lat="22.3679917813" lon="114.1509927487"><ele>294.000</ele></trkpt>
      <trkpt lat="22.3680032708" lon="114.1509926621"><ele>294.000</ele></trkpt>
      <trkpt lat="22.3680058581" lon="114.1509928257"><ele>294.000</ele></trkpt>
      <trkpt lat="22.3680192532" lon="114.1509936582"><ele>296.000</ele></trkpt>
      <trkpt lat="22.3680267270" lon="114.1509941268"><ele>296.000</ele></trkpt>
      <trkpt lat="22.3680318988" lon="114.1509942841"><ele>296.000</ele></trkpt>
      <trkpt lat="22.3680368765" lon="114.1509944327"><ele>296.000</ele></trkpt>
      <trkpt lat="22.3680452423" lon="114.1509941205"><ele>296.000</ele></trkpt>
      <trkpt lat="22.3680457859" lon="114.1509940679"><ele>296.000</ele></trkpt>
      <trkpt lat="22.3680579986" lon="114.1509927763"><ele>296.000</ele></trkpt>
      <trkpt lat="22.3680589866" lon="114.1509926538"><ele>296.000</ele></trkpt>
      <trkpt lat="22.3680725565" lon="114.1509908521"><ele>298.000</ele></trkpt>
      <trkpt lat="22.3680761533" lon="114.1509903767"><ele>298.000</ele></trkpt>
      <trkpt lat="22.3680857561" lon="114.1509887593"><ele>298.000</ele></trkpt>
      <trkpt lat="22.3680933686" lon="114.1509874704"><ele>298.000</ele></trkpt>
      <trkpt lat="22.3680992572" lon="114.1509862158"><ele>298.000</ele></trkpt>
      <trkpt lat="22.3681095562" lon="114.1509840274"><ele>298.000</ele></trkpt>
      <trkpt lat="22.3681117153" lon="114.1509834570"><ele>298.000</ele></trkpt>
      <trkpt lat="22.3681245887" lon="114.1509800671"><ele>298.000</ele></trkpt>
      <trkpt lat="22.3681249310" lon="114.1509799573"><ele>298.000</ele></trkpt>
      <trkpt lat="22.3681318083" lon="114.1509777986"><ele>298.000</ele></trkpt>
      <trkpt lat="22.3681380127" lon="114.1509750711"><ele>298.000</ele></trkpt>
      <trkpt lat="22.3681384317" lon="114.1509748176"><ele>298.000</ele></trkpt>
      <trkpt lat="22.3681448067" lon="114.1509712123"><ele>298.000</ele></trkpt>
      <trkpt lat="22.3681498298" lon="114.1509679277"><ele>300.000</ele></trkpt>
      <trkpt lat="22.3681558932" lon="114.1509639817"><ele>300.000</ele></trkpt>
      <trkpt lat="22.3681614546" lon="114.1509605086"><ele>300.000</ele></trkpt>
      <trkpt lat="22.3681620559" lon="114.1509601337"><ele>300.000</ele></trkpt>
      <trkpt lat="22.3681673817" lon="114.1509572888"><ele>300.000</ele></trkpt>
      <trkpt lat="22.3681719283" lon="114.1509554015"><ele>300.000</ele></trkpt>
      <trkpt lat="22.3681743745" lon="114.1509547048"><ele>300.000</ele></trkpt>
      <trkpt lat="22.3681775161" lon="114.1509538246"><ele>300.000</ele></trkpt>
      <trkpt lat="22.3681850961" lon="114.1509523590"><ele>300.000</ele></trkpt>
      <trkpt lat="22.3681870060" lon="114.1509521247"><ele>300.000</ele></trkpt>
      <trkpt lat="22.3681928640" lon="114.1509513828"><ele>300.000</ele></trkpt>
      <trkpt lat="22.3682003909" lon="114.1509509144"><ele>302.000</ele></trkpt>
      <trkpt lat="22.3682139890" lon="114.1509500866"><ele>302.000</ele></trkpt>
      <trkpt lat="22.3682267896" lon="114.1509492968"><ele>302.000</ele></trkpt>
      <trkpt lat="22.3682282670" lon="114.1509492042"><ele>302.000</ele></trkpt>
      <trkpt lat="22.3682365795" lon="114.1509483580"><ele>302.000</ele></trkpt>
      <trkpt lat="22.3682402097" lon="114.1509477952"><ele>303.000</ele></trkpt>
      <trkpt lat="22.3682439708" lon="114.1509472177"><ele>303.000</ele></trkpt>
      <trkpt lat="22.3682535780" lon="114.1509450362"><ele>304.000</ele></trkpt>
      <trkpt lat="22.3682574800" lon="114.1509441480"><ele>304.000</ele></trkpt>
      <trkpt lat="22.3682669842" lon="114.1509414665"><ele>304.000</ele></trkpt>
      <trkpt lat="22.3682700653" lon="114.1509406037"><ele>304.000</ele></trkpt>
      <trkpt lat="22.3682798575" lon="114.1509371765"><ele>304.000</ele></trkpt>
      <trkpt lat="22.3682816237" lon="114.1509365625"><ele>304.000</ele></trkpt>
      <trkpt lat="22.3682919982" lon="114.1509320768"><ele>306.000</ele></trkpt>
      <trkpt lat="22.3682987552" lon="114.1509285928"><ele>306.000</ele></trkpt>
      <trkpt lat="22.3683040972" lon="114.1509254178"><ele>306.000</ele></trkpt>
      <trkpt lat="22.3683044764" lon="114.1509251993"><ele>306.000</ele></trkpt>
      <trkpt lat="22.3683156532" lon="114.1509173851"><ele>306.000</ele></trkpt>
      <trkpt lat="22.3683175394" lon="114.1509160672"><ele>306.000</ele></trkpt>
      <trkpt lat="22.3683266094" lon="114.1509087155"><ele>306.000</ele></trkpt>
      <trkpt lat="22.3683299936" lon="114.1509059681"><ele>306.000</ele></trkpt>
      <trkpt lat="22.3683372631" lon="114.1508996664"><ele>307.000</ele></trkpt>
      <trkpt lat="22.3683477019" lon="114.1508906241"><ele>308.000</ele></trkpt>
      <trkpt lat="22.3683580856" lon="114.1508816216"><ele>308.000</ele></trkpt>
      <trkpt lat="22.3683603970" lon="114.1508796200"><ele>308.000</ele></trkpt>
      <trkpt lat="22.3683687456" lon="114.1508730938"><ele>308.000</ele></trkpt>
      <trkpt lat="22.3683696847" lon="114.1508723538"><ele>308.000</ele></trkpt>
      <trkpt lat="22.3683775973" lon="114.1508668859"><ele>310.000</ele></trkpt>
      <trkpt lat="22.3683812932" lon="114.1508650638"><ele>310.000</ele></trkpt>
      <trkpt lat="22.3683843913" lon="114.1508635466"><ele>310.000</ele></trkpt>
      <trkpt lat="22.3683935080" lon="114.1508603088"><ele>310.000</ele></trkpt>
      <trkpt lat="22.3684024748" lon="114.1508571205"><ele>310.000</ele></trkpt>
      <trkpt lat="22.3684050294" lon="114.1508559695"><ele>310.000</ele></trkpt>
      <trkpt lat="22.3684104130" lon="114.1508535547"><ele>310.000</ele></trkpt>
      <trkpt lat="22.3684174823" lon="114.1508491560"><ele>310.000</ele></trkpt>
      <trkpt lat="22.3684186499" lon="114.1508484305"><ele>310.000</ele></trkpt>
      <trkpt lat="22.3684283439" lon="114.1508414118"><ele>312.000</ele></trkpt>
      <trkpt lat="22.3684382764" lon="114.1508342066"><ele>312.000</ele></trkpt>
      <trkpt lat="22.3684393500" lon="114.1508335820"><ele>312.000</ele></trkpt>
      <trkpt lat="22.3684433763" lon="114.1508312433"><ele>312.000</ele></trkpt>
      <trkpt lat="22.3684477802" lon="114.1508292588"><ele>312.000</ele></trkpt>
      <trkpt lat="22.3684514600" lon="114.1508281795"><ele>312.000</ele></trkpt>
      <trkpt lat="22.3684542738" lon="114.1508277760"><ele>312.000</ele></trkpt>
      <trkpt lat="22.3684562614" lon="114.1508275018"><ele>312.000</ele></trkpt>
      <trkpt lat="22.3684671387" lon="114.1508273309"><ele>312.000</ele></trkpt>
      <trkpt lat="22.3684729344" lon="114.1508272307"><ele>312.000</ele></trkpt>
      <trkpt lat="22.3684788133" lon="114.1508267694"><ele>312.000</ele></trkpt>
      <trkpt lat="22.3684799511" lon="114.1508265255"><ele>312.000</ele></trkpt>
      <trkpt lat="22.3684847244" lon="114.1508255255"><ele>312.000</ele></trkpt>
      <trkpt lat="22.3684902959" lon="114.1508231632"><ele>312.000</ele></trkpt>
      <trkpt lat="22.3684936315" lon="114.1508211372"><ele>312.000</ele></trkpt>
      <trkpt lat="22.3685022765" lon="114.1508158682"><ele>312.000</ele></trkpt>
      <trkpt lat="22.3685045717" lon="114.1508141900"><ele>312.000</ele></trkpt>
      <trkpt lat="22.3685144030" lon="114.1508070101"><ele>314.000</ele></trkpt>
      <trkpt lat="22.3685156933" lon="114.1508059583"><ele>314.000</ele></trkpt>
      <trkpt lat="22.3685253963" lon="114.1507980395"><ele>314.000</ele></trkpt>
      <trkpt lat="22.3685260094" lon="114.1507975151"><ele>314.000</ele></trkpt>
      <trkpt lat="22.3685365150" lon="114.1507885009"><ele>314.000</ele></trkpt>
      <trkpt lat="22.3685474115" lon="114.1507791478"><ele>314.000</ele></trkpt>
      <trkpt lat="22.3685490016" lon="114.1507777852"><ele>314.000</ele></trkpt>
      <trkpt lat="22.3685583767" lon="114.1507702024"><ele>314.000</ele></trkpt>
      <trkpt lat="22.3686093556" lon="114.1507345993"><ele>316.000</ele></trkpt>
      <trkpt lat="22.3686952228" lon="114.1506861937"><ele>318.000</ele></trkpt>
      <trkpt lat="22.3687648466" lon="114.1506924889"><ele>320.000</ele></trkpt>
      <trkpt lat="22.3688657540" lon="114.1506714444"><ele>320.000</ele></trkpt>
      <trkpt lat="22.3689306674" lon="114.1505827010"><ele>322.000</ele></trkpt>
      <trkpt lat="22.3689811081" lon="114.1504918552"><ele>320.000</ele></trkpt>
      <trkpt lat="22.3690378119" lon="114.1504317103"><ele>320.000</ele></trkpt>
      <trkpt lat="22.3690874827" lon="114.1504102528"><ele>320.000</ele></trkpt>
      <trkpt lat="22.3692139813" lon="114.1502716497"><ele>320.000</ele></trkpt>
      <trkpt lat="22.3692755794" lon="114.1502041572"><ele>320.000</ele></trkpt>
      <trkpt lat="22.3694472755" lon="114.1501439022"><ele>322.000</ele></trkpt>
      <trkpt lat="22.3695681275" lon="114.1501014902"><ele>326.000</ele></trkpt>
      <trkpt lat="22.3695904219" lon="114.1500947573"><ele>326.000</ele></trkpt>
      <trkpt lat="22.3695973364" lon="114.1500772130"><ele>328.000</ele></trkpt>
      <trkpt lat="22.3696106735" lon="114.1500822885"><ele>328.000</ele></trkpt>
      <trkpt lat="22.3696152352" lon="114.1500840275"><ele>328.000</ele></trkpt>
      <trkpt lat="22.3696242500" lon="114.1500874533"><ele>328.000</ele></trkpt>
      <trkpt lat="22.3696277703" lon="114.1500887925"><ele>328.000</ele></trkpt>
      <trkpt lat="22.3696379276" lon="114.1500926530"><ele>328.000</ele></trkpt>
      <trkpt lat="22.3696390276" lon="114.1500930732"><ele>328.000</ele></trkpt>
      <trkpt lat="22.3696405168" lon="114.1500936001"><ele>330.000</ele></trkpt>
      <trkpt lat="22.3696518129" lon="114.1500976070"><ele>330.000</ele></trkpt>
      <trkpt lat="22.3696529869" lon="114.1500980243"><ele>330.000</ele></trkpt>
      <trkpt lat="22.3696579676" lon="114.1500997904"><ele>330.000</ele></trkpt>
      <trkpt lat="22.3696660909" lon="114.1501023765"><ele>330.000</ele></trkpt>
      <trkpt lat="22.3696789647" lon="114.1501064704"><ele>330.000</ele></trkpt>
      <trkpt lat="22.3696793846" lon="114.1501066072"><ele>330.000</ele></trkpt>
      <trkpt lat="22.3696851372" lon="114.1501078043"><ele>330.000</ele></trkpt>
      <trkpt lat="22.3696908636" lon="114.1501082654"><ele>330.000</ele></trkpt>
      <trkpt lat="22.3696913557" lon="114.1501082303"><ele>330.000</ele></trkpt>
      <trkpt lat="22.3696947169" lon="114.1501080112"><ele>330.000</ele></trkpt>
      <trkpt lat="22.3696976481" lon="114.1501074116"><ele>330.000</ele></trkpt>
      <trkpt lat="22.3697013125" lon="114.1501061302"><ele>330.000</ele></trkpt>
      <trkpt lat="22.3697049876" lon="114.1501043002"><ele>330.000</ele></trkpt>
      <trkpt lat="22.3697154899" lon="114.1500972793"><ele>330.000</ele></trkpt>
      <trkpt lat="22.3697269754" lon="114.1500896066"><ele>330.000</ele></trkpt>
      <trkpt lat="22.3697371237" lon="114.1500828255"><ele>332.000</ele></trkpt>
      <trkpt lat="22.3697383536" lon="114.1500821301"><ele>332.000</ele></trkpt>
      <trkpt lat="22.3697416214" lon="114.1500802924"><ele>332.000</ele></trkpt>
      <trkpt lat="22.3697452993" lon="114.1500788198"><ele>332.000</ele></trkpt>
      <trkpt lat="22.3697504827" lon="114.1500778071"><ele>332.000</ele></trkpt>
      <trkpt lat="22.3697517541" lon="114.1500775612"><ele>332.000</ele></trkpt>
      <trkpt lat="22.3697594291" lon="114.1500770005"><ele>332.000</ele></trkpt>
      <trkpt lat="22.3697631768" lon="114.1500771017"><ele>332.000</ele></trkpt>
      <trkpt lat="22.3697765502" lon="114.1500774691"><ele>334.000</ele></trkpt>
      <trkpt lat="22.3697903988" lon="114.1500792539"><ele>334.000</ele></trkpt>
      <trkpt lat="22.3698280098" lon="114.1500829257"><ele>334.000</ele></trkpt>
      <trkpt lat="22.3698319841" lon="114.1500827880"><ele>334.000</ele></trkpt>
      <trkpt lat="22.3698468831" lon="114.1500795237"><ele>334.000</ele></trkpt>
      <trkpt lat="22.3698624708" lon="114.1500750146"><ele>334.000</ele></trkpt>
      <trkpt lat="22.3699016710" lon="114.1500664540"><ele>336.000</ele></trkpt>
      <trkpt lat="22.3699154237" lon="114.1500619550"><ele>336.000</ele></trkpt>
      <trkpt lat="22.3699241268" lon="114.1500584588"><ele>336.000</ele></trkpt>
      <trkpt lat="22.3699312261" lon="114.1500552233"><ele>336.000</ele></trkpt>
      <trkpt lat="22.3699440483" lon="114.1500482611"><ele>336.000</ele></trkpt>
      <trkpt lat="22.3699495381" lon="114.1500438034"><ele>336.000</ele></trkpt>
      <trkpt lat="22.3699541056" lon="114.1500373651"><ele>336.000</ele></trkpt>
      <trkpt lat="22.3699579786" lon="114.1500306823"><ele>336.000</ele></trkpt>
      <trkpt lat="22.3699600190" lon="114.1500220424"><ele>336.000</ele></trkpt>
      <trkpt lat="22.3699615868" lon="114.1500121764"><ele>336.000</ele></trkpt>
      <trkpt lat="22.3699617841" lon="114.1500040310"><ele>336.000</ele></trkpt>
      <trkpt lat="22.3699642484" lon="114.1499865040"><ele>336.000</ele></trkpt>
      <trkpt lat="22.3699668977" lon="114.1499578790"><ele>337.000</ele></trkpt>
      <trkpt lat="22.3699671332" lon="114.1499564429"><ele>337.000</ele></trkpt>
      <trkpt lat="22.3699695851" lon="114.1499410908"><ele>337.000</ele></trkpt>
      <trkpt lat="22.3699743865" lon="114.1499236905"><ele>338.000</ele></trkpt>
      <trkpt lat="22.3699780353" lon="114.1499157485"><ele>338.000</ele></trkpt>
      <trkpt lat="22.3699859240" lon="114.1498920937"><ele>338.000</ele></trkpt>
      <trkpt lat="22.3699924035" lon="114.1498763359"><ele>338.000</ele></trkpt>
      <trkpt lat="22.3700058108" lon="114.1498522131"><ele>336.000</ele></trkpt>
      <trkpt lat="22.3700243079" lon="114.1498138085"><ele>336.000</ele></trkpt>
      <trkpt lat="22.3700335434" lon="114.1497971162"><ele>336.000</ele></trkpt>
      <trkpt lat="22.3700533966" lon="114.1497675683"><ele>334.000</ele></trkpt>
      <trkpt lat="22.3700632011" lon="114.1497514866"><ele>334.000</ele></trkpt>
      <trkpt lat="22.3700739277" lon="114.1497358998"><ele>334.000</ele></trkpt>
      <trkpt lat="22.3701022599" lon="114.1497024753"><ele>332.000</ele></trkpt>
      <trkpt lat="22.3701079743" lon="114.1496965310"><ele>332.000</ele></trkpt>
      <trkpt lat="22.3701214543" lon="114.1496809359"><ele>332.000</ele></trkpt>
      <trkpt lat="22.3701335702" lon="114.1496683016"><ele>332.000</ele></trkpt>
      <trkpt lat="22.3701408838" lon="114.1496613676"><ele>330.000</ele></trkpt>
      <trkpt lat="22.3701665091" lon="114.1496415174"><ele>330.000</ele></trkpt>
      <trkpt lat="22.3701832236" lon="114.1496298521"><ele>330.000</ele></trkpt>
      <trkpt lat="22.3702340413" lon="114.1495983067"><ele>330.000</ele></trkpt>
      <trkpt lat="22.3702457173" lon="114.1495903602"><ele>330.000</ele></trkpt>
      <trkpt lat="22.3702528044" lon="114.1495844088"><ele>331.000</ele></trkpt>
      <trkpt lat="22.3702580601" lon="114.1495784646"><ele>331.000</ele></trkpt>
      <trkpt lat="22.3702607947" lon="114.1495740171"><ele>331.000</ele></trkpt>
      <trkpt lat="22.3702694614" lon="114.1495589279"><ele>331.000</ele></trkpt>
      <trkpt lat="22.3702728745" lon="114.1495507712"><ele>330.000</ele></trkpt>
      <trkpt lat="22.3702797083" lon="114.1495371766"><ele>332.000</ele></trkpt>
      <trkpt lat="22.3702888348" lon="114.1495223378"><ele>332.000</ele></trkpt>
      <trkpt lat="22.3702949920" lon="114.1495129387"><ele>332.000</ele></trkpt>
      <trkpt lat="22.3703123551" lon="114.1494921376"><ele>332.000</ele></trkpt>
      <trkpt lat="22.3703160118" lon="114.1494881745"><ele>332.000</ele></trkpt>
      <trkpt lat="22.3703308748" lon="114.1494752861"><ele>330.000</ele></trkpt>
      <trkpt lat="22.3703489412" lon="114.1494584278"><ele>330.000</ele></trkpt>
      <trkpt lat="22.3703708571" lon="114.1494457051"><ele>329.000</ele></trkpt>
      <trkpt lat="22.3703970783" lon="114.1494358633"><ele>326.000</ele></trkpt>
      <trkpt lat="22.3704312401" lon="114.1494214283"><ele>326.000</ele></trkpt>
      <trkpt lat="22.3704589792" lon="114.1494053157"><ele>326.000</ele></trkpt>
      <trkpt lat="22.3704636412" lon="114.1494023816"><ele>326.000</ele></trkpt>
      <trkpt lat="22.3704710852" lon="114.1493977720"><ele>326.000</ele></trkpt>
      <trkpt lat="22.3704768036" lon="114.1493942434"><ele>326.000</ele></trkpt>
      <trkpt lat="22.3704808786" lon="114.1493909618"><ele>326.000</ele></trkpt>
      <trkpt lat="22.3704818753" lon="114.1493899275"><ele>326.000</ele></trkpt>
      <trkpt lat="22.3704838996" lon="114.1493877842"><ele>326.000</ele></trkpt>
      <trkpt lat="22.3704863887" lon="114.1493841631"><ele>326.000</ele></trkpt>
      <trkpt lat="22.3704892477" lon="114.1493784077"><ele>326.000</ele></trkpt>
      <trkpt lat="22.3704903364" lon="114.1493762228"><ele>326.000</ele></trkpt>
      <trkpt lat="22.3704937360" lon="114.1493681040"><ele>326.000</ele></trkpt>
      <trkpt lat="22.3704947848" lon="114.1493651929"><ele>326.000</ele></trkpt>
      <trkpt lat="22.3704967607" lon="114.1493596970"><ele>326.000</ele></trkpt>
      <trkpt lat="22.3704993131" lon="114.1493511404"><ele>324.000</ele></trkpt>
      <trkpt lat="22.3705024232" lon="114.1493407002"><ele>324.000</ele></trkpt>
      <trkpt lat="22.3705031091" lon="114.1493380008"><ele>324.000</ele></trkpt>
      <trkpt lat="22.3705066999" lon="114.1493239669"><ele>324.000</ele></trkpt>
      <trkpt lat="22.3705102736" lon="114.1493100010"><ele>324.000</ele></trkpt>
      <trkpt lat="22.3705116625" lon="114.1493045557"><ele>324.000</ele></trkpt>
      <trkpt lat="22.3705135448" lon="114.1492957857"><ele>324.000</ele></trkpt>
      <trkpt lat="22.3705149380" lon="114.1492892655"><ele>323.000</ele></trkpt>
      <trkpt lat="22.3705163004" lon="114.1492822307"><ele>323.000</ele></trkpt>
      <trkpt lat="22.3705190171" lon="114.1492682310"><ele>323.000</ele></trkpt>
      <trkpt lat="22.3705217329" lon="114.1492542390"><ele>323.000</ele></trkpt>
      <trkpt lat="22.3705237838" lon="114.1492436698"><ele>320.000</ele></trkpt>
      <trkpt lat="22.3705246041" lon="114.1492402539"><ele>320.000</ele></trkpt>
      <trkpt lat="22.3705275847" lon="114.1492278377"><ele>320.000</ele></trkpt>
      <trkpt lat="22.3705281271" lon="114.1492257899"><ele>320.000</ele></trkpt>
      <trkpt lat="22.3705317614" lon="114.1492121599"><ele>320.000</ele></trkpt>
      <trkpt lat="22.3705354877" lon="114.1491981600"><ele>320.000</ele></trkpt>
      <trkpt lat="22.3705365761" lon="114.1491940935"><ele>316.000</ele></trkpt>
      <trkpt lat="22.3705390064" lon="114.1491842776"><ele>316.000</ele></trkpt>
      <trkpt lat="22.3705403374" lon="114.1491789109"><ele>316.000</ele></trkpt>
      <trkpt lat="22.3705421367" lon="114.1491703924"><ele>316.000</ele></trkpt>
      <trkpt lat="22.3705435732" lon="114.1491635489"><ele>316.000</ele></trkpt>
      <trkpt lat="22.3705446962" lon="114.1491563898"><ele>316.000</ele></trkpt>
      <trkpt lat="22.3705458716" lon="114.1491489482"><ele>316.000</ele></trkpt>
      <trkpt lat="22.3705465008" lon="114.1491417815"><ele>314.000</ele></trkpt>
      <trkpt lat="22.3705476779" lon="114.1491284259"><ele>314.000</ele></trkpt>
      <trkpt lat="22.3705477102" lon="114.1491274695"><ele>314.000</ele></trkpt>
      <trkpt lat="22.3705481610" lon="114.1491129352"><ele>314.000</ele></trkpt>
      <trkpt lat="22.3705484071" lon="114.1491048947"><ele>314.000</ele></trkpt>
      <trkpt lat="22.3705483221" lon="114.1490986923"><ele>312.000</ele></trkpt>
      <trkpt lat="22.3705481209" lon="114.1490841766"><ele>312.000</ele></trkpt>
      <trkpt lat="22.3705479289" lon="114.1490701726"><ele>312.000</ele></trkpt>
      <trkpt lat="22.3705477277" lon="114.1490559104"><ele>312.000</ele></trkpt>
      <trkpt lat="22.3705475549" lon="114.1490434696"><ele>312.000</ele></trkpt>
      <trkpt lat="22.3705475726" lon="114.1490415063"><ele>312.000</ele></trkpt>
      <trkpt lat="22.3705476605" lon="114.1490269722"><ele>312.000</ele></trkpt>
      <trkpt lat="22.3705477395" lon="114.1490142333"><ele>312.000</ele></trkpt>
      <trkpt lat="22.3705477112" lon="114.1490123166"><ele>312.000</ele></trkpt>
      <trkpt lat="22.3705474820" lon="114.1489975174"><ele>310.000</ele></trkpt>
      <trkpt lat="22.3705472646" lon="114.1489832668"><ele>310.000</ele></trkpt>
      <trkpt lat="22.3705472363" lon="114.1489814104"><ele>310.000</ele></trkpt>
      <trkpt lat="22.3705472874" lon="114.1489688084"><ele>310.000</ele></trkpt>
      <trkpt lat="22.3705472872" lon="114.1489677743"><ele>310.000</ele></trkpt>
      <trkpt lat="22.3705480616" lon="114.1489543498"><ele>308.000</ele></trkpt>
      <trkpt lat="22.3705483127" lon="114.1489498552"><ele>308.000</ele></trkpt>
      <trkpt lat="22.3705493408" lon="114.1489418388"><ele>308.000</ele></trkpt>
      <trkpt lat="22.3705495826" lon="114.1489405144"><ele>308.000</ele></trkpt>
      <trkpt lat="22.3705506057" lon="114.1489349837"><ele>308.000</ele></trkpt>
      <trkpt lat="22.3705511328" lon="114.1489330300"><ele>308.000</ele></trkpt>
      <trkpt lat="22.3705523370" lon="114.1489304694"><ele>308.000</ele></trkpt>
      <trkpt lat="22.3705532335" lon="114.1489291710"><ele>308.000</ele></trkpt>
      <trkpt lat="22.3705541120" lon="114.1489279009"><ele>308.000</ele></trkpt>
      <trkpt lat="22.3705564071" lon="114.1489253730"><ele>308.000</ele></trkpt>
      <trkpt lat="22.3705590653" lon="114.1489230131"><ele>308.000</ele></trkpt>
      <trkpt lat="22.3705597913" lon="114.1489224964"><ele>308.000</ele></trkpt>
      <trkpt lat="22.3705626969" lon="114.1489204053"><ele>308.000</ele></trkpt>
      <trkpt lat="22.3705690954" lon="114.1489170456"><ele>308.000</ele></trkpt>
      <trkpt lat="22.3705709195" lon="114.1489166879"><ele>308.000</ele></trkpt>
      <trkpt lat="22.3705732034" lon="114.1489169583"><ele>308.000</ele></trkpt>
      <trkpt lat="22.3705774299" lon="114.1489183537"><ele>308.000</ele></trkpt>
      <trkpt lat="22.3705857573" lon="114.1489204454"><ele>308.000</ele></trkpt>
      <trkpt lat="22.3706050463" lon="114.1489294423"><ele>308.000</ele></trkpt>
      <trkpt lat="22.3706215938" lon="114.1489399554"><ele>308.000</ele></trkpt>
      <trkpt lat="22.3706443454" lon="114.1489609991"><ele>306.000</ele></trkpt>
      <trkpt lat="22.3706509564" lon="114.1489701850"><ele>306.000</ele></trkpt>
      <trkpt lat="22.3706562588" lon="114.1489787962"><ele>306.000</ele></trkpt>
      <trkpt lat="22.3706643438" lon="114.1489940570"><ele>306.000</ele></trkpt>
      <trkpt lat="22.3706791495" lon="114.1490263004"><ele>303.000</ele></trkpt>
      <trkpt lat="22.3706907423" lon="114.1490595532"><ele>305.000</ele></trkpt>
      <trkpt lat="22.3706958181" lon="114.1490689005"><ele>305.000</ele></trkpt>
      <trkpt lat="22.3706990631" lon="114.1490760460"><ele>305.000</ele></trkpt>
      <trkpt lat="22.3707132019" lon="114.1491164349"><ele>306.000</ele></trkpt>
      <trkpt lat="22.3707166709" lon="114.1491235726"><ele>306.000</ele></trkpt>
      <trkpt lat="22.3707259027" lon="114.1491385817"><ele>304.000</ele></trkpt>
      <trkpt lat="22.3707411227" lon="114.1491594833"><ele>306.000</ele></trkpt>
      <trkpt lat="22.3707505706" lon="114.1491712785"><ele>306.000</ele></trkpt>
      <trkpt lat="22.3707574792" lon="114.1491779087"><ele>306.000</ele></trkpt>
      <trkpt lat="22.3707625473" lon="114.1491840519"><ele>306.000</ele></trkpt>
      <trkpt lat="22.3707678401" lon="114.1491892086"><ele>306.000</ele></trkpt>
      <trkpt lat="22.3707844134" lon="114.1492024588"><ele>307.000</ele></trkpt>
      <trkpt lat="22.3707968225" lon="114.1492093113"><ele>307.000</ele></trkpt>
      <trkpt lat="22.3708039480" lon="114.1492117460"><ele>307.000</ele></trkpt>
      <trkpt lat="22.3708117506" lon="114.1492127067"><ele>307.000</ele></trkpt>
      <trkpt lat="22.3708197797" lon="114.1492129187"><ele>306.000</ele></trkpt>
      <trkpt lat="22.3708530662" lon="114.1492181941"><ele>306.000</ele></trkpt>
      <trkpt lat="22.3708861185" lon="114.1492212548"><ele>306.000</ele></trkpt>
      <trkpt lat="22.3708943807" lon="114.1492224562"><ele>306.000</ele></trkpt>
      <trkpt lat="22.3709012732" lon="114.1492246395"><ele>306.000</ele></trkpt>
      <trkpt lat="22.3709111616" lon="114.1492295321"><ele>306.000</ele></trkpt>
      <trkpt lat="22.3709185138" lon="114.1492322202"><ele>306.000</ele></trkpt>
      <trkpt lat="22.3709249526" lon="114.1492376175"><ele>306.000</ele></trkpt>
      <trkpt lat="22.3709378504" lon="114.1492506344"><ele>306.000</ele></trkpt>
      <trkpt lat="22.3709427022" lon="114.1492592468"><ele>306.000</ele></trkpt>
      <trkpt lat="22.3709480310" lon="114.1492745198"><ele>306.000</ele></trkpt>
      <trkpt lat="22.3709491967" lon="114.1492789462"><ele>305.000</ele></trkpt>
      <trkpt lat="22.3709494527" lon="114.1492870924"><ele>305.000</ele></trkpt>
      <trkpt lat="22.3709474509" lon="114.1493046088"><ele>306.000</ele></trkpt>
      <trkpt lat="22.3709449678" lon="114.1493164656"><ele>306.000</ele></trkpt>
      <trkpt lat="22.3709417906" lon="114.1493256010"><ele>306.000</ele></trkpt>
      <trkpt lat="22.3709329092" lon="114.1493426643"><ele>306.000</ele></trkpt>
      <trkpt lat="22.3709228702" lon="114.1493597250"><ele>304.000</ele></trkpt>
      <trkpt lat="22.3709135161" lon="114.1493740766"><ele>304.000</ele></trkpt>
      <trkpt lat="22.3709016437" lon="114.1493904123"><ele>306.000</ele></trkpt>
      <trkpt lat="22.3708963899" lon="114.1493970925"><ele>304.000</ele></trkpt>
      <trkpt lat="22.3708838198" lon="114.1494099698"><ele>304.000</ele></trkpt>
      <trkpt lat="22.3708682832" lon="114.1494285384"><ele>304.000</ele></trkpt>
      <trkpt lat="22.3708390277" lon="114.1494592544"><ele>304.000</ele></trkpt>
      <trkpt lat="22.3708330784" lon="114.1494647114"><ele>304.000</ele></trkpt>
      <trkpt lat="22.3708262151" lon="114.1494699170"><ele>304.000</ele></trkpt>
      <trkpt lat="22.3708111192" lon="114.1494828162"><ele>308.000</ele></trkpt>
      <trkpt lat="22.3707804732" lon="114.1495098331"><ele>306.000</ele></trkpt>
      <trkpt lat="22.3707740735" lon="114.1495170106"><ele>306.000</ele></trkpt>
      <trkpt lat="22.3707610626" lon="114.1495345864"><ele>308.000</ele></trkpt>
      <trkpt lat="22.3707571897" lon="114.1495415101"><ele>308.000</ele></trkpt>
      <trkpt lat="22.3707535428" lon="114.1495501533"><ele>308.000</ele></trkpt>
      <trkpt lat="22.3707499416" lon="114.1495674369"><ele>308.000</ele></trkpt>
      <trkpt lat="22.3707495106" lon="114.1495768154"><ele>308.000</ele></trkpt>
      <trkpt lat="22.3707500006" lon="114.1495854481"><ele>308.000</ele></trkpt>
      <trkpt lat="22.3707511930" lon="114.1495980197"><ele>308.000</ele></trkpt>
      <trkpt lat="22.3707556597" lon="114.1496263726"><ele>308.000</ele></trkpt>
      <trkpt lat="22.3707684279" lon="114.1496689843"><ele>304.000</ele></trkpt>
      <trkpt lat="22.3707696199" lon="114.1496795878"><ele>304.000</ele></trkpt>
      <trkpt lat="22.3707694228" lon="114.1496887148"><ele>303.000</ele></trkpt>
      <trkpt lat="22.3707680787" lon="114.1496976090"><ele>306.000</ele></trkpt>
      <trkpt lat="22.3707651376" lon="114.1497089580"><ele>306.000</ele></trkpt>
      <trkpt lat="22.3707626374" lon="114.1497163785"><ele>306.000</ele></trkpt>
      <trkpt lat="22.3707578537" lon="114.1497257676"><ele>306.000</ele></trkpt>
      <trkpt lat="22.3707530578" lon="114.1497327011"><ele>305.000</ele></trkpt>
      <trkpt lat="22.3707475877" lon="114.1497418495"><ele>305.000</ele></trkpt>
      <trkpt lat="22.3707437141" lon="114.1497502490"><ele>305.000</ele></trkpt>
      <trkpt lat="22.3707396164" lon="114.1497576669"><ele>305.000</ele></trkpt>
      <trkpt lat="22.3707355095" lon="114.1497641061"><ele>305.000</ele></trkpt>
      <trkpt lat="22.3707245471" lon="114.1497787007"><ele>305.000</ele></trkpt>
      <trkpt lat="22.3707087746" lon="114.1497962877"><ele>306.000</ele></trkpt>
      <trkpt lat="22.3707044409" lon="114.1498022210"><ele>306.000</ele></trkpt>
      <trkpt lat="22.3706920975" lon="114.1498155944"><ele>306.000</ele></trkpt>
      <trkpt lat="22.3706861572" lon="114.1498208076"><ele>306.000</ele></trkpt>
      <trkpt lat="22.3706699239" lon="114.1498369101"><ele>305.000</ele></trkpt>
      <trkpt lat="22.3706571020" lon="114.1498458463"><ele>305.000</ele></trkpt>
      <trkpt lat="22.3706484054" lon="114.1498503240"><ele>305.000</ele></trkpt>
      <trkpt lat="22.3706415330" lon="114.1498545490"><ele>305.000</ele></trkpt>
      <trkpt lat="22.3706259575" lon="114.1498622594"><ele>307.000</ele></trkpt>
      <trkpt lat="22.3706186251" lon="114.1498647571"><ele>307.000</ele></trkpt>
      <trkpt lat="22.3705970988" lon="114.1498742290"><ele>307.000</ele></trkpt>
      <trkpt lat="22.3705876965" lon="114.1498762388"><ele>307.000</ele></trkpt>
      <trkpt lat="22.3705787577" lon="114.1498792407"><ele>306.000</ele></trkpt>
      <trkpt lat="22.3705714151" lon="114.1498800102"><ele>306.000</ele></trkpt>
      <trkpt lat="22.3705560461" lon="114.1498803238"><ele>306.000</ele></trkpt>
      <trkpt lat="22.3705402154" lon="114.1498791608"><ele>306.000</ele></trkpt>
      <trkpt lat="22.3705053385" lon="114.1498788199"><ele>306.000</ele></trkpt>
      <trkpt lat="22.3704872067" lon="114.1498771728"><ele>308.000</ele></trkpt>
      <trkpt lat="22.3704573678" lon="114.1498763134"><ele>311.000</ele></trkpt>
      <trkpt lat="22.3704516446" lon="114.1498783156"><ele>310.000</ele></trkpt>
      <trkpt lat="22.3704468581" lon="114.1498872202"><ele>310.000</ele></trkpt>
      <trkpt lat="22.3704457313" lon="114.1498938791"><ele>310.000</ele></trkpt>
      <trkpt lat="22.3704496598" lon="114.1499007741"><ele>310.000</ele></trkpt>
      <trkpt lat="22.3704554151" lon="114.1499066657"><ele>308.000</ele></trkpt>
      <trkpt lat="22.3704748423" lon="114.1499273927"><ele>308.000</ele></trkpt>
      <trkpt lat="22.3704853666" lon="114.1499444988"><ele>308.000</ele></trkpt>
      <trkpt lat="22.3704978499" lon="114.1499687022"><ele>306.000</ele></trkpt>
      <trkpt lat="22.3705049590" lon="114.1499865945"><ele>305.000</ele></trkpt>
      <trkpt lat="22.3705092538" lon="114.1500126259"><ele>305.000</ele></trkpt>
      <trkpt lat="22.3705131593" lon="114.1500442296"><ele>305.000</ele></trkpt>
      <trkpt lat="22.3705165989" lon="114.1500816008"><ele>305.000</ele></trkpt>
      <trkpt lat="22.3705175784" lon="114.1501073891"><ele>305.000</ele></trkpt>
      <trkpt lat="22.3705160539" lon="114.1501282434"><ele>305.000</ele></trkpt>
      <trkpt lat="22.3705126884" lon="114.1501458105"><ele>305.000</ele></trkpt>
      <trkpt lat="22.3705077989" lon="114.1501710756"><ele>305.000</ele></trkpt>
      <trkpt lat="22.3705068266" lon="114.1501947563"><ele>305.000</ele></trkpt>
      <trkpt lat="22.3705082944" lon="114.1502184462"><ele>304.000</ele></trkpt>
      <trkpt lat="22.3705136886" lon="114.1502421286"><ele>304.000</ele></trkpt>
      <trkpt lat="22.3705211788" lon="114.1502656038"><ele>305.000</ele></trkpt>
      <trkpt lat="22.3705243390" lon="114.1502790305"><ele>305.000</ele></trkpt>
      <trkpt lat="22.3705252011" lon="114.1502831491"><ele>305.000</ele></trkpt>
      <trkpt lat="22.3705268419" lon="114.1502882366"><ele>305.000</ele></trkpt>
      <trkpt lat="22.3705284698" lon="114.1502915327"><ele>305.000</ele></trkpt>
      <trkpt lat="22.3705289648" lon="114.1502925268"><ele>305.000</ele></trkpt>
      <trkpt lat="22.3705327593" lon="114.1502973430"><ele>305.000</ele></trkpt>
      <trkpt lat="22.3705349513" lon="114.1502988592"><ele>305.000</ele></trkpt>
      <trkpt lat="22.3705372399" lon="114.1503004570"><ele>305.000</ele></trkpt>
      <trkpt lat="22.3705414264" lon="114.1503000755"><ele>305.000</ele></trkpt>
      <trkpt lat="22.3705442445" lon="114.1502983555"><ele>306.000</ele></trkpt>
      <trkpt lat="22.3705459204" lon="114.1502973230"><ele>306.000</ele></trkpt>
      <trkpt lat="22.3705484464" lon="114.1502925901"><ele>306.000</ele></trkpt>
      <trkpt lat="22.3705491350" lon="114.1502901189"><ele>306.000</ele></trkpt>
      <trkpt lat="22.3705516675" lon="114.1502810760"><ele>306.000</ele></trkpt>
      <trkpt lat="22.3705536011" lon="114.1502765772"><ele>306.000</ele></trkpt>
      <trkpt lat="22.3705549136" lon="114.1502735194"><ele>306.000</ele></trkpt>
      <trkpt lat="22.3705595980" lon="114.1502638343"><ele>304.000</ele></trkpt>
      <trkpt lat="22.3705639917" lon="114.1502547482"><ele>304.000</ele></trkpt>
      <trkpt lat="22.3705661015" lon="114.1502510320"><ele>304.000</ele></trkpt>
      <trkpt lat="22.3705717782" lon="114.1502410039"><ele>304.000</ele></trkpt>
      <trkpt lat="22.3705731813" lon="114.1502390151"><ele>304.000</ele></trkpt>
      <trkpt lat="22.3705780927" lon="114.1502320768"><ele>304.000</ele></trkpt>
      <trkpt lat="22.3705818875" lon="114.1502275427"><ele>304.000</ele></trkpt>
      <trkpt lat="22.3705881905" lon="114.1502199972"><ele>305.000</ele></trkpt>
      <trkpt lat="22.3705908324" lon="114.1502171829"><ele>305.000</ele></trkpt>
      <trkpt lat="22.3705925063" lon="114.1502153931"><ele>304.000</ele></trkpt>
      <trkpt lat="22.3706007996" lon="114.1502075297"><ele>304.000</ele></trkpt>
      <trkpt lat="22.3706028176" lon="114.1502056175"><ele>304.000</ele></trkpt>
      <trkpt lat="22.3706085472" lon="114.1501986741"><ele>304.000</ele></trkpt>
      <trkpt lat="22.3706091991" lon="114.1501975875"><ele>304.000</ele></trkpt>
      <trkpt lat="22.3706141799" lon="114.1501893121"><ele>304.000</ele></trkpt>
      <trkpt lat="22.3706160260" lon="114.1501857299"><ele>304.000</ele></trkpt>
      <trkpt lat="22.3706225711" lon="114.1501730393"><ele>304.000</ele></trkpt>
      <trkpt lat="22.3706288994" lon="114.1501607643"><ele>302.000</ele></trkpt>
      <trkpt lat="22.3706344180" lon="114.1501500770"><ele>302.000</ele></trkpt>
      <trkpt lat="22.3706352964" lon="114.1501484320"><ele>302.000</ele></trkpt>
      <trkpt lat="22.3706419264" lon="114.1501359870"><ele>302.000</ele></trkpt>
      <trkpt lat="22.3706480653" lon="114.1501244432"><ele>302.000</ele></trkpt>
      <trkpt lat="22.3706510489" lon="114.1501188470"><ele>300.000</ele></trkpt>
      <trkpt lat="22.3706549770" lon="114.1501120778"><ele>300.000</ele></trkpt>
      <trkpt lat="22.3706571546" lon="114.1501083392"><ele>300.000</ele></trkpt>
      <trkpt lat="22.3706627250" lon="114.1501001054"><ele>300.000</ele></trkpt>
      <trkpt lat="22.3706627729" lon="114.1501000462"><ele>300.000</ele></trkpt>
      <trkpt lat="22.3706702297" lon="114.1500908130"><ele>300.000</ele></trkpt>
      <trkpt lat="22.3706715958" lon="114.1500892961"><ele>300.000</ele></trkpt>
      <trkpt lat="22.3706789371" lon="114.1500811222"><ele>301.000</ele></trkpt>
      <trkpt lat="22.3706814120" lon="114.1500786933"><ele>301.000</ele></trkpt>
      <trkpt lat="22.3706875310" lon="114.1500726771"><ele>301.000</ele></trkpt>
      <trkpt lat="22.3706914786" lon="114.1500692538"><ele>298.000</ele></trkpt>
      <trkpt lat="22.3706944140" lon="114.1500667171"><ele>298.000</ele></trkpt>
      <trkpt lat="22.3707008240" lon="114.1500618174"><ele>298.000</ele></trkpt>
      <trkpt lat="22.3707020123" lon="114.1500610220"><ele>298.000</ele></trkpt>
      <trkpt lat="22.3707073894" lon="114.1500574711"><ele>298.000</ele></trkpt>
      <trkpt lat="22.3707141896" lon="114.1500537365"><ele>298.000</ele></trkpt>
      <trkpt lat="22.3707142402" lon="114.1500537064"><ele>298.000</ele></trkpt>
      <trkpt lat="22.3707262147" lon="114.1500485814"><ele>297.000</ele></trkpt>
      <trkpt lat="22.3707272487" lon="114.1500481336"><ele>297.000</ele></trkpt>
      <trkpt lat="22.3707390356" lon="114.1500440446"><ele>297.000</ele></trkpt>
      <trkpt lat="22.3707511186" lon="114.1500398468"><ele>297.000</ele></trkpt>
      <trkpt lat="22.3707523187" lon="114.1500394290"><ele>297.000</ele></trkpt>
      <trkpt lat="22.3707619049" lon="114.1500357910"><ele>297.000</ele></trkpt>
      <trkpt lat="22.3707637262" lon="114.1500349731"><ele>297.000</ele></trkpt>
      <trkpt lat="22.3707737936" lon="114.1500304019"><ele>299.000</ele></trkpt>
      <trkpt lat="22.3707755806" lon="114.1500294626"><ele>299.000</ele></trkpt>
      <trkpt lat="22.3707846004" lon="114.1500246954"><ele>299.000</ele></trkpt>
      <trkpt lat="22.3707869725" lon="114.1500232289"><ele>299.000</ele></trkpt>
      <trkpt lat="22.3707926819" lon="114.1500196828"><ele>296.000</ele></trkpt>
      <trkpt lat="22.3707979985" lon="114.1500158388"><ele>296.000</ele></trkpt>
      <trkpt lat="22.3708003353" lon="114.1500141537"><ele>296.000</ele></trkpt>
      <trkpt lat="22.3708085872" lon="114.1500077361"><ele>296.000</ele></trkpt>
      <trkpt lat="22.3708121331" lon="114.1500049721"><ele>296.000</ele></trkpt>
      <trkpt lat="22.3708193638" lon="114.1499990323"><ele>296.000</ele></trkpt>
      <trkpt lat="22.3708265457" lon="114.1499931373"><ele>296.000</ele></trkpt>
      <trkpt lat="22.3708300635" lon="114.1499902014"><ele>296.000</ele></trkpt>
      <trkpt lat="22.3708406205" lon="114.1499813822"><ele>296.000</ele></trkpt>
      <trkpt lat="22.3708486575" lon="114.1499746626"><ele>296.000</ele></trkpt>
      <trkpt lat="22.3708512697" lon="114.1499725716"><ele>294.000</ele></trkpt>
      <trkpt lat="22.3708622538" lon="114.1499637601"><ele>294.000</ele></trkpt>
      <trkpt lat="22.3708630791" lon="114.1499630958"><ele>294.000</ele></trkpt>
      <trkpt lat="22.3708729952" lon="114.1499554583"><ele>294.000</ele></trkpt>
      <trkpt lat="22.3708820959" lon="114.1499484395"><ele>294.000</ele></trkpt>
      <trkpt lat="22.3708838268" lon="114.1499471497"><ele>294.000</ele></trkpt>
      <trkpt lat="22.3708950423" lon="114.1499387983"><ele>294.000</ele></trkpt>
      <trkpt lat="22.3709060780" lon="114.1499305810"><ele>295.000</ele></trkpt>
      <trkpt lat="22.3709072726" lon="114.1499296884"><ele>295.000</ele></trkpt>
      <trkpt lat="22.3709170714" lon="114.1499227539"><ele>292.000</ele></trkpt>
      <trkpt lat="22.3709283565" lon="114.1499147725"><ele>292.000</ele></trkpt>
      <trkpt lat="22.3709305317" lon="114.1499132389"><ele>292.000</ele></trkpt>
      <trkpt lat="22.3709400759" lon="114.1499071521"><ele>292.000</ele></trkpt>
      <trkpt lat="22.3709515164" lon="114.1498998493"><ele>294.000</ele></trkpt>
      <trkpt lat="22.3709614724" lon="114.1498935090"><ele>294.000</ele></trkpt>
      <trkpt lat="22.3709630761" lon="114.1498925465"><ele>294.000</ele></trkpt>
      <trkpt lat="22.3709696433" lon="114.1498886109"><ele>294.000</ele></trkpt>
      <trkpt lat="22.3709744812" lon="114.1498847145"><ele>294.000</ele></trkpt>
      <trkpt lat="22.3709749742" lon="114.1498841455"><ele>294.000</ele></trkpt>
      <trkpt lat="22.3709832067" lon="114.1498746188"><ele>292.000</ele></trkpt>
      <trkpt lat="22.3709921244" lon="114.1498643017"><ele>292.000</ele></trkpt>
      <trkpt lat="22.3709925515" lon="114.1498638093"><ele>292.000</ele></trkpt>
      <trkpt lat="22.3710013608" lon="114.1498531747"><ele>293.000</ele></trkpt>
      <trkpt lat="22.3710100464" lon="114.1498427032"><ele>293.000</ele></trkpt>
      <trkpt lat="22.3710103119" lon="114.1498423750"><ele>293.000</ele></trkpt>
      <trkpt lat="22.3710191049" lon="114.1498313122"><ele>293.000</ele></trkpt>
      <trkpt lat="22.3710265770" lon="114.1498219129"><ele>290.000</ele></trkpt>
      <trkpt lat="22.3710279240" lon="114.1498201348"><ele>290.000</ele></trkpt>
      <trkpt lat="22.3710363450" lon="114.1498090478"><ele>290.000</ele></trkpt>
      <trkpt lat="22.3710421115" lon="114.1498014781"><ele>293.000</ele></trkpt>
      <trkpt lat="22.3710448110" lon="114.1497974675"><ele>293.000</ele></trkpt>
      <trkpt lat="22.3710522927" lon="114.1497863923"><ele>293.000</ele></trkpt>
      <trkpt lat="22.3710526511" lon="114.1497858184"><ele>293.000</ele></trkpt>
      <trkpt lat="22.3710599377" lon="114.1497741646"><ele>290.000</ele></trkpt>
      <trkpt lat="22.3710673245" lon="114.1497623360"><ele>290.000</ele></trkpt>
      <trkpt lat="22.3710746445" lon="114.1497506045"><ele>290.000</ele></trkpt>
      <trkpt lat="22.3710822291" lon="114.1497384787"><ele>290.000</ele></trkpt>
      <trkpt lat="22.3710881226" lon="114.1497290321"><ele>288.000</ele></trkpt>
      <trkpt lat="22.3710894380" lon="114.1497270958"><ele>288.000</ele></trkpt>
      <trkpt lat="22.3710933283" lon="114.1497213780"><ele>288.000</ele></trkpt>
      <trkpt lat="22.3710975555" lon="114.1497158564"><ele>288.000</ele></trkpt>
      <trkpt lat="22.3710983040" lon="114.1497148668"><ele>288.000</ele></trkpt>
      <trkpt lat="22.3711036734" lon="114.1497087439"><ele>288.000</ele></trkpt>
      <trkpt lat="22.3711064661" lon="114.1497058548"><ele>288.000</ele></trkpt>
      <trkpt lat="22.3711100045" lon="114.1497021732"><ele>288.000</ele></trkpt>
      <trkpt lat="22.3711165597" lon="114.1496960996"><ele>288.000</ele></trkpt>
      <trkpt lat="22.3711242317" lon="114.1496889713"><ele>288.000</ele></trkpt>
      <trkpt lat="22.3711267346" lon="114.1496868881"><ele>288.000</ele></trkpt>
      <trkpt lat="22.3711377260" lon="114.1496777192"><ele>287.000</ele></trkpt>
      <trkpt lat="22.3711432663" lon="114.1496730973"><ele>287.000</ele></trkpt>
      <trkpt lat="22.3711467544" lon="114.1496707722"><ele>287.000</ele></trkpt>
      <trkpt lat="22.3711481929" lon="114.1496699767"><ele>287.000</ele></trkpt>
      <trkpt lat="22.3711522634" lon="114.1496676990"><ele>287.000</ele></trkpt>
      <trkpt lat="22.3711603351" lon="114.1496630864"><ele>287.000</ele></trkpt>
      <trkpt lat="22.3711620345" lon="114.1496621122"><ele>287.000</ele></trkpt>
      <trkpt lat="22.3711718883" lon="114.1496552893"><ele>287.000</ele></trkpt>
      <trkpt lat="22.3711831228" lon="114.1496475098"><ele>287.000</ele></trkpt>
      <trkpt lat="22.3711943447" lon="114.1496397419"><ele>287.000</ele></trkpt>
      <trkpt lat="22.3712025028" lon="114.1496341010"><ele>286.000</ele></trkpt>
      <trkpt lat="22.3712055891" lon="114.1496317808"><ele>286.000</ele></trkpt>
      <trkpt lat="22.3712165471" lon="114.1496235857"><ele>286.000</ele></trkpt>
      <trkpt lat="22.3712277282" lon="114.1496152217"><ele>286.000</ele></trkpt>
      <trkpt lat="22.3712300605" lon="114.1496134745"><ele>286.000</ele></trkpt>
      <trkpt lat="22.3712385860" lon="114.1496065548"><ele>286.000</ele></trkpt>
      <trkpt lat="22.3712482799" lon="114.1495986784"><ele>286.000</ele></trkpt>
      <trkpt lat="22.3712492577" lon="114.1495977888"><ele>286.000</ele></trkpt>
      <trkpt lat="22.3712587880" lon="114.1495890600"><ele>286.000</ele></trkpt>
      <trkpt lat="22.3712596710" lon="114.1495881326"><ele>286.000</ele></trkpt>
      <trkpt lat="22.3712673564" lon="114.1495800324"><ele>284.000</ele></trkpt>
      <trkpt lat="22.3712690990" lon="114.1495779124"><ele>284.000</ele></trkpt>
      <trkpt lat="22.3712740918" lon="114.1495718459"><ele>284.000</ele></trkpt>
      <trkpt lat="22.3712779190" lon="114.1495668739"><ele>284.000</ele></trkpt>
      <trkpt lat="22.3712866515" lon="114.1495555207"><ele>284.000</ele></trkpt>
      <trkpt lat="22.3712896652" lon="114.1495515975"><ele>284.000</ele></trkpt>
      <trkpt lat="22.3712954806" lon="114.1495448453"><ele>284.000</ele></trkpt>
      <trkpt lat="22.3712980141" lon="114.1495418989"><ele>284.000</ele></trkpt>
      <trkpt lat="22.3713053638" lon="114.1495348658"><ele>282.000</ele></trkpt>
      <trkpt lat="22.3713078070" lon="114.1495325243"><ele>282.000</ele></trkpt>
      <trkpt lat="22.3713155858" lon="114.1495262388"><ele>281.000</ele></trkpt>
      <trkpt lat="22.3713205808" lon="114.1495222083"><ele>281.000</ele></trkpt>
      <trkpt lat="22.3713262161" lon="114.1495181710"><ele>281.000</ele></trkpt>
      <trkpt lat="22.3713372148" lon="114.1495102944"><ele>281.000</ele></trkpt>
      <trkpt lat="22.3713484276" lon="114.1495022633"><ele>281.000</ele></trkpt>
      <trkpt lat="22.3713595952" lon="114.1494942721"><ele>280.000</ele></trkpt>
      <trkpt lat="22.3713611086" lon="114.1494931931"><ele>280.000</ele></trkpt>
      <trkpt lat="22.3713707440" lon="114.1494868334"><ele>278.000</ele></trkpt>
      <trkpt lat="22.3713733020" lon="114.1494851473"><ele>278.000</ele></trkpt>
      <trkpt lat="22.3713797700" lon="114.1494812778"><ele>278.000</ele></trkpt>
      <trkpt lat="22.3713822919" lon="114.1494798111"><ele>278.000</ele></trkpt>
      <trkpt lat="22.3713849647" lon="114.1494782124"><ele>278.000</ele></trkpt>
      <trkpt lat="22.3713919916" lon="114.1494744903"><ele>278.000</ele></trkpt>
      <trkpt lat="22.3713938599" lon="114.1494736744"><ele>278.000</ele></trkpt>
      <trkpt lat="22.3713983947" lon="114.1494716801"><ele>278.000</ele></trkpt>
      <trkpt lat="22.3714060783" lon="114.1494689298"><ele>278.000</ele></trkpt>
      <trkpt lat="22.3714189831" lon="114.1494643055"><ele>278.000</ele></trkpt>
      <trkpt lat="22.3714224036" lon="114.1494630824"><ele>278.000</ele></trkpt>
      <trkpt lat="22.3714313848" lon="114.1494594338"><ele>278.000</ele></trkpt>
      <trkpt lat="22.3714318887" lon="114.1494592375"><ele>278.000</ele></trkpt>
      <trkpt lat="22.3714434676" lon="114.1494535503"><ele>278.000</ele></trkpt>
      <trkpt lat="22.3714478344" lon="114.1494514124"><ele>278.000</ele></trkpt>
      <trkpt lat="22.3714548983" lon="114.1494472524"><ele>278.000</ele></trkpt>
      <trkpt lat="22.3714600903" lon="114.1494441919"><ele>278.000</ele></trkpt>
      <trkpt lat="22.3714659522" lon="114.1494398108"><ele>276.000</ele></trkpt>
      <trkpt lat="22.3714699883" lon="114.1494368000"><ele>276.000</ele></trkpt>
      <trkpt lat="22.3714761508" lon="114.1494314964"><ele>276.000</ele></trkpt>
      <trkpt lat="22.3714835358" lon="114.1494251439"><ele>276.000</ele></trkpt>
      <trkpt lat="22.3714867628" lon="114.1494221188"><ele>276.000</ele></trkpt>
      <trkpt lat="22.3714965955" lon="114.1494129073"><ele>276.000</ele></trkpt>
      <trkpt lat="22.3714970442" lon="114.1494124674"><ele>276.000</ele></trkpt>
      <trkpt lat="22.3715070962" lon="114.1494026519"><ele>276.000</ele></trkpt>
      <trkpt lat="22.3715171446" lon="114.1493928365"><ele>276.000</ele></trkpt>
      <trkpt lat="22.3715186904" lon="114.1493913351"><ele>274.000</ele></trkpt>
      <trkpt lat="22.3715273006" lon="114.1493833599"><ele>274.000</ele></trkpt>
      <trkpt lat="22.3715375848" lon="114.1493738522"><ele>275.000</ele></trkpt>
      <trkpt lat="22.3715469461" lon="114.1493651807"><ele>275.000</ele></trkpt>
      <trkpt lat="22.3715484134" lon="114.1493638278"><ele>275.000</ele></trkpt>
      <trkpt lat="22.3715565223" lon="114.1493556683"><ele>275.000</ele></trkpt>
      <trkpt lat="22.3715628903" lon="114.1493485703"><ele>275.000</ele></trkpt>
      <trkpt lat="22.3715654229" lon="114.1493453414"><ele>275.000</ele></trkpt>
      <trkpt lat="22.3715694171" lon="114.1493402770"><ele>272.000</ele></trkpt>
      <trkpt lat="22.3715744070" lon="114.1493327599"><ele>272.000</ele></trkpt>
      <trkpt lat="22.3715747880" lon="114.1493321927"><ele>272.000</ele></trkpt>
      <trkpt lat="22.3715800512" lon="114.1493227268"><ele>272.000</ele></trkpt>
      <trkpt lat="22.3715810857" lon="114.1493205245"><ele>274.000</ele></trkpt>
      <trkpt lat="22.3715847075" lon="114.1493128076"><ele>274.000</ele></trkpt>
      <trkpt lat="22.3715866789" lon="114.1493077689"><ele>274.000</ele></trkpt>
      <trkpt lat="22.3715898030" lon="114.1492997918"><ele>274.000</ele></trkpt>
      <trkpt lat="22.3715914105" lon="114.1492947755"><ele>274.000</ele></trkpt>
      <trkpt lat="22.3715946390" lon="114.1492847061"><ele>272.000</ele></trkpt>
      <trkpt lat="22.3715955026" lon="114.1492813396"><ele>272.000</ele></trkpt>
      <trkpt lat="22.3715978319" lon="114.1492723286"><ele>272.000</ele></trkpt>
      <trkpt lat="22.3715986402" lon="114.1492678271"><ele>272.000</ele></trkpt>
      <trkpt lat="22.3716002732" lon="114.1492586969"><ele>272.000</ele></trkpt>
      <trkpt lat="22.3716008314" lon="114.1492538847"><ele>272.000</ele></trkpt>
      <trkpt lat="22.3716022029" lon="114.1492420057"><ele>270.000</ele></trkpt>
      <trkpt lat="22.3716023804" lon="114.1492398307"><ele>270.000</ele></trkpt>
      <trkpt lat="22.3716035086" lon="114.1492256002"><ele>270.000</ele></trkpt>
      <trkpt lat="22.3716046179" lon="114.1492115909"><ele>270.000</ele></trkpt>
      <trkpt lat="22.3716048385" lon="114.1492027095"><ele>270.000</ele></trkpt>
      <trkpt lat="22.3716048006" lon="114.1491972906"><ele>270.000</ele></trkpt>
      <trkpt lat="22.3716046898" lon="114.1491828933"><ele>268.000</ele></trkpt>
      <trkpt lat="22.3716046823" lon="114.1491813796"><ele>268.000</ele></trkpt>
      <trkpt lat="22.3716052791" lon="114.1491700348"><ele>268.000</ele></trkpt>
      <trkpt lat="22.3716053900" lon="114.1491690483"><ele>268.000</ele></trkpt>
      <trkpt lat="22.3716065297" lon="114.1491586830"><ele>268.000</ele></trkpt>
      <trkpt lat="22.3716072803" lon="114.1491548476"><ele>268.000</ele></trkpt>
      <trkpt lat="22.3716073850" lon="114.1491543456"><ele>268.000</ele></trkpt>
      <trkpt lat="22.3716085817" lon="114.1491501168"><ele>268.000</ele></trkpt>
      <trkpt lat="22.3716115948" lon="114.1491424282"><ele>268.000</ele></trkpt>
      <trkpt lat="22.3716117609" lon="114.1491420485"><ele>268.000</ele></trkpt>
      <trkpt lat="22.3716153799" lon="114.1491338966"><ele>268.000</ele></trkpt>
      <trkpt lat="22.3716180818" lon="114.1491284403"><ele>268.000</ele></trkpt>
      <trkpt lat="22.3716244623" lon="114.1491155359"><ele>268.000</ele></trkpt>
      <trkpt lat="22.3716309612" lon="114.1491024083"><ele>268.000</ele></trkpt>
      <trkpt lat="22.3716332424" lon="114.1490978064"><ele>266.000</ele></trkpt>
      <trkpt lat="22.3716370112" lon="114.1490893496"><ele>266.000</ele></trkpt>
      <trkpt lat="22.3716403548" lon="114.1490818473"><ele>266.000</ele></trkpt>
      <trkpt lat="22.3716423488" lon="114.1490766542"><ele>266.000</ele></trkpt>
      <trkpt lat="22.3716474930" lon="114.1490633084"><ele>266.000</ele></trkpt>
      <trkpt lat="22.3716483595" lon="114.1490610653"><ele>266.000</ele></trkpt>
      <trkpt lat="22.3716523663" lon="114.1490499888"><ele>266.000</ele></trkpt>
      <trkpt lat="22.3716572766" lon="114.1490364439"><ele>266.000</ele></trkpt>
      <trkpt lat="22.3716621841" lon="114.1490228883"><ele>266.000</ele></trkpt>
      <trkpt lat="22.3716631644" lon="114.1490201937"><ele>266.000</ele></trkpt>
      <trkpt lat="22.3716667016" lon="114.1490091717"><ele>266.000</ele></trkpt>
      <trkpt lat="22.3716673207" lon="114.1490072354"><ele>266.000</ele></trkpt>
      <trkpt lat="22.3716693337" lon="114.1490025123"><ele>266.000</ele></trkpt>
      <trkpt lat="22.3716719636" lon="114.1489983435"><ele>264.000</ele></trkpt>
      <trkpt lat="22.3716725487" lon="114.1489976423"><ele>264.000</ele></trkpt>
      <trkpt lat="22.3716800380" lon="114.1489886643"><ele>264.000</ele></trkpt>
      <trkpt lat="22.3716813941" lon="114.1489872231"><ele>264.000</ele></trkpt>
      <trkpt lat="22.3716888601" lon="114.1489792627"><ele>264.000</ele></trkpt>
      <trkpt lat="22.3716910532" lon="114.1489770718"><ele>264.000</ele></trkpt>
      <trkpt lat="22.3717007874" lon="114.1489673709"><ele>264.000</ele></trkpt>
      <trkpt lat="22.3717021480" lon="114.1489660162"><ele>264.000</ele></trkpt>
      <trkpt lat="22.3717101549" lon="114.1489577740"><ele>264.000</ele></trkpt>
      <trkpt lat="22.3717192741" lon="114.1489483918"><ele>266.000</ele></trkpt>
      <trkpt lat="22.3717199576" lon="114.1489476780"><ele>266.000</ele></trkpt>
      <trkpt lat="22.3717268944" lon="114.1489396604"><ele>266.000</ele></trkpt>
      <trkpt lat="22.3717286577" lon="114.1489373783"><ele>266.000</ele></trkpt>
      <trkpt lat="22.3717328532" lon="114.1489319537"><ele>266.000</ele></trkpt>
      <trkpt lat="22.3717366848" lon="114.1489262233"><ele>266.000</ele></trkpt>
      <trkpt lat="22.3717372508" lon="114.1489253813"><ele>266.000</ele></trkpt>
      <trkpt lat="22.3717402670" lon="114.1489200288"><ele>266.000</ele></trkpt>
      <trkpt lat="22.3717428551" lon="114.1489140550"><ele>266.000</ele></trkpt>
      <trkpt lat="22.3717485727" lon="114.1489008526"><ele>266.000</ele></trkpt>
      <trkpt lat="22.3717492561" lon="114.1488992669"><ele>266.000</ele></trkpt>
      <trkpt lat="22.3717525520" lon="114.1488929201"><ele>266.000</ele></trkpt>
      <trkpt lat="22.3717548587" lon="114.1488894844"><ele>266.000</ele></trkpt>
      <trkpt lat="22.3717568143" lon="114.1488871381"><ele>266.000</ele></trkpt>
      <trkpt lat="22.3717590887" lon="114.1488849919"><ele>266.000</ele></trkpt>
      <trkpt lat="22.3717624242" lon="114.1488824958"><ele>266.000</ele></trkpt>
      <trkpt lat="22.3717661390" lon="114.1488802881"><ele>266.000</ele></trkpt>
      <trkpt lat="22.3717663512" lon="114.1488801861"><ele>266.000</ele></trkpt>
      <trkpt lat="22.3717709564" lon="114.1488779801"><ele>266.000</ele></trkpt>
      <trkpt lat="22.3717767816" lon="114.1488757623"><ele>266.000</ele></trkpt>
      <trkpt lat="22.3717781641" lon="114.1488753484"><ele>266.000</ele></trkpt>
      <trkpt lat="22.3717812704" lon="114.1488744234"><ele>266.000</ele></trkpt>
      <trkpt lat="22.3717839570" lon="114.1488743636"><ele>266.000</ele></trkpt>
      <trkpt lat="22.3717896879" lon="114.1488752519"><ele>266.000</ele></trkpt>
      <trkpt lat="22.3717951931" lon="114.1488761140"><ele>266.000</ele></trkpt>
      <trkpt lat="22.3717987809" lon="114.1488757754"><ele>266.000</ele></trkpt>
      <trkpt lat="22.3718014113" lon="114.1488748252"><ele>266.000</ele></trkpt>
      <trkpt lat="22.3718021093" lon="114.1488745833"><ele>266.000</ele></trkpt>
      <trkpt lat="22.3718058168" lon="114.1488721698"><ele>266.000</ele></trkpt>
      <trkpt lat="22.3718118338" lon="114.1488667118"><ele>264.000</ele></trkpt>
      <trkpt lat="22.3718130248" lon="114.1488656308"><ele>264.000</ele></trkpt>
      <trkpt lat="22.3718156550" lon="114.1488636767"><ele>264.000</ele></trkpt>
      <trkpt lat="22.3718209302" lon="114.1488606725"><ele>264.000</ele></trkpt>
      <trkpt lat="22.3718240897" lon="114.1488590640"><ele>264.000</ele></trkpt>
      <trkpt lat="22.3718332512" lon="114.1488543763"><ele>262.000</ele></trkpt>
      <trkpt lat="22.3718361561" lon="114.1488526057"><ele>262.000</ele></trkpt>
      <trkpt lat="22.3718398248" lon="114.1488503678"><ele>262.000</ele></trkpt>
      <trkpt lat="22.3718464379" lon="114.1488454428"><ele>262.000</ele></trkpt>
      <trkpt lat="22.3718482871" lon="114.1488440656"><ele>262.000</ele></trkpt>
      <trkpt lat="22.3718572143" lon="114.1488366612"><ele>260.000</ele></trkpt>
      <trkpt lat="22.3718635619" lon="114.1488313954"><ele>260.000</ele></trkpt>
      <trkpt lat="22.3718680088" lon="114.1488279544"><ele>260.000</ele></trkpt>
      <trkpt lat="22.3718707438" lon="114.1488258362"><ele>260.000</ele></trkpt>
      <trkpt lat="22.3718780432" lon="114.1488210197"><ele>260.000</ele></trkpt>
      <trkpt lat="22.3718786257" lon="114.1488207186"><ele>260.000</ele></trkpt>
      <trkpt lat="22.3718847794" lon="114.1488176006"><ele>260.000</ele></trkpt>
      <trkpt lat="22.3718910553" lon="114.1488154001"><ele>260.000</ele></trkpt>
      <trkpt lat="22.3718916151" lon="114.1488152650"><ele>260.000</ele></trkpt>
      <trkpt lat="22.3718985575" lon="114.1488136703"><ele>258.000</ele></trkpt>
      <trkpt lat="22.3719044453" lon="114.1488127894"><ele>258.000</ele></trkpt>
      <trkpt lat="22.3719064609" lon="114.1488124783"><ele>258.000</ele></trkpt>
      <trkpt lat="22.3719178536" lon="114.1488111837"><ele>258.000</ele></trkpt>
      <trkpt lat="22.3719247564" lon="114.1488103939"><ele>258.000</ele></trkpt>
      <trkpt lat="22.3719309403" lon="114.1488093644"><ele>258.000</ele></trkpt>
      <trkpt lat="22.3719331157" lon="114.1488089950"><ele>258.000</ele></trkpt>
      <trkpt lat="22.3719414099" lon="114.1488068563"><ele>255.000</ele></trkpt>
      <trkpt lat="22.3719434723" lon="114.1488059781"><ele>254.000</ele></trkpt>
      <trkpt lat="22.3719469398" lon="114.1488044938"><ele>254.000</ele></trkpt>
      <trkpt lat="22.3719528270" lon="114.1488008408"><ele>254.000</ele></trkpt>
      <trkpt lat="22.3719547711" lon="114.1487993820"><ele>254.000</ele></trkpt>
      <trkpt lat="22.3719641625" lon="114.1487923582"><ele>254.000</ele></trkpt>
      <trkpt lat="22.3719657047" lon="114.1487913238"><ele>254.000</ele></trkpt>
      <trkpt lat="22.3719768444" lon="114.1487838665"><ele>254.000</ele></trkpt>
      <trkpt lat="22.3719825700" lon="114.1487800378"><ele>254.000</ele></trkpt>
      <trkpt lat="22.3719882125" lon="114.1487759082"><ele>253.000</ele></trkpt>
      <trkpt lat="22.3719917394" lon="114.1487733296"><ele>253.000</ele></trkpt>
      <trkpt lat="22.3719976688" lon="114.1487681357"><ele>253.000</ele></trkpt>
      <trkpt lat="22.3719990231" lon="114.1487666440"><ele>253.000</ele></trkpt>
      <trkpt lat="22.3720083887" lon="114.1487563888"><ele>254.000</ele></trkpt>
      <trkpt lat="22.3720084582" lon="114.1487563140"><ele>254.000</ele></trkpt>
      <trkpt lat="22.3720129169" lon="114.1487527244"><ele>254.000</ele></trkpt>
      <trkpt lat="22.3720171888" lon="114.1487503496"><ele>254.000</ele></trkpt>
      <trkpt lat="22.3720199601" lon="114.1487490936"><ele>254.000</ele></trkpt>
      <trkpt lat="22.3720218464" lon="114.1487482261"><ele>254.000</ele></trkpt>
      <trkpt lat="22.3720320828" lon="114.1487445247"><ele>254.000</ele></trkpt>
      <trkpt lat="22.3720424943" lon="114.1487407524"><ele>252.000</ele></trkpt>
      <trkpt lat="22.3720450516" lon="114.1487396430"><ele>252.000</ele></trkpt>
      <trkpt lat="22.3720503630" lon="114.1487373524"><ele>252.000</ele></trkpt>
      <trkpt lat="22.3720563153" lon="114.1487339888"><ele>252.000</ele></trkpt>
      <trkpt lat="22.3720570973" lon="114.1487334711"><ele>252.000</ele></trkpt>
      <trkpt lat="22.3720685828" lon="114.1487260419"><ele>252.000</ele></trkpt>
      <trkpt lat="22.3720726976" lon="114.1487233816"><ele>252.000</ele></trkpt>
      <trkpt lat="22.3720770969" lon="114.1487212359"><ele>252.000</ele></trkpt>
      <trkpt lat="22.3720798754" lon="114.1487203275"><ele>252.000</ele></trkpt>
      <trkpt lat="22.3720816670" lon="114.1487197310"><ele>252.000</ele></trkpt>
      <trkpt lat="22.3720909510" lon="114.1487179989"><ele>252.000</ele></trkpt>
      <trkpt lat="22.3720921899" lon="114.1487178267"><ele>252.000</ele></trkpt>
      <trkpt lat="22.3721005213" lon="114.1487166939"><ele>252.000</ele></trkpt>
      <trkpt lat="22.3721056767" lon="114.1487162559"><ele>252.000</ele></trkpt>
      <trkpt lat="22.3721190435" lon="114.1487151269"><ele>252.000</ele></trkpt>
      <trkpt lat="22.3721192287" lon="114.1487151123"><ele>252.000</ele></trkpt>
      <trkpt lat="22.3721321440" lon="114.1487144631"><ele>252.000</ele></trkpt>
      <trkpt lat="22.3721455272" lon="114.1487137895"><ele>252.000</ele></trkpt>
      <trkpt lat="22.3721578492" lon="114.1487131753"><ele>252.000</ele></trkpt>
      <trkpt lat="22.3721585825" lon="114.1487131353"><ele>252.000</ele></trkpt>
      <trkpt lat="22.3721695030" lon="114.1487125913"><ele>252.000</ele></trkpt>
      <trkpt lat="22.3721695491" lon="114.1487127506"><ele>252.000</ele></trkpt>
      <trkpt lat="22.3722166177" lon="114.1487262355"><ele>252.000</ele></trkpt>
      <trkpt lat="22.3722408734" lon="114.1487501999"><ele>252.000</ele></trkpt>
      <trkpt lat="22.3722637089" lon="114.1487867841"><ele>250.000</ele></trkpt>
      <trkpt lat="22.3722881660" lon="114.1488162178"><ele>250.000</ele></trkpt>
      <trkpt lat="22.3723471364" lon="114.1488220376"><ele>249.000</ele></trkpt>
      <trkpt lat="22.3724295261" lon="114.1487889112"><ele>245.000</ele></trkpt>
      <trkpt lat="22.3724890284" lon="114.1487370489"><ele>245.000</ele></trkpt>
      <trkpt lat="22.3725138623" lon="114.1486483744"><ele>248.000</ele></trkpt>
      <trkpt lat="22.3725490600" lon="114.1486243981"><ele>246.000</ele></trkpt>
      <trkpt lat="22.3726178974" lon="114.1486264873"><ele>245.000</ele></trkpt>
      <trkpt lat="22.3726992509" lon="114.1486167972"><ele>242.000</ele></trkpt>
      <trkpt lat="22.3727802092" lon="114.1486346399"><ele>242.000</ele></trkpt>
      <trkpt lat="22.3729007591" lon="114.1487044883"><ele>236.000</ele></trkpt>
      <trkpt lat="22.3729601540" lon="114.1487265067"><ele>234.000</ele></trkpt>
      <trkpt lat="22.3730000480" lon="114.1487201903"><ele>234.000</ele></trkpt>
      <trkpt lat="22.3730371632" lon="114.1486874185"><ele>234.000</ele></trkpt>
      <trkpt lat="22.3730863084" lon="114.1485323274"><ele>232.000</ele></trkpt>
      <trkpt lat="22.3731306424" lon="114.1484833982"><ele>230.000</ele></trkpt>
      <trkpt lat="22.3731782980" lon="114.1484556207"><ele>230.000</ele></trkpt>
      <trkpt lat="22.3731983010" lon="114.1484472178"><ele>230.000</ele></trkpt>
      <trkpt lat="22.3732483657" lon="114.1484493098"><ele>230.000</ele></trkpt>
      <trkpt lat="22.3733105595" lon="114.1484673805"><ele>230.000</ele></trkpt>
      <trkpt lat="22.3733371553" lon="114.1484572838"><ele>230.000</ele></trkpt>
      <trkpt lat="22.3733630040" lon="114.1484351162"><ele>228.000</ele></trkpt>
      <trkpt lat="22.3734071615" lon="114.1484295115"><ele>230.000</ele></trkpt>
      <trkpt lat="22.3734318063" lon="114.1484480103"><ele>230.000</ele></trkpt>
      <trkpt lat="22.3734462859" lon="114.1484946888"><ele>230.000</ele></trkpt>
      <trkpt lat="22.3734603770" lon="114.1485506187"><ele>228.000</ele></trkpt>
      <trkpt lat="22.3735112353" lon="114.1486187357"><ele>224.000</ele></trkpt>
      <trkpt lat="22.3735718708" lon="114.1486805452"><ele>226.000</ele></trkpt>
      <trkpt lat="22.3736008185" lon="114.1486982024"><ele>226.000</ele></trkpt>
      <trkpt lat="22.3736360193" lon="114.1487074477"><ele>225.000</ele></trkpt>
      <trkpt lat="22.3737162013" lon="114.1487015426"><ele>221.000</ele></trkpt>
      <trkpt lat="22.3737697844" lon="114.1486985888"><ele>221.000</ele></trkpt>
      <trkpt lat="22.3738104650" lon="114.1487082525"><ele>221.000</ele></trkpt>
      <trkpt lat="22.3738523199" lon="114.1487355790"><ele>218.000</ele></trkpt>
      <trkpt lat="22.3739281983" lon="114.1487313585"><ele>216.000</ele></trkpt>
      <trkpt lat="22.3740842482" lon="114.1486821230"><ele>213.000</ele></trkpt>
      <trkpt lat="22.3741163219" lon="114.1486770703"><ele>213.000</ele></trkpt>
      <trkpt lat="22.3741491776" lon="114.1486917837"><ele>213.000</ele></trkpt>
      <trkpt lat="22.3741941641" lon="114.1487228954"><ele>208.000</ele></trkpt>
      <trkpt lat="22.3742614401" lon="114.1487354969"><ele>206.000</ele></trkpt>
      <trkpt lat="22.3743963790" lon="114.1487363126"><ele>207.000</ele></trkpt>
      <trkpt lat="22.3744620875" lon="114.1487241020"><ele>202.000</ele></trkpt>
      <trkpt lat="22.3745117566" lon="114.1487097943"><ele>203.000</ele></trkpt>
      <trkpt lat="22.3746509542" lon="114.1486737731"><ele>202.000</ele></trkpt>
      <trkpt lat="22.3747022264" lon="114.1486508797"><ele>200.000</ele></trkpt>
      <trkpt lat="22.3747432003" lon="114.1486225936"><ele>200.000</ele></trkpt>
      <trkpt lat="22.3747769175" lon="114.1485650728"><ele>206.000</ele></trkpt>
      <trkpt lat="22.3748021587" lon="114.1485029171"><ele>200.000</ele></trkpt>
      <trkpt lat="22.3748125484" lon="114.1483750087"><ele>200.000</ele></trkpt>
      <trkpt lat="22.3748120741" lon="114.1483068479"><ele>199.000</ele></trkpt>
      <trkpt lat="22.3747925070" lon="114.1482576475"><ele>198.000</ele></trkpt>
      <trkpt lat="22.3747909391" lon="114.1482256861"><ele>198.000</ele></trkpt>
      <trkpt lat="22.3748042321" lon="114.1482004505"><ele>197.000</ele></trkpt>
      <trkpt lat="22.3748249607" lon="114.1481899325"><ele>197.000</ele></trkpt>
      <trkpt lat="22.3748484307" lon="114.1482080112"><ele>197.000</ele></trkpt>
      <trkpt lat="22.3749025009" lon="114.1482279655"><ele>192.000</ele></trkpt>
      <trkpt lat="22.3749254879" lon="114.1482319670"><ele>192.000</ele></trkpt>
      <trkpt lat="22.3749493426" lon="114.1482142990"><ele>192.000</ele></trkpt>
      <trkpt lat="22.3749665483" lon="114.1481928465"><ele>192.000</ele></trkpt>
      <trkpt lat="22.3749904084" lon="114.1481907385"><ele>192.000</ele></trkpt>
      <trkpt lat="22.3750127039" lon="114.1482062949"><ele>196.000</ele></trkpt>
      <trkpt lat="22.3750443923" lon="114.1482487640"><ele>192.000</ele></trkpt>
      <trkpt lat="22.3750627815" lon="114.1482811445"><ele>193.000</ele></trkpt>
      <trkpt lat="22.3750823441" lon="114.1483055296"><ele>193.000</ele></trkpt>
      <trkpt lat="22.3751605734" lon="114.1483341120"><ele>196.000</ele></trkpt>
      <trkpt lat="22.3752208127" lon="114.1483610154"><ele>198.000</ele></trkpt>
      <trkpt lat="22.3752634512" lon="114.1483967535"><ele>197.000</ele></trkpt>
      <trkpt lat="22.3752857541" lon="114.1484388052"><ele>194.000</ele></trkpt>
      <trkpt lat="22.3753096153" lon="114.1484585638"><ele>194.000</ele></trkpt>
      <trkpt lat="22.3753905864" lon="114.1484980810"><ele>195.000</ele></trkpt>
      <trkpt lat="22.3754696031" lon="114.1485577816"><ele>194.000</ele></trkpt>
      <trkpt lat="22.3755239762" lon="114.1485901549"><ele>192.000</ele></trkpt>
      <trkpt lat="22.3755595688" lon="114.1485884650"><ele>193.000</ele></trkpt>
      <trkpt lat="22.3755853831" lon="114.1485808900"><ele>193.000</ele></trkpt>
      <trkpt lat="22.3756104118" lon="114.1485585959"><ele>192.000</ele></trkpt>
      <trkpt lat="22.3756381734" lon="114.1485114878"><ele>194.000</ele></trkpt>
      <trkpt lat="22.3756530297" lon="114.1484765778"><ele>194.000</ele></trkpt>
      <trkpt lat="22.3756811816" lon="114.1484307328"><ele>196.000</ele></trkpt>
      <trkpt lat="22.3757570421" lon="114.1483150670"><ele>193.000</ele></trkpt>
      <trkpt lat="22.3757656401" lon="114.1482797378"><ele>193.000</ele></trkpt>
      <trkpt lat="22.3757679794" lon="114.1482360012"><ele>195.000</ele></trkpt>
      <trkpt lat="22.3757703198" lon="114.1482031969"><ele>197.000</ele></trkpt>
      <trkpt lat="22.3757914335" lon="114.1481645016"><ele>194.000</ele></trkpt>
      <trkpt lat="22.3758423637" lon="114.1481172624"><ele>190.000</ele></trkpt>
      <trkpt lat="22.3759079688" lon="114.1480416759"><ele>192.000</ele></trkpt>
      <trkpt lat="22.3759513722" lon="114.1479806870"><ele>194.000</ele></trkpt>
      <trkpt lat="22.3759760043" lon="114.1479276931"><ele>194.000</ele></trkpt>
      <trkpt lat="22.3759908592" lon="114.1478852141"><ele>196.000</ele></trkpt>
      <trkpt lat="22.3760933280" lon="114.1478465019"><ele>194.000</ele></trkpt>
      <trkpt lat="22.3761304775" lon="114.1477993925"><ele>194.000</ele></trkpt>
      <trkpt lat="22.3761410354" lon="114.1477863528"><ele>192.000</ele></trkpt>
      <trkpt lat="22.3761903166" lon="114.1477846599"><ele>192.000</ele></trkpt>
      <trkpt lat="22.3762173026" lon="114.1477754017"><ele>192.000</ele></trkpt>
      <trkpt lat="22.3762470228" lon="114.1477493225"><ele>192.000</ele></trkpt>
      <trkpt lat="22.3762724407" lon="114.1477068412"><ele>192.000</ele></trkpt>
      <trkpt lat="22.3762998194" lon="114.1477068355"><ele>194.000</ele></trkpt>
      <trkpt lat="22.3763174245" lon="114.1477324845"><ele>194.000</ele></trkpt>
      <trkpt lat="22.3763471622" lon="114.1478035529"><ele>195.000</ele></trkpt>
      <trkpt lat="22.3763980209" lon="114.1478619999"><ele>194.000</ele></trkpt>
      <trkpt lat="22.3764035095" lon="114.1479423231"><ele>197.000</ele></trkpt>
      <trkpt lat="22.3764043014" lon="114.1479974170"><ele>197.000</ele></trkpt>
      <trkpt lat="22.3764105642" lon="114.1480234888"><ele>197.000</ele></trkpt>
      <trkpt lat="22.3763851540" lon="114.1480991945"><ele>196.000</ele></trkpt>
      <trkpt lat="22.3763624819" lon="114.1481597589"><ele>196.000</ele></trkpt>
      <trkpt lat="22.3763478175" lon="114.1482637803"><ele>196.000</ele></trkpt>
      <trkpt lat="22.3763433479" lon="114.1483481691"><ele>192.000</ele></trkpt>
      <trkpt lat="22.3763661583" lon="114.1484163290"><ele>192.000</ele></trkpt>
      <trkpt lat="22.3764083078" lon="114.1484442646"><ele>194.000</ele></trkpt>
      <trkpt lat="22.3764898276" lon="114.1484458317"><ele>192.000</ele></trkpt>
      <trkpt lat="22.3765420578" lon="114.1484423333"><ele>190.000</ele></trkpt>
      <trkpt lat="22.3766111992" lon="114.1484531974"><ele>190.000</ele></trkpt>
      <trkpt lat="22.3766445410" lon="114.1484852091"><ele>190.000</ele></trkpt>
      <trkpt lat="22.3766707607" lon="114.1485343797"><ele>189.000</ele></trkpt>
      <trkpt lat="22.3766907136" lon="114.1485958056"><ele>188.000</ele></trkpt>
      <trkpt lat="22.3767165794" lon="114.1486303319"><ele>188.000</ele></trkpt>
      <trkpt lat="22.3767345300" lon="114.1486542535"><ele>190.000</ele></trkpt>
      <trkpt lat="22.3767715458" lon="114.1486573931"><ele>190.000</ele></trkpt>
      <trkpt lat="22.3768362194" lon="114.1486247944"><ele>188.000</ele></trkpt>
      <trkpt lat="22.3769218624" lon="114.1485528624"><ele>188.000</ele></trkpt>
      <trkpt lat="22.3769574452" lon="114.1484952402"><ele>189.000</ele></trkpt>
      <trkpt lat="22.3769844293" lon="114.1484742059"><ele>189.000</ele></trkpt>
      <trkpt lat="22.3770168924" lon="114.1484649467"><ele>192.000</ele></trkpt>
      <trkpt lat="22.3770552256" lon="114.1484830227"><ele>189.000</ele></trkpt>
      <trkpt lat="22.3770896535" lon="114.1485233898"><ele>188.000</ele></trkpt>
      <trkpt lat="22.3771373703" lon="114.1485309520"><ele>188.000</ele></trkpt>
      <trkpt lat="22.3773177303" lon="114.1485207255"><ele>190.000</ele></trkpt>
      <trkpt lat="22.3773458407" lon="114.1485191316"><ele>190.000</ele></trkpt>
      <trkpt lat="22.3773665741" lon="114.1485355315"><ele>190.000</ele></trkpt>
      <trkpt lat="22.3773920046" lon="114.1485801029"><ele>189.000</ele></trkpt>
      <trkpt lat="22.3774150856" lon="114.1486049112"><ele>190.000</ele></trkpt>
      <trkpt lat="22.3774784527" lon="114.1486356004"><ele>190.000</ele></trkpt>
      <trkpt lat="22.3774909706" lon="114.1486448495"><ele>190.000</ele></trkpt>
      <trkpt lat="22.3775316509" lon="114.1486629252"><ele>190.000</ele></trkpt>
      <trkpt lat="22.3775742837" lon="114.1486557672"><ele>198.000</ele></trkpt>
      <trkpt lat="22.3776317748" lon="114.1486351491"><ele>204.000</ele></trkpt>
      <trkpt lat="22.3776892752" lon="114.1486528009"><ele>202.000</ele></trkpt>
      <trkpt lat="22.3777346491" lon="114.1486788651"><ele>196.000</ele></trkpt>
      <trkpt lat="22.3777706339" lon="114.1486889524"><ele>195.000</ele></trkpt>
      <trkpt lat="22.3778496428" lon="114.1486885170"><ele>195.000</ele></trkpt>
      <trkpt lat="22.3778869303" lon="114.1486910371"><ele>196.000</ele></trkpt>
      <trkpt lat="22.3779063581" lon="114.1487138129"><ele>197.000</ele></trkpt>
      <trkpt lat="22.3779169286" lon="114.1487570534"><ele>197.000</ele></trkpt>
      <trkpt lat="22.3779190470" lon="114.1487768963"><ele>197.000</ele></trkpt>
      <trkpt lat="22.3779229322" lon="114.1487838188"><ele>197.000</ele></trkpt>
      <trkpt lat="22.3779277284" lon="114.1487892739"><ele>197.000</ele></trkpt>
      <trkpt lat="22.3779318393" lon="114.1487957011"><ele>197.000</ele></trkpt>
      <trkpt lat="22.3779348024" lon="114.1488023829"><ele>197.000</ele></trkpt>
      <trkpt lat="22.3779370685" lon="114.1488095485"><ele>194.000</ele></trkpt>
      <trkpt lat="22.3779411538" lon="114.1488241214"><ele>194.000</ele></trkpt>
      <trkpt lat="22.3779429613" lon="114.1488325212"><ele>194.000</ele></trkpt>
      <trkpt lat="22.3779454640" lon="114.1488394333"><ele>194.000</ele></trkpt>
      <trkpt lat="22.3779493393" lon="114.1488463655"><ele>196.000</ele></trkpt>
      <trkpt lat="22.3779539106" lon="114.1488518129"><ele>196.000</ele></trkpt>
      <trkpt lat="22.3779591754" lon="114.1488570144"><ele>194.000</ele></trkpt>
      <trkpt lat="22.3779651272" lon="114.1488614808"><ele>194.000</ele></trkpt>
      <trkpt lat="22.3779777253" lon="114.1488694298"><ele>194.000</ele></trkpt>
      <trkpt lat="22.3779914816" lon="114.1488754104"><ele>194.000</ele></trkpt>
      <trkpt lat="22.3779981356" lon="114.1488771666"><ele>194.000</ele></trkpt>
      <trkpt lat="22.3780052446" lon="114.1488776895"><ele>194.000</ele></trkpt>
      <trkpt lat="22.3780130558" lon="114.1488764927"><ele>194.000</ele></trkpt>
      <trkpt lat="22.3780201875" lon="114.1488730636"><ele>194.000</ele></trkpt>
      <trkpt lat="22.3780328477" lon="114.1488642337"><ele>194.000</ele></trkpt>
      <trkpt lat="22.3780376878" lon="114.1488578348"><ele>194.000</ele></trkpt>
      <trkpt lat="22.3780418647" lon="114.1488437942"><ele>196.000</ele></trkpt>
      <trkpt lat="22.3780473100" lon="114.1488377622"><ele>196.000</ele></trkpt>
      <trkpt lat="22.3780529269" lon="114.1488322448"><ele>196.000</ele></trkpt>
      <trkpt lat="22.3780642117" lon="114.1488229112"><ele>196.000</ele></trkpt>
      <trkpt lat="22.3780701892" lon="114.1488192416"><ele>196.000</ele></trkpt>
      <trkpt lat="22.3780757259" lon="114.1488145690"><ele>196.000</ele></trkpt>
      <trkpt lat="22.3780817034" lon="114.1488104022"><ele>196.000</ele></trkpt>
      <trkpt lat="22.3780881506" lon="114.1488067315"><ele>199.000</ele></trkpt>
      <trkpt lat="22.3780998878" lon="114.1487973978"><ele>199.000</ele></trkpt>
      <trkpt lat="22.3781148656" lon="114.1487806828"><ele>199.000</ele></trkpt>
      <trkpt lat="22.3781194810" lon="114.1487747782"><ele>199.000</ele></trkpt>
      <trkpt lat="22.3781234081" lon="114.1487681357"><ele>199.000</ele></trkpt>
      <trkpt lat="22.3781277851" lon="114.1487624749"><ele>199.000</ele></trkpt>
      <trkpt lat="22.3781308010" lon="114.1487555782"><ele>202.000</ele></trkpt>
      <trkpt lat="22.3781326609" lon="114.1487481904"><ele>202.000</ele></trkpt>
      <trkpt lat="22.3781350143" lon="114.1487324005"><ele>202.000</ele></trkpt>
      <trkpt lat="22.3781350665" lon="114.1487161158"><ele>202.000</ele></trkpt>
      <trkpt lat="22.3781332572" lon="114.1487082141"><ele>204.000</ele></trkpt>
      <trkpt lat="22.3781268811" lon="114.1486943669"><ele>206.000</ele></trkpt>
      <trkpt lat="22.3781265757" lon="114.1486934970"><ele>206.000</ele></trkpt>
      <trkpt lat="22.3781266019" lon="114.1486934873"><ele>206.000</ele></trkpt>
      <trkpt lat="22.3781817327" lon="114.1486227512"><ele>203.000</ele></trkpt>
      <trkpt lat="22.3782137246" lon="114.1484803547"><ele>205.000</ele></trkpt>
      <trkpt lat="22.3781991464" lon="114.1483403146"><ele>208.000</ele></trkpt>
      <trkpt lat="22.3781860395" lon="114.1482785109"><ele>204.000</ele></trkpt>
      <trkpt lat="22.3782349816" lon="114.1480915762"><ele>199.000</ele></trkpt>
      <trkpt lat="22.3782367982" lon="114.1480846376"><ele>199.000</ele></trkpt>
      <trkpt lat="22.3782573111" lon="114.1480743922"><ele>206.000</ele></trkpt>
      <trkpt lat="22.3783828017" lon="114.1480777417"><ele>196.000</ele></trkpt>
      <trkpt lat="22.3784325779" lon="114.1480516910"><ele>194.000</ele></trkpt>
      <trkpt lat="22.3785634363" lon="114.1479178399"><ele>196.000</ele></trkpt>
      <trkpt lat="22.3786518478" lon="114.1478274064"><ele>196.000</ele></trkpt>
      <trkpt lat="22.3787386039" lon="114.1477257355"><ele>195.000</ele></trkpt>
      <trkpt lat="22.3787775596" lon="114.1476596037"><ele>194.000</ele></trkpt>
      <trkpt lat="22.3787921659" lon="114.1476216284"><ele>196.000</ele></trkpt>
      <trkpt lat="22.3788055564" lon="114.1475915098"><ele>196.000</ele></trkpt>
      <trkpt lat="22.3788270219" lon="114.1475812456"><ele>196.000</ele></trkpt>
      <trkpt lat="22.3788646937" lon="114.1475866521"><ele>196.000</ele></trkpt>
      <trkpt lat="22.3789196560" lon="114.1476303156"><ele>194.000</ele></trkpt>
      <trkpt lat="22.3790482753" lon="114.1477666534"><ele>196.000</ele></trkpt>
      <trkpt lat="22.3791768945" lon="114.1479029914"><ele>196.000</ele></trkpt>
      <trkpt lat="22.3793055136" lon="114.1480393296"><ele>194.000</ele></trkpt>
      <trkpt lat="22.3794341326" lon="114.1481756681"><ele>196.000</ele></trkpt>
      <trkpt lat="22.3795627514" lon="114.1483120068"><ele>196.000</ele></trkpt>
      <trkpt lat="22.3796126938" lon="114.1483649469"><ele>196.000</ele></trkpt>
      <trkpt lat="22.3797407148" lon="114.1485019348"><ele>196.000</ele></trkpt>
      <trkpt lat="22.3798687357" lon="114.1486389230"><ele>196.000</ele></trkpt>
      <trkpt lat="22.3799967565" lon="114.1487759114"><ele>196.000</ele></trkpt>
      <trkpt lat="22.3801247772" lon="114.1489129001"><ele>194.000</ele></trkpt>
      <trkpt lat="22.3801934495" lon="114.1489863832"><ele>194.000</ele></trkpt>
      <trkpt lat="22.3802319660" lon="114.1490258338"><ele>194.000</ele></trkpt>
      <trkpt lat="22.3802428426" lon="114.1490482408"><ele>194.000</ele></trkpt>
      <trkpt lat="22.3802585098" lon="114.1490908217"><ele>196.000</ele></trkpt>
    </trkseg>
  </trk>
</gpx>
