<?xml version="1.0" encoding="UTF-8"?>
<gpx xmlns:xsi="http://www.w3.org/2001/XMLSchema-instance"
     xsi:schemaLocation="http://www.topografix.com/GPX/1/1 http://www.topografix.com/GPX/1/1/gpx.xsd"
     version="1.1" creator="json3d_batch_to_gpx"
     xmlns="http://www.topografix.com/GPX/1/1">
  <metadata>
    <name>WilsonTrail(Section1)StanleyGapRoadtoWongNaiChungReservoir</name>
  </metadata>
  <trk>
    <name>WilsonTrail(Section1)StanleyGapRoadtoWongNaiChungReservoir</name>
    <type>hike</type>
    <trkseg>
      <trkpt lat="22.2236407497" lon="114.2085779756"><ele>103.000</ele></trkpt>
      <trkpt lat="22.2236455825" lon="114.2085665421"><ele>103.000</ele></trkpt>
      <trkpt lat="22.2236554485" lon="114.2085432281"><ele>103.000</ele></trkpt>
      <trkpt lat="22.2236626936" lon="114.2085261055"><ele>100.000</ele></trkpt>
      <trkpt lat="22.2236785739" lon="114.2085082690"><ele>100.000</ele></trkpt>
      <trkpt lat="22.2237048623" lon="114.2084807190"><ele>103.000</ele></trkpt>
      <trkpt lat="22.2237114270" lon="114.2084881890"><ele>103.000</ele></trkpt>
      <trkpt lat="22.2237207356" lon="114.2084987731"><ele>102.000</ele></trkpt>
      <trkpt lat="22.2237300343" lon="114.2085093562"><ele>102.000</ele></trkpt>
      <trkpt lat="22.2237393438" lon="114.2085199510"><ele>102.000</ele></trkpt>
      <trkpt lat="22.2237485070" lon="114.2085303692"><ele>102.000</ele></trkpt>
      <trkpt lat="22.2237578065" lon="114.2085409630"><ele>105.000</ele></trkpt>
      <trkpt lat="22.2237671169" lon="114.2085515490"><ele>105.000</ele></trkpt>
      <trkpt lat="22.2237764246" lon="114.2085621322"><ele>105.000</ele></trkpt>
      <trkpt lat="22.2237854876" lon="114.2085724427"><ele>105.000</ele></trkpt>
      <trkpt lat="22.2237947881" lon="114.2085830375"><ele>108.000</ele></trkpt>
      <trkpt lat="22.2238040958" lon="114.2085936206"><ele>106.000</ele></trkpt>
      <trkpt lat="22.2238060830" lon="114.2085958859"><ele>106.000</ele></trkpt>
      <trkpt lat="22.2238225706" lon="114.2086038576"><ele>106.000</ele></trkpt>
      <trkpt lat="22.2238273489" lon="114.2086029809"><ele>106.000</ele></trkpt>
      <trkpt lat="22.2238398108" lon="114.2085961369"><ele>109.000</ele></trkpt>
      <trkpt lat="22.2238518139" lon="114.2085895538"><ele>109.000</ele></trkpt>
      <trkpt lat="22.2238544096" lon="114.2085881286"><ele>109.000</ele></trkpt>
      <trkpt lat="22.2238663000" lon="114.2085896502"><ele>109.000</ele></trkpt>
      <trkpt lat="22.2238797319" lon="114.2085913603"><ele>109.000</ele></trkpt>
      <trkpt lat="22.2238807244" lon="114.2085914856"><ele>109.000</ele></trkpt>
      <trkpt lat="22.2238916868" lon="114.2085956491"><ele>112.000</ele></trkpt>
      <trkpt lat="22.2239009534" lon="114.2085991692"><ele>112.000</ele></trkpt>
      <trkpt lat="22.2239053702" lon="114.2085999791"><ele>112.000</ele></trkpt>
      <trkpt lat="22.2239167358" lon="114.2086020777"><ele>112.000</ele></trkpt>
      <trkpt lat="22.2239187189" lon="114.2086024360"><ele>112.000</ele></trkpt>
      <trkpt lat="22.2239225424" lon="114.2086031488"><ele>112.000</ele></trkpt>
      <trkpt lat="22.2239309725" lon="114.2086031410"><ele>114.000</ele></trkpt>
      <trkpt lat="22.2239444319" lon="114.2086031334"><ele>114.000</ele></trkpt>
      <trkpt lat="22.2239453828" lon="114.2086029697"><ele>114.000</ele></trkpt>
      <trkpt lat="22.2239586431" lon="114.2086005129"><ele>114.000</ele></trkpt>
      <trkpt lat="22.2239648853" lon="114.2085993582"><ele>114.000</ele></trkpt>
      <trkpt lat="22.2239707344" lon="114.2086000152"><ele>114.000</ele></trkpt>
      <trkpt lat="22.2239781376" lon="114.2086008432"><ele>116.000</ele></trkpt>
      <trkpt lat="22.2239845634" lon="114.2086029291"><ele>116.000</ele></trkpt>
      <trkpt lat="22.2239911040" lon="114.2086050557"><ele>116.000</ele></trkpt>
      <trkpt lat="22.2239962337" lon="114.2086079327"><ele>116.000</ele></trkpt>
      <trkpt lat="22.2240047524" lon="114.2086127184"><ele>116.000</ele></trkpt>
      <trkpt lat="22.2240079998" lon="114.2086126531"><ele>116.000</ele></trkpt>
      <trkpt lat="22.2240215378" lon="114.2086123749"><ele>118.000</ele></trkpt>
      <trkpt lat="22.2240350758" lon="114.2086120967"><ele>118.000</ele></trkpt>
      <trkpt lat="22.2240409999" lon="114.2086119729"><ele>118.000</ele></trkpt>
      <trkpt lat="22.2240480327" lon="114.2086092887"><ele>118.000</ele></trkpt>
      <trkpt lat="22.2240607949" lon="114.2086044128"><ele>118.000</ele></trkpt>
      <trkpt lat="22.2240695517" lon="114.2086010675"><ele>120.000</ele></trkpt>
      <trkpt lat="22.2240685709" lon="114.2085919916"><ele>120.000</ele></trkpt>
      <trkpt lat="22.2240670024" lon="114.2085775459"><ele>120.000</ele></trkpt>
      <trkpt lat="22.2240664634" lon="114.2085726059"><ele>120.000</ele></trkpt>
      <trkpt lat="22.2240790775" lon="114.2085674913"><ele>120.000</ele></trkpt>
      <trkpt lat="22.2240879518" lon="114.2085638851"><ele>120.000</ele></trkpt>
      <trkpt lat="22.2240920594" lon="114.2085617115"><ele>120.000</ele></trkpt>
      <trkpt lat="22.2240940996" lon="114.2085606353"><ele>120.000</ele></trkpt>
      <trkpt lat="22.2241041085" lon="114.2085553407"><ele>120.000</ele></trkpt>
      <trkpt lat="22.2241093459" lon="114.2085525756"><ele>120.000</ele></trkpt>
      <trkpt lat="22.2241162906" lon="114.2085477391"><ele>122.000</ele></trkpt>
      <trkpt lat="22.2241276717" lon="114.2085398211"><ele>122.000</ele></trkpt>
      <trkpt lat="22.2241294230" lon="114.2085385897"><ele>122.000</ele></trkpt>
      <trkpt lat="22.2241387660" lon="114.2085302591"><ele>123.000</ele></trkpt>
      <trkpt lat="22.2241473837" lon="114.2085225820"><ele>123.000</ele></trkpt>
      <trkpt lat="22.2241488703" lon="114.2085214902"><ele>123.000</ele></trkpt>
      <trkpt lat="22.2241595705" lon="114.2085136380"><ele>124.000</ele></trkpt>
      <trkpt lat="22.2241707440" lon="114.2085054435"><ele>124.000</ele></trkpt>
      <trkpt lat="22.2241819175" lon="114.2084972394"><ele>124.000</ele></trkpt>
      <trkpt lat="22.2241930891" lon="114.2084890372"><ele>126.000</ele></trkpt>
      <trkpt lat="22.2242042608" lon="114.2084808447"><ele>126.000</ele></trkpt>
      <trkpt lat="22.2242126768" lon="114.2084746690"><ele>126.000</ele></trkpt>
      <trkpt lat="22.2242139720" lon="114.2084736955"><ele>126.000</ele></trkpt>
      <trkpt lat="22.2242195935" lon="114.2084604444"><ele>126.000</ele></trkpt>
      <trkpt lat="22.2242251906" lon="114.2084472438"><ele>126.000</ele></trkpt>
      <trkpt lat="22.2242397302" lon="114.2084278366"><ele>128.000</ele></trkpt>
      <trkpt lat="22.2242429439" lon="114.2084244406"><ele>128.000</ele></trkpt>
      <trkpt lat="22.2242526521" lon="114.2084141828"><ele>128.000</ele></trkpt>
      <trkpt lat="22.2242565162" lon="114.2084101079"><ele>128.000</ele></trkpt>
      <trkpt lat="22.2242625615" lon="114.2084050540"><ele>128.000</ele></trkpt>
      <trkpt lat="22.2242732330" lon="114.2083961484"><ele>128.000</ele></trkpt>
      <trkpt lat="22.2242751044" lon="114.2083945766"><ele>128.000</ele></trkpt>
      <trkpt lat="22.2242841209" lon="114.2083887104"><ele>130.000</ele></trkpt>
      <trkpt lat="22.2242949049" lon="114.2083816905"><ele>133.000</ele></trkpt>
      <trkpt lat="22.2242960457" lon="114.2083809487"><ele>133.000</ele></trkpt>
      <trkpt lat="22.2243057187" lon="114.2083705735"><ele>133.000</ele></trkpt>
      <trkpt lat="22.2243154205" lon="114.2083601672"><ele>133.000</ele></trkpt>
      <trkpt lat="22.2243246880" lon="114.2083502177"><ele>133.000</ele></trkpt>
      <trkpt lat="22.2243308157" lon="114.2083436468"><ele>134.000</ele></trkpt>
      <trkpt lat="22.2243466072" lon="114.2083504874"><ele>135.000</ele></trkpt>
      <trkpt lat="22.2243501236" lon="114.2083513476"><ele>135.000</ele></trkpt>
      <trkpt lat="22.2243670554" lon="114.2083554299"><ele>135.000</ele></trkpt>
      <trkpt lat="22.2243776437" lon="114.2083561093"><ele>135.000</ele></trkpt>
      <trkpt lat="22.2243879720" lon="114.2083567596"><ele>137.000</ele></trkpt>
      <trkpt lat="22.2244039675" lon="114.2083549794"><ele>137.000</ele></trkpt>
      <trkpt lat="22.2244088189" lon="114.2083544383"><ele>137.000</ele></trkpt>
      <trkpt lat="22.2244177038" lon="114.2083518467"><ele>137.000</ele></trkpt>
      <trkpt lat="22.2244287635" lon="114.2083486163"><ele>139.000</ele></trkpt>
      <trkpt lat="22.2244310249" lon="114.2083478108"><ele>139.000</ele></trkpt>
      <trkpt lat="22.2244416331" lon="114.2083440226"><ele>140.000</ele></trkpt>
      <trkpt lat="22.2244439814" lon="114.2083426371"><ele>140.000</ele></trkpt>
      <trkpt lat="22.2244538178" lon="114.2083368109"><ele>140.000</ele></trkpt>
      <trkpt lat="22.2244642618" lon="114.2083276405"><ele>140.000</ele></trkpt>
      <trkpt lat="22.2244653800" lon="114.2083266020"><ele>140.000</ele></trkpt>
      <trkpt lat="22.2244691754" lon="114.2083230868"><ele>140.000</ele></trkpt>
      <trkpt lat="22.2244724351" lon="114.2083158003"><ele>143.000</ele></trkpt>
      <trkpt lat="22.2244725559" lon="114.2083121243"><ele>143.000</ele></trkpt>
      <trkpt lat="22.2244726640" lon="114.2083086374"><ele>143.000</ele></trkpt>
      <trkpt lat="22.2244720756" lon="114.2082972123"><ele>143.000</ele></trkpt>
      <trkpt lat="22.2244713289" lon="114.2082827978"><ele>143.000</ele></trkpt>
      <trkpt lat="22.2244709951" lon="114.2082763699"><ele>143.000</ele></trkpt>
      <trkpt lat="22.2245002990" lon="114.2082516594"><ele>145.000</ele></trkpt>
      <trkpt lat="22.2244961659" lon="114.2082320792"><ele>146.000</ele></trkpt>
      <trkpt lat="22.2245124216" lon="114.2082248160"><ele>146.000</ele></trkpt>
      <trkpt lat="22.2245219366" lon="114.2082377126"><ele>148.000</ele></trkpt>
      <trkpt lat="22.2245295578" lon="114.2082459016"><ele>148.000</ele></trkpt>
      <trkpt lat="22.2245444218" lon="114.2082487303"><ele>146.000</ele></trkpt>
      <trkpt lat="22.2245577434" lon="114.2082512551"><ele>146.000</ele></trkpt>
      <trkpt lat="22.2245710623" lon="114.2082537800"><ele>148.000</ele></trkpt>
      <trkpt lat="22.2245839297" lon="114.2082562271"><ele>148.000</ele></trkpt>
      <trkpt lat="22.2245910673" lon="114.2082575817"><ele>148.000</ele></trkpt>
      <trkpt lat="22.2245953128" lon="114.2082519279"><ele>148.000</ele></trkpt>
      <trkpt lat="22.2246038219" lon="114.2082406203"><ele>150.000</ele></trkpt>
      <trkpt lat="22.2246123229" lon="114.2082293020"><ele>152.000</ele></trkpt>
      <trkpt lat="22.2246208220" lon="114.2082179953"><ele>152.000</ele></trkpt>
      <trkpt lat="22.2246258652" lon="114.2082112854"><ele>152.000</ele></trkpt>
      <trkpt lat="22.2246283224" lon="114.2082064362"><ele>152.000</ele></trkpt>
      <trkpt lat="22.2246328341" lon="114.2081975157"><ele>154.000</ele></trkpt>
      <trkpt lat="22.2246341263" lon="114.2081931144"><ele>154.000</ele></trkpt>
      <trkpt lat="22.2246372268" lon="114.2081825436"><ele>154.000</ele></trkpt>
      <trkpt lat="22.2246375426" lon="114.2081795252"><ele>154.000</ele></trkpt>
      <trkpt lat="22.2246388544" lon="114.2081669231"><ele>154.000</ele></trkpt>
      <trkpt lat="22.2246381671" lon="114.2081579354"><ele>154.000</ele></trkpt>
      <trkpt lat="22.2246428034" lon="114.2081582400"><ele>154.000</ele></trkpt>
      <trkpt lat="22.2246563222" lon="114.2081591354"><ele>156.000</ele></trkpt>
      <trkpt lat="22.2246745992" lon="114.2081603335"><ele>156.000</ele></trkpt>
      <trkpt lat="22.2246754010" lon="114.2081519058"><ele>156.000</ele></trkpt>
      <trkpt lat="22.2246781519" lon="114.2081229623"><ele>158.000</ele></trkpt>
      <trkpt lat="22.2246795273" lon="114.2081084920"><ele>158.000</ele></trkpt>
      <trkpt lat="22.2246801897" lon="114.2081015454"><ele>160.000</ele></trkpt>
      <trkpt lat="22.2246910221" lon="114.2081008999"><ele>160.000</ele></trkpt>
      <trkpt lat="22.2247045421" lon="114.2081000979"><ele>161.000</ele></trkpt>
      <trkpt lat="22.2247180522" lon="114.2080992861"><ele>161.000</ele></trkpt>
      <trkpt lat="22.2247309934" lon="114.2080985198"><ele>161.000</ele></trkpt>
      <trkpt lat="22.2247277515" lon="114.2080788535"><ele>161.000</ele></trkpt>
      <trkpt lat="22.2247255055" lon="114.2080651758"><ele>161.000</ele></trkpt>
      <trkpt lat="22.2247231422" lon="114.2080508482"><ele>162.000</ele></trkpt>
      <trkpt lat="22.2247219389" lon="114.2080435375"><ele>162.000</ele></trkpt>
      <trkpt lat="22.2247262411" lon="114.2080439235"><ele>162.000</ele></trkpt>
      <trkpt lat="22.2247323556" lon="114.2080444729"><ele>162.000</ele></trkpt>
      <trkpt lat="22.2247404509" lon="114.2080438636"><ele>162.000</ele></trkpt>
      <trkpt lat="22.2247495982" lon="114.2080431673"><ele>164.000</ele></trkpt>
      <trkpt lat="22.2247538473" lon="114.2080421362"><ele>164.000</ele></trkpt>
      <trkpt lat="22.2247664476" lon="114.2080390429"><ele>164.000</ele></trkpt>
      <trkpt lat="22.2247671746" lon="114.2080387385"><ele>164.000</ele></trkpt>
      <trkpt lat="22.2247797518" lon="114.2080333717"><ele>164.000</ele></trkpt>
      <trkpt lat="22.2247825380" lon="114.2080321822"><ele>164.000</ele></trkpt>
      <trkpt lat="22.2247916538" lon="114.2080264189"><ele>164.000</ele></trkpt>
      <trkpt lat="22.2247957533" lon="114.2080238300"><ele>164.000</ele></trkpt>
      <trkpt lat="22.2247962519" lon="114.2080234160"><ele>164.000</ele></trkpt>
      <trkpt lat="22.2248090197" lon="114.2080128076"><ele>164.000</ele></trkpt>
      <trkpt lat="22.2248217346" lon="114.2080005697"><ele>166.000</ele></trkpt>
      <trkpt lat="22.2248329680" lon="114.2079807737"><ele>168.000</ele></trkpt>
      <trkpt lat="22.2248220109" lon="114.2079345951"><ele>168.000</ele></trkpt>
      <trkpt lat="22.2248183965" lon="114.2079268348"><ele>168.000</ele></trkpt>
      <trkpt lat="22.2248536578" lon="114.2078839283"><ele>170.000</ele></trkpt>
      <trkpt lat="22.2248894621" lon="114.2078492034"><ele>172.000</ele></trkpt>
      <trkpt lat="22.2249052746" lon="114.2078362834"><ele>172.000</ele></trkpt>
      <trkpt lat="22.2249101281" lon="114.2078343319"><ele>172.000</ele></trkpt>
      <trkpt lat="22.2249264051" lon="114.2078341173"><ele>175.000</ele></trkpt>
      <trkpt lat="22.2249391968" lon="114.2078353151"><ele>175.000</ele></trkpt>
      <trkpt lat="22.2249564847" lon="114.2078381404"><ele>175.000</ele></trkpt>
      <trkpt lat="22.2249792045" lon="114.2078408700"><ele>176.000</ele></trkpt>
      <trkpt lat="22.2250032804" lon="114.2078406008"><ele>176.000</ele></trkpt>
      <trkpt lat="22.2250170441" lon="114.2078405728"><ele>178.000</ele></trkpt>
      <trkpt lat="22.2250239234" lon="114.2078372251"><ele>178.000</ele></trkpt>
      <trkpt lat="22.2250293263" lon="114.2078331806"><ele>178.000</ele></trkpt>
      <trkpt lat="22.2250317789" lon="114.2078246650"><ele>178.000</ele></trkpt>
      <trkpt lat="22.2250332252" lon="114.2078170775"><ele>178.000</ele></trkpt>
      <trkpt lat="22.2250321104" lon="114.2078101567"><ele>180.000</ele></trkpt>
      <trkpt lat="22.2250306157" lon="114.2078008429"><ele>180.000</ele></trkpt>
      <trkpt lat="22.2250303800" lon="114.2077964286"><ele>180.000</ele></trkpt>
      <trkpt lat="22.2250296061" lon="114.2077819394"><ele>180.000</ele></trkpt>
      <trkpt lat="22.2250289898" lon="114.2077698324"><ele>180.000</ele></trkpt>
      <trkpt lat="22.2250289992" lon="114.2077677422"><ele>180.000</ele></trkpt>
      <trkpt lat="22.2250290923" lon="114.2077531988"><ele>182.000</ele></trkpt>
      <trkpt lat="22.2250291854" lon="114.2077386584"><ele>182.000</ele></trkpt>
      <trkpt lat="22.2250292227" lon="114.2077324420"><ele>182.000</ele></trkpt>
      <trkpt lat="22.2250347693" lon="114.2077232898"><ele>182.000</ele></trkpt>
      <trkpt lat="22.2250421506" lon="114.2077111177"><ele>184.000</ele></trkpt>
      <trkpt lat="22.2250495210" lon="114.2076989474"><ele>184.000</ele></trkpt>
      <trkpt lat="22.2250569014" lon="114.2076867859"><ele>184.000</ele></trkpt>
      <trkpt lat="22.2250599376" lon="114.2076817720"><ele>186.000</ele></trkpt>
      <trkpt lat="22.2250778052" lon="114.2076653188"><ele>186.000</ele></trkpt>
      <trkpt lat="22.2250882700" lon="114.2076556691"><ele>188.000</ele></trkpt>
      <trkpt lat="22.2251042709" lon="114.2076586630"><ele>190.000</ele></trkpt>
      <trkpt lat="22.2251176178" lon="114.2076611684"><ele>190.000</ele></trkpt>
      <trkpt lat="22.2251309566" lon="114.2076636641"><ele>190.000</ele></trkpt>
      <trkpt lat="22.2251442936" lon="114.2076661597"><ele>188.000</ele></trkpt>
      <trkpt lat="22.2251573524" lon="114.2076686069"><ele>190.000</ele></trkpt>
      <trkpt lat="22.2251665580" lon="114.2076703266"><ele>190.000</ele></trkpt>
      <trkpt lat="22.2251703900" lon="114.2076686262"><ele>190.000</ele></trkpt>
      <trkpt lat="22.2251775845" lon="114.2076654172"><ele>190.000</ele></trkpt>
      <trkpt lat="22.2251817158" lon="114.2076620573"><ele>192.000</ele></trkpt>
      <trkpt lat="22.2251864775" lon="114.2076581960"><ele>192.000</ele></trkpt>
      <trkpt lat="22.2251913806" lon="114.2076515558"><ele>192.000</ele></trkpt>
      <trkpt lat="22.2251934031" lon="114.2076488123"><ele>192.000</ele></trkpt>
      <trkpt lat="22.2251971399" lon="114.2076397208"><ele>194.000</ele></trkpt>
      <trkpt lat="22.2251979106" lon="114.2076378665"><ele>194.000</ele></trkpt>
      <trkpt lat="22.2251996900" lon="114.2076262226"><ele>194.000</ele></trkpt>
      <trkpt lat="22.2251994229" lon="114.2076111418"><ele>196.000</ele></trkpt>
      <trkpt lat="22.2251993567" lon="114.2076073532"><ele>196.000</ele></trkpt>
      <trkpt lat="22.2252004623" lon="114.2075967539"><ele>196.000</ele></trkpt>
      <trkpt lat="22.2252012331" lon="114.2075893931"><ele>196.000</ele></trkpt>
      <trkpt lat="22.2252029025" lon="114.2075821227"><ele>196.000</ele></trkpt>
      <trkpt lat="22.2252049216" lon="114.2075733529"><ele>196.000</ele></trkpt>
      <trkpt lat="22.2252099687" lon="114.2075694762"><ele>196.000</ele></trkpt>
      <trkpt lat="22.2252184289" lon="114.2075629881"><ele>197.000</ele></trkpt>
      <trkpt lat="22.2252205098" lon="114.2075618120"><ele>197.000</ele></trkpt>
      <trkpt lat="22.2252330982" lon="114.2075546953"><ele>197.000</ele></trkpt>
      <trkpt lat="22.2252343924" lon="114.2075539662"><ele>197.000</ele></trkpt>
      <trkpt lat="22.2252451822" lon="114.2075497600"><ele>200.000</ele></trkpt>
      <trkpt lat="22.2252513443" lon="114.2075473481"><ele>200.000</ele></trkpt>
      <trkpt lat="22.2252581068" lon="114.2075457841"><ele>200.000</ele></trkpt>
      <trkpt lat="22.2252689712" lon="114.2075432607"><ele>200.000</ele></trkpt>
      <trkpt lat="22.2252713670" lon="114.2075430643"><ele>200.000</ele></trkpt>
      <trkpt lat="22.2252851282" lon="114.2075419228"><ele>202.000</ele></trkpt>
      <trkpt lat="22.2252869552" lon="114.2075417748"><ele>202.000</ele></trkpt>
      <trkpt lat="22.2252980420" lon="114.2075424755"><ele>202.000</ele></trkpt>
      <trkpt lat="22.2253056124" lon="114.2075429534"><ele>202.000</ele></trkpt>
      <trkpt lat="22.2253119647" lon="114.2075424126"><ele>202.000</ele></trkpt>
      <trkpt lat="22.2253305249" lon="114.2075408182"><ele>204.000</ele></trkpt>
      <trkpt lat="22.2253387211" lon="114.2075410557"><ele>204.000</ele></trkpt>
      <trkpt lat="22.2253523682" lon="114.2075414660"><ele>204.000</ele></trkpt>
      <trkpt lat="22.2253549212" lon="114.2075415374"><ele>204.000</ele></trkpt>
      <trkpt lat="22.2253653459" lon="114.2075430634"><ele>204.000</ele></trkpt>
      <trkpt lat="22.2253790911" lon="114.2075450762"><ele>207.000</ele></trkpt>
      <trkpt lat="22.2253926961" lon="114.2075486893"><ele>207.000</ele></trkpt>
      <trkpt lat="22.2254033635" lon="114.2075515258"><ele>207.000</ele></trkpt>
      <trkpt lat="22.2254058587" lon="114.2075517853"><ele>207.000</ele></trkpt>
      <trkpt lat="22.2254188256" lon="114.2075531364"><ele>207.000</ele></trkpt>
      <trkpt lat="22.2254324897" lon="114.2075545661"><ele>210.000</ele></trkpt>
      <trkpt lat="22.2254457783" lon="114.2075547950"><ele>210.000</ele></trkpt>
      <trkpt lat="22.2254593225" lon="114.2075550211"><ele>210.000</ele></trkpt>
      <trkpt lat="22.2254616018" lon="114.2075550536"><ele>210.000</ele></trkpt>
      <trkpt lat="22.2254733853" lon="114.2075542181"><ele>213.000</ele></trkpt>
      <trkpt lat="22.2254869035" lon="114.2075532608"><ele>213.000</ele></trkpt>
      <trkpt lat="22.2254906459" lon="114.2075529959"><ele>213.000</ele></trkpt>
      <trkpt lat="22.2255007443" lon="114.2075513870"><ele>213.000</ele></trkpt>
      <trkpt lat="22.2255141183" lon="114.2075492560"><ele>214.000</ele></trkpt>
      <trkpt lat="22.2255195034" lon="114.2075484017"><ele>214.000</ele></trkpt>
      <trkpt lat="22.2255272711" lon="114.2075462171"><ele>214.000</ele></trkpt>
      <trkpt lat="22.2255403591" lon="114.2075425244"><ele>214.000</ele></trkpt>
      <trkpt lat="22.2255534543" lon="114.2075388318"><ele>214.000</ele></trkpt>
      <trkpt lat="22.2255665387" lon="114.2075351391"><ele>217.000</ele></trkpt>
      <trkpt lat="22.2255796339" lon="114.2075314562"><ele>217.000</ele></trkpt>
      <trkpt lat="22.2255927219" lon="114.2075277635"><ele>217.000</ele></trkpt>
      <trkpt lat="22.2256058162" lon="114.2075240709"><ele>220.000</ele></trkpt>
      <trkpt lat="22.2256319615" lon="114.2075167049"><ele>220.000</ele></trkpt>
      <trkpt lat="22.2256450476" lon="114.2075130123"><ele>220.000</ele></trkpt>
      <trkpt lat="22.2256562815" lon="114.2075098478"><ele>222.000</ele></trkpt>
      <trkpt lat="22.2256579577" lon="114.2075095019"><ele>222.000</ele></trkpt>
      <trkpt lat="22.2256712496" lon="114.2075067705"><ele>222.000</ele></trkpt>
      <trkpt lat="22.2256845433" lon="114.2075040381"><ele>222.000</ele></trkpt>
      <trkpt lat="22.2256978460" lon="114.2075013058"><ele>224.000</ele></trkpt>
      <trkpt lat="22.2257118459" lon="114.2074984271"><ele>224.000</ele></trkpt>
      <trkpt lat="22.2257251487" lon="114.2074956850"><ele>224.000</ele></trkpt>
      <trkpt lat="22.2257384406" lon="114.2074929536"><ele>226.000</ele></trkpt>
      <trkpt lat="22.2257517433" lon="114.2074902213"><ele>226.000</ele></trkpt>
      <trkpt lat="22.2257650370" lon="114.2074874879"><ele>226.000</ele></trkpt>
      <trkpt lat="22.2257783307" lon="114.2074847565"><ele>226.000</ele></trkpt>
      <trkpt lat="22.2257916352" lon="114.2074820232"><ele>228.000</ele></trkpt>
      <trkpt lat="22.2258049280" lon="114.2074792821"><ele>228.000</ele></trkpt>
      <trkpt lat="22.2258099764" lon="114.2074782473"><ele>228.000</ele></trkpt>
      <trkpt lat="22.2258182145" lon="114.2074765817"><ele>228.000</ele></trkpt>
      <trkpt lat="22.2258315254" lon="114.2074738978"><ele>230.000</ele></trkpt>
      <trkpt lat="22.2258447585" lon="114.2074712285"><ele>230.000</ele></trkpt>
      <trkpt lat="22.2258583601" lon="114.2074689346"><ele>230.000</ele></trkpt>
      <trkpt lat="22.2258685272" lon="114.2074672258"><ele>230.000</ele></trkpt>
      <trkpt lat="22.2258717143" lon="114.2074662071"><ele>232.000</ele></trkpt>
      <trkpt lat="22.2258846741" lon="114.2074620585"><ele>232.000</ele></trkpt>
      <trkpt lat="22.2258919587" lon="114.2074597322"><ele>232.000</ele></trkpt>
      <trkpt lat="22.2258972259" lon="114.2074571872"><ele>232.000</ele></trkpt>
      <trkpt lat="22.2259093941" lon="114.2074513003"><ele>232.000</ele></trkpt>
      <trkpt lat="22.2259142449" lon="114.2074489493"><ele>232.000</ele></trkpt>
      <trkpt lat="22.2259215318" lon="114.2074440768"><ele>233.000</ele></trkpt>
      <trkpt lat="22.2259328062" lon="114.2074365311"><ele>233.000</ele></trkpt>
      <trkpt lat="22.2259349992" lon="114.2074350611"><ele>233.000</ele></trkpt>
      <trkpt lat="22.2259435897" lon="114.2074274343"><ele>233.000</ele></trkpt>
      <trkpt lat="22.2259538259" lon="114.2074183316"><ele>234.000</ele></trkpt>
      <trkpt lat="22.2259635541" lon="114.2074071337"><ele>236.000</ele></trkpt>
      <trkpt lat="22.2259696565" lon="114.2074001125"><ele>236.000</ele></trkpt>
      <trkpt lat="22.2259733940" lon="114.2073972258"><ele>236.000</ele></trkpt>
      <trkpt lat="22.2259843950" lon="114.2073887411"><ele>236.000</ele></trkpt>
      <trkpt lat="22.2259955242" lon="114.2073801488"><ele>236.000</ele></trkpt>
      <trkpt lat="22.2260048461" lon="114.2073729440"><ele>236.000</ele></trkpt>
      <trkpt lat="22.2260072629" lon="114.2073719164"><ele>238.000</ele></trkpt>
      <trkpt lat="22.2260198555" lon="114.2073665437"><ele>238.000</ele></trkpt>
      <trkpt lat="22.2260324453" lon="114.2073611738"><ele>238.000</ele></trkpt>
      <trkpt lat="22.2260450351" lon="114.2073558020"><ele>238.000</ele></trkpt>
      <trkpt lat="22.2260530929" lon="114.2073523643"><ele>238.000</ele></trkpt>
      <trkpt lat="22.2260577703" lon="114.2073500229"><ele>238.000</ele></trkpt>
      <trkpt lat="22.2260703513" lon="114.2073437209"><ele>238.000</ele></trkpt>
      <trkpt lat="22.2260822557" lon="114.2073377583"><ele>238.000</ele></trkpt>
      <trkpt lat="22.2260946732" lon="114.2073315339"><ele>238.000</ele></trkpt>
      <trkpt lat="22.2261016492" lon="114.2073280445"><ele>240.000</ele></trkpt>
      <trkpt lat="22.2261058152" lon="114.2073225487"><ele>242.000</ele></trkpt>
      <trkpt lat="22.2261141011" lon="114.2073116259"><ele>242.000</ele></trkpt>
      <trkpt lat="22.2261247014" lon="114.2073014922"><ele>242.000</ele></trkpt>
      <trkpt lat="22.2261277327" lon="114.2072985927"><ele>242.000</ele></trkpt>
      <trkpt lat="22.2261359381" lon="114.2072929745"><ele>242.000</ele></trkpt>
      <trkpt lat="22.2261431139" lon="114.2072880555"><ele>242.000</ele></trkpt>
      <trkpt lat="22.2261472973" lon="114.2072861146"><ele>242.000</ele></trkpt>
      <trkpt lat="22.2261598628" lon="114.2072802850"><ele>242.000</ele></trkpt>
      <trkpt lat="22.2261730149" lon="114.2072767116"><ele>244.000</ele></trkpt>
      <trkpt lat="22.2261779549" lon="114.2072753644"><ele>244.000</ele></trkpt>
      <trkpt lat="22.2261861877" lon="114.2072729801"><ele>244.000</ele></trkpt>
      <trkpt lat="22.2261992649" lon="114.2072692001"><ele>245.000</ele></trkpt>
      <trkpt lat="22.2262123511" lon="114.2072654104"><ele>245.000</ele></trkpt>
      <trkpt lat="22.2262280617" lon="114.2072608715"><ele>245.000</ele></trkpt>
      <trkpt lat="22.2262385865" lon="114.2072586380"><ele>246.000</ele></trkpt>
      <trkpt lat="22.2262522686" lon="114.2072557408"><ele>246.000</ele></trkpt>
      <trkpt lat="22.2262656535" lon="114.2072529017"><ele>246.000</ele></trkpt>
      <trkpt lat="22.2262787783" lon="114.2072501150"><ele>248.000</ele></trkpt>
      <trkpt lat="22.2262931465" lon="114.2072481530"><ele>248.000</ele></trkpt>
      <trkpt lat="22.2263065855" lon="114.2072463226"><ele>248.000</ele></trkpt>
      <trkpt lat="22.2263200244" lon="114.2072444817"><ele>248.000</ele></trkpt>
      <trkpt lat="22.2263304686" lon="114.2072430532"><ele>250.000</ele></trkpt>
      <trkpt lat="22.2263462668" lon="114.2072390468"><ele>250.000</ele></trkpt>
      <trkpt lat="22.2263476350" lon="114.2072386980"><ele>250.000</ele></trkpt>
      <trkpt lat="22.2263592414" lon="114.2072330010"><ele>250.000</ele></trkpt>
      <trkpt lat="22.2263638674" lon="114.2072307265"><ele>250.000</ele></trkpt>
      <trkpt lat="22.2263706242" lon="114.2072254873"><ele>253.000</ele></trkpt>
      <trkpt lat="22.2263773350" lon="114.2072202781"><ele>253.000</ele></trkpt>
      <trkpt lat="22.2263831385" lon="114.2072183162"><ele>253.000</ele></trkpt>
      <trkpt lat="22.2263911321" lon="114.2072156205"><ele>253.000</ele></trkpt>
      <trkpt lat="22.2263959979" lon="114.2072148077"><ele>253.000</ele></trkpt>
      <trkpt lat="22.2264058327" lon="114.2072131716"><ele>253.000</ele></trkpt>
      <trkpt lat="22.2264093836" lon="114.2072131549"><ele>253.000</ele></trkpt>
      <trkpt lat="22.2264206990" lon="114.2072131195"><ele>255.000</ele></trkpt>
      <trkpt lat="22.2264233892" lon="114.2072135488"><ele>255.000</ele></trkpt>
      <trkpt lat="22.2264357636" lon="114.2072155195"><ele>255.000</ele></trkpt>
      <trkpt lat="22.2264494754" lon="114.2072177427"><ele>255.000</ele></trkpt>
      <trkpt lat="22.2264587054" lon="114.2072192394"><ele>257.000</ele></trkpt>
      <trkpt lat="22.2264627357" lon="114.2072194362"><ele>257.000</ele></trkpt>
      <trkpt lat="22.2264762645" lon="114.2072201084"><ele>257.000</ele></trkpt>
      <trkpt lat="22.2264821371" lon="114.2072203938"><ele>257.000</ele></trkpt>
      <trkpt lat="22.2264898873" lon="114.2072199144"><ele>257.000</ele></trkpt>
      <trkpt lat="22.2265031265" lon="114.2072190831"><ele>257.000</ele></trkpt>
      <trkpt lat="22.2265055594" lon="114.2072189323"><ele>259.000</ele></trkpt>
      <trkpt lat="22.2265301634" lon="114.2072145980"><ele>259.000</ele></trkpt>
      <trkpt lat="22.2265404075" lon="114.2072018783"><ele>259.000</ele></trkpt>
      <trkpt lat="22.2265412503" lon="114.2072008261"><ele>259.000</ele></trkpt>
      <trkpt lat="22.2265510374" lon="114.2071929153"><ele>261.000</ele></trkpt>
      <trkpt lat="22.2265529983" lon="114.2071913327"><ele>261.000</ele></trkpt>
      <trkpt lat="22.2265627740" lon="114.2071864889"><ele>261.000</ele></trkpt>
      <trkpt lat="22.2265663686" lon="114.2071847011"><ele>261.000</ele></trkpt>
      <trkpt lat="22.2265753364" lon="114.2071825526"><ele>261.000</ele></trkpt>
      <trkpt lat="22.2265807226" lon="114.2071812560"><ele>261.000</ele></trkpt>
      <trkpt lat="22.2265884854" lon="114.2071811946"><ele>261.000</ele></trkpt>
      <trkpt lat="22.2265966383" lon="114.2071811323"><ele>262.000</ele></trkpt>
      <trkpt lat="22.2266021067" lon="114.2071793343"><ele>264.000</ele></trkpt>
      <trkpt lat="22.2266202668" lon="114.2071733564"><ele>264.000</ele></trkpt>
      <trkpt lat="22.2266277002" lon="114.2071718294"><ele>264.000</ele></trkpt>
      <trkpt lat="22.2266408269" lon="114.2071691241"><ele>266.000</ele></trkpt>
      <trkpt lat="22.2266436075" lon="114.2071685476"><ele>266.000</ele></trkpt>
      <trkpt lat="22.2266537780" lon="114.2071676603"><ele>266.000</ele></trkpt>
      <trkpt lat="22.2266672864" lon="114.2071664828"><ele>266.000</ele></trkpt>
      <trkpt lat="22.2266814609" lon="114.2071668864"><ele>266.000</ele></trkpt>
      <trkpt lat="22.2266910415" lon="114.2071671620"><ele>268.000</ele></trkpt>
      <trkpt lat="22.2266948325" lon="114.2071677089"><ele>268.000</ele></trkpt>
      <trkpt lat="22.2267082481" lon="114.2071696604"><ele>268.000</ele></trkpt>
      <trkpt lat="22.2267151835" lon="114.2071706726"><ele>268.000</ele></trkpt>
      <trkpt lat="22.2267218897" lon="114.2071705916"><ele>268.000</ele></trkpt>
      <trkpt lat="22.2267354340" lon="114.2071704296"><ele>269.000</ele></trkpt>
      <trkpt lat="22.2267489710" lon="114.2071702774"><ele>269.000</ele></trkpt>
      <trkpt lat="22.2267625099" lon="114.2071701154"><ele>269.000</ele></trkpt>
      <trkpt lat="22.2267760560" lon="114.2071699534"><ele>272.000</ele></trkpt>
      <trkpt lat="22.2267895912" lon="114.2071697914"><ele>272.000</ele></trkpt>
      <trkpt lat="22.2268031282" lon="114.2071696391"><ele>272.000</ele></trkpt>
      <trkpt lat="22.2268166671" lon="114.2071694772"><ele>272.000</ele></trkpt>
      <trkpt lat="22.2268270118" lon="114.2071693543"><ele>274.000</ele></trkpt>
      <trkpt lat="22.2268294725" lon="114.2071702801"><ele>274.000</ele></trkpt>
      <trkpt lat="22.2268419782" lon="114.2071749959"><ele>274.000</ele></trkpt>
      <trkpt lat="22.2268489620" lon="114.2071776259"><ele>274.000</ele></trkpt>
      <trkpt lat="22.2268647080" lon="114.2071873270"><ele>274.000</ele></trkpt>
      <trkpt lat="22.2268708680" lon="114.2071911296"><ele>275.000</ele></trkpt>
      <trkpt lat="22.2268777502" lon="114.2071914463"><ele>275.000</ele></trkpt>
      <trkpt lat="22.2268912853" lon="114.2071920797"><ele>275.000</ele></trkpt>
      <trkpt lat="22.2269061569" lon="114.2071927735"><ele>275.000</ele></trkpt>
      <trkpt lat="22.2269180297" lon="114.2071919836"><ele>277.000</ele></trkpt>
      <trkpt lat="22.2269315489" lon="114.2071910844"><ele>277.000</ele></trkpt>
      <trkpt lat="22.2269404939" lon="114.2071904869"><ele>277.000</ele></trkpt>
      <trkpt lat="22.2269451385" lon="114.2071896480"><ele>277.000</ele></trkpt>
      <trkpt lat="22.2269718260" lon="114.2071848136"><ele>278.000</ele></trkpt>
      <trkpt lat="22.2269740711" lon="114.2071844077"><ele>278.000</ele></trkpt>
      <trkpt lat="22.2269850058" lon="114.2071829987"><ele>278.000</ele></trkpt>
      <trkpt lat="22.2269984528" lon="114.2071812557"><ele>278.000</ele></trkpt>
      <trkpt lat="22.2270119080" lon="114.2071795224"><ele>280.000</ele></trkpt>
      <trkpt lat="22.2270229185" lon="114.2071780960"><ele>280.000</ele></trkpt>
      <trkpt lat="22.2270367357" lon="114.2071768448"><ele>280.000</ele></trkpt>
      <trkpt lat="22.2270626425" lon="114.2071791405"><ele>282.000</ele></trkpt>
      <trkpt lat="22.2270821779" lon="114.2071830701"><ele>280.000</ele></trkpt>
      <trkpt lat="22.2271720874" lon="114.2072074898"><ele>283.000</ele></trkpt>
      <trkpt lat="22.2271992547" lon="114.2072110602"><ele>284.000</ele></trkpt>
      <trkpt lat="22.2272236544" lon="114.2072081537"><ele>284.000</ele></trkpt>
      <trkpt lat="22.2272568450" lon="114.2072025060"><ele>284.000</ele></trkpt>
      <trkpt lat="22.2272789122" lon="114.2072035971"><ele>284.000</ele></trkpt>
      <trkpt lat="22.2273018676" lon="114.2072071453"><ele>284.000</ele></trkpt>
      <trkpt lat="22.2273171347" lon="114.2072084270"><ele>284.000</ele></trkpt>
      <trkpt lat="22.2273359795" lon="114.2072057268"><ele>284.000</ele></trkpt>
      <trkpt lat="22.2273743759" lon="114.2071930848"><ele>284.000</ele></trkpt>
      <trkpt lat="22.2273929428" lon="114.2071892604"><ele>284.000</ele></trkpt>
      <trkpt lat="22.2274083810" lon="114.2071882346"><ele>283.000</ele></trkpt>
      <trkpt lat="22.2274274101" lon="114.2071902921"><ele>283.000</ele></trkpt>
      <trkpt lat="22.2274507102" lon="114.2071901729"><ele>283.000</ele></trkpt>
      <trkpt lat="22.2274907050" lon="114.2071869390"><ele>283.000</ele></trkpt>
      <trkpt lat="22.2275107519" lon="114.2071840722"><ele>284.000</ele></trkpt>
      <trkpt lat="22.2275350512" lon="114.2071771296"><ele>286.000</ele></trkpt>
      <trkpt lat="22.2275544491" lon="114.2071726913"><ele>284.000</ele></trkpt>
      <trkpt lat="22.2275698385" lon="114.2071764115"><ele>284.000</ele></trkpt>
      <trkpt lat="22.2275961767" lon="114.2071851275"><ele>283.000</ele></trkpt>
      <trkpt lat="22.2276306166" lon="114.2071925493"><ele>283.000</ele></trkpt>
      <trkpt lat="22.2276493647" lon="114.2071951063"><ele>282.000</ele></trkpt>
      <trkpt lat="22.2276717002" lon="114.2071959618"><ele>282.000</ele></trkpt>
      <trkpt lat="22.2276887405" lon="114.2071941729"><ele>282.000</ele></trkpt>
      <trkpt lat="22.2277266653" lon="114.2071967622"><ele>282.000</ele></trkpt>
      <trkpt lat="22.2277496903" lon="114.2071999806"><ele>282.000</ele></trkpt>
      <trkpt lat="22.2277702070" lon="114.2072009676"><ele>284.000</ele></trkpt>
      <trkpt lat="22.2277934329" lon="114.2071968057"><ele>284.000</ele></trkpt>
      <trkpt lat="22.2278132823" lon="114.2071971407"><ele>284.000</ele></trkpt>
      <trkpt lat="22.2278332659" lon="114.2071944029"><ele>284.000</ele></trkpt>
      <trkpt lat="22.2278484546" lon="114.2071899288"><ele>284.000</ele></trkpt>
      <trkpt lat="22.2278668749" lon="114.2071878260"><ele>286.000</ele></trkpt>
      <trkpt lat="22.2278827495" lon="114.2071948646"><ele>286.000</ele></trkpt>
      <trkpt lat="22.2278977091" lon="114.2072031533"><ele>286.000</ele></trkpt>
      <trkpt lat="22.2279141813" lon="114.2072072132"><ele>288.000</ele></trkpt>
      <trkpt lat="22.2279303739" lon="114.2072090208"><ele>288.000</ele></trkpt>
      <trkpt lat="22.2279485897" lon="114.2072040857"><ele>291.000</ele></trkpt>
      <trkpt lat="22.2279686518" lon="114.2071969336"><ele>291.000</ele></trkpt>
      <trkpt lat="22.2279870228" lon="114.2071930596"><ele>291.000</ele></trkpt>
      <trkpt lat="22.2280225312" lon="114.2071897180"><ele>293.000</ele></trkpt>
      <trkpt lat="22.2280410234" lon="114.2071892952"><ele>296.000</ele></trkpt>
      <trkpt lat="22.2280669266" lon="114.2071870184"><ele>296.000</ele></trkpt>
      <trkpt lat="22.2280918854" lon="114.2071833350"><ele>296.000</ele></trkpt>
      <trkpt lat="22.2281312482" lon="114.2071746177"><ele>298.000</ele></trkpt>
      <trkpt lat="22.2281481972" lon="114.2071690033"><ele>298.000</ele></trkpt>
      <trkpt lat="22.2281690325" lon="114.2071658020"><ele>298.000</ele></trkpt>
      <trkpt lat="22.2282185642" lon="114.2071649843"><ele>298.000</ele></trkpt>
      <trkpt lat="22.2282349433" lon="114.2071640111"><ele>298.000</ele></trkpt>
      <trkpt lat="22.2282482858" lon="114.2071662555"><ele>298.000</ele></trkpt>
      <trkpt lat="22.2282677150" lon="114.2071679465"><ele>298.000</ele></trkpt>
      <trkpt lat="22.2282999432" lon="114.2071611578"><ele>298.000</ele></trkpt>
      <trkpt lat="22.2283266617" lon="114.2071496918"><ele>298.000</ele></trkpt>
      <trkpt lat="22.2283457912" lon="114.2071461196"><ele>298.000</ele></trkpt>
      <trkpt lat="22.2283466311" lon="114.2071459132"><ele>298.000</ele></trkpt>
      <trkpt lat="22.2283621568" lon="114.2071404333"><ele>298.000</ele></trkpt>
      <trkpt lat="22.2283652600" lon="114.2071393418"><ele>298.000</ele></trkpt>
      <trkpt lat="22.2283765686" lon="114.2071324681"><ele>300.000</ele></trkpt>
      <trkpt lat="22.2283876980" lon="114.2071276944"><ele>300.000</ele></trkpt>
      <trkpt lat="22.2283922489" lon="114.2071257408"><ele>300.000</ele></trkpt>
      <trkpt lat="22.2284123325" lon="114.2071150396"><ele>300.000</ele></trkpt>
      <trkpt lat="22.2284127741" lon="114.2071146847"><ele>300.000</ele></trkpt>
      <trkpt lat="22.2284223092" lon="114.2071073344"><ele>300.000</ele></trkpt>
      <trkpt lat="22.2284430270" lon="114.2070951502"><ele>300.000</ele></trkpt>
      <trkpt lat="22.2284707954" lon="114.2070808782"><ele>303.000</ele></trkpt>
      <trkpt lat="22.2284794314" lon="114.2070764366"><ele>303.000</ele></trkpt>
      <trkpt lat="22.2284880547" lon="114.2070719970"><ele>303.000</ele></trkpt>
      <trkpt lat="22.2284915716" lon="114.2070701917"><ele>304.000</ele></trkpt>
      <trkpt lat="22.2284968245" lon="114.2070666689"><ele>304.000</ele></trkpt>
      <trkpt lat="22.2285021533" lon="114.2070630792"><ele>304.000</ele></trkpt>
      <trkpt lat="22.2285050652" lon="114.2070608508"><ele>304.000</ele></trkpt>
      <trkpt lat="22.2285186692" lon="114.2070504149"><ele>304.000</ele></trkpt>
      <trkpt lat="22.2285250147" lon="114.2070425440"><ele>304.000</ele></trkpt>
      <trkpt lat="22.2285259613" lon="114.2070413667"><ele>304.000</ele></trkpt>
      <trkpt lat="22.2285293883" lon="114.2070324350"><ele>306.000</ele></trkpt>
      <trkpt lat="22.2285332102" lon="114.2070224848"><ele>306.000</ele></trkpt>
      <trkpt lat="22.2285397579" lon="114.2070054332"><ele>308.000</ele></trkpt>
      <trkpt lat="22.2285444124" lon="114.2069949876"><ele>308.000</ele></trkpt>
      <trkpt lat="22.2285450602" lon="114.2069935250"><ele>308.000</ele></trkpt>
      <trkpt lat="22.2285570006" lon="114.2069839123"><ele>309.000</ele></trkpt>
      <trkpt lat="22.2285663414" lon="114.2069820490"><ele>309.000</ele></trkpt>
      <trkpt lat="22.2285763667" lon="114.2069800453"><ele>309.000</ele></trkpt>
      <trkpt lat="22.2285776826" lon="114.2069791939"><ele>309.000</ele></trkpt>
      <trkpt lat="22.2285879310" lon="114.2069726139"><ele>312.000</ele></trkpt>
      <trkpt lat="22.2285917402" lon="114.2069671567"><ele>312.000</ele></trkpt>
      <trkpt lat="22.2285992756" lon="114.2069563664"><ele>312.000</ele></trkpt>
      <trkpt lat="22.2286111836" lon="114.2069410182"><ele>312.000</ele></trkpt>
      <trkpt lat="22.2286125556" lon="114.2069400796"><ele>312.000</ele></trkpt>
      <trkpt lat="22.2286216732" lon="114.2069338223"><ele>313.000</ele></trkpt>
      <trkpt lat="22.2286299193" lon="114.2069281526"><ele>315.000</ele></trkpt>
      <trkpt lat="22.2286437782" lon="114.2069211049"><ele>315.000</ele></trkpt>
      <trkpt lat="22.2286497522" lon="114.2069201653"><ele>315.000</ele></trkpt>
      <trkpt lat="22.2286653080" lon="114.2069177010"><ele>315.000</ele></trkpt>
      <trkpt lat="22.2286753402" lon="114.2069174868"><ele>318.000</ele></trkpt>
      <trkpt lat="22.2286897099" lon="114.2069171814"><ele>318.000</ele></trkpt>
      <trkpt lat="22.2287043131" lon="114.2069145443"><ele>318.000</ele></trkpt>
      <trkpt lat="22.2287095863" lon="114.2069135842"><ele>318.000</ele></trkpt>
      <trkpt lat="22.2287242639" lon="114.2069035704"><ele>320.000</ele></trkpt>
      <trkpt lat="22.2287293226" lon="114.2069001203"><ele>320.000</ele></trkpt>
      <trkpt lat="22.2287424967" lon="114.2068947010"><ele>320.000</ele></trkpt>
      <trkpt lat="22.2287523511" lon="114.2068939407"><ele>320.000</ele></trkpt>
      <trkpt lat="22.2287643594" lon="114.2068930160"><ele>321.000</ele></trkpt>
      <trkpt lat="22.2287781619" lon="114.2068931440"><ele>321.000</ele></trkpt>
      <trkpt lat="22.2287799057" lon="114.2068931551"><ele>321.000</ele></trkpt>
      <trkpt lat="22.2287983567" lon="114.2068913520"><ele>321.000</ele></trkpt>
      <trkpt lat="22.2288715036" lon="114.2068908719"><ele>324.000</ele></trkpt>
      <trkpt lat="22.2288812444" lon="114.2068892163"><ele>326.000</ele></trkpt>
      <trkpt lat="22.2288917826" lon="114.2068874338"><ele>326.000</ele></trkpt>
      <trkpt lat="22.2288980673" lon="114.2068863672"><ele>326.000</ele></trkpt>
      <trkpt lat="22.2289026100" lon="114.2068850713"><ele>326.000</ele></trkpt>
      <trkpt lat="22.2289086347" lon="114.2068833557"><ele>326.000</ele></trkpt>
      <trkpt lat="22.2289171628" lon="114.2068809210"><ele>326.000</ele></trkpt>
      <trkpt lat="22.2289180858" lon="114.2068805545"><ele>326.000</ele></trkpt>
      <trkpt lat="22.2289268814" lon="114.2068771169"><ele>326.000</ele></trkpt>
      <trkpt lat="22.2289356897" lon="114.2068736647"><ele>326.000</ele></trkpt>
      <trkpt lat="22.2289444844" lon="114.2068702135"><ele>328.000</ele></trkpt>
      <trkpt lat="22.2289532900" lon="114.2068667719"><ele>328.000</ele></trkpt>
      <trkpt lat="22.2289625571" lon="114.2068631365"><ele>328.000</ele></trkpt>
      <trkpt lat="22.2289855843" lon="114.2068541178"><ele>328.000</ele></trkpt>
      <trkpt lat="22.2290510225" lon="114.2068344383"><ele>331.000</ele></trkpt>
      <trkpt lat="22.2290741024" lon="114.2068288494"><ele>331.000</ele></trkpt>
      <trkpt lat="22.2290876983" lon="114.2068228016"><ele>333.000</ele></trkpt>
      <trkpt lat="22.2290892338" lon="114.2068216447"><ele>333.000</ele></trkpt>
      <trkpt lat="22.2291038971" lon="114.2068105504"><ele>333.000</ele></trkpt>
      <trkpt lat="22.2291165449" lon="114.2068039058"><ele>333.000</ele></trkpt>
      <trkpt lat="22.2291276698" lon="114.2067990971"><ele>334.000</ele></trkpt>
      <trkpt lat="22.2291302004" lon="114.2067980065"><ele>334.000</ele></trkpt>
      <trkpt lat="22.2291359414" lon="114.2067970474"><ele>334.000</ele></trkpt>
      <trkpt lat="22.2291452794" lon="114.2067954974"><ele>334.000</ele></trkpt>
      <trkpt lat="22.2291546111" lon="114.2067939377"><ele>334.000</ele></trkpt>
      <trkpt lat="22.2291639474" lon="114.2067923781"><ele>336.000</ele></trkpt>
      <trkpt lat="22.2291694635" lon="114.2067914607"><ele>336.000</ele></trkpt>
      <trkpt lat="22.2291731544" lon="114.2067909765"><ele>336.000</ele></trkpt>
      <trkpt lat="22.2291825348" lon="114.2067897563"><ele>336.000</ele></trkpt>
      <trkpt lat="22.2291919179" lon="114.2067885361"><ele>336.000</ele></trkpt>
      <trkpt lat="22.2292013011" lon="114.2067873160"><ele>336.000</ele></trkpt>
      <trkpt lat="22.2292106923" lon="114.2067860948"><ele>336.000</ele></trkpt>
      <trkpt lat="22.2292121689" lon="114.2067858973"><ele>336.000</ele></trkpt>
      <trkpt lat="22.2292207893" lon="114.2067824489"><ele>338.000</ele></trkpt>
      <trkpt lat="22.2292240460" lon="114.2067811430"><ele>338.000</ele></trkpt>
      <trkpt lat="22.2292289986" lon="114.2067804593"><ele>338.000</ele></trkpt>
      <trkpt lat="22.2292429017" lon="114.2067785262"><ele>338.000</ele></trkpt>
      <trkpt lat="22.2292837305" lon="114.2067775493"><ele>338.000</ele></trkpt>
      <trkpt lat="22.2292924889" lon="114.2067753367"><ele>338.000</ele></trkpt>
      <trkpt lat="22.2293213160" lon="114.2067594353"><ele>338.000</ele></trkpt>
      <trkpt lat="22.2293549889" lon="114.2067436551"><ele>340.000</ele></trkpt>
      <trkpt lat="22.2293938224" lon="114.2067254559"><ele>340.000</ele></trkpt>
      <trkpt lat="22.2294234405" lon="114.2067050655"><ele>340.000</ele></trkpt>
      <trkpt lat="22.2294302944" lon="114.2067023627"><ele>340.000</ele></trkpt>
      <trkpt lat="22.2294396509" lon="114.2066986759"><ele>341.000</ele></trkpt>
      <trkpt lat="22.2294473112" lon="114.2066961555"><ele>342.000</ele></trkpt>
      <trkpt lat="22.2294562521" lon="114.2066931990"><ele>342.000</ele></trkpt>
      <trkpt lat="22.2294651741" lon="114.2066902619"><ele>342.000</ele></trkpt>
      <trkpt lat="22.2294706208" lon="114.2066884637"><ele>342.000</ele></trkpt>
      <trkpt lat="22.2294917794" lon="114.2066806628"><ele>342.000</ele></trkpt>
      <trkpt lat="22.2294993873" lon="114.2066778563"><ele>342.000</ele></trkpt>
      <trkpt lat="22.2295006951" lon="114.2066773454"><ele>342.000</ele></trkpt>
      <trkpt lat="22.2295094754" lon="114.2066738932"><ele>342.000</ele></trkpt>
      <trkpt lat="22.2295182538" lon="114.2066704516"><ele>342.000</ele></trkpt>
      <trkpt lat="22.2295270341" lon="114.2066669994"><ele>342.000</ele></trkpt>
      <trkpt lat="22.2295328557" lon="114.2066647095"><ele>342.000</ele></trkpt>
      <trkpt lat="22.2295359228" lon="114.2066633668"><ele>342.000</ele></trkpt>
      <trkpt lat="22.2295445857" lon="114.2066595663"><ele>342.000</ele></trkpt>
      <trkpt lat="22.2295519888" lon="114.2066563194"><ele>342.000</ele></trkpt>
      <trkpt lat="22.2295540634" lon="114.2066548106"><ele>342.000</ele></trkpt>
      <trkpt lat="22.2295620106" lon="114.2066490254"><ele>342.000</ele></trkpt>
      <trkpt lat="22.2295636083" lon="114.2066478520"><ele>342.000</ele></trkpt>
      <trkpt lat="22.2295691502" lon="114.2066391826"><ele>344.000</ele></trkpt>
      <trkpt lat="22.2295720102" lon="114.2066347077"><ele>344.000</ele></trkpt>
      <trkpt lat="22.2295810151" lon="114.2066224287"><ele>344.000</ele></trkpt>
      <trkpt lat="22.2295860618" lon="114.2066155342"><ele>344.000</ele></trkpt>
      <trkpt lat="22.2296058450" lon="114.2065977160"><ele>346.000</ele></trkpt>
      <trkpt lat="22.2296216037" lon="114.2065873154"><ele>346.000</ele></trkpt>
      <trkpt lat="22.2296354555" lon="114.2065795042"><ele>346.000</ele></trkpt>
      <trkpt lat="22.2296376574" lon="114.2065779216"><ele>346.000</ele></trkpt>
      <trkpt lat="22.2296444982" lon="114.2065729830"><ele>346.000</ele></trkpt>
      <trkpt lat="22.2296489500" lon="114.2065697694"><ele>346.000</ele></trkpt>
      <trkpt lat="22.2296625940" lon="114.2065574090"><ele>346.000</ele></trkpt>
      <trkpt lat="22.2296734352" lon="114.2065484263"><ele>349.000</ele></trkpt>
      <trkpt lat="22.2296806789" lon="114.2065424237"><ele>349.000</ele></trkpt>
      <trkpt lat="22.2296882875" lon="114.2065361195"><ele>349.000</ele></trkpt>
      <trkpt lat="22.2297111487" lon="114.2065215833"><ele>350.000</ele></trkpt>
      <trkpt lat="22.2297134256" lon="114.2065201366"><ele>350.000</ele></trkpt>
      <trkpt lat="22.2297179258" lon="114.2065138967"><ele>350.000</ele></trkpt>
      <trkpt lat="22.2297236347" lon="114.2065059829"><ele>350.000</ele></trkpt>
      <trkpt lat="22.2297294691" lon="114.2064978858"><ele>352.000</ele></trkpt>
      <trkpt lat="22.2297309198" lon="114.2064958782"><ele>352.000</ele></trkpt>
      <trkpt lat="22.2297346598" lon="114.2064884189"><ele>352.000</ele></trkpt>
      <trkpt lat="22.2297391416" lon="114.2064794718"><ele>352.000</ele></trkpt>
      <trkpt lat="22.2297467192" lon="114.2064696698"><ele>352.000</ele></trkpt>
      <trkpt lat="22.2297534742" lon="114.2064648107"><ele>352.000</ele></trkpt>
      <trkpt lat="22.2297580172" lon="114.2064615486"><ele>352.000</ele></trkpt>
      <trkpt lat="22.2297612751" lon="114.2064585181"><ele>352.000</ele></trkpt>
      <trkpt lat="22.2297682290" lon="114.2064520605"><ele>354.000</ele></trkpt>
      <trkpt lat="22.2297969397" lon="114.2064253931"><ele>354.000</ele></trkpt>
      <trkpt lat="22.2298117051" lon="114.2064147400"><ele>354.000</ele></trkpt>
      <trkpt lat="22.2298270463" lon="114.2064054761"><ele>354.000</ele></trkpt>
      <trkpt lat="22.2298410793" lon="114.2063943756"><ele>356.000</ele></trkpt>
      <trkpt lat="22.2298418723" lon="114.2063937366"><ele>356.000</ele></trkpt>
      <trkpt lat="22.2298480254" lon="114.2063859005"><ele>356.000</ele></trkpt>
      <trkpt lat="22.2298546248" lon="114.2063774950"><ele>356.000</ele></trkpt>
      <trkpt lat="22.2298548587" lon="114.2063771546"><ele>356.000</ele></trkpt>
      <trkpt lat="22.2298662793" lon="114.2063600340"><ele>356.000</ele></trkpt>
      <trkpt lat="22.2298763327" lon="114.2063477532"><ele>359.000</ele></trkpt>
      <trkpt lat="22.2299091865" lon="114.2063225397"><ele>360.000</ele></trkpt>
      <trkpt lat="22.2299115573" lon="114.2063207215"><ele>360.000</ele></trkpt>
      <trkpt lat="22.2299176672" lon="114.2063077037"><ele>362.000</ele></trkpt>
      <trkpt lat="22.2299187465" lon="114.2063018345"><ele>362.000</ele></trkpt>
      <trkpt lat="22.2299203736" lon="114.2062929605"><ele>362.000</ele></trkpt>
      <trkpt lat="22.2299221635" lon="114.2062832427"><ele>362.000</ele></trkpt>
      <trkpt lat="22.2299236297" lon="114.2062752601"><ele>362.000</ele></trkpt>
      <trkpt lat="22.2299238031" lon="114.2062748983"><ele>362.000</ele></trkpt>
      <trkpt lat="22.2299295407" lon="114.2062629474"><ele>362.000</ele></trkpt>
      <trkpt lat="22.2299302562" lon="114.2062614538"><ele>362.000</ele></trkpt>
      <trkpt lat="22.2299411850" lon="114.2062521510"><ele>365.000</ele></trkpt>
      <trkpt lat="22.2299496305" lon="114.2062473388"><ele>365.000</ele></trkpt>
      <trkpt lat="22.2299539666" lon="114.2062448692"><ele>365.000</ele></trkpt>
      <trkpt lat="22.2299655309" lon="114.2062367761"><ele>365.000</ele></trkpt>
      <trkpt lat="22.2299680219" lon="114.2062350268"><ele>365.000</ele></trkpt>
      <trkpt lat="22.2299819023" lon="114.2062236392"><ele>367.000</ele></trkpt>
      <trkpt lat="22.2299887427" lon="114.2062208607"><ele>367.000</ele></trkpt>
      <trkpt lat="22.2299969260" lon="114.2062175334"><ele>367.000</ele></trkpt>
      <trkpt lat="22.2300133030" lon="114.2062136356"><ele>367.000</ele></trkpt>
      <trkpt lat="22.2300301175" lon="114.2062073100"><ele>370.000</ele></trkpt>
      <trkpt lat="22.2300420843" lon="114.2062009125"><ele>370.000</ele></trkpt>
      <trkpt lat="22.2300671284" lon="114.2061749523"><ele>370.000</ele></trkpt>
      <trkpt lat="22.2300736777" lon="114.2061681629"><ele>370.000</ele></trkpt>
      <trkpt lat="22.2300799977" lon="114.2061616100"><ele>372.000</ele></trkpt>
      <trkpt lat="22.2300919165" lon="114.2061511706"><ele>372.000</ele></trkpt>
      <trkpt lat="22.2301020349" lon="114.2061440337"><ele>372.000</ele></trkpt>
      <trkpt lat="22.2301138239" lon="114.2061370649"><ele>372.000</ele></trkpt>
      <trkpt lat="22.2301223588" lon="114.2061320325"><ele>372.000</ele></trkpt>
      <trkpt lat="22.2301308874" lon="114.2061269884"><ele>372.000</ele></trkpt>
      <trkpt lat="22.2301337594" lon="114.2061252886"><ele>372.000</ele></trkpt>
      <trkpt lat="22.2301430381" lon="114.2061174269"><ele>372.000</ele></trkpt>
      <trkpt lat="22.2301467801" lon="114.2061142568"><ele>374.000</ele></trkpt>
      <trkpt lat="22.2301508238" lon="114.2061103913"><ele>374.000</ele></trkpt>
      <trkpt lat="22.2301582221" lon="114.2061033217"><ele>374.000</ele></trkpt>
      <trkpt lat="22.2301882182" lon="114.2060746485"><ele>374.000</ele></trkpt>
      <trkpt lat="22.2302033830" lon="114.2060624017"><ele>376.000</ele></trkpt>
      <trkpt lat="22.2302112652" lon="114.2060560393"><ele>376.000</ele></trkpt>
      <trkpt lat="22.2302113447" lon="114.2060559763"><ele>376.000</ele></trkpt>
      <trkpt lat="22.2302186206" lon="114.2060513907"><ele>376.000</ele></trkpt>
      <trkpt lat="22.2302265243" lon="114.2060464067"><ele>376.000</ele></trkpt>
      <trkpt lat="22.2302553273" lon="114.2060282488"><ele>376.000</ele></trkpt>
      <trkpt lat="22.2303215641" lon="114.2059913071"><ele>376.000</ele></trkpt>
      <trkpt lat="22.2303217267" lon="114.2059912800"><ele>376.000</ele></trkpt>
      <trkpt lat="22.2303463596" lon="114.2059870036"><ele>378.000</ele></trkpt>
      <trkpt lat="22.2303596981" lon="114.2059861004"><ele>378.000</ele></trkpt>
      <trkpt lat="22.2303995290" lon="114.2059751536"><ele>378.000</ele></trkpt>
      <trkpt lat="22.2304032110" lon="114.2059741369"><ele>378.000</ele></trkpt>
      <trkpt lat="22.2304160031" lon="114.2059683623"><ele>380.000</ele></trkpt>
      <trkpt lat="22.2304431185" lon="114.2059542886"><ele>380.000</ele></trkpt>
      <trkpt lat="22.2304516822" lon="114.2059498469"><ele>380.000</ele></trkpt>
      <trkpt lat="22.2304535219" lon="114.2059488899"><ele>380.000</ele></trkpt>
      <trkpt lat="22.2304727818" lon="114.2059377429"><ele>380.000</ele></trkpt>
      <trkpt lat="22.2305016636" lon="114.2059235144"><ele>381.000</ele></trkpt>
      <trkpt lat="22.2305020934" lon="114.2059242488"><ele>381.000</ele></trkpt>
      <trkpt lat="22.2305032196" lon="114.2059236641"><ele>381.000</ele></trkpt>
      <trkpt lat="22.2305117698" lon="114.2059191903"><ele>382.000</ele></trkpt>
      <trkpt lat="22.2305137440" lon="114.2059181568"><ele>382.000</ele></trkpt>
      <trkpt lat="22.2305208782" lon="114.2059137574"><ele>382.000</ele></trkpt>
      <trkpt lat="22.2305404544" lon="114.2059016754"><ele>382.000</ele></trkpt>
      <trkpt lat="22.2305568308" lon="114.2058905657"><ele>382.000</ele></trkpt>
      <trkpt lat="22.2305712710" lon="114.2058795536"><ele>382.000</ele></trkpt>
      <trkpt lat="22.2305878467" lon="114.2058654757"><ele>384.000</ele></trkpt>
      <trkpt lat="22.2306023183" lon="114.2058508116"><ele>384.000</ele></trkpt>
      <trkpt lat="22.2306380196" lon="114.2057984989"><ele>384.000</ele></trkpt>
      <trkpt lat="22.2306491272" lon="114.2057840397"><ele>384.000</ele></trkpt>
      <trkpt lat="22.2306591992" lon="114.2057737231"><ele>386.000</ele></trkpt>
      <trkpt lat="22.2306736164" lon="114.2057654142"><ele>386.000</ele></trkpt>
      <trkpt lat="22.2306874544" lon="114.2057638564"><ele>386.000</ele></trkpt>
      <trkpt lat="22.2307188084" lon="114.2057720281"><ele>385.000</ele></trkpt>
      <trkpt lat="22.2307332816" lon="114.2057782962"><ele>384.000</ele></trkpt>
      <trkpt lat="22.2307471052" lon="114.2057869494"><ele>384.000</ele></trkpt>
      <trkpt lat="22.2307486627" lon="114.2057883077"><ele>384.000</ele></trkpt>
      <trkpt lat="22.2307565020" lon="114.2057951497"><ele>384.000</ele></trkpt>
      <trkpt lat="22.2307641498" lon="114.2058018053"><ele>384.000</ele></trkpt>
      <trkpt lat="22.2307717877" lon="114.2058084697"><ele>384.000</ele></trkpt>
      <trkpt lat="22.2307794355" lon="114.2058151351"><ele>384.000</ele></trkpt>
      <trkpt lat="22.2307828503" lon="114.2058181127"><ele>384.000</ele></trkpt>
      <trkpt lat="22.2307882248" lon="114.2058215184"><ele>384.000</ele></trkpt>
      <trkpt lat="22.2307965718" lon="114.2058267930"><ele>382.000</ele></trkpt>
      <trkpt lat="22.2308061716" lon="114.2058308815"><ele>382.000</ele></trkpt>
      <trkpt lat="22.2308087488" lon="114.2058319801"><ele>382.000</ele></trkpt>
      <trkpt lat="22.2308193702" lon="114.2058349223"><ele>382.000</ele></trkpt>
      <trkpt lat="22.2308223745" lon="114.2058357513"><ele>382.000</ele></trkpt>
      <trkpt lat="22.2308265249" lon="114.2058362905"><ele>382.000</ele></trkpt>
      <trkpt lat="22.2308355572" lon="114.2058374573"><ele>382.000</ele></trkpt>
      <trkpt lat="22.2308445968" lon="114.2058386222"><ele>380.000</ele></trkpt>
      <trkpt lat="22.2308536290" lon="114.2058397890"><ele>380.000</ele></trkpt>
      <trkpt lat="22.2308569649" lon="114.2058402164"><ele>380.000</ele></trkpt>
      <trkpt lat="22.2308693748" lon="114.2058406245"><ele>380.000</ele></trkpt>
      <trkpt lat="22.2308866703" lon="114.2058411993"><ele>378.000</ele></trkpt>
      <trkpt lat="22.2308897128" lon="114.2058409555"><ele>378.000</ele></trkpt>
      <trkpt lat="22.2308994742" lon="114.2058401815"><ele>378.000</ele></trkpt>
      <trkpt lat="22.2309019947" lon="114.2058399793"><ele>378.000</ele></trkpt>
      <trkpt lat="22.2309142137" lon="114.2058372271"><ele>378.000</ele></trkpt>
      <trkpt lat="22.2309274428" lon="114.2058318386"><ele>378.000</ele></trkpt>
      <trkpt lat="22.2309358709" lon="114.2058284086"><ele>376.000</ele></trkpt>
      <trkpt lat="22.2309613888" lon="114.2058135245"><ele>378.000</ele></trkpt>
      <trkpt lat="22.2309736937" lon="114.2058106995"><ele>378.000</ele></trkpt>
      <trkpt lat="22.2309749318" lon="114.2058104175"><ele>375.000</ele></trkpt>
      <trkpt lat="22.2309822621" lon="114.2058100708"><ele>375.000</ele></trkpt>
      <trkpt lat="22.2310008456" lon="114.2058091919"><ele>375.000</ele></trkpt>
      <trkpt lat="22.2310046828" lon="114.2058090133"><ele>375.000</ele></trkpt>
      <trkpt lat="22.2310099386" lon="114.2058090056"><ele>375.000</ele></trkpt>
      <trkpt lat="22.2310254805" lon="114.2058089797"><ele>374.000</ele></trkpt>
      <trkpt lat="22.2310374171" lon="114.2058099454"><ele>374.000</ele></trkpt>
      <trkpt lat="22.2310467014" lon="114.2058107039"><ele>374.000</ele></trkpt>
      <trkpt lat="22.2310559767" lon="114.2058114527"><ele>374.000</ele></trkpt>
      <trkpt lat="22.2310747675" lon="114.2058129794"><ele>372.000</ele></trkpt>
      <trkpt lat="22.2310853477" lon="114.2058138429"><ele>372.000</ele></trkpt>
      <trkpt lat="22.2311077992" lon="114.2058170592"><ele>372.000</ele></trkpt>
      <trkpt lat="22.2311262853" lon="114.2058206141"><ele>370.000</ele></trkpt>
      <trkpt lat="22.2311371278" lon="114.2058243353"><ele>370.000</ele></trkpt>
      <trkpt lat="22.2311395497" lon="114.2058251680"><ele>370.000</ele></trkpt>
      <trkpt lat="22.2311449766" lon="114.2058278114"><ele>370.000</ele></trkpt>
      <trkpt lat="22.2311535840" lon="114.2058319928"><ele>370.000</ele></trkpt>
      <trkpt lat="22.2311611752" lon="114.2058367871"><ele>368.000</ele></trkpt>
      <trkpt lat="22.2311692017" lon="114.2058418511"><ele>368.000</ele></trkpt>
      <trkpt lat="22.2311703837" lon="114.2058426002"><ele>368.000</ele></trkpt>
      <trkpt lat="22.2311780175" lon="114.2058464012"><ele>368.000</ele></trkpt>
      <trkpt lat="22.2311864325" lon="114.2058506030"><ele>368.000</ele></trkpt>
      <trkpt lat="22.2311902052" lon="114.2058524817"><ele>368.000</ele></trkpt>
      <trkpt lat="22.2311955647" lon="114.2058536409"><ele>368.000</ele></trkpt>
      <trkpt lat="22.2312027420" lon="114.2058551944"><ele>367.000</ele></trkpt>
      <trkpt lat="22.2312122320" lon="114.2058572518"><ele>367.000</ele></trkpt>
      <trkpt lat="22.2312217256" lon="114.2058593111"><ele>367.000</ele></trkpt>
      <trkpt lat="22.2312312165" lon="114.2058613597"><ele>367.000</ele></trkpt>
      <trkpt lat="22.2312406875" lon="114.2058634122"><ele>367.000</ele></trkpt>
      <trkpt lat="22.2312411616" lon="114.2058634647"><ele>367.000</ele></trkpt>
      <trkpt lat="22.2312507736" lon="114.2058646753"><ele>366.000</ele></trkpt>
      <trkpt lat="22.2312692744" lon="114.2058669896"><ele>366.000</ele></trkpt>
      <trkpt lat="22.2313110836" lon="114.2058678576"><ele>365.000</ele></trkpt>
      <trkpt lat="22.2313209162" lon="114.2058680614"><ele>365.000</ele></trkpt>
      <trkpt lat="22.2313227342" lon="114.2058677863"><ele>365.000</ele></trkpt>
      <trkpt lat="22.2313709964" lon="114.2058604874"><ele>364.000</ele></trkpt>
      <trkpt lat="22.2313897902" lon="114.2058604233"><ele>364.000</ele></trkpt>
      <trkpt lat="22.2314044618" lon="114.2058583680"><ele>364.000</ele></trkpt>
      <trkpt lat="22.2314227348" lon="114.2058566074"><ele>364.000</ele></trkpt>
      <trkpt lat="22.2314330995" lon="114.2058556104"><ele>362.000</ele></trkpt>
      <trkpt lat="22.2314360878" lon="114.2058553259"><ele>362.000</ele></trkpt>
      <trkpt lat="22.2314560737" lon="114.2058547703"><ele>362.000</ele></trkpt>
      <trkpt lat="22.2314662403" lon="114.2058556677"><ele>362.000</ele></trkpt>
      <trkpt lat="22.2314776881" lon="114.2058583637"><ele>360.000</ele></trkpt>
      <trkpt lat="22.2314920103" lon="114.2058659937"><ele>360.000</ele></trkpt>
      <trkpt lat="22.2315019342" lon="114.2058703161"><ele>360.000</ele></trkpt>
      <trkpt lat="22.2315188513" lon="114.2058811932"><ele>357.000</ele></trkpt>
      <trkpt lat="22.2315255322" lon="114.2058863452"><ele>357.000</ele></trkpt>
      <trkpt lat="22.2315389149" lon="114.2059056983"><ele>357.000</ele></trkpt>
      <trkpt lat="22.2315509601" lon="114.2059154143"><ele>357.000</ele></trkpt>
      <trkpt lat="22.2315571394" lon="114.2059175641"><ele>357.000</ele></trkpt>
      <trkpt lat="22.2315624311" lon="114.2059194023"><ele>354.000</ele></trkpt>
      <trkpt lat="22.2315675892" lon="114.2059204384"><ele>354.000</ele></trkpt>
      <trkpt lat="22.2315775244" lon="114.2059224299"><ele>353.000</ele></trkpt>
      <trkpt lat="22.2315874669" lon="114.2059244204"><ele>353.000</ele></trkpt>
      <trkpt lat="22.2315927289" lon="114.2059254739"><ele>353.000</ele></trkpt>
      <trkpt lat="22.2316054638" lon="114.2059265571"><ele>353.000</ele></trkpt>
      <trkpt lat="22.2316147345" lon="114.2059273428"><ele>351.000</ele></trkpt>
      <trkpt lat="22.2316149594" lon="114.2059273428"><ele>351.000</ele></trkpt>
      <trkpt lat="22.2316240641" lon="114.2059273632"><ele>351.000</ele></trkpt>
      <trkpt lat="22.2316331671" lon="114.2059273951"><ele>351.000</ele></trkpt>
      <trkpt lat="22.2316422817" lon="114.2059274164"><ele>351.000</ele></trkpt>
      <trkpt lat="22.2316513919" lon="114.2059274377"><ele>348.000</ele></trkpt>
      <trkpt lat="22.2316970339" lon="114.2059275693"><ele>345.000</ele></trkpt>
      <trkpt lat="22.2317458854" lon="114.2059525518"><ele>342.000</ele></trkpt>
      <trkpt lat="22.2317854401" lon="114.2059661001"><ele>342.000</ele></trkpt>
      <trkpt lat="22.2318107917" lon="114.2059730379"><ele>337.000</ele></trkpt>
      <trkpt lat="22.2318267455" lon="114.2059817062"><ele>337.000</ele></trkpt>
      <trkpt lat="22.2318596433" lon="114.2060075769"><ele>334.000</ele></trkpt>
      <trkpt lat="22.2318891397" lon="114.2060356846"><ele>332.000</ele></trkpt>
      <trkpt lat="22.2318958719" lon="114.2060421045"><ele>332.000</ele></trkpt>
      <trkpt lat="22.2319167706" lon="114.2060476601"><ele>332.000</ele></trkpt>
      <trkpt lat="22.2319304267" lon="114.2060533189"><ele>330.000</ele></trkpt>
      <trkpt lat="22.2319389639" lon="114.2060606762"><ele>330.000</ele></trkpt>
      <trkpt lat="22.2319451228" lon="114.2060659833"><ele>330.000</ele></trkpt>
      <trkpt lat="22.2319718594" lon="114.2060890097"><ele>328.000</ele></trkpt>
      <trkpt lat="22.2319870781" lon="114.2060979805"><ele>328.000</ele></trkpt>
      <trkpt lat="22.2320139918" lon="114.2061106173"><ele>326.000</ele></trkpt>
      <trkpt lat="22.2320337472" lon="114.2061214912"><ele>326.000</ele></trkpt>
      <trkpt lat="22.2320493641" lon="114.2061355555"><ele>326.000</ele></trkpt>
      <trkpt lat="22.2320560268" lon="114.2061415495"><ele>326.000</ele></trkpt>
      <trkpt lat="22.2320587025" lon="114.2061471333"><ele>326.000</ele></trkpt>
      <trkpt lat="22.2320847413" lon="114.2061786248"><ele>326.000</ele></trkpt>
      <trkpt lat="22.2321050371" lon="114.2062076706"><ele>326.000</ele></trkpt>
      <trkpt lat="22.2321121788" lon="114.2062162760"><ele>324.000</ele></trkpt>
      <trkpt lat="22.2321197811" lon="114.2062246389"><ele>324.000</ele></trkpt>
      <trkpt lat="22.2321368021" lon="114.2062351960"><ele>324.000</ele></trkpt>
      <trkpt lat="22.2321450822" lon="114.2062410856"><ele>324.000</ele></trkpt>
      <trkpt lat="22.2321561251" lon="114.2062499343"><ele>324.000</ele></trkpt>
      <trkpt lat="22.2321708696" lon="114.2062641866"><ele>324.000</ele></trkpt>
      <trkpt lat="22.2321867948" lon="114.2062917669"><ele>324.000</ele></trkpt>
      <trkpt lat="22.2321920945" lon="114.2062986646"><ele>324.000</ele></trkpt>
      <trkpt lat="22.2321999227" lon="114.2063065329"><ele>324.000</ele></trkpt>
      <trkpt lat="22.2322132854" lon="114.2063215319"><ele>324.000</ele></trkpt>
      <trkpt lat="22.2322229556" lon="114.2063306324"><ele>324.000</ele></trkpt>
      <trkpt lat="22.2322321566" lon="114.2063379966"><ele>324.000</ele></trkpt>
      <trkpt lat="22.2322487259" lon="114.2063487962"><ele>326.000</ele></trkpt>
      <trkpt lat="22.2322643480" lon="114.2063546679"><ele>326.000</ele></trkpt>
      <trkpt lat="22.2322901014" lon="114.2063664199"><ele>326.000</ele></trkpt>
      <trkpt lat="22.2323144374" lon="114.2063757661"><ele>326.000</ele></trkpt>
      <trkpt lat="22.2323181397" lon="114.2063771831"><ele>326.000</ele></trkpt>
      <trkpt lat="22.2323613397" lon="114.2063928285"><ele>327.000</ele></trkpt>
      <trkpt lat="22.2323840952" lon="114.2064028630"><ele>328.000</ele></trkpt>
      <trkpt lat="22.2324096051" lon="114.2064128981"><ele>326.000</ele></trkpt>
      <trkpt lat="22.2324296067" lon="114.2064202258"><ele>326.000</ele></trkpt>
      <trkpt lat="22.2324431611" lon="114.2064241280"><ele>326.000</ele></trkpt>
      <trkpt lat="22.2324670465" lon="114.2064279936"><ele>326.000</ele></trkpt>
      <trkpt lat="22.2324789762" lon="114.2064274626"><ele>326.000</ele></trkpt>
      <trkpt lat="22.2324991520" lon="114.2064204829"><ele>326.000</ele></trkpt>
      <trkpt lat="22.2325110738" lon="114.2064135402"><ele>324.000</ele></trkpt>
      <trkpt lat="22.2325234554" lon="114.2064105358"><ele>324.000</ele></trkpt>
      <trkpt lat="22.2325328655" lon="114.2064100043"><ele>324.000</ele></trkpt>
      <trkpt lat="22.2325413633" lon="114.2064104717"><ele>324.000</ele></trkpt>
      <trkpt lat="22.2325498694" lon="114.2064148870"><ele>324.000</ele></trkpt>
      <trkpt lat="22.2325565336" lon="114.2064173328"><ele>322.000</ele></trkpt>
      <trkpt lat="22.2325615990" lon="114.2064217570"><ele>322.000</ele></trkpt>
      <trkpt lat="22.2325680456" lon="114.2064286357"><ele>322.000</ele></trkpt>
      <trkpt lat="22.2326028849" lon="114.2064847768"><ele>320.000</ele></trkpt>
      <trkpt lat="22.2326197398" lon="114.2065143264"><ele>319.000</ele></trkpt>
      <trkpt lat="22.2326326589" lon="114.2065349998"><ele>319.000</ele></trkpt>
      <trkpt lat="22.2326418685" lon="114.2065443526"><ele>319.000</ele></trkpt>
      <trkpt lat="22.2326658137" lon="114.2065669683"><ele>316.000</ele></trkpt>
      <trkpt lat="22.2326989689" lon="114.2065974429"><ele>316.000</ele></trkpt>
      <trkpt lat="22.2327159894" lon="114.2066102214"><ele>316.000</ele></trkpt>
      <trkpt lat="22.2327330192" lon="114.2066215061"><ele>316.000</ele></trkpt>
      <trkpt lat="22.2327583115" lon="114.2066362263"><ele>316.000</ele></trkpt>
      <trkpt lat="22.2327785473" lon="114.2066470170"><ele>316.000</ele></trkpt>
      <trkpt lat="22.2328079757" lon="114.2066612240"><ele>317.000</ele></trkpt>
      <trkpt lat="22.2328392287" lon="114.2066729579"><ele>318.000</ele></trkpt>
      <trkpt lat="22.2328831323" lon="114.2066930462"><ele>320.000</ele></trkpt>
      <trkpt lat="22.2328944103" lon="114.2066999162"><ele>320.000</ele></trkpt>
      <trkpt lat="22.2329024556" lon="114.2067058058"><ele>320.000</ele></trkpt>
      <trkpt lat="22.2329211012" lon="114.2067210388"><ele>322.000</ele></trkpt>
      <trkpt lat="22.2329390516" lon="114.2067347972"><ele>322.000</ele></trkpt>
      <trkpt lat="22.2329484872" lon="114.2067431509"><ele>322.000</ele></trkpt>
      <trkpt lat="22.2329570104" lon="114.2067524938"><ele>322.000</ele></trkpt>
      <trkpt lat="22.2329662113" lon="114.2067598678"><ele>324.000</ele></trkpt>
      <trkpt lat="22.2329827807" lon="114.2067706674"><ele>324.000</ele></trkpt>
      <trkpt lat="22.2330053184" lon="114.2067863862"><ele>324.000</ele></trkpt>
      <trkpt lat="22.2330099322" lon="114.2067908104"><ele>326.000</ele></trkpt>
      <trkpt lat="22.2330205317" lon="114.2068045867"><ele>325.000</ele></trkpt>
      <trkpt lat="22.2330306882" lon="114.2068213310"><ele>325.000</ele></trkpt>
      <trkpt lat="22.2330468047" lon="114.2068390370"><ele>325.000</ele></trkpt>
      <trkpt lat="22.2330541554" lon="114.2068404935"><ele>326.000</ele></trkpt>
      <trkpt lat="22.2330626535" lon="114.2068394769"><ele>326.000</ele></trkpt>
      <trkpt lat="22.2331020755" lon="114.2068225684"><ele>328.000</ele></trkpt>
      <trkpt lat="22.2331220253" lon="114.2068170728"><ele>328.000</ele></trkpt>
      <trkpt lat="22.2331348850" lon="114.2068175217"><ele>328.000</ele></trkpt>
      <trkpt lat="22.2331426151" lon="114.2068183090"><ele>329.000</ele></trkpt>
      <trkpt lat="22.2331537136" lon="114.2068194366"><ele>329.000</ele></trkpt>
      <trkpt lat="22.2331746187" lon="114.2068243008"><ele>329.000</ele></trkpt>
      <trkpt lat="22.2331918483" lon="114.2068296685"><ele>330.000</ele></trkpt>
      <trkpt lat="22.2332015014" lon="114.2068335797"><ele>330.000</ele></trkpt>
      <trkpt lat="22.2332116154" lon="114.2068355219"><ele>330.000</ele></trkpt>
      <trkpt lat="22.2332194091" lon="114.2068345050"><ele>330.000</ele></trkpt>
      <trkpt lat="22.2332258392" lon="114.2068330029"><ele>330.000</ele></trkpt>
      <trkpt lat="22.2332294972" lon="114.2068300355"><ele>330.000</ele></trkpt>
      <trkpt lat="22.2332331554" lon="114.2068255839"><ele>332.000</ele></trkpt>
      <trkpt lat="22.2332377008" lon="114.2068097739"><ele>332.000</ele></trkpt>
      <trkpt lat="22.2332404293" lon="114.2068028583"><ele>332.000</ele></trkpt>
      <trkpt lat="22.2332624129" lon="114.2067874884"><ele>333.000</ele></trkpt>
      <trkpt lat="22.2332747949" lon="114.2067822628"><ele>333.000</ele></trkpt>
      <trkpt lat="22.2332885153" lon="114.2067669202"><ele>334.000</ele></trkpt>
      <trkpt lat="22.2332942332" lon="114.2067592487"><ele>334.000</ele></trkpt>
      <trkpt lat="22.2333035836" lon="114.2067394821"><ele>334.000</ele></trkpt>
      <trkpt lat="22.2333062951" lon="114.2067271345"><ele>334.000</ele></trkpt>
      <trkpt lat="22.2333122389" lon="114.2067182311"><ele>334.000</ele></trkpt>
      <trkpt lat="22.2333204763" lon="114.2067105601"><ele>334.000</ele></trkpt>
      <trkpt lat="22.2333901627" lon="114.2066799810"><ele>336.000</ele></trkpt>
      <trkpt lat="22.2334041519" lon="114.2066764726"><ele>336.000</ele></trkpt>
      <trkpt lat="22.2334360230" lon="114.2066664980"><ele>334.000</ele></trkpt>
      <trkpt lat="22.2334557386" lon="114.2066580437"><ele>334.000</ele></trkpt>
      <trkpt lat="22.2334850814" lon="114.2066463517"><ele>335.000</ele></trkpt>
      <trkpt lat="22.2335169444" lon="114.2066316822"><ele>335.000</ele></trkpt>
      <trkpt lat="22.2335428380" lon="114.2066172832"><ele>335.000</ele></trkpt>
      <trkpt lat="22.2335824861" lon="114.2065988905"><ele>338.000</ele></trkpt>
      <trkpt lat="22.2336505736" lon="114.2065707845"><ele>338.000</ele></trkpt>
      <trkpt lat="22.2336730520" lon="114.2065650371"><ele>338.000</ele></trkpt>
      <trkpt lat="22.2336904735" lon="114.2065580664"><ele>338.000</ele></trkpt>
      <trkpt lat="22.2337079039" lon="114.2065518427"><ele>338.000</ele></trkpt>
      <trkpt lat="22.2337292179" lon="114.2065431365"><ele>338.000</ele></trkpt>
      <trkpt lat="22.2337395405" lon="114.2065401414"><ele>338.000</ele></trkpt>
      <trkpt lat="22.2337881725" lon="114.2065305970"><ele>338.000</ele></trkpt>
      <trkpt lat="22.2338170633" lon="114.2065216209"><ele>338.000</ele></trkpt>
      <trkpt lat="22.2338849250" lon="114.2064937572"><ele>338.000</ele></trkpt>
      <trkpt lat="22.2339060219" lon="114.2064872723"><ele>338.000</ele></trkpt>
      <trkpt lat="22.2339463908" lon="114.2064777553"><ele>336.000</ele></trkpt>
      <trkpt lat="22.2339817198" lon="114.2064726993"><ele>334.000</ele></trkpt>
      <trkpt lat="22.2339989154" lon="114.2064659807"><ele>334.000</ele></trkpt>
      <trkpt lat="22.2340115320" lon="114.2064622392"><ele>332.000</ele></trkpt>
      <trkpt lat="22.2340780633" lon="114.2064496818"><ele>332.000</ele></trkpt>
      <trkpt lat="22.2340996292" lon="114.2064466406"><ele>328.000</ele></trkpt>
      <trkpt lat="22.2341083441" lon="114.2064446442"><ele>328.000</ele></trkpt>
      <trkpt lat="22.2341430123" lon="114.2064484733"><ele>326.000</ele></trkpt>
      <trkpt lat="22.2341638918" lon="114.2064454415"><ele>326.000</ele></trkpt>
      <trkpt lat="22.2341909580" lon="114.2064384438"><ele>324.000</ele></trkpt>
      <trkpt lat="22.2342175466" lon="114.2064260138"><ele>324.000</ele></trkpt>
      <trkpt lat="22.2342452737" lon="114.2064101309"><ele>324.000</ele></trkpt>
      <trkpt lat="22.2342638336" lon="114.2064002019"><ele>326.000</ele></trkpt>
      <trkpt lat="22.2342801083" lon="114.2063922512"><ele>326.000</ele></trkpt>
      <trkpt lat="22.2342881281" lon="114.2063895078"><ele>326.000</ele></trkpt>
      <trkpt lat="22.2342963914" lon="114.2063882485"><ele>326.000</ele></trkpt>
      <trkpt lat="22.2343087989" lon="114.2063921506"><ele>326.000</ele></trkpt>
      <trkpt lat="22.2343274013" lon="114.2063965292"><ele>326.000</ele></trkpt>
      <trkpt lat="22.2343418683" lon="114.2063974634"><ele>326.000</ele></trkpt>
      <trkpt lat="22.2343538069" lon="114.2063969324"><ele>326.000</ele></trkpt>
      <trkpt lat="22.2343684825" lon="114.2063929391"><ele>328.000</ele></trkpt>
      <trkpt lat="22.2343884325" lon="114.2063864539"><ele>328.000</ele></trkpt>
      <trkpt lat="22.2344079307" lon="114.2063814527"><ele>328.000</ele></trkpt>
      <trkpt lat="22.2344244482" lon="114.2063789245"><ele>328.000</ele></trkpt>
      <trkpt lat="22.2344372990" lon="114.2063783937"><ele>328.000</ele></trkpt>
      <trkpt lat="22.2344522261" lon="114.2063817918"><ele>330.000</ele></trkpt>
      <trkpt lat="22.2344646425" lon="114.2063861983"><ele>330.000</ele></trkpt>
      <trkpt lat="22.2344791261" lon="114.2063950284"><ele>330.000</ele></trkpt>
      <trkpt lat="22.2344938534" lon="114.2064048480"><ele>330.000</ele></trkpt>
      <trkpt lat="22.2345555157" lon="114.2064500344"><ele>334.000</ele></trkpt>
      <trkpt lat="22.2345686269" lon="114.2064578845"><ele>334.000</ele></trkpt>
      <trkpt lat="22.2345752821" lon="114.2064598357"><ele>334.000</ele></trkpt>
      <trkpt lat="22.2346140951" lon="114.2064651304"><ele>335.000</ele></trkpt>
      <trkpt lat="22.2346221409" lon="114.2064680615"><ele>335.000</ele></trkpt>
      <trkpt lat="22.2346334100" lon="114.2064744466"><ele>336.000</ele></trkpt>
      <trkpt lat="22.2346543322" lon="114.2064847331"><ele>336.000</ele></trkpt>
      <trkpt lat="22.2346607619" lon="114.2064856948"><ele>336.000</ele></trkpt>
      <trkpt lat="22.2346804943" lon="114.2064836619"><ele>338.000</ele></trkpt>
      <trkpt lat="22.2346986280" lon="114.2064835978"><ele>338.000</ele></trkpt>
      <trkpt lat="22.2347126345" lon="114.2064840470"><ele>338.000</ele></trkpt>
      <trkpt lat="22.2347323753" lon="114.2064854576"><ele>340.000</ele></trkpt>
      <trkpt lat="22.2347668177" lon="114.2064890442"><ele>340.000</ele></trkpt>
      <trkpt lat="22.2347792169" lon="114.2064887558"><ele>340.000</ele></trkpt>
      <trkpt lat="22.2347865587" lon="114.2064897177"><ele>340.000</ele></trkpt>
      <trkpt lat="22.2347955083" lon="114.2064882064"><ele>340.000</ele></trkpt>
      <trkpt lat="22.2348140856" lon="114.2064822156"><ele>340.000</ele></trkpt>
      <trkpt lat="22.2348232527" lon="114.2064767563"><ele>340.000</ele></trkpt>
      <trkpt lat="22.2348337753" lon="114.2064663600"><ele>340.000</ele></trkpt>
      <trkpt lat="22.2348539429" lon="114.2064551897"><ele>340.000</ele></trkpt>
      <trkpt lat="22.2348656293" lon="114.2064514479"><ele>342.000</ele></trkpt>
      <trkpt lat="22.2349085440" lon="114.2064468687"><ele>343.000</ele></trkpt>
      <trkpt lat="22.2349728067" lon="114.2064446706"><ele>345.000</ele></trkpt>
      <trkpt lat="22.2350067803" lon="114.2064440667"><ele>346.000</ele></trkpt>
      <trkpt lat="22.2350219423" lon="114.2064469702"><ele>346.000</ele></trkpt>
      <trkpt lat="22.2350398670" lon="114.2064533275"><ele>348.000</ele></trkpt>
      <trkpt lat="22.2350570968" lon="114.2064577156"><ele>346.000</ele></trkpt>
      <trkpt lat="22.2350733968" lon="114.2064596300"><ele>346.000</ele></trkpt>
      <trkpt lat="22.2350885502" lon="114.2064600697"><ele>348.000</ele></trkpt>
      <trkpt lat="22.2351186138" lon="114.2064580002"><ele>348.000</ele></trkpt>
      <trkpt lat="22.2351532481" lon="114.2064489960"><ele>350.000</ele></trkpt>
      <trkpt lat="22.2351757177" lon="114.2064420166"><ele>351.000</ele></trkpt>
      <trkpt lat="22.2352050607" lon="114.2064295775"><ele>351.000</ele></trkpt>
      <trkpt lat="22.2352720008" lon="114.2064036921"><ele>352.000</ele></trkpt>
      <trkpt lat="22.2353316163" lon="114.2063822672"><ele>354.000</ele></trkpt>
      <trkpt lat="22.2353449191" lon="114.2063787683"><ele>354.000</ele></trkpt>
      <trkpt lat="22.2353678668" lon="114.2063749900"><ele>356.000</ele></trkpt>
      <trkpt lat="22.2353830029" lon="114.2063714914"><ele>356.000</ele></trkpt>
      <trkpt lat="22.2354646959" lon="114.2063635641"><ele>358.000</ele></trkpt>
      <trkpt lat="22.2354798404" lon="114.2063635091"><ele>358.000</ele></trkpt>
      <trkpt lat="22.2354966098" lon="114.2063664129"><ele>360.000</ele></trkpt>
      <trkpt lat="22.2355041951" lon="114.2063693537"><ele>360.000</ele></trkpt>
      <trkpt lat="22.2355054593" lon="114.2063698972"><ele>360.000</ele></trkpt>
      <trkpt lat="22.2355372990" lon="114.2063835520"><ele>360.000</ele></trkpt>
      <trkpt lat="22.2355552321" lon="114.2063938476"><ele>360.000</ele></trkpt>
      <trkpt lat="22.2355828442" lon="114.2064139910"><ele>362.000</ele></trkpt>
      <trkpt lat="22.2355991873" lon="114.2064277493"><ele>362.000</ele></trkpt>
      <trkpt lat="22.2356159904" lon="114.2064442238"><ele>362.000</ele></trkpt>
      <trkpt lat="22.2356565304" lon="114.2064867676"><ele>362.000</ele></trkpt>
      <trkpt lat="22.2356650450" lon="114.2064941416"><ele>362.000</ele></trkpt>
      <trkpt lat="22.2356749324" lon="114.2065005264"><ele>364.000</ele></trkpt>
      <trkpt lat="22.2356832128" lon="114.2065049320"><ele>364.000</ele></trkpt>
      <trkpt lat="22.2356933264" lon="114.2065090955"><ele>364.000</ele></trkpt>
      <trkpt lat="22.2357163081" lon="114.2065166665"><ele>364.000</ele></trkpt>
      <trkpt lat="22.2357503072" lon="114.2065244435"><ele>364.000</ele></trkpt>
      <trkpt lat="22.2357875208" lon="114.2065346851"><ele>364.000</ele></trkpt>
      <trkpt lat="22.2358134741" lon="114.2065395310"><ele>364.000</ele></trkpt>
      <trkpt lat="22.2358371251" lon="114.2065414178"><ele>364.000</ele></trkpt>
      <trkpt lat="22.2358642083" lon="114.2065408415"><ele>364.000</ele></trkpt>
      <trkpt lat="22.2358960881" lon="114.2065323411"><ele>362.000</ele></trkpt>
      <trkpt lat="22.2359181426" lon="114.2065242461"><ele>362.000</ele></trkpt>
      <trkpt lat="22.2359242656" lon="114.2065231028"><ele>362.000</ele></trkpt>
      <trkpt lat="22.2359318519" lon="114.2065199324"><ele>362.000</ele></trkpt>
      <trkpt lat="22.2359539521" lon="114.2065084229"><ele>362.000</ele></trkpt>
      <trkpt lat="22.2359612495" lon="114.2065053301"><ele>362.000</ele></trkpt>
      <trkpt lat="22.2359763315" lon="114.2065008614"><ele>362.000</ele></trkpt>
      <trkpt lat="22.2359904836" lon="114.2064954226"><ele>362.000</ele></trkpt>
      <trkpt lat="22.2359973116" lon="114.2064913499"><ele>362.000</ele></trkpt>
      <trkpt lat="22.2360256540" lon="114.2064683761"><ele>362.000</ele></trkpt>
      <trkpt lat="22.2360327257" lon="114.2064650310"><ele>362.000</ele></trkpt>
      <trkpt lat="22.2360400409" lon="114.2064631701"><ele>362.000</ele></trkpt>
      <trkpt lat="22.2360544724" lon="114.2064606899"><ele>362.000</ele></trkpt>
      <trkpt lat="22.2360615528" lon="114.2064585864"><ele>362.000</ele></trkpt>
      <trkpt lat="22.2360834540" lon="114.2064490557"><ele>364.000</ele></trkpt>
      <trkpt lat="22.2360909503" lon="114.2064442266"><ele>364.000</ele></trkpt>
      <trkpt lat="22.2360982210" lon="114.2064389124"><ele>364.000</ele></trkpt>
      <trkpt lat="22.2361047605" lon="114.2064316386"><ele>364.000</ele></trkpt>
      <trkpt lat="22.2361187876" lon="114.2064180612"><ele>364.000</ele></trkpt>
      <trkpt lat="22.2361234850" lon="114.2064103214"><ele>363.000</ele></trkpt>
      <trkpt lat="22.2361289786" lon="114.2063941814"><ele>363.000</ele></trkpt>
      <trkpt lat="22.2361334502" lon="114.2063864513"><ele>363.000</ele></trkpt>
      <trkpt lat="22.2361402334" lon="114.2063799050"><ele>363.000</ele></trkpt>
      <trkpt lat="22.2361470703" lon="114.2063763271"><ele>363.000</ele></trkpt>
      <trkpt lat="22.2361597864" lon="114.2063715961"><ele>363.000</ele></trkpt>
      <trkpt lat="22.2362083857" lon="114.2063431264"><ele>362.000</ele></trkpt>
      <trkpt lat="22.2362084073" lon="114.2063431167"><ele>362.000</ele></trkpt>
      <trkpt lat="22.2362257648" lon="114.2063357491"><ele>360.000</ele></trkpt>
      <trkpt lat="22.2362368454" lon="114.2063310536"><ele>360.000</ele></trkpt>
      <trkpt lat="22.2362387428" lon="114.2063305573"><ele>360.000</ele></trkpt>
      <trkpt lat="22.2362481261" lon="114.2063280935"><ele>360.000</ele></trkpt>
      <trkpt lat="22.2362513835" lon="114.2063278012"><ele>360.000</ele></trkpt>
      <trkpt lat="22.2362605887" lon="114.2063269884"><ele>358.000</ele></trkpt>
      <trkpt lat="22.2362654402" lon="114.2063256294"><ele>358.000</ele></trkpt>
      <trkpt lat="22.2362786239" lon="114.2063219567"><ele>358.000</ele></trkpt>
      <trkpt lat="22.2362824305" lon="114.2063208944"><ele>358.000</ele></trkpt>
      <trkpt lat="22.2362895094" lon="114.2063170245"><ele>358.000</ele></trkpt>
      <trkpt lat="22.2363000743" lon="114.2063078193"><ele>358.000</ele></trkpt>
      <trkpt lat="22.2363036844" lon="114.2063046733"><ele>356.000</ele></trkpt>
      <trkpt lat="22.2363093310" lon="114.2062967765"><ele>356.000</ele></trkpt>
      <trkpt lat="22.2363152024" lon="114.2062885849"><ele>356.000</ele></trkpt>
      <trkpt lat="22.2363180212" lon="114.2062866425"><ele>356.000</ele></trkpt>
      <trkpt lat="22.2363211706" lon="114.2062844742"><ele>356.000</ele></trkpt>
      <trkpt lat="22.2363272029" lon="114.2062807360"><ele>356.000</ele></trkpt>
      <trkpt lat="22.2363297795" lon="114.2062797879"><ele>356.000</ele></trkpt>
      <trkpt lat="22.2363425967" lon="114.2062750666"><ele>356.000</ele></trkpt>
      <trkpt lat="22.2363554013" lon="114.2062703452"><ele>354.000</ele></trkpt>
      <trkpt lat="22.2363637019" lon="114.2062672953"><ele>354.000</ele></trkpt>
      <trkpt lat="22.2363679648" lon="114.2062650476"><ele>354.000</ele></trkpt>
      <trkpt lat="22.2363801213" lon="114.2062586480"><ele>354.000</ele></trkpt>
      <trkpt lat="22.2363922786" lon="114.2062522387"><ele>354.000</ele></trkpt>
      <trkpt lat="22.2364044243" lon="114.2062458400"><ele>352.000</ele></trkpt>
      <trkpt lat="22.2364165816" lon="114.2062394395"><ele>352.000</ele></trkpt>
      <trkpt lat="22.2364287381" lon="114.2062330301"><ele>352.000</ele></trkpt>
      <trkpt lat="22.2364408936" lon="114.2062266315"><ele>350.000</ele></trkpt>
      <trkpt lat="22.2364529336" lon="114.2062202900"><ele>350.000</ele></trkpt>
      <trkpt lat="22.2364650277" lon="114.2062139185"><ele>350.000</ele></trkpt>
      <trkpt lat="22.2364771833" lon="114.2062075092"><ele>350.000</ele></trkpt>
      <trkpt lat="22.2364893389" lon="114.2062011105"><ele>348.000</ele></trkpt>
      <trkpt lat="22.2365014872" lon="114.2061947099"><ele>348.000</ele></trkpt>
      <trkpt lat="22.2365257640" lon="114.2061819203"><ele>348.000</ele></trkpt>
      <trkpt lat="22.2365380017" lon="114.2061754732"><ele>346.000</ele></trkpt>
      <trkpt lat="22.2365482525" lon="114.2061700752"><ele>346.000</ele></trkpt>
      <trkpt lat="22.2365502566" lon="114.2061692220"><ele>346.000</ele></trkpt>
      <trkpt lat="22.2365634532" lon="114.2061635782"><ele>346.000</ele></trkpt>
      <trkpt lat="22.2365759698" lon="114.2061582370"><ele>344.000</ele></trkpt>
      <trkpt lat="22.2365871868" lon="114.2061534464"><ele>344.000</ele></trkpt>
      <trkpt lat="22.2365885325" lon="114.2061530364"><ele>344.000</ele></trkpt>
      <trkpt lat="22.2366016593" lon="114.2061489824"><ele>344.000</ele></trkpt>
      <trkpt lat="22.2366145739" lon="114.2061450080"><ele>344.000</ele></trkpt>
      <trkpt lat="22.2366274632" lon="114.2061410239"><ele>342.000</ele></trkpt>
      <trkpt lat="22.2366404753" lon="114.2061370107"><ele>342.000</ele></trkpt>
      <trkpt lat="22.2366534875" lon="114.2061329985"><ele>342.000</ele></trkpt>
      <trkpt lat="22.2366586298" lon="114.2061314184"><ele>342.000</ele></trkpt>
      <trkpt lat="22.2366654984" lon="114.2061273671"><ele>342.000</ele></trkpt>
      <trkpt lat="22.2366773813" lon="114.2061203679"><ele>342.000</ele></trkpt>
      <trkpt lat="22.2366806634" lon="114.2061184401"><ele>342.000</ele></trkpt>
      <trkpt lat="22.2366886459" lon="114.2061122162"><ele>341.000</ele></trkpt>
      <trkpt lat="22.2366998265" lon="114.2061035077"><ele>341.000</ele></trkpt>
      <trkpt lat="22.2367083698" lon="114.2060968522"><ele>341.000</ele></trkpt>
      <trkpt lat="22.2367105764" lon="114.2060945672"><ele>340.000</ele></trkpt>
      <trkpt lat="22.2367200966" lon="114.2060847040"><ele>340.000</ele></trkpt>
      <trkpt lat="22.2367297350" lon="114.2060747235"><ele>340.000</ele></trkpt>
      <trkpt lat="22.2367395442" lon="114.2060645500"><ele>338.000</ele></trkpt>
      <trkpt lat="22.2367493614" lon="114.2060543871"><ele>338.000</ele></trkpt>
      <trkpt lat="22.2367591083" lon="114.2060442902"><ele>337.000</ele></trkpt>
      <trkpt lat="22.2367689806" lon="114.2060340594"><ele>337.000</ele></trkpt>
      <trkpt lat="22.2367787898" lon="114.2060239052"><ele>337.000</ele></trkpt>
      <trkpt lat="22.2367884806" lon="114.2060138587"><ele>336.000</ele></trkpt>
      <trkpt lat="22.2367902392" lon="114.2060120413"><ele>336.000</ele></trkpt>
      <trkpt lat="22.2367950382" lon="114.2060065354"><ele>336.000</ele></trkpt>
      <trkpt lat="22.2367981055" lon="114.2060037647"><ele>336.000</ele></trkpt>
      <trkpt lat="22.2368001703" lon="114.2060019027"><ele>334.000</ele></trkpt>
      <trkpt lat="22.2368057346" lon="114.2059990102"><ele>334.000</ele></trkpt>
      <trkpt lat="22.2368103035" lon="114.2059975426"><ele>334.000</ele></trkpt>
      <trkpt lat="22.2368116753" lon="114.2059970986"><ele>334.000</ele></trkpt>
      <trkpt lat="22.2368233556" lon="114.2059922421"><ele>334.000</ele></trkpt>
      <trkpt lat="22.2368361810" lon="114.2059868989"><ele>334.000</ele></trkpt>
      <trkpt lat="22.2368425770" lon="114.2059842346"><ele>334.000</ele></trkpt>
      <trkpt lat="22.2368486812" lon="114.2059820980"><ele>331.000</ele></trkpt>
      <trkpt lat="22.2368615607" lon="114.2059775900"><ele>331.000</ele></trkpt>
      <trkpt lat="22.2368744411" lon="114.2059730723"><ele>331.000</ele></trkpt>
      <trkpt lat="22.2368873188" lon="114.2059685547"><ele>330.000</ele></trkpt>
      <trkpt lat="22.2368917937" lon="114.2059669871"><ele>327.000</ele></trkpt>
      <trkpt lat="22.2368998029" lon="114.2059630165"><ele>327.000</ele></trkpt>
      <trkpt lat="22.2369039546" lon="114.2059609512"><ele>327.000</ele></trkpt>
      <trkpt lat="22.2369119232" lon="114.2059565169"><ele>327.000</ele></trkpt>
      <trkpt lat="22.2369181866" lon="114.2059530328"><ele>327.000</ele></trkpt>
      <trkpt lat="22.2369240283" lon="114.2059496748"><ele>327.000</ele></trkpt>
      <trkpt lat="22.2369326605" lon="114.2059458528"><ele>327.000</ele></trkpt>
      <trkpt lat="22.2369371905" lon="114.2059446354"><ele>325.000</ele></trkpt>
      <trkpt lat="22.2369397969" lon="114.2059439268"><ele>325.000</ele></trkpt>
      <trkpt lat="22.2369476673" lon="114.2059426470"><ele>325.000</ele></trkpt>
      <trkpt lat="22.2369502936" lon="114.2059421092"><ele>325.000</ele></trkpt>
      <trkpt lat="22.2369635935" lon="114.2059393968"><ele>325.000</ele></trkpt>
      <trkpt lat="22.2369768962" lon="114.2059366932"><ele>325.000</ele></trkpt>
      <trkpt lat="22.2369877262" lon="114.2059344838"><ele>322.000</ele></trkpt>
      <trkpt lat="22.2369902116" lon="114.2059336190"><ele>322.000</ele></trkpt>
      <trkpt lat="22.2370031687" lon="114.2059291217"><ele>322.000</ele></trkpt>
      <trkpt lat="22.2370159389" lon="114.2059247011"><ele>322.000</ele></trkpt>
      <trkpt lat="22.2370289800" lon="114.2059201737"><ele>317.000</ele></trkpt>
      <trkpt lat="22.2370418586" lon="114.2059157142"><ele>317.000</ele></trkpt>
      <trkpt lat="22.2370549548" lon="114.2059111675"><ele>317.000</ele></trkpt>
      <trkpt lat="22.2370603410" lon="114.2059093003"><ele>317.000</ele></trkpt>
      <trkpt lat="22.2370677240" lon="114.2059073172"><ele>317.000</ele></trkpt>
      <trkpt lat="22.2370808652" lon="114.2059037686"><ele>314.000</ele></trkpt>
      <trkpt lat="22.2371042242" lon="114.2058974712"><ele>314.000</ele></trkpt>
      <trkpt lat="22.2371066943" lon="114.2058961175"><ele>314.000</ele></trkpt>
      <trkpt lat="22.2371187487" lon="114.2058895345"><ele>312.000</ele></trkpt>
      <trkpt lat="22.2371308149" lon="114.2058829408"><ele>312.000</ele></trkpt>
      <trkpt lat="22.2371428720" lon="114.2058763568"><ele>312.000</ele></trkpt>
      <trkpt lat="22.2371549283" lon="114.2058697630"><ele>311.000</ele></trkpt>
      <trkpt lat="22.2371599733" lon="114.2058670131"><ele>311.000</ele></trkpt>
      <trkpt lat="22.2371669175" lon="114.2058640889"><ele>308.000</ele></trkpt>
      <trkpt lat="22.2371795253" lon="114.2058587961"><ele>308.000</ele></trkpt>
      <trkpt lat="22.2371924862" lon="114.2058533462"><ele>308.000</ele></trkpt>
      <trkpt lat="22.2372046063" lon="114.2058482464"><ele>308.000</ele></trkpt>
      <trkpt lat="22.2372151278" lon="114.2058438233"><ele>306.000</ele></trkpt>
      <trkpt lat="22.2372171951" lon="114.2058430428"><ele>306.000</ele></trkpt>
      <trkpt lat="22.2372299012" lon="114.2058382535"><ele>306.000</ele></trkpt>
      <trkpt lat="22.2372429153" lon="114.2058333478"><ele>306.000</ele></trkpt>
      <trkpt lat="22.2372556232" lon="114.2058285585"><ele>304.000</ele></trkpt>
      <trkpt lat="22.2372687006" lon="114.2058236237"><ele>302.000</ele></trkpt>
      <trkpt lat="22.2372815954" lon="114.2058187665"><ele>302.000</ele></trkpt>
      <trkpt lat="22.2372942131" lon="114.2058140160"><ele>302.000</ele></trkpt>
      <trkpt lat="22.2373071377" lon="114.2058091394"><ele>300.000</ele></trkpt>
      <trkpt lat="22.2373199712" lon="114.2058043016"><ele>300.000</ele></trkpt>
      <trkpt lat="22.2373328137" lon="114.2057994540"><ele>300.000</ele></trkpt>
      <trkpt lat="22.2373455442" lon="114.2057946560"><ele>298.000</ele></trkpt>
      <trkpt lat="22.2373490781" lon="114.2057933307"><ele>298.000</ele></trkpt>
      <trkpt lat="22.2373578730" lon="114.2057889499"><ele>298.000</ele></trkpt>
      <trkpt lat="22.2373701468" lon="114.2057828412"><ele>298.000</ele></trkpt>
      <trkpt lat="22.2373824305" lon="114.2057767228"><ele>298.000</ele></trkpt>
      <trkpt lat="22.2373930687" lon="114.2057714219"><ele>295.000</ele></trkpt>
      <trkpt lat="22.2373942148" lon="114.2057706791"><ele>295.000</ele></trkpt>
      <trkpt lat="22.2374057682" lon="114.2057630696"><ele>295.000</ele></trkpt>
      <trkpt lat="22.2374119134" lon="114.2057590278"><ele>295.000</ele></trkpt>
      <trkpt lat="22.2374173300" lon="114.2057543776"><ele>295.000</ele></trkpt>
      <trkpt lat="22.2374221739" lon="114.2057502152"><ele>295.000</ele></trkpt>
      <trkpt lat="22.2374283964" lon="114.2057478079"><ele>295.000</ele></trkpt>
      <trkpt lat="22.2374288606" lon="114.2057476285"><ele>295.000</ele></trkpt>
      <trkpt lat="22.2374379719" lon="114.2057464799"><ele>292.000</ele></trkpt>
      <trkpt lat="22.2374410712" lon="114.2057468628"><ele>292.000</ele></trkpt>
      <trkpt lat="22.2374545248" lon="114.2057485243"><ele>292.000</ele></trkpt>
      <trkpt lat="22.2374606465" lon="114.2057492860"><ele>292.000</ele></trkpt>
      <trkpt lat="22.2374676012" lon="114.2057487976"><ele>292.000</ele></trkpt>
      <trkpt lat="22.2374774610" lon="114.2057481080"><ele>290.000</ele></trkpt>
      <trkpt lat="22.2374801080" lon="114.2057472268"><ele>290.000</ele></trkpt>
      <trkpt lat="22.2374930435" lon="114.2057429021"><ele>290.000</ele></trkpt>
      <trkpt lat="22.2375046612" lon="114.2057390098"><ele>290.000</ele></trkpt>
      <trkpt lat="22.2375056863" lon="114.2057383853"><ele>290.000</ele></trkpt>
      <trkpt lat="22.2375172830" lon="114.2057313162"><ele>290.000</ele></trkpt>
      <trkpt lat="22.2375283567" lon="114.2057245661"><ele>286.000</ele></trkpt>
      <trkpt lat="22.2375313841" lon="114.2057227168"><ele>286.000</ele></trkpt>
      <trkpt lat="22.2375397776" lon="114.2057155025"><ele>286.000</ele></trkpt>
      <trkpt lat="22.2375460784" lon="114.2057100784"><ele>286.000</ele></trkpt>
      <trkpt lat="22.2375507398" lon="114.2057064747"><ele>286.000</ele></trkpt>
      <trkpt lat="22.2375552115" lon="114.2057030184"><ele>286.000</ele></trkpt>
      <trkpt lat="22.2375614659" lon="114.2056988554"><ele>286.000</ele></trkpt>
      <trkpt lat="22.2375641601" lon="114.2056970643"><ele>286.000</ele></trkpt>
      <trkpt lat="22.2375741847" lon="114.2056942251"><ele>284.000</ele></trkpt>
      <trkpt lat="22.2375872789" lon="114.2056905125"><ele>284.000</ele></trkpt>
      <trkpt lat="22.2376003750" lon="114.2056868097"><ele>284.000</ele></trkpt>
      <trkpt lat="22.2376134611" lon="114.2056830972"><ele>282.000</ele></trkpt>
      <trkpt lat="22.2376265563" lon="114.2056793943"><ele>281.000</ele></trkpt>
      <trkpt lat="22.2376396424" lon="114.2056756818"><ele>281.000</ele></trkpt>
      <trkpt lat="22.2376527357" lon="114.2056719789"><ele>281.000</ele></trkpt>
      <trkpt lat="22.2376582537" lon="114.2056704173"><ele>279.000</ele></trkpt>
      <trkpt lat="22.2376650545" lon="114.2056667772"><ele>279.000</ele></trkpt>
      <trkpt lat="22.2376726220" lon="114.2056627202"><ele>279.000</ele></trkpt>
      <trkpt lat="22.2376772553" lon="114.2056596568"><ele>279.000</ele></trkpt>
      <trkpt lat="22.2376838900" lon="114.2056552726"><ele>279.000</ele></trkpt>
      <trkpt lat="22.2376876985" lon="114.2056541966"><ele>279.000</ele></trkpt>
      <trkpt lat="22.2376890648" lon="114.2056540087"><ele>279.000</ele></trkpt>
      <trkpt lat="22.2376907292" lon="114.2056537928"><ele>279.000</ele></trkpt>
      <trkpt lat="22.2376948256" lon="114.2056533522"><ele>279.000</ele></trkpt>
      <trkpt lat="22.2377030725" lon="114.2056528932"><ele>276.000</ele></trkpt>
      <trkpt lat="22.2377067390" lon="114.2056526824"><ele>276.000</ele></trkpt>
      <trkpt lat="22.2377165717" lon="114.2056523362"><ele>276.000</ele></trkpt>
      <trkpt lat="22.2377256873" lon="114.2056520092"><ele>276.000</ele></trkpt>
      <trkpt lat="22.2377300329" lon="114.2056519141"><ele>276.000</ele></trkpt>
      <trkpt lat="22.2377411967" lon="114.2056516739"><ele>276.000</ele></trkpt>
      <trkpt lat="22.2377435889" lon="114.2056516055"><ele>276.000</ele></trkpt>
      <trkpt lat="22.2377540537" lon="114.2056513321"><ele>274.000</ele></trkpt>
      <trkpt lat="22.2377569571" lon="114.2056509709"><ele>274.000</ele></trkpt>
      <trkpt lat="22.2377635425" lon="114.2056501380"><ele>274.000</ele></trkpt>
      <trkpt lat="22.2377692692" lon="114.2056481302"><ele>274.000</ele></trkpt>
      <trkpt lat="22.2377821486" lon="114.2056436028"><ele>274.000</ele></trkpt>
      <trkpt lat="22.2377950182" lon="114.2056390851"><ele>272.000</ele></trkpt>
      <trkpt lat="22.2378078967" lon="114.2056345577"><ele>272.000</ele></trkpt>
      <trkpt lat="22.2378207663" lon="114.2056300399"><ele>272.000</ele></trkpt>
      <trkpt lat="22.2378336367" lon="114.2056255125"><ele>272.000</ele></trkpt>
      <trkpt lat="22.2378455760" lon="114.2056213147"><ele>269.000</ele></trkpt>
      <trkpt lat="22.2378466191" lon="114.2056209104"><ele>269.000</ele></trkpt>
      <trkpt lat="22.2378593379" lon="114.2056158640"><ele>269.000</ele></trkpt>
      <trkpt lat="22.2378720450" lon="114.2056108321"><ele>269.000</ele></trkpt>
      <trkpt lat="22.2378847520" lon="114.2056057905"><ele>266.000</ele></trkpt>
      <trkpt lat="22.2378974591" lon="114.2056007586"><ele>266.000</ele></trkpt>
      <trkpt lat="22.2379101671" lon="114.2055957171"><ele>266.000</ele></trkpt>
      <trkpt lat="22.2379228633" lon="114.2055906852"><ele>266.000</ele></trkpt>
      <trkpt lat="22.2379327688" lon="114.2055867624"><ele>264.000</ele></trkpt>
      <trkpt lat="22.2379345075" lon="114.2055856084"><ele>264.000</ele></trkpt>
      <trkpt lat="22.2379460545" lon="114.2055779989"><ele>263.000</ele></trkpt>
      <trkpt lat="22.2379575962" lon="114.2055703972"><ele>263.000</ele></trkpt>
      <trkpt lat="22.2379592156" lon="114.2055693305"><ele>263.000</ele></trkpt>
      <trkpt lat="22.2379689511" lon="114.2055619738"><ele>263.000</ele></trkpt>
      <trkpt lat="22.2379778258" lon="114.2055552775"><ele>260.000</ele></trkpt>
      <trkpt lat="22.2379799609" lon="114.2055537870"><ele>260.000</ele></trkpt>
      <trkpt lat="22.2379911946" lon="114.2055459621"><ele>260.000</ele></trkpt>
      <trkpt lat="22.2379942456" lon="114.2055438383"><ele>260.000</ele></trkpt>
      <trkpt lat="22.2380029413" lon="114.2055382304"><ele>260.000</ele></trkpt>
      <trkpt lat="22.2380130839" lon="114.2055316934"><ele>260.000</ele></trkpt>
      <trkpt lat="22.2380148983" lon="114.2055309614"><ele>260.000</ele></trkpt>
      <trkpt lat="22.2380193851" lon="114.2055291561"><ele>258.000</ele></trkpt>
      <trkpt lat="22.2380261206" lon="114.2055268566"><ele>258.000</ele></trkpt>
      <trkpt lat="22.2380273398" lon="114.2055265183"><ele>258.000</ele></trkpt>
      <trkpt lat="22.2380322482" lon="114.2055251758"><ele>258.000</ele></trkpt>
      <trkpt lat="22.2380384732" lon="114.2055241798"><ele>258.000</ele></trkpt>
      <trkpt lat="22.2380405123" lon="114.2055242782"><ele>258.000</ele></trkpt>
      <trkpt lat="22.2380451342" lon="114.2055245110"><ele>258.000</ele></trkpt>
      <trkpt lat="22.2380514139" lon="114.2055256288"><ele>258.000</ele></trkpt>
      <trkpt lat="22.2380544364" lon="114.2055264433"><ele>258.000</ele></trkpt>
      <trkpt lat="22.2380584368" lon="114.2055275131"><ele>258.000</ele></trkpt>
      <trkpt lat="22.2380635324" lon="114.2055295609"><ele>256.000</ele></trkpt>
      <trkpt lat="22.2380667380" lon="114.2055311572"><ele>256.000</ele></trkpt>
      <trkpt lat="22.2380695210" lon="114.2055325304"><ele>256.000</ele></trkpt>
      <trkpt lat="22.2380759171" lon="114.2055346823"><ele>256.000</ele></trkpt>
      <trkpt lat="22.2380795149" lon="114.2055350235"><ele>256.000</ele></trkpt>
      <trkpt lat="22.2380820714" lon="114.2055352549"><ele>256.000</ele></trkpt>
      <trkpt lat="22.2380880463" lon="114.2055344452"><ele>256.000</ele></trkpt>
      <trkpt lat="22.2380927127" lon="114.2055326089"><ele>256.000</ele></trkpt>
      <trkpt lat="22.2381054279" lon="114.2055276264"><ele>256.000</ele></trkpt>
      <trkpt lat="22.2381181431" lon="114.2055226333"><ele>255.000</ele></trkpt>
      <trkpt lat="22.2381308673" lon="114.2055176509"><ele>255.000</ele></trkpt>
      <trkpt lat="22.2381435581" lon="114.2055126762"><ele>255.000</ele></trkpt>
      <trkpt lat="22.2381564178" lon="114.2055076250"><ele>252.000</ele></trkpt>
      <trkpt lat="22.2381574555" lon="114.2055072197"><ele>252.000</ele></trkpt>
      <trkpt lat="22.2381690136" lon="114.2055036523"><ele>252.000</ele></trkpt>
      <trkpt lat="22.2381823373" lon="114.2054995469"><ele>252.000</ele></trkpt>
      <trkpt lat="22.2381950377" lon="114.2054962524"><ele>252.000</ele></trkpt>
      <trkpt lat="22.2382075241" lon="114.2054930121"><ele>250.000</ele></trkpt>
      <trkpt lat="22.2382087342" lon="114.2054928261"><ele>250.000</ele></trkpt>
      <trkpt lat="22.2382223719" lon="114.2054906705"><ele>250.000</ele></trkpt>
      <trkpt lat="22.2382326427" lon="114.2054892952"><ele>250.000</ele></trkpt>
      <trkpt lat="22.2382354811" lon="114.2054888418"><ele>250.000</ele></trkpt>
      <trkpt lat="22.2382378535" lon="114.2054884581"><ele>250.000</ele></trkpt>
      <trkpt lat="22.2382439756" lon="114.2054873603"><ele>246.000</ele></trkpt>
      <trkpt lat="22.2382484839" lon="114.2054867317"><ele>246.000</ele></trkpt>
      <trkpt lat="22.2382503487" lon="114.2054864730"><ele>246.000</ele></trkpt>
      <trkpt lat="22.2382562463" lon="114.2054837096"><ele>246.000</ele></trkpt>
      <trkpt lat="22.2382590599" lon="114.2054802520"><ele>246.000</ele></trkpt>
      <trkpt lat="22.2382680935" lon="114.2054691363"><ele>246.000</ele></trkpt>
      <trkpt lat="22.2382766745" lon="114.2054585743"><ele>246.000</ele></trkpt>
      <trkpt lat="22.2382857975" lon="114.2054473528"><ele>246.000</ele></trkpt>
      <trkpt lat="22.2382936766" lon="114.2054376560"><ele>241.000</ele></trkpt>
      <trkpt lat="22.2382947307" lon="114.2054367347"><ele>239.000</ele></trkpt>
      <trkpt lat="22.2383052196" lon="114.2054276049"><ele>239.000</ele></trkpt>
      <trkpt lat="22.2383063351" lon="114.2054266380"><ele>239.000</ele></trkpt>
      <trkpt lat="22.2383170267" lon="114.2054205076"><ele>239.000</ele></trkpt>
      <trkpt lat="22.2383198292" lon="114.2054189008"><ele>239.000</ele></trkpt>
      <trkpt lat="22.2383281493" lon="114.2054179111"><ele>239.000</ele></trkpt>
      <trkpt lat="22.2383296746" lon="114.2054181345"><ele>239.000</ele></trkpt>
      <trkpt lat="22.2383363715" lon="114.2054190923"><ele>236.000</ele></trkpt>
      <trkpt lat="22.2383429718" lon="114.2054204216"><ele>236.000</ele></trkpt>
      <trkpt lat="22.2383548910" lon="114.2054228307"><ele>236.000</ele></trkpt>
      <trkpt lat="22.2383560857" lon="114.2054231365"><ele>236.000</ele></trkpt>
      <trkpt lat="22.2383692266" lon="114.2054265615"><ele>236.000</ele></trkpt>
      <trkpt lat="22.2383789477" lon="114.2054290923"><ele>236.000</ele></trkpt>
      <trkpt lat="22.2383820901" lon="114.2054301503"><ele>234.000</ele></trkpt>
      <trkpt lat="22.2383949247" lon="114.2054344473"><ele>234.000</ele></trkpt>
      <trkpt lat="22.2383965357" lon="114.2054349967"><ele>234.000</ele></trkpt>
      <trkpt lat="22.2384087794" lon="114.2054353745"><ele>234.000</ele></trkpt>
      <trkpt lat="22.2384125578" lon="114.2054355005"><ele>234.000</ele></trkpt>
      <trkpt lat="22.2384202738" lon="114.2054346222"><ele>234.000</ele></trkpt>
      <trkpt lat="22.2384217748" lon="114.2054340250"><ele>234.000</ele></trkpt>
      <trkpt lat="22.2384278059" lon="114.2054316040"><ele>230.000</ele></trkpt>
      <trkpt lat="22.2384328786" lon="114.2054258158"><ele>230.000</ele></trkpt>
      <trkpt lat="22.2384423898" lon="114.2054149524"><ele>230.000</ele></trkpt>
      <trkpt lat="22.2384520374" lon="114.2054039337"><ele>230.000</ele></trkpt>
      <trkpt lat="22.2384562267" lon="114.2053991445"><ele>230.000</ele></trkpt>
      <trkpt lat="22.2384615051" lon="114.2053942605"><ele>230.000</ele></trkpt>
      <trkpt lat="22.2384717484" lon="114.2053847552"><ele>227.000</ele></trkpt>
      <trkpt lat="22.2384819999" lon="114.2053752509"><ele>227.000</ele></trkpt>
      <trkpt lat="22.2384922424" lon="114.2053657466"><ele>227.000</ele></trkpt>
      <trkpt lat="22.2385023918" lon="114.2053563364"><ele>227.000</ele></trkpt>
      <trkpt lat="22.2385134677" lon="114.2053474414"><ele>227.000</ele></trkpt>
      <trkpt lat="22.2385248281" lon="114.2053383069"><ele>224.000</ele></trkpt>
      <trkpt lat="22.2385277924" lon="114.2053359319"><ele>224.000</ele></trkpt>
      <trkpt lat="22.2385358559" lon="114.2053308389"><ele>224.000</ele></trkpt>
      <trkpt lat="22.2385475420" lon="114.2053234796"><ele>224.000</ele></trkpt>
      <trkpt lat="22.2385592199" lon="114.2053161097"><ele>224.000</ele></trkpt>
      <trkpt lat="22.2385709060" lon="114.2053087494"><ele>220.000</ele></trkpt>
      <trkpt lat="22.2385825849" lon="114.2053013892"><ele>220.000</ele></trkpt>
      <trkpt lat="22.2385942719" lon="114.2052940193"><ele>220.000</ele></trkpt>
      <trkpt lat="22.2386059498" lon="114.2052866590"><ele>216.000</ele></trkpt>
      <trkpt lat="22.2386172313" lon="114.2052795432"><ele>216.000</ele></trkpt>
      <trkpt lat="22.2386176278" lon="114.2052794433"><ele>216.000</ele></trkpt>
      <trkpt lat="22.2386308041" lon="114.2052761091"><ele>216.000</ele></trkpt>
      <trkpt lat="22.2386439886" lon="114.2052727748"><ele>216.000</ele></trkpt>
      <trkpt lat="22.2386571659" lon="114.2052694405"><ele>214.000</ele></trkpt>
      <trkpt lat="22.2386614990" lon="114.2052683452"><ele>214.000</ele></trkpt>
      <trkpt lat="22.2386707078" lon="114.2052670637"><ele>214.000</ele></trkpt>
      <trkpt lat="22.2386839859" lon="114.2052652059"><ele>214.000</ele></trkpt>
      <trkpt lat="22.2386976043" lon="114.2052644898"><ele>212.000</ele></trkpt>
      <trkpt lat="22.2387017431" lon="114.2052642714"><ele>212.000</ele></trkpt>
      <trkpt lat="22.2387112061" lon="114.2052661280"><ele>212.000</ele></trkpt>
      <trkpt lat="22.2387211675" lon="114.2052680905"><ele>212.000</ele></trkpt>
      <trkpt lat="22.2387247768" lon="114.2052694347"><ele>212.000</ele></trkpt>
      <trkpt lat="22.2387375760" lon="114.2052741925"><ele>212.000</ele></trkpt>
      <trkpt lat="22.2387392719" lon="114.2052748195"><ele>212.000</ele></trkpt>
      <trkpt lat="22.2387497878" lon="114.2052766928"><ele>209.000</ele></trkpt>
      <trkpt lat="22.2387532817" lon="114.2052773056"><ele>209.000</ele></trkpt>
      <trkpt lat="22.2387636171" lon="114.2052781254"><ele>209.000</ele></trkpt>
      <trkpt lat="22.2387686119" lon="114.2052785241"><ele>209.000</ele></trkpt>
      <trkpt lat="22.2387766627" lon="114.2052791573"><ele>209.000</ele></trkpt>
      <trkpt lat="22.2387907937" lon="114.2052802466"><ele>206.000</ele></trkpt>
      <trkpt lat="22.2388037318" lon="114.2052812105"><ele>206.000</ele></trkpt>
      <trkpt lat="22.2388133819" lon="114.2052819196"><ele>206.000</ele></trkpt>
      <trkpt lat="22.2388175306" lon="114.2052819204"><ele>206.000</ele></trkpt>
      <trkpt lat="22.2388241329" lon="114.2052819218"><ele>206.000</ele></trkpt>
      <trkpt lat="22.2388309537" lon="114.2052821647"><ele>204.000</ele></trkpt>
      <trkpt lat="22.2388343646" lon="114.2052822808"><ele>204.000</ele></trkpt>
      <trkpt lat="22.2388436621" lon="114.2052797033"><ele>204.000</ele></trkpt>
      <trkpt lat="22.2388447215" lon="114.2052794164"><ele>204.000</ele></trkpt>
      <trkpt lat="22.2388498097" lon="114.2052777073"><ele>204.000</ele></trkpt>
      <trkpt lat="22.2388559084" lon="114.2052757985"><ele>204.000</ele></trkpt>
      <trkpt lat="22.2388576596" lon="114.2052752479"><ele>204.000</ele></trkpt>
      <trkpt lat="22.2388647647" lon="114.2052714186"><ele>204.000</ele></trkpt>
      <trkpt lat="22.2388689408" lon="114.2052691816"><ele>204.000</ele></trkpt>
      <trkpt lat="22.2388713902" lon="114.2052678715"><ele>204.000</ele></trkpt>
      <trkpt lat="22.2388766359" lon="114.2052640089"><ele>202.000</ele></trkpt>
      <trkpt lat="22.2388813171" lon="114.2052605808"><ele>202.000</ele></trkpt>
      <trkpt lat="22.2388867597" lon="114.2052566095"><ele>202.000</ele></trkpt>
      <trkpt lat="22.2388928919" lon="114.2052541954"><ele>202.000</ele></trkpt>
      <trkpt lat="22.2389056170" lon="114.2052491916"><ele>202.000</ele></trkpt>
      <trkpt lat="22.2389183340" lon="114.2052441790"><ele>202.000</ele></trkpt>
      <trkpt lat="22.2389303448" lon="114.2052394476"><ele>200.000</ele></trkpt>
      <trkpt lat="22.2389430608" lon="114.2052344448"><ele>200.000</ele></trkpt>
      <trkpt lat="22.2389557688" lon="114.2052294419"><ele>200.000</ele></trkpt>
      <trkpt lat="22.2389683855" lon="114.2052244682"><ele>198.000</ele></trkpt>
      <trkpt lat="22.2389727458" lon="114.2052227521"><ele>198.000</ele></trkpt>
      <trkpt lat="22.2389794548" lon="114.2052170932"><ele>198.000</ele></trkpt>
      <trkpt lat="22.2389899970" lon="114.2052081952"><ele>198.000</ele></trkpt>
      <trkpt lat="22.2390036127" lon="114.2052019499"><ele>198.000</ele></trkpt>
      <trkpt lat="22.2390160761" lon="114.2051962389"><ele>196.000</ele></trkpt>
      <trkpt lat="22.2390285313" lon="114.2051905278"><ele>197.000</ele></trkpt>
      <trkpt lat="22.2390412222" lon="114.2051847053"><ele>197.000</ele></trkpt>
      <trkpt lat="22.2390560470" lon="114.2051842552"><ele>197.000</ele></trkpt>
      <trkpt lat="22.2390695841" lon="114.2051838505"><ele>196.000</ele></trkpt>
      <trkpt lat="22.2390830291" lon="114.2051834487"><ele>196.000</ele></trkpt>
      <trkpt lat="22.2390963466" lon="114.2051837405"><ele>196.000</ele></trkpt>
      <trkpt lat="22.2391098835" lon="114.2051840439"><ele>194.000</ele></trkpt>
      <trkpt lat="22.2391233392" lon="114.2051843377"><ele>194.000</ele></trkpt>
      <trkpt lat="22.2391365880" lon="114.2051846313"><ele>194.000</ele></trkpt>
      <trkpt lat="22.2391501250" lon="114.2051849251"><ele>194.000</ele></trkpt>
      <trkpt lat="22.2391602492" lon="114.2051851473"><ele>194.000</ele></trkpt>
      <trkpt lat="22.2391634479" lon="114.2051854108"><ele>194.000</ele></trkpt>
      <trkpt lat="22.2391769494" lon="114.2051865194"><ele>194.000</ele></trkpt>
      <trkpt lat="22.2391904068" lon="114.2051876231"><ele>194.000</ele></trkpt>
      <trkpt lat="22.2392037779" lon="114.2051908037"><ele>192.000</ele></trkpt>
      <trkpt lat="22.2392059606" lon="114.2051913337"><ele>192.000</ele></trkpt>
      <trkpt lat="22.2392178902" lon="114.2051906862"><ele>192.000</ele></trkpt>
      <trkpt lat="22.2392297792" lon="114.2051900387"><ele>192.000</ele></trkpt>
      <trkpt lat="22.2392320396" lon="114.2051899092"><ele>192.000</ele></trkpt>
      <trkpt lat="22.2392414974" lon="114.2051851811"><ele>190.000</ele></trkpt>
      <trkpt lat="22.2392537621" lon="114.2051790432"><ele>190.000</ele></trkpt>
      <trkpt lat="22.2392660268" lon="114.2051729150"><ele>190.000</ele></trkpt>
      <trkpt lat="22.2392782925" lon="114.2051667771"><ele>190.000</ele></trkpt>
      <trkpt lat="22.2392905563" lon="114.2051606392"><ele>187.000</ele></trkpt>
      <trkpt lat="22.2393028211" lon="114.2051545110"><ele>187.000</ele></trkpt>
      <trkpt lat="22.2393137916" lon="114.2051490150"><ele>187.000</ele></trkpt>
      <trkpt lat="22.2393154109" lon="114.2051483489"><ele>187.000</ele></trkpt>
      <trkpt lat="22.2393280566" lon="114.2051431316"><ele>184.000</ele></trkpt>
      <trkpt lat="22.2393407004" lon="114.2051379056"><ele>184.000</ele></trkpt>
      <trkpt lat="22.2393533443" lon="114.2051326893"><ele>184.000</ele></trkpt>
      <trkpt lat="22.2393659900" lon="114.2051274623"><ele>184.000</ele></trkpt>
      <trkpt lat="22.2393786302" lon="114.2051222383"><ele>182.000</ele></trkpt>
      <trkpt lat="22.2393817496" lon="114.2051209555"><ele>182.000</ele></trkpt>
      <trkpt lat="22.2393916339" lon="114.2051198119"><ele>182.000</ele></trkpt>
      <trkpt lat="22.2394051080" lon="114.2051182528"><ele>182.000</ele></trkpt>
      <trkpt lat="22.2394185712" lon="114.2051166937"><ele>180.000</ele></trkpt>
      <trkpt lat="22.2394320362" lon="114.2051151444"><ele>180.000</ele></trkpt>
      <trkpt lat="22.2394455030" lon="114.2051135853"><ele>180.000</ele></trkpt>
      <trkpt lat="22.2394589753" lon="114.2051120262"><ele>180.000</ele></trkpt>
      <trkpt lat="22.2394724412" lon="114.2051104769"><ele>178.000</ele></trkpt>
      <trkpt lat="22.2394905562" lon="114.2051083784"><ele>178.000</ele></trkpt>
      <trkpt lat="22.2394986471" lon="114.2051067746"><ele>178.000</ele></trkpt>
      <trkpt lat="22.2394997272" lon="114.2051064470"><ele>178.000</ele></trkpt>
      <trkpt lat="22.2395059000" lon="114.2051045149"><ele>178.000</ele></trkpt>
      <trkpt lat="22.2395115102" lon="114.2051024353"><ele>176.000</ele></trkpt>
      <trkpt lat="22.2395128441" lon="114.2051019379"><ele>176.000</ele></trkpt>
      <trkpt lat="22.2395193297" lon="114.2050983015"><ele>176.000</ele></trkpt>
      <trkpt lat="22.2395234572" lon="114.2050955300"><ele>176.000</ele></trkpt>
      <trkpt lat="22.2395324176" lon="114.2050895078"><ele>176.000</ele></trkpt>
      <trkpt lat="22.2395346756" lon="114.2050877738"><ele>176.000</ele></trkpt>
      <trkpt lat="22.2395372162" lon="114.2050858138"><ele>176.000</ele></trkpt>
      <trkpt lat="22.2395424556" lon="114.2050822490"><ele>176.000</ele></trkpt>
      <trkpt lat="22.2395461531" lon="114.2050802776"><ele>176.000</ele></trkpt>
      <trkpt lat="22.2395476487" lon="114.2050794796"><ele>176.000</ele></trkpt>
      <trkpt lat="22.2395528580" lon="114.2050771807"><ele>176.000</ele></trkpt>
      <trkpt lat="22.2395585332" lon="114.2050750409"><ele>175.000</ele></trkpt>
      <trkpt lat="22.2395636846" lon="114.2050734986"><ele>175.000</ele></trkpt>
      <trkpt lat="22.2395711749" lon="114.2050721779"><ele>175.000</ele></trkpt>
      <trkpt lat="22.2395845407" lon="114.2050698147"><ele>175.000</ele></trkpt>
      <trkpt lat="22.2395978957" lon="114.2050674601"><ele>175.000</ele></trkpt>
      <trkpt lat="22.2396113726" lon="114.2050650862"><ele>174.000</ele></trkpt>
      <trkpt lat="22.2396243692" lon="114.2050619381"><ele>174.000</ele></trkpt>
      <trkpt lat="22.2396382942" lon="114.2050585758"><ele>174.000</ele></trkpt>
      <trkpt lat="22.2396514976" lon="114.2050553870"><ele>172.000</ele></trkpt>
      <trkpt lat="22.2396576450" lon="114.2050539021"><ele>172.000</ele></trkpt>
      <trkpt lat="22.2396647923" lon="114.2050517927"><ele>172.000</ele></trkpt>
      <trkpt lat="22.2396778612" lon="114.2050479443"><ele>172.000</ele></trkpt>
      <trkpt lat="22.2396909212" lon="114.2050440851"><ele>170.000</ele></trkpt>
      <trkpt lat="22.2397039965" lon="114.2050402279"><ele>170.000</ele></trkpt>
      <trkpt lat="22.2397170374" lon="114.2050363891"><ele>170.000</ele></trkpt>
      <trkpt lat="22.2397264831" lon="114.2050336041"><ele>170.000</ele></trkpt>
      <trkpt lat="22.2397300858" lon="114.2050318122"><ele>170.000</ele></trkpt>
      <trkpt lat="22.2397424065" lon="114.2050256830"><ele>169.000</ele></trkpt>
      <trkpt lat="22.2397469936" lon="114.2050233936"><ele>169.000</ele></trkpt>
      <trkpt lat="22.2397527741" lon="114.2050180217"><ele>169.000</ele></trkpt>
      <trkpt lat="22.2397629994" lon="114.2050084969"><ele>169.000</ele></trkpt>
      <trkpt lat="22.2397732229" lon="114.2049989837"><ele>168.000</ele></trkpt>
      <trkpt lat="22.2397834563" lon="114.2049894599"><ele>167.000</ele></trkpt>
      <trkpt lat="22.2397911923" lon="114.2049822647"><ele>167.000</ele></trkpt>
      <trkpt lat="22.2397931965" lon="114.2049807964"><ele>167.000</ele></trkpt>
      <trkpt lat="22.2398043788" lon="114.2049726017"><ele>167.000</ele></trkpt>
      <trkpt lat="22.2398155593" lon="114.2049644080"><ele>167.000</ele></trkpt>
      <trkpt lat="22.2398210570" lon="114.2049603825"><ele>167.000</ele></trkpt>
      <trkpt lat="22.2398270132" lon="114.2049573057"><ele>166.000</ele></trkpt>
      <trkpt lat="22.2398392130" lon="114.2049509941"><ele>164.000</ele></trkpt>
      <trkpt lat="22.2398416461" lon="114.2049497413"><ele>164.000</ele></trkpt>
      <trkpt lat="22.2398519706" lon="114.2049461920"><ele>164.000</ele></trkpt>
      <trkpt lat="22.2398648581" lon="114.2049417712"><ele>164.000</ele></trkpt>
      <trkpt lat="22.2398779019" lon="114.2049372863"><ele>164.000</ele></trkpt>
      <trkpt lat="22.2398887666" lon="114.2049324188"><ele>164.000</ele></trkpt>
      <trkpt lat="22.2399012309" lon="114.2049268135"><ele>164.000</ele></trkpt>
      <trkpt lat="22.2399124813" lon="114.2049217618"><ele>164.000</ele></trkpt>
      <trkpt lat="22.2399139561" lon="114.2049209327"><ele>164.000</ele></trkpt>
      <trkpt lat="22.2399259500" lon="114.2049141835"><ele>162.000</ele></trkpt>
      <trkpt lat="22.2399379521" lon="114.2049074344"><ele>162.000</ele></trkpt>
      <trkpt lat="22.2399453525" lon="114.2049032724"><ele>161.000</ele></trkpt>
      <trkpt lat="22.2399481931" lon="114.2049006616"><ele>161.000</ele></trkpt>
      <trkpt lat="22.2399584635" lon="114.2048912047"><ele>161.000</ele></trkpt>
      <trkpt lat="22.2399687340" lon="114.2048817478"><ele>160.000</ele></trkpt>
      <trkpt lat="22.2399743474" lon="114.2048765776"><ele>160.000</ele></trkpt>
      <trkpt lat="22.2399789259" lon="114.2048718282"><ele>160.000</ele></trkpt>
      <trkpt lat="22.2399886708" lon="114.2048617232"><ele>160.000</ele></trkpt>
      <trkpt lat="22.2399987057" lon="114.2048513262"><ele>158.000</ele></trkpt>
      <trkpt lat="22.2400054420" lon="114.2048443432"><ele>157.000</ele></trkpt>
      <trkpt lat="22.2400095667" lon="114.2048418248"><ele>157.000</ele></trkpt>
      <trkpt lat="22.2400213368" lon="114.2048346284"><ele>157.000</ele></trkpt>
      <trkpt lat="22.2400331050" lon="114.2048274330"><ele>157.000</ele></trkpt>
      <trkpt lat="22.2400400413" lon="114.2048231875"><ele>157.000</ele></trkpt>
      <trkpt lat="22.2400428062" lon="114.2048192846"><ele>157.000</ele></trkpt>
      <trkpt lat="22.2400484572" lon="114.2048113255"><ele>157.000</ele></trkpt>
      <trkpt lat="22.2400493915" lon="114.2048081449"><ele>157.000</ele></trkpt>
      <trkpt lat="22.2400534315" lon="114.2047942691"><ele>154.000</ele></trkpt>
      <trkpt lat="22.2400574706" lon="114.2047803992"><ele>154.000</ele></trkpt>
      <trkpt lat="22.2400655759" lon="114.2047525895"><ele>154.000</ele></trkpt>
      <trkpt lat="22.2400675006" lon="114.2047459858"><ele>154.000</ele></trkpt>
      <trkpt lat="22.2400707184" lon="114.2047395365"><ele>154.000</ele></trkpt>
      <trkpt lat="22.2400770828" lon="114.2047267661"><ele>154.000</ele></trkpt>
      <trkpt lat="22.2400887381" lon="114.2047091261"><ele>152.000</ele></trkpt>
      <trkpt lat="22.2400932182" lon="114.2047038849"><ele>152.000</ele></trkpt>
      <trkpt lat="22.2401023591" lon="114.2046931938"><ele>152.000</ele></trkpt>
      <trkpt lat="22.2401127975" lon="114.2046837098"><ele>152.000</ele></trkpt>
      <trkpt lat="22.2401177353" lon="114.2046792214"><ele>152.000</ele></trkpt>
      <trkpt lat="22.2401236285" lon="114.2046751056"><ele>152.000</ele></trkpt>
      <trkpt lat="22.2401347728" lon="114.2046673309"><ele>152.000</ele></trkpt>
      <trkpt lat="22.2401467299" lon="114.2046595060"><ele>150.000</ele></trkpt>
      <trkpt lat="22.2401509043" lon="114.2046567703"><ele>150.000</ele></trkpt>
      <trkpt lat="22.2401581380" lon="114.2046508854"><ele>150.000</ele></trkpt>
      <trkpt lat="22.2401690847" lon="114.2046419826"><ele>150.000</ele></trkpt>
      <trkpt lat="22.2402017203" lon="114.2046231496"><ele>150.000</ele></trkpt>
      <trkpt lat="22.2402052164" lon="114.2046211326"><ele>150.000</ele></trkpt>
      <trkpt lat="22.2402123783" lon="114.2046176690"><ele>150.000</ele></trkpt>
      <trkpt lat="22.2402195908" lon="114.2046141686"><ele>150.000</ele></trkpt>
      <trkpt lat="22.2402242600" lon="114.2046126436"><ele>152.000</ele></trkpt>
      <trkpt lat="22.2402268050" lon="114.2046118001"><ele>152.000</ele></trkpt>
      <trkpt lat="22.2402372099" lon="114.2046075970"><ele>152.000</ele></trkpt>
      <trkpt lat="22.2402412081" lon="114.2046059769"><ele>152.000</ele></trkpt>
      <trkpt lat="22.2402505724" lon="114.2046036719"><ele>152.000</ele></trkpt>
      <trkpt lat="22.2402528663" lon="114.2046031001"><ele>152.000</ele></trkpt>
      <trkpt lat="22.2402636909" lon="114.2046004355"><ele>152.000</ele></trkpt>
      <trkpt lat="22.2402680628" lon="114.2045993567"><ele>152.000</ele></trkpt>
      <trkpt lat="22.2402768699" lon="114.2045973291"><ele>152.000</ele></trkpt>
      <trkpt lat="22.2402788739" lon="114.2045968765"><ele>152.000</ele></trkpt>
      <trkpt lat="22.2402832395" lon="114.2045961343"><ele>152.000</ele></trkpt>
      <trkpt lat="22.2402901031" lon="114.2045941926"><ele>152.000</ele></trkpt>
      <trkpt lat="22.2402995370" lon="114.2045915404"><ele>152.000</ele></trkpt>
      <trkpt lat="22.2403035802" lon="114.2045904286"><ele>152.000</ele></trkpt>
      <trkpt lat="22.2403121670" lon="114.2045880789"><ele>152.000</ele></trkpt>
      <trkpt lat="22.2403152955" lon="114.2045864488"><ele>152.000</ele></trkpt>
      <trkpt lat="22.2403193985" lon="114.2045843330"><ele>152.000</ele></trkpt>
      <trkpt lat="22.2403287274" lon="114.2045778326"><ele>152.000</ele></trkpt>
      <trkpt lat="22.2403336524" lon="114.2045744238"><ele>152.000</ele></trkpt>
      <trkpt lat="22.2403390788" lon="114.2045698220"><ele>152.000</ele></trkpt>
      <trkpt lat="22.2403458384" lon="114.2045640835"><ele>152.000</ele></trkpt>
      <trkpt lat="22.2403511562" lon="114.2045608717"><ele>152.000</ele></trkpt>
      <trkpt lat="22.2403549576" lon="114.2045585647"><ele>152.000</ele></trkpt>
      <trkpt lat="22.2403633830" lon="114.2045548948"><ele>152.000</ele></trkpt>
      <trkpt lat="22.2403767988" lon="114.2045505700"><ele>152.000</ele></trkpt>
      <trkpt lat="22.2403872860" lon="114.2045457703"><ele>152.000</ele></trkpt>
      <trkpt lat="22.2403904913" lon="114.2045443071"><ele>152.000</ele></trkpt>
      <trkpt lat="22.2403974187" lon="114.2045386434"><ele>152.000</ele></trkpt>
      <trkpt lat="22.2404054933" lon="114.2045320583"><ele>152.000</ele></trkpt>
      <trkpt lat="22.2404175507" lon="114.2045237473"><ele>152.000</ele></trkpt>
      <trkpt lat="22.2404219762" lon="114.2045206926"><ele>152.000</ele></trkpt>
      <trkpt lat="22.2404304476" lon="114.2045169595"><ele>152.000</ele></trkpt>
      <trkpt lat="22.2404422968" lon="114.2045117333"><ele>151.000</ele></trkpt>
      <trkpt lat="22.2404436966" lon="114.2045112679"><ele>151.000</ele></trkpt>
      <trkpt lat="22.2404536580" lon="114.2045079523"><ele>151.000</ele></trkpt>
      <trkpt lat="22.2404565571" lon="114.2045067209"><ele>150.000</ele></trkpt>
      <trkpt lat="22.2404637912" lon="114.2045036570"><ele>150.000</ele></trkpt>
      <trkpt lat="22.2404684877" lon="114.2045004761"><ele>150.000</ele></trkpt>
      <trkpt lat="22.2404745751" lon="114.2044963546"><ele>150.000</ele></trkpt>
      <trkpt lat="22.2404796329" lon="114.2044922523"><ele>150.000</ele></trkpt>
      <trkpt lat="22.2404849166" lon="114.2044879657"><ele>150.000</ele></trkpt>
      <trkpt lat="22.2404924219" lon="114.2044833982"><ele>150.000</ele></trkpt>
      <trkpt lat="22.2405019773" lon="114.2044775991"><ele>148.000</ele></trkpt>
      <trkpt lat="22.2405042623" lon="114.2044763579"><ele>148.000</ele></trkpt>
      <trkpt lat="22.2405052188" lon="114.2044758343"><ele>148.000</ele></trkpt>
      <trkpt lat="22.2405162561" lon="114.2044703945"><ele>148.000</ele></trkpt>
      <trkpt lat="22.2405191913" lon="114.2044689400"><ele>148.000</ele></trkpt>
      <trkpt lat="22.2405291257" lon="114.2044647901"><ele>148.000</ele></trkpt>
      <trkpt lat="22.2405353122" lon="114.2044622013"><ele>148.000</ele></trkpt>
      <trkpt lat="22.2405416252" lon="114.2044592438"><ele>148.000</ele></trkpt>
      <trkpt lat="22.2405450300" lon="114.2044576439"><ele>148.000</ele></trkpt>
      <trkpt lat="22.2405538177" lon="114.2044528730"><ele>145.000</ele></trkpt>
      <trkpt lat="22.2405658928" lon="114.2044463081"><ele>145.000</ele></trkpt>
      <trkpt lat="22.2405782922" lon="114.2044395686"><ele>145.000</ele></trkpt>
      <trkpt lat="22.2405903772" lon="114.2044330135"><ele>145.000</ele></trkpt>
      <trkpt lat="22.2406024524" lon="114.2044264486"><ele>144.000</ele></trkpt>
      <trkpt lat="22.2406145275" lon="114.2044198934"><ele>144.000</ele></trkpt>
      <trkpt lat="22.2406266026" lon="114.2044133285"><ele>144.000</ele></trkpt>
      <trkpt lat="22.2406386778" lon="114.2044067636"><ele>143.000</ele></trkpt>
      <trkpt lat="22.2406504549" lon="114.2044003732"><ele>143.000</ele></trkpt>
      <trkpt lat="22.2406625300" lon="114.2043938083"><ele>143.000</ele></trkpt>
      <trkpt lat="22.2406746051" lon="114.2043872531"><ele>143.000</ele></trkpt>
      <trkpt lat="22.2406866803" lon="114.2043806882"><ele>144.000</ele></trkpt>
      <trkpt lat="22.2406987464" lon="114.2043741330"><ele>144.000</ele></trkpt>
      <trkpt lat="22.2407141514" lon="114.2043657567"><ele>142.000</ele></trkpt>
      <trkpt lat="22.2407149570" lon="114.2043653145"><ele>142.000</ele></trkpt>
      <trkpt lat="22.2407166324" lon="114.2043643962"><ele>142.000</ele></trkpt>
      <trkpt lat="22.2407310682" lon="114.2043571537"><ele>143.000</ele></trkpt>
      <trkpt lat="22.2407473790" lon="114.2043489696"><ele>143.000</ele></trkpt>
      <trkpt lat="22.2407588779" lon="114.2043432020"><ele>143.000</ele></trkpt>
      <trkpt lat="22.2407636455" lon="114.2043410300"><ele>143.000</ele></trkpt>
      <trkpt lat="22.2407802642" lon="114.2043334852"><ele>142.000</ele></trkpt>
      <trkpt lat="22.2407828751" lon="114.2043322955"><ele>142.000</ele></trkpt>
      <trkpt lat="22.2408058561" lon="114.2043233347"><ele>142.000</ele></trkpt>
      <trkpt lat="22.2408281762" lon="114.2043134989"><ele>141.000</ele></trkpt>
      <trkpt lat="22.2408307257" lon="114.2043127185"><ele>141.000</ele></trkpt>
      <trkpt lat="22.2408480709" lon="114.2043074457"><ele>141.000</ele></trkpt>
      <trkpt lat="22.2408654288" lon="114.2043021720"><ele>140.000</ele></trkpt>
      <trkpt lat="22.2408827776" lon="114.2042968983"><ele>140.000</ele></trkpt>
      <trkpt lat="22.2408950302" lon="114.2042931689"><ele>140.000</ele></trkpt>
      <trkpt lat="22.2408998888" lon="114.2042923045"><ele>140.000</ele></trkpt>
      <trkpt lat="22.2409162836" lon="114.2042893859"><ele>139.000</ele></trkpt>
      <trkpt lat="22.2409533365" lon="114.2042895280"><ele>136.000</ele></trkpt>
      <trkpt lat="22.2409828619" lon="114.2042864344"><ele>136.000</ele></trkpt>
      <trkpt lat="22.2409868147" lon="114.2042860200"><ele>136.000</ele></trkpt>
      <trkpt lat="22.2410079974" lon="114.2042250396"><ele>140.000</ele></trkpt>
      <trkpt lat="22.2410089707" lon="114.2042209520"><ele>140.000</ele></trkpt>
      <trkpt lat="22.2410122954" lon="114.2042069877"><ele>140.000</ele></trkpt>
      <trkpt lat="22.2410124491" lon="114.2042063475"><ele>140.000</ele></trkpt>
      <trkpt lat="22.2410158027" lon="114.2041922494"><ele>140.000</ele></trkpt>
      <trkpt lat="22.2410191645" lon="114.2041781454"><ele>140.000</ele></trkpt>
      <trkpt lat="22.2410258700" lon="114.2041499569"><ele>141.000</ele></trkpt>
      <trkpt lat="22.2410277533" lon="114.2041420561"><ele>141.000</ele></trkpt>
      <trkpt lat="22.2410290287" lon="114.2041356084"><ele>141.000</ele></trkpt>
      <trkpt lat="22.2410318486" lon="114.2041213588"><ele>142.000</ele></trkpt>
      <trkpt lat="22.2410346686" lon="114.2041071190"><ele>142.000</ele></trkpt>
      <trkpt lat="22.2410357948" lon="114.2041014201"><ele>142.000</ele></trkpt>
      <trkpt lat="22.2410371534" lon="114.2040933058"><ele>142.000</ele></trkpt>
      <trkpt lat="22.2410372619" lon="114.2040926569"><ele>142.000</ele></trkpt>
      <trkpt lat="22.2410395580" lon="114.2040789883"><ele>144.000</ele></trkpt>
      <trkpt lat="22.2410402459" lon="114.2040748482"><ele>144.000</ele></trkpt>
      <trkpt lat="22.2410419282" lon="114.2040646503"><ele>144.000</ele></trkpt>
      <trkpt lat="22.2410432508" lon="114.2040566224"><ele>144.000</ele></trkpt>
      <trkpt lat="22.2410442570" lon="114.2040502823"><ele>144.000</ele></trkpt>
      <trkpt lat="22.2410450887" lon="114.2040450219"><ele>144.000</ele></trkpt>
      <trkpt lat="22.2410452499" lon="114.2040364437"><ele>144.000</ele></trkpt>
      <trkpt lat="22.2410452845" lon="114.2040347131"><ele>144.000</ele></trkpt>
      <trkpt lat="22.2410436936" lon="114.2040225085"><ele>146.000</ele></trkpt>
      <trkpt lat="22.2410432940" lon="114.2040194178"><ele>146.000</ele></trkpt>
      <trkpt lat="22.2410402651" lon="114.2040089280"><ele>146.000</ele></trkpt>
      <trkpt lat="22.2410378363" lon="114.2040005065"><ele>146.000</ele></trkpt>
      <trkpt lat="22.2410367562" lon="114.2039952738"><ele>146.000</ele></trkpt>
      <trkpt lat="22.2410339680" lon="114.2039817109"><ele>148.000</ele></trkpt>
      <trkpt lat="22.2410337695" lon="114.2039808990"><ele>148.000</ele></trkpt>
      <trkpt lat="22.2410336811" lon="114.2039804993"><ele>148.000</ele></trkpt>
      <trkpt lat="22.2410309692" lon="114.2039692219"><ele>148.000</ele></trkpt>
      <trkpt lat="22.2410305470" lon="114.2039666734"><ele>148.000</ele></trkpt>
      <trkpt lat="22.2410281752" lon="114.2039523026"><ele>148.000</ele></trkpt>
      <trkpt lat="22.2410281103" lon="114.2039519019"><ele>148.000</ele></trkpt>
      <trkpt lat="22.2410280535" lon="114.2039513422"><ele>148.000</ele></trkpt>
      <trkpt lat="22.2410265740" lon="114.2039368764"><ele>148.000</ele></trkpt>
      <trkpt lat="22.2410260862" lon="114.2039321231"><ele>149.000</ele></trkpt>
      <trkpt lat="22.2410264011" lon="114.2039229483"><ele>149.000</ele></trkpt>
      <trkpt lat="22.2410264465" lon="114.2039216106"><ele>149.000</ele></trkpt>
      <trkpt lat="22.2410267922" lon="114.2039115774"><ele>149.000</ele></trkpt>
      <trkpt lat="22.2410273266" lon="114.2039075974"><ele>149.000</ele></trkpt>
      <trkpt lat="22.2410274622" lon="114.2039066283"><ele>149.000</ele></trkpt>
      <trkpt lat="22.2410294080" lon="114.2038922136"><ele>149.000</ele></trkpt>
      <trkpt lat="22.2410301214" lon="114.2038869561"><ele>149.000</ele></trkpt>
      <trkpt lat="22.2410309680" lon="114.2038842110"><ele>150.000</ele></trkpt>
      <trkpt lat="22.2410324058" lon="114.2038785617"><ele>150.000</ele></trkpt>
      <trkpt lat="22.2410326769" lon="114.2038775150"><ele>150.000</ele></trkpt>
      <trkpt lat="22.2410362571" lon="114.2038634703"><ele>150.000</ele></trkpt>
      <trkpt lat="22.2410370234" lon="114.2038604642"><ele>150.000</ele></trkpt>
      <trkpt lat="22.2410405571" lon="114.2038500562"><ele>150.000</ele></trkpt>
      <trkpt lat="22.2410407920" lon="114.2038493655"><ele>150.000</ele></trkpt>
      <trkpt lat="22.2410439109" lon="114.2038401535"><ele>150.000</ele></trkpt>
      <trkpt lat="22.2410479742" lon="114.2038266579"><ele>152.000</ele></trkpt>
      <trkpt lat="22.2410493639" lon="114.2038220358"><ele>152.000</ele></trkpt>
      <trkpt lat="22.2410494841" lon="114.2038216401"><ele>152.000</ele></trkpt>
      <trkpt lat="22.2410520357" lon="114.2038134223"><ele>152.000</ele></trkpt>
      <trkpt lat="22.2410537706" lon="114.2038078545"><ele>152.000</ele></trkpt>
      <trkpt lat="22.2410555262" lon="114.2038022013"><ele>152.000</ele></trkpt>
      <trkpt lat="22.2410585003" lon="114.2037946112"><ele>152.000</ele></trkpt>
      <trkpt lat="22.2410586638" lon="114.2037942019"><ele>152.000</ele></trkpt>
      <trkpt lat="22.2410604933" lon="114.2037895236"><ele>152.000</ele></trkpt>
      <trkpt lat="22.2410630609" lon="114.2037829830"><ele>152.000</ele></trkpt>
      <trkpt lat="22.2410639309" lon="114.2037810974"><ele>152.000</ele></trkpt>
      <trkpt lat="22.2410664315" lon="114.2037756995"><ele>152.000</ele></trkpt>
      <trkpt lat="22.2410699818" lon="114.2037680465"><ele>152.000</ele></trkpt>
      <trkpt lat="22.2410724246" lon="114.2037627708"><ele>152.000</ele></trkpt>
      <trkpt lat="22.2410730506" lon="114.2037614080"><ele>152.000</ele></trkpt>
      <trkpt lat="22.2410761609" lon="114.2037552361"><ele>152.000</ele></trkpt>
      <trkpt lat="22.2410768122" lon="114.2037539528"><ele>152.000</ele></trkpt>
      <trkpt lat="22.2410788304" lon="114.2037499411"><ele>152.000</ele></trkpt>
      <trkpt lat="22.2410808512" lon="114.2037459313"><ele>152.000</ele></trkpt>
      <trkpt lat="22.2410856420" lon="114.2037401157"><ele>152.000</ele></trkpt>
      <trkpt lat="22.2410866898" lon="114.2037388442"><ele>154.000</ele></trkpt>
      <trkpt lat="22.2410943864" lon="114.2037294953"><ele>155.000</ele></trkpt>
      <trkpt lat="22.2410960591" lon="114.2037279939"><ele>155.000</ele></trkpt>
      <trkpt lat="22.2411064468" lon="114.2037186640"><ele>155.000</ele></trkpt>
      <trkpt lat="22.2411086019" lon="114.2037167291"><ele>155.000</ele></trkpt>
      <trkpt lat="22.2411180813" lon="114.2037119932"><ele>155.000</ele></trkpt>
      <trkpt lat="22.2411303640" lon="114.2037058657"><ele>155.000</ele></trkpt>
      <trkpt lat="22.2411426449" lon="114.2036997373"><ele>156.000</ele></trkpt>
      <trkpt lat="22.2411549286" lon="114.2036936186"><ele>156.000</ele></trkpt>
      <trkpt lat="22.2411628166" lon="114.2036896817"><ele>158.000</ele></trkpt>
      <trkpt lat="22.2411673613" lon="114.2036868645"><ele>158.000</ele></trkpt>
      <trkpt lat="22.2411789489" lon="114.2036796980"><ele>158.000</ele></trkpt>
      <trkpt lat="22.2411906276" lon="114.2036724626"><ele>158.000</ele></trkpt>
      <trkpt lat="22.2412004694" lon="114.2036663648"><ele>158.000</ele></trkpt>
      <trkpt lat="22.2412019056" lon="114.2036645753"><ele>158.000</ele></trkpt>
      <trkpt lat="22.2412101468" lon="114.2036543369"><ele>158.000</ele></trkpt>
      <trkpt lat="22.2412159640" lon="114.2036403004"><ele>160.000</ele></trkpt>
      <trkpt lat="22.2412170969" lon="114.2036375679"><ele>160.000</ele></trkpt>
      <trkpt lat="22.2412234407" lon="114.2036281974"><ele>160.000</ele></trkpt>
      <trkpt lat="22.2412269509" lon="114.2036230092"><ele>162.000</ele></trkpt>
      <trkpt lat="22.2412323414" lon="114.2036170716"><ele>162.000</ele></trkpt>
      <trkpt lat="22.2412387272" lon="114.2036100282"><ele>162.000</ele></trkpt>
      <trkpt lat="22.2412414862" lon="114.2036094389"><ele>162.000</ele></trkpt>
      <trkpt lat="22.2412550589" lon="114.2036065411"><ele>162.000</ele></trkpt>
      <trkpt lat="22.2412684627" lon="114.2036036819"><ele>162.000</ele></trkpt>
      <trkpt lat="22.2412773167" lon="114.2036017833"><ele>164.000</ele></trkpt>
      <trkpt lat="22.2412814248" lon="114.2036013019"><ele>164.000</ele></trkpt>
      <trkpt lat="22.2412948907" lon="114.2035997233"><ele>164.000</ele></trkpt>
      <trkpt lat="22.2413083467" lon="114.2035981350"><ele>164.000</ele></trkpt>
      <trkpt lat="22.2413178679" lon="114.2035970212"><ele>165.000</ele></trkpt>
      <trkpt lat="22.2413214644" lon="114.2035943862"><ele>166.000</ele></trkpt>
      <trkpt lat="22.2413302658" lon="114.2035879448"><ele>166.000</ele></trkpt>
      <trkpt lat="22.2413321093" lon="114.2035860564"><ele>166.000</ele></trkpt>
      <trkpt lat="22.2413400721" lon="114.2035778454"><ele>166.000</ele></trkpt>
      <trkpt lat="22.2413432225" lon="114.2035748194"><ele>166.000</ele></trkpt>
      <trkpt lat="22.2413448140" lon="114.2035732909"><ele>166.000</ele></trkpt>
      <trkpt lat="22.2413496877" lon="114.2035688083"><ele>166.000</ele></trkpt>
      <trkpt lat="22.2413545929" lon="114.2035646583"><ele>166.000</ele></trkpt>
      <trkpt lat="22.2413597419" lon="114.2035611409"><ele>168.000</ele></trkpt>
      <trkpt lat="22.2413651878" lon="114.2035582715"><ele>168.000</ele></trkpt>
      <trkpt lat="22.2413685872" lon="114.2035569829"><ele>168.000</ele></trkpt>
      <trkpt lat="22.2413709669" lon="114.2035560677"><ele>168.000</ele></trkpt>
      <trkpt lat="22.2413773158" lon="114.2035542694"><ele>168.000</ele></trkpt>
      <trkpt lat="22.2413825792" lon="114.2035521925"><ele>168.000</ele></trkpt>
      <trkpt lat="22.2413875719" lon="114.2035489137"><ele>168.000</ele></trkpt>
      <trkpt lat="22.2413950226" lon="114.2035411062"><ele>170.000</ele></trkpt>
      <trkpt lat="22.2414066480" lon="114.2035289147"><ele>171.000</ele></trkpt>
      <trkpt lat="22.2414182806" lon="114.2035167136"><ele>171.000</ele></trkpt>
      <trkpt lat="22.2414299132" lon="114.2035045231"><ele>171.000</ele></trkpt>
      <trkpt lat="22.2414416371" lon="114.2034922347"><ele>172.000</ele></trkpt>
      <trkpt lat="22.2414532706" lon="114.2034800433"><ele>174.000</ele></trkpt>
      <trkpt lat="22.2414649050" lon="114.2034678508"><ele>174.000</ele></trkpt>
      <trkpt lat="22.2414765385" lon="114.2034556497"><ele>174.000</ele></trkpt>
      <trkpt lat="22.2414996159" lon="114.2034314618"><ele>176.000</ele></trkpt>
      <trkpt lat="22.2415113659" lon="114.2034191442"><ele>176.000</ele></trkpt>
      <trkpt lat="22.2415227736" lon="114.2034071952"><ele>176.000</ele></trkpt>
      <trkpt lat="22.2415345245" lon="114.2033948777"><ele>178.000</ele></trkpt>
      <trkpt lat="22.2415458139" lon="114.2033830499"><ele>179.000</ele></trkpt>
      <trkpt lat="22.2415462086" lon="114.2033827425"><ele>179.000</ele></trkpt>
      <trkpt lat="22.2415495585" lon="114.2033801608"><ele>179.000</ele></trkpt>
      <trkpt lat="22.2415617148" lon="114.2033740139"><ele>179.000</ele></trkpt>
      <trkpt lat="22.2415745160" lon="114.2033674442"><ele>179.000</ele></trkpt>
      <trkpt lat="22.2415939532" lon="114.2033588483"><ele>180.000</ele></trkpt>
      <trkpt lat="22.2415997451" lon="114.2033557034"><ele>180.000</ele></trkpt>
      <trkpt lat="22.2416087323" lon="114.2033508364"><ele>182.000</ele></trkpt>
      <trkpt lat="22.2416124527" lon="114.2033467823"><ele>182.000</ele></trkpt>
      <trkpt lat="22.2416159392" lon="114.2033429754"><ele>182.000</ele></trkpt>
      <trkpt lat="22.2416202505" lon="114.2033365622"><ele>182.000</ele></trkpt>
      <trkpt lat="22.2416208486" lon="114.2033354923"><ele>182.000</ele></trkpt>
      <trkpt lat="22.2416240093" lon="114.2033299083"><ele>182.000</ele></trkpt>
      <trkpt lat="22.2416274565" lon="114.2033231690"><ele>182.000</ele></trkpt>
      <trkpt lat="22.2416307511" lon="114.2033165858"><ele>184.000</ele></trkpt>
      <trkpt lat="22.2416340248" lon="114.2033104275"><ele>184.000</ele></trkpt>
      <trkpt lat="22.2416373661" lon="114.2033049318"><ele>184.000</ele></trkpt>
      <trkpt lat="22.2416408464" lon="114.2033003528"><ele>184.000</ele></trkpt>
      <trkpt lat="22.2416422960" lon="114.2032989629"><ele>184.000</ele></trkpt>
      <trkpt lat="22.2416440501" lon="114.2032972880"><ele>184.000</ele></trkpt>
      <trkpt lat="22.2416463000" lon="114.2032952241"><ele>184.000</ele></trkpt>
      <trkpt lat="22.2416487421" lon="114.2032939130"><ele>184.000</ele></trkpt>
      <trkpt lat="22.2416522851" lon="114.2032922277"><ele>184.000</ele></trkpt>
      <trkpt lat="22.2416558930" lon="114.2032911846"><ele>184.000</ele></trkpt>
      <trkpt lat="22.2416607749" lon="114.2032917734"><ele>184.000</ele></trkpt>
      <trkpt lat="22.2416673426" lon="114.2032938341"><ele>184.000</ele></trkpt>
      <trkpt lat="22.2416700544" lon="114.2032946223"><ele>184.000</ele></trkpt>
      <trkpt lat="22.2416749858" lon="114.2032960822"><ele>184.000</ele></trkpt>
      <trkpt lat="22.2416831467" lon="114.2032966939"><ele>186.000</ele></trkpt>
      <trkpt lat="22.2416856980" lon="114.2032959804"><ele>186.000</ele></trkpt>
      <trkpt lat="22.2416904267" lon="114.2032946552"><ele>186.000</ele></trkpt>
      <trkpt lat="22.2416968669" lon="114.2032920741"><ele>186.000</ele></trkpt>
      <trkpt lat="22.2416984663" lon="114.2032913052"><ele>186.000</ele></trkpt>
      <trkpt lat="22.2417002103" lon="114.2032904771"><ele>186.000</ele></trkpt>
      <trkpt lat="22.2417011694" lon="114.2032899272"><ele>186.000</ele></trkpt>
      <trkpt lat="22.2417019732" lon="114.2032894714"><ele>186.000</ele></trkpt>
      <trkpt lat="22.2417027680" lon="114.2032890157"><ele>186.000</ele></trkpt>
      <trkpt lat="22.2417035718" lon="114.2032885599"><ele>186.000</ele></trkpt>
      <trkpt lat="22.2417043982" lon="114.2032880857"><ele>186.000</ele></trkpt>
      <trkpt lat="22.2417075981" lon="114.2032862111"><ele>186.000</ele></trkpt>
      <trkpt lat="22.2417083928" lon="114.2032857457"><ele>186.000</ele></trkpt>
      <trkpt lat="22.2417092084" lon="114.2032852685"><ele>186.000</ele></trkpt>
      <trkpt lat="22.2417100032" lon="114.2032847934"><ele>186.000</ele></trkpt>
      <trkpt lat="22.2417115927" lon="114.2032838624"><ele>186.000</ele></trkpt>
      <trkpt lat="22.2417123875" lon="114.2032833872"><ele>186.000</ele></trkpt>
      <trkpt lat="22.2417139770" lon="114.2032824563"><ele>186.000</ele></trkpt>
      <trkpt lat="22.2417147718" lon="114.2032819811"><ele>186.000</ele></trkpt>
      <trkpt lat="22.2417163198" lon="114.2032810744"><ele>186.000</ele></trkpt>
      <trkpt lat="22.2417171146" lon="114.2032806176"><ele>186.000</ele></trkpt>
      <trkpt lat="22.2417179094" lon="114.2032801531"><ele>186.000</ele></trkpt>
      <trkpt lat="22.2417186725" lon="114.2032797158"><ele>186.000</ele></trkpt>
      <trkpt lat="22.2417194764" lon="114.2032792600"><ele>186.000</ele></trkpt>
      <trkpt lat="22.2417202711" lon="114.2032788042"><ele>186.000</ele></trkpt>
      <trkpt lat="22.2417210542" lon="114.2032783601"><ele>188.000</ele></trkpt>
      <trkpt lat="22.2417218273" lon="114.2032779256"><ele>188.000</ele></trkpt>
      <trkpt lat="22.2417234023" lon="114.2032770519"><ele>188.000</ele></trkpt>
      <trkpt lat="22.2417241745" lon="114.2032766330"><ele>188.000</ele></trkpt>
      <trkpt lat="22.2417249657" lon="114.2032762082"><ele>188.000</ele></trkpt>
      <trkpt lat="22.2417257478" lon="114.2032757922"><ele>188.000</ele></trkpt>
      <trkpt lat="22.2417273410" lon="114.2032749563"><ele>188.000</ele></trkpt>
      <trkpt lat="22.2417281095" lon="114.2032745617"><ele>188.000</ele></trkpt>
      <trkpt lat="22.2417296810" lon="114.2032737743"><ele>188.000</ele></trkpt>
      <trkpt lat="22.2417312696" lon="114.2032730063"><ele>188.000</ele></trkpt>
      <trkpt lat="22.2417328582" lon="114.2032722567"><ele>188.000</ele></trkpt>
      <trkpt lat="22.2417336331" lon="114.2032719038"><ele>188.000</ele></trkpt>
      <trkpt lat="22.2417344180" lon="114.2032715556"><ele>188.000</ele></trkpt>
      <trkpt lat="22.2417352163" lon="114.2032712114"><ele>188.000</ele></trkpt>
      <trkpt lat="22.2417360002" lon="114.2032708759"><ele>188.000</ele></trkpt>
      <trkpt lat="22.2417367697" lon="114.2032705657"><ele>188.000</ele></trkpt>
      <trkpt lat="22.2417375527" lon="114.2032702583"><ele>188.000</ele></trkpt>
      <trkpt lat="22.2417391612" lon="114.2032696513"><ele>188.000</ele></trkpt>
      <trkpt lat="22.2417407967" lon="114.2032690793"><ele>188.000</ele></trkpt>
      <trkpt lat="22.2417415978" lon="114.2032688069"><ele>188.000</ele></trkpt>
      <trkpt lat="22.2417424404" lon="114.2032685344"><ele>188.000</ele></trkpt>
      <trkpt lat="22.2417432487" lon="114.2032682688"><ele>188.000</ele></trkpt>
      <trkpt lat="22.2417440759" lon="114.2032680196"><ele>188.000</ele></trkpt>
      <trkpt lat="22.2417449520" lon="114.2032677472"><ele>188.000</ele></trkpt>
      <trkpt lat="22.2417457693" lon="114.2032675010"><ele>188.000</ele></trkpt>
      <trkpt lat="22.2417466200" lon="114.2032672567"><ele>188.000</ele></trkpt>
      <trkpt lat="22.2417474626" lon="114.2032670114"><ele>188.000</ele></trkpt>
      <trkpt lat="22.2417491758" lon="114.2032665374"><ele>188.000</ele></trkpt>
      <trkpt lat="22.2417500609" lon="114.2032662950"><ele>188.000</ele></trkpt>
      <trkpt lat="22.2417509179" lon="114.2032660575"><ele>188.000</ele></trkpt>
      <trkpt lat="22.2417517876" lon="114.2032658268"><ele>188.000</ele></trkpt>
      <trkpt lat="22.2417526726" lon="114.2032655845"><ele>188.000</ele></trkpt>
      <trkpt lat="22.2417535234" lon="114.2032653586"><ele>188.000</ele></trkpt>
      <trkpt lat="22.2417544084" lon="114.2032651260"><ele>188.000</ele></trkpt>
      <trkpt lat="22.2417561604" lon="114.2032646607"><ele>188.000</ele></trkpt>
      <trkpt lat="22.2417570708" lon="114.2032644212"><ele>188.000</ele></trkpt>
      <trkpt lat="22.2417579468" lon="114.2032641789"><ele>188.000</ele></trkpt>
      <trkpt lat="22.2417588318" lon="114.2032639462"><ele>188.000</ele></trkpt>
      <trkpt lat="22.2417606408" lon="114.2032634460"><ele>188.000</ele></trkpt>
      <trkpt lat="22.2417624244" lon="114.2032629322"><ele>188.000</ele></trkpt>
      <trkpt lat="22.2417632914" lon="114.2032626811"><ele>188.000</ele></trkpt>
      <trkpt lat="22.2417642180" lon="114.2032624145"><ele>188.000</ele></trkpt>
      <trkpt lat="22.2417648538" lon="114.2032622148"><ele>188.000</ele></trkpt>
      <trkpt lat="22.2417743507" lon="114.2032604385"><ele>190.000</ele></trkpt>
      <trkpt lat="22.2417877364" lon="114.2032579179"><ele>190.000</ele></trkpt>
      <trkpt lat="22.2418010724" lon="114.2032554186"><ele>190.000</ele></trkpt>
      <trkpt lat="22.2418144129" lon="114.2032529183"><ele>192.000</ele></trkpt>
      <trkpt lat="22.2418277517" lon="114.2032504084"><ele>192.000</ele></trkpt>
      <trkpt lat="22.2418410904" lon="114.2032479081"><ele>192.000</ele></trkpt>
      <trkpt lat="22.2418544291" lon="114.2032453981"><ele>192.000</ele></trkpt>
      <trkpt lat="22.2418677841" lon="114.2032428959"><ele>192.000</ele></trkpt>
      <trkpt lat="22.2418703687" lon="114.2032424017"><ele>192.000</ele></trkpt>
      <trkpt lat="22.2418939259" lon="114.2032329829"><ele>192.000</ele></trkpt>
      <trkpt lat="22.2419088420" lon="114.2032210006"><ele>194.000</ele></trkpt>
      <trkpt lat="22.2419236386" lon="114.2032112358"><ele>194.000</ele></trkpt>
      <trkpt lat="22.2419395060" lon="114.2032024733"><ele>194.000</ele></trkpt>
      <trkpt lat="22.2419574687" lon="114.2031927625"><ele>196.000</ele></trkpt>
      <trkpt lat="22.2419672019" lon="114.2031875318"><ele>196.000</ele></trkpt>
      <trkpt lat="22.2419769233" lon="114.2031827793"><ele>196.000</ele></trkpt>
      <trkpt lat="22.2419812844" lon="114.2031816694"><ele>196.000</ele></trkpt>
      <trkpt lat="22.2419856383" lon="114.2031804382"><ele>196.000</ele></trkpt>
      <trkpt lat="22.2419923094" lon="114.2031795490"><ele>196.000</ele></trkpt>
      <trkpt lat="22.2420042256" lon="114.2031782678"><ele>196.000</ele></trkpt>
      <trkpt lat="22.2420112481" lon="114.2031767616"><ele>196.000</ele></trkpt>
      <trkpt lat="22.2420213909" lon="114.2031738194"><ele>196.000</ele></trkpt>
      <trkpt lat="22.2420267356" lon="114.2031718948"><ele>196.000</ele></trkpt>
      <trkpt lat="22.2420373431" lon="114.2031656292"><ele>198.000</ele></trkpt>
      <trkpt lat="22.2420482932" lon="114.2031575458"><ele>198.000</ele></trkpt>
      <trkpt lat="22.2420578031" lon="114.2031483805"><ele>198.000</ele></trkpt>
      <trkpt lat="22.2420685595" lon="114.2031373839"><ele>198.000</ele></trkpt>
      <trkpt lat="22.2420763075" lon="114.2031282018"><ele>198.000</ele></trkpt>
      <trkpt lat="22.2420863364" lon="114.2031204946"><ele>199.000</ele></trkpt>
      <trkpt lat="22.2420954285" lon="114.2031150726"><ele>199.000</ele></trkpt>
      <trkpt lat="22.2420988460" lon="114.2031133349"><ele>199.000</ele></trkpt>
      <trkpt lat="22.2421081727" lon="114.2031085882"><ele>200.000</ele></trkpt>
      <trkpt lat="22.2421147312" lon="114.2031064640"><ele>200.000</ele></trkpt>
      <trkpt lat="22.2421182425" lon="114.2031053248"><ele>200.000</ele></trkpt>
      <trkpt lat="22.2421306552" lon="114.2030995883"><ele>200.000</ele></trkpt>
      <trkpt lat="22.2421442522" lon="114.2030912511"><ele>200.000</ele></trkpt>
      <trkpt lat="22.2421481268" lon="114.2030886696"><ele>200.000</ele></trkpt>
      <trkpt lat="22.2421536831" lon="114.2030849669"><ele>200.000</ele></trkpt>
      <trkpt lat="22.2421619910" lon="114.2030754259"><ele>200.000</ele></trkpt>
      <trkpt lat="22.2421717504" lon="114.2030589425"><ele>202.000</ele></trkpt>
      <trkpt lat="22.2421894124" lon="114.2030264952"><ele>202.000</ele></trkpt>
      <trkpt lat="22.2422103606" lon="114.2029890138"><ele>202.000</ele></trkpt>
      <trkpt lat="22.2422204645" lon="114.2029699297"><ele>202.000</ele></trkpt>
      <trkpt lat="22.2422281210" lon="114.2029513806"><ele>204.000</ele></trkpt>
      <trkpt lat="22.2422303134" lon="114.2029416183"><ele>204.000</ele></trkpt>
      <trkpt lat="22.2422297293" lon="114.2029346405"><ele>204.000</ele></trkpt>
      <trkpt lat="22.2422295653" lon="114.2029326683"><ele>204.000</ele></trkpt>
      <trkpt lat="22.2422294634" lon="114.2029315886"><ele>204.000</ele></trkpt>
      <trkpt lat="22.2422293326" lon="114.2029305128"><ele>204.000</ele></trkpt>
      <trkpt lat="22.2422291946" lon="114.2029294622"><ele>204.000</ele></trkpt>
      <trkpt lat="22.2422290413" lon="114.2029284543"><ele>204.000</ele></trkpt>
      <trkpt lat="22.2422288888" lon="114.2029274425"><ele>204.000</ele></trkpt>
      <trkpt lat="22.2422287165" lon="114.2029264200"><ele>204.000</ele></trkpt>
      <trkpt lat="22.2422285478" lon="114.2029254363"><ele>204.000</ele></trkpt>
      <trkpt lat="22.2422283728" lon="114.2029244623"><ele>204.000</ele></trkpt>
      <trkpt lat="22.2422282058" lon="114.2029235301"><ele>204.000</ele></trkpt>
      <trkpt lat="22.2422280434" lon="114.2029225794"><ele>204.000</ele></trkpt>
      <trkpt lat="22.2422278774" lon="114.2029216471"><ele>204.000</ele></trkpt>
      <trkpt lat="22.2422277331" lon="114.2029207527"><ele>204.000</ele></trkpt>
      <trkpt lat="22.2422275508" lon="114.2029196109"><ele>204.000</ele></trkpt>
      <trkpt lat="22.2422272043" lon="114.2029180539"><ele>204.000</ele></trkpt>
      <trkpt lat="22.2422269922" lon="114.2029170915"><ele>204.000</ele></trkpt>
      <trkpt lat="22.2422267757" lon="114.2029161505"><ele>204.000</ele></trkpt>
      <trkpt lat="22.2422265690" lon="114.2029152163"><ele>204.000</ele></trkpt>
      <trkpt lat="22.2422263461" lon="114.2029142384"><ele>204.000</ele></trkpt>
      <trkpt lat="22.2422250466" lon="114.2029085924"><ele>204.000</ele></trkpt>
      <trkpt lat="22.2422248300" lon="114.2029076417"><ele>204.000</ele></trkpt>
      <trkpt lat="22.2422243878" lon="114.2029057190"><ele>204.000</ele></trkpt>
      <trkpt lat="22.2422242786" lon="114.2029052698"><ele>204.000</ele></trkpt>
      <trkpt lat="22.2422241812" lon="114.2029048197"><ele>204.000</ele></trkpt>
      <trkpt lat="22.2422239465" lon="114.2029038438"><ele>204.000</ele></trkpt>
      <trkpt lat="22.2422230883" lon="114.2029001137"><ele>204.000</ele></trkpt>
      <trkpt lat="22.2422228717" lon="114.2028991630"><ele>204.000</ele></trkpt>
      <trkpt lat="22.2422224440" lon="114.2028973014"><ele>204.000</ele></trkpt>
      <trkpt lat="22.2422222364" lon="114.2028963604"><ele>204.000</ele></trkpt>
      <trkpt lat="22.2422220207" lon="114.2028954261"><ele>204.000</ele></trkpt>
      <trkpt lat="22.2422218132" lon="114.2028944754"><ele>204.000</ele></trkpt>
      <trkpt lat="22.2422215957" lon="114.2028935277"><ele>204.000</ele></trkpt>
      <trkpt lat="22.2422211878" lon="114.2028916806"><ele>204.000</ele></trkpt>
      <trkpt lat="22.2422209802" lon="114.2028907299"><ele>204.000</ele></trkpt>
      <trkpt lat="22.2422205714" lon="114.2028888750"><ele>204.000</ele></trkpt>
      <trkpt lat="22.2422203783" lon="114.2028879525"><ele>204.000</ele></trkpt>
      <trkpt lat="22.2422201798" lon="114.2028870115"><ele>204.000</ele></trkpt>
      <trkpt lat="22.2422199813" lon="114.2028860608"><ele>204.000</ele></trkpt>
      <trkpt lat="22.2422197828" lon="114.2028851198"><ele>204.000</ele></trkpt>
      <trkpt lat="22.2422195906" lon="114.2028841972"><ele>204.000</ele></trkpt>
      <trkpt lat="22.2422194002" lon="114.2028832562"><ele>204.000</ele></trkpt>
      <trkpt lat="22.2422192089" lon="114.2028823395"><ele>204.000</ele></trkpt>
      <trkpt lat="22.2422190329" lon="114.2028814101"><ele>204.000</ele></trkpt>
      <trkpt lat="22.2422188434" lon="114.2028804691"><ele>204.000</ele></trkpt>
      <trkpt lat="22.2422186639" lon="114.2028795252"><ele>204.000</ele></trkpt>
      <trkpt lat="22.2422184798" lon="114.2028786017"><ele>204.000</ele></trkpt>
      <trkpt lat="22.2422181586" lon="114.2028768186"><ele>204.000</ele></trkpt>
      <trkpt lat="22.2422180196" lon="114.2028759485"><ele>204.000</ele></trkpt>
      <trkpt lat="22.2422178879" lon="114.2028750734"><ele>204.000</ele></trkpt>
      <trkpt lat="22.2422176507" lon="114.2028732671"><ele>202.000</ele></trkpt>
      <trkpt lat="22.2422175497" lon="114.2028723679"><ele>202.000</ele></trkpt>
      <trkpt lat="22.2422174451" lon="114.2028714298"><ele>202.000</ele></trkpt>
      <trkpt lat="22.2422173540" lon="114.2028705431"><ele>202.000</ele></trkpt>
      <trkpt lat="22.2422172774" lon="114.2028696410"><ele>202.000</ele></trkpt>
      <trkpt lat="22.2422171990" lon="114.2028687019"><ele>202.000</ele></trkpt>
      <trkpt lat="22.2422171314" lon="114.2028677901"><ele>202.000</ele></trkpt>
      <trkpt lat="22.2422170107" lon="114.2028659372"><ele>204.000</ele></trkpt>
      <trkpt lat="22.2422169675" lon="114.2028649943"><ele>204.000</ele></trkpt>
      <trkpt lat="22.2422169153" lon="114.2028640630"><ele>204.000</ele></trkpt>
      <trkpt lat="22.2422168847" lon="114.2028632404"><ele>204.000</ele></trkpt>
      <trkpt lat="22.2422168767" lon="114.2028624168"><ele>204.000</ele></trkpt>
      <trkpt lat="22.2422168850" lon="114.2028615738"><ele>204.000</ele></trkpt>
      <trkpt lat="22.2422169086" lon="114.2028607202"><ele>204.000</ele></trkpt>
      <trkpt lat="22.2422169503" lon="114.2028598374"><ele>204.000</ele></trkpt>
      <trkpt lat="22.2422170001" lon="114.2028589547"><ele>204.000</ele></trkpt>
      <trkpt lat="22.2422170698" lon="114.2028580137"><ele>204.000</ele></trkpt>
      <trkpt lat="22.2422171331" lon="114.2028570437"><ele>204.000</ele></trkpt>
      <trkpt lat="22.2422172779" lon="114.2028551036"><ele>204.000</ele></trkpt>
      <trkpt lat="22.2422173467" lon="114.2028540462"><ele>204.000</ele></trkpt>
      <trkpt lat="22.2422173712" lon="114.2028535292"><ele>204.000</ele></trkpt>
      <trkpt lat="22.2422176523" lon="114.2028522051"><ele>204.000</ele></trkpt>
      <trkpt lat="22.2422178574" lon="114.2028511827"><ele>204.000</ele></trkpt>
      <trkpt lat="22.2422180491" lon="114.2028501603"><ele>204.000</ele></trkpt>
      <trkpt lat="22.2422182199" lon="114.2028492058"><ele>204.000</ele></trkpt>
      <trkpt lat="22.2422183952" lon="114.2028482833"><ele>204.000</ele></trkpt>
      <trkpt lat="22.2422185760" lon="114.2028473229"><ele>204.000</ele></trkpt>
      <trkpt lat="22.2422187450" lon="114.2028464344"><ele>204.000</ele></trkpt>
      <trkpt lat="22.2422189267" lon="114.2028455662"><ele>204.000</ele></trkpt>
      <trkpt lat="22.2422191210" lon="114.2028446777"><ele>204.000</ele></trkpt>
      <trkpt lat="22.2422193162" lon="114.2028438337"><ele>204.000</ele></trkpt>
      <trkpt lat="22.2422195123" lon="114.2028430539"><ele>204.000</ele></trkpt>
      <trkpt lat="22.2422197237" lon="114.2028423099"><ele>204.000</ele></trkpt>
      <trkpt lat="22.2422199686" lon="114.2028415387"><ele>204.000</ele></trkpt>
      <trkpt lat="22.2422202251" lon="114.2028407763"><ele>204.000</ele></trkpt>
      <trkpt lat="22.2422205007" lon="114.2028400410"><ele>204.000</ele></trkpt>
      <trkpt lat="22.2422208187" lon="114.2028392437"><ele>204.000</ele></trkpt>
      <trkpt lat="22.2422211602" lon="114.2028384105"><ele>204.000</ele></trkpt>
      <trkpt lat="22.2422214954" lon="114.2028376122"><ele>204.000</ele></trkpt>
      <trkpt lat="22.2422218468" lon="114.2028368216"><ele>204.000</ele></trkpt>
      <trkpt lat="22.2422222280" lon="114.2028359836"><ele>204.000</ele></trkpt>
      <trkpt lat="22.2422225993" lon="114.2028351794"><ele>204.000</ele></trkpt>
      <trkpt lat="22.2422233970" lon="114.2028335217"><ele>204.000</ele></trkpt>
      <trkpt lat="22.2422238044" lon="114.2028326934"><ele>204.000</ele></trkpt>
      <trkpt lat="22.2422242109" lon="114.2028318747"><ele>204.000</ele></trkpt>
      <trkpt lat="22.2422254891" lon="114.2028293596"><ele>204.000</ele></trkpt>
      <trkpt lat="22.2422259318" lon="114.2028285060"><ele>204.000</ele></trkpt>
      <trkpt lat="22.2422268162" lon="114.2028267639"><ele>204.000</ele></trkpt>
      <trkpt lat="22.2422272507" lon="114.2028259007"><ele>204.000</ele></trkpt>
      <trkpt lat="22.2422276888" lon="114.2028250364"><ele>204.000</ele></trkpt>
      <trkpt lat="22.2422281423" lon="114.2028241256"><ele>204.000</ele></trkpt>
      <trkpt lat="22.2422289698" lon="114.2028224068"><ele>204.000</ele></trkpt>
      <trkpt lat="22.2422296347" lon="114.2028210799"><ele>204.000</ele></trkpt>
      <trkpt lat="22.2422309246" lon="114.2028185909"><ele>206.000</ele></trkpt>
      <trkpt lat="22.2422318171" lon="114.2028169255"><ele>206.000</ele></trkpt>
      <trkpt lat="22.2422322571" lon="114.2028160933"><ele>206.000</ele></trkpt>
      <trkpt lat="22.2422327105" lon="114.2028152620"><ele>206.000</ele></trkpt>
      <trkpt lat="22.2422331622" lon="114.2028144181"><ele>206.000</ele></trkpt>
      <trkpt lat="22.2422336301" lon="114.2028135617"><ele>206.000</ele></trkpt>
      <trkpt lat="22.2422340818" lon="114.2028127081"><ele>206.000</ele></trkpt>
      <trkpt lat="22.2422345353" lon="114.2028118768"><ele>206.000</ele></trkpt>
      <trkpt lat="22.2422350167" lon="114.2028109767"><ele>206.000</ele></trkpt>
      <trkpt lat="22.2422359138" lon="114.2028092472"><ele>206.000</ele></trkpt>
      <trkpt lat="22.2422363681" lon="114.2028083820"><ele>206.000</ele></trkpt>
      <trkpt lat="22.2422372823" lon="114.2028065827"><ele>206.000</ele></trkpt>
      <trkpt lat="22.2422381469" lon="114.2028047863"><ele>206.000</ele></trkpt>
      <trkpt lat="22.2422385805" lon="114.2028038745"><ele>206.000</ele></trkpt>
      <trkpt lat="22.2422390051" lon="114.2028029424"><ele>206.000</ele></trkpt>
      <trkpt lat="22.2422394261" lon="114.2028020073"><ele>206.000</ele></trkpt>
      <trkpt lat="22.2422398371" lon="114.2028010383"><ele>206.000</ele></trkpt>
      <trkpt lat="22.2422402192" lon="114.2028001061"><ele>206.000</ele></trkpt>
      <trkpt lat="22.2422405960" lon="114.2027991730"><ele>206.000</ele></trkpt>
      <trkpt lat="22.2422409827" lon="114.2027981681"><ele>206.000</ele></trkpt>
      <trkpt lat="22.2422413793" lon="114.2027970594"><ele>206.000</ele></trkpt>
      <trkpt lat="22.2422417678" lon="114.2027957518"><ele>206.000</ele></trkpt>
      <trkpt lat="22.2422420552" lon="114.2027944054"><ele>206.000</ele></trkpt>
      <trkpt lat="22.2422422270" lon="114.2027932908"><ele>206.000</ele></trkpt>
      <trkpt lat="22.2422422351" lon="114.2027932375"><ele>206.000</ele></trkpt>
      <trkpt lat="22.2422441965" lon="114.2027823285"><ele>206.000</ele></trkpt>
      <trkpt lat="22.2422427365" lon="114.2027635672"><ele>206.000</ele></trkpt>
      <trkpt lat="22.2422403701" lon="114.2027431614"><ele>206.000</ele></trkpt>
      <trkpt lat="22.2422355632" lon="114.2027253366"><ele>206.000</ele></trkpt>
      <trkpt lat="22.2422262304" lon="114.2027002616"><ele>208.000</ele></trkpt>
      <trkpt lat="22.2422137678" lon="114.2026675323"><ele>208.000</ele></trkpt>
      <trkpt lat="22.2421988076" lon="114.2026280120"><ele>208.000</ele></trkpt>
      <trkpt lat="22.2421830200" lon="114.2025946059"><ele>210.000</ele></trkpt>
      <trkpt lat="22.2421690927" lon="114.2025618570"><ele>210.000</ele></trkpt>
      <trkpt lat="22.2421576998" lon="114.2025319352"><ele>210.000</ele></trkpt>
      <trkpt lat="22.2421563427" lon="114.2025194153"><ele>210.000</ele></trkpt>
      <trkpt lat="22.2421566954" lon="114.2025043377"><ele>210.000</ele></trkpt>
      <trkpt lat="22.2421640187" lon="114.2024796887"><ele>210.000</ele></trkpt>
      <trkpt lat="22.2421761052" lon="114.2024575531"><ele>210.000</ele></trkpt>
      <trkpt lat="22.2421938198" lon="114.2024343941"><ele>210.000</ele></trkpt>
      <trkpt lat="22.2422112823" lon="114.2024126562"><ele>212.000</ele></trkpt>
      <trkpt lat="22.2422342119" lon="114.2023909697"><ele>212.000</ele></trkpt>
      <trkpt lat="22.2422549041" lon="114.2023722978"><ele>214.000</ele></trkpt>
      <trkpt lat="22.2422962373" lon="114.2023335337"><ele>217.000</ele></trkpt>
      <trkpt lat="22.2422976968" lon="114.2023324456"><ele>217.000</ele></trkpt>
      <trkpt lat="22.2423199004" lon="114.2023158304"><ele>218.000</ele></trkpt>
      <trkpt lat="22.2423309462" lon="114.2023075665"><ele>218.000</ele></trkpt>
      <trkpt lat="22.2423419839" lon="114.2022993035"><ele>218.000</ele></trkpt>
      <trkpt lat="22.2423508947" lon="114.2022926359"><ele>218.000</ele></trkpt>
      <trkpt lat="22.2423532619" lon="114.2022906458"><ele>221.000</ele></trkpt>
      <trkpt lat="22.2423637289" lon="114.2022818482"><ele>222.000</ele></trkpt>
      <trkpt lat="22.2423739277" lon="114.2022732747"><ele>222.000</ele></trkpt>
      <trkpt lat="22.2423847217" lon="114.2022641978"><ele>222.000</ele></trkpt>
      <trkpt lat="22.2423946661" lon="114.2022539159"><ele>222.000</ele></trkpt>
      <trkpt lat="22.2424044226" lon="114.2022438358"><ele>224.000</ele></trkpt>
      <trkpt lat="22.2424095538" lon="114.2022385188"><ele>224.000</ele></trkpt>
      <trkpt lat="22.2424138054" lon="114.2022329136"><ele>224.000</ele></trkpt>
      <trkpt lat="22.2424218913" lon="114.2022222531"><ele>224.000</ele></trkpt>
      <trkpt lat="22.2424256326" lon="114.2022173132"><ele>224.000</ele></trkpt>
      <trkpt lat="22.2424293850" lon="114.2022106670"><ele>224.000</ele></trkpt>
      <trkpt lat="22.2424354390" lon="114.2021999566"><ele>224.000</ele></trkpt>
      <trkpt lat="22.2424362647" lon="114.2021978333"><ele>224.000</ele></trkpt>
      <trkpt lat="22.2424411631" lon="114.2021852020"><ele>226.000</ele></trkpt>
      <trkpt lat="22.2424452358" lon="114.2021747153"><ele>228.000</ele></trkpt>
      <trkpt lat="22.2424462361" lon="114.2021709089"><ele>228.000</ele></trkpt>
      <trkpt lat="22.2424499219" lon="114.2021569329"><ele>228.000</ele></trkpt>
      <trkpt lat="22.2424536086" lon="114.2021429442"><ele>228.000</ele></trkpt>
      <trkpt lat="22.2424557601" lon="114.2021347815"><ele>229.000</ele></trkpt>
      <trkpt lat="22.2424570822" lon="114.2021285889"><ele>229.000</ele></trkpt>
      <trkpt lat="22.2424601820" lon="114.2021141471"><ele>229.000</ele></trkpt>
      <trkpt lat="22.2424632185" lon="114.2020999662"><ele>229.000</ele></trkpt>
      <trkpt lat="22.2424662640" lon="114.2020857941"><ele>230.000</ele></trkpt>
      <trkpt lat="22.2424723371" lon="114.2020574295"><ele>230.000</ele></trkpt>
      <trkpt lat="22.2424753817" lon="114.2020432486"><ele>230.000</ele></trkpt>
      <trkpt lat="22.2424784191" lon="114.2020290765"><ele>232.000</ele></trkpt>
      <trkpt lat="22.2424814646" lon="114.2020148937"><ele>232.000</ele></trkpt>
      <trkpt lat="22.2424875377" lon="114.2019865301"><ele>234.000</ele></trkpt>
      <trkpt lat="22.2424905832" lon="114.2019723483"><ele>235.000</ele></trkpt>
      <trkpt lat="22.2424936197" lon="114.2019581655"><ele>235.000</ele></trkpt>
      <trkpt lat="22.2424966562" lon="114.2019439953"><ele>238.000</ele></trkpt>
      <trkpt lat="22.2424997017" lon="114.2019298125"><ele>238.000</ele></trkpt>
      <trkpt lat="22.2425027382" lon="114.2019156306"><ele>238.000</ele></trkpt>
      <trkpt lat="22.2425057837" lon="114.2019014488"><ele>238.000</ele></trkpt>
      <trkpt lat="22.2425088202" lon="114.2018872670"><ele>239.000</ele></trkpt>
      <trkpt lat="22.2425102083" lon="114.2018807998"><ele>239.000</ele></trkpt>
      <trkpt lat="22.2425118044" lon="114.2018730211"><ele>239.000</ele></trkpt>
      <trkpt lat="22.2425158622" lon="114.2018532034"><ele>239.000</ele></trkpt>
      <trkpt lat="22.2425143591" lon="114.2018497885"><ele>239.000</ele></trkpt>
      <trkpt lat="22.2425115925" lon="114.2018354485"><ele>242.000</ele></trkpt>
      <trkpt lat="22.2425075987" lon="114.2018151375"><ele>242.000</ele></trkpt>
      <trkpt lat="22.2425111087" lon="114.2017989109"><ele>244.000</ele></trkpt>
      <trkpt lat="22.2425169925" lon="114.2017792157"><ele>244.000</ele></trkpt>
      <trkpt lat="22.2425232583" lon="114.2017594245"><ele>244.000</ele></trkpt>
      <trkpt lat="22.2425252639" lon="114.2017363538"><ele>246.000</ele></trkpt>
      <trkpt lat="22.2425247241" lon="114.2017174917"><ele>246.000</ele></trkpt>
      <trkpt lat="22.2425246702" lon="114.2017154361"><ele>246.000</ele></trkpt>
      <trkpt lat="22.2425212070" lon="114.2016914933"><ele>248.000</ele></trkpt>
      <trkpt lat="22.2425143369" lon="114.2016704339"><ele>248.000</ele></trkpt>
      <trkpt lat="22.2425067307" lon="114.2016507402"><ele>250.000</ele></trkpt>
      <trkpt lat="22.2425010183" lon="114.2016360796"><ele>250.000</ele></trkpt>
      <trkpt lat="22.2424990625" lon="114.2016284108"><ele>250.000</ele></trkpt>
      <trkpt lat="22.2424992912" lon="114.2016210413"><ele>250.000</ele></trkpt>
      <trkpt lat="22.2425022710" lon="114.2016114032"><ele>250.000</ele></trkpt>
      <trkpt lat="22.2425072339" lon="114.2016021788"><ele>251.000</ele></trkpt>
      <trkpt lat="22.2425217049" lon="114.2015886916"><ele>251.000</ele></trkpt>
      <trkpt lat="22.2425404687" lon="114.2015720000"><ele>252.000</ele></trkpt>
      <trkpt lat="22.2425540396" lon="114.2015568121"><ele>253.000</ele></trkpt>
      <trkpt lat="22.2425651960" lon="114.2015338943"><ele>253.000</ele></trkpt>
      <trkpt lat="22.2425709038" lon="114.2015073747"><ele>254.000</ele></trkpt>
      <trkpt lat="22.2425776207" lon="114.2014902241"><ele>254.000</ele></trkpt>
      <trkpt lat="22.2425933605" lon="114.2014707664"><ele>255.000</ele></trkpt>
      <trkpt lat="22.2426039104" lon="114.2014570612"><ele>256.000</ele></trkpt>
      <trkpt lat="22.2426169718" lon="114.2014371101"><ele>256.000</ele></trkpt>
      <trkpt lat="22.2426316579" lon="114.2014046795"><ele>259.000</ele></trkpt>
      <trkpt lat="22.2426436407" lon="114.2013864598"><ele>259.000</ele></trkpt>
      <trkpt lat="22.2426577085" lon="114.2013699265"><ele>259.000</ele></trkpt>
      <trkpt lat="22.2426741059" lon="114.2013555607"><ele>260.000</ele></trkpt>
      <trkpt lat="22.2426889503" lon="114.2013448111"><ele>260.000</ele></trkpt>
      <trkpt lat="22.2427052463" lon="114.2013262565"><ele>260.000</ele></trkpt>
      <trkpt lat="22.2427169087" lon="114.2013070347"><ele>262.000</ele></trkpt>
      <trkpt lat="22.2427293792" lon="114.2012944920"><ele>262.000</ele></trkpt>
      <trkpt lat="22.2427453349" lon="114.2012863200"><ele>262.000</ele></trkpt>
      <trkpt lat="22.2427490125" lon="114.2012844135"><ele>262.000</ele></trkpt>
      <trkpt lat="22.2427614361" lon="114.2012779773"><ele>264.000</ele></trkpt>
      <trkpt lat="22.2427645808" lon="114.2012763471"><ele>264.000</ele></trkpt>
      <trkpt lat="22.2427770815" lon="114.2012676206"><ele>264.000</ele></trkpt>
      <trkpt lat="22.2427884769" lon="114.2012401910"><ele>264.000</ele></trkpt>
      <trkpt lat="22.2427881469" lon="114.2012364814"><ele>264.000</ele></trkpt>
      <trkpt lat="22.2427867072" lon="114.2012202277"><ele>264.000</ele></trkpt>
      <trkpt lat="22.2427833999" lon="114.2011980775"><ele>265.000</ele></trkpt>
      <trkpt lat="22.2427755490" lon="114.2011709569"><ele>265.000</ele></trkpt>
      <trkpt lat="22.2427721120" lon="114.2011342344"><ele>266.000</ele></trkpt>
      <trkpt lat="22.2427689771" lon="114.2011006957"><ele>267.000</ele></trkpt>
      <trkpt lat="22.2427664304" lon="114.2010706193"><ele>268.000</ele></trkpt>
      <trkpt lat="22.2427617645" lon="114.2010389244"><ele>268.000</ele></trkpt>
      <trkpt lat="22.2427531927" lon="114.2010195934"><ele>268.000</ele></trkpt>
      <trkpt lat="22.2427446425" lon="114.2009951200"><ele>268.000</ele></trkpt>
      <trkpt lat="22.2427436695" lon="114.2009918866"><ele>268.000</ele></trkpt>
      <trkpt lat="22.2427395003" lon="114.2009780333"><ele>268.000</ele></trkpt>
      <trkpt lat="22.2427353383" lon="114.2009641897"><ele>270.000</ele></trkpt>
      <trkpt lat="22.2427311681" lon="114.2009503462"><ele>270.000</ele></trkpt>
      <trkpt lat="22.2427270071" lon="114.2009365026"><ele>270.000</ele></trkpt>
      <trkpt lat="22.2427228378" lon="114.2009226590"><ele>270.000</ele></trkpt>
      <trkpt lat="22.2427187724" lon="114.2009091297"><ele>270.000</ele></trkpt>
      <trkpt lat="22.2427185179" lon="114.2009084506"><ele>270.000</ele></trkpt>
      <trkpt lat="22.2427138364" lon="114.2008958312"><ele>270.000</ele></trkpt>
      <trkpt lat="22.2427092353" lon="114.2008834300"><ele>270.000</ele></trkpt>
      <trkpt lat="22.2427084932" lon="114.2008818574"><ele>270.000</ele></trkpt>
      <trkpt lat="22.2426990988" lon="114.2008620926"><ele>272.000</ele></trkpt>
      <trkpt lat="22.2426978817" lon="114.2008603667"><ele>272.000</ele></trkpt>
      <trkpt lat="22.2426973788" lon="114.2008596323"><ele>272.000</ele></trkpt>
      <trkpt lat="22.2426968642" lon="114.2008588736"><ele>272.000</ele></trkpt>
      <trkpt lat="22.2426963315" lon="114.2008580780"><ele>272.000</ele></trkpt>
      <trkpt lat="22.2426941574" lon="114.2008548706"><ele>272.000</ele></trkpt>
      <trkpt lat="22.2426935624" lon="114.2008540324"><ele>272.000</ele></trkpt>
      <trkpt lat="22.2426929791" lon="114.2008532203"><ele>272.000</ele></trkpt>
      <trkpt lat="22.2426923733" lon="114.2008524015"><ele>272.000</ele></trkpt>
      <trkpt lat="22.2426917684" lon="114.2008516069"><ele>272.000</ele></trkpt>
      <trkpt lat="22.2426911192" lon="114.2008507677"><ele>272.000</ele></trkpt>
      <trkpt lat="22.2426904375" lon="114.2008499459"><ele>272.000</ele></trkpt>
      <trkpt lat="22.2426897693" lon="114.2008491639"><ele>272.000</ele></trkpt>
      <trkpt lat="22.2426890687" lon="114.2008483781"><ele>272.000</ele></trkpt>
      <trkpt lat="22.2426883743" lon="114.2008476329"><ele>272.000</ele></trkpt>
      <trkpt lat="22.2426876809" lon="114.2008468975"><ele>272.000</ele></trkpt>
      <trkpt lat="22.2426869278" lon="114.2008461330"><ele>272.000</ele></trkpt>
      <trkpt lat="22.2426861811" lon="114.2008454159"><ele>272.000</ele></trkpt>
      <trkpt lat="22.2426854768" lon="114.2008447494"><ele>272.000</ele></trkpt>
      <trkpt lat="22.2426847346" lon="114.2008440576"><ele>272.000</ele></trkpt>
      <trkpt lat="22.2426839671" lon="114.2008433716"><ele>272.000</ele></trkpt>
      <trkpt lat="22.2426832059" lon="114.2008427109"><ele>272.000</ele></trkpt>
      <trkpt lat="22.2426824348" lon="114.2008420608"><ele>272.000</ele></trkpt>
      <trkpt lat="22.2426816663" lon="114.2008414321"><ele>272.000</ele></trkpt>
      <trkpt lat="22.2426801756" lon="114.2008402299"><ele>272.000</ele></trkpt>
      <trkpt lat="22.2426793972" lon="114.2008396215"><ele>272.000</ele></trkpt>
      <trkpt lat="22.2426779055" lon="114.2008384727"><ele>272.000</ele></trkpt>
      <trkpt lat="22.2426756418" lon="114.2008367524"><ele>272.000</ele></trkpt>
      <trkpt lat="22.2426733455" lon="114.2008350583"><ele>272.000</ele></trkpt>
      <trkpt lat="22.2426725961" lon="114.2008345149"><ele>272.000</ele></trkpt>
      <trkpt lat="22.2426718466" lon="114.2008339619"><ele>272.000</ele></trkpt>
      <trkpt lat="22.2426710673" lon="114.2008333962"><ele>272.000</ele></trkpt>
      <trkpt lat="22.2426687918" lon="114.2008317661"><ele>272.000</ele></trkpt>
      <trkpt lat="22.2426680424" lon="114.2008312227"><ele>272.000</ele></trkpt>
      <trkpt lat="22.2426672532" lon="114.2008306580"><ele>272.000</ele></trkpt>
      <trkpt lat="22.2426664947" lon="114.2008301243"><ele>273.000</ele></trkpt>
      <trkpt lat="22.2426657425" lon="114.2008295858"><ele>273.000</ele></trkpt>
      <trkpt lat="22.2426649569" lon="114.2008290298"><ele>273.000</ele></trkpt>
      <trkpt lat="22.2426642101" lon="114.2008285039"><ele>273.000</ele></trkpt>
      <trkpt lat="22.2426634517" lon="114.2008279606"><ele>273.000</ele></trkpt>
      <trkpt lat="22.2426626932" lon="114.2008274269"><ele>273.000</ele></trkpt>
      <trkpt lat="22.2426619347" lon="114.2008268835"><ele>273.000</ele></trkpt>
      <trkpt lat="22.2426611888" lon="114.2008263586"><ele>273.000</ele></trkpt>
      <trkpt lat="22.2426604574" lon="114.2008258278"><ele>273.000</ele></trkpt>
      <trkpt lat="22.2426589404" lon="114.2008247411"><ele>273.000</ele></trkpt>
      <trkpt lat="22.2426581909" lon="114.2008241977"><ele>273.000</ele></trkpt>
      <trkpt lat="22.2426574324" lon="114.2008236544"><ele>273.000</ele></trkpt>
      <trkpt lat="22.2426559633" lon="114.2008225900"><ele>273.000</ele></trkpt>
      <trkpt lat="22.2426552265" lon="114.2008220456"><ele>273.000</ele></trkpt>
      <trkpt lat="22.2426544860" lon="114.2008215023"><ele>273.000</ele></trkpt>
      <trkpt lat="22.2426537537" lon="114.2008209628"><ele>273.000</ele></trkpt>
      <trkpt lat="22.2426530431" lon="114.2008204320"><ele>273.000</ele></trkpt>
      <trkpt lat="22.2426523153" lon="114.2008198780"><ele>273.000</ele></trkpt>
      <trkpt lat="22.2426515965" lon="114.2008193346"><ele>273.000</ele></trkpt>
      <trkpt lat="22.2426501681" lon="114.2008182363"><ele>273.000</ele></trkpt>
      <trkpt lat="22.2426494493" lon="114.2008176725"><ele>273.000</ele></trkpt>
      <trkpt lat="22.2426487396" lon="114.2008171205"><ele>273.000</ele></trkpt>
      <trkpt lat="22.2426480515" lon="114.2008165752"><ele>273.000</ele></trkpt>
      <trkpt lat="22.2426473418" lon="114.2008160027"><ele>273.000</ele></trkpt>
      <trkpt lat="22.2426466411" lon="114.2008154409"><ele>273.000</ele></trkpt>
      <trkpt lat="22.2426459738" lon="114.2008148966"><ele>273.000</ele></trkpt>
      <trkpt lat="22.2426452830" lon="114.2008143154"><ele>273.000</ele></trkpt>
      <trkpt lat="22.2426446076" lon="114.2008137575"><ele>273.000</ele></trkpt>
      <trkpt lat="22.2426439421" lon="114.2008131812"><ele>273.000</ele></trkpt>
      <trkpt lat="22.2426432595" lon="114.2008126000"><ele>273.000</ele></trkpt>
      <trkpt lat="22.2426426184" lon="114.2008120382"><ele>273.000</ele></trkpt>
      <trkpt lat="22.2426419611" lon="114.2008114531"><ele>273.000</ele></trkpt>
      <trkpt lat="22.2426414130" lon="114.2008109583"><ele>273.000</ele></trkpt>
      <trkpt lat="22.2426411033" lon="114.2008106440"><ele>273.000</ele></trkpt>
      <trkpt lat="22.2426408974" lon="114.2008103810"><ele>273.000</ele></trkpt>
      <trkpt lat="22.2426406672" lon="114.2008100182"><ele>273.000</ele></trkpt>
      <trkpt lat="22.2426404216" lon="114.2008095506"><ele>273.000</ele></trkpt>
      <trkpt lat="22.2426401643" lon="114.2008089714"><ele>273.000</ele></trkpt>
      <trkpt lat="22.2426399062" lon="114.2008082952"><ele>273.000</ele></trkpt>
      <trkpt lat="22.2426396507" lon="114.2008075473"><ele>273.000</ele></trkpt>
      <trkpt lat="22.2426394007" lon="114.2008067178"><ele>273.000</ele></trkpt>
      <trkpt lat="22.2426391425" lon="114.2008058311"><ele>273.000</ele></trkpt>
      <trkpt lat="22.2426388925" lon="114.2008049134"><ele>273.000</ele></trkpt>
      <trkpt lat="22.2426386226" lon="114.2008039326"><ele>273.000</ele></trkpt>
      <trkpt lat="22.2426381018" lon="114.2008021001"><ele>273.000</ele></trkpt>
      <trkpt lat="22.2426373599" lon="114.2007993653"><ele>273.000</ele></trkpt>
      <trkpt lat="22.2426371298" lon="114.2007984864"><ele>273.000</ele></trkpt>
      <trkpt lat="22.2426368951" lon="114.2007975551"><ele>273.000</ele></trkpt>
      <trkpt lat="22.2426366532" lon="114.2007966316"><ele>273.000</ele></trkpt>
      <trkpt lat="22.2426364321" lon="114.2007957429"><ele>273.000</ele></trkpt>
      <trkpt lat="22.2426362065" lon="114.2007948116"><ele>273.000</ele></trkpt>
      <trkpt lat="22.2426359736" lon="114.2007938774"><ele>273.000</ele></trkpt>
      <trkpt lat="22.2426353094" lon="114.2007911078"><ele>273.000</ele></trkpt>
      <trkpt lat="22.2426350928" lon="114.2007901668"><ele>273.000</ele></trkpt>
      <trkpt lat="22.2426348662" lon="114.2007892258"><ele>273.000</ele></trkpt>
      <trkpt lat="22.2426340143" lon="114.2007855209"><ele>273.000</ele></trkpt>
      <trkpt lat="22.2426338067" lon="114.2007845702"><ele>273.000</ele></trkpt>
      <trkpt lat="22.2426335883" lon="114.2007836224"><ele>273.000</ele></trkpt>
      <trkpt lat="22.2426333817" lon="114.2007826882"><ele>273.000</ele></trkpt>
      <trkpt lat="22.2426331596" lon="114.2007817113"><ele>273.000</ele></trkpt>
      <trkpt lat="22.2426329476" lon="114.2007807897"><ele>275.000</ele></trkpt>
      <trkpt lat="22.2426327418" lon="114.2007798555"><ele>275.000</ele></trkpt>
      <trkpt lat="22.2426325252" lon="114.2007789048"><ele>275.000</ele></trkpt>
      <trkpt lat="22.2426323158" lon="114.2007779570"><ele>275.000</ele></trkpt>
      <trkpt lat="22.2426320947" lon="114.2007769966"><ele>275.000</ele></trkpt>
      <trkpt lat="22.2426318844" lon="114.2007760721"><ele>275.000</ele></trkpt>
      <trkpt lat="22.2426316751" lon="114.2007751243"><ele>275.000</ele></trkpt>
      <trkpt lat="22.2426314467" lon="114.2007741309"><ele>275.000</ele></trkpt>
      <trkpt lat="22.2426312211" lon="114.2007731899"><ele>275.000</ele></trkpt>
      <trkpt lat="22.2426307879" lon="114.2007713079"><ele>275.000</ele></trkpt>
      <trkpt lat="22.2426301787" lon="114.2007687672"><ele>275.000</ele></trkpt>
      <trkpt lat="22.2426294159" lon="114.2007672033"><ele>275.000</ele></trkpt>
      <trkpt lat="22.2426289915" lon="114.2007663215"><ele>275.000</ele></trkpt>
      <trkpt lat="22.2426285564" lon="114.2007654454"><ele>275.000</ele></trkpt>
      <trkpt lat="22.2426281429" lon="114.2007646043"><ele>275.000</ele></trkpt>
      <trkpt lat="22.2426277276" lon="114.2007637506"><ele>275.000</ele></trkpt>
      <trkpt lat="22.2426272925" lon="114.2007628648"><ele>275.000</ele></trkpt>
      <trkpt lat="22.2426268790" lon="114.2007620334"><ele>275.000</ele></trkpt>
      <trkpt lat="22.2426264637" lon="114.2007611700"><ele>275.000</ele></trkpt>
      <trkpt lat="22.2426256042" lon="114.2007594402"><ele>275.000</ele></trkpt>
      <trkpt lat="22.2426251799" lon="114.2007585768"><ele>275.000</ele></trkpt>
      <trkpt lat="22.2426243313" lon="114.2007568693"><ele>276.000</ele></trkpt>
      <trkpt lat="22.2426239178" lon="114.2007560282"><ele>276.000</ele></trkpt>
      <trkpt lat="22.2426234962" lon="114.2007551628"><ele>276.000</ele></trkpt>
      <trkpt lat="22.2426230674" lon="114.2007542984"><ele>276.000</ele></trkpt>
      <trkpt lat="22.2426226422" lon="114.2007534350"><ele>276.000</ele></trkpt>
      <trkpt lat="22.2426217944" lon="114.2007517275"><ele>276.000</ele></trkpt>
      <trkpt lat="22.2426213701" lon="114.2007508641"><ele>276.000</ele></trkpt>
      <trkpt lat="22.2426205215" lon="114.2007491566"><ele>276.000</ele></trkpt>
      <trkpt lat="22.2426200972" lon="114.2007482932"><ele>276.000</ele></trkpt>
      <trkpt lat="22.2426192485" lon="114.2007465857"><ele>276.000</ele></trkpt>
      <trkpt lat="22.2426188242" lon="114.2007457223"><ele>276.000</ele></trkpt>
      <trkpt lat="22.2426175513" lon="114.2007431611"><ele>276.000</ele></trkpt>
      <trkpt lat="22.2426171270" lon="114.2007422977"><ele>276.000</ele></trkpt>
      <trkpt lat="22.2426162774" lon="114.2007405902"><ele>276.000</ele></trkpt>
      <trkpt lat="22.2426158540" lon="114.2007397268"><ele>276.000</ele></trkpt>
      <trkpt lat="22.2426150054" lon="114.2007380193"><ele>276.000</ele></trkpt>
      <trkpt lat="22.2426145919" lon="114.2007371782"><ele>276.000</ele></trkpt>
      <trkpt lat="22.2426141766" lon="114.2007363245"><ele>276.000</ele></trkpt>
      <trkpt lat="22.2426137415" lon="114.2007354387"><ele>276.000</ele></trkpt>
      <trkpt lat="22.2426128919" lon="114.2007337313"><ele>276.000</ele></trkpt>
      <trkpt lat="22.2426124793" lon="114.2007328902"><ele>278.000</ele></trkpt>
      <trkpt lat="22.2426120641" lon="114.2007320364"><ele>278.000</ele></trkpt>
      <trkpt lat="22.2426116289" lon="114.2007311507"><ele>278.000</ele></trkpt>
      <trkpt lat="22.2426112154" lon="114.2007303193"><ele>278.000</ele></trkpt>
      <trkpt lat="22.2426108001" lon="114.2007294558"><ele>278.000</ele></trkpt>
      <trkpt lat="22.2426103758" lon="114.2007286021"><ele>278.000</ele></trkpt>
      <trkpt lat="22.2426099605" lon="114.2007277387"><ele>278.000</ele></trkpt>
      <trkpt lat="22.2426095362" lon="114.2007268849"><ele>278.000</ele></trkpt>
      <trkpt lat="22.2426091318" lon="114.2007260438"><ele>278.000</ele></trkpt>
      <trkpt lat="22.2426087057" lon="114.2007251678"><ele>278.000</ele></trkpt>
      <trkpt lat="22.2426082868" lon="114.2007243160"><ele>278.000</ele></trkpt>
      <trkpt lat="22.2426078769" lon="114.2007234632"><ele>278.000</ele></trkpt>
      <trkpt lat="22.2426074616" lon="114.2007226095"><ele>278.000</ele></trkpt>
      <trkpt lat="22.2426062158" lon="114.2007200192"><ele>278.000</ele></trkpt>
      <trkpt lat="22.2426058005" lon="114.2007191655"><ele>278.000</ele></trkpt>
      <trkpt lat="22.2426041556" lon="114.2007157457"><ele>278.000</ele></trkpt>
      <trkpt lat="22.2426037493" lon="114.2007148823"><ele>278.000</ele></trkpt>
      <trkpt lat="22.2426033340" lon="114.2007140189"><ele>278.000</ele></trkpt>
      <trkpt lat="22.2426029278" lon="114.2007131554"><ele>278.000</ele></trkpt>
      <trkpt lat="22.2426025125" lon="114.2007122920"><ele>278.000</ele></trkpt>
      <trkpt lat="22.2426009028" lon="114.2007088722"><ele>278.000</ele></trkpt>
      <trkpt lat="22.2426004966" lon="114.2007079991"><ele>278.000</ele></trkpt>
      <trkpt lat="22.2426001012" lon="114.2007071580"><ele>278.000</ele></trkpt>
      <trkpt lat="22.2425997301" lon="114.2007063411"><ele>278.000</ele></trkpt>
      <trkpt lat="22.2425993663" lon="114.2007055253"><ele>278.000</ele></trkpt>
      <trkpt lat="22.2425990124" lon="114.2007046997"><ele>278.000</ele></trkpt>
      <trkpt lat="22.2425986757" lon="114.2007038974"><ele>278.000</ele></trkpt>
      <trkpt lat="22.2425980077" lon="114.2007022045"><ele>278.000</ele></trkpt>
      <trkpt lat="22.2425976836" lon="114.2007013508"><ele>278.000</ele></trkpt>
      <trkpt lat="22.2425973586" lon="114.2007004825"><ele>278.000</ele></trkpt>
      <trkpt lat="22.2425970318" lon="114.2006995997"><ele>278.000</ele></trkpt>
      <trkpt lat="22.2425967159" lon="114.2006987363"><ele>278.000</ele></trkpt>
      <trkpt lat="22.2425964081" lon="114.2006978583"><ele>278.000</ele></trkpt>
      <trkpt lat="22.2425960867" lon="114.2006969561"><ele>278.000</ele></trkpt>
      <trkpt lat="22.2425957672" lon="114.2006960345"><ele>278.000</ele></trkpt>
      <trkpt lat="22.2425954422" lon="114.2006951323"><ele>278.000</ele></trkpt>
      <trkpt lat="22.2425951353" lon="114.2006942456"><ele>278.000</ele></trkpt>
      <trkpt lat="22.2425948103" lon="114.2006933181"><ele>278.000</ele></trkpt>
      <trkpt lat="22.2425944890" lon="114.2006924159"><ele>278.000</ele></trkpt>
      <trkpt lat="22.2425941902" lon="114.2006915535"><ele>278.000</ele></trkpt>
      <trkpt lat="22.2425938995" lon="114.2006906910"><ele>278.000</ele></trkpt>
      <trkpt lat="22.2425933155" lon="114.2006889012"><ele>278.000</ele></trkpt>
      <trkpt lat="22.2425930248" lon="114.2006880048"><ele>278.000</ele></trkpt>
      <trkpt lat="22.2425927441" lon="114.2006871181"><ele>278.000</ele></trkpt>
      <trkpt lat="22.2425915995" lon="114.2006834656"><ele>280.000</ele></trkpt>
      <trkpt lat="22.2425913170" lon="114.2006825352"><ele>280.000</ele></trkpt>
      <trkpt lat="22.2425910201" lon="114.2006815981"><ele>280.000</ele></trkpt>
      <trkpt lat="22.2425907267" lon="114.2006806600"><ele>280.000</ele></trkpt>
      <trkpt lat="22.2425906193" lon="114.2006803292"><ele>280.000</ele></trkpt>
      <trkpt lat="22.2425905039" lon="114.2006791408"><ele>280.000</ele></trkpt>
      <trkpt lat="22.2425900294" lon="114.2006752139"><ele>280.000</ele></trkpt>
      <trkpt lat="22.2425899338" lon="114.2006743641"><ele>280.000</ele></trkpt>
      <trkpt lat="22.2425898644" lon="114.2006735367"><ele>280.000</ele></trkpt>
      <trkpt lat="22.2425898103" lon="114.2006727053"><ele>280.000</ele></trkpt>
      <trkpt lat="22.2425897834" lon="114.2006719700"><ele>280.000</ele></trkpt>
      <trkpt lat="22.2425897898" lon="114.2006712657"><ele>280.000</ele></trkpt>
      <trkpt lat="22.2425898242" lon="114.2006705343"><ele>280.000</ele></trkpt>
      <trkpt lat="22.2425898839" lon="114.2006698368"><ele>280.000</ele></trkpt>
      <trkpt lat="22.2425899770" lon="114.2006691277"><ele>280.000</ele></trkpt>
      <trkpt lat="22.2425901018" lon="114.2006684002"><ele>280.000</ele></trkpt>
      <trkpt lat="22.2425902671" lon="114.2006676096"><ele>280.000</ele></trkpt>
      <trkpt lat="22.2425904461" lon="114.2006668239"><ele>280.000</ele></trkpt>
      <trkpt lat="22.2425906629" lon="114.2006660197"><ele>280.000</ele></trkpt>
      <trkpt lat="22.2425909015" lon="114.2006651632"><ele>280.000</ele></trkpt>
      <trkpt lat="22.2425911463" lon="114.2006643494"><ele>280.000</ele></trkpt>
      <trkpt lat="22.2425914146" lon="114.2006635200"><ele>280.000</ele></trkpt>
      <trkpt lat="22.2425917019" lon="114.2006626674"><ele>280.000</ele></trkpt>
      <trkpt lat="22.2425919974" lon="114.2006618138"><ele>280.000</ele></trkpt>
      <trkpt lat="22.2425922892" lon="114.2006610048"><ele>280.000</ele></trkpt>
      <trkpt lat="22.2425926045" lon="114.2006601841"><ele>280.000</ele></trkpt>
      <trkpt lat="22.2425929478" lon="114.2006593063"><ele>280.000</ele></trkpt>
      <trkpt lat="22.2425932775" lon="114.2006584711"><ele>280.000</ele></trkpt>
      <trkpt lat="22.2425939849" lon="114.2006567678"><ele>280.000</ele></trkpt>
      <trkpt lat="22.2425943643" lon="114.2006558851"><ele>280.000</ele></trkpt>
      <trkpt lat="22.2425947347" lon="114.2006549927"><ele>280.000</ele></trkpt>
      <trkpt lat="22.2425954836" lon="114.2006532506"><ele>280.000</ele></trkpt>
      <trkpt lat="22.2425958720" lon="114.2006523349"><ele>280.000</ele></trkpt>
      <trkpt lat="22.2425962523" lon="114.2006514280"><ele>280.000</ele></trkpt>
      <trkpt lat="22.2425966372" lon="114.2006505026"><ele>280.000</ele></trkpt>
      <trkpt lat="22.2425970139" lon="114.2006495724"><ele>280.000</ele></trkpt>
      <trkpt lat="22.2425973978" lon="114.2006486082"><ele>280.000</ele></trkpt>
      <trkpt lat="22.2425977547" lon="114.2006476469"><ele>280.000</ele></trkpt>
      <trkpt lat="22.2425981070" lon="114.2006467060"><ele>280.000</ele></trkpt>
      <trkpt lat="22.2425984530" lon="114.2006457205"><ele>280.000</ele></trkpt>
      <trkpt lat="22.2425987973" lon="114.2006447087"><ele>280.000</ele></trkpt>
      <trkpt lat="22.2425992219" lon="114.2006433274"><ele>280.000</ele></trkpt>
      <trkpt lat="22.2425995121" lon="114.2006415659"><ele>280.000</ele></trkpt>
      <trkpt lat="22.2425995430" lon="114.2006399080"><ele>280.000</ele></trkpt>
      <trkpt lat="22.2425994628" lon="114.2006386421"><ele>280.000</ele></trkpt>
      <trkpt lat="22.2425993961" lon="114.2006377341"><ele>280.000</ele></trkpt>
      <trkpt lat="22.2425993071" lon="114.2006353118"><ele>282.000</ele></trkpt>
      <trkpt lat="22.2425980413" lon="114.2006332230"><ele>282.000</ele></trkpt>
      <trkpt lat="22.2425976097" lon="114.2006324779"><ele>282.000</ele></trkpt>
      <trkpt lat="22.2425971700" lon="114.2006316970"><ele>282.000</ele></trkpt>
      <trkpt lat="22.2425967096" lon="114.2006308636"><ele>282.000</ele></trkpt>
      <trkpt lat="22.2425962176" lon="114.2006299875"><ele>282.000</ele></trkpt>
      <trkpt lat="22.2425957201" lon="114.2006291202"><ele>282.000</ele></trkpt>
      <trkpt lat="22.2425951955" lon="114.2006282170"><ele>282.000</ele></trkpt>
      <trkpt lat="22.2425946466" lon="114.2006273274"><ele>282.000</ele></trkpt>
      <trkpt lat="22.2425940679" lon="114.2006264047"><ele>282.000</ele></trkpt>
      <trkpt lat="22.2425934350" lon="114.2006254831"><ele>282.000</ele></trkpt>
      <trkpt lat="22.2425927686" lon="114.2006245565"><ele>282.000</ele></trkpt>
      <trkpt lat="22.2425920617" lon="114.2006236669"><ele>282.000</ele></trkpt>
      <trkpt lat="22.2425914405" lon="114.2006229198"><ele>282.000</ele></trkpt>
      <trkpt lat="22.2425908075" lon="114.2006221466"><ele>282.000</ele></trkpt>
      <trkpt lat="22.2425901556" lon="114.2006213946"><ele>282.000</ele></trkpt>
      <trkpt lat="22.2425895380" lon="114.2006206709"><ele>282.000</ele></trkpt>
      <trkpt lat="22.2425882532" lon="114.2006192107"><ele>282.000</ele></trkpt>
      <trkpt lat="22.2425875922" lon="114.2006184695"><ele>282.000</ele></trkpt>
      <trkpt lat="22.2425869466" lon="114.2006177660"><ele>282.000</ele></trkpt>
      <trkpt lat="22.2425863020" lon="114.2006170529"><ele>282.000</ele></trkpt>
      <trkpt lat="22.2425856473" lon="114.2006163505"><ele>282.000</ele></trkpt>
      <trkpt lat="22.2425850026" lon="114.2006156471"><ele>282.000</ele></trkpt>
      <trkpt lat="22.2425843480" lon="114.2006149544"><ele>282.000</ele></trkpt>
      <trkpt lat="22.2425830532" lon="114.2006135621"><ele>282.000</ele></trkpt>
      <trkpt lat="22.2425824031" lon="114.2006128829"><ele>282.000</ele></trkpt>
      <trkpt lat="22.2425817747" lon="114.2006122086"><ele>282.000</ele></trkpt>
      <trkpt lat="22.2425811336" lon="114.2006115295"><ele>282.000</ele></trkpt>
      <trkpt lat="22.2425792366" lon="114.2006094910"><ele>282.000</ele></trkpt>
      <trkpt lat="22.2425779986" lon="114.2006081415"><ele>282.000</ele></trkpt>
      <trkpt lat="22.2425767607" lon="114.2006067735"><ele>282.000</ele></trkpt>
      <trkpt lat="22.2425761630" lon="114.2006061031"><ele>282.000</ele></trkpt>
      <trkpt lat="22.2425755653" lon="114.2006054239"><ele>282.000</ele></trkpt>
      <trkpt lat="22.2425749775" lon="114.2006047457"><ele>282.000</ele></trkpt>
      <trkpt lat="22.2425743978" lon="114.2006040676"><ele>282.000</ele></trkpt>
      <trkpt lat="22.2425738299" lon="114.2006033933"><ele>282.000</ele></trkpt>
      <trkpt lat="22.2425733071" lon="114.2006027549"><ele>282.000</ele></trkpt>
      <trkpt lat="22.2425728105" lon="114.2006021126"><ele>282.000</ele></trkpt>
      <trkpt lat="22.2425723238" lon="114.2006014568"><ele>282.000</ele></trkpt>
      <trkpt lat="22.2425718598" lon="114.2006007922"><ele>282.000</ele></trkpt>
      <trkpt lat="22.2425713912" lon="114.2006000917"><ele>282.000</ele></trkpt>
      <trkpt lat="22.2425709415" lon="114.2005993883"><ele>282.000</ele></trkpt>
      <trkpt lat="22.2425705091" lon="114.2005986782"><ele>282.000</ele></trkpt>
      <trkpt lat="22.2425700920" lon="114.2005979593"><ele>282.000</ele></trkpt>
      <trkpt lat="22.2425696731" lon="114.2005972006"><ele>282.000</ele></trkpt>
      <trkpt lat="22.2425692857" lon="114.2005964847"><ele>282.000</ele></trkpt>
      <trkpt lat="22.2425691025" lon="114.2005961121"><ele>282.000</ele></trkpt>
      <trkpt lat="22.2425690357" lon="114.2005959074"><ele>282.000</ele></trkpt>
      <trkpt lat="22.2425689229" lon="114.2005953690"><ele>282.000</ele></trkpt>
      <trkpt lat="22.2425687568" lon="114.2005944261"><ele>282.000</ele></trkpt>
      <trkpt lat="22.2425685024" lon="114.2005931533"><ele>282.000</ele></trkpt>
      <trkpt lat="22.2425679455" lon="114.2005912470"><ele>282.000</ele></trkpt>
      <trkpt lat="22.2425675844" lon="114.2005901721"><ele>282.000</ele></trkpt>
      <trkpt lat="22.2425672811" lon="114.2005892952"><ele>282.000</ele></trkpt>
      <trkpt lat="22.2425670545" lon="114.2005885627"><ele>282.000</ele></trkpt>
      <trkpt lat="22.2425668948" lon="114.2005879700"><ele>282.000</ele></trkpt>
      <trkpt lat="22.2425668181" lon="114.2005875480"><ele>284.000</ele></trkpt>
      <trkpt lat="22.2425667964" lon="114.2005873045"><ele>284.000</ele></trkpt>
      <trkpt lat="22.2425668173" lon="114.2005868874"><ele>284.000</ele></trkpt>
      <trkpt lat="22.2425668770" lon="114.2005861967"><ele>284.000</ele></trkpt>
      <trkpt lat="22.2425669701" lon="114.2005854847"><ele>284.000</ele></trkpt>
      <trkpt lat="22.2425671002" lon="114.2005847242"><ele>284.000</ele></trkpt>
      <trkpt lat="22.2425672530" lon="114.2005839510"><ele>284.000</ele></trkpt>
      <trkpt lat="22.2425674364" lon="114.2005831828"><ele>284.000</ele></trkpt>
      <trkpt lat="22.2425676460" lon="114.2005823835"><ele>284.000</ele></trkpt>
      <trkpt lat="22.2425678674" lon="114.2005816414"><ele>284.000</ele></trkpt>
      <trkpt lat="22.2425681276" lon="114.2005808741"><ele>284.000</ele></trkpt>
      <trkpt lat="22.2425684085" lon="114.2005801020"><ele>284.000</ele></trkpt>
      <trkpt lat="22.2425687022" lon="114.2005793687"><ele>284.000</ele></trkpt>
      <trkpt lat="22.2425690129" lon="114.2005786538"><ele>284.000</ele></trkpt>
      <trkpt lat="22.2425697717" lon="114.2005770397"><ele>284.000</ele></trkpt>
      <trkpt lat="22.2425701602" lon="114.2005762424"><ele>284.000</ele></trkpt>
      <trkpt lat="22.2425705630" lon="114.2005754325"><ele>284.000</ele></trkpt>
      <trkpt lat="22.2425709795" lon="114.2005746128"><ele>284.000</ele></trkpt>
      <trkpt lat="22.2425713959" lon="114.2005738029"><ele>284.000</ele></trkpt>
      <trkpt lat="22.2425722586" lon="114.2005721578"><ele>284.000</ele></trkpt>
      <trkpt lat="22.2425726931" lon="114.2005713469"><ele>284.000</ele></trkpt>
      <trkpt lat="22.2425731267" lon="114.2005705467"><ele>284.000</ele></trkpt>
      <trkpt lat="22.2425740246" lon="114.2005689200"><ele>284.000</ele></trkpt>
      <trkpt lat="22.2425744943" lon="114.2005680859"><ele>284.000</ele></trkpt>
      <trkpt lat="22.2425749550" lon="114.2005672507"><ele>284.000</ele></trkpt>
      <trkpt lat="22.2425758646" lon="114.2005656367"><ele>284.000</ele></trkpt>
      <trkpt lat="22.2425763433" lon="114.2005648122"><ele>284.000</ele></trkpt>
      <trkpt lat="22.2425768130" lon="114.2005639780"><ele>284.000</ele></trkpt>
      <trkpt lat="22.2425772918" lon="114.2005631535"><ele>284.000</ele></trkpt>
      <trkpt lat="22.2425777615" lon="114.2005623194"><ele>284.000</ele></trkpt>
      <trkpt lat="22.2425782285" lon="114.2005615153"><ele>284.000</ele></trkpt>
      <trkpt lat="22.2425787190" lon="114.2005606607"><ele>284.000</ele></trkpt>
      <trkpt lat="22.2425791887" lon="114.2005598362"><ele>284.000</ele></trkpt>
      <trkpt lat="22.2425796666" lon="114.2005590021"><ele>284.000</ele></trkpt>
      <trkpt lat="22.2425801480" lon="114.2005581572"><ele>284.000</ele></trkpt>
      <trkpt lat="22.2425811064" lon="114.2005564559"><ele>284.000</ele></trkpt>
      <trkpt lat="22.2425829790" lon="114.2005530648"><ele>284.000</ele></trkpt>
      <trkpt lat="22.2425834595" lon="114.2005521666"><ele>284.000</ele></trkpt>
      <trkpt lat="22.2425848100" lon="114.2005495923"><ele>284.000</ele></trkpt>
      <trkpt lat="22.2425852725" lon="114.2005486931"><ele>284.000</ele></trkpt>
      <trkpt lat="22.2425857639" lon="114.2005477047"><ele>284.000</ele></trkpt>
      <trkpt lat="22.2425863484" lon="114.2005464049"><ele>284.000</ele></trkpt>
      <trkpt lat="22.2425868254" lon="114.2005448529"><ele>284.000</ele></trkpt>
      <trkpt lat="22.2425871029" lon="114.2005434609"><ele>284.000</ele></trkpt>
      <trkpt lat="22.2425872737" lon="114.2005423143"><ele>284.000</ele></trkpt>
      <trkpt lat="22.2425873976" lon="114.2005414257"><ele>284.000</ele></trkpt>
      <trkpt lat="22.2425878034" lon="114.2005391753"><ele>284.000</ele></trkpt>
      <trkpt lat="22.2425869820" lon="114.2005364337"><ele>287.000</ele></trkpt>
      <trkpt lat="22.2425865054" lon="114.2005346603"><ele>287.000</ele></trkpt>
      <trkpt lat="22.2425862617" lon="114.2005337193"><ele>287.000</ele></trkpt>
      <trkpt lat="22.2425859937" lon="114.2005327192"><ele>287.000</ele></trkpt>
      <trkpt lat="22.2425857076" lon="114.2005317025"><ele>287.000</ele></trkpt>
      <trkpt lat="22.2425853925" lon="114.2005306528"><ele>287.000</ele></trkpt>
      <trkpt lat="22.2425850414" lon="114.2005295799"><ele>287.000</ele></trkpt>
      <trkpt lat="22.2425846352" lon="114.2005284623"><ele>287.000</ele></trkpt>
      <trkpt lat="22.2425841721" lon="114.2005273583"><ele>287.000</ele></trkpt>
      <trkpt lat="22.2425836647" lon="114.2005262562"><ele>287.000</ele></trkpt>
      <trkpt lat="22.2425831348" lon="114.2005252560"><ele>287.000</ele></trkpt>
      <trkpt lat="22.2425826355" lon="114.2005243333"><ele>287.000</ele></trkpt>
      <trkpt lat="22.2425821037" lon="114.2005234107"><ele>287.000</ele></trkpt>
      <trkpt lat="22.2425815846" lon="114.2005225424"><ele>287.000</ele></trkpt>
      <trkpt lat="22.2425810537" lon="114.2005216654"><ele>287.000</ele></trkpt>
      <trkpt lat="22.2425804939" lon="114.2005207893"><ele>287.000</ele></trkpt>
      <trkpt lat="22.2425799495" lon="114.2005199482"><ele>287.000</ele></trkpt>
      <trkpt lat="22.2425793924" lon="114.2005191119"><ele>287.000</ele></trkpt>
      <trkpt lat="22.2425783018" lon="114.2005175033"><ele>287.000</ele></trkpt>
      <trkpt lat="22.2425777384" lon="114.2005166855"><ele>287.000</ele></trkpt>
      <trkpt lat="22.2425771750" lon="114.2005158783"><ele>287.000</ele></trkpt>
      <trkpt lat="22.2425766332" lon="114.2005151157"><ele>287.000</ele></trkpt>
      <trkpt lat="22.2425760915" lon="114.2005143299"><ele>287.000</ele></trkpt>
      <trkpt lat="22.2425755317" lon="114.2005135401"><ele>287.000</ele></trkpt>
      <trkpt lat="22.2425750117" lon="114.2005127950"><ele>287.000</ele></trkpt>
      <trkpt lat="22.2425744916" lon="114.2005120412"><ele>287.000</ele></trkpt>
      <trkpt lat="22.2425734605" lon="114.2005105200"><ele>287.000</ele></trkpt>
      <trkpt lat="22.2425725369" lon="114.2005091171"><ele>287.000</ele></trkpt>
      <trkpt lat="22.2425707355" lon="114.2005075540"><ele>287.000</ele></trkpt>
      <trkpt lat="22.2425700032" lon="114.2005069282"><ele>287.000</ele></trkpt>
      <trkpt lat="22.2425671210" lon="114.2005044977"><ele>287.000</ele></trkpt>
      <trkpt lat="22.2425663950" lon="114.2005038952"><ele>287.000</ele></trkpt>
      <trkpt lat="22.2425656726" lon="114.2005032936"><ele>287.000</ele></trkpt>
      <trkpt lat="22.2425649593" lon="114.2005027018"><ele>287.000</ele></trkpt>
      <trkpt lat="22.2425642369" lon="114.2005021002"><ele>287.000</ele></trkpt>
      <trkpt lat="22.2425635073" lon="114.2005014947"><ele>287.000</ele></trkpt>
      <trkpt lat="22.2425627850" lon="114.2005009029"><ele>287.000</ele></trkpt>
      <trkpt lat="22.2425620879" lon="114.2005003246"><ele>287.000</ele></trkpt>
      <trkpt lat="22.2425613529" lon="114.2004997124"><ele>287.000</ele></trkpt>
      <trkpt lat="22.2425606431" lon="114.2004991312"><ele>287.000</ele></trkpt>
      <trkpt lat="22.2425599424" lon="114.2004985403"><ele>287.000</ele></trkpt>
      <trkpt lat="22.2425592291" lon="114.2004979484"><ele>287.000</ele></trkpt>
      <trkpt lat="22.2425571180" lon="114.2004961680"><ele>287.000</ele></trkpt>
      <trkpt lat="22.2425564426" lon="114.2004955917"><ele>287.000</ele></trkpt>
      <trkpt lat="22.2425543586" lon="114.2004937822"><ele>287.000</ele></trkpt>
      <trkpt lat="22.2425536913" lon="114.2004931961"><ele>287.000</ele></trkpt>
      <trkpt lat="22.2425530249" lon="114.2004926014"><ele>287.000</ele></trkpt>
      <trkpt lat="22.2425523667" lon="114.2004920056"><ele>287.000</ele></trkpt>
      <trkpt lat="22.2425517084" lon="114.2004914012"><ele>287.000</ele></trkpt>
      <trkpt lat="22.2425503820" lon="114.2004901660"><ele>290.000</ele></trkpt>
      <trkpt lat="22.2425497328" lon="114.2004895519"><ele>290.000</ele></trkpt>
      <trkpt lat="22.2425491061" lon="114.2004889503"><ele>290.000</ele></trkpt>
      <trkpt lat="22.2425484885" lon="114.2004883420"><ele>290.000</ele></trkpt>
      <trkpt lat="22.2425478429" lon="114.2004876949"><ele>290.000</ele></trkpt>
      <trkpt lat="22.2425472605" lon="114.2004871137"><ele>290.000</ele></trkpt>
      <trkpt lat="22.2425467738" lon="114.2004865898"><ele>290.000</ele></trkpt>
      <trkpt lat="22.2425463341" lon="114.2004860756"><ele>290.000</ele></trkpt>
      <trkpt lat="22.2425459188" lon="114.2004855323"><ele>290.000</ele></trkpt>
      <trkpt lat="22.2425454990" lon="114.2004849327"><ele>290.000</ele></trkpt>
      <trkpt lat="22.2425450891" lon="114.2004842953"><ele>290.000</ele></trkpt>
      <trkpt lat="22.2425447108" lon="114.2004836598"><ele>290.000</ele></trkpt>
      <trkpt lat="22.2425443532" lon="114.2004829895"><ele>290.000</ele></trkpt>
      <trkpt lat="22.2425440066" lon="114.2004822909"><ele>290.000</ele></trkpt>
      <trkpt lat="22.2425436897" lon="114.2004815876"><ele>290.000</ele></trkpt>
      <trkpt lat="22.2425433927" lon="114.2004808697"><ele>290.000</ele></trkpt>
      <trkpt lat="22.2425431318" lon="114.2004801731"><ele>290.000</ele></trkpt>
      <trkpt lat="22.2425429079" lon="114.2004795008"><ele>290.000</ele></trkpt>
      <trkpt lat="22.2425427148" lon="114.2004788305"><ele>290.000</ele></trkpt>
      <trkpt lat="22.2425425415" lon="114.2004781136"><ele>290.000</ele></trkpt>
      <trkpt lat="22.2425423917" lon="114.2004773957"><ele>290.000</ele></trkpt>
      <trkpt lat="22.2425422708" lon="114.2004766390"><ele>290.000</ele></trkpt>
      <trkpt lat="22.2425421589" lon="114.2004758310"><ele>290.000</ele></trkpt>
      <trkpt lat="22.2425420760" lon="114.2004750151"><ele>290.000</ele></trkpt>
      <trkpt lat="22.2425420065" lon="114.2004741741"><ele>290.000</ele></trkpt>
      <trkpt lat="22.2425419615" lon="114.2004733514"><ele>290.000</ele></trkpt>
      <trkpt lat="22.2425419391" lon="114.2004725094"><ele>290.000</ele></trkpt>
      <trkpt lat="22.2425419302" lon="114.2004716131"><ele>290.000</ele></trkpt>
      <trkpt lat="22.2425419303" lon="114.2004707943"><ele>290.000</ele></trkpt>
      <trkpt lat="22.2425419593" lon="114.2004700328"><ele>290.000</ele></trkpt>
      <trkpt lat="22.2425420172" lon="114.2004691578"><ele>290.000</ele></trkpt>
      <trkpt lat="22.2425422161" lon="114.2004677183"><ele>290.000</ele></trkpt>
      <trkpt lat="22.2425423472" lon="114.2004669044"><ele>290.000</ele></trkpt>
      <trkpt lat="22.2425425044" lon="114.2004660256"><ele>290.000</ele></trkpt>
      <trkpt lat="22.2425426752" lon="114.2004651293"><ele>290.000</ele></trkpt>
      <trkpt lat="22.2425430548" lon="114.2004632086"><ele>290.000</ele></trkpt>
      <trkpt lat="22.2425432455" lon="114.2004622036"><ele>290.000</ele></trkpt>
      <trkpt lat="22.2425434326" lon="114.2004611570"><ele>290.000</ele></trkpt>
      <trkpt lat="22.2425435103" lon="114.2004606690"><ele>290.000</ele></trkpt>
      <trkpt lat="22.2425498046" lon="114.2004426531"><ele>290.000</ele></trkpt>
      <trkpt lat="22.2425545567" lon="114.2004290516"><ele>293.000</ele></trkpt>
      <trkpt lat="22.2425593079" lon="114.2004154268"><ele>293.000</ele></trkpt>
      <trkpt lat="22.2425609694" lon="114.2004106893"><ele>293.000</ele></trkpt>
      <trkpt lat="22.2425589001" lon="114.2004068378"><ele>293.000</ele></trkpt>
      <trkpt lat="22.2425580469" lon="114.2004052099"><ele>293.000</ele></trkpt>
      <trkpt lat="22.2425576190" lon="114.2004043687"><ele>293.000</ele></trkpt>
      <trkpt lat="22.2425571712" lon="114.2004035024"><ele>293.000</ele></trkpt>
      <trkpt lat="22.2425567378" lon="114.2004026584"><ele>293.000</ele></trkpt>
      <trkpt lat="22.2425562837" lon="114.2004017833"><ele>293.000</ele></trkpt>
      <trkpt lat="22.2425553818" lon="114.2004000622"><ele>293.000</ele></trkpt>
      <trkpt lat="22.2425549123" lon="114.2003991843"><ele>293.000</ele></trkpt>
      <trkpt lat="22.2425544429" lon="114.2003983169"><ele>293.000</ele></trkpt>
      <trkpt lat="22.2425539526" lon="114.2003974273"><ele>293.000</ele></trkpt>
      <trkpt lat="22.2425534525" lon="114.2003965493"><ele>293.000</ele></trkpt>
      <trkpt lat="22.2425529424" lon="114.2003956713"><ele>293.000</ele></trkpt>
      <trkpt lat="22.2425524043" lon="114.2003947710"><ele>293.000</ele></trkpt>
      <trkpt lat="22.2425513515" lon="114.2003930955"><ele>296.000</ele></trkpt>
      <trkpt lat="22.2425508459" lon="114.2003923000"><ele>296.000</ele></trkpt>
      <trkpt lat="22.2425503286" lon="114.2003914753"><ele>296.000</ele></trkpt>
      <trkpt lat="22.2425497805" lon="114.2003906284"><ele>296.000</ele></trkpt>
      <trkpt lat="22.2425492479" lon="114.2003898193"><ele>296.000</ele></trkpt>
      <trkpt lat="22.2425487332" lon="114.2003890334"><ele>296.000</ele></trkpt>
      <trkpt lat="22.2425481978" lon="114.2003882194"><ele>296.000</ele></trkpt>
      <trkpt lat="22.2425476525" lon="114.2003874016"><ele>296.000</ele></trkpt>
      <trkpt lat="22.2425471198" lon="114.2003866157"><ele>296.000</ele></trkpt>
      <trkpt lat="22.2425465961" lon="114.2003858299"><ele>296.000</ele></trkpt>
      <trkpt lat="22.2425449637" lon="114.2003834219"><ele>296.000</ele></trkpt>
      <trkpt lat="22.2425444220" lon="114.2003826458"><ele>296.000</ele></trkpt>
      <trkpt lat="22.2425438893" lon="114.2003818599"><ele>296.000</ele></trkpt>
      <trkpt lat="22.2425433476" lon="114.2003810838"><ele>296.000</ele></trkpt>
      <trkpt lat="22.2425428149" lon="114.2003802979"><ele>296.000</ele></trkpt>
      <trkpt lat="22.2425422641" lon="114.2003795082"><ele>296.000</ele></trkpt>
      <trkpt lat="22.2425417404" lon="114.2003787457"><ele>296.000</ele></trkpt>
      <trkpt lat="22.2425411861" lon="114.2003779414"><ele>296.000</ele></trkpt>
      <trkpt lat="22.2425406480" lon="114.2003771701"><ele>296.000</ele></trkpt>
      <trkpt lat="22.2425401243" lon="114.2003764075"><ele>296.000</ele></trkpt>
      <trkpt lat="22.2425395826" lon="114.2003756217"><ele>296.000</ele></trkpt>
      <trkpt lat="22.2425390499" lon="114.2003748455"><ele>296.000</ele></trkpt>
      <trkpt lat="22.2425385172" lon="114.2003740733"><ele>296.000</ele></trkpt>
      <trkpt lat="22.2425379881" lon="114.2003732923"><ele>296.000</ele></trkpt>
      <trkpt lat="22.2425374554" lon="114.2003725161"><ele>296.000</ele></trkpt>
      <trkpt lat="22.2425369444" lon="114.2003717623"><ele>296.000</ele></trkpt>
      <trkpt lat="22.2425369182" lon="114.2003717225"><ele>296.000</ele></trkpt>
      <trkpt lat="22.2425367945" lon="114.2003713054"><ele>296.000</ele></trkpt>
      <trkpt lat="22.2425364831" lon="114.2003703120"><ele>296.000</ele></trkpt>
      <trkpt lat="22.2425352916" lon="114.2003666255"><ele>296.000</ele></trkpt>
      <trkpt lat="22.2425347401" lon="114.2003648667"><ele>296.000</ele></trkpt>
      <trkpt lat="22.2425344918" lon="114.2003640121"><ele>296.000</ele></trkpt>
      <trkpt lat="22.2425342599" lon="114.2003631942"><ele>296.000</ele></trkpt>
      <trkpt lat="22.2425340550" lon="114.2003623832"><ele>296.000</ele></trkpt>
      <trkpt lat="22.2425338573" lon="114.2003615557"><ele>296.000</ele></trkpt>
      <trkpt lat="22.2425336931" lon="114.2003607767"><ele>296.000</ele></trkpt>
      <trkpt lat="22.2425335478" lon="114.2003599822"><ele>296.000</ele></trkpt>
      <trkpt lat="22.2425334134" lon="114.2003591383"><ele>296.000</ele></trkpt>
      <trkpt lat="22.2425332862" lon="114.2003582458"><ele>296.000</ele></trkpt>
      <trkpt lat="22.2425331599" lon="114.2003573397"><ele>296.000</ele></trkpt>
      <trkpt lat="22.2425330526" lon="114.2003564511"><ele>296.000</ele></trkpt>
      <trkpt lat="22.2425329533" lon="114.2003555674"><ele>296.000</ele></trkpt>
      <trkpt lat="22.2425328713" lon="114.2003546710"><ele>296.000</ele></trkpt>
      <trkpt lat="22.2425327992" lon="114.2003538115"><ele>296.000</ele></trkpt>
      <trkpt lat="22.2425327514" lon="114.2003529452"><ele>296.000</ele></trkpt>
      <trkpt lat="22.2425327100" lon="114.2003520489"><ele>296.000</ele></trkpt>
      <trkpt lat="22.2425326876" lon="114.2003512185"><ele>296.000</ele></trkpt>
      <trkpt lat="22.2425326877" lon="114.2003503231"><ele>296.000</ele></trkpt>
      <trkpt lat="22.2425327331" lon="114.2003487080"><ele>296.000</ele></trkpt>
      <trkpt lat="22.2425327874" lon="114.2003478999"><ele>296.000</ele></trkpt>
      <trkpt lat="22.2425328543" lon="114.2003471064"><ele>296.000</ele></trkpt>
      <trkpt lat="22.2425329484" lon="114.2003463411"><ele>296.000</ele></trkpt>
      <trkpt lat="22.2425330641" lon="114.2003455728"><ele>296.000</ele></trkpt>
      <trkpt lat="22.2425332141" lon="114.2003447754"><ele>298.000</ele></trkpt>
      <trkpt lat="22.2425333786" lon="114.2003439800"><ele>298.000</ele></trkpt>
      <trkpt lat="22.2425335665" lon="114.2003432185"><ele>298.000</ele></trkpt>
      <trkpt lat="22.2425337825" lon="114.2003424377"><ele>298.000</ele></trkpt>
      <trkpt lat="22.2425340174" lon="114.2003416810"><ele>298.000</ele></trkpt>
      <trkpt lat="22.2425342730" lon="114.2003409351"><ele>298.000</ele></trkpt>
      <trkpt lat="22.2425345549" lon="114.2003401930"><ele>298.000</ele></trkpt>
      <trkpt lat="22.2425348413" lon="114.2003394956"><ele>298.000</ele></trkpt>
      <trkpt lat="22.2425351385" lon="114.2003388506"><ele>298.000</ele></trkpt>
      <trkpt lat="22.2425354420" lon="114.2003382521"><ele>298.000</ele></trkpt>
      <trkpt lat="22.2425357672" lon="114.2003376895"><ele>298.000</ele></trkpt>
      <trkpt lat="22.2425361176" lon="114.2003371444"><ele>298.000</ele></trkpt>
      <trkpt lat="22.2425365485" lon="114.2003365450"><ele>298.000</ele></trkpt>
      <trkpt lat="22.2425370462" lon="114.2003358844"><ele>298.000</ele></trkpt>
      <trkpt lat="22.2425375592" lon="114.2003352307"><ele>298.000</ele></trkpt>
      <trkpt lat="22.2425381030" lon="114.2003345682"><ele>298.000</ele></trkpt>
      <trkpt lat="22.2425387172" lon="114.2003338408"><ele>298.000</ele></trkpt>
      <trkpt lat="22.2425399645" lon="114.2003323219"><ele>298.000</ele></trkpt>
      <trkpt lat="22.2425406356" lon="114.2003314926"><ele>298.000</ele></trkpt>
      <trkpt lat="22.2425414431" lon="114.2003304179"><ele>298.000</ele></trkpt>
      <trkpt lat="22.2425423807" lon="114.2003288514"><ele>298.000</ele></trkpt>
      <trkpt lat="22.2425438504" lon="114.2003264410"><ele>298.000</ele></trkpt>
      <trkpt lat="22.2425443472" lon="114.2003256359"><ele>298.000</ele></trkpt>
      <trkpt lat="22.2425448440" lon="114.2003248212"><ele>298.000</ele></trkpt>
      <trkpt lat="22.2425453281" lon="114.2003240355"><ele>298.000</ele></trkpt>
      <trkpt lat="22.2425458340" lon="114.2003232207"><ele>298.000</ele></trkpt>
      <trkpt lat="22.2425463434" lon="114.2003223962"><ele>298.000</ele></trkpt>
      <trkpt lat="22.2425473370" lon="114.2003207667"><ele>298.000</ele></trkpt>
      <trkpt lat="22.2425478338" lon="114.2003199616"><ele>298.000</ele></trkpt>
      <trkpt lat="22.2425483505" lon="114.2003191139"><ele>298.000</ele></trkpt>
      <trkpt lat="22.2425488581" lon="114.2003182671"><ele>298.000</ele></trkpt>
      <trkpt lat="22.2425493577" lon="114.2003174222"><ele>298.000</ele></trkpt>
      <trkpt lat="22.2425498482" lon="114.2003165871"><ele>298.000</ele></trkpt>
      <trkpt lat="22.2425508246" lon="114.2003149052"><ele>298.000</ele></trkpt>
      <trkpt lat="22.2425513250" lon="114.2003140264"><ele>298.000</ele></trkpt>
      <trkpt lat="22.2425522771" lon="114.2003123037"><ele>298.000</ele></trkpt>
      <trkpt lat="22.2425527577" lon="114.2003114152"><ele>298.000</ele></trkpt>
      <trkpt lat="22.2425532355" lon="114.2003105034"><ele>298.000</ele></trkpt>
      <trkpt lat="22.2425536926" lon="114.2003096042"><ele>298.000</ele></trkpt>
      <trkpt lat="22.2425541596" lon="114.2003086750"><ele>298.000</ele></trkpt>
      <trkpt lat="22.2425546122" lon="114.2003077234"><ele>298.000</ele></trkpt>
      <trkpt lat="22.2425550503" lon="114.2003067835"><ele>298.000</ele></trkpt>
      <trkpt lat="22.2425555020" lon="114.2003057679"><ele>298.000</ele></trkpt>
      <trkpt lat="22.2425559248" lon="114.2003047387"><ele>298.000</ele></trkpt>
      <trkpt lat="22.2425563241" lon="114.2003037173"><ele>298.000</ele></trkpt>
      <trkpt lat="22.2425567063" lon="114.2003026581"><ele>298.000</ele></trkpt>
      <trkpt lat="22.2425570595" lon="114.2003015765"><ele>298.000</ele></trkpt>
      <trkpt lat="22.2425573848" lon="114.2003004726"><ele>298.000</ele></trkpt>
      <trkpt lat="22.2425576830" lon="114.2002993134"><ele>298.000</ele></trkpt>
      <trkpt lat="22.2425579685" lon="114.2002979147"><ele>298.000</ele></trkpt>
      <trkpt lat="22.2425581178" lon="114.2002963189"><ele>300.000</ele></trkpt>
      <trkpt lat="22.2425581044" lon="114.2002947775"><ele>300.000</ele></trkpt>
      <trkpt lat="22.2425579746" lon="114.2002933505"><ele>300.000</ele></trkpt>
      <trkpt lat="22.2425577563" lon="114.2002919429"><ele>300.000</ele></trkpt>
      <trkpt lat="22.2425574395" lon="114.2002905964"><ele>300.000</ele></trkpt>
      <trkpt lat="22.2425571046" lon="114.2002894575"><ele>300.000</ele></trkpt>
      <trkpt lat="22.2425567896" lon="114.2002884602"><ele>300.000</ele></trkpt>
      <trkpt lat="22.2425564718" lon="114.2002874881"><ele>300.000</ele></trkpt>
      <trkpt lat="22.2425561451" lon="114.2002865267"><ele>300.000</ele></trkpt>
      <trkpt lat="22.2425558075" lon="114.2002855634"><ele>300.000</ele></trkpt>
      <trkpt lat="22.2425556025" lon="114.2002850036"><ele>300.000</ele></trkpt>
      <trkpt lat="22.2425554446" lon="114.2002845826"><ele>300.000</ele></trkpt>
      <trkpt lat="22.2425547603" lon="114.2002827355"><ele>300.000</ele></trkpt>
      <trkpt lat="22.2425543893" lon="114.2002817954"><ele>300.000</ele></trkpt>
      <trkpt lat="22.2425540372" lon="114.2002808932"><ele>300.000</ele></trkpt>
      <trkpt lat="22.2425536725" lon="114.2002799667"><ele>300.000</ele></trkpt>
      <trkpt lat="22.2425533114" lon="114.2002790742"><ele>300.000</ele></trkpt>
      <trkpt lat="22.2425529593" lon="114.2002781817"><ele>300.000</ele></trkpt>
      <trkpt lat="22.2425515186" lon="114.2002746213"><ele>300.000</ele></trkpt>
      <trkpt lat="22.2425511755" lon="114.2002737433"><ele>300.000</ele></trkpt>
      <trkpt lat="22.2425507828" lon="114.2002727470"><ele>300.000</ele></trkpt>
      <trkpt lat="22.2425507278" lon="114.2002726199"><ele>300.000</ele></trkpt>
      <trkpt lat="22.2425504885" lon="114.2002720000"><ele>300.000</ele></trkpt>
      <trkpt lat="22.2425501031" lon="114.2002709872"><ele>300.000</ele></trkpt>
      <trkpt lat="22.2425454538" lon="114.2002602682"><ele>300.000</ele></trkpt>
      <trkpt lat="22.2425400435" lon="114.2002478116"><ele>303.000</ele></trkpt>
      <trkpt lat="22.2425374488" lon="114.2002366108"><ele>303.000</ele></trkpt>
      <trkpt lat="22.2425378855" lon="114.2002330847"><ele>303.000</ele></trkpt>
      <trkpt lat="22.2425384940" lon="114.2002282325"><ele>303.000</ele></trkpt>
      <trkpt lat="22.2425439509" lon="114.2002176907"><ele>303.000</ele></trkpt>
      <trkpt lat="22.2425536805" lon="114.2002054433"><ele>303.000</ele></trkpt>
      <trkpt lat="22.2425622793" lon="114.2001946188"><ele>306.000</ele></trkpt>
      <trkpt lat="22.2425703081" lon="114.2001845140"><ele>306.000</ele></trkpt>
      <trkpt lat="22.2425776604" lon="114.2001752695"><ele>306.000</ele></trkpt>
      <trkpt lat="22.2425852503" lon="114.2001657136"><ele>306.000</ele></trkpt>
      <trkpt lat="22.2425932159" lon="114.2001556748"><ele>306.000</ele></trkpt>
      <trkpt lat="22.2426013441" lon="114.2001454439"><ele>308.000</ele></trkpt>
      <trkpt lat="22.2426098164" lon="114.2001347842"><ele>308.000</ele></trkpt>
      <trkpt lat="22.2426243286" lon="114.2001165173"><ele>308.000</ele></trkpt>
      <trkpt lat="22.2426292841" lon="114.2001075227"><ele>308.000</ele></trkpt>
      <trkpt lat="22.2426592918" lon="114.2000530778"><ele>312.000</ele></trkpt>
      <trkpt lat="22.2426663457" lon="114.2000402741"><ele>312.000</ele></trkpt>
      <trkpt lat="22.2426742225" lon="114.2000259873"><ele>312.000</ele></trkpt>
      <trkpt lat="22.2426867955" lon="114.2000093701"><ele>312.000</ele></trkpt>
      <trkpt lat="22.2426882679" lon="114.2000065378"><ele>312.000</ele></trkpt>
      <trkpt lat="22.2426980875" lon="114.1999843927"><ele>312.000</ele></trkpt>
      <trkpt lat="22.2427032732" lon="114.1999693576"><ele>312.000</ele></trkpt>
      <trkpt lat="22.2427053965" lon="114.1999617235"><ele>312.000</ele></trkpt>
      <trkpt lat="22.2427068425" lon="114.1999543221"><ele>314.000</ele></trkpt>
      <trkpt lat="22.2427073583" lon="114.1999469109"><ele>314.000</ele></trkpt>
      <trkpt lat="22.2427058793" lon="114.1999320589"><ele>314.000</ele></trkpt>
      <trkpt lat="22.2427009598" lon="114.1999166922"><ele>314.000</ele></trkpt>
      <trkpt lat="22.2426978092" lon="114.1999092416"><ele>314.000</ele></trkpt>
      <trkpt lat="22.2426937464" lon="114.1999015483"><ele>314.000</ele></trkpt>
      <trkpt lat="22.2426738019" lon="114.1998714438"><ele>314.000</ele></trkpt>
      <trkpt lat="22.2426524757" lon="114.1998415816"><ele>314.000</ele></trkpt>
      <trkpt lat="22.2426452533" lon="114.1998266802"><ele>314.000</ele></trkpt>
      <trkpt lat="22.2426335075" lon="114.1998043183"><ele>314.000</ele></trkpt>
      <trkpt lat="22.2426310522" lon="114.1997968871"><ele>314.000</ele></trkpt>
      <trkpt lat="22.2426301954" lon="114.1997894563"><ele>314.000</ele></trkpt>
      <trkpt lat="22.2426300249" lon="114.1997817927"><ele>314.000</ele></trkpt>
      <trkpt lat="22.2426315351" lon="114.1997664853"><ele>314.000</ele></trkpt>
      <trkpt lat="22.2426334327" lon="114.1997588415"><ele>314.000</ele></trkpt>
      <trkpt lat="22.2426344181" lon="114.1997514401"><ele>314.000</ele></trkpt>
      <trkpt lat="22.2426352329" lon="114.1997363653"><ele>314.000</ele></trkpt>
      <trkpt lat="22.2426350715" lon="114.1997287018"><ele>314.000</ele></trkpt>
      <trkpt lat="22.2426327448" lon="114.1997054489"><ele>314.000</ele></trkpt>
      <trkpt lat="22.2426330349" lon="114.1996980376"><ele>314.000</ele></trkpt>
      <trkpt lat="22.2426356187" lon="114.1996906461"><ele>314.000</ele></trkpt>
      <trkpt lat="22.2426414264" lon="114.1996832843"><ele>314.000</ele></trkpt>
      <trkpt lat="22.2426483629" lon="114.1996769218"><ele>314.000</ele></trkpt>
      <trkpt lat="22.2426516421" lon="114.1996692976"><ele>314.000</ele></trkpt>
      <trkpt lat="22.2426535396" lon="114.1996614015"><ele>314.000</ele></trkpt>
      <trkpt lat="22.2426545251" lon="114.1996537478"><ele>314.000</ele></trkpt>
      <trkpt lat="22.2426588539" lon="114.1996310490"><ele>314.000</ele></trkpt>
      <trkpt lat="22.2426607514" lon="114.1996236574"><ele>314.000</ele></trkpt>
      <trkpt lat="22.2426633352" lon="114.1996162659"><ele>314.000</ele></trkpt>
      <trkpt lat="22.2426740849" lon="114.1995936262"><ele>312.000</ele></trkpt>
      <trkpt lat="22.2426882844" lon="114.1995702790"><ele>312.000</ele></trkpt>
      <trkpt lat="22.2426924848" lon="114.1995624124"><ele>313.000</ele></trkpt>
      <trkpt lat="22.2427024838" lon="114.1995476787"><ele>313.000</ele></trkpt>
      <trkpt lat="22.2427089689" lon="114.1995400744"><ele>313.000</ele></trkpt>
      <trkpt lat="22.2427143161" lon="114.1995324700"><ele>313.000</ele></trkpt>
      <trkpt lat="22.2427459736" lon="114.1994969027"><ele>312.000</ele></trkpt>
      <trkpt lat="22.2427696642" lon="114.1994744203"><ele>312.000</ele></trkpt>
      <trkpt lat="22.2427853702" lon="114.1994629566"><ele>312.000</ele></trkpt>
      <trkpt lat="22.2428066032" lon="114.1994493112"><ele>312.000</ele></trkpt>
      <trkpt lat="22.2428204209" lon="114.1994435124"><ele>312.000</ele></trkpt>
      <trkpt lat="22.2428560307" lon="114.1994304513"><ele>312.000</ele></trkpt>
      <trkpt lat="22.2428837290" lon="114.1994218803"><ele>314.000</ele></trkpt>
      <trkpt lat="22.2429053583" lon="114.1994159082"><ele>315.000</ele></trkpt>
      <trkpt lat="22.2429198439" lon="114.1994130779"><ele>315.000</ele></trkpt>
      <trkpt lat="22.2429340671" lon="114.1994137107"><ele>315.000</ele></trkpt>
      <trkpt lat="22.2429563460" lon="114.1994124435"><ele>316.000</ele></trkpt>
      <trkpt lat="22.2429705692" lon="114.1994130763"><ele>316.000</ele></trkpt>
      <trkpt lat="22.2429776946" lon="114.1994116611"><ele>316.000</ele></trkpt>
      <trkpt lat="22.2429852898" lon="114.1994090141"><ele>316.000</ele></trkpt>
      <trkpt lat="22.2429926684" lon="114.1994053775"><ele>318.000</ele></trkpt>
      <trkpt lat="22.2429995956" lon="114.1994002469"><ele>318.000</ele></trkpt>
      <trkpt lat="22.2430137032" lon="114.1993885211"><ele>318.000</ele></trkpt>
      <trkpt lat="22.2430282898" lon="114.1993733418"><ele>318.000</ele></trkpt>
      <trkpt lat="22.2430352170" lon="114.1993687060"><ele>319.000</ele></trkpt>
      <trkpt lat="22.2430421259" lon="114.1993658066"><ele>319.000</ele></trkpt>
      <trkpt lat="22.2430568555" lon="114.1993612496"><ele>319.000</ele></trkpt>
      <trkpt lat="22.2430637736" lon="114.1993571182"><ele>319.000</ele></trkpt>
      <trkpt lat="22.2430709357" lon="114.1993515026"><ele>319.000</ele></trkpt>
      <trkpt lat="22.2430848360" lon="114.1993368083"><ele>320.000</ele></trkpt>
      <trkpt lat="22.2430904090" lon="114.1993289516"><ele>320.000</ele></trkpt>
      <trkpt lat="22.2430948350" lon="114.1993215798"><ele>320.000</ele></trkpt>
      <trkpt lat="22.2430981142" lon="114.1993139459"><ele>320.000</ele></trkpt>
      <trkpt lat="22.2431007071" lon="114.1993060596"><ele>320.000</ele></trkpt>
      <trkpt lat="22.2431047369" lon="114.1992907719"><ele>320.000</ele></trkpt>
      <trkpt lat="22.2431094530" lon="114.1992759888"><ele>322.000</ele></trkpt>
      <trkpt lat="22.2431122716" lon="114.1992685973"><ele>322.000</ele></trkpt>
      <trkpt lat="22.2431166976" lon="114.1992609830"><ele>322.000</ele></trkpt>
      <trkpt lat="22.2431227221" lon="114.1992533786"><ele>322.000</ele></trkpt>
      <trkpt lat="22.2431296677" lon="114.1992467735"><ele>322.000</ele></trkpt>
      <trkpt lat="22.2431370646" lon="114.1992406632"><ele>322.000</ele></trkpt>
      <trkpt lat="22.2431440102" lon="114.1992333112"><ele>322.000</ele></trkpt>
      <trkpt lat="22.2431493574" lon="114.1992259492"><ele>322.000</ele></trkpt>
      <trkpt lat="22.2431559067" lon="114.1992106910"><ele>322.000</ele></trkpt>
      <trkpt lat="22.2431608576" lon="114.1991956557"><ele>322.000</ele></trkpt>
      <trkpt lat="22.2431639020" lon="114.1991882740"><ele>322.000</ele></trkpt>
      <trkpt lat="22.2431762590" lon="114.1991661389"><ele>322.000</ele></trkpt>
      <trkpt lat="22.2431830431" lon="114.1991508808"><ele>322.000</ele></trkpt>
      <trkpt lat="22.2431889061" lon="114.1991358650"><ele>322.000</ele></trkpt>
      <trkpt lat="22.2431936221" lon="114.1991210819"><ele>324.000</ele></trkpt>
      <trkpt lat="22.2431946075" lon="114.1991136707"><ele>324.000</ele></trkpt>
      <trkpt lat="22.2431946297" lon="114.1990835209"><ele>324.000</ele></trkpt>
      <trkpt lat="22.2431975126" lon="114.1990682233"><ele>324.000</ele></trkpt>
      <trkpt lat="22.2432001054" lon="114.1990608318"><ele>324.000</ele></trkpt>
      <trkpt lat="22.2432063647" lon="114.1990534699"><ele>324.000</ele></trkpt>
      <trkpt lat="22.2432133011" lon="114.1990471171"><ele>324.000</ele></trkpt>
      <trkpt lat="22.2432193346" lon="114.1990397552"><ele>324.000</ele></trkpt>
      <trkpt lat="22.2432347360" lon="114.1990095011"><ele>326.000</ele></trkpt>
      <trkpt lat="22.2432416907" lon="114.1990014118"><ele>326.000</ele></trkpt>
      <trkpt lat="22.2432486179" lon="114.1989970281"><ele>326.000</ele></trkpt>
      <trkpt lat="22.2432557525" lon="114.1989943810"><ele>326.000</ele></trkpt>
      <trkpt lat="22.2432628870" lon="114.1989922285"><ele>326.000</ele></trkpt>
      <trkpt lat="22.2432771377" lon="114.1989903876"><ele>326.000</ele></trkpt>
      <trkpt lat="22.2432909096" lon="114.1989895265"><ele>326.000</ele></trkpt>
      <trkpt lat="22.2432978091" lon="114.1989886060"><ele>326.000</ele></trkpt>
      <trkpt lat="22.2433051694" lon="114.1989869483"><ele>326.000</ele></trkpt>
      <trkpt lat="22.2433125296" lon="114.1989850384"><ele>326.000</ele></trkpt>
      <trkpt lat="22.2433268171" lon="114.1989780076"><ele>326.000</ele></trkpt>
      <trkpt lat="22.2433337443" lon="114.1989728868"><ele>326.000</ele></trkpt>
      <trkpt lat="22.2433695731" lon="114.1989433149"><ele>326.000</ele></trkpt>
      <trkpt lat="22.2433979588" lon="114.1989260423"><ele>326.000</ele></trkpt>
      <trkpt lat="22.2434330095" lon="114.1989066076"><ele>326.000</ele></trkpt>
      <trkpt lat="22.2434537361" lon="114.1988981518"><ele>325.000</ele></trkpt>
      <trkpt lat="22.2434611147" lon="114.1988942727"><ele>325.000</ele></trkpt>
      <trkpt lat="22.2434680510" lon="114.1988888996"><ele>326.000</ele></trkpt>
      <trkpt lat="22.2434752223" lon="114.1988817997"><ele>326.000</ele></trkpt>
      <trkpt lat="22.2434852213" lon="114.1988668137"><ele>326.000</ele></trkpt>
      <trkpt lat="22.2434912548" lon="114.1988594615"><ele>326.000</ele></trkpt>
      <trkpt lat="22.2435051275" lon="114.1988474832"><ele>326.000</ele></trkpt>
      <trkpt lat="22.2435332419" lon="114.1988336641"><ele>326.000</ele></trkpt>
      <trkpt lat="22.2435401691" lon="114.1988290282"><ele>326.000</ele></trkpt>
      <trkpt lat="22.2435473402" lon="114.1988229179"><ele>326.000</ele></trkpt>
      <trkpt lat="22.2435614203" lon="114.1988136656"><ele>326.000</ele></trkpt>
      <trkpt lat="22.2435685641" lon="114.1988097767"><ele>326.000</ele></trkpt>
      <trkpt lat="22.2436254514" lon="114.1987875806"><ele>327.000</ele></trkpt>
      <trkpt lat="22.2436613589" lon="114.1987760617"><ele>327.000</ele></trkpt>
      <trkpt lat="22.2437114713" lon="114.1987671545"><ele>328.000</ele></trkpt>
      <trkpt lat="22.2437263992" lon="114.1987658084"><ele>328.000</ele></trkpt>
      <trkpt lat="22.2437406315" lon="114.1987661987"><ele>328.000</ele></trkpt>
      <trkpt lat="22.2437693036" lon="114.1987682015"><ele>328.000</ele></trkpt>
      <trkpt lat="22.2437973078" lon="114.1987679730"><ele>328.000</ele></trkpt>
      <trkpt lat="22.2438119916" lon="114.1987686156"><ele>328.000</ele></trkpt>
      <trkpt lat="22.2438540116" lon="114.1987670409"><ele>329.000</ele></trkpt>
      <trkpt lat="22.2438611186" lon="114.1987676046"><ele>329.000</ele></trkpt>
      <trkpt lat="22.2438682164" lon="114.1987701376"><ele>329.000</ele></trkpt>
      <trkpt lat="22.2438750610" lon="114.1987746593"><ele>329.000</ele></trkpt>
      <trkpt lat="22.2438821497" lon="114.1987779392"><ele>329.000</ele></trkpt>
      <trkpt lat="22.2438890218" lon="114.1987794827"><ele>330.000</ele></trkpt>
      <trkpt lat="22.2438959030" lon="114.1987805412"><ele>330.000</ele></trkpt>
      <trkpt lat="22.2439032450" lon="114.1987806102"><ele>330.000</ele></trkpt>
      <trkpt lat="22.2439174865" lon="114.1987792640"><ele>330.000</ele></trkpt>
      <trkpt lat="22.2439312674" lon="114.1987789073"><ele>330.000</ele></trkpt>
      <trkpt lat="22.2439381396" lon="114.1987802082"><ele>330.000</ele></trkpt>
      <trkpt lat="22.2439523261" lon="114.1987850414"><ele>330.000</ele></trkpt>
      <trkpt lat="22.2439802843" lon="114.1987909923"><ele>329.000</ele></trkpt>
      <trkpt lat="22.2440020567" lon="114.1987949051"><ele>328.000</ele></trkpt>
      <trkpt lat="22.2440373294" lon="114.1988033988"><ele>328.000</ele></trkpt>
      <trkpt lat="22.2440586687" lon="114.1988045953"><ele>328.000</ele></trkpt>
      <trkpt lat="22.2440729103" lon="114.1988032492"><ele>328.000</ele></trkpt>
      <trkpt lat="22.2440798191" lon="114.1988008444"><ele>328.000</ele></trkpt>
      <trkpt lat="22.2440867371" lon="114.1987969555"><ele>328.000</ele></trkpt>
      <trkpt lat="22.2441010796" lon="114.1987835028"><ele>330.000</ele></trkpt>
      <trkpt lat="22.2441079976" lon="114.1987798564"><ele>330.000</ele></trkpt>
      <trkpt lat="22.2441287149" lon="114.1987731370"><ele>330.000</ele></trkpt>
      <trkpt lat="22.2441572349" lon="114.1987648181"><ele>330.000</ele></trkpt>
      <trkpt lat="22.2441721089" lon="114.1987614931"><ele>330.000</ele></trkpt>
      <trkpt lat="22.2441935937" lon="114.1987557148"><ele>330.000</ele></trkpt>
      <trkpt lat="22.2442149789" lon="114.1987509744"><ele>330.000</ele></trkpt>
      <trkpt lat="22.2442365717" lon="114.1987482130"><ele>330.000</ele></trkpt>
      <trkpt lat="22.2442439319" lon="114.1987465554"><ele>330.000</ele></trkpt>
      <trkpt lat="22.2442584357" lon="114.1987422505"><ele>331.000</ele></trkpt>
      <trkpt lat="22.2442791806" lon="114.1987315731"><ele>331.000</ele></trkpt>
      <trkpt lat="22.2442865409" lon="114.1987294207"><ele>331.000</ele></trkpt>
      <trkpt lat="22.2442934405" lon="114.1987282480"><ele>331.000</ele></trkpt>
      <trkpt lat="22.2443010173" lon="114.1987278223"><ele>330.000</ele></trkpt>
      <trkpt lat="22.2443081335" lon="114.1987276488"><ele>330.000</ele></trkpt>
      <trkpt lat="22.2443152589" lon="114.1987264761"><ele>330.000</ele></trkpt>
      <trkpt lat="22.2443228540" lon="114.1987240812"><ele>330.000</ele></trkpt>
      <trkpt lat="22.2443449531" lon="114.1987163822"><ele>330.000</ele></trkpt>
      <trkpt lat="22.2443592496" lon="114.1987093514"><ele>330.000</ele></trkpt>
      <trkpt lat="22.2443661494" lon="114.1987069466"><ele>330.000</ele></trkpt>
      <trkpt lat="22.2443804275" lon="114.1987021373"><ele>330.000</ele></trkpt>
      <trkpt lat="22.2444084868" lon="114.1986949921"><ele>333.000</ele></trkpt>
      <trkpt lat="22.2444156304" lon="114.1986923449"><ele>333.000</ele></trkpt>
      <trkpt lat="22.2444262511" lon="114.1986879036"><ele>333.000</ele></trkpt>
      <trkpt lat="22.2444476826" lon="114.1986748303"><ele>334.000</ele></trkpt>
      <trkpt lat="22.2444594773" lon="114.1986702048"><ele>334.000</ele></trkpt>
      <trkpt lat="22.2444748302" lon="114.1986648912"><ele>334.000</ele></trkpt>
      <trkpt lat="22.2444976598" lon="114.1986646910"><ele>336.000</ele></trkpt>
      <trkpt lat="22.2445193867" lon="114.1986713297"><ele>336.000</ele></trkpt>
      <trkpt lat="22.2445485825" lon="114.1986739825"><ele>337.000</ele></trkpt>
      <trkpt lat="22.2445727572" lon="114.1986774204"><ele>338.000</ele></trkpt>
      <trkpt lat="22.2446020160" lon="114.1986814508"><ele>338.000</ele></trkpt>
      <trkpt lat="22.2446258654" lon="114.1986859459"><ele>340.000</ele></trkpt>
      <trkpt lat="22.2446454794" lon="114.1986911292"><ele>340.000</ele></trkpt>
      <trkpt lat="22.2446663124" lon="114.1986969141"><ele>342.000</ele></trkpt>
      <trkpt lat="22.2446829374" lon="114.1987000404"><ele>342.000</ele></trkpt>
      <trkpt lat="22.2447072657" lon="114.1987031290"><ele>344.000</ele></trkpt>
      <trkpt lat="22.2447323703" lon="114.1987077117"><ele>344.000</ele></trkpt>
      <trkpt lat="22.2447582334" lon="114.1987133325"><ele>346.000</ele></trkpt>
      <trkpt lat="22.2447765113" lon="114.1987151397"><ele>346.000</ele></trkpt>
      <trkpt lat="22.2447968933" lon="114.1987165301"><ele>347.000</ele></trkpt>
      <trkpt lat="22.2448089943" lon="114.1987172886"><ele>347.000</ele></trkpt>
      <trkpt lat="22.2448348936" lon="114.1987225602"><ele>347.000</ele></trkpt>
      <trkpt lat="22.2448563499" lon="114.1987267543"><ele>348.000</ele></trkpt>
      <trkpt lat="22.2448675113" lon="114.1987303744"><ele>348.000</ele></trkpt>
      <trkpt lat="22.2448810212" lon="114.1987308712"><ele>348.000</ele></trkpt>
      <trkpt lat="22.2448987852" lon="114.1987256841"><ele>350.000</ele></trkpt>
      <trkpt lat="22.2449165860" lon="114.1987157338"><ele>350.000</ele></trkpt>
      <trkpt lat="22.2449381522" lon="114.1987089271"><ele>350.000</ele></trkpt>
      <trkpt lat="22.2449546868" lon="114.1987133048"><ele>350.000</ele></trkpt>
      <trkpt lat="22.2449747157" lon="114.1987215051"><ele>352.000</ele></trkpt>
      <trkpt lat="22.2449947451" lon="114.1987263004"><ele>352.000</ele></trkpt>
      <trkpt lat="22.2450119935" lon="114.1987278747"><ele>352.000</ele></trkpt>
      <trkpt lat="22.2450297846" lon="114.1987227360"><ele>354.000</ele></trkpt>
      <trkpt lat="22.2450461664" lon="114.1987216908"><ele>354.000</ele></trkpt>
      <trkpt lat="22.2450614543" lon="114.1987295121"><ele>354.000</ele></trkpt>
      <trkpt lat="22.2450793340" lon="114.1987369942"><ele>357.000</ele></trkpt>
      <trkpt lat="22.2450916244" lon="114.1987393049"><ele>357.000</ele></trkpt>
      <trkpt lat="22.2451089271" lon="114.1987400158"><ele>358.000</ele></trkpt>
      <trkpt lat="22.2451238098" lon="114.1987392032"><ele>358.000</ele></trkpt>
      <trkpt lat="22.2451238640" lon="114.1987391935"><ele>358.000</ele></trkpt>
      <trkpt lat="22.2451402730" lon="114.1987373335"><ele>358.000</ele></trkpt>
      <trkpt lat="22.2451530413" lon="114.1987453290"><ele>358.000</ele></trkpt>
      <trkpt lat="22.2451631365" lon="114.1987532465"><ele>360.000</ele></trkpt>
      <trkpt lat="22.2451704596" lon="114.1987591554"><ele>360.000</ele></trkpt>
      <trkpt lat="22.2451765994" lon="114.1987666357"><ele>360.000</ele></trkpt>
      <trkpt lat="22.2451834257" lon="114.1987736214"><ele>360.000</ele></trkpt>
      <trkpt lat="22.2451977736" lon="114.1987868556"><ele>360.000</ele></trkpt>
      <trkpt lat="22.2452116885" lon="114.1987973735"><ele>360.000</ele></trkpt>
      <trkpt lat="22.2452333967" lon="114.1988089500"><ele>360.000</ele></trkpt>
      <trkpt lat="22.2452470858" lon="114.1988187209"><ele>362.000</ele></trkpt>
      <trkpt lat="22.2452685592" lon="114.1988302973"><ele>362.000</ele></trkpt>
      <trkpt lat="22.2452825199" lon="114.1988356253"><ele>362.000</ele></trkpt>
      <trkpt lat="22.2453038226" lon="114.1988407701"><ele>364.000</ele></trkpt>
      <trkpt lat="22.2453106948" lon="114.1988418285"><ele>364.000</ele></trkpt>
      <trkpt lat="22.2453244390" lon="114.1988454200"><ele>362.000</ele></trkpt>
      <trkpt lat="22.2453457141" lon="114.1988537758"><ele>364.000</ele></trkpt>
      <trkpt lat="22.2453528027" lon="114.1988575505"><ele>364.000</ele></trkpt>
      <trkpt lat="22.2453596657" lon="114.1988598410"><ele>364.000</ele></trkpt>
      <trkpt lat="22.2453894479" lon="114.1988670534"><ele>365.000</ele></trkpt>
      <trkpt lat="22.2453972230" lon="114.1988695962"><ele>365.000</ele></trkpt>
      <trkpt lat="22.2454040858" lon="114.1988728762"><ele>365.000</ele></trkpt>
      <trkpt lat="22.2454111652" lon="114.1988776404"><ele>365.000</ele></trkpt>
      <trkpt lat="22.2454182264" lon="114.1988838889"><ele>365.000</ele></trkpt>
      <trkpt lat="22.2454255499" lon="114.1988864317"><ele>367.000</ele></trkpt>
      <trkpt lat="22.2454395291" lon="114.1988890337"><ele>367.000</ele></trkpt>
      <trkpt lat="22.2454463921" lon="114.1988910816"><ele>364.000</ele></trkpt>
      <trkpt lat="22.2454676763" lon="114.1988994374"><ele>364.000</ele></trkpt>
      <trkpt lat="22.2454754604" lon="114.1989014952"><ele>364.000</ele></trkpt>
      <trkpt lat="22.2454898911" lon="114.1989043495"><ele>364.000</ele></trkpt>
      <trkpt lat="22.2454972420" lon="114.1989044186"><ele>364.000</ele></trkpt>
      <trkpt lat="22.2455266280" lon="114.1989029778"><ele>366.000</ele></trkpt>
      <trkpt lat="22.2455468747" lon="114.1989040674"><ele>366.000</ele></trkpt>
      <trkpt lat="22.2455563293" lon="114.1989071810"><ele>366.000</ele></trkpt>
      <trkpt lat="22.2455658819" lon="114.1989082680"><ele>368.000</ele></trkpt>
      <trkpt lat="22.2455754271" lon="114.1989093657"><ele>368.000</ele></trkpt>
      <trkpt lat="22.2455849823" lon="114.1989104537"><ele>368.000</ele></trkpt>
      <trkpt lat="22.2455927549" lon="114.1989113454"><ele>368.000</ele></trkpt>
      <trkpt lat="22.2455989420" lon="114.1989170117"><ele>368.000</ele></trkpt>
      <trkpt lat="22.2456059652" lon="114.1989234523"><ele>370.000</ele></trkpt>
      <trkpt lat="22.2456130010" lon="114.1989299064"><ele>370.000</ele></trkpt>
      <trkpt lat="22.2456200359" lon="114.1989363498"><ele>370.000</ele></trkpt>
      <trkpt lat="22.2456270690" lon="114.1989427914"><ele>368.000</ele></trkpt>
      <trkpt lat="22.2456340940" lon="114.1989492339"><ele>368.000</ele></trkpt>
      <trkpt lat="22.2456411045" lon="114.1989556550"><ele>368.000</ele></trkpt>
      <trkpt lat="22.2456469399" lon="114.1989641840"><ele>368.000</ele></trkpt>
      <trkpt lat="22.2456526453" lon="114.1989725169"><ele>369.000</ele></trkpt>
      <trkpt lat="22.2456573231" lon="114.1989793597"><ele>369.000</ele></trkpt>
      <trkpt lat="22.2456593586" lon="114.1989797849"><ele>369.000</ele></trkpt>
      <trkpt lat="22.2456668872" lon="114.1989813567"><ele>369.000</ele></trkpt>
      <trkpt lat="22.2456768027" lon="114.1989827649"><ele>369.000</ele></trkpt>
      <trkpt lat="22.2456865737" lon="114.1989841439"><ele>369.000</ele></trkpt>
      <trkpt lat="22.2456963538" lon="114.1989855327"><ele>371.000</ele></trkpt>
      <trkpt lat="22.2457057699" lon="114.1989868613"><ele>371.000</ele></trkpt>
      <trkpt lat="22.2457162820" lon="114.1989902543"><ele>368.000</ele></trkpt>
      <trkpt lat="22.2457266768" lon="114.1989935940"><ele>368.000</ele></trkpt>
      <trkpt lat="22.2457370589" lon="114.1989969415"><ele>368.000</ele></trkpt>
      <trkpt lat="22.2457467673" lon="114.1990000706"><ele>370.000</ele></trkpt>
      <trkpt lat="22.2457576597" lon="114.1990031494"><ele>370.000</ele></trkpt>
      <trkpt lat="22.2457684690" lon="114.1990062069"><ele>370.000</ele></trkpt>
      <trkpt lat="22.2457792874" lon="114.1990092644"><ele>370.000</ele></trkpt>
      <trkpt lat="22.2457903441" lon="114.1990123918"><ele>372.000</ele></trkpt>
      <trkpt lat="22.2457995985" lon="114.1990138193"><ele>372.000</ele></trkpt>
      <trkpt lat="22.2458086019" lon="114.1990152176"><ele>372.000</ele></trkpt>
      <trkpt lat="22.2458176053" lon="114.1990166063"><ele>372.000</ele></trkpt>
      <trkpt lat="22.2458266087" lon="114.1990180046"><ele>372.000</ele></trkpt>
      <trkpt lat="22.2458356139" lon="114.1990193932"><ele>374.000</ele></trkpt>
      <trkpt lat="22.2458440999" lon="114.1990207042"><ele>374.000</ele></trkpt>
      <trkpt lat="22.2458522559" lon="114.1990240824"><ele>374.000</ele></trkpt>
      <trkpt lat="22.2458608797" lon="114.1990276440"><ele>374.000</ele></trkpt>
      <trkpt lat="22.2458695035" lon="114.1990312143"><ele>374.000</ele></trkpt>
      <trkpt lat="22.2458785364" lon="114.1990349457"><ele>376.000</ele></trkpt>
      <trkpt lat="22.2458870404" lon="114.1990365302"><ele>375.000</ele></trkpt>
      <trkpt lat="22.2458966406" lon="114.1990383177"><ele>375.000</ele></trkpt>
      <trkpt lat="22.2459062490" lon="114.1990401042"><ele>375.000</ele></trkpt>
      <trkpt lat="22.2459158484" lon="114.1990418906"><ele>375.000</ele></trkpt>
      <trkpt lat="22.2459258008" lon="114.1990437412"><ele>376.000</ele></trkpt>
      <trkpt lat="22.2459365388" lon="114.1990464271"><ele>376.000</ele></trkpt>
      <trkpt lat="22.2459473933" lon="114.1990491451"><ele>376.000</ele></trkpt>
      <trkpt lat="22.2459582569" lon="114.1990518631"><ele>376.000</ele></trkpt>
      <trkpt lat="22.2459688936" lon="114.1990555647"><ele>377.000</ele></trkpt>
      <trkpt lat="22.2459724697" lon="114.1990560600"><ele>377.000</ele></trkpt>
      <trkpt lat="22.2459760548" lon="114.1990565941"><ele>377.000</ele></trkpt>
      <trkpt lat="22.2459796309" lon="114.1990571476"><ele>377.000</ele></trkpt>
      <trkpt lat="22.2459832160" lon="114.1990577108"><ele>377.000</ele></trkpt>
      <trkpt lat="22.2459867920" lon="114.1990582837"><ele>377.000</ele></trkpt>
      <trkpt lat="22.2459903681" lon="114.1990588470"><ele>377.000</ele></trkpt>
      <trkpt lat="22.2459939532" lon="114.1990593908"><ele>377.000</ele></trkpt>
      <trkpt lat="22.2459975293" lon="114.1990599152"><ele>377.000</ele></trkpt>
      <trkpt lat="22.2460011144" lon="114.1990604008"><ele>377.000</ele></trkpt>
      <trkpt lat="22.2460046995" lon="114.1990608476"><ele>377.000</ele></trkpt>
      <trkpt lat="22.2460082937" lon="114.1990612459"><ele>377.000</ele></trkpt>
      <trkpt lat="22.2460118878" lon="114.1990615763"><ele>377.000</ele></trkpt>
      <trkpt lat="22.2460154820" lon="114.1990618388"><ele>377.000</ele></trkpt>
      <trkpt lat="22.2460190852" lon="114.1990620431"><ele>377.000</ele></trkpt>
      <trkpt lat="22.2460226884" lon="114.1990621989"><ele>377.000</ele></trkpt>
      <trkpt lat="22.2460262917" lon="114.1990623158"><ele>377.000</ele></trkpt>
      <trkpt lat="22.2460299039" lon="114.1990623940"><ele>377.000</ele></trkpt>
      <trkpt lat="22.2460335162" lon="114.1990624431"><ele>377.000</ele></trkpt>
      <trkpt lat="22.2460371284" lon="114.1990624728"><ele>377.000</ele></trkpt>
      <trkpt lat="22.2460407407" lon="114.1990624733"><ele>377.000</ele></trkpt>
      <trkpt lat="22.2460443530" lon="114.1990624545"><ele>377.000</ele></trkpt>
      <trkpt lat="22.2460479743" lon="114.1990624260"><ele>377.000</ele></trkpt>
      <trkpt lat="22.2460515866" lon="114.1990623877"><ele>377.000</ele></trkpt>
      <trkpt lat="22.2460552079" lon="114.1990623495"><ele>377.000</ele></trkpt>
      <trkpt lat="22.2460588201" lon="114.1990623113"><ele>377.000</ele></trkpt>
      <trkpt lat="22.2460624324" lon="114.1990622730"><ele>377.000</ele></trkpt>
      <trkpt lat="22.2460660537" lon="114.1990622445"><ele>377.000</ele></trkpt>
      <trkpt lat="22.2460696660" lon="114.1990622354"><ele>377.000</ele></trkpt>
      <trkpt lat="22.2460739827" lon="114.1990622555"><ele>377.000</ele></trkpt>
      <trkpt lat="22.2460843292" lon="114.1990613442"><ele>377.000</ele></trkpt>
      <trkpt lat="22.2460946874" lon="114.1990611519"><ele>377.000</ele></trkpt>
      <trkpt lat="22.2461050547" lon="114.1990609595"><ele>378.000</ele></trkpt>
      <trkpt lat="22.2461151573" lon="114.1990607719"><ele>378.000</ele></trkpt>
      <trkpt lat="22.2461242312" lon="114.1990617172"><ele>378.000</ele></trkpt>
      <trkpt lat="22.2461335688" lon="114.1990626888"><ele>378.000</ele></trkpt>
      <trkpt lat="22.2461421794" lon="114.1990635856"><ele>378.000</ele></trkpt>
      <trkpt lat="22.2461524168" lon="114.1990684434"><ele>380.000</ele></trkpt>
      <trkpt lat="22.2461633071" lon="114.1990736255"><ele>380.000</ele></trkpt>
      <trkpt lat="22.2461741541" lon="114.1990787725"><ele>380.000</ele></trkpt>
      <trkpt lat="22.2461836266" lon="114.1990835973"><ele>380.000</ele></trkpt>
      <trkpt lat="22.2461936454" lon="114.1990886997"><ele>380.000</ele></trkpt>
      <trkpt lat="22.2462012869" lon="114.1990903704"><ele>380.000</ele></trkpt>
      <trkpt lat="22.2462116268" lon="114.1990926265"><ele>380.000</ele></trkpt>
      <trkpt lat="22.2462238811" lon="114.1990946346"><ele>380.000</ele></trkpt>
      <trkpt lat="22.2462357526" lon="114.1990965805"><ele>380.000</ele></trkpt>
      <trkpt lat="22.2462464742" lon="114.1990998282"><ele>381.000</ele></trkpt>
      <trkpt lat="22.2462574551" lon="114.1991031670"><ele>381.000</ele></trkpt>
      <trkpt lat="22.2462689687" lon="114.1991066554"><ele>381.000</ele></trkpt>
      <trkpt lat="22.2462785421" lon="114.1991070061"><ele>381.000</ele></trkpt>
      <trkpt lat="22.2462896498" lon="114.1991074056"><ele>384.000</ele></trkpt>
      <trkpt lat="22.2463007565" lon="114.1991078148"><ele>384.000</ele></trkpt>
      <trkpt lat="22.2463121261" lon="114.1991082298"><ele>384.000</ele></trkpt>
      <trkpt lat="22.2463213626" lon="114.1991090093"><ele>384.000</ele></trkpt>
      <trkpt lat="22.2463307002" lon="114.1991098063"><ele>386.000</ele></trkpt>
      <trkpt lat="22.2463400315" lon="114.1991105935"><ele>386.000</ele></trkpt>
      <trkpt lat="22.2463493691" lon="114.1991113808"><ele>386.000</ele></trkpt>
      <trkpt lat="22.2463587040" lon="114.1991121680"><ele>386.000</ele></trkpt>
      <trkpt lat="22.2463680418" lon="114.1991117349"><ele>386.000</ele></trkpt>
      <trkpt lat="22.2463773732" lon="114.1991114618"><ele>386.000</ele></trkpt>
      <trkpt lat="22.2463870606" lon="114.1991097424"><ele>386.000</ele></trkpt>
      <trkpt lat="22.2463906638" lon="114.1991101601"><ele>386.000</ele></trkpt>
      <trkpt lat="22.2463942670" lon="114.1991106749"><ele>386.000</ele></trkpt>
      <trkpt lat="22.2463978792" lon="114.1991112284"><ele>386.000</ele></trkpt>
      <trkpt lat="22.2464014914" lon="114.1991118013"><ele>386.000</ele></trkpt>
      <trkpt lat="22.2464050945" lon="114.1991123451"><ele>386.000</ele></trkpt>
      <trkpt lat="22.2464086977" lon="114.1991128211"><ele>386.000</ele></trkpt>
      <trkpt lat="22.2464123009" lon="114.1991131806"><ele>386.000</ele></trkpt>
      <trkpt lat="22.2464158860" lon="114.1991133848"><ele>386.000</ele></trkpt>
      <trkpt lat="22.2464194622" lon="114.1991133951"><ele>386.000</ele></trkpt>
      <trkpt lat="22.2464230203" lon="114.1991131823"><ele>386.000</ele></trkpt>
      <trkpt lat="22.2464266055" lon="114.1991128336"><ele>386.000</ele></trkpt>
      <trkpt lat="22.2464302088" lon="114.1991124170"><ele>386.000</ele></trkpt>
      <trkpt lat="22.2464338212" lon="114.1991119131"><ele>386.000</ele></trkpt>
      <trkpt lat="22.2464374335" lon="114.1991113220"><ele>386.000</ele></trkpt>
      <trkpt lat="22.2464410459" lon="114.1991106241"><ele>386.000</ele></trkpt>
      <trkpt lat="22.2464446221" lon="114.1991098097"><ele>386.000</ele></trkpt>
      <trkpt lat="22.2464481713" lon="114.1991088693"><ele>386.000</ele></trkpt>
      <trkpt lat="22.2464516754" lon="114.1991078028"><ele>386.000</ele></trkpt>
      <trkpt lat="22.2464551253" lon="114.1991065907"><ele>386.000</ele></trkpt>
      <trkpt lat="22.2464585029" lon="114.1991052234"><ele>386.000</ele></trkpt>
      <trkpt lat="22.2464617993" lon="114.1991036912"><ele>386.000</ele></trkpt>
      <trkpt lat="22.2464650416" lon="114.1991019940"><ele>384.000</ele></trkpt>
      <trkpt lat="22.2464682748" lon="114.1991001417"><ele>384.000</ele></trkpt>
      <trkpt lat="22.2464714990" lon="114.1990981341"><ele>384.000</ele></trkpt>
      <trkpt lat="22.2464747233" lon="114.1990960101"><ele>384.000</ele></trkpt>
      <trkpt lat="22.2464779475" lon="114.1990937697"><ele>384.000</ele></trkpt>
      <trkpt lat="22.2464811628" lon="114.1990914225"><ele>384.000</ele></trkpt>
      <trkpt lat="22.2464843690" lon="114.1990889978"><ele>384.000</ele></trkpt>
      <trkpt lat="22.2464875752" lon="114.1990864955"><ele>384.000</ele></trkpt>
      <trkpt lat="22.2464907724" lon="114.1990839349"><ele>387.000</ele></trkpt>
      <trkpt lat="22.2464939697" lon="114.1990813356"><ele>387.000</ele></trkpt>
      <trkpt lat="22.2464971488" lon="114.1990787071"><ele>387.000</ele></trkpt>
      <trkpt lat="22.2465003280" lon="114.1990760690"><ele>387.000</ele></trkpt>
      <trkpt lat="22.2465035071" lon="114.1990734308"><ele>387.000</ele></trkpt>
      <trkpt lat="22.2465066682" lon="114.1990708024"><ele>387.000</ele></trkpt>
      <trkpt lat="22.2465098293" lon="114.1990682127"><ele>387.000</ele></trkpt>
      <trkpt lat="22.2465129814" lon="114.1990656619"><ele>387.000</ele></trkpt>
      <trkpt lat="22.2465161244" lon="114.1990631692"><ele>387.000</ele></trkpt>
      <trkpt lat="22.2465192584" lon="114.1990607445"><ele>387.000</ele></trkpt>
      <trkpt lat="22.2465223923" lon="114.1990584168"><ele>387.000</ele></trkpt>
      <trkpt lat="22.2465255082" lon="114.1990561860"><ele>387.000</ele></trkpt>
      <trkpt lat="22.2465286241" lon="114.1990540717"><ele>387.000</ele></trkpt>
      <trkpt lat="22.2465317219" lon="114.1990520835"><ele>387.000</ele></trkpt>
      <trkpt lat="22.2465348197" lon="114.1990502408"><ele>387.000</ele></trkpt>
      <trkpt lat="22.2465379084" lon="114.1990485631"><ele>387.000</ele></trkpt>
      <trkpt lat="22.2465409790" lon="114.1990470599"><ele>387.000</ele></trkpt>
      <trkpt lat="22.2465440496" lon="114.1990457411"><ele>387.000</ele></trkpt>
      <trkpt lat="22.2465471021" lon="114.1990446162"><ele>387.000</ele></trkpt>
      <trkpt lat="22.2465501546" lon="114.1990437242"><ele>387.000</ele></trkpt>
      <trkpt lat="22.2465531890" lon="114.1990430553"><ele>387.000</ele></trkpt>
      <trkpt lat="22.2465562144" lon="114.1990426290"><ele>387.000</ele></trkpt>
      <trkpt lat="22.2465592306" lon="114.1990424645"><ele>387.000</ele></trkpt>
      <trkpt lat="22.2465622288" lon="114.1990425717"><ele>387.000</ele></trkpt>
      <trkpt lat="22.2465652179" lon="114.1990429699"><ele>387.000</ele></trkpt>
      <trkpt lat="22.2465681708" lon="114.1990436398"><ele>387.000</ele></trkpt>
      <trkpt lat="22.2465711057" lon="114.1990445812"><ele>387.000</ele></trkpt>
      <trkpt lat="22.2465740224" lon="114.1990457555"><ele>387.000</ele></trkpt>
      <trkpt lat="22.2465769120" lon="114.1990471626"><ele>387.000</ele></trkpt>
      <trkpt lat="22.2465797926" lon="114.1990487928"><ele>387.000</ele></trkpt>
      <trkpt lat="22.2465826461" lon="114.1990506267"><ele>387.000</ele></trkpt>
      <trkpt lat="22.2465854904" lon="114.1990526353"><ele>387.000</ele></trkpt>
      <trkpt lat="22.2465883167" lon="114.1990548281"><ele>387.000</ele></trkpt>
      <trkpt lat="22.2465911430" lon="114.1990571665"><ele>387.000</ele></trkpt>
      <trkpt lat="22.2465939512" lon="114.1990596504"><ele>387.000</ele></trkpt>
      <trkpt lat="22.2465967504" lon="114.1990622701"><ele>387.000</ele></trkpt>
      <trkpt lat="22.2465995495" lon="114.1990649965"><ele>389.000</ele></trkpt>
      <trkpt lat="22.2466023396" lon="114.1990678199"><ele>389.000</ele></trkpt>
      <trkpt lat="22.2466051297" lon="114.1990707209"><ele>389.000</ele></trkpt>
      <trkpt lat="22.2466079107" lon="114.1990736996"><ele>389.000</ele></trkpt>
      <trkpt lat="22.2466107008" lon="114.1990767267"><ele>389.000</ele></trkpt>
      <trkpt lat="22.2466134999" lon="114.1990797926"><ele>389.000</ele></trkpt>
      <trkpt lat="22.2466162899" lon="114.1990828780"><ele>389.000</ele></trkpt>
      <trkpt lat="22.2466190980" lon="114.1990859827"><ele>386.000</ele></trkpt>
      <trkpt lat="22.2466219062" lon="114.1990890681"><ele>386.000</ele></trkpt>
      <trkpt lat="22.2466247323" lon="114.1990921437"><ele>386.000</ele></trkpt>
      <trkpt lat="22.2466275676" lon="114.1990951806"><ele>386.000</ele></trkpt>
      <trkpt lat="22.2466304118" lon="114.1990981592"><ele>386.000</ele></trkpt>
      <trkpt lat="22.2466332741" lon="114.1991010796"><ele>386.000</ele></trkpt>
      <trkpt lat="22.2466361545" lon="114.1991039128"><ele>386.000</ele></trkpt>
      <trkpt lat="22.2466390530" lon="114.1991066586"><ele>386.000</ele></trkpt>
      <trkpt lat="22.2466419696" lon="114.1991092880"><ele>386.000</ele></trkpt>
      <trkpt lat="22.2466449132" lon="114.1991118010"><ele>388.000</ele></trkpt>
      <trkpt lat="22.2466478749" lon="114.1991141588"><ele>388.000</ele></trkpt>
      <trkpt lat="22.2466508638" lon="114.1991163711"><ele>388.000</ele></trkpt>
      <trkpt lat="22.2466538978" lon="114.1991184379"><ele>388.000</ele></trkpt>
      <trkpt lat="22.2466570041" lon="114.1991203786"><ele>388.000</ele></trkpt>
      <trkpt lat="22.2466601736" lon="114.1991222223"><ele>388.000</ele></trkpt>
      <trkpt lat="22.2466633973" lon="114.1991239592"><ele>388.000</ele></trkpt>
      <trkpt lat="22.2466666843" lon="114.1991256089"><ele>388.000</ele></trkpt>
      <trkpt lat="22.2466700073" lon="114.1991271713"><ele>388.000</ele></trkpt>
      <trkpt lat="22.2466733756" lon="114.1991286561"><ele>388.000</ele></trkpt>
      <trkpt lat="22.2466767709" lon="114.1991300632"><ele>388.000</ele></trkpt>
      <trkpt lat="22.2466801934" lon="114.1991314122"><ele>388.000</ele></trkpt>
      <trkpt lat="22.2466836429" lon="114.1991327030"><ele>388.000</ele></trkpt>
      <trkpt lat="22.2466871015" lon="114.1991339356"><ele>385.000</ele></trkpt>
      <trkpt lat="22.2466905691" lon="114.1991351293"><ele>386.000</ele></trkpt>
      <trkpt lat="22.2466940277" lon="114.1991362843"><ele>386.000</ele></trkpt>
      <trkpt lat="22.2466974953" lon="114.1991374101"><ele>386.000</ele></trkpt>
      <trkpt lat="22.2467009449" lon="114.1991385069"><ele>386.000</ele></trkpt>
      <trkpt lat="22.2467044125" lon="114.1991395358"><ele>386.000</ele></trkpt>
      <trkpt lat="22.2467078982" lon="114.1991404967"><ele>386.000</ele></trkpt>
      <trkpt lat="22.2467114020" lon="114.1991413800"><ele>386.000</ele></trkpt>
      <trkpt lat="22.2467149239" lon="114.1991422149"><ele>386.000</ele></trkpt>
      <trkpt lat="22.2467184638" lon="114.1991430012"><ele>386.000</ele></trkpt>
      <trkpt lat="22.2467220127" lon="114.1991437488"><ele>386.000</ele></trkpt>
      <trkpt lat="22.2467255707" lon="114.1991444575"><ele>386.000</ele></trkpt>
      <trkpt lat="22.2467291287" lon="114.1991451371"><ele>386.000</ele></trkpt>
      <trkpt lat="22.2467326957" lon="114.1991458070"><ele>386.000</ele></trkpt>
      <trkpt lat="22.2467362718" lon="114.1991464673"><ele>386.000</ele></trkpt>
      <trkpt lat="22.2467398478" lon="114.1991471178"><ele>386.000</ele></trkpt>
      <trkpt lat="22.2467434149" lon="114.1991477877"><ele>386.000</ele></trkpt>
      <trkpt lat="22.2467469819" lon="114.1991484577"><ele>386.000</ele></trkpt>
      <trkpt lat="22.2467505399" lon="114.1991491567"><ele>386.000</ele></trkpt>
      <trkpt lat="22.2467561387" lon="114.1991503217"><ele>386.000</ele></trkpt>
      <trkpt lat="22.2467626316" lon="114.1991514869"><ele>386.000</ele></trkpt>
      <trkpt lat="22.2467979678" lon="114.1991576235"><ele>387.000</ele></trkpt>
      <trkpt lat="22.2468173387" lon="114.1991568213"><ele>387.000</ele></trkpt>
      <trkpt lat="22.2468386332" lon="114.1991554569"><ele>387.000</ele></trkpt>
      <trkpt lat="22.2468690033" lon="114.1991559759"><ele>387.000</ele></trkpt>
      <trkpt lat="22.2468887982" lon="114.1991584915"><ele>388.000</ele></trkpt>
      <trkpt lat="22.2469003208" lon="114.1991624514"><ele>388.000</ele></trkpt>
      <trkpt lat="22.2469171800" lon="114.1991702051"><ele>390.000</ele></trkpt>
      <trkpt lat="22.2469383556" lon="114.1991797833"><ele>390.000</ele></trkpt>
      <trkpt lat="22.2469601992" lon="114.1991916026"><ele>388.000</ele></trkpt>
      <trkpt lat="22.2469831987" lon="114.1992033735"><ele>388.000</ele></trkpt>
      <trkpt lat="22.2470078062" lon="114.1992115165"><ele>388.000</ele></trkpt>
      <trkpt lat="22.2470343563" lon="114.1992121901"><ele>388.000</ele></trkpt>
      <trkpt lat="22.2470617823" lon="114.1992133586"><ele>390.000</ele></trkpt>
      <trkpt lat="22.2470894616" lon="114.1992108601"><ele>390.000</ele></trkpt>
      <trkpt lat="22.2471178451" lon="114.1992107870"><ele>390.000</ele></trkpt>
      <trkpt lat="22.2471477995" lon="114.1992128678"><ele>390.000</ele></trkpt>
      <trkpt lat="22.2471688319" lon="114.1992132883"><ele>390.000</ele></trkpt>
      <trkpt lat="22.2471909477" lon="114.1992157559"><ele>390.000</ele></trkpt>
      <trkpt lat="22.2472119343" lon="114.1992207843"><ele>390.000</ele></trkpt>
      <trkpt lat="22.2472330747" lon="114.1992233196"><ele>392.000</ele></trkpt>
      <trkpt lat="22.2472583517" lon="114.1992221886"><ele>392.000</ele></trkpt>
      <trkpt lat="22.2472756817" lon="114.1992216772"><ele>392.000</ele></trkpt>
      <trkpt lat="22.2472976714" lon="114.1992215352"><ele>392.000</ele></trkpt>
      <trkpt lat="22.2473166539" lon="114.1992212084"><ele>392.000</ele></trkpt>
      <trkpt lat="22.2473445409" lon="114.1992196025"><ele>392.000</ele></trkpt>
      <trkpt lat="22.2473676687" lon="114.1992176174"><ele>390.000</ele></trkpt>
      <trkpt lat="22.2473907518" lon="114.1992122273"><ele>390.000</ele></trkpt>
      <trkpt lat="22.2474175196" lon="114.1992062073"><ele>390.000</ele></trkpt>
      <trkpt lat="22.2474331429" lon="114.1992042793"><ele>390.000</ele></trkpt>
      <trkpt lat="22.2474391846" lon="114.1992029997"><ele>390.000</ele></trkpt>
      <trkpt lat="22.2474540586" lon="114.1991996067"><ele>390.000</ele></trkpt>
      <trkpt lat="22.2474705763" lon="114.1991955058"><ele>390.000</ele></trkpt>
      <trkpt lat="22.2474883582" lon="114.1991916185"><ele>390.000</ele></trkpt>
      <trkpt lat="22.2475057785" lon="114.1991905251"><ele>390.000</ele></trkpt>
      <trkpt lat="22.2475283462" lon="114.1991899951"><ele>390.000</ele></trkpt>
      <trkpt lat="22.2475524315" lon="114.1991866618"><ele>392.000</ele></trkpt>
      <trkpt lat="22.2475765713" lon="114.1991804279"><ele>394.000</ele></trkpt>
      <trkpt lat="22.2475966742" lon="114.1991764439"><ele>394.000</ele></trkpt>
      <trkpt lat="22.2476132276" lon="114.1991750981"><ele>394.000</ele></trkpt>
      <trkpt lat="22.2476363822" lon="114.1991751697"><ele>394.000</ele></trkpt>
      <trkpt lat="22.2476608189" lon="114.1991774533"><ele>394.000</ele></trkpt>
      <trkpt lat="22.2476799912" lon="114.1991764863"><ele>394.000</ele></trkpt>
      <trkpt lat="22.2477015568" lon="114.1991737734"><ele>395.000</ele></trkpt>
      <trkpt lat="22.2477255606" lon="114.1991718661"><ele>395.000</ele></trkpt>
      <trkpt lat="22.2477452383" lon="114.1991729072"><ele>395.000</ele></trkpt>
      <trkpt lat="22.2477616287" lon="114.1991745396"><ele>395.000</ele></trkpt>
      <trkpt lat="22.2477820283" lon="114.1991794710"><ele>397.000</ele></trkpt>
      <trkpt lat="22.2478001160" lon="114.1991847706"><ele>394.000</ele></trkpt>
      <trkpt lat="22.2478114121" lon="114.1991940757"><ele>394.000</ele></trkpt>
      <trkpt lat="22.2478292821" lon="114.1992063988"><ele>396.000</ele></trkpt>
      <trkpt lat="22.2478452007" lon="114.1992246393"><ele>396.000</ele></trkpt>
      <trkpt lat="22.2478506352" lon="114.1992392402"><ele>394.000</ele></trkpt>
      <trkpt lat="22.2478506442" lon="114.1992392693"><ele>394.000</ele></trkpt>
      <trkpt lat="22.2478506352" lon="114.1992392402"><ele>394.000</ele></trkpt>
      <trkpt lat="22.2478532262" lon="114.1992509992"><ele>394.000</ele></trkpt>
      <trkpt lat="22.2478567947" lon="114.1992610287"><ele>394.000</ele></trkpt>
      <trkpt lat="22.2478612500" lon="114.1992704647"><ele>394.000</ele></trkpt>
      <trkpt lat="22.2478663420" lon="114.1992799143"><ele>396.000</ele></trkpt>
      <trkpt lat="22.2478714358" lon="114.1992893581"><ele>396.000</ele></trkpt>
      <trkpt lat="22.2478765368" lon="114.1992987980"><ele>396.000</ele></trkpt>
      <trkpt lat="22.2478859588" lon="114.1993162643"><ele>396.000</ele></trkpt>
      <trkpt lat="22.2478869405" lon="114.1993288719"><ele>397.000</ele></trkpt>
      <trkpt lat="22.2478878150" lon="114.1993400078"><ele>397.000</ele></trkpt>
      <trkpt lat="22.2478886804" lon="114.1993511545"><ele>397.000</ele></trkpt>
      <trkpt lat="22.2478895548" lon="114.1993622933"><ele>397.000</ele></trkpt>
      <trkpt lat="22.2478902814" lon="114.1993716064"><ele>397.000</ele></trkpt>
      <trkpt lat="22.2478943577" lon="114.1993788741"><ele>399.000</ele></trkpt>
      <trkpt lat="22.2479040552" lon="114.1993961251"><ele>399.000</ele></trkpt>
      <trkpt lat="22.2479089034" lon="114.1994047598"><ele>400.000</ele></trkpt>
      <trkpt lat="22.2479137517" lon="114.1994133848"><ele>400.000</ele></trkpt>
      <trkpt lat="22.2479186000" lon="114.1994220195"><ele>400.000</ele></trkpt>
      <trkpt lat="22.2479234483" lon="114.1994306445"><ele>402.000</ele></trkpt>
      <trkpt lat="22.2479282965" lon="114.1994392792"><ele>402.000</ele></trkpt>
      <trkpt lat="22.2479379931" lon="114.1994565292"><ele>402.000</ele></trkpt>
      <trkpt lat="22.2479428404" lon="114.1994651629"><ele>402.000</ele></trkpt>
      <trkpt lat="22.2479461656" lon="114.1994710840"><ele>402.000</ele></trkpt>
      <trkpt lat="22.2479578382" lon="114.1994741291"><ele>406.000</ele></trkpt>
      <trkpt lat="22.2479667620" lon="114.1994764491"><ele>406.000</ele></trkpt>
      <trkpt lat="22.2479786252" lon="114.1994795388"><ele>406.000</ele></trkpt>
      <trkpt lat="22.2479767928" lon="114.1994930482"><ele>406.000</ele></trkpt>
      <trkpt lat="22.2479754278" lon="114.1995030711"><ele>406.000</ele></trkpt>
      <trkpt lat="22.2479740718" lon="114.1995131018"><ele>406.000</ele></trkpt>
      <trkpt lat="22.2479724789" lon="114.1995248048"><ele>408.000</ele></trkpt>
      <trkpt lat="22.2479753656" lon="114.1995343919"><ele>408.000</ele></trkpt>
      <trkpt lat="22.2479788056" lon="114.1995458125"><ele>408.000</ele></trkpt>
      <trkpt lat="22.2479825182" lon="114.1995581208"><ele>408.000</ele></trkpt>
      <trkpt lat="22.2479832823" lon="114.1995704529"><ele>410.000</ele></trkpt>
      <trkpt lat="22.2479839950" lon="114.1995819885"><ele>410.000</ele></trkpt>
      <trkpt lat="22.2479846221" lon="114.1995920680"><ele>410.000</ele></trkpt>
      <trkpt lat="22.2479883616" lon="114.1995990233"><ele>410.000</ele></trkpt>
      <trkpt lat="22.2479930284" lon="114.1996076958"><ele>410.000</ele></trkpt>
      <trkpt lat="22.2479976870" lon="114.1996163693"><ele>410.000</ele></trkpt>
      <trkpt lat="22.2480023564" lon="114.1996250457"><ele>415.000</ele></trkpt>
      <trkpt lat="22.2480116899" lon="114.1996423897"><ele>415.000</ele></trkpt>
      <trkpt lat="22.2480163485" lon="114.1996510622"><ele>415.000</ele></trkpt>
      <trkpt lat="22.2480210170" lon="114.1996597474"><ele>415.000</ele></trkpt>
      <trkpt lat="22.2480303523" lon="114.1996770943"><ele>418.000</ele></trkpt>
      <trkpt lat="22.2480350344" lon="114.1996858066"><ele>418.000</ele></trkpt>
      <trkpt lat="22.2480396450" lon="114.1996955928"><ele>418.000</ele></trkpt>
      <trkpt lat="22.2480440768" lon="114.1997049919"><ele>419.000</ele></trkpt>
      <trkpt lat="22.2480485014" lon="114.1997143939"><ele>419.000</ele></trkpt>
      <trkpt lat="22.2480529342" lon="114.1997237853"><ele>421.000</ele></trkpt>
      <trkpt lat="22.2480573570" lon="114.1997331853"><ele>421.000</ele></trkpt>
      <trkpt lat="22.2480617915" lon="114.1997425893"><ele>421.000</ele></trkpt>
      <trkpt lat="22.2480655435" lon="114.1997505457"><ele>421.000</ele></trkpt>
      <trkpt lat="22.2480722029" lon="114.1997560647"><ele>421.000</ele></trkpt>
      <trkpt lat="22.2480802591" lon="114.1997627219"><ele>421.000</ele></trkpt>
      <trkpt lat="22.2480883027" lon="114.1997693772"><ele>422.000</ele></trkpt>
      <trkpt lat="22.2480954153" lon="114.1997752630"><ele>422.000</ele></trkpt>
      <trkpt lat="22.2481037304" lon="114.1997780951"><ele>422.000</ele></trkpt>
      <trkpt lat="22.2481134000" lon="114.1997813951"><ele>422.000</ele></trkpt>
      <trkpt lat="22.2481230641" lon="114.1997846960"><ele>422.000</ele></trkpt>
      <trkpt lat="22.2481315697" lon="114.1997875902"><ele>422.000</ele></trkpt>
      <trkpt lat="22.2481328222" lon="114.1997880027"><ele>422.000</ele></trkpt>
      <trkpt lat="22.2481425496" lon="114.1997911600"><ele>425.000</ele></trkpt>
      <trkpt lat="22.2481522571" lon="114.1997943145"><ele>425.000</ele></trkpt>
      <trkpt lat="22.2481619764" lon="114.1997974728"><ele>425.000</ele></trkpt>
      <trkpt lat="22.2481631946" lon="114.1997978630"><ele>425.000</ele></trkpt>
      <trkpt lat="22.2481723468" lon="114.1998002218"><ele>425.000</ele></trkpt>
      <trkpt lat="22.2481801208" lon="114.1998042558"><ele>428.000</ele></trkpt>
      <trkpt lat="22.2481885457" lon="114.1998086421"><ele>428.000</ele></trkpt>
      <trkpt lat="22.2481969807" lon="114.1998130196"><ele>425.000</ele></trkpt>
      <trkpt lat="22.2482023219" lon="114.1998157979"><ele>425.000</ele></trkpt>
      <trkpt lat="22.2482052892" lon="114.1998174019"><ele>425.000</ele></trkpt>
      <trkpt lat="22.2482141593" lon="114.1998222093"><ele>425.000</ele></trkpt>
      <trkpt lat="22.2482221764" lon="114.1998248561"><ele>425.000</ele></trkpt>
      <trkpt lat="22.2482309180" lon="114.1998257694"><ele>427.000</ele></trkpt>
      <trkpt lat="22.2482396496" lon="114.1998263868"><ele>427.000</ele></trkpt>
      <trkpt lat="22.2482492302" lon="114.1998269452"><ele>427.000</ele></trkpt>
      <trkpt lat="22.2482502416" lon="114.1998272364"><ele>427.000</ele></trkpt>
      <trkpt lat="22.2482591906" lon="114.1998298281"><ele>427.000</ele></trkpt>
      <trkpt lat="22.2482690065" lon="114.1998332736"><ele>428.000</ele></trkpt>
      <trkpt lat="22.2482754450" lon="114.1998358745"><ele>428.000</ele></trkpt>
      <trkpt lat="22.2482783624" lon="114.1998324214"><ele>428.000</ele></trkpt>
      <trkpt lat="22.2482815052" lon="114.1998309085"><ele>428.000</ele></trkpt>
      <trkpt lat="22.2482879445" lon="114.1998283097"><ele>428.000</ele></trkpt>
      <trkpt lat="22.2482912408" lon="114.1998272334"><ele>428.000</ele></trkpt>
      <trkpt lat="22.2482979328" lon="114.1998255465"><ele>428.000</ele></trkpt>
      <trkpt lat="22.2483047421" lon="114.1998244805"><ele>428.000</ele></trkpt>
      <trkpt lat="22.2483116055" lon="114.1998240548"><ele>428.000</ele></trkpt>
      <trkpt lat="22.2483150461" lon="114.1998240748"><ele>430.000</ele></trkpt>
      <trkpt lat="22.2483219094" lon="114.1998245900"><ele>430.000</ele></trkpt>
      <trkpt lat="22.2483287093" lon="114.1998257456"><ele>430.000</ele></trkpt>
      <trkpt lat="22.2483353827" lon="114.1998275123"><ele>430.000</ele></trkpt>
      <trkpt lat="22.2483473477" lon="114.1998319864"><ele>430.000</ele></trkpt>
      <trkpt lat="22.2483569197" lon="114.1998361400"><ele>430.000</ele></trkpt>
      <trkpt lat="22.2483663019" lon="114.1998407593"><ele>431.000</ele></trkpt>
      <trkpt lat="22.2483724423" lon="114.1998440877"><ele>431.000</ele></trkpt>
      <trkpt lat="22.2483784923" lon="114.1998476296"><ele>431.000</ele></trkpt>
      <trkpt lat="22.2484125981" lon="114.1998688999"><ele>431.000</ele></trkpt>
      <trkpt lat="22.2484228749" lon="114.1998698523"><ele>431.000</ele></trkpt>
      <trkpt lat="22.2484330613" lon="114.1998716584"><ele>431.000</ele></trkpt>
      <trkpt lat="22.2484430849" lon="114.1998742890"><ele>431.000</ele></trkpt>
      <trkpt lat="22.2484528918" lon="114.1998777442"><ele>432.000</ele></trkpt>
      <trkpt lat="22.2484561065" lon="114.1998790738"><ele>432.000</ele></trkpt>
      <trkpt lat="22.2484891652" lon="114.1998970165"><ele>432.000</ele></trkpt>
      <trkpt lat="22.2485066927" lon="114.1999048481"><ele>434.000</ele></trkpt>
      <trkpt lat="22.2485223508" lon="114.1999125048"><ele>432.000</ele></trkpt>
      <trkpt lat="22.2485347128" lon="114.1999190163"><ele>432.000</ele></trkpt>
      <trkpt lat="22.2485499373" lon="114.1999276333"><ele>434.000</ele></trkpt>
      <trkpt lat="22.2485648998" lon="114.1999367548"><ele>434.000</ele></trkpt>
      <trkpt lat="22.2485795914" lon="114.1999463904"><ele>434.000</ele></trkpt>
      <trkpt lat="22.2485939939" lon="114.1999565110"><ele>436.000</ele></trkpt>
      <trkpt lat="22.2486024818" lon="114.1999628181"><ele>434.000</ele></trkpt>
      <trkpt lat="22.2486108613" lon="114.1999692998"><ele>434.000</ele></trkpt>
      <trkpt lat="22.2486149878" lon="114.1999733555"><ele>434.000</ele></trkpt>
      <trkpt lat="22.2486202610" lon="114.1999781099"><ele>434.000</ele></trkpt>
      <trkpt lat="22.2486285322" lon="114.1999847565"><ele>434.000</ele></trkpt>
      <trkpt lat="22.2486372007" lon="114.1999907726"><ele>436.000</ele></trkpt>
      <trkpt lat="22.2486431876" lon="114.1999944212"><ele>436.000</ele></trkpt>
      <trkpt lat="22.2486462397" lon="114.1999961291"><ele>436.000</ele></trkpt>
      <trkpt lat="22.2486544842" lon="114.1999997490"><ele>436.000</ele></trkpt>
      <trkpt lat="22.2486641374" lon="114.2000036795"><ele>436.000</ele></trkpt>
      <trkpt lat="22.2486706301" lon="114.2000061349"><ele>436.000</ele></trkpt>
      <trkpt lat="22.2486804369" lon="114.2000095804"><ele>435.000</ele></trkpt>
      <trkpt lat="22.2486870290" lon="114.2000117158"><ele>435.000</ele></trkpt>
      <trkpt lat="22.2486969714" lon="114.2000146665"><ele>435.000</ele></trkpt>
      <trkpt lat="22.2487036448" lon="114.2000164720"><ele>435.000</ele></trkpt>
      <trkpt lat="22.2487252092" lon="114.2000218597"><ele>435.000</ele></trkpt>
      <trkpt lat="22.2487386735" lon="114.2000249177"><ele>435.000</ele></trkpt>
      <trkpt lat="22.2487522011" lon="114.2000276072"><ele>435.000</ele></trkpt>
      <trkpt lat="22.2487657919" lon="114.2000299086"><ele>436.000</ele></trkpt>
      <trkpt lat="22.2487728993" lon="114.2000283964"><ele>436.000</ele></trkpt>
      <trkpt lat="22.2487797356" lon="114.2000275826"><ele>436.000</ele></trkpt>
      <trkpt lat="22.2487866080" lon="114.2000273800"><ele>436.000</ele></trkpt>
      <trkpt lat="22.2487900487" lon="114.2000275067"><ele>436.000</ele></trkpt>
      <trkpt lat="22.2487968938" lon="114.2000282257"><ele>436.000</ele></trkpt>
      <trkpt lat="22.2488002893" lon="114.2000288083"><ele>436.000</ele></trkpt>
      <trkpt lat="22.2488069988" lon="114.2000304392"><ele>436.000</ele></trkpt>
      <trkpt lat="22.2488135638" lon="114.2000326521"><ele>435.000</ele></trkpt>
      <trkpt lat="22.2488199300" lon="114.2000354471"><ele>435.000</ele></trkpt>
      <trkpt lat="22.2488339272" lon="114.2000378844"><ele>435.000</ele></trkpt>
      <trkpt lat="22.2488411966" lon="114.2000397482"><ele>435.000</ele></trkpt>
      <trkpt lat="22.2488479604" lon="114.2000411269"><ele>435.000</ele></trkpt>
      <trkpt lat="22.2488581829" lon="114.2000426128"><ele>434.000</ele></trkpt>
      <trkpt lat="22.2488650462" lon="114.2000432057"><ele>434.000</ele></trkpt>
      <trkpt lat="22.2488719185" lon="114.2000434785"><ele>434.000</ele></trkpt>
      <trkpt lat="22.2488787998" lon="114.2000434311"><ele>434.000</ele></trkpt>
      <trkpt lat="22.2488856722" lon="114.2000430636"><ele>434.000</ele></trkpt>
      <trkpt lat="22.2488925176" lon="114.2000423760"><ele>434.000</ele></trkpt>
      <trkpt lat="22.2488993359" lon="114.2000413779"><ele>434.000</ele></trkpt>
      <trkpt lat="22.2489061091" lon="114.2000400596"><ele>434.000</ele></trkpt>
      <trkpt lat="22.2489128191" lon="114.2000384310"><ele>434.000</ele></trkpt>
      <trkpt lat="22.2489180389" lon="114.2000376945"><ele>434.000</ele></trkpt>
      <trkpt lat="22.2489249023" lon="114.2000371621"><ele>434.000</ele></trkpt>
      <trkpt lat="22.2489317747" lon="114.2000371244"><ele>434.000</ele></trkpt>
      <trkpt lat="22.2489386469" lon="114.2000375718"><ele>434.000</ele></trkpt>
      <trkpt lat="22.2489454650" lon="114.2000385236"><ele>434.000</ele></trkpt>
      <trkpt lat="22.2489522197" lon="114.2000399508"><ele>434.000</ele></trkpt>
      <trkpt lat="22.2489588660" lon="114.2000418630"><ele>434.000</ele></trkpt>
      <trkpt lat="22.2489621349" lon="114.2000429986"><ele>434.000</ele></trkpt>
      <trkpt lat="22.2489681222" lon="114.2000435332"><ele>434.000</ele></trkpt>
      <trkpt lat="22.2489715357" lon="114.2000440188"><ele>434.000</ele></trkpt>
      <trkpt lat="22.2489782905" lon="114.2000453974"><ele>434.000</ele></trkpt>
      <trkpt lat="22.2489849368" lon="114.2000473000"><ele>434.000</ele></trkpt>
      <trkpt lat="22.2489914385" lon="114.2000497263"><ele>434.000</ele></trkpt>
      <trkpt lat="22.2489977596" lon="114.2000526474"><ele>434.000</ele></trkpt>
      <trkpt lat="22.2490038638" lon="114.2000560632"><ele>434.000</ele></trkpt>
      <trkpt lat="22.2490097151" lon="114.2000599446"><ele>434.000</ele></trkpt>
      <trkpt lat="22.2490152955" lon="114.2000642819"><ele>434.000</ele></trkpt>
      <trkpt lat="22.2490205687" lon="114.2000690363"><ele>434.000</ele></trkpt>
      <trkpt lat="22.2490254987" lon="114.2000741981"><ele>434.000</ele></trkpt>
      <trkpt lat="22.2490286409" lon="114.2000771963"><ele>434.000</ele></trkpt>
      <trkpt lat="22.2490339684" lon="114.2000818731"><ele>434.000</ele></trkpt>
      <trkpt lat="22.2490395126" lon="114.2000862589"><ele>434.000</ele></trkpt>
      <trkpt lat="22.2490481992" lon="114.2000922556"><ele>434.000</ele></trkpt>
      <trkpt lat="22.2490542131" lon="114.2000958558"><ele>434.000</ele></trkpt>
      <trkpt lat="22.2490590805" lon="114.2000967588"><ele>434.000</ele></trkpt>
      <trkpt lat="22.2490625212" lon="114.2000968757"><ele>434.000</ele></trkpt>
      <trkpt lat="22.2490659529" lon="114.2000965950"><ele>434.000</ele></trkpt>
      <trkpt lat="22.2490693305" lon="114.2000959068"><ele>434.000</ele></trkpt>
      <trkpt lat="22.2490726088" lon="114.2000948111"><ele>434.000</ele></trkpt>
      <trkpt lat="22.2490757697" lon="114.2000933370"><ele>434.000</ele></trkpt>
      <trkpt lat="22.2490826961" lon="114.2000942695"><ele>434.000</ele></trkpt>
      <trkpt lat="22.2490861277" lon="114.2000945320"><ele>434.000</ele></trkpt>
      <trkpt lat="22.2490930001" lon="114.2000946301"><ele>434.000</ele></trkpt>
      <trkpt lat="22.2490998725" lon="114.2000941850"><ele>434.000</ele></trkpt>
      <trkpt lat="22.2491032861" lon="114.2000937587"><ele>434.000</ele></trkpt>
      <trkpt lat="22.2491086054" lon="114.2000923723"><ele>434.000</ele></trkpt>
      <trkpt lat="22.2491120100" lon="114.2000918684"><ele>434.000</ele></trkpt>
      <trkpt lat="22.2491154417" lon="114.2000916653"><ele>434.000</ele></trkpt>
      <trkpt lat="22.2491188824" lon="114.2000917629"><ele>434.000</ele></trkpt>
      <trkpt lat="22.2491223049" lon="114.2000921515"><ele>434.000</ele></trkpt>
      <trkpt lat="22.2491256823" lon="114.2000928311"><ele>434.000</ele></trkpt>
      <trkpt lat="22.2491290055" lon="114.2000938018"><ele>433.000</ele></trkpt>
      <trkpt lat="22.2491322383" lon="114.2000950440"><ele>433.000</ele></trkpt>
      <trkpt lat="22.2491353717" lon="114.2000965773"><ele>433.000</ele></trkpt>
      <trkpt lat="22.2491416294" lon="114.2001002745"><ele>433.000</ele></trkpt>
      <trkpt lat="22.2491447719" lon="114.2001017787"><ele>433.000</ele></trkpt>
      <trkpt lat="22.2491480227" lon="114.2001030016"><ele>433.000</ele></trkpt>
      <trkpt lat="22.2491513459" lon="114.2001039334"><ele>434.000</ele></trkpt>
      <trkpt lat="22.2491547323" lon="114.2001045743"><ele>434.000</ele></trkpt>
      <trkpt lat="22.2491581639" lon="114.2001049144"><ele>434.000</ele></trkpt>
      <trkpt lat="22.2491615956" lon="114.2001049537"><ele>434.000</ele></trkpt>
      <trkpt lat="22.2491650273" lon="114.2001046924"><ele>434.000</ele></trkpt>
      <trkpt lat="22.2491684319" lon="114.2001041303"><ele>434.000</ele></trkpt>
      <trkpt lat="22.2491717734" lon="114.2001032771"><ele>432.000</ele></trkpt>
      <trkpt lat="22.2491750426" lon="114.2001021232"><ele>432.000</ele></trkpt>
      <trkpt lat="22.2491782216" lon="114.2001006977"><ele>432.000</ele></trkpt>
      <trkpt lat="22.2491812742" lon="114.2000989908"><ele>432.000</ele></trkpt>
      <trkpt lat="22.2492252824" lon="114.2000875313"><ele>430.000</ele></trkpt>
      <trkpt lat="22.2492317216" lon="114.2000850101"><ele>430.000</ele></trkpt>
      <trkpt lat="22.2492350901" lon="114.2000842637"><ele>430.000</ele></trkpt>
      <trkpt lat="22.2492385128" lon="114.2000838762"><ele>430.000</ele></trkpt>
      <trkpt lat="22.2492419445" lon="114.2000838380"><ele>430.000</ele></trkpt>
      <trkpt lat="22.2492453761" lon="114.2000841587"><ele>430.000</ele></trkpt>
      <trkpt lat="22.2492487535" lon="114.2000848383"><ele>430.000</ele></trkpt>
      <trkpt lat="22.2492520585" lon="114.2000858672"><ele>430.000</ele></trkpt>
      <trkpt lat="22.2492552552" lon="114.2000872356"><ele>430.000</ele></trkpt>
      <trkpt lat="22.2492626056" lon="114.2000911948"><ele>428.000</ele></trkpt>
      <trkpt lat="22.2492657390" lon="114.2000927184"><ele>428.000</ele></trkpt>
      <trkpt lat="22.2492721233" lon="114.2000954843"><ele>428.000</ele></trkpt>
      <trkpt lat="22.2492786341" lon="114.2000978622"><ele>428.000</ele></trkpt>
      <trkpt lat="22.2492819301" lon="114.2000989104"><ele>428.000</ele></trkpt>
      <trkpt lat="22.2492886126" lon="114.2001007062"><ele>428.000</ele></trkpt>
      <trkpt lat="22.2492950963" lon="114.2001028513"><ele>428.000</ele></trkpt>
      <trkpt lat="22.2492984917" lon="114.2001034630"><ele>428.000</ele></trkpt>
      <trkpt lat="22.2493019233" lon="114.2001037255"><ele>428.000</ele></trkpt>
      <trkpt lat="22.2493053640" lon="114.2001036581"><ele>428.000</ele></trkpt>
      <trkpt lat="22.2493087777" lon="114.2001032610"><ele>427.000</ele></trkpt>
      <trkpt lat="22.2493121553" lon="114.2001025242"><ele>427.000</ele></trkpt>
      <trkpt lat="22.2493154426" lon="114.2001014577"><ele>427.000</ele></trkpt>
      <trkpt lat="22.2493186396" lon="114.2001000806"><ele>427.000</ele></trkpt>
      <trkpt lat="22.2493217013" lon="114.2000983931"><ele>427.000</ele></trkpt>
      <trkpt lat="22.2493246094" lon="114.2000964146"><ele>427.000</ele></trkpt>
      <trkpt lat="22.2493295860" lon="114.2000916230"><ele>427.000</ele></trkpt>
      <trkpt lat="22.2493323226" lon="114.2000893825"><ele>427.000</ele></trkpt>
      <trkpt lat="22.2493351766" lon="114.2000873167"><ele>427.000</ele></trkpt>
      <trkpt lat="22.2493381299" lon="114.2000854157"><ele>427.000</ele></trkpt>
      <trkpt lat="22.2493411735" lon="114.2000836894"><ele>427.000</ele></trkpt>
      <trkpt lat="22.2493443074" lon="114.2000821572"><ele>427.000</ele></trkpt>
      <trkpt lat="22.2493475044" lon="114.2000807995"><ele>427.000</ele></trkpt>
      <trkpt lat="22.2493583960" lon="114.2000767366"><ele>426.000</ele></trkpt>
      <trkpt lat="22.2493747694" lon="114.2000710641"><ele>426.000</ele></trkpt>
      <trkpt lat="22.2493912782" lon="114.2000658767"><ele>426.000</ele></trkpt>
      <trkpt lat="22.2493964712" lon="114.2000635978"><ele>426.000</ele></trkpt>
      <trkpt lat="22.2493997134" lon="114.2000623663"><ele>424.000</ele></trkpt>
      <trkpt lat="22.2494063061" lon="114.2000602525"><ele>424.000</ele></trkpt>
      <trkpt lat="22.2494130251" lon="114.2000586530"><ele>424.000</ele></trkpt>
      <trkpt lat="22.2494164207" lon="114.2000580423"><ele>424.000</ele></trkpt>
      <trkpt lat="22.2494232571" lon="114.2000572092"><ele>424.000</ele></trkpt>
      <trkpt lat="22.2494266888" lon="114.2000569769"><ele>424.000</ele></trkpt>
      <trkpt lat="22.2494301295" lon="114.2000568902"><ele>424.000</ele></trkpt>
      <trkpt lat="22.2494370018" lon="114.2000570853"><ele>424.000</ele></trkpt>
      <trkpt lat="22.2494404334" lon="114.2000573769"><ele>424.000</ele></trkpt>
      <trkpt lat="22.2494472514" lon="114.2000583579"><ele>422.000</ele></trkpt>
      <trkpt lat="22.2494539881" lon="114.2000598433"><ele>422.000</ele></trkpt>
      <trkpt lat="22.2494573203" lon="114.2000607751"><ele>422.000</ele></trkpt>
      <trkpt lat="22.2494635603" lon="114.2000618142"><ele>422.000</ele></trkpt>
      <trkpt lat="22.2494704054" lon="114.2000625429"><ele>422.000</ele></trkpt>
      <trkpt lat="22.2494772777" lon="114.2000628253"><ele>422.000</ele></trkpt>
      <trkpt lat="22.2494841591" lon="114.2000626810"><ele>422.000</ele></trkpt>
      <trkpt lat="22.2494887017" lon="114.2000617504"><ele>422.000</ele></trkpt>
      <trkpt lat="22.2494920251" lon="114.2000607711"><ele>422.000</ele></trkpt>
      <trkpt lat="22.2494952673" lon="114.2000595493"><ele>422.000</ele></trkpt>
      <trkpt lat="22.2494984283" lon="114.2000580753"><ele>422.000</ele></trkpt>
      <trkpt lat="22.2495014809" lon="114.2000563781"><ele>422.000</ele></trkpt>
      <trkpt lat="22.2495044251" lon="114.2000544577"><ele>424.000</ele></trkpt>
      <trkpt lat="22.2495072340" lon="114.2000523239"><ele>424.000</ele></trkpt>
      <trkpt lat="22.2495098984" lon="114.2000499864"><ele>424.000</ele></trkpt>
      <trkpt lat="22.2495124093" lon="114.2000474548"><ele>424.000</ele></trkpt>
      <trkpt lat="22.2495147486" lon="114.2000447389"><ele>424.000</ele></trkpt>
      <trkpt lat="22.2495169073" lon="114.2000418580"><ele>424.000</ele></trkpt>
      <trkpt lat="22.2495276102" lon="114.2000309460"><ele>424.000</ele></trkpt>
      <trkpt lat="22.2495399028" lon="114.2000179873"><ele>422.000</ele></trkpt>
      <trkpt lat="22.2495519697" lon="114.2000047957"><ele>424.000</ele></trkpt>
      <trkpt lat="22.2495638198" lon="114.1999913616"><ele>424.000</ele></trkpt>
      <trkpt lat="22.2495746489" lon="114.1999820890"><ele>424.000</ele></trkpt>
      <trkpt lat="22.2495801944" lon="114.1999777050"><ele>422.000</ele></trkpt>
      <trkpt lat="22.2495887202" lon="114.1999714298"><ele>422.000</ele></trkpt>
      <trkpt lat="22.2496004161" lon="114.1999636320"><ele>422.000</ele></trkpt>
      <trkpt lat="22.2496094295" lon="114.1999582202"><ele>422.000</ele></trkpt>
      <trkpt lat="22.2496186415" lon="114.1999531965"><ele>422.000</ele></trkpt>
      <trkpt lat="22.2496280250" lon="114.1999485706"><ele>420.000</ele></trkpt>
      <trkpt lat="22.2496407771" lon="114.1999430237"><ele>420.000</ele></trkpt>
      <trkpt lat="22.2496470174" lon="114.1999422389"><ele>420.000</ele></trkpt>
      <trkpt lat="22.2496503950" lon="114.1999415216"><ele>420.000</ele></trkpt>
      <trkpt lat="22.2496537364" lon="114.1999406199"><ele>420.000</ele></trkpt>
      <trkpt lat="22.2496570147" lon="114.1999395242"><ele>420.000</ele></trkpt>
      <trkpt lat="22.2496602479" lon="114.1999382345"><ele>420.000</ele></trkpt>
      <trkpt lat="22.2496633998" lon="114.1999367604"><ele>420.000</ele></trkpt>
      <trkpt lat="22.2496664795" lon="114.1999351117"><ele>420.000</ele></trkpt>
      <trkpt lat="22.2496694689" lon="114.1999332787"><ele>420.000</ele></trkpt>
      <trkpt lat="22.2496783289" lon="114.1999269065"><ele>420.000</ele></trkpt>
      <trkpt lat="22.2496901240" lon="114.1999192833"><ele>420.000</ele></trkpt>
      <trkpt lat="22.2497028854" lon="114.1999117961"><ele>420.000</ele></trkpt>
      <trkpt lat="22.2497060012" lon="114.1999102250"><ele>420.000</ele></trkpt>
      <trkpt lat="22.2497091983" lon="114.1999088577"><ele>420.000</ele></trkpt>
      <trkpt lat="22.2497124766" lon="114.1999077135"><ele>420.000</ele></trkpt>
      <trkpt lat="22.2497158000" lon="114.1999067827"><ele>420.000</ele></trkpt>
      <trkpt lat="22.2497191776" lon="114.1999060654"><ele>420.000</ele></trkpt>
      <trkpt lat="22.2497225822" lon="114.1999055712"><ele>420.000</ele></trkpt>
      <trkpt lat="22.2497260139" lon="114.1999053098"><ele>420.000</ele></trkpt>
      <trkpt lat="22.2497331030" lon="114.1999053498"><ele>420.000</ele></trkpt>
      <trkpt lat="22.2497365437" lon="114.1999052146"><ele>420.000</ele></trkpt>
      <trkpt lat="22.2497399664" lon="114.1999048659"><ele>420.000</ele></trkpt>
      <trkpt lat="22.2497433710" lon="114.1999043038"><ele>420.000</ele></trkpt>
      <trkpt lat="22.2497467305" lon="114.1999035379"><ele>420.000</ele></trkpt>
      <trkpt lat="22.2497500539" lon="114.1999025684"><ele>420.000</ele></trkpt>
      <trkpt lat="22.2497533142" lon="114.1999013853"><ele>420.000</ele></trkpt>
      <trkpt lat="22.2497565112" lon="114.1999000180"><ele>420.000</ele></trkpt>
      <trkpt lat="22.2497601327" lon="114.1998988254"><ele>418.000</ele></trkpt>
      <trkpt lat="22.2497634922" lon="114.1998980207"><ele>418.000</ele></trkpt>
      <trkpt lat="22.2497668969" lon="114.1998975071"><ele>418.000</ele></trkpt>
      <trkpt lat="22.2497703286" lon="114.1998972651"><ele>418.000</ele></trkpt>
      <trkpt lat="22.2497737692" lon="114.1998973045"><ele>418.000</ele></trkpt>
      <trkpt lat="22.2497771918" lon="114.1998976252"><ele>418.000</ele></trkpt>
      <trkpt lat="22.2497805873" lon="114.1998982272"><ele>418.000</ele></trkpt>
      <trkpt lat="22.2497859242" lon="114.1998994602"><ele>418.000</ele></trkpt>
      <trkpt lat="22.2497893287" lon="114.1998999749"><ele>418.000</ele></trkpt>
      <trkpt lat="22.2497927603" lon="114.1999002665"><ele>418.000</ele></trkpt>
      <trkpt lat="22.2497962010" lon="114.1999003543"><ele>418.000</ele></trkpt>
      <trkpt lat="22.2497996417" lon="114.1999002288"><ele>418.000</ele></trkpt>
      <trkpt lat="22.2498030644" lon="114.1998998995"><ele>418.000</ele></trkpt>
      <trkpt lat="22.2498406601" lon="114.1998921447"><ele>418.000</ele></trkpt>
      <trkpt lat="22.2498628043" lon="114.1998856195"><ele>416.000</ele></trkpt>
      <trkpt lat="22.2498826094" lon="114.1998793558"><ele>416.000</ele></trkpt>
      <trkpt lat="22.2499105697" lon="114.1998699793"><ele>416.000</ele></trkpt>
      <trkpt lat="22.2499202602" lon="114.1998661683"><ele>416.000</ele></trkpt>
      <trkpt lat="22.2499297520" lon="114.1998618044"><ele>416.000</ele></trkpt>
      <trkpt lat="22.2499359565" lon="114.1998585943"><ele>416.000</ele></trkpt>
      <trkpt lat="22.2499420437" lon="114.1998551514"><ele>414.000</ele></trkpt>
      <trkpt lat="22.2499509668" lon="114.1998495552"><ele>414.000</ele></trkpt>
      <trkpt lat="22.2499642974" lon="114.1998400988"><ele>414.000</ele></trkpt>
      <trkpt lat="22.2499703123" lon="114.1998364909"><ele>414.000</ele></trkpt>
      <trkpt lat="22.2499765801" lon="114.1998334555"><ele>414.000</ele></trkpt>
      <trkpt lat="22.2499830735" lon="114.1998310021"><ele>414.000</ele></trkpt>
      <trkpt lat="22.2499897293" lon="114.1998291406"><ele>412.000</ele></trkpt>
      <trkpt lat="22.2499931069" lon="114.1998284427"><ele>412.000</ele></trkpt>
      <trkpt lat="22.2499999342" lon="114.1998275028"><ele>412.000</ele></trkpt>
      <trkpt lat="22.2500068066" lon="114.1998271934"><ele>412.000</ele></trkpt>
      <trkpt lat="22.2500136789" lon="114.1998275147"><ele>412.000</ele></trkpt>
      <trkpt lat="22.2500345038" lon="114.1998266256"><ele>410.000</ele></trkpt>
      <trkpt lat="22.2500379355" lon="114.1998263254"><ele>410.000</ele></trkpt>
      <trkpt lat="22.2500447267" lon="114.1998251527"><ele>410.000</ele></trkpt>
      <trkpt lat="22.2500513645" lon="114.1998232329"><ele>410.000</ele></trkpt>
      <trkpt lat="22.2500546157" lon="114.1998220014"><ele>410.000</ele></trkpt>
      <trkpt lat="22.2500609015" lon="114.1998190048"><ele>410.000</ele></trkpt>
      <trkpt lat="22.2500668803" lon="114.1998153387"><ele>410.000</ele></trkpt>
      <trkpt lat="22.2500724709" lon="114.1998110226"><ele>411.000</ele></trkpt>
      <trkpt lat="22.2500776191" lon="114.1998061146"><ele>410.000</ele></trkpt>
      <trkpt lat="22.2500865514" lon="114.1997991797"><ele>410.000</ele></trkpt>
      <trkpt lat="22.2501087780" lon="114.1997841950"><ele>410.000</ele></trkpt>
      <trkpt lat="22.2501318717" lon="114.1997680657"><ele>410.000</ele></trkpt>
      <trkpt lat="22.2501490227" lon="114.1997556995"><ele>410.000</ele></trkpt>
      <trkpt lat="22.2501744918" lon="114.1997367378"><ele>410.000</ele></trkpt>
      <trkpt lat="22.2501790708" lon="114.1997336633"><ele>410.000</ele></trkpt>
      <trkpt lat="22.2501818526" lon="114.1997314907"><ele>410.000</ele></trkpt>
      <trkpt lat="22.2501845170" lon="114.1997291531"><ele>410.000</ele></trkpt>
      <trkpt lat="22.2501870640" lon="114.1997266603"><ele>410.000</ele></trkpt>
      <trkpt lat="22.2501894755" lon="114.1997240220"><ele>410.000</ele></trkpt>
      <trkpt lat="22.2501917516" lon="114.1997212381"><ele>410.000</ele></trkpt>
      <trkpt lat="22.2501938743" lon="114.1997183281"><ele>410.000</ele></trkpt>
      <trkpt lat="22.2501958524" lon="114.1997152920"><ele>412.000</ele></trkpt>
      <trkpt lat="22.2501976680" lon="114.1997121491"><ele>412.000</ele></trkpt>
      <trkpt lat="22.2501993121" lon="114.1997088994"><ele>412.000</ele></trkpt>
      <trkpt lat="22.2502004956" lon="114.1997050483"><ele>412.000</ele></trkpt>
      <trkpt lat="22.2502071419" lon="114.1997069508"><ele>412.000</ele></trkpt>
      <trkpt lat="22.2502138786" lon="114.1997084847"><ele>412.000</ele></trkpt>
      <trkpt lat="22.2502206515" lon="114.1997092716"><ele>412.000</ele></trkpt>
      <trkpt lat="22.2502240921" lon="114.1997094467"><ele>412.000</ele></trkpt>
      <trkpt lat="22.2502309645" lon="114.1997093411"><ele>412.000</ele></trkpt>
      <trkpt lat="22.2502378098" lon="114.1997086341"><ele>412.000</ele></trkpt>
      <trkpt lat="22.2502445830" lon="114.1997073255"><ele>412.000</ele></trkpt>
      <trkpt lat="22.2502512389" lon="114.1997054348"><ele>412.000</ele></trkpt>
      <trkpt lat="22.2502577233" lon="114.1997029621"><ele>412.000</ele></trkpt>
      <trkpt lat="22.2502640000" lon="114.1996999363"><ele>412.000</ele></trkpt>
      <trkpt lat="22.2502670436" lon="114.1996982197"><ele>412.000</ele></trkpt>
      <trkpt lat="22.2502729321" lon="114.1996943887"><ele>412.000</ele></trkpt>
      <trkpt lat="22.2502757680" lon="114.1996922840"><ele>412.000</ele></trkpt>
      <trkpt lat="22.2502799498" lon="114.1996886564"><ele>412.000</ele></trkpt>
      <trkpt lat="22.2502854501" lon="114.1996842045"><ele>412.000</ele></trkpt>
      <trkpt lat="22.2502911039" lon="114.1996799854"><ele>412.000</ele></trkpt>
      <trkpt lat="22.2502969021" lon="114.1996759991"><ele>412.000</ele></trkpt>
      <trkpt lat="22.2503028358" lon="114.1996722457"><ele>410.000</ele></trkpt>
      <trkpt lat="22.2503088959" lon="114.1996687446"><ele>410.000</ele></trkpt>
      <trkpt lat="22.2503150823" lon="114.1996654957"><ele>413.000</ele></trkpt>
      <trkpt lat="22.2503213771" lon="114.1996624990"><ele>413.000</ele></trkpt>
      <trkpt lat="22.2503309954" lon="114.1996584940"><ele>413.000</ele></trkpt>
      <trkpt lat="22.2503408212" lon="114.1996550808"><ele>413.000</ele></trkpt>
      <trkpt lat="22.2503499695" lon="114.1996536271"><ele>413.000</ele></trkpt>
      <trkpt lat="22.2503568148" lon="114.1996528230"><ele>413.000</ele></trkpt>
      <trkpt lat="22.2503636692" lon="114.1996522420"><ele>413.000</ele></trkpt>
      <trkpt lat="22.2503705416" lon="114.1996518939"><ele>413.000</ele></trkpt>
      <trkpt lat="22.2503808637" lon="114.1996518082"><ele>413.000</ele></trkpt>
      <trkpt lat="22.2503911766" lon="114.1996522368"><ele>414.000</ele></trkpt>
      <trkpt lat="22.2504014534" lon="114.1996531891"><ele>414.000</ele></trkpt>
      <trkpt lat="22.2504116849" lon="114.1996546557"><ele>414.000</ele></trkpt>
      <trkpt lat="22.2504381074" lon="114.1996639731"><ele>414.000</ele></trkpt>
      <trkpt lat="22.2504641598" lon="114.1996716995"><ele>412.000</ele></trkpt>
      <trkpt lat="22.2504840269" lon="114.1996742445"><ele>412.000</ele></trkpt>
      <trkpt lat="22.2504934756" lon="114.1996750085"><ele>412.000</ele></trkpt>
      <trkpt lat="22.2505032646" lon="114.1996767951"><ele>412.000</ele></trkpt>
      <trkpt lat="22.2505131728" lon="114.1996786012"><ele>412.000</ele></trkpt>
      <trkpt lat="22.2505230791" lon="114.1996804072"><ele>412.000</ele></trkpt>
      <trkpt lat="22.2505331472" lon="114.1996822482"><ele>410.000</ele></trkpt>
      <trkpt lat="22.2505415365" lon="114.1996837823"><ele>410.000</ele></trkpt>
      <trkpt lat="22.2505535689" lon="114.1996843043"><ele>410.000</ele></trkpt>
      <trkpt lat="22.2505623195" lon="114.1996846840"><ele>410.000</ele></trkpt>
      <trkpt lat="22.2505701640" lon="114.1996815993"><ele>410.000</ele></trkpt>
      <trkpt lat="22.2505794481" lon="114.1996772634"><ele>408.000</ele></trkpt>
      <trkpt lat="22.2505901782" lon="114.1996721643"><ele>408.000</ele></trkpt>
      <trkpt lat="22.2505981170" lon="114.1996660150"><ele>410.000</ele></trkpt>
      <trkpt lat="22.2506063015" lon="114.1996595796"><ele>410.000</ele></trkpt>
      <trkpt lat="22.2506167873" lon="114.1996514516"><ele>407.000</ele></trkpt>
      <trkpt lat="22.2506268342" lon="114.1996493908"><ele>407.000</ele></trkpt>
      <trkpt lat="22.2506383938" lon="114.1996464435"><ele>407.000</ele></trkpt>
      <trkpt lat="22.2506478900" lon="114.1996437015"><ele>407.000</ele></trkpt>
      <trkpt lat="22.2506573899" lon="114.1996460313"><ele>407.000</ele></trkpt>
      <trkpt lat="22.2506669133" lon="114.1996482506"><ele>406.000</ele></trkpt>
      <trkpt lat="22.2506764133" lon="114.1996505795"><ele>406.000</ele></trkpt>
      <trkpt lat="22.2506940343" lon="114.1996546704"><ele>406.000</ele></trkpt>
      <trkpt lat="22.2507025223" lon="114.1996602694"><ele>406.000</ele></trkpt>
      <trkpt lat="22.2507180311" lon="114.1996701468"><ele>404.000</ele></trkpt>
      <trkpt lat="22.2507260486" lon="114.1996825851"><ele>404.000</ele></trkpt>
      <trkpt lat="22.2507373913" lon="114.1997001830"><ele>404.000</ele></trkpt>
      <trkpt lat="22.2507461885" lon="114.1996843821"><ele>404.000</ele></trkpt>
      <trkpt lat="22.2507906551" lon="114.1996036925"><ele>402.000</ele></trkpt>
      <trkpt lat="22.2507971222" lon="114.1995958744"><ele>402.000</ele></trkpt>
      <trkpt lat="22.2508295830" lon="114.1995569408"><ele>398.000</ele></trkpt>
      <trkpt lat="22.2508345579" lon="114.1995509268"><ele>398.000</ele></trkpt>
      <trkpt lat="22.2508419106" lon="114.1995516197"><ele>398.000</ele></trkpt>
      <trkpt lat="22.2509090401" lon="114.1995579897"><ele>394.000</ele></trkpt>
      <trkpt lat="22.2509186305" lon="114.1995588935"><ele>394.000</ele></trkpt>
      <trkpt lat="22.2509284511" lon="114.1995609284"><ele>394.000</ele></trkpt>
      <trkpt lat="22.2510718361" lon="114.1995245913"><ele>389.000</ele></trkpt>
      <trkpt lat="22.2511019003" lon="114.1995166411"><ele>390.000</ele></trkpt>
      <trkpt lat="22.2511285328" lon="114.1995091463"><ele>390.000</ele></trkpt>
      <trkpt lat="22.2511375818" lon="114.1995071202"><ele>390.000</ele></trkpt>
      <trkpt lat="22.2511409865" lon="114.1995065581"><ele>390.000</ele></trkpt>
      <trkpt lat="22.2511478228" lon="114.1995057637"><ele>390.000</ele></trkpt>
      <trkpt lat="22.2511546952" lon="114.1995053864"><ele>390.000</ele></trkpt>
      <trkpt lat="22.2511581359" lon="114.1995053676"><ele>390.000</ele></trkpt>
      <trkpt lat="22.2511615765" lon="114.1995054555"><ele>392.000</ele></trkpt>
      <trkpt lat="22.2511684398" lon="114.1995059513"><ele>392.000</ele></trkpt>
      <trkpt lat="22.2511718533" lon="114.1995063593"><ele>392.000</ele></trkpt>
      <trkpt lat="22.2511786533" lon="114.1995074955"><ele>392.000</ele></trkpt>
      <trkpt lat="22.2511802983" lon="114.1994971057"><ele>392.000</ele></trkpt>
      <trkpt lat="22.2511805065" lon="114.1994934095"><ele>392.000</ele></trkpt>
      <trkpt lat="22.2511803625" lon="114.1994897133"><ele>392.000</ele></trkpt>
      <trkpt lat="22.2511798573" lon="114.1994860559"><ele>392.000</ele></trkpt>
      <trkpt lat="22.2511800207" lon="114.1994802934"><ele>392.000</ele></trkpt>
      <trkpt lat="22.2511820078" lon="114.1994773057"><ele>392.000</ele></trkpt>
      <trkpt lat="22.2511850063" lon="114.1994755599"><ele>392.000</ele></trkpt>
      <trkpt lat="22.2511884108" lon="114.1994754150"><ele>392.000</ele></trkpt>
      <trkpt lat="22.2511915353" lon="114.1994768901"><ele>392.000</ele></trkpt>
      <trkpt lat="22.2512017305" lon="114.1994793267"><ele>392.000</ele></trkpt>
      <trkpt lat="22.2512116458" lon="114.1994823745"><ele>392.000</ele></trkpt>
      <trkpt lat="22.2512213803" lon="114.1994860529"><ele>392.000</ele></trkpt>
      <trkpt lat="22.2512312322" lon="114.1994903618"><ele>392.000</ele></trkpt>
      <trkpt lat="22.2512408854" lon="114.1994942924"><ele>392.000</ele></trkpt>
      <trkpt lat="22.2512506471" lon="114.1994978834"><ele>392.000</ele></trkpt>
      <trkpt lat="22.2512642647" lon="114.1995024646"><ele>392.000</ele></trkpt>
      <trkpt lat="22.2512675881" lon="114.1995015144"><ele>392.000</ele></trkpt>
      <trkpt lat="22.2512709837" lon="114.1995009232"><ele>392.000</ele></trkpt>
      <trkpt lat="22.2512744154" lon="114.1995007006"><ele>392.000</ele></trkpt>
      <trkpt lat="22.2512778561" lon="114.1995008467"><ele>392.000</ele></trkpt>
      <trkpt lat="22.2512812606" lon="114.1995013711"><ele>392.000</ele></trkpt>
      <trkpt lat="22.2512846018" lon="114.1995022544"><ele>392.000</ele></trkpt>
      <trkpt lat="22.2512878346" lon="114.1995034967"><ele>392.000</ele></trkpt>
      <trkpt lat="22.2512909500" lon="114.1995050882"><ele>392.000</ele></trkpt>
      <trkpt lat="22.2512938937" lon="114.1995069999"><ele>392.000</ele></trkpt>
      <trkpt lat="22.2512985804" lon="114.1995086498"><ele>392.000</ele></trkpt>
      <trkpt lat="22.2513053984" lon="114.1995096599"><ele>392.000</ele></trkpt>
      <trkpt lat="22.2513154315" lon="114.1995093704"><ele>392.000</ele></trkpt>
      <trkpt lat="22.2513260860" lon="114.1995087901"><ele>392.000</ele></trkpt>
      <trkpt lat="22.2513364521" lon="114.1995097522"><ele>392.000</ele></trkpt>
      <trkpt lat="22.2513468102" lon="114.1995107143"><ele>392.000</ele></trkpt>
      <trkpt lat="22.2513563428" lon="114.1995115977"><ele>392.000</ele></trkpt>
      <trkpt lat="22.2513644203" lon="114.1995087177"><ele>392.000</ele></trkpt>
      <trkpt lat="22.2513735787" lon="114.1995054401"><ele>392.000</ele></trkpt>
      <trkpt lat="22.2513827336" lon="114.1995021732"><ele>392.000</ele></trkpt>
      <trkpt lat="22.2513919020" lon="114.1994989044"><ele>390.000</ele></trkpt>
      <trkpt lat="22.2514001916" lon="114.1994959372"><ele>390.000</ele></trkpt>
      <trkpt lat="22.2514085677" lon="114.1994885869"><ele>390.000</ele></trkpt>
      <trkpt lat="22.2514163730" lon="114.1994817371"><ele>390.000</ele></trkpt>
      <trkpt lat="22.2514241674" lon="114.1994748795"><ele>390.000</ele></trkpt>
      <trkpt lat="22.2514319690" lon="114.1994680336"><ele>388.000</ele></trkpt>
      <trkpt lat="22.2514397725" lon="114.1994611858"><ele>388.000</ele></trkpt>
      <trkpt lat="22.2514475777" lon="114.1994543360"><ele>388.000</ele></trkpt>
      <trkpt lat="22.2514553722" lon="114.1994474784"><ele>388.000</ele></trkpt>
      <trkpt lat="22.2514620981" lon="114.1994415773"><ele>388.000</ele></trkpt>
      <trkpt lat="22.2514704876" lon="114.1994413953"><ele>388.000</ele></trkpt>
      <trkpt lat="22.2514802769" lon="114.1994411931"><ele>386.000</ele></trkpt>
      <trkpt lat="22.2514900590" lon="114.1994409813"><ele>386.000</ele></trkpt>
      <trkpt lat="22.2514998374" lon="114.1994407694"><ele>386.000</ele></trkpt>
      <trkpt lat="22.2515096267" lon="114.1994405672"><ele>386.000</ele></trkpt>
      <trkpt lat="22.2515185174" lon="114.1994403746"><ele>386.000</ele></trkpt>
      <trkpt lat="22.2515279981" lon="114.1994448698"><ele>384.000</ele></trkpt>
      <trkpt lat="22.2515382924" lon="114.1994497415"><ele>384.000</ele></trkpt>
      <trkpt lat="22.2515485866" lon="114.1994546229"><ele>384.000</ele></trkpt>
      <trkpt lat="22.2515586182" lon="114.1994593704"><ele>384.000</ele></trkpt>
      <trkpt lat="22.2515668254" lon="114.1994648733"><ele>382.000</ele></trkpt>
      <trkpt lat="22.2515750145" lon="114.1994703646"><ele>382.000</ele></trkpt>
      <trkpt lat="22.2515831946" lon="114.1994758568"><ele>382.000</ele></trkpt>
      <trkpt lat="22.2515903932" lon="114.1994806873"><ele>382.000</ele></trkpt>
      <trkpt lat="22.2516009517" lon="114.1994819424"><ele>382.000</ele></trkpt>
      <trkpt lat="22.2516105863" lon="114.1994830790"><ele>380.000</ele></trkpt>
      <trkpt lat="22.2516202228" lon="114.1994842253"><ele>380.000</ele></trkpt>
      <trkpt lat="22.2516289598" lon="114.1994852550"><ele>380.000</ele></trkpt>
      <trkpt lat="22.2516369404" lon="114.1994905862"><ele>380.000</ele></trkpt>
      <trkpt lat="22.2516456993" lon="114.1994964472"><ele>380.000</ele></trkpt>
      <trkpt lat="22.2516541567" lon="114.1995020966"><ele>380.000</ele></trkpt>
      <trkpt lat="22.2516608791" lon="114.1995086024"><ele>380.000</ele></trkpt>
      <trkpt lat="22.2516676431" lon="114.1995151529"><ele>380.000</ele></trkpt>
      <trkpt lat="22.2516737136" lon="114.1995210212"><ele>380.000</ele></trkpt>
      <trkpt lat="22.2516823430" lon="114.1995231860"><ele>380.000</ele></trkpt>
      <trkpt lat="22.2516923928" lon="114.1995257099"><ele>380.000</ele></trkpt>
      <trkpt lat="22.2517024445" lon="114.1995282339"><ele>380.000</ele></trkpt>
      <trkpt lat="22.2517133965" lon="114.1995309811"><ele>380.000</ele></trkpt>
      <trkpt lat="22.2517207113" lon="114.1995312384"><ele>380.000</ele></trkpt>
      <trkpt lat="22.2517298133" lon="114.1995315600"><ele>380.000</ele></trkpt>
      <trkpt lat="22.2517389162" lon="114.1995318816"><ele>380.000</ele></trkpt>
      <trkpt lat="22.2517480191" lon="114.1995322032"><ele>378.000</ele></trkpt>
      <trkpt lat="22.2517571219" lon="114.1995325249"><ele>378.000</ele></trkpt>
      <trkpt lat="22.2517662374" lon="114.1995328474"><ele>378.000</ele></trkpt>
      <trkpt lat="22.2517691561" lon="114.1995329449"><ele>378.000</ele></trkpt>
      <trkpt lat="22.2517753403" lon="114.1995331593"><ele>378.000</ele></trkpt>
      <trkpt lat="22.2517844441" lon="114.1995334713"><ele>378.000</ele></trkpt>
      <trkpt lat="22.2517935469" lon="114.1995337832"><ele>377.000</ele></trkpt>
      <trkpt lat="22.2518026579" lon="114.1995340951"><ele>377.000</ele></trkpt>
      <trkpt lat="22.2518117988" lon="114.1995339850"><ele>377.000</ele></trkpt>
      <trkpt lat="22.2518296974" lon="114.1995351423"><ele>377.000</ele></trkpt>
      <trkpt lat="22.2518468465" lon="114.1995365712"><ele>376.000</ele></trkpt>
      <trkpt lat="22.2518639684" lon="114.1995383105"><ele>376.000</ele></trkpt>
      <trkpt lat="22.2518810631" lon="114.1995403505"><ele>374.000</ele></trkpt>
      <trkpt lat="22.2518950151" lon="114.1995435348"><ele>374.000</ele></trkpt>
      <trkpt lat="22.2518976700" lon="114.1995441852"><ele>374.000</ele></trkpt>
      <trkpt lat="22.2519264054" lon="114.1995453346"><ele>372.000</ele></trkpt>
      <trkpt lat="22.2519537865" lon="114.1995445629"><ele>372.000</ele></trkpt>
      <trkpt lat="22.2519815310" lon="114.1995283468"><ele>370.000</ele></trkpt>
      <trkpt lat="22.2520110784" lon="114.1995352395"><ele>370.000</ele></trkpt>
      <trkpt lat="22.2520603947" lon="114.1995364504"><ele>369.000</ele></trkpt>
      <trkpt lat="22.2520951257" lon="114.1995434022"><ele>367.000</ele></trkpt>
      <trkpt lat="22.2521698782" lon="114.1995674638"><ele>362.000</ele></trkpt>
      <trkpt lat="22.2521744834" lon="114.1995705690"><ele>362.000</ele></trkpt>
      <trkpt lat="22.2521987292" lon="114.1995817100"><ele>359.000</ele></trkpt>
      <trkpt lat="22.2522551388" lon="114.1996169835"><ele>356.000</ele></trkpt>
      <trkpt lat="22.2523036182" lon="114.1996619764"><ele>354.000</ele></trkpt>
      <trkpt lat="22.2523530368" lon="114.1997063584"><ele>352.000</ele></trkpt>
      <trkpt lat="22.2523866805" lon="114.1997389798"><ele>350.000</ele></trkpt>
      <trkpt lat="22.2524291209" lon="114.1997649087"><ele>348.000</ele></trkpt>
      <trkpt lat="22.2524609959" lon="114.1997880904"><ele>348.000</ele></trkpt>
      <trkpt lat="22.2524778550" lon="114.1997967758"><ele>348.000</ele></trkpt>
      <trkpt lat="22.2524966103" lon="114.1998064317"><ele>348.000</ele></trkpt>
      <trkpt lat="22.2525004400" lon="114.1998080884"><ele>348.000</ele></trkpt>
      <trkpt lat="22.2525310123" lon="114.1998213105"><ele>347.000</ele></trkpt>
      <trkpt lat="22.2525746172" lon="114.1998254960"><ele>348.000</ele></trkpt>
      <trkpt lat="22.2526121284" lon="114.1998221066"><ele>348.000</ele></trkpt>
      <trkpt lat="22.2526574832" lon="114.1998147895"><ele>348.000</ele></trkpt>
      <trkpt lat="22.2527306857" lon="114.1998158075"><ele>346.000</ele></trkpt>
      <trkpt lat="22.2528731087" lon="114.1998386853"><ele>344.000</ele></trkpt>
      <trkpt lat="22.2529897330" lon="114.1998480904"><ele>342.000</ele></trkpt>
      <trkpt lat="22.2530421453" lon="114.1998665539"><ele>342.000</ele></trkpt>
      <trkpt lat="22.2530854677" lon="114.1998763846"><ele>342.000</ele></trkpt>
      <trkpt lat="22.2531135810" lon="114.1998704054"><ele>342.000</ele></trkpt>
      <trkpt lat="22.2531439104" lon="114.1998583933"><ele>342.000</ele></trkpt>
      <trkpt lat="22.2531842651" lon="114.1998434374"><ele>342.000</ele></trkpt>
      <trkpt lat="22.2532196260" lon="114.1998343627"><ele>342.000</ele></trkpt>
      <trkpt lat="22.2532556572" lon="114.1998300117"><ele>342.000</ele></trkpt>
      <trkpt lat="22.2532885669" lon="114.1998288063"><ele>341.000</ele></trkpt>
      <trkpt lat="22.2533298772" lon="114.1998318874"><ele>340.000</ele></trkpt>
      <trkpt lat="22.2533953971" lon="114.1998152156"><ele>340.000</ele></trkpt>
      <trkpt lat="22.2534292504" lon="114.1998017575"><ele>340.000</ele></trkpt>
      <trkpt lat="22.2534735807" lon="114.1997786453"><ele>340.000</ele></trkpt>
      <trkpt lat="22.2535088043" lon="114.1997632034"><ele>340.000</ele></trkpt>
      <trkpt lat="22.2535318917" lon="114.1997469243"><ele>340.000</ele></trkpt>
      <trkpt lat="22.2535551411" lon="114.1997221439"><ele>340.000</ele></trkpt>
      <trkpt lat="22.2536166670" lon="114.1996641374"><ele>340.000</ele></trkpt>
      <trkpt lat="22.2536777472" lon="114.1996165773"><ele>342.000</ele></trkpt>
      <trkpt lat="22.2537413500" lon="114.1995725343"><ele>340.000</ele></trkpt>
      <trkpt lat="22.2537895018" lon="114.1995383145"><ele>342.000</ele></trkpt>
      <trkpt lat="22.2538225492" lon="114.1995213791"><ele>344.000</ele></trkpt>
      <trkpt lat="22.2538735282" lon="114.1994955611"><ele>346.000</ele></trkpt>
      <trkpt lat="22.2539210403" lon="114.1994767557"><ele>346.000</ele></trkpt>
      <trkpt lat="22.2539519963" lon="114.1994777551"><ele>346.000</ele></trkpt>
      <trkpt lat="22.2539752284" lon="114.1994795449"><ele>348.000</ele></trkpt>
      <trkpt lat="22.2539991142" lon="114.1994686608"><ele>348.000</ele></trkpt>
      <trkpt lat="22.2540302544" lon="114.1994572423"><ele>349.000</ele></trkpt>
      <trkpt lat="22.2540327975" lon="114.1994567790"><ele>349.000</ele></trkpt>
      <trkpt lat="22.2540590846" lon="114.1994461776"><ele>349.000</ele></trkpt>
      <trkpt lat="22.2540880851" lon="114.1994178317"><ele>350.000</ele></trkpt>
      <trkpt lat="22.2541135312" lon="114.1993890379"><ele>349.000</ele></trkpt>
      <trkpt lat="22.2541355090" lon="114.1993636333"><ele>350.000</ele></trkpt>
      <trkpt lat="22.2541766387" lon="114.1993411907"><ele>350.000</ele></trkpt>
      <trkpt lat="22.2542205010" lon="114.1993188067"><ele>350.000</ele></trkpt>
      <trkpt lat="22.2542628969" lon="114.1992892405"><ele>350.000</ele></trkpt>
      <trkpt lat="22.2543209411" lon="114.1992459792"><ele>350.000</ele></trkpt>
      <trkpt lat="22.2543882547" lon="114.1991947079"><ele>350.000</ele></trkpt>
      <trkpt lat="22.2544150246" lon="114.1991658289"><ele>348.000</ele></trkpt>
      <trkpt lat="22.2544489315" lon="114.1991108802"><ele>348.000</ele></trkpt>
      <trkpt lat="22.2544806482" lon="114.1990835921"><ele>346.000</ele></trkpt>
      <trkpt lat="22.2545159621" lon="114.1990608738"><ele>345.000</ele></trkpt>
      <trkpt lat="22.2545420261" lon="114.1990500705"><ele>345.000</ele></trkpt>
      <trkpt lat="22.2545463482" lon="114.1990304189"><ele>342.000</ele></trkpt>
      <trkpt lat="22.2545341734" lon="114.1989943866"><ele>342.000</ele></trkpt>
      <trkpt lat="22.2545262468" lon="114.1989710950"><ele>340.000</ele></trkpt>
      <trkpt lat="22.2545280077" lon="114.1989516243"><ele>340.000</ele></trkpt>
      <trkpt lat="22.2545370300" lon="114.1989403313"><ele>338.000</ele></trkpt>
      <trkpt lat="22.2545645884" lon="114.1988970776"><ele>338.000</ele></trkpt>
      <trkpt lat="22.2545683748" lon="114.1988782020"><ele>335.000</ele></trkpt>
      <trkpt lat="22.2545630717" lon="114.1988538194"><ele>335.000</ele></trkpt>
      <trkpt lat="22.2545624146" lon="114.1988383930"><ele>333.000</ele></trkpt>
      <trkpt lat="22.2545696941" lon="114.1988191289"><ele>333.000</ele></trkpt>
      <trkpt lat="22.2545893558" lon="114.1988115211"><ele>333.000</ele></trkpt>
      <trkpt lat="22.2546107442" lon="114.1988100760"><ele>332.000</ele></trkpt>
      <trkpt lat="22.2546367758" lon="114.1988113840"><ele>331.000</ele></trkpt>
      <trkpt lat="22.2546563136" lon="114.1988121156"><ele>331.000</ele></trkpt>
      <trkpt lat="22.2546697033" lon="114.1988126872"><ele>331.000</ele></trkpt>
      <trkpt lat="22.2546853018" lon="114.1988003629"><ele>328.000</ele></trkpt>
      <trkpt lat="22.2546974892" lon="114.1987829438"><ele>328.000</ele></trkpt>
      <trkpt lat="22.2547203757" lon="114.1987689917"><ele>328.000</ele></trkpt>
      <trkpt lat="22.2547815941" lon="114.1987393894"><ele>326.000</ele></trkpt>
      <trkpt lat="22.2548409203" lon="114.1986976423"><ele>326.000</ele></trkpt>
      <trkpt lat="22.2548935111" lon="114.1986655229"><ele>326.000</ele></trkpt>
      <trkpt lat="22.2549275053" lon="114.1986451735"><ele>328.000</ele></trkpt>
      <trkpt lat="22.2549690078" lon="114.1986228062"><ele>328.000</ele></trkpt>
      <trkpt lat="22.2550267178" lon="114.1985926648"><ele>328.000</ele></trkpt>
      <trkpt lat="22.2550734136" lon="114.1985650760"><ele>329.000</ele></trkpt>
      <trkpt lat="22.2551134538" lon="114.1985513652"><ele>330.000</ele></trkpt>
      <trkpt lat="22.2551424553" lon="114.1985553046"><ele>330.000</ele></trkpt>
      <trkpt lat="22.2551715284" lon="114.1985570379"><ele>330.000</ele></trkpt>
      <trkpt lat="22.2552328600" lon="114.1985444160"><ele>330.000</ele></trkpt>
      <trkpt lat="22.2552576217" lon="114.1985471799"><ele>330.000</ele></trkpt>
      <trkpt lat="22.2553573639" lon="114.1985582783"><ele>331.000</ele></trkpt>
      <trkpt lat="22.2554212011" lon="114.1985562081"><ele>330.000</ele></trkpt>
      <trkpt lat="22.2554751885" lon="114.1985604793"><ele>331.000</ele></trkpt>
      <trkpt lat="22.2554915716" lon="114.1985566100"><ele>331.000</ele></trkpt>
      <trkpt lat="22.2555283394" lon="114.1985540079"><ele>332.000</ele></trkpt>
      <trkpt lat="22.2555488050" lon="114.1985515333"><ele>332.000</ele></trkpt>
      <trkpt lat="22.2555650417" lon="114.1985478346"><ele>332.000</ele></trkpt>
      <trkpt lat="22.2555753300" lon="114.1985442466"><ele>332.000</ele></trkpt>
      <trkpt lat="22.2555830201" lon="114.1985405855"><ele>332.000</ele></trkpt>
      <trkpt lat="22.2555972518" lon="114.1985312159"><ele>332.000</ele></trkpt>
      <trkpt lat="22.2556118951" lon="114.1985240129"><ele>332.000</ele></trkpt>
      <trkpt lat="22.2556306229" lon="114.1985173129"><ele>332.000</ele></trkpt>
      <trkpt lat="22.2556604493" lon="114.1985111143"><ele>332.000</ele></trkpt>
      <trkpt lat="22.2556904557" lon="114.1985029987"><ele>332.000</ele></trkpt>
      <trkpt lat="22.2557354758" lon="114.1984858484"><ele>332.000</ele></trkpt>
      <trkpt lat="22.2557513840" lon="114.1984806644"><ele>332.000</ele></trkpt>
      <trkpt lat="22.2557726231" lon="114.1984746789"><ele>330.000</ele></trkpt>
      <trkpt lat="22.2558037079" lon="114.1984585868"><ele>330.000</ele></trkpt>
      <trkpt lat="22.2558342307" lon="114.1984380901"><ele>330.000</ele></trkpt>
      <trkpt lat="22.2558715217" lon="114.1984056285"><ele>328.000</ele></trkpt>
      <trkpt lat="22.2558968489" lon="114.1983733485"><ele>328.000</ele></trkpt>
      <trkpt lat="22.2559186367" lon="114.1983565748"><ele>328.000</ele></trkpt>
      <trkpt lat="22.2559405727" lon="114.1983456435"><ele>328.000</ele></trkpt>
      <trkpt lat="22.2559790063" lon="114.1983318945"><ele>326.000</ele></trkpt>
      <trkpt lat="22.2560028931" lon="114.1983266205"><ele>326.000</ele></trkpt>
      <trkpt lat="22.2560315237" lon="114.1983219564"><ele>326.000</ele></trkpt>
      <trkpt lat="22.2561067374" lon="114.1983214945"><ele>324.000</ele></trkpt>
      <trkpt lat="22.2561331803" lon="114.1983202819"><ele>324.000</ele></trkpt>
      <trkpt lat="22.2561554111" lon="114.1983196295"><ele>324.000</ele></trkpt>
      <trkpt lat="22.2561914097" lon="114.1983159115"><ele>324.000</ele></trkpt>
      <trkpt lat="22.2562206312" lon="114.1983152427"><ele>324.000</ele></trkpt>
      <trkpt lat="22.2562390884" lon="114.1983125698"><ele>324.000</ele></trkpt>
      <trkpt lat="22.2562628071" lon="114.1983083590"><ele>324.000</ele></trkpt>
      <trkpt lat="22.2562812364" lon="114.1983050517"><ele>324.000</ele></trkpt>
      <trkpt lat="22.2563170271" lon="114.1982954904"><ele>324.000</ele></trkpt>
      <trkpt lat="22.2563286899" lon="114.1982908635"><ele>324.000</ele></trkpt>
      <trkpt lat="22.2563597658" lon="114.1982737488"><ele>322.000</ele></trkpt>
      <trkpt lat="22.2563669324" lon="114.1982678086"><ele>322.000</ele></trkpt>
      <trkpt lat="22.2563727194" lon="114.1982597591"><ele>322.000</ele></trkpt>
      <trkpt lat="22.2563784813" lon="114.1982368166"><ele>322.000</ele></trkpt>
      <trkpt lat="22.2563796333" lon="114.1982250322"><ele>322.000</ele></trkpt>
      <trkpt lat="22.2563802882" lon="114.1982104605"><ele>322.000</ele></trkpt>
      <trkpt lat="22.2563804593" lon="114.1981592039"><ele>320.000</ele></trkpt>
      <trkpt lat="22.2563726620" lon="114.1980779711"><ele>319.000</ele></trkpt>
      <trkpt lat="22.2563741578" lon="114.1980271504"><ele>318.000</ele></trkpt>
      <trkpt lat="22.2563779718" lon="114.1980037574"><ele>316.000</ele></trkpt>
      <trkpt lat="22.2563792909" lon="114.1979986051"><ele>316.000</ele></trkpt>
      <trkpt lat="22.2563829597" lon="114.1979878582"><ele>316.000</ele></trkpt>
      <trkpt lat="22.2563944675" lon="114.1979599988"><ele>315.000</ele></trkpt>
      <trkpt lat="22.2564051445" lon="114.1979387684"><ele>316.000</ele></trkpt>
      <trkpt lat="22.2564072951" lon="114.1979358825"><ele>316.000</ele></trkpt>
      <trkpt lat="22.2564196064" lon="114.1979164656"><ele>315.000</ele></trkpt>
      <trkpt lat="22.2564308581" lon="114.1979058265"><ele>315.000</ele></trkpt>
      <trkpt lat="22.2564361282" lon="114.1979009600"><ele>315.000</ele></trkpt>
      <trkpt lat="22.2564407540" lon="114.1978981356"><ele>315.000</ele></trkpt>
      <trkpt lat="22.2564451152" lon="114.1978960883"><ele>314.000</ele></trkpt>
      <trkpt lat="22.2564561261" lon="114.1978910266"><ele>314.000</ele></trkpt>
      <trkpt lat="22.2564605630" lon="114.1978895391"><ele>314.000</ele></trkpt>
      <trkpt lat="22.2564746097" lon="114.1978865123"><ele>314.000</ele></trkpt>
      <trkpt lat="22.2564864064" lon="114.1978866596"><ele>314.000</ele></trkpt>
      <trkpt lat="22.2564922809" lon="114.1978866226"><ele>314.000</ele></trkpt>
      <trkpt lat="22.2565037642" lon="114.1978870163"><ele>314.000</ele></trkpt>
      <trkpt lat="22.2565141882" lon="114.1978881433"><ele>314.000</ele></trkpt>
      <trkpt lat="22.2565248740" lon="114.1978895011"><ele>314.000</ele></trkpt>
      <trkpt lat="22.2565307004" lon="114.1978906245"><ele>314.000</ele></trkpt>
      <trkpt lat="22.2565417735" lon="114.1978931204"><ele>314.000</ele></trkpt>
      <trkpt lat="22.2565496461" lon="114.1978960457"><ele>314.000</ele></trkpt>
      <trkpt lat="22.2565553668" lon="114.1978972369"><ele>314.000</ele></trkpt>
      <trkpt lat="22.2565649976" lon="114.1979008532"><ele>314.000</ele></trkpt>
      <trkpt lat="22.2565734724" lon="114.1979043810"><ele>314.000</ele></trkpt>
      <trkpt lat="22.2565840114" lon="114.1979092266"><ele>314.000</ele></trkpt>
      <trkpt lat="22.2565950743" lon="114.1979139588"><ele>314.000</ele></trkpt>
      <trkpt lat="22.2566042490" lon="114.1979174120"><ele>314.000</ele></trkpt>
      <trkpt lat="22.2566138930" lon="114.1979230317"><ele>316.000</ele></trkpt>
      <trkpt lat="22.2566271866" lon="114.1979262420"><ele>316.000</ele></trkpt>
      <trkpt lat="22.2566487649" lon="114.1979301754"><ele>316.000</ele></trkpt>
      <trkpt lat="22.2566567498" lon="114.1979306238"><ele>316.000</ele></trkpt>
      <trkpt lat="22.2566789856" lon="114.1979336191"><ele>316.000</ele></trkpt>
      <trkpt lat="22.2566893218" lon="114.1979354824"><ele>316.000</ele></trkpt>
      <trkpt lat="22.2567089766" lon="114.1979392816"><ele>316.000</ele></trkpt>
      <trkpt lat="22.2567191430" lon="114.1979413476"><ele>317.000</ele></trkpt>
      <trkpt lat="22.2567424466" lon="114.1979483441"><ele>317.000</ele></trkpt>
      <trkpt lat="22.2567472922" lon="114.1979504743"><ele>317.000</ele></trkpt>
      <trkpt lat="22.2567535483" lon="114.1979536807"><ele>317.000</ele></trkpt>
      <trkpt lat="22.2567581788" lon="114.1979563746"><ele>316.000</ele></trkpt>
      <trkpt lat="22.2567671376" lon="114.1979608852"><ele>316.000</ele></trkpt>
      <trkpt lat="22.2567746634" lon="114.1979632167"><ele>316.000</ele></trkpt>
      <trkpt lat="22.2567875461" lon="114.1979669334"><ele>316.000</ele></trkpt>
      <trkpt lat="22.2567886658" lon="114.1979678746"><ele>316.000</ele></trkpt>
      <trkpt lat="22.2567916725" lon="114.1979715520"><ele>319.000</ele></trkpt>
      <trkpt lat="22.2567949138" lon="114.1979769563"><ele>319.000</ele></trkpt>
      <trkpt lat="22.2568018480" lon="114.1979870276"><ele>319.000</ele></trkpt>
      <trkpt lat="22.2567875461" lon="114.1979669334"><ele>316.000</ele></trkpt>
      <trkpt lat="22.2567886658" lon="114.1979678746"><ele>316.000</ele></trkpt>
      <trkpt lat="22.2567916725" lon="114.1979715520"><ele>319.000</ele></trkpt>
      <trkpt lat="22.2567949138" lon="114.1979769563"><ele>319.000</ele></trkpt>
      <trkpt lat="22.2568018480" lon="114.1979870276"><ele>319.000</ele></trkpt>
      <trkpt lat="22.2568069580" lon="114.1979978457"><ele>318.000</ele></trkpt>
      <trkpt lat="22.2568136574" lon="114.1980076648"><ele>318.000</ele></trkpt>
      <trkpt lat="22.2568226686" lon="114.1980187067"><ele>318.000</ele></trkpt>
      <trkpt lat="22.2568270478" lon="114.1980236163"><ele>318.000</ele></trkpt>
      <trkpt lat="22.2568305150" lon="114.1980285259"><ele>318.000</ele></trkpt>
      <trkpt lat="22.2568335217" lon="114.1980319607"><ele>318.000</ele></trkpt>
      <trkpt lat="22.2568378921" lon="114.1980353861"><ele>318.000</ele></trkpt>
      <trkpt lat="22.2568427497" lon="114.1980427504"><ele>318.000</ele></trkpt>
      <trkpt lat="22.2568485018" lon="114.1980461662"><ele>310.000</ele></trkpt>
      <trkpt lat="22.2568537933" lon="114.1980490969"><ele>310.000</ele></trkpt>
      <trkpt lat="22.2568581462" lon="114.1980485737"><ele>310.000</ele></trkpt>
      <trkpt lat="22.2568714483" lon="114.1980489734"><ele>310.000</ele></trkpt>
      <trkpt lat="22.2568769302" lon="114.1980467138"><ele>310.000</ele></trkpt>
      <trkpt lat="22.2568925173" lon="114.1980453773"><ele>310.000</ele></trkpt>
      <trkpt lat="22.2568980258" lon="114.1980468237"><ele>309.000</ele></trkpt>
      <trkpt lat="22.2569032997" lon="114.1980467857"><ele>309.000</ele></trkpt>
      <trkpt lat="22.2569111110" lon="114.1980489503"><ele>309.000</ele></trkpt>
      <trkpt lat="22.2569175404" lon="114.1980518715"><ele>309.000</ele></trkpt>
      <trkpt lat="22.2569223715" lon="114.1980545499"><ele>309.000</ele></trkpt>
      <trkpt lat="22.2569276542" lon="114.1980559962"><ele>309.000</ele></trkpt>
      <trkpt lat="22.2569336322" lon="114.1980586748"><ele>309.000</ele></trkpt>
      <trkpt lat="22.2569391495" lon="114.1980615958"><ele>308.000</ele></trkpt>
      <trkpt lat="22.2569499584" lon="114.1980676901"><ele>307.000</ele></trkpt>
      <trkpt lat="22.2569536427" lon="114.1980693884"><ele>307.000</ele></trkpt>
      <trkpt lat="22.2569582390" lon="114.1980720765"><ele>307.000</ele></trkpt>
      <trkpt lat="22.2569637565" lon="114.1980735229"><ele>307.000</ele></trkpt>
      <trkpt lat="22.2569692738" lon="114.1980769387"><ele>307.000</ele></trkpt>
      <trkpt lat="22.2569738790" lon="114.1980803544"><ele>307.000</ele></trkpt>
      <trkpt lat="22.2569780326" lon="114.1980842745"><ele>307.000</ele></trkpt>
      <trkpt lat="22.2569826288" lon="114.1980872050"><ele>307.000</ele></trkpt>
      <trkpt lat="22.2569872340" lon="114.1980908730"><ele>308.000</ele></trkpt>
      <trkpt lat="22.2569943942" lon="114.1980994600"><ele>308.000</ele></trkpt>
      <trkpt lat="22.2569980873" lon="114.1981028950"><ele>308.000</ele></trkpt>
      <trkpt lat="22.2570015543" lon="114.1981087941"><ele>308.000</ele></trkpt>
      <trkpt lat="22.2570084886" lon="114.1981181184"><ele>306.000</ele></trkpt>
      <trkpt lat="22.2570149536" lon="114.1981254733"><ele>306.000</ele></trkpt>
      <trkpt lat="22.2570239469" lon="114.1981352830"><ele>306.000</ele></trkpt>
      <trkpt lat="22.2570315587" lon="114.1981428806"><ele>306.000</ele></trkpt>
      <trkpt lat="22.2570502053" lon="114.1981563299"><ele>306.000</ele></trkpt>
      <trkpt lat="22.2570589640" lon="114.1981639179"><ele>306.000</ele></trkpt>
      <trkpt lat="22.2570663411" lon="114.1981712632"><ele>304.000</ele></trkpt>
      <trkpt lat="22.2570739440" lon="114.1981778809"><ele>304.000</ele></trkpt>
      <trkpt lat="22.2570939811" lon="114.1981932805"><ele>304.000</ele></trkpt>
      <trkpt lat="22.2571027221" lon="114.1981984043"><ele>304.000</ele></trkpt>
      <trkpt lat="22.2571144432" lon="114.1982035092"><ele>304.000</ele></trkpt>
      <trkpt lat="22.2571238883" lon="114.1982108451"><ele>305.000</ele></trkpt>
      <trkpt lat="22.2571346884" lon="114.1982154647"><ele>302.000</ele></trkpt>
      <trkpt lat="22.2571620672" lon="114.1982315639"><ele>302.000</ele></trkpt>
      <trkpt lat="22.2571744746" lon="114.1982373965"><ele>305.000</ele></trkpt>
      <trkpt lat="22.2571834504" lon="114.1982427629"><ele>305.000</ele></trkpt>
      <trkpt lat="22.2571944852" lon="114.1982473826"><ele>305.000</ele></trkpt>
      <trkpt lat="22.2572034521" lon="114.1982517594"><ele>305.000</ele></trkpt>
      <trkpt lat="22.2572138005" lon="114.1982573685"><ele>306.000</ele></trkpt>
      <trkpt lat="22.2572227585" lon="114.1982602610"><ele>306.000</ele></trkpt>
      <trkpt lat="22.2572333328" lon="114.1982653754"><ele>297.000</ele></trkpt>
      <trkpt lat="22.2572432118" lon="114.1982690053"><ele>297.000</ele></trkpt>
      <trkpt lat="22.2572551588" lon="114.1982738580"><ele>299.000</ele></trkpt>
      <trkpt lat="22.2572613714" lon="114.1982772739"><ele>299.000</ele></trkpt>
      <trkpt lat="22.2572751517" lon="114.1982811276"><ele>299.000</ele></trkpt>
      <trkpt lat="22.2572852655" lon="114.1982852524"><ele>299.000</ele></trkpt>
      <trkpt lat="22.2572960656" lon="114.1982893772"><ele>299.000</ele></trkpt>
      <trkpt lat="22.2573059270" lon="114.1982903004"><ele>297.000</ele></trkpt>
      <trkpt lat="22.2573148850" lon="114.1982929503"><ele>297.000</ele></trkpt>
      <trkpt lat="22.2573187862" lon="114.1982939114"><ele>297.000</ele></trkpt>
      <trkpt lat="22.2573226784" lon="114.1982938829"><ele>297.000</ele></trkpt>
      <trkpt lat="22.2573275007" lon="114.1982943493"><ele>297.000</ele></trkpt>
      <trkpt lat="22.2573387259" lon="114.1982932838"><ele>297.000</ele></trkpt>
      <trkpt lat="22.2573426094" lon="114.1982910336"><ele>297.000</ele></trkpt>
      <trkpt lat="22.2573508458" lon="114.1982880176"><ele>296.000</ele></trkpt>
      <trkpt lat="22.2573570232" lon="114.1982850207"><ele>296.000</ele></trkpt>
      <trkpt lat="22.2573608978" lon="114.1982815384"><ele>296.000</ele></trkpt>
      <trkpt lat="22.2573688907" lon="114.1982755634"><ele>296.000</ele></trkpt>
      <trkpt lat="22.2573736776" lon="114.1982705969"><ele>296.000</ele></trkpt>
      <trkpt lat="22.2573766312" lon="114.1982666293"><ele>296.000</ele></trkpt>
      <trkpt lat="22.2573816528" lon="114.1982619054"><ele>296.000</ele></trkpt>
      <trkpt lat="22.2573898626" lon="114.1982546983"><ele>297.000</ele></trkpt>
      <trkpt lat="22.2573966910" lon="114.1982460163"><ele>296.000</ele></trkpt>
      <trkpt lat="22.2574046661" lon="114.1982383144"><ele>296.000</ele></trkpt>
      <trkpt lat="22.2574147092" lon="114.1982303508"><ele>296.000</ele></trkpt>
      <trkpt lat="22.2574226933" lon="114.1982231437"><ele>296.000</ele></trkpt>
      <trkpt lat="22.2574407292" lon="114.1982101947"><ele>297.000</ele></trkpt>
      <trkpt lat="22.2574480358" lon="114.1982042292"><ele>297.000</ele></trkpt>
      <trkpt lat="22.2574674444" lon="114.1981915133"><ele>297.000</ele></trkpt>
      <trkpt lat="22.2574772528" lon="114.1981830549"><ele>297.000</ele></trkpt>
      <trkpt lat="22.2574870789" lon="114.1981768279"><ele>296.000</ele></trkpt>
      <trkpt lat="22.2574968963" lon="114.1981693590"><ele>296.000</ele></trkpt>
      <trkpt lat="22.2575039680" lon="114.1981636361"><ele>298.000</ele></trkpt>
      <trkpt lat="22.2575140111" lon="114.1981561673"><ele>298.000</ele></trkpt>
      <trkpt lat="22.2575195021" lon="114.1981536651"><ele>298.000</ele></trkpt>
      <trkpt lat="22.2575275038" lon="114.1981496595"><ele>298.000</ele></trkpt>
      <trkpt lat="22.2575348102" lon="114.1981449262"><ele>298.000</ele></trkpt>
      <trkpt lat="22.2575424505" lon="114.1981420363"><ele>298.000</ele></trkpt>
      <trkpt lat="22.2575501089" lon="114.1981394471"><ele>298.000</ele></trkpt>
      <trkpt lat="22.2575624994" lon="114.1981358593"><ele>298.000</ele></trkpt>
      <trkpt lat="22.2575705097" lon="114.1981351135"><ele>302.000</ele></trkpt>
      <trkpt lat="22.2575796399" lon="114.1981334365"><ele>302.000</ele></trkpt>
      <trkpt lat="22.2575877226" lon="114.1981312645"><ele>302.000</ele></trkpt>
      <trkpt lat="22.2575930780" lon="114.1981300526"><ele>302.000</ele></trkpt>
      <trkpt lat="22.2576669881" lon="114.1981057707"><ele>309.000</ele></trkpt>
      <trkpt lat="22.2576705283" lon="114.1981042190"><ele>309.000</ele></trkpt>
      <trkpt lat="22.2576770488" lon="114.1981018528"><ele>309.000</ele></trkpt>
      <trkpt lat="22.2576837136" lon="114.1981000299"><ele>309.000</ele></trkpt>
      <trkpt lat="22.2576905049" lon="114.1980987697"><ele>309.000</ele></trkpt>
      <trkpt lat="22.2576939185" lon="114.1980983530"><ele>309.000</ele></trkpt>
      <trkpt lat="22.2577007909" lon="114.1980979369"><ele>309.000</ele></trkpt>
      <trkpt lat="22.2577076722" lon="114.1980981028"><ele>306.000</ele></trkpt>
      <trkpt lat="22.2577145264" lon="114.1980988412"><ele>306.000</ele></trkpt>
      <trkpt lat="22.2577212992" lon="114.1981001423"><ele>306.000</ele></trkpt>
      <trkpt lat="22.2577279636" lon="114.1981020060"><ele>306.000</ele></trkpt>
      <trkpt lat="22.2577312326" lon="114.1981031416"><ele>306.000</ele></trkpt>
      <trkpt lat="22.2577413464" lon="114.1981071402"><ele>306.000</ele></trkpt>
      <trkpt lat="22.2577476326" lon="114.1980938227"><ele>306.000</ele></trkpt>
      <trkpt lat="22.2577471818" lon="114.1980814393"><ele>306.000</ele></trkpt>
      <trkpt lat="22.2577464390" lon="114.1980710002"><ele>306.000</ele></trkpt>
      <trkpt lat="22.2577451943" lon="114.1980591833"><ele>306.000</ele></trkpt>
      <trkpt lat="22.2577434810" lon="114.1980470559"><ele>306.000</ele></trkpt>
      <trkpt lat="22.2577415871" lon="114.1980346461"><ele>306.000</ele></trkpt>
      <trkpt lat="22.2577395838" lon="114.1980225129"><ele>306.000</ele></trkpt>
      <trkpt lat="22.2577375977" lon="114.1980111771"><ele>304.000</ele></trkpt>
      <trkpt lat="22.2577355491" lon="114.1980002012"><ele>304.000</ele></trkpt>
      <trkpt lat="22.2577331197" lon="114.1979878564"><ele>304.000</ele></trkpt>
      <trkpt lat="22.2577308436" lon="114.1979769572"><ele>304.000</ele></trkpt>
      <trkpt lat="22.2577283634" lon="114.1979656233"><ele>301.000</ele></trkpt>
      <trkpt lat="22.2577259655" lon="114.1979539556"><ele>301.000</ele></trkpt>
      <trkpt lat="22.2577235386" lon="114.1979425558"><ele>301.000</ele></trkpt>
      <trkpt lat="22.2577211198" lon="114.1979316662"><ele>301.000</ele></trkpt>
      <trkpt lat="22.2577184293" lon="114.1979200218"><ele>298.000</ele></trkpt>
      <trkpt lat="22.2577158019" lon="114.1979090556"><ele>298.000</ele></trkpt>
      <trkpt lat="22.2577128305" lon="114.1978971385"><ele>298.000</ele></trkpt>
      <trkpt lat="22.2577100686" lon="114.1978864196"><ele>298.000</ele></trkpt>
      <trkpt lat="22.2577069049" lon="114.1978744967"><ele>298.000</ele></trkpt>
      <trkpt lat="22.2577042892" lon="114.1978634180"><ele>296.000</ele></trkpt>
      <trkpt lat="22.2577012898" lon="114.1978519113"><ele>296.000</ele></trkpt>
      <trkpt lat="22.2576980763" lon="114.1978407383"><ele>296.000</ele></trkpt>
      <trkpt lat="22.2576942877" lon="114.1978287367"><ele>296.000</ele></trkpt>
      <trkpt lat="22.2576929174" lon="114.1978248238"><ele>293.000</ele></trkpt>
      <trkpt lat="22.2576910407" lon="114.1978183535"><ele>293.000</ele></trkpt>
      <trkpt lat="22.2576901670" lon="114.1978146512"><ele>293.000</ele></trkpt>
      <trkpt lat="22.2576886184" lon="114.1978063938"><ele>293.000</ele></trkpt>
      <trkpt lat="22.2576861653" lon="114.1977956508"><ele>293.000</ele></trkpt>
      <trkpt lat="22.2576838351" lon="114.1977840588"><ele>293.000</ele></trkpt>
      <trkpt lat="22.2576817559" lon="114.1977721312"><ele>290.000</ele></trkpt>
      <trkpt lat="22.2576799352" lon="114.1977596749"><ele>290.000</ele></trkpt>
      <trkpt lat="22.2576786434" lon="114.1977488001"><ele>290.000</ele></trkpt>
      <trkpt lat="22.2576773403" lon="114.1977344947"><ele>290.000</ele></trkpt>
      <trkpt lat="22.2576765383" lon="114.1977208686"><ele>288.000</ele></trkpt>
      <trkpt lat="22.2576761830" lon="114.1977096698"><ele>288.000</ele></trkpt>
      <trkpt lat="22.2576761042" lon="114.1976977367"><ele>288.000</ele></trkpt>
      <trkpt lat="22.2576767740" lon="114.1976858086"><ele>288.000</ele></trkpt>
      <trkpt lat="22.2576775776" lon="114.1976724223"><ele>288.000</ele></trkpt>
      <trkpt lat="22.2576783278" lon="114.1976607900"><ele>288.000</ele></trkpt>
      <trkpt lat="22.2576791864" lon="114.1976481682"><ele>288.000</ele></trkpt>
      <trkpt lat="22.2576801526" lon="114.1976347742"><ele>288.000</ele></trkpt>
      <trkpt lat="22.2576811277" lon="114.1976221049"><ele>285.000</ele></trkpt>
      <trkpt lat="22.2576822167" lon="114.1976085702"><ele>285.000</ele></trkpt>
      <trkpt lat="22.2576837931" lon="114.1975978093"><ele>285.000</ele></trkpt>
      <trkpt lat="22.2576851940" lon="114.1975882339"><ele>285.000</ele></trkpt>
      <trkpt lat="22.2576867261" lon="114.1975777679"><ele>282.000</ele></trkpt>
      <trkpt lat="22.2576882300" lon="114.1975683129"><ele>282.000</ele></trkpt>
      <trkpt lat="22.2576897502" lon="114.1975587880"><ele>282.000</ele></trkpt>
      <trkpt lat="22.2576901298" lon="114.1975563529"><ele>282.000</ele></trkpt>
      <trkpt lat="22.2576918000" lon="114.1975458927"><ele>282.000</ele></trkpt>
      <trkpt lat="22.2576920612" lon="114.1975442522"><ele>282.000</ele></trkpt>
      <trkpt lat="22.2577198201" lon="114.1975330120"><ele>276.000</ele></trkpt>
      <trkpt lat="22.2577285037" lon="114.1975280848"><ele>276.000</ele></trkpt>
      <trkpt lat="22.2577300607" lon="114.1975272080"><ele>276.000</ele></trkpt>
      <trkpt lat="22.2577386389" lon="114.1975206044"><ele>276.000</ele></trkpt>
      <trkpt lat="22.2577413828" lon="114.1975177534"><ele>276.000</ele></trkpt>
      <trkpt lat="22.2577475100" lon="114.1975113929"><ele>276.000</ele></trkpt>
      <trkpt lat="22.2577525310" lon="114.1975046500"><ele>272.000</ele></trkpt>
      <trkpt lat="22.2577542645" lon="114.1975005988"><ele>272.000</ele></trkpt>
      <trkpt lat="22.2577672474" lon="114.1974687907"><ele>270.000</ele></trkpt>
    </trkseg>
  </trk>
</gpx>
