<?xml version="1.0" encoding="UTF-8"?>
<gpx xmlns:xsi="http://www.w3.org/2001/XMLSchema-instance"
     xsi:schemaLocation="http://www.topografix.com/GPX/1/1 http://www.topografix.com/GPX/1/1/gpx.xsd"
     version="1.1" creator="json3d_batch_to_gpx"
     xmlns="http://www.topografix.com/GPX/1/1">
  <metadata>
    <name>WilsonTrail(Section8)YuenTunHatoCloudyHill</name>
  </metadata>
  <trk>
    <name>WilsonTrail(Section8)YuenTunHatoCloudyHill</name>
    <type>hike</type>
    <trkseg>
      <trkpt lat="22.4298418636" lon="114.1628541186"><ele>77.000</ele></trkpt>
      <trkpt lat="22.4299368234" lon="114.1628838610"><ele>74.000</ele></trkpt>
      <trkpt lat="22.4300314743" lon="114.1629235716"><ele>74.000</ele></trkpt>
      <trkpt lat="22.4301276071" lon="114.1629637474"><ele>74.000</ele></trkpt>
      <trkpt lat="22.4302130676" lon="114.1630125199"><ele>75.000</ele></trkpt>
      <trkpt lat="22.4303521854" lon="114.1631364116"><ele>76.000</ele></trkpt>
      <trkpt lat="22.4304000116" lon="114.1631790034"><ele>76.000</ele></trkpt>
      <trkpt lat="22.4305430340" lon="114.1632713849"><ele>76.000</ele></trkpt>
      <trkpt lat="22.4306113347" lon="114.1633091315"><ele>76.000</ele></trkpt>
      <trkpt lat="22.4307903245" lon="114.1633350898"><ele>74.000</ele></trkpt>
      <trkpt lat="22.4308387698" lon="114.1633421156"><ele>74.000</ele></trkpt>
      <trkpt lat="22.4310189846" lon="114.1633549504"><ele>72.000</ele></trkpt>
      <trkpt lat="22.4311007769" lon="114.1633607756"><ele>70.000</ele></trkpt>
      <trkpt lat="22.4312630240" lon="114.1633855970"><ele>68.000</ele></trkpt>
      <trkpt lat="22.4314418420" lon="114.1634128914"><ele>66.000</ele></trkpt>
      <trkpt lat="22.4315770120" lon="114.1634335235"><ele>66.000</ele></trkpt>
      <trkpt lat="22.4317351714" lon="114.1634627594"><ele>66.000</ele></trkpt>
      <trkpt lat="22.4318633446" lon="114.1634971911"><ele>64.000</ele></trkpt>
      <trkpt lat="22.4320424410" lon="114.1635222850"><ele>62.000</ele></trkpt>
      <trkpt lat="22.4321090204" lon="114.1635316137"><ele>62.000</ele></trkpt>
      <trkpt lat="22.4322220607" lon="114.1635375390"><ele>60.000</ele></trkpt>
      <trkpt lat="22.4323695884" lon="114.1635657611"><ele>56.000</ele></trkpt>
      <trkpt lat="22.4324870935" lon="114.1635743767"><ele>54.000</ele></trkpt>
      <trkpt lat="22.4326671740" lon="114.1635892340"><ele>52.000</ele></trkpt>
      <trkpt lat="22.4328472544" lon="114.1636040913"><ele>50.000</ele></trkpt>
      <trkpt lat="22.4330273349" lon="114.1636189486"><ele>48.000</ele></trkpt>
      <trkpt lat="22.4331649684" lon="114.1636303040"><ele>48.000</ele></trkpt>
      <trkpt lat="22.4333453164" lon="114.1636407521"><ele>47.000</ele></trkpt>
      <trkpt lat="22.4335256644" lon="114.1636512003"><ele>46.000</ele></trkpt>
      <trkpt lat="22.4337060123" lon="114.1636616485"><ele>46.000</ele></trkpt>
      <trkpt lat="22.4337797944" lon="114.1636659230"><ele>44.000</ele></trkpt>
      <trkpt lat="22.4339601023" lon="114.1636771431"><ele>44.000</ele></trkpt>
      <trkpt lat="22.4340882415" lon="114.1636851168"><ele>44.000</ele></trkpt>
      <trkpt lat="22.4342685491" lon="114.1636963433"><ele>42.000</ele></trkpt>
      <trkpt lat="22.4342860811" lon="114.1636974349"><ele>42.000</ele></trkpt>
      <trkpt lat="22.4343742101" lon="114.1637060438"><ele>42.000</ele></trkpt>
      <trkpt lat="22.4344463114" lon="114.1637203952"><ele>42.000</ele></trkpt>
      <trkpt lat="22.4345157492" lon="114.1637519687"><ele>40.000</ele></trkpt>
      <trkpt lat="22.4346279058" lon="114.1638294659"><ele>40.000</ele></trkpt>
      <trkpt lat="22.4347835624" lon="114.1639280001"><ele>38.000</ele></trkpt>
      <trkpt lat="22.4348228554" lon="114.1639528735"><ele>36.000</ele></trkpt>
      <trkpt lat="22.4349457046" lon="114.1640389767"><ele>36.000</ele></trkpt>
      <trkpt lat="22.4350922012" lon="114.1641526058"><ele>31.000</ele></trkpt>
      <trkpt lat="22.4351446841" lon="114.1641933139"><ele>30.000</ele></trkpt>
      <trkpt lat="22.4352855363" lon="114.1643149213"><ele>30.000</ele></trkpt>
      <trkpt lat="22.4353075956" lon="114.1643339667"><ele>30.000</ele></trkpt>
      <trkpt lat="22.4354081014" lon="114.1643965947"><ele>28.000</ele></trkpt>
      <trkpt lat="22.4355389548" lon="114.1644339121"><ele>26.000</ele></trkpt>
      <trkpt lat="22.4356591255" lon="114.1644511146"><ele>26.000</ele></trkpt>
      <trkpt lat="22.4357979869" lon="114.1644625940"><ele>24.000</ele></trkpt>
      <trkpt lat="22.4359502064" lon="114.1644769195"><ele>24.000</ele></trkpt>
      <trkpt lat="22.4360490089" lon="114.1644912768"><ele>22.000</ele></trkpt>
      <trkpt lat="22.4361762869" lon="114.1645257699"><ele>23.000</ele></trkpt>
      <trkpt lat="22.4362784056" lon="114.1645421214"><ele>22.000</ele></trkpt>
      <trkpt lat="22.4363257442" lon="114.1645432644"><ele>22.000</ele></trkpt>
      <trkpt lat="22.4363301816" lon="114.1644930199"><ele>24.000</ele></trkpt>
      <trkpt lat="22.4363287122" lon="114.1644205549"><ele>26.000</ele></trkpt>
      <trkpt lat="22.4363121161" lon="114.1642270953"><ele>24.000</ele></trkpt>
      <trkpt lat="22.4363114900" lon="114.1642197966"><ele>24.000</ele></trkpt>
      <trkpt lat="22.4362960814" lon="114.1641177098"><ele>30.000</ele></trkpt>
      <trkpt lat="22.4363076772" lon="114.1639779629"><ele>34.000</ele></trkpt>
      <trkpt lat="22.4363379496" lon="114.1637864298"><ele>36.000</ele></trkpt>
      <trkpt lat="22.4363389654" lon="114.1637800026"><ele>36.000</ele></trkpt>
      <trkpt lat="22.4363465489" lon="114.1637310216"><ele>38.000</ele></trkpt>
      <trkpt lat="22.4363655185" lon="114.1636891841"><ele>40.000</ele></trkpt>
      <trkpt lat="22.4364575202" lon="114.1635595856"><ele>40.000</ele></trkpt>
      <trkpt lat="22.4365039901" lon="114.1634299894"><ele>40.000</ele></trkpt>
      <trkpt lat="22.4365380203" lon="114.1632966329"><ele>41.000</ele></trkpt>
      <trkpt lat="22.4365646765" lon="114.1631483524"><ele>42.000</ele></trkpt>
      <trkpt lat="22.4365582995" lon="114.1630246858"><ele>42.000</ele></trkpt>
      <trkpt lat="22.4367223500" lon="114.1630602038"><ele>47.000</ele></trkpt>
      <trkpt lat="22.4367363621" lon="114.1630337305"><ele>47.000</ele></trkpt>
      <trkpt lat="22.4367564772" lon="114.1629783202"><ele>52.000</ele></trkpt>
      <trkpt lat="22.4367650620" lon="114.1629418817"><ele>52.000</ele></trkpt>
      <trkpt lat="22.4367499314" lon="114.1628879223"><ele>54.000</ele></trkpt>
      <trkpt lat="22.4367410904" lon="114.1628554800"><ele>54.000</ele></trkpt>
      <trkpt lat="22.4367610055" lon="114.1628156812"><ele>56.000</ele></trkpt>
      <trkpt lat="22.4368624925" lon="114.1626707752"><ele>58.000</ele></trkpt>
      <trkpt lat="22.4369378877" lon="114.1625257512"><ele>60.000</ele></trkpt>
      <trkpt lat="22.4369643929" lon="114.1624532501"><ele>62.000</ele></trkpt>
      <trkpt lat="22.4369664599" lon="114.1624214662"><ele>62.000</ele></trkpt>
      <trkpt lat="22.4369188440" lon="114.1622503578"><ele>62.000</ele></trkpt>
      <trkpt lat="22.4369093587" lon="114.1621243171"><ele>61.000</ele></trkpt>
      <trkpt lat="22.4369108204" lon="114.1621003639"><ele>62.000</ele></trkpt>
      <trkpt lat="22.4369267396" lon="114.1620845836"><ele>62.000</ele></trkpt>
      <trkpt lat="22.4369309165" lon="114.1620476889"><ele>64.000</ele></trkpt>
      <trkpt lat="22.4369333633" lon="114.1620334293"><ele>64.000</ele></trkpt>
      <trkpt lat="22.4369435473" lon="114.1620173309"><ele>64.000</ele></trkpt>
      <trkpt lat="22.4369460301" lon="114.1620111340"><ele>64.000</ele></trkpt>
      <trkpt lat="22.4369534798" lon="114.1619959102"><ele>64.000</ele></trkpt>
      <trkpt lat="22.4369598263" lon="114.1619758217"><ele>64.000</ele></trkpt>
      <trkpt lat="22.4369685653" lon="114.1619584529"><ele>66.000</ele></trkpt>
      <trkpt lat="22.4369696768" lon="114.1619562370"><ele>66.000</ele></trkpt>
      <trkpt lat="22.4369790117" lon="114.1619289781"><ele>66.000</ele></trkpt>
      <trkpt lat="22.4369941724" lon="114.1619030787"><ele>66.000</ele></trkpt>
      <trkpt lat="22.4370123762" lon="114.1618857962"><ele>66.000</ele></trkpt>
      <trkpt lat="22.4370285199" lon="114.1618657057"><ele>66.000</ele></trkpt>
      <trkpt lat="22.4370466956" lon="114.1618466543"><ele>68.000</ele></trkpt>
      <trkpt lat="22.4370471488" lon="114.1618461870"><ele>68.000</ele></trkpt>
      <trkpt lat="22.4370610897" lon="114.1618224238"><ele>68.000</ele></trkpt>
      <trkpt lat="22.4370650955" lon="114.1617926884"><ele>69.000</ele></trkpt>
      <trkpt lat="22.4370636943" lon="114.1617666838"><ele>69.000</ele></trkpt>
      <trkpt lat="22.4370596451" lon="114.1617288681"><ele>70.000</ele></trkpt>
      <trkpt lat="22.4370513700" lon="114.1616943537"><ele>68.000</ele></trkpt>
      <trkpt lat="22.4370503753" lon="114.1616902263"><ele>68.000</ele></trkpt>
      <trkpt lat="22.4370335565" lon="114.1616565784"><ele>70.000</ele></trkpt>
      <trkpt lat="22.4370109890" lon="114.1616329561"><ele>70.000</ele></trkpt>
      <trkpt lat="22.4369881579" lon="114.1616111319"><ele>70.000</ele></trkpt>
      <trkpt lat="22.4369655429" lon="114.1615821280"><ele>70.000</ele></trkpt>
      <trkpt lat="22.4369454833" lon="114.1615510829"><ele>70.000</ele></trkpt>
      <trkpt lat="22.4369221264" lon="114.1615167276"><ele>72.000</ele></trkpt>
      <trkpt lat="22.4368999197" lon="114.1614989813"><ele>71.000</ele></trkpt>
      <trkpt lat="22.4368771877" lon="114.1614748044"><ele>71.000</ele></trkpt>
      <trkpt lat="22.4368762988" lon="114.1614432045"><ele>72.000</ele></trkpt>
      <trkpt lat="22.4368762169" lon="114.1614270606"><ele>72.000</ele></trkpt>
      <trkpt lat="22.4368761598" lon="114.1614153347"><ele>74.000</ele></trkpt>
      <trkpt lat="22.4368640474" lon="114.1613793073"><ele>72.000</ele></trkpt>
      <trkpt lat="22.4368515726" lon="114.1613501955"><ele>74.000</ele></trkpt>
      <trkpt lat="22.4368402177" lon="114.1613118755"><ele>74.000</ele></trkpt>
      <trkpt lat="22.4368391264" lon="114.1613079706"><ele>74.000</ele></trkpt>
      <trkpt lat="22.4368384489" lon="114.1613055217"><ele>74.000</ele></trkpt>
      <trkpt lat="22.4368338046" lon="114.1612880572"><ele>74.000</ele></trkpt>
      <trkpt lat="22.4368262428" lon="114.1612621972"><ele>74.000</ele></trkpt>
      <trkpt lat="22.4368178967" lon="114.1612329411"><ele>74.000</ele></trkpt>
      <trkpt lat="22.4368146974" lon="114.1612069844"><ele>75.000</ele></trkpt>
      <trkpt lat="22.4368160959" lon="114.1611850109"><ele>75.000</ele></trkpt>
      <trkpt lat="22.4368214753" lon="114.1611564712"><ele>76.000</ele></trkpt>
      <trkpt lat="22.4368240650" lon="114.1611361762"><ele>76.000</ele></trkpt>
      <trkpt lat="22.4368254989" lon="114.1611248707"><ele>76.000</ele></trkpt>
      <trkpt lat="22.4368265434" lon="114.1610942410"><ele>76.000</ele></trkpt>
      <trkpt lat="22.4368276154" lon="114.1610670025"><ele>76.000</ele></trkpt>
      <trkpt lat="22.4368286804" lon="114.1610521214"><ele>78.000</ele></trkpt>
      <trkpt lat="22.4368295805" lon="114.1610395803"><ele>78.000</ele></trkpt>
      <trkpt lat="22.4368329917" lon="114.1610074447"><ele>78.000</ele></trkpt>
      <trkpt lat="22.4368348598" lon="114.1609858791"><ele>78.000</ele></trkpt>
      <trkpt lat="22.4368356608" lon="114.1609766701"><ele>78.000</ele></trkpt>
      <trkpt lat="22.4368333215" lon="114.1609541724"><ele>78.000</ele></trkpt>
      <trkpt lat="22.4368324447" lon="114.1609457795"><ele>78.000</ele></trkpt>
      <trkpt lat="22.4368255776" lon="114.1609141133"><ele>77.000</ele></trkpt>
      <trkpt lat="22.4368127240" lon="114.1608910146"><ele>77.000</ele></trkpt>
      <trkpt lat="22.4367958363" lon="114.1608652634"><ele>78.000</ele></trkpt>
      <trkpt lat="22.4367781166" lon="114.1608450601"><ele>76.000</ele></trkpt>
      <trkpt lat="22.4367663481" lon="114.1608269922"><ele>78.000</ele></trkpt>
      <trkpt lat="22.4367593746" lon="114.1608162997"><ele>78.000</ele></trkpt>
      <trkpt lat="22.4367584700" lon="114.1608099060"><ele>78.000</ele></trkpt>
      <trkpt lat="22.4367553632" lon="114.1607880302"><ele>80.000</ele></trkpt>
      <trkpt lat="22.4367598939" lon="114.1607622688"><ele>80.000</ele></trkpt>
      <trkpt lat="22.4367642972" lon="114.1607355448"><ele>80.000</ele></trkpt>
      <trkpt lat="22.4367706156" lon="114.1607149880"><ele>80.000</ele></trkpt>
      <trkpt lat="22.4367736504" lon="114.1607031277"><ele>80.000</ele></trkpt>
      <trkpt lat="22.4367826141" lon="114.1606673992"><ele>82.000</ele></trkpt>
      <trkpt lat="22.4367826674" lon="114.1606671952"><ele>82.000</ele></trkpt>
      <trkpt lat="22.4367814471" lon="114.1606469802"><ele>82.000</ele></trkpt>
      <trkpt lat="22.4367795666" lon="114.1606429394"><ele>82.000</ele></trkpt>
      <trkpt lat="22.4367686834" lon="114.1606195296"><ele>82.000</ele></trkpt>
      <trkpt lat="22.4367545676" lon="114.1605985974"><ele>82.000</ele></trkpt>
      <trkpt lat="22.4367528236" lon="114.1605967023"><ele>84.000</ele></trkpt>
      <trkpt lat="22.4367395573" lon="114.1605823183"><ele>84.000</ele></trkpt>
      <trkpt lat="22.4367231281" lon="114.1605634942"><ele>82.000</ele></trkpt>
      <trkpt lat="22.4367053713" lon="114.1605431550"><ele>85.000</ele></trkpt>
      <trkpt lat="22.4366882041" lon="114.1605226000"><ele>84.000</ele></trkpt>
      <trkpt lat="22.4366774726" lon="114.1604985394"><ele>86.000</ele></trkpt>
      <trkpt lat="22.4366722962" lon="114.1604702525"><ele>86.000</ele></trkpt>
      <trkpt lat="22.4366665760" lon="114.1604406155"><ele>87.000</ele></trkpt>
      <trkpt lat="22.4366639533" lon="114.1604116697"><ele>87.000</ele></trkpt>
      <trkpt lat="22.4366621098" lon="114.1603996332"><ele>88.000</ele></trkpt>
      <trkpt lat="22.4366606992" lon="114.1603725494"><ele>88.000</ele></trkpt>
      <trkpt lat="22.4366702338" lon="114.1603563937"><ele>88.000</ele></trkpt>
      <trkpt lat="22.4366779344" lon="114.1603338950"><ele>88.000</ele></trkpt>
      <trkpt lat="22.4366785032" lon="114.1603322435"><ele>88.000</ele></trkpt>
      <trkpt lat="22.4366802524" lon="114.1603059783"><ele>88.000</ele></trkpt>
      <trkpt lat="22.4366844939" lon="114.1602783217"><ele>88.000</ele></trkpt>
      <trkpt lat="22.4366830005" lon="114.1602545029"><ele>88.000</ele></trkpt>
      <trkpt lat="22.4366729837" lon="114.1602346572"><ele>88.000</ele></trkpt>
      <trkpt lat="22.4366637798" lon="114.1602077211"><ele>90.000</ele></trkpt>
      <trkpt lat="22.4366595508" lon="114.1601725857"><ele>90.000</ele></trkpt>
      <trkpt lat="22.4366611529" lon="114.1601298716"><ele>90.000</ele></trkpt>
      <trkpt lat="22.4366654661" lon="114.1600967868"><ele>90.000</ele></trkpt>
      <trkpt lat="22.4366737415" lon="114.1600521777"><ele>90.000</ele></trkpt>
      <trkpt lat="22.4366782528" lon="114.1600148546"><ele>92.000</ele></trkpt>
      <trkpt lat="22.4366790852" lon="114.1600127183"><ele>92.000</ele></trkpt>
      <trkpt lat="22.4366795153" lon="114.1599982054"><ele>92.000</ele></trkpt>
      <trkpt lat="22.4366801932" lon="114.1599952134"><ele>92.000</ele></trkpt>
      <trkpt lat="22.4366811235" lon="114.1599878024"><ele>92.000</ele></trkpt>
      <trkpt lat="22.4366810953" lon="114.1599863929"><ele>92.000</ele></trkpt>
      <trkpt lat="22.4366809057" lon="114.1599779125"><ele>92.000</ele></trkpt>
      <trkpt lat="22.4366797760" lon="114.1599687716"><ele>92.000</ele></trkpt>
      <trkpt lat="22.4366781849" lon="114.1599616019"><ele>94.000</ele></trkpt>
      <trkpt lat="22.4366752221" lon="114.1599536872"><ele>94.000</ele></trkpt>
      <trkpt lat="22.4366688179" lon="114.1599469930"><ele>94.000</ele></trkpt>
      <trkpt lat="22.4366621809" lon="114.1599422844"><ele>94.000</ele></trkpt>
      <trkpt lat="22.4366484548" lon="114.1599355833"><ele>94.000</ele></trkpt>
      <trkpt lat="22.4366280804" lon="114.1599278815"><ele>93.000</ele></trkpt>
      <trkpt lat="22.4366207564" lon="114.1599246476"><ele>93.000</ele></trkpt>
      <trkpt lat="22.4366074809" lon="114.1599186955"><ele>93.000</ele></trkpt>
      <trkpt lat="22.4366026141" lon="114.1599158790"><ele>94.000</ele></trkpt>
      <trkpt lat="22.4366015629" lon="114.1598976729"><ele>94.000</ele></trkpt>
      <trkpt lat="22.4365995222" lon="114.1598823443"><ele>94.000</ele></trkpt>
      <trkpt lat="22.4365920146" lon="114.1598506879"><ele>96.000</ele></trkpt>
      <trkpt lat="22.4365911195" lon="114.1598410517"><ele>96.000</ele></trkpt>
      <trkpt lat="22.4365906824" lon="114.1598237509"><ele>96.000</ele></trkpt>
      <trkpt lat="22.4365925506" lon="114.1598044779"><ele>96.000</ele></trkpt>
      <trkpt lat="22.4365943929" lon="114.1597970649"><ele>96.000</ele></trkpt>
      <trkpt lat="22.4365987611" lon="114.1597894096"><ele>96.000</ele></trkpt>
      <trkpt lat="22.4366033498" lon="114.1597839808"><ele>97.000</ele></trkpt>
      <trkpt lat="22.4366157375" lon="114.1597723981"><ele>98.000</ele></trkpt>
      <trkpt lat="22.4366269782" lon="114.1597603037"><ele>98.000</ele></trkpt>
      <trkpt lat="22.4366327127" lon="114.1597533972"><ele>98.000</ele></trkpt>
      <trkpt lat="22.4366419032" lon="114.1597378535"><ele>98.000</ele></trkpt>
      <trkpt lat="22.4366451182" lon="114.1597306832"><ele>98.000</ele></trkpt>
      <trkpt lat="22.4366467329" lon="114.1597232799"><ele>100.000</ele></trkpt>
      <trkpt lat="22.4366472017" lon="114.1597158592"><ele>100.000</ele></trkpt>
      <trkpt lat="22.4366455134" lon="114.1597105448"><ele>100.000</ele></trkpt>
      <trkpt lat="22.4366427224" lon="114.1597048527"><ele>100.000</ele></trkpt>
      <trkpt lat="22.4366411406" lon="114.1596998598"><ele>100.000</ele></trkpt>
      <trkpt lat="22.4366420805" lon="114.1596899523"><ele>100.000</ele></trkpt>
      <trkpt lat="22.4366494468" lon="114.1596744088"><ele>102.000</ele></trkpt>
      <trkpt lat="22.4366533644" lon="114.1596677435"><ele>102.000</ele></trkpt>
      <trkpt lat="22.4366650954" lon="114.1596546863"><ele>102.000</ele></trkpt>
      <trkpt lat="22.4366807082" lon="114.1596463312"><ele>102.000</ele></trkpt>
      <trkpt lat="22.4366885172" lon="114.1596414140"><ele>102.000</ele></trkpt>
      <trkpt lat="22.4367043479" lon="114.1596357798"><ele>102.000</ele></trkpt>
      <trkpt lat="22.4367121588" lon="114.1596313492"><ele>102.000</ele></trkpt>
      <trkpt lat="22.4367282323" lon="114.1596247299"><ele>104.000</ele></trkpt>
      <trkpt lat="22.4367438266" lon="114.1596208239"><ele>104.000</ele></trkpt>
      <trkpt lat="22.4367667734" lon="114.1596161981"><ele>104.000</ele></trkpt>
      <trkpt lat="22.4367828285" lon="114.1596142708"><ele>105.000</ele></trkpt>
      <trkpt lat="22.4367988952" lon="114.1596111030"><ele>105.000</ele></trkpt>
      <trkpt lat="22.4368062350" lon="114.1596101404"><ele>105.000</ele></trkpt>
      <trkpt lat="22.4368218306" lon="114.1596099442"><ele>105.000</ele></trkpt>
      <trkpt lat="22.4368452284" lon="114.1596085337"><ele>106.000</ele></trkpt>
      <trkpt lat="22.4368530235" lon="114.1596088038"><ele>106.000</ele></trkpt>
      <trkpt lat="22.4368851338" lon="114.1596066812"><ele>106.000</ele></trkpt>
      <trkpt lat="22.4368920158" lon="114.1596057109"><ele>106.000</ele></trkpt>
      <trkpt lat="22.4368991228" lon="114.1596062248"><ele>106.000</ele></trkpt>
      <trkpt lat="22.4369005145" lon="114.1596064957"><ele>106.000</ele></trkpt>
      <trkpt lat="22.4369238849" lon="114.1596110011"><ele>106.000</ele></trkpt>
      <trkpt lat="22.4369390200" lon="114.1596117851"><ele>106.000</ele></trkpt>
      <trkpt lat="22.4369458009" lon="114.1596105506"><ele>106.000</ele></trkpt>
      <trkpt lat="22.4369863148" lon="114.1596246806"><ele>106.000</ele></trkpt>
      <trkpt lat="22.4370437174" lon="114.1595948793"><ele>108.000</ele></trkpt>
      <trkpt lat="22.4371078439" lon="114.1595218211"><ele>110.000</ele></trkpt>
      <trkpt lat="22.4371763199" lon="114.1594183755"><ele>110.000</ele></trkpt>
      <trkpt lat="22.4371937068" lon="114.1593733696"><ele>111.000</ele></trkpt>
      <trkpt lat="22.4372023468" lon="114.1593374068"><ele>111.000</ele></trkpt>
      <trkpt lat="22.4371947936" lon="114.1593108279"><ele>112.000</ele></trkpt>
      <trkpt lat="22.4371866379" lon="114.1592915464"><ele>112.000</ele></trkpt>
      <trkpt lat="22.4371906839" lon="114.1592121813"><ele>112.000</ele></trkpt>
      <trkpt lat="22.4371822724" lon="114.1591822638"><ele>114.000</ele></trkpt>
      <trkpt lat="22.4371529181" lon="114.1591261674"><ele>116.000</ele></trkpt>
      <trkpt lat="22.4371371566" lon="114.1591121432"><ele>118.000</ele></trkpt>
      <trkpt lat="22.4371029040" lon="114.1591028025"><ele>118.000</ele></trkpt>
      <trkpt lat="22.4370757301" lon="114.1590917027"><ele>120.000</ele></trkpt>
      <trkpt lat="22.4370224552" lon="114.1590537175"><ele>120.000</ele></trkpt>
      <trkpt lat="22.4369686371" lon="114.1589952842"><ele>122.000</ele></trkpt>
      <trkpt lat="22.4369028615" lon="114.1589508709"><ele>124.000</ele></trkpt>
      <trkpt lat="22.4368778540" lon="114.1589234123"><ele>126.000</ele></trkpt>
      <trkpt lat="22.4368289278" lon="114.1588491921"><ele>128.000</ele></trkpt>
      <trkpt lat="22.4368240228" lon="114.1588281519"><ele>130.000</ele></trkpt>
      <trkpt lat="22.4368196725" lon="114.1587773098"><ele>130.000</ele></trkpt>
      <trkpt lat="22.4368071632" lon="114.1587498399"><ele>130.000</ele></trkpt>
      <trkpt lat="22.4366858210" lon="114.1586059374"><ele>136.000</ele></trkpt>
      <trkpt lat="22.4366440783" lon="114.1585564338"><ele>136.000</ele></trkpt>
      <trkpt lat="22.4366271422" lon="114.1585371438"><ele>136.000</ele></trkpt>
      <trkpt lat="22.4365739507" lon="114.1585026735"><ele>138.000</ele></trkpt>
      <trkpt lat="22.4365581988" lon="114.1584863170"><ele>138.000</ele></trkpt>
      <trkpt lat="22.4365435111" lon="114.1584576838"><ele>138.000</ele></trkpt>
      <trkpt lat="22.4365163327" lon="114.1583916403"><ele>138.000</ele></trkpt>
      <trkpt lat="22.4364646889" lon="114.1583250278"><ele>140.000</ele></trkpt>
      <trkpt lat="22.4363983624" lon="114.1581952953"><ele>140.000</ele></trkpt>
      <trkpt lat="22.4363855816" lon="114.1581641945"><ele>138.000</ele></trkpt>
      <trkpt lat="22.4363597449" lon="114.1580041963"><ele>136.000</ele></trkpt>
      <trkpt lat="22.4363548474" lon="114.1579790657"><ele>136.000</ele></trkpt>
      <trkpt lat="22.4363331058" lon="114.1579416694"><ele>136.000</ele></trkpt>
      <trkpt lat="22.4362950481" lon="114.1579130365"><ele>136.000</ele></trkpt>
      <trkpt lat="22.4362711308" lon="114.1578808978"><ele>136.000</ele></trkpt>
      <trkpt lat="22.4362107851" lon="114.1577540965"><ele>136.000</ele></trkpt>
      <trkpt lat="22.4361778206" lon="114.1576574965"><ele>140.000</ele></trkpt>
      <trkpt lat="22.4361736405" lon="114.1575901767"><ele>141.000</ele></trkpt>
      <trkpt lat="22.4361906392" lon="114.1575349498"><ele>141.000</ele></trkpt>
      <trkpt lat="22.4362020403" lon="114.1574309202"><ele>140.000</ele></trkpt>
      <trkpt lat="22.4362340970" lon="114.1573508534"><ele>140.000</ele></trkpt>
      <trkpt lat="22.4362570882" lon="114.1572585373"><ele>138.000</ele></trkpt>
      <trkpt lat="22.4362775730" lon="114.1572222718"><ele>136.000</ele></trkpt>
      <trkpt lat="22.4363020236" lon="114.1571901244"><ele>136.000</ele></trkpt>
      <trkpt lat="22.4363476768" lon="114.1571509605"><ele>136.000</ele></trkpt>
      <trkpt lat="22.4363753952" lon="114.1571082934"><ele>136.000</ele></trkpt>
      <trkpt lat="22.4363797372" lon="114.1570948562"><ele>136.000</ele></trkpt>
      <trkpt lat="22.4363672197" lon="114.1570106971"><ele>134.000</ele></trkpt>
      <trkpt lat="22.4363677507" lon="114.1568499775"><ele>128.000</ele></trkpt>
      <trkpt lat="22.4363599603" lon="114.1566558767"><ele>126.000</ele></trkpt>
      <trkpt lat="22.4363550958" lon="114.1565346796"><ele>127.000</ele></trkpt>
      <trkpt lat="22.4363530024" lon="114.1564763372"><ele>128.000</ele></trkpt>
      <trkpt lat="22.4363717825" lon="114.1564505338"><ele>128.000</ele></trkpt>
      <trkpt lat="22.4364020420" lon="114.1564303338"><ele>128.000</ele></trkpt>
      <trkpt lat="22.4364732763" lon="114.1563819744"><ele>130.000</ele></trkpt>
      <trkpt lat="22.4365065237" lon="114.1563746956"><ele>130.000</ele></trkpt>
      <trkpt lat="22.4365363916" lon="114.1563862102"><ele>132.000</ele></trkpt>
      <trkpt lat="22.4366305074" lon="114.1564237793"><ele>130.000</ele></trkpt>
      <trkpt lat="22.4366868555" lon="114.1563940692"><ele>132.000</ele></trkpt>
      <trkpt lat="22.4367257332" lon="114.1563419299"><ele>132.000</ele></trkpt>
      <trkpt lat="22.4367809493" lon="114.1562588719"><ele>133.000</ele></trkpt>
      <trkpt lat="22.4368389872" lon="114.1562230979"><ele>134.000</ele></trkpt>
      <trkpt lat="22.4370109509" lon="114.1561637077"><ele>132.000</ele></trkpt>
      <trkpt lat="22.4371294428" lon="114.1561227847"><ele>132.000</ele></trkpt>
      <trkpt lat="22.4372266806" lon="114.1560775549"><ele>131.000</ele></trkpt>
      <trkpt lat="22.4372886599" lon="114.1560048012"><ele>128.000</ele></trkpt>
      <trkpt lat="22.4373781240" lon="114.1558360284"><ele>128.000</ele></trkpt>
      <trkpt lat="22.4373789714" lon="114.1558344297"><ele>128.000</ele></trkpt>
      <trkpt lat="22.4374371635" lon="114.1557633152"><ele>128.000</ele></trkpt>
      <trkpt lat="22.4375199128" lon="114.1557325185"><ele>128.000</ele></trkpt>
      <trkpt lat="22.4376134164" lon="114.1557354458"><ele>128.000</ele></trkpt>
      <trkpt lat="22.4377298745" lon="114.1557658919"><ele>128.000</ele></trkpt>
      <trkpt lat="22.4377867876" lon="114.1557416367"><ele>128.000</ele></trkpt>
      <trkpt lat="22.4378989545" lon="114.1556416219"><ele>127.000</ele></trkpt>
      <trkpt lat="22.4379642792" lon="114.1555870289"><ele>125.000</ele></trkpt>
      <trkpt lat="22.4380089588" lon="114.1555292702"><ele>124.000</ele></trkpt>
      <trkpt lat="22.4380465389" lon="114.1554597146"><ele>124.000</ele></trkpt>
      <trkpt lat="22.4380364334" lon="114.1554228392"><ele>124.000</ele></trkpt>
      <trkpt lat="22.4379604311" lon="114.1552465948"><ele>126.000</ele></trkpt>
      <trkpt lat="22.4379319015" lon="114.1551804366"><ele>128.000</ele></trkpt>
      <trkpt lat="22.4378521285" lon="114.1550622069"><ele>128.000</ele></trkpt>
      <trkpt lat="22.4377476161" lon="114.1549203204"><ele>130.000</ele></trkpt>
      <trkpt lat="22.4377338535" lon="114.1548464161"><ele>130.000</ele></trkpt>
      <trkpt lat="22.4377640815" lon="114.1547429544"><ele>130.000</ele></trkpt>
      <trkpt lat="22.4378359120" lon="114.1545646971"><ele>132.000</ele></trkpt>
      <trkpt lat="22.4378587544" lon="114.1545080105"><ele>133.000</ele></trkpt>
      <trkpt lat="22.4378987946" lon="114.1544561818"><ele>134.000</ele></trkpt>
      <trkpt lat="22.4379482938" lon="114.1544147700"><ele>136.000</ele></trkpt>
      <trkpt lat="22.4380441409" lon="114.1543982599"><ele>138.000</ele></trkpt>
      <trkpt lat="22.4381658692" lon="114.1544340061"><ele>140.000</ele></trkpt>
      <trkpt lat="22.4383106990" lon="114.1544545935"><ele>142.000</ele></trkpt>
      <trkpt lat="22.4383963597" lon="114.1544836758"><ele>140.000</ele></trkpt>
      <trkpt lat="22.4385715169" lon="114.1545310519"><ele>140.000</ele></trkpt>
      <trkpt lat="22.4385733164" lon="114.1545315387"><ele>140.000</ele></trkpt>
      <trkpt lat="22.4386623613" lon="114.1545775962"><ele>140.000</ele></trkpt>
      <trkpt lat="22.4387192877" lon="114.1546509364"><ele>140.000</ele></trkpt>
      <trkpt lat="22.4387446609" lon="114.1547588363"><ele>140.000</ele></trkpt>
      <trkpt lat="22.4387249511" lon="114.1548655310"><ele>142.000</ele></trkpt>
      <trkpt lat="22.4386919517" lon="114.1549965455"><ele>142.000</ele></trkpt>
      <trkpt lat="22.4386951189" lon="114.1551116559"><ele>143.000</ele></trkpt>
      <trkpt lat="22.4387255653" lon="114.1552347102"><ele>144.000</ele></trkpt>
      <trkpt lat="22.4387712165" lon="114.1552710733"><ele>144.000</ele></trkpt>
      <trkpt lat="22.4388196806" lon="114.1552668236"><ele>144.000</ele></trkpt>
      <trkpt lat="22.4388506696" lon="114.1552268107"><ele>144.000</ele></trkpt>
      <trkpt lat="22.4388709352" lon="114.1550746492"><ele>146.000</ele></trkpt>
      <trkpt lat="22.4389202087" lon="114.1549521641"><ele>148.000</ele></trkpt>
      <trkpt lat="22.4389944464" lon="114.1548132093"><ele>150.000</ele></trkpt>
      <trkpt lat="22.4390851798" lon="114.1547067654"><ele>154.000</ele></trkpt>
      <trkpt lat="22.4391621860" lon="114.1546594534"><ele>156.000</ele></trkpt>
      <trkpt lat="22.4392694263" lon="114.1546328290"><ele>156.000</ele></trkpt>
      <trkpt lat="22.4393637678" lon="114.1546285096"><ele>158.000</ele></trkpt>
      <trkpt lat="22.4394435154" lon="114.1546255350"><ele>158.000</ele></trkpt>
      <trkpt lat="22.4394902732" lon="114.1546048370"><ele>158.000</ele></trkpt>
      <trkpt lat="22.4395786594" lon="114.1544354057"><ele>158.000</ele></trkpt>
      <trkpt lat="22.4396670454" lon="114.1542659741"><ele>160.000</ele></trkpt>
      <trkpt lat="22.4396799797" lon="114.1542411796"><ele>159.000</ele></trkpt>
      <trkpt lat="22.4397707154" lon="114.1541081380"><ele>161.000</ele></trkpt>
      <trkpt lat="22.4398532155" lon="114.1540223947"><ele>164.000</ele></trkpt>
      <trkpt lat="22.4399082077" lon="114.1539987303"><ele>164.000</ele></trkpt>
      <trkpt lat="22.4399604549" lon="114.1539839472"><ele>164.000</ele></trkpt>
      <trkpt lat="22.4400688562" lon="114.1539941975"><ele>164.000</ele></trkpt>
      <trkpt lat="22.4401331002" lon="114.1540032816"><ele>166.000</ele></trkpt>
      <trkpt lat="22.4401838142" lon="114.1539832666"><ele>166.000</ele></trkpt>
      <trkpt lat="22.4402096417" lon="114.1539225205"><ele>166.000</ele></trkpt>
      <trkpt lat="22.4402298206" lon="114.1537294499"><ele>167.000</ele></trkpt>
      <trkpt lat="22.4402343605" lon="114.1536860117"><ele>168.000</ele></trkpt>
      <trkpt lat="22.4402547683" lon="114.1536158940"><ele>168.000</ele></trkpt>
      <trkpt lat="22.4403324712" lon="114.1534405070"><ele>170.000</ele></trkpt>
      <trkpt lat="22.4403609698" lon="114.1533761813"><ele>170.000</ele></trkpt>
      <trkpt lat="22.4403635606" lon="114.1533696800"><ele>170.000</ele></trkpt>
      <trkpt lat="22.4403910613" lon="114.1533341898"><ele>172.000</ele></trkpt>
      <trkpt lat="22.4404840794" lon="114.1532897144"><ele>172.000</ele></trkpt>
      <trkpt lat="22.4405584553" lon="114.1532351420"><ele>172.000</ele></trkpt>
      <trkpt lat="22.4406275552" lon="114.1531715507"><ele>172.000</ele></trkpt>
      <trkpt lat="22.4406593073" lon="114.1530926664"><ele>172.000</ele></trkpt>
      <trkpt lat="22.4406998668" lon="114.1529889964"><ele>174.000</ele></trkpt>
      <trkpt lat="22.4407590260" lon="114.1529138153"><ele>174.000</ele></trkpt>
      <trkpt lat="22.4408493178" lon="114.1527455492"><ele>174.000</ele></trkpt>
      <trkpt lat="22.4409189832" lon="114.1526157219"><ele>176.000</ele></trkpt>
      <trkpt lat="22.4409725235" lon="114.1524301671"><ele>176.000</ele></trkpt>
      <trkpt lat="22.4409833999" lon="114.1523924728"><ele>176.000</ele></trkpt>
      <trkpt lat="22.4410117450" lon="114.1522005923"><ele>176.000</ele></trkpt>
      <trkpt lat="22.4410322124" lon="114.1520620383"><ele>176.000</ele></trkpt>
      <trkpt lat="22.4410502378" lon="114.1520183883"><ele>178.000</ele></trkpt>
      <trkpt lat="22.4410891168" lon="114.1519844353"><ele>179.000</ele></trkpt>
      <trkpt lat="22.4411398314" lon="114.1519759378"><ele>179.000</ele></trkpt>
      <trkpt lat="22.4412556050" lon="114.1519667109"><ele>180.000</ele></trkpt>
      <trkpt lat="22.4413105978" lon="114.1519489625"><ele>180.000</ele></trkpt>
      <trkpt lat="22.4413511477" lon="114.1519110350"><ele>180.000</ele></trkpt>
      <trkpt lat="22.4413922693" lon="114.1518037279"><ele>181.000</ele></trkpt>
      <trkpt lat="22.4414181671" lon="114.1516485341"><ele>182.000</ele></trkpt>
      <trkpt lat="22.4414425562" lon="114.1515823628"><ele>182.000</ele></trkpt>
      <trkpt lat="22.4415519199" lon="114.1514277429"><ele>182.000</ele></trkpt>
      <trkpt lat="22.4416612834" lon="114.1512731228"><ele>183.000</ele></trkpt>
      <trkpt lat="22.4416887719" lon="114.1512342590"><ele>182.000</ele></trkpt>
      <trkpt lat="22.4417992715" lon="114.1510805764"><ele>182.000</ele></trkpt>
      <trkpt lat="22.4418949899" lon="114.1509474511"><ele>182.000</ele></trkpt>
      <trkpt lat="22.4419554864" lon="114.1509001391"><ele>180.000</ele></trkpt>
      <trkpt lat="22.4420022370" lon="114.1508942240"><ele>180.000</ele></trkpt>
      <trkpt lat="22.4420809766" lon="114.1509241397"><ele>178.000</ele></trkpt>
      <trkpt lat="22.4421799826" lon="114.1509448248"><ele>178.000</ele></trkpt>
      <trkpt lat="22.4422624835" lon="114.1509418543"><ele>176.000</ele></trkpt>
      <trkpt lat="22.4423597116" lon="114.1509021059"><ele>176.000</ele></trkpt>
      <trkpt lat="22.4424439823" lon="114.1508531282"><ele>174.000</ele></trkpt>
      <trkpt lat="22.4425127193" lon="114.1507851128"><ele>174.000</ele></trkpt>
      <trkpt lat="22.4426202248" lon="114.1506289911"><ele>172.000</ele></trkpt>
      <trkpt lat="22.4426217094" lon="114.1506268352"><ele>172.000</ele></trkpt>
      <trkpt lat="22.4426996869" lon="114.1505071852"><ele>170.000</ele></trkpt>
      <trkpt lat="22.4428371739" lon="114.1503918681"><ele>168.000</ele></trkpt>
      <trkpt lat="22.4429664103" lon="114.1502561459"><ele>167.000</ele></trkpt>
      <trkpt lat="22.4430251555" lon="114.1501944524"><ele>166.000</ele></trkpt>
      <trkpt lat="22.4431293642" lon="114.1500956889"><ele>164.000</ele></trkpt>
      <trkpt lat="22.4432313518" lon="114.1500271671"><ele>163.000</ele></trkpt>
      <trkpt lat="22.4433083857" lon="114.1499756359"><ele>162.000</ele></trkpt>
      <trkpt lat="22.4433496313" lon="114.1499371874"><ele>161.000</ele></trkpt>
      <trkpt lat="22.4434238739" lon="114.1498484888"><ele>159.000</ele></trkpt>
      <trkpt lat="22.4434981135" lon="114.1498011732"><ele>160.000</ele></trkpt>
      <trkpt lat="22.4436026215" lon="114.1497922845"><ele>156.000</ele></trkpt>
      <trkpt lat="22.4437373700" lon="114.1497686023"><ele>154.000</ele></trkpt>
      <trkpt lat="22.4438817038" lon="114.1497096562"><ele>154.000</ele></trkpt>
      <trkpt lat="22.4439367068" lon="114.1497007751"><ele>152.000</ele></trkpt>
      <trkpt lat="22.4439917138" lon="114.1497155413"><ele>150.000</ele></trkpt>
      <trkpt lat="22.4440797176" lon="114.1497332611"><ele>148.000</ele></trkpt>
      <trkpt lat="22.4441649780" lon="114.1497509844"><ele>148.000</ele></trkpt>
      <trkpt lat="22.4442309802" lon="114.1497421031"><ele>146.000</ele></trkpt>
      <trkpt lat="22.4443134778" lon="114.1497095722"><ele>145.000</ele></trkpt>
      <trkpt lat="22.4444372278" lon="114.1496356285"><ele>142.000</ele></trkpt>
      <trkpt lat="22.4445362193" lon="114.1495853562"><ele>140.000</ele></trkpt>
      <trkpt lat="22.4445994781" lon="114.1495882952"><ele>138.000</ele></trkpt>
      <trkpt lat="22.4447173212" lon="114.1496431367"><ele>138.000</ele></trkpt>
      <trkpt lat="22.4448514523" lon="114.1497019154"><ele>138.000</ele></trkpt>
      <trkpt lat="22.4449524205" lon="114.1497852710"><ele>135.000</ele></trkpt>
      <trkpt lat="22.4450046734" lon="114.1498502998"><ele>134.000</ele></trkpt>
      <trkpt lat="22.4450768328" lon="114.1500284124"><ele>132.000</ele></trkpt>
      <trkpt lat="22.4451064713" lon="114.1501015700"><ele>132.000</ele></trkpt>
      <trkpt lat="22.4451589165" lon="114.1502874920"><ele>130.000</ele></trkpt>
      <trkpt lat="22.4452113615" lon="114.1504734142"><ele>126.000</ele></trkpt>
      <trkpt lat="22.4452638062" lon="114.1506593365"><ele>122.000</ele></trkpt>
      <trkpt lat="22.4452715807" lon="114.1506868978"><ele>122.000</ele></trkpt>
      <trkpt lat="22.4453328875" lon="114.1507875831"><ele>118.000</ele></trkpt>
      <trkpt lat="22.4454091275" lon="114.1508849559"><ele>114.000</ele></trkpt>
      <trkpt lat="22.4455483949" lon="114.1510019818"><ele>111.000</ele></trkpt>
      <trkpt lat="22.4456529053" lon="114.1510640599"><ele>110.000</ele></trkpt>
      <trkpt lat="22.4456996729" lon="114.1511083883"><ele>108.000</ele></trkpt>
      <trkpt lat="22.4457299348" lon="114.1511704599"><ele>106.000</ele></trkpt>
      <trkpt lat="22.4457712150" lon="114.1513478337"><ele>104.000</ele></trkpt>
      <trkpt lat="22.4457877332" lon="114.1514838380"><ele>100.000</ele></trkpt>
      <trkpt lat="22.4457932529" lon="114.1515547935"><ele>100.000</ele></trkpt>
      <trkpt lat="22.4458400024" lon="114.1515991221"><ele>98.000</ele></trkpt>
      <trkpt lat="22.4459087526" lon="114.1516138946"><ele>94.000</ele></trkpt>
      <trkpt lat="22.4459829968" lon="114.1515872831"><ele>93.000</ele></trkpt>
      <trkpt lat="22.4460875121" lon="114.1515665630"><ele>90.000</ele></trkpt>
      <trkpt lat="22.4461370184" lon="114.1515754120"><ele>90.000</ele></trkpt>
      <trkpt lat="22.4462322487" lon="114.1516540853"><ele>88.000</ele></trkpt>
      <trkpt lat="22.4463340072" lon="114.1517279682"><ele>86.000</ele></trkpt>
      <trkpt lat="22.4463862574" lon="114.1517397914"><ele>84.000</ele></trkpt>
      <trkpt lat="22.4464797605" lon="114.1517397746"><ele>84.000</ele></trkpt>
      <trkpt lat="22.4465891493" lon="114.1517348956"><ele>82.000</ele></trkpt>
      <trkpt lat="22.4466695278" lon="114.1517486091"><ele>80.000</ele></trkpt>
      <trkpt lat="22.4467492817" lon="114.1517870265"><ele>77.000</ele></trkpt>
      <trkpt lat="22.4468180474" lon="114.1518372689"><ele>76.000</ele></trkpt>
      <trkpt lat="22.4468675606" lon="114.1518963853"><ele>76.000</ele></trkpt>
      <trkpt lat="22.4469005665" lon="114.1519584746"><ele>74.000</ele></trkpt>
      <trkpt lat="22.4469033331" lon="114.1520264788"><ele>74.000</ele></trkpt>
      <trkpt lat="22.4468813458" lon="114.1521033453"><ele>76.000</ele></trkpt>
      <trkpt lat="22.4467741042" lon="114.1522423250"><ele>76.000</ele></trkpt>
      <trkpt lat="22.4467385739" lon="114.1523138274"><ele>76.000</ele></trkpt>
      <trkpt lat="22.4467383788" lon="114.1523546636"><ele>76.000</ele></trkpt>
      <trkpt lat="22.4467493791" lon="114.1524226663"><ele>74.000</ele></trkpt>
      <trkpt lat="22.4467906400" lon="114.1524995216"><ele>72.000</ele></trkpt>
      <trkpt lat="22.4468621056" lon="114.1526579879"><ele>72.000</ele></trkpt>
      <trkpt lat="22.4469116191" lon="114.1527821454"><ele>70.000</ele></trkpt>
      <trkpt lat="22.4469446551" lon="114.1529210907"><ele>72.000</ele></trkpt>
      <trkpt lat="22.4469309054" lon="114.1530068341"><ele>70.000</ele></trkpt>
      <trkpt lat="22.4468447094" lon="114.1531775753"><ele>70.000</ele></trkpt>
      <trkpt lat="22.4468446472" lon="114.1531776984"><ele>70.000</ele></trkpt>
      <trkpt lat="22.4467686986" lon="114.1533084202"><ele>70.000</ele></trkpt>
      <trkpt lat="22.4466454929" lon="114.1534504886"><ele>68.000</ele></trkpt>
      <trkpt lat="22.4465465956" lon="114.1535645269"><ele>67.000</ele></trkpt>
      <trkpt lat="22.4465009610" lon="114.1536451653"><ele>66.000</ele></trkpt>
      <trkpt lat="22.4464496600" lon="114.1538314582"><ele>64.000</ele></trkpt>
      <trkpt lat="22.4464451989" lon="114.1538476579"><ele>64.000</ele></trkpt>
      <trkpt lat="22.4464401453" lon="114.1539610254"><ele>62.000</ele></trkpt>
      <trkpt lat="22.4464520935" lon="114.1540820619"><ele>62.000</ele></trkpt>
      <trkpt lat="22.4465015675" lon="114.1541766565"><ele>62.000</ele></trkpt>
      <trkpt lat="22.4465675267" lon="114.1542535189"><ele>60.000</ele></trkpt>
      <trkpt lat="22.4466295420" lon="114.1543277678"><ele>61.000</ele></trkpt>
      <trkpt lat="22.4467121860" lon="114.1545005292"><ele>56.000</ele></trkpt>
      <trkpt lat="22.4467764459" lon="114.1546348603"><ele>56.000</ele></trkpt>
      <trkpt lat="22.4468121805" lon="114.1547087649"><ele>57.000</ele></trkpt>
      <trkpt lat="22.4468149404" lon="114.1547560746"><ele>55.000</ele></trkpt>
      <trkpt lat="22.4467969851" lon="114.1548618348"><ele>52.000</ele></trkpt>
      <trkpt lat="22.4468144603" lon="114.1548976000"><ele>51.000</ele></trkpt>
      <trkpt lat="22.4469130913" lon="114.1550073153"><ele>48.000</ele></trkpt>
      <trkpt lat="22.4469751553" lon="114.1550507008"><ele>46.000</ele></trkpt>
      <trkpt lat="22.4470272347" lon="114.1550631451"><ele>44.000</ele></trkpt>
      <trkpt lat="22.4470966682" lon="114.1550506818"><ele>42.000</ele></trkpt>
      <trkpt lat="22.4472579388" lon="114.1550129339"><ele>40.000</ele></trkpt>
      <trkpt lat="22.4473445883" lon="114.1551834096"><ele>36.000</ele></trkpt>
      <trkpt lat="22.4473830879" lon="114.1552591546"><ele>34.000</ele></trkpt>
      <trkpt lat="22.4474293896" lon="114.1553525072"><ele>32.000</ele></trkpt>
      <trkpt lat="22.4474699086" lon="114.1554769881"><ele>30.000</ele></trkpt>
      <trkpt lat="22.4475191113" lon="114.1556574924"><ele>26.000</ele></trkpt>
      <trkpt lat="22.4476045830" lon="114.1558286552"><ele>22.000</ele></trkpt>
      <trkpt lat="22.4476869409" lon="114.1559935830"><ele>20.000</ele></trkpt>
      <trkpt lat="22.4477720999" lon="114.1561649263"><ele>17.000</ele></trkpt>
      <trkpt lat="22.4477766455" lon="114.1561740720"><ele>17.000</ele></trkpt>
      <trkpt lat="22.4478780386" lon="114.1563348625"><ele>14.000</ele></trkpt>
      <trkpt lat="22.4479705241" lon="114.1564815274"><ele>12.000</ele></trkpt>
      <trkpt lat="22.4480770466" lon="114.1566384331"><ele>12.000</ele></trkpt>
      <trkpt lat="22.4481125063" lon="114.1566906646"><ele>12.000</ele></trkpt>
      <trkpt lat="22.4482119840" lon="114.1568528343"><ele>10.000</ele></trkpt>
      <trkpt lat="22.4482195984" lon="114.1568652474"><ele>10.000</ele></trkpt>
      <trkpt lat="22.4483155505" lon="114.1570298575"><ele>10.000</ele></trkpt>
      <trkpt lat="22.4483824942" lon="114.1571447029"><ele>8.000</ele></trkpt>
      <trkpt lat="22.4484239772" lon="114.1572612314"><ele>8.000</ele></trkpt>
      <trkpt lat="22.4484268850" lon="114.1573514904"><ele>8.000</ele></trkpt>
      <trkpt lat="22.4484468796" lon="114.1574280335"><ele>8.000</ele></trkpt>
      <trkpt lat="22.4485308116" lon="114.1574457117"><ele>8.000</ele></trkpt>
      <trkpt lat="22.4486889415" lon="114.1575395873"><ele>8.000</ele></trkpt>
      <trkpt lat="22.4487036306" lon="114.1575483076"><ele>8.000</ele></trkpt>
      <trkpt lat="22.4488044439" lon="114.1576094667"><ele>8.000</ele></trkpt>
      <trkpt lat="22.4489051922" lon="114.1577319886"><ele>9.000</ele></trkpt>
      <trkpt lat="22.4490209897" lon="114.1578810968"><ele>10.000</ele></trkpt>
      <trkpt lat="22.4491367870" lon="114.1580302053"><ele>10.000</ele></trkpt>
      <trkpt lat="22.4492525841" lon="114.1581793141"><ele>10.000</ele></trkpt>
      <trkpt lat="22.4493683812" lon="114.1583284231"><ele>8.000</ele></trkpt>
      <trkpt lat="22.4494052579" lon="114.1583759084"><ele>8.000</ele></trkpt>
      <trkpt lat="22.4494234888" lon="114.1584176814"><ele>8.000</ele></trkpt>
      <trkpt lat="22.4493017785" lon="114.1585310665"><ele>8.000</ele></trkpt>
      <trkpt lat="22.4493682850" lon="114.1586183576"><ele>8.000</ele></trkpt>
      <trkpt lat="22.4494203031" lon="114.1588044242"><ele>8.000</ele></trkpt>
      <trkpt lat="22.4494218408" lon="114.1588099245"><ele>8.000</ele></trkpt>
      <trkpt lat="22.4494196006" lon="114.1589342067"><ele>8.000</ele></trkpt>
      <trkpt lat="22.4494179160" lon="114.1589790688"><ele>8.000</ele></trkpt>
      <trkpt lat="22.4494308803" lon="114.1590221104"><ele>8.000</ele></trkpt>
      <trkpt lat="22.4494754059" lon="114.1590712111"><ele>8.000</ele></trkpt>
      <trkpt lat="22.4495741836" lon="114.1591285646"><ele>6.000</ele></trkpt>
      <trkpt lat="22.4497306584" lon="114.1592255976"><ele>4.000</ele></trkpt>
      <trkpt lat="22.4498789106" lon="114.1593175317"><ele>8.000</ele></trkpt>
      <trkpt lat="22.4498916724" lon="114.1593257840"><ele>8.000</ele></trkpt>
      <trkpt lat="22.4499759755" lon="114.1591539489"><ele>8.000</ele></trkpt>
      <trkpt lat="22.4500602785" lon="114.1589821136"><ele>6.000</ele></trkpt>
      <trkpt lat="22.4501071737" lon="114.1588865264"><ele>6.000</ele></trkpt>
      <trkpt lat="22.4502019003" lon="114.1587210947"><ele>6.000</ele></trkpt>
      <trkpt lat="22.4502831571" lon="114.1585791865"><ele>6.000</ele></trkpt>
      <trkpt lat="22.4503744758" lon="114.1584115515"><ele>6.000</ele></trkpt>
      <trkpt lat="22.4504657943" lon="114.1582439162"><ele>6.000</ele></trkpt>
      <trkpt lat="22.4505279545" lon="114.1581298072"><ele>6.000</ele></trkpt>
      <trkpt lat="22.4506205037" lon="114.1579629548"><ele>7.000</ele></trkpt>
      <trkpt lat="22.4506511527" lon="114.1579076991"><ele>8.000</ele></trkpt>
      <trkpt lat="22.4507421355" lon="114.1577398524"><ele>8.000</ele></trkpt>
      <trkpt lat="22.4507743491" lon="114.1576804242"><ele>6.000</ele></trkpt>
      <trkpt lat="22.4508650855" lon="114.1575124231"><ele>7.000</ele></trkpt>
      <trkpt lat="22.4508831482" lon="114.1574789794"><ele>8.000</ele></trkpt>
      <trkpt lat="22.4509649684" lon="114.1573057595"><ele>8.000</ele></trkpt>
      <trkpt lat="22.4509807407" lon="114.1572723684"><ele>8.000</ele></trkpt>
      <trkpt lat="22.4510544986" lon="114.1570950076"><ele>8.000</ele></trkpt>
      <trkpt lat="22.4510831303" lon="114.1570261586"><ele>8.000</ele></trkpt>
      <trkpt lat="22.4511481420" lon="114.1568448808"><ele>8.000</ele></trkpt>
      <trkpt lat="22.4511535210" lon="114.1568298819"><ele>8.000</ele></trkpt>
      <trkpt lat="22.4512039915" lon="114.1566433204"><ele>8.000</ele></trkpt>
      <trkpt lat="22.4512544617" lon="114.1564567587"><ele>8.000</ele></trkpt>
      <trkpt lat="22.4512750877" lon="114.1563805149"><ele>8.000</ele></trkpt>
      <trkpt lat="22.4513075077" lon="114.1561893684"><ele>8.000</ele></trkpt>
      <trkpt lat="22.4513086693" lon="114.1561825196"><ele>8.000</ele></trkpt>
      <trkpt lat="22.4513726847" lon="114.1561928412"><ele>12.000</ele></trkpt>
      <trkpt lat="22.4515410217" lon="114.1562632417"><ele>12.000</ele></trkpt>
      <trkpt lat="22.4515455259" lon="114.1562651254"><ele>12.000</ele></trkpt>
      <trkpt lat="22.4515951353" lon="114.1562565075"><ele>12.000</ele></trkpt>
      <trkpt lat="22.4516751486" lon="114.1562341140"><ele>12.000</ele></trkpt>
      <trkpt lat="22.4517855580" lon="114.1561462940"><ele>12.000</ele></trkpt>
      <trkpt lat="22.4519023691" lon="114.1560653600"><ele>13.000</ele></trkpt>
      <trkpt lat="22.4520479915" lon="114.1560102445"><ele>12.000</ele></trkpt>
      <trkpt lat="22.4522273183" lon="114.1559871333"><ele>12.000</ele></trkpt>
      <trkpt lat="22.4522352256" lon="114.1559861142"><ele>12.000</ele></trkpt>
      <trkpt lat="22.4523456452" lon="114.1559843761"><ele>12.000</ele></trkpt>
      <trkpt lat="22.4524336629" lon="114.1559688682"><ele>12.000</ele></trkpt>
      <trkpt lat="22.4525696926" lon="114.1559998374"><ele>10.000</ele></trkpt>
      <trkpt lat="22.4527412400" lon="114.1560606103"><ele>11.000</ele></trkpt>
      <trkpt lat="22.4529127875" lon="114.1561213833"><ele>12.000</ele></trkpt>
      <trkpt lat="22.4530843349" lon="114.1561821564"><ele>10.000</ele></trkpt>
      <trkpt lat="22.4531186251" lon="114.1561943042"><ele>10.000</ele></trkpt>
      <trkpt lat="22.4532907395" lon="114.1562531926"><ele>10.000</ele></trkpt>
      <trkpt lat="22.4534628540" lon="114.1563120811"><ele>10.000</ele></trkpt>
      <trkpt lat="22.4536115427" lon="114.1563629546"><ele>10.000</ele></trkpt>
      <trkpt lat="22.4535699528" lon="114.1565041384"><ele>10.000</ele></trkpt>
      <trkpt lat="22.4536067605" lon="114.1565230700"><ele>9.000</ele></trkpt>
      <trkpt lat="22.4536339704" lon="114.1565609450"><ele>10.000</ele></trkpt>
      <trkpt lat="22.4536467787" lon="114.1566005407"><ele>10.000</ele></trkpt>
      <trkpt lat="22.4536451839" lon="114.1566435826"><ele>10.000</ele></trkpt>
      <trkpt lat="22.4536243878" lon="114.1567021221"><ele>10.000</ele></trkpt>
      <trkpt lat="22.4536991108" lon="114.1567287633"><ele>10.000</ele></trkpt>
      <trkpt lat="22.4537991534" lon="114.1567700680"><ele>15.000</ele></trkpt>
      <trkpt lat="22.4539038765" lon="114.1568114974"><ele>13.000</ele></trkpt>
      <trkpt lat="22.4539634890" lon="114.1568389443"><ele>10.000</ele></trkpt>
      <trkpt lat="22.4539240100" lon="114.1570285516"><ele>10.000</ele></trkpt>
      <trkpt lat="22.4539061976" lon="114.1571140997"><ele>10.000</ele></trkpt>
      <trkpt lat="22.4540453311" lon="114.1571927410"><ele>10.000</ele></trkpt>
      <trkpt lat="22.4541987711" lon="114.1572952327"><ele>10.000</ele></trkpt>
      <trkpt lat="22.4543494144" lon="114.1573958566"><ele>10.000</ele></trkpt>
      <trkpt lat="22.4545014903" lon="114.1575006752"><ele>10.000</ele></trkpt>
      <trkpt lat="22.4545766780" lon="114.1575524985"><ele>10.000</ele></trkpt>
      <trkpt lat="22.4547284037" lon="114.1576579031"><ele>10.000</ele></trkpt>
      <trkpt lat="22.4548801293" lon="114.1577633080"><ele>10.000</ele></trkpt>
      <trkpt lat="22.4549879917" lon="114.1578382409"><ele>10.000</ele></trkpt>
      <trkpt lat="22.4551507158" lon="114.1579225453"><ele>10.000</ele></trkpt>
      <trkpt lat="22.4552504576" lon="114.1579742197"><ele>10.000</ele></trkpt>
      <trkpt lat="22.4553974380" lon="114.1580871396"><ele>10.000</ele></trkpt>
      <trkpt lat="22.4554521155" lon="114.1581291465"><ele>10.000</ele></trkpt>
      <trkpt lat="22.4556019487" lon="114.1582376400"><ele>10.000</ele></trkpt>
      <trkpt lat="22.4557517818" lon="114.1583461337"><ele>10.000</ele></trkpt>
      <trkpt lat="22.4558586294" lon="114.1584235019"><ele>10.000</ele></trkpt>
      <trkpt lat="22.4558491292" lon="114.1585169103"><ele>10.000</ele></trkpt>
      <trkpt lat="22.4558600746" lon="114.1585295680"><ele>10.000</ele></trkpt>
      <trkpt lat="22.4558695130" lon="114.1585430994"><ele>10.000</ele></trkpt>
      <trkpt lat="22.4558747065" lon="114.1585520953"><ele>10.000</ele></trkpt>
      <trkpt lat="22.4558755456" lon="114.1585536098"><ele>10.000</ele></trkpt>
      <trkpt lat="22.4559543900" lon="114.1587018883"><ele>10.000</ele></trkpt>
      <trkpt lat="22.4559823618" lon="114.1588146227"><ele>12.000</ele></trkpt>
      <trkpt lat="22.4559997595" lon="114.1588686364"><ele>12.000</ele></trkpt>
      <trkpt lat="22.4561765017" lon="114.1588286450"><ele>14.000</ele></trkpt>
      <trkpt lat="22.4563331830" lon="114.1587931926"><ele>14.000</ele></trkpt>
      <trkpt lat="22.4565106965" lon="114.1587573729"><ele>14.000</ele></trkpt>
      <trkpt lat="22.4565135150" lon="114.1587568042"><ele>14.000</ele></trkpt>
      <trkpt lat="22.4566922458" lon="114.1587288551"><ele>14.000</ele></trkpt>
      <trkpt lat="22.4567155965" lon="114.1587252036"><ele>16.000</ele></trkpt>
      <trkpt lat="22.4567331041" lon="114.1588082106"><ele>16.000</ele></trkpt>
      <trkpt lat="22.4567315309" lon="114.1589616768"><ele>17.000</ele></trkpt>
      <trkpt lat="22.4567601733" lon="114.1590158711"><ele>21.000</ele></trkpt>
      <trkpt lat="22.4567954424" lon="114.1590629334"><ele>24.000</ele></trkpt>
      <trkpt lat="22.4568368053" lon="114.1590860335"><ele>24.000</ele></trkpt>
      <trkpt lat="22.4568839979" lon="114.1590654918"><ele>25.000</ele></trkpt>
      <trkpt lat="22.4569280089" lon="114.1590346773"><ele>24.000</ele></trkpt>
      <trkpt lat="22.4570125835" lon="114.1589941606"><ele>24.000</ele></trkpt>
      <trkpt lat="22.4570446645" lon="114.1589724782"><ele>24.000</ele></trkpt>
      <trkpt lat="22.4571329506" lon="114.1589402327"><ele>23.000</ele></trkpt>
      <trkpt lat="22.4571979105" lon="114.1589265304"><ele>24.000</ele></trkpt>
      <trkpt lat="22.4572734848" lon="114.1590280723"><ele>24.000</ele></trkpt>
      <trkpt lat="22.4572810534" lon="114.1590293519"><ele>24.000</ele></trkpt>
      <trkpt lat="22.4573499590" lon="114.1590681654"><ele>26.000</ele></trkpt>
      <trkpt lat="22.4573849528" lon="114.1590752241"><ele>26.000</ele></trkpt>
      <trkpt lat="22.4574144822" lon="114.1590822846"><ele>26.000</ele></trkpt>
      <trkpt lat="22.4574352642" lon="114.1590928719"><ele>28.000</ele></trkpt>
      <trkpt lat="22.4574538594" lon="114.1591069872"><ele>28.000</ele></trkpt>
      <trkpt lat="22.4574702581" lon="114.1591175750"><ele>28.000</ele></trkpt>
      <trkpt lat="22.4574932244" lon="114.1591269865"><ele>28.000</ele></trkpt>
      <trkpt lat="22.4575183845" lon="114.1591305100"><ele>30.000</ele></trkpt>
      <trkpt lat="22.4575577473" lon="114.1591305050"><ele>30.000</ele></trkpt>
      <trkpt lat="22.4576222767" lon="114.1591199059"><ele>32.000</ele></trkpt>
      <trkpt lat="22.4577228842" lon="114.1590975386"><ele>36.000</ele></trkpt>
      <trkpt lat="22.4577358596" lon="114.1590932018"><ele>40.000</ele></trkpt>
      <trkpt lat="22.4577545962" lon="114.1590869445"><ele>38.000</ele></trkpt>
      <trkpt lat="22.4577797539" lon="114.1590775269"><ele>40.000</ele></trkpt>
      <trkpt lat="22.4578081807" lon="114.1590598798"><ele>40.000</ele></trkpt>
      <trkpt lat="22.4578322440" lon="114.1590422226"><ele>43.000</ele></trkpt>
      <trkpt lat="22.4578650501" lon="114.1590127996"><ele>42.000</ele></trkpt>
      <trkpt lat="22.4578922533" lon="114.1589787712"><ele>43.000</ele></trkpt>
      <trkpt lat="22.4579106157" lon="114.1589943235"><ele>44.000</ele></trkpt>
      <trkpt lat="22.4579326617" lon="114.1590187748"><ele>46.000</ele></trkpt>
      <trkpt lat="22.4579397782" lon="114.1590316179"><ele>46.000</ele></trkpt>
      <trkpt lat="22.4579464362" lon="114.1590464333"><ele>48.000</ele></trkpt>
      <trkpt lat="22.4579501130" lon="114.1590597743"><ele>48.000</ele></trkpt>
      <trkpt lat="22.4579533277" lon="114.1590743463"><ele>48.000</ele></trkpt>
      <trkpt lat="22.4579528787" lon="114.1590896678"><ele>48.000</ele></trkpt>
      <trkpt lat="22.4579487444" lon="114.1591042427"><ele>49.000</ele></trkpt>
      <trkpt lat="22.4579391120" lon="114.1591324191"><ele>49.000</ele></trkpt>
      <trkpt lat="22.4579372797" lon="114.1591403259"><ele>50.000</ele></trkpt>
      <trkpt lat="22.4579393502" lon="114.1591553955"><ele>50.000</ele></trkpt>
      <trkpt lat="22.4579446344" lon="114.1591677443"><ele>50.000</ele></trkpt>
      <trkpt lat="22.4579538175" lon="114.1591766319"><ele>50.000</ele></trkpt>
      <trkpt lat="22.4579662098" lon="114.1591828007"><ele>52.000</ele></trkpt>
      <trkpt lat="22.4579926159" lon="114.1591929103"><ele>54.000</ele></trkpt>
      <trkpt lat="22.4580047788" lon="114.1591995747"><ele>56.000</ele></trkpt>
      <trkpt lat="22.4580164852" lon="114.1592099397"><ele>56.000</ele></trkpt>
      <trkpt lat="22.4580176042" lon="114.1592114542"><ele>56.000</ele></trkpt>
      <trkpt lat="22.4580254447" lon="114.1592220442"><ele>56.000</ele></trkpt>
      <trkpt lat="22.4580337083" lon="114.1592373540"><ele>57.000</ele></trkpt>
      <trkpt lat="22.4580530285" lon="114.1592834044"><ele>58.000</ele></trkpt>
      <trkpt lat="22.4580676991" lon="114.1593057650"><ele>60.000</ele></trkpt>
      <trkpt lat="22.4580788064" lon="114.1593212590"><ele>60.000</ele></trkpt>
      <trkpt lat="22.4580870796" lon="114.1593327981"><ele>60.000</ele></trkpt>
      <trkpt lat="22.4580884967" lon="114.1593347751"><ele>60.000</ele></trkpt>
      <trkpt lat="22.4580948860" lon="114.1593457908"><ele>62.000</ele></trkpt>
      <trkpt lat="22.4580979352" lon="114.1593510281"><ele>62.000</ele></trkpt>
      <trkpt lat="22.4581010226" lon="114.1593580239"><ele>62.000</ele></trkpt>
      <trkpt lat="22.4581049599" lon="114.1593669423"><ele>62.000</ele></trkpt>
      <trkpt lat="22.4581058049" lon="114.1593729814"><ele>62.000</ele></trkpt>
      <trkpt lat="22.4581071425" lon="114.1593825395"><ele>62.000</ele></trkpt>
      <trkpt lat="22.4581080677" lon="114.1593875808"><ele>62.000</ele></trkpt>
      <trkpt lat="22.4581096499" lon="114.1593961866"><ele>62.000</ele></trkpt>
      <trkpt lat="22.4581123803" lon="114.1594005710"><ele>62.000</ele></trkpt>
      <trkpt lat="22.4581182601" lon="114.1594100342"><ele>62.000</ele></trkpt>
      <trkpt lat="22.4581205749" lon="114.1594129690"><ele>62.000</ele></trkpt>
      <trkpt lat="22.4581271870" lon="114.1594213304"><ele>62.000</ele></trkpt>
      <trkpt lat="22.4581368885" lon="114.1594305833"><ele>63.000</ele></trkpt>
      <trkpt lat="22.4581483768" lon="114.1594362674"><ele>64.000</ele></trkpt>
      <trkpt lat="22.4581654702" lon="114.1594417594"><ele>64.000</ele></trkpt>
      <trkpt lat="22.4582042095" lon="114.1594466649"><ele>64.000</ele></trkpt>
      <trkpt lat="22.4583436342" lon="114.1594484283"><ele>66.000</ele></trkpt>
      <trkpt lat="22.4583747903" lon="114.1594500810"><ele>67.000</ele></trkpt>
      <trkpt lat="22.4583908391" lon="114.1594573462"><ele>67.000</ele></trkpt>
      <trkpt lat="22.4584029078" lon="114.1594612125"><ele>67.000</ele></trkpt>
      <trkpt lat="22.4584170717" lon="114.1594667671"><ele>68.000</ele></trkpt>
      <trkpt lat="22.4584375978" lon="114.1594827254"><ele>68.000</ele></trkpt>
      <trkpt lat="22.4584477111" lon="114.1594918792"><ele>68.000</ele></trkpt>
      <trkpt lat="22.4584552387" lon="114.1594984518"><ele>68.000</ele></trkpt>
      <trkpt lat="22.4584581432" lon="114.1595016275"><ele>69.000</ele></trkpt>
      <trkpt lat="22.4584765079" lon="114.1595217336"><ele>69.000</ele></trkpt>
      <trkpt lat="22.4584903929" lon="114.1595284629"><ele>68.000</ele></trkpt>
      <trkpt lat="22.4585050936" lon="114.1595288293"><ele>70.000</ele></trkpt>
      <trkpt lat="22.4585691910" lon="114.1595147686"><ele>72.000</ele></trkpt>
      <trkpt lat="22.4587136792" lon="114.1594830184"><ele>76.000</ele></trkpt>
      <trkpt lat="22.4587268290" lon="114.1594803732"><ele>76.000</ele></trkpt>
      <trkpt lat="22.4587395868" lon="114.1594764892"><ele>76.000</ele></trkpt>
      <trkpt lat="22.4587479015" lon="114.1594717975"><ele>76.000</ele></trkpt>
      <trkpt lat="22.4587831233" lon="114.1594420535"><ele>76.000</ele></trkpt>
      <trkpt lat="22.4588176127" lon="114.1594199053"><ele>78.000</ele></trkpt>
      <trkpt lat="22.4588609317" lon="114.1594031685"><ele>78.000</ele></trkpt>
      <trkpt lat="22.4589132597" lon="114.1593885079"><ele>78.000</ele></trkpt>
      <trkpt lat="22.4589321973" lon="114.1593781729"><ele>80.000</ele></trkpt>
      <trkpt lat="22.4589671725" lon="114.1593562413"><ele>81.000</ele></trkpt>
      <trkpt lat="22.4589962133" lon="114.1593378925"><ele>81.000</ele></trkpt>
      <trkpt lat="22.4590161483" lon="114.1593239169"><ele>82.000</ele></trkpt>
      <trkpt lat="22.4590264120" lon="114.1593130535"><ele>82.000</ele></trkpt>
      <trkpt lat="22.4590288599" lon="114.1593104640"><ele>82.000</ele></trkpt>
      <trkpt lat="22.4590350754" lon="114.1593007136"><ele>82.000</ele></trkpt>
      <trkpt lat="22.4590367556" lon="114.1592980717"><ele>82.000</ele></trkpt>
      <trkpt lat="22.4590435003" lon="114.1592878781"><ele>84.000</ele></trkpt>
      <trkpt lat="22.4590522025" lon="114.1592761356"><ele>85.000</ele></trkpt>
      <trkpt lat="22.4590639661" lon="114.1592643869"><ele>85.000</ele></trkpt>
      <trkpt lat="22.4590751568" lon="114.1592579460"><ele>85.000</ele></trkpt>
      <trkpt lat="22.4590776347" lon="114.1592571198"><ele>85.000</ele></trkpt>
      <trkpt lat="22.4590911148" lon="114.1592526013"><ele>87.000</ele></trkpt>
      <trkpt lat="22.4591040396" lon="114.1592481431"><ele>87.000</ele></trkpt>
      <trkpt lat="22.4591114714" lon="114.1592455724"><ele>87.000</ele></trkpt>
      <trkpt lat="22.4591167956" lon="114.1592439900"><ele>87.000</ele></trkpt>
      <trkpt lat="22.4591298495" lon="114.1592401108"><ele>87.000</ele></trkpt>
      <trkpt lat="22.4591321360" lon="114.1592394266"><ele>87.000</ele></trkpt>
      <trkpt lat="22.4591428764" lon="114.1592363211"><ele>88.000</ele></trkpt>
      <trkpt lat="22.4591504076" lon="114.1592341467"><ele>90.000</ele></trkpt>
      <trkpt lat="22.4591562175" lon="114.1592319143"><ele>90.000</ele></trkpt>
      <trkpt lat="22.4591648232" lon="114.1592286176"><ele>90.000</ele></trkpt>
      <trkpt lat="22.4591693101" lon="114.1592257675"><ele>90.000</ele></trkpt>
      <trkpt lat="22.4591735848" lon="114.1592230329"><ele>90.000</ele></trkpt>
      <trkpt lat="22.4591795412" lon="114.1592136847"><ele>90.000</ele></trkpt>
      <trkpt lat="22.4591841766" lon="114.1591978738"><ele>90.000</ele></trkpt>
      <trkpt lat="22.4591879506" lon="114.1591838080"><ele>92.000</ele></trkpt>
      <trkpt lat="22.4591891016" lon="114.1591795048"><ele>92.000</ele></trkpt>
      <trkpt lat="22.4591937701" lon="114.1591691026"><ele>92.000</ele></trkpt>
      <trkpt lat="22.4591982788" lon="114.1591590560"><ele>92.000</ele></trkpt>
      <trkpt lat="22.4592005812" lon="114.1591564023"><ele>92.000</ele></trkpt>
      <trkpt lat="22.4592109071" lon="114.1591444945"><ele>92.000</ele></trkpt>
      <trkpt lat="22.4592125180" lon="114.1591426318"><ele>92.000</ele></trkpt>
      <trkpt lat="22.4592205506" lon="114.1591352264"><ele>92.000</ele></trkpt>
      <trkpt lat="22.4592306890" lon="114.1591258748"><ele>94.000</ele></trkpt>
      <trkpt lat="22.4592408760" lon="114.1591162258"><ele>94.000</ele></trkpt>
      <trkpt lat="22.4592424761" lon="114.1591147187"><ele>94.000</ele></trkpt>
      <trkpt lat="22.4592531345" lon="114.1591046169"><ele>94.000</ele></trkpt>
      <trkpt lat="22.4592734530" lon="114.1590882677"><ele>96.000</ele></trkpt>
      <trkpt lat="22.4592888765" lon="114.1590758122"><ele>96.000</ele></trkpt>
      <trkpt lat="22.4593094268" lon="114.1590650359"><ele>96.000</ele></trkpt>
      <trkpt lat="22.4593351788" lon="114.1590557347"><ele>98.000</ele></trkpt>
      <trkpt lat="22.4593587611" lon="114.1590494845"><ele>99.000</ele></trkpt>
      <trkpt lat="22.4593833305" lon="114.1590439619"><ele>99.000</ele></trkpt>
      <trkpt lat="22.4594080629" lon="114.1590348357"><ele>100.000</ele></trkpt>
      <trkpt lat="22.4594202912" lon="114.1590276630"><ele>100.000</ele></trkpt>
      <trkpt lat="22.4594326007" lon="114.1590204465"><ele>100.000</ele></trkpt>
      <trkpt lat="22.4594429893" lon="114.1590122053"><ele>100.000</ele></trkpt>
      <trkpt lat="22.4594469027" lon="114.1590090929"><ele>100.000</ele></trkpt>
      <trkpt lat="22.4594530058" lon="114.1590033317"><ele>102.000</ele></trkpt>
      <trkpt lat="22.4594607793" lon="114.1589959885"><ele>102.000</ele></trkpt>
      <trkpt lat="22.4594633012" lon="114.1589932027"><ele>102.000</ele></trkpt>
      <trkpt lat="22.4594727458" lon="114.1589827843"><ele>102.000</ele></trkpt>
      <trkpt lat="22.4594773084" lon="114.1589777423"><ele>102.000</ele></trkpt>
      <trkpt lat="22.4594807918" lon="114.1589729219"><ele>102.000</ele></trkpt>
      <trkpt lat="22.4594884520" lon="114.1589622851"><ele>102.000</ele></trkpt>
      <trkpt lat="22.4594983219" lon="114.1589511264"><ele>104.000</ele></trkpt>
      <trkpt lat="22.4595095403" lon="114.1589418182"><ele>102.000</ele></trkpt>
      <trkpt lat="22.4595100577" lon="114.1589413829"><ele>102.000</ele></trkpt>
      <trkpt lat="22.4595224121" lon="114.1589394333"><ele>102.000</ele></trkpt>
      <trkpt lat="22.4595253297" lon="114.1589389705"><ele>102.000</ele></trkpt>
      <trkpt lat="22.4595318741" lon="114.1589391960"><ele>102.000</ele></trkpt>
      <trkpt lat="22.4595347937" lon="114.1589396562"><ele>102.000</ele></trkpt>
      <trkpt lat="22.4595482005" lon="114.1589417530"><ele>104.000</ele></trkpt>
      <trkpt lat="22.4595518119" lon="114.1589423171"><ele>104.000</ele></trkpt>
      <trkpt lat="22.4595614358" lon="114.1589440919"><ele>106.000</ele></trkpt>
      <trkpt lat="22.4595734131" lon="114.1589463045"><ele>106.000</ele></trkpt>
      <trkpt lat="22.4595861980" lon="114.1589507750"><ele>107.000</ele></trkpt>
      <trkpt lat="22.4595875671" lon="114.1589512548"><ele>107.000</ele></trkpt>
      <trkpt lat="22.4595948875" lon="114.1589626222"><ele>107.000</ele></trkpt>
      <trkpt lat="22.4595944168" lon="114.1589766032"><ele>107.000</ele></trkpt>
      <trkpt lat="22.4595892952" lon="114.1589894227"><ele>107.000</ele></trkpt>
      <trkpt lat="22.4595882092" lon="114.1589921539"><ele>107.000</ele></trkpt>
      <trkpt lat="22.4595834227" lon="114.1590052280"><ele>108.000</ele></trkpt>
      <trkpt lat="22.4595859945" lon="114.1590132111"><ele>110.000</ele></trkpt>
      <trkpt lat="22.4595916134" lon="114.1590224849"><ele>110.000</ele></trkpt>
      <trkpt lat="22.4596015863" lon="114.1590282742"><ele>110.000</ele></trkpt>
      <trkpt lat="22.4596041737" lon="114.1590297711"><ele>110.000</ele></trkpt>
      <trkpt lat="22.4596135117" lon="114.1590344189"><ele>110.000</ele></trkpt>
      <trkpt lat="22.4596224523" lon="114.1590388597"><ele>110.000</ele></trkpt>
      <trkpt lat="22.4596259265" lon="114.1590405032"><ele>110.000</ele></trkpt>
      <trkpt lat="22.4596383187" lon="114.1590463592"><ele>112.000</ele></trkpt>
      <trkpt lat="22.4596507154" lon="114.1590522172"><ele>112.000</ele></trkpt>
      <trkpt lat="22.4596570524" lon="114.1590552166"><ele>112.000</ele></trkpt>
      <trkpt lat="22.4596630472" lon="114.1590581208"><ele>112.000</ele></trkpt>
      <trkpt lat="22.4596931599" lon="114.1590727022"><ele>114.000</ele></trkpt>
      <trkpt lat="22.4597488631" lon="114.1591047297"><ele>116.000</ele></trkpt>
      <trkpt lat="22.4597607028" lon="114.1591117274"><ele>116.000</ele></trkpt>
      <trkpt lat="22.4597725795" lon="114.1591187523"><ele>118.000</ele></trkpt>
      <trkpt lat="22.4597844562" lon="114.1591257656"><ele>118.000</ele></trkpt>
      <trkpt lat="22.4597963230" lon="114.1591327875"><ele>118.000</ele></trkpt>
      <trkpt lat="22.4598007084" lon="114.1591353782"><ele>118.000</ele></trkpt>
      <trkpt lat="22.4598089970" lon="114.1591391857"><ele>118.000</ele></trkpt>
      <trkpt lat="22.4598214397" lon="114.1591449047"><ele>120.000</ele></trkpt>
      <trkpt lat="22.4598338943" lon="114.1591506364"><ele>120.000</ele></trkpt>
      <trkpt lat="22.4598420826" lon="114.1591544031"><ele>120.000</ele></trkpt>
      <trkpt lat="22.4598466901" lon="114.1591562203"><ele>120.000</ele></trkpt>
      <trkpt lat="22.4598593992" lon="114.1591612262"><ele>122.000</ele></trkpt>
      <trkpt lat="22.4598721046" lon="114.1591662165"><ele>122.000</ele></trkpt>
      <trkpt lat="22.4598901302" lon="114.1591733145"><ele>122.000</ele></trkpt>
      <trkpt lat="22.4599242305" lon="114.1591776910"><ele>122.000</ele></trkpt>
      <trkpt lat="22.4599565966" lon="114.1591872024"><ele>124.000</ele></trkpt>
      <trkpt lat="22.4599842535" lon="114.1591976482"><ele>124.000</ele></trkpt>
      <trkpt lat="22.4600066283" lon="114.1592072659"><ele>124.000</ele></trkpt>
      <trkpt lat="22.4600247694" lon="114.1592140656"><ele>124.000</ele></trkpt>
      <trkpt lat="22.4600345178" lon="114.1592143704"><ele>124.000</ele></trkpt>
      <trkpt lat="22.4600522844" lon="114.1592148734"><ele>124.000</ele></trkpt>
      <trkpt lat="22.4600674237" lon="114.1592134957"><ele>124.000</ele></trkpt>
      <trkpt lat="22.4600918386" lon="114.1592069636"><ele>124.000</ele></trkpt>
      <trkpt lat="22.4601235805" lon="114.1591973595"><ele>124.000</ele></trkpt>
      <trkpt lat="22.4601576709" lon="114.1591855875"><ele>122.000</ele></trkpt>
      <trkpt lat="22.4601801668" lon="114.1591787545"><ele>122.000</ele></trkpt>
      <trkpt lat="22.4602084776" lon="114.1591663206"><ele>122.000</ele></trkpt>
      <trkpt lat="22.4602274705" lon="114.1591585650"><ele>122.000</ele></trkpt>
      <trkpt lat="22.4602455384" lon="114.1591482834"><ele>122.000</ele></trkpt>
      <trkpt lat="22.4602603556" lon="114.1591404983"><ele>122.000</ele></trkpt>
      <trkpt lat="22.4602635206" lon="114.1591392601"><ele>124.000</ele></trkpt>
      <trkpt lat="22.4602720811" lon="114.1591359304"><ele>124.000</ele></trkpt>
      <trkpt lat="22.4602761699" lon="114.1591344550"><ele>124.000</ele></trkpt>
      <trkpt lat="22.4602890116" lon="114.1591298170"><ele>124.000</ele></trkpt>
      <trkpt lat="22.4602963882" lon="114.1591271472"><ele>124.000</ele></trkpt>
      <trkpt lat="22.4603020266" lon="114.1591246816"><ele>124.000</ele></trkpt>
      <trkpt lat="22.4603145720" lon="114.1591191809"><ele>126.000</ele></trkpt>
      <trkpt lat="22.4603201968" lon="114.1591167153"><ele>126.000</ele></trkpt>
      <trkpt lat="22.4603268863" lon="114.1591145556"><ele>126.000</ele></trkpt>
      <trkpt lat="22.4603398346" lon="114.1591103859"><ele>126.000</ele></trkpt>
      <trkpt lat="22.4603446223" lon="114.1591088404"><ele>126.000</ele></trkpt>
      <trkpt lat="22.4603580352" lon="114.1591088485"><ele>126.000</ele></trkpt>
      <trkpt lat="22.4603775670" lon="114.1591075305"><ele>126.000</ele></trkpt>
      <trkpt lat="22.4603902896" lon="114.1591119165"><ele>126.000</ele></trkpt>
      <trkpt lat="22.4604226041" lon="114.1591199113"><ele>126.000</ele></trkpt>
      <trkpt lat="22.4604512625" lon="114.1591312246"><ele>126.000</ele></trkpt>
      <trkpt lat="22.4604729041" lon="114.1591407880"><ele>126.000</ele></trkpt>
      <trkpt lat="22.4604843486" lon="114.1591514865"><ele>126.000</ele></trkpt>
      <trkpt lat="22.4604853412" lon="114.1591525454"><ele>126.000</ele></trkpt>
      <trkpt lat="22.4604955907" lon="114.1591685771"><ele>126.000</ele></trkpt>
      <trkpt lat="22.4605060860" lon="114.1591859436"><ele>126.000</ele></trkpt>
      <trkpt lat="22.4605162856" lon="114.1592084178"><ele>126.000</ele></trkpt>
      <trkpt lat="22.4605270658" lon="114.1592305247"><ele>126.000</ele></trkpt>
      <trkpt lat="22.4605380572" lon="114.1592426466"><ele>124.000</ele></trkpt>
      <trkpt lat="22.4605411604" lon="114.1592458971"><ele>124.000</ele></trkpt>
      <trkpt lat="22.4605500546" lon="114.1592551804"><ele>124.000</ele></trkpt>
      <trkpt lat="22.4605599666" lon="114.1592651777"><ele>124.000</ele></trkpt>
      <trkpt lat="22.4605636126" lon="114.1592688634"><ele>124.000</ele></trkpt>
      <trkpt lat="22.4605701070" lon="114.1592750563"><ele>124.000</ele></trkpt>
      <trkpt lat="22.4605790942" lon="114.1592836333"><ele>122.000</ele></trkpt>
      <trkpt lat="22.4605892274" lon="114.1592932904"><ele>122.000</ele></trkpt>
      <trkpt lat="22.4605993497" lon="114.1593029544"><ele>122.000</ele></trkpt>
      <trkpt lat="22.4606075367" lon="114.1593107629"><ele>122.000</ele></trkpt>
      <trkpt lat="22.4606089167" lon="114.1593121162"><ele>122.000</ele></trkpt>
      <trkpt lat="22.4606183084" lon="114.1593213323"><ele>122.000</ele></trkpt>
      <trkpt lat="22.4606215362" lon="114.1593244983"><ele>122.000</ele></trkpt>
      <trkpt lat="22.4606281645" lon="114.1593321904"><ele>120.000</ele></trkpt>
      <trkpt lat="22.4606370173" lon="114.1593424492"><ele>120.000</ele></trkpt>
      <trkpt lat="22.4606382871" lon="114.1593439219"><ele>120.000</ele></trkpt>
      <trkpt lat="22.4606461410" lon="114.1593531558"><ele>120.000</ele></trkpt>
      <trkpt lat="22.4606552556" lon="114.1593638692"><ele>120.000</ele></trkpt>
      <trkpt lat="22.4606648345" lon="114.1593743202"><ele>120.000</ele></trkpt>
      <trkpt lat="22.4606743528" lon="114.1593846858"><ele>118.000</ele></trkpt>
      <trkpt lat="22.4606838647" lon="114.1593950610"><ele>118.000</ele></trkpt>
      <trkpt lat="22.4606880012" lon="114.1593995628"><ele>118.000</ele></trkpt>
      <trkpt lat="22.4606939041" lon="114.1594052672"><ele>118.000</ele></trkpt>
      <trkpt lat="22.4607062292" lon="114.1594171674"><ele>118.000</ele></trkpt>
      <trkpt lat="22.4607257007" lon="114.1594348293"><ele>116.000</ele></trkpt>
      <trkpt lat="22.4607445787" lon="114.1594502206"><ele>116.000</ele></trkpt>
      <trkpt lat="22.4607664154" lon="114.1594687925"><ele>114.000</ele></trkpt>
      <trkpt lat="22.4607909702" lon="114.1594868219"><ele>114.000</ele></trkpt>
      <trkpt lat="22.4608194862" lon="114.1595007819"><ele>113.000</ele></trkpt>
      <trkpt lat="22.4608466783" lon="114.1595146643"><ele>113.000</ele></trkpt>
      <trkpt lat="22.4608714463" lon="114.1595251903"><ele>112.000</ele></trkpt>
      <trkpt lat="22.4608919249" lon="114.1595359868"><ele>111.000</ele></trkpt>
      <trkpt lat="22.4609061847" lon="114.1595429969"><ele>110.000</ele></trkpt>
      <trkpt lat="22.4609185420" lon="114.1595514744"><ele>110.000</ele></trkpt>
      <trkpt lat="22.4609329299" lon="114.1595660852"><ele>110.000</ele></trkpt>
      <trkpt lat="22.4609461993" lon="114.1595835311"><ele>108.000</ele></trkpt>
      <trkpt lat="22.4609488051" lon="114.1595882867"><ele>108.000</ele></trkpt>
      <trkpt lat="22.4609513307" lon="114.1595947406"><ele>108.000</ele></trkpt>
      <trkpt lat="22.4609532310" lon="114.1595976726"><ele>108.000</ele></trkpt>
      <trkpt lat="22.4610372004" lon="114.1596638064"><ele>108.000</ele></trkpt>
      <trkpt lat="22.4610555396" lon="114.1596824478"><ele>108.000</ele></trkpt>
      <trkpt lat="22.4610714116" lon="114.1597006377"><ele>108.000</ele></trkpt>
      <trkpt lat="22.4610941114" lon="114.1597261865"><ele>107.000</ele></trkpt>
      <trkpt lat="22.4611301669" lon="114.1597569890"><ele>108.000</ele></trkpt>
      <trkpt lat="22.4611478975" lon="114.1597681396"><ele>108.000</ele></trkpt>
      <trkpt lat="22.4611642383" lon="114.1597791660"><ele>106.000</ele></trkpt>
      <trkpt lat="22.4611809332" lon="114.1597901380"><ele>108.000</ele></trkpt>
      <trkpt lat="22.4611975351" lon="114.1598021068"><ele>108.000</ele></trkpt>
      <trkpt lat="22.4612129096" lon="114.1598127777"><ele>108.000</ele></trkpt>
      <trkpt lat="22.4612320566" lon="114.1598185087"><ele>108.000</ele></trkpt>
      <trkpt lat="22.4612531073" lon="114.1598175540"><ele>108.000</ele></trkpt>
      <trkpt lat="22.4612947030" lon="114.1598147906"><ele>110.000</ele></trkpt>
      <trkpt lat="22.4613293086" lon="114.1598154179"><ele>112.000</ele></trkpt>
      <trkpt lat="22.4613640827" lon="114.1598206718"><ele>113.000</ele></trkpt>
      <trkpt lat="22.4614017100" lon="114.1598222315"><ele>114.000</ele></trkpt>
      <trkpt lat="22.4614306647" lon="114.1598177927"><ele>114.000</ele></trkpt>
      <trkpt lat="22.4614759414" lon="114.1598004016"><ele>116.000</ele></trkpt>
      <trkpt lat="22.4614814110" lon="114.1597987619"><ele>118.000</ele></trkpt>
      <trkpt lat="22.4614953211" lon="114.1597951615"><ele>118.000</ele></trkpt>
      <trkpt lat="22.4615127174" lon="114.1597953400"><ele>118.000</ele></trkpt>
      <trkpt lat="22.4615362360" lon="114.1598020061"><ele>120.000</ele></trkpt>
      <trkpt lat="22.4615693252" lon="114.1598091102"><ele>120.000</ele></trkpt>
      <trkpt lat="22.4616075287" lon="114.1598202467"><ele>122.000</ele></trkpt>
      <trkpt lat="22.4616367298" lon="114.1598312813"><ele>125.000</ele></trkpt>
      <trkpt lat="22.4616599971" lon="114.1598434786"><ele>125.000</ele></trkpt>
      <trkpt lat="22.4616768582" lon="114.1598556593"><ele>128.000</ele></trkpt>
      <trkpt lat="22.4616972962" lon="114.1598670632"><ele>128.000</ele></trkpt>
      <trkpt lat="22.4617354523" lon="114.1598911849"><ele>130.000</ele></trkpt>
      <trkpt lat="22.4617771813" lon="114.1599273889"><ele>130.000</ele></trkpt>
      <trkpt lat="22.4618081599" lon="114.1599509597"><ele>132.000</ele></trkpt>
      <trkpt lat="22.4618358828" lon="114.1599715229"><ele>132.000</ele></trkpt>
      <trkpt lat="22.4618582780" lon="114.1599864116"><ele>134.000</ele></trkpt>
      <trkpt lat="22.4618965780" lon="114.1600130703"><ele>134.000</ele></trkpt>
      <trkpt lat="22.4619393553" lon="114.1600487029"><ele>134.000</ele></trkpt>
      <trkpt lat="22.4619827361" lon="114.1600964609"><ele>133.000</ele></trkpt>
      <trkpt lat="22.4620012349" lon="114.1601219628"><ele>134.000</ele></trkpt>
      <trkpt lat="22.4620141573" lon="114.1601382305"><ele>134.000</ele></trkpt>
      <trkpt lat="22.4620254686" lon="114.1601531673"><ele>132.000</ele></trkpt>
      <trkpt lat="22.4620459632" lon="114.1601800622"><ele>134.000</ele></trkpt>
      <trkpt lat="22.4620676652" lon="114.1602149979"><ele>134.000</ele></trkpt>
      <trkpt lat="22.4620858532" lon="114.1602481113"><ele>133.000</ele></trkpt>
      <trkpt lat="22.4620943737" lon="114.1602682601"><ele>134.000</ele></trkpt>
      <trkpt lat="22.4621004050" lon="114.1602851203"><ele>134.000</ele></trkpt>
      <trkpt lat="22.4621017287" lon="114.1603008968"><ele>134.000</ele></trkpt>
      <trkpt lat="22.4620992821" lon="114.1603166718"><ele>133.000</ele></trkpt>
      <trkpt lat="22.4620921104" lon="114.1603360509"><ele>133.000</ele></trkpt>
      <trkpt lat="22.4620804958" lon="114.1603577187"><ele>132.000</ele></trkpt>
      <trkpt lat="22.4620696797" lon="114.1603807145"><ele>132.000</ele></trkpt>
      <trkpt lat="22.4620602352" lon="114.1604029398"><ele>132.000</ele></trkpt>
      <trkpt lat="22.4620566541" lon="114.1604239867"><ele>132.000</ele></trkpt>
      <trkpt lat="22.4620518667" lon="114.1604472684"><ele>132.000</ele></trkpt>
      <trkpt lat="22.4620507242" lon="114.1604634999"><ele>130.000</ele></trkpt>
      <trkpt lat="22.4620495132" lon="114.1604900273"><ele>130.000</ele></trkpt>
      <trkpt lat="22.4620432247" lon="114.1605285903"><ele>130.000</ele></trkpt>
      <trkpt lat="22.4620314730" lon="114.1605695023"><ele>130.000</ele></trkpt>
      <trkpt lat="22.4620188696" lon="114.1606183464"><ele>130.000</ele></trkpt>
      <trkpt lat="22.4620007940" lon="114.1606692549"><ele>130.000</ele></trkpt>
      <trkpt lat="22.4619866720" lon="114.1607035982"><ele>128.000</ele></trkpt>
      <trkpt lat="22.4619680918" lon="114.1607384599"><ele>128.000</ele></trkpt>
      <trkpt lat="22.4619476999" lon="114.1607719849"><ele>128.000</ele></trkpt>
      <trkpt lat="22.4619297013" lon="114.1607990534"><ele>128.000</ele></trkpt>
      <trkpt lat="22.4619164581" lon="114.1608160626"><ele>128.000</ele></trkpt>
      <trkpt lat="22.4618979731" lon="114.1608379060"><ele>128.000</ele></trkpt>
      <trkpt lat="22.4618803287" lon="114.1608577089"><ele>128.000</ele></trkpt>
      <trkpt lat="22.4618635103" lon="114.1608742317"><ele>128.000</ele></trkpt>
      <trkpt lat="22.4618517814" lon="114.1608912727"><ele>128.000</ele></trkpt>
      <trkpt lat="22.4618390531" lon="114.1609100335"><ele>128.000</ele></trkpt>
      <trkpt lat="22.4618340952" lon="114.1609272584"><ele>128.000</ele></trkpt>
      <trkpt lat="22.4618271288" lon="114.1609600735"><ele>128.000</ele></trkpt>
      <trkpt lat="22.4618214876" lon="114.1610069289"><ele>128.000</ele></trkpt>
      <trkpt lat="22.4618181911" lon="114.1610493118"><ele>128.000</ele></trkpt>
      <trkpt lat="22.4618148558" lon="114.1610828503"><ele>128.000</ele></trkpt>
      <trkpt lat="22.4618141484" lon="114.1611072430"><ele>128.000</ele></trkpt>
      <trkpt lat="22.4618119401" lon="114.1611222562"><ele>128.000</ele></trkpt>
      <trkpt lat="22.4618077739" lon="114.1611449685"><ele>130.000</ele></trkpt>
      <trkpt lat="22.4617992927" lon="114.1611753441"><ele>130.000</ele></trkpt>
      <trkpt lat="22.4617869478" lon="114.1612276401"><ele>132.000</ele></trkpt>
      <trkpt lat="22.4617763413" lon="114.1612715482"><ele>132.000</ele></trkpt>
      <trkpt lat="22.4617729177" lon="114.1612980282"><ele>132.000</ele></trkpt>
      <trkpt lat="22.4617715000" lon="114.1613369112"><ele>132.000</ele></trkpt>
      <trkpt lat="22.4617713119" lon="114.1613805655"><ele>134.000</ele></trkpt>
      <trkpt lat="22.4617739716" lon="114.1614114742"><ele>134.000</ele></trkpt>
      <trkpt lat="22.4617849996" lon="114.1614493066"><ele>134.000</ele></trkpt>
      <trkpt lat="22.4618047158" lon="114.1615074615"><ele>135.000</ele></trkpt>
      <trkpt lat="22.4618233023" lon="114.1615556550"><ele>136.000</ele></trkpt>
      <trkpt lat="22.4618407439" lon="114.1615955396"><ele>138.000</ele></trkpt>
      <trkpt lat="22.4618544679" lon="114.1616295213"><ele>138.000</ele></trkpt>
      <trkpt lat="22.4618793422" lon="114.1616963083"><ele>138.000</ele></trkpt>
      <trkpt lat="22.4619068360" lon="114.1617709562"><ele>138.000</ele></trkpt>
      <trkpt lat="22.4619235636" lon="114.1618148273"><ele>139.000</ele></trkpt>
      <trkpt lat="22.4619414378" lon="114.1618563821"><ele>138.000</ele></trkpt>
      <trkpt lat="22.4619517481" lon="114.1618785448"><ele>140.000</ele></trkpt>
      <trkpt lat="22.4619585816" lon="114.1618996217"><ele>140.000</ele></trkpt>
      <trkpt lat="22.4619649869" lon="114.1619199097"><ele>142.000</ele></trkpt>
      <trkpt lat="22.4619704842" lon="114.1619441473"><ele>142.000</ele></trkpt>
      <trkpt lat="22.4619734777" lon="114.1619628237"><ele>142.000</ele></trkpt>
      <trkpt lat="22.4619762445" lon="114.1619811194"><ele>142.000</ele></trkpt>
      <trkpt lat="22.4619820853" lon="114.1619993807"><ele>142.000</ele></trkpt>
      <trkpt lat="22.4619917250" lon="114.1620164223"><ele>142.000</ele></trkpt>
      <trkpt lat="22.4620085281" lon="114.1620276151"><ele>142.000</ele></trkpt>
      <trkpt lat="22.4620277886" lon="114.1620422685"><ele>142.000</ele></trkpt>
      <trkpt lat="22.4620505757" lon="114.1620582244"><ele>144.000</ele></trkpt>
      <trkpt lat="22.4620807694" lon="114.1620832998"><ele>144.000</ele></trkpt>
      <trkpt lat="22.4621015239" lon="114.1621011039"><ele>144.000</ele></trkpt>
      <trkpt lat="22.4621161799" lon="114.1621161008"><ele>144.000</ele></trkpt>
      <trkpt lat="22.4621311383" lon="114.1621311598"><ele>144.000</ele></trkpt>
      <trkpt lat="22.4621428792" lon="114.1621450202"><ele>144.000</ele></trkpt>
      <trkpt lat="22.4621534820" lon="114.1621575176"><ele>144.000</ele></trkpt>
      <trkpt lat="22.4621625687" lon="114.1621700919"><ele>144.000</ele></trkpt>
      <trkpt lat="22.4621713847" lon="114.1621849854"><ele>144.000</ele></trkpt>
      <trkpt lat="22.4621785037" lon="114.1621984159"><ele>144.000</ele></trkpt>
      <trkpt lat="22.4621875062" lon="114.1622186531"><ele>144.000</ele></trkpt>
      <trkpt lat="22.4621976479" lon="114.1622449228"><ele>144.000</ele></trkpt>
      <trkpt lat="22.4622061250" lon="114.1622677222"><ele>144.000</ele></trkpt>
      <trkpt lat="22.4622136158" lon="114.1622985043"><ele>144.000</ele></trkpt>
      <trkpt lat="22.4622234586" lon="114.1623441319"><ele>144.000</ele></trkpt>
      <trkpt lat="22.4622324159" lon="114.1623841983"><ele>146.000</ele></trkpt>
      <trkpt lat="22.4622433019" lon="114.1624331342"><ele>146.000</ele></trkpt>
      <trkpt lat="22.4622489193" lon="114.1624583104"><ele>145.000</ele></trkpt>
      <trkpt lat="22.4622533669" lon="114.1624794235"><ele>145.000</ele></trkpt>
      <trkpt lat="22.4622658112" lon="114.1625349038"><ele>146.000</ele></trkpt>
      <trkpt lat="22.4622781511" lon="114.1625840455"><ele>147.000</ele></trkpt>
      <trkpt lat="22.4622880957" lon="114.1626282382"><ele>148.000</ele></trkpt>
      <trkpt lat="22.4622978162" lon="114.1626703099"><ele>148.000</ele></trkpt>
      <trkpt lat="22.4623068429" lon="114.1627102617"><ele>148.000</ele></trkpt>
      <trkpt lat="22.4623178429" lon="114.1627413243"><ele>150.000</ele></trkpt>
      <trkpt lat="22.4623285090" lon="114.1627647162"><ele>150.000</ele></trkpt>
      <trkpt lat="22.4623397761" lon="114.1627838786"><ele>150.000</ele></trkpt>
      <trkpt lat="22.4623495865" lon="114.1628017568"><ele>150.000</ele></trkpt>
      <trkpt lat="22.4623565617" lon="114.1628124018"><ele>150.000</ele></trkpt>
      <trkpt lat="22.4623649800" lon="114.1628245536"><ele>150.000</ele></trkpt>
      <trkpt lat="22.4623678790" lon="114.1628273661"><ele>150.000</ele></trkpt>
      <trkpt lat="22.4623942945" lon="114.1628345221"><ele>150.000</ele></trkpt>
      <trkpt lat="22.4624249869" lon="114.1628418837"><ele>150.000</ele></trkpt>
      <trkpt lat="22.4624780153" lon="114.1628510366"><ele>152.000</ele></trkpt>
      <trkpt lat="22.4625251528" lon="114.1628550863"><ele>153.000</ele></trkpt>
      <trkpt lat="22.4625696208" lon="114.1628593325"><ele>154.000</ele></trkpt>
      <trkpt lat="22.4626367414" lon="114.1628602537"><ele>154.000</ele></trkpt>
      <trkpt lat="22.4626909247" lon="114.1628583653"><ele>154.000</ele></trkpt>
      <trkpt lat="22.4627472859" lon="114.1628524222"><ele>156.000</ele></trkpt>
      <trkpt lat="22.4627993716" lon="114.1628413311"><ele>158.000</ele></trkpt>
      <trkpt lat="22.4628355092" lon="114.1628368728"><ele>158.000</ele></trkpt>
      <trkpt lat="22.4628542389" lon="114.1628339755"><ele>158.000</ele></trkpt>
      <trkpt lat="22.4628549903" lon="114.1628338608"><ele>158.000</ele></trkpt>
      <trkpt lat="22.4628560215" lon="114.1628337043"><ele>158.000</ele></trkpt>
      <trkpt lat="22.4628585762" lon="114.1628333086"><ele>158.000</ele></trkpt>
      <trkpt lat="22.4628646744" lon="114.1628330796"><ele>158.000</ele></trkpt>
      <trkpt lat="22.4628656091" lon="114.1628329698"><ele>158.000</ele></trkpt>
      <trkpt lat="22.4628665609" lon="114.1628328482"><ele>158.000</ele></trkpt>
      <trkpt lat="22.4628675461" lon="114.1628327111"><ele>158.000</ele></trkpt>
      <trkpt lat="22.4628685286" lon="114.1628325420"><ele>158.000</ele></trkpt>
      <trkpt lat="22.4628694903" lon="114.1628323650"><ele>158.000</ele></trkpt>
      <trkpt lat="22.4628704746" lon="114.1628321638"><ele>158.000</ele></trkpt>
      <trkpt lat="22.4628714508" lon="114.1628319422"><ele>158.000</ele></trkpt>
      <trkpt lat="22.4628724053" lon="114.1628317002"><ele>158.000</ele></trkpt>
      <trkpt lat="22.4628733534" lon="114.1628314513"><ele>158.000</ele></trkpt>
      <trkpt lat="22.4628743170" lon="114.1628311753"><ele>158.000</ele></trkpt>
      <trkpt lat="22.4628752552" lon="114.1628308847"><ele>158.000</ele></trkpt>
      <trkpt lat="22.4628761853" lon="114.1628305854"><ele>158.000</ele></trkpt>
      <trkpt lat="22.4628771398" lon="114.1628302578"><ele>158.000</ele></trkpt>
      <trkpt lat="22.4628780735" lon="114.1628299119"><ele>158.000</ele></trkpt>
      <trkpt lat="22.4628789910" lon="114.1628295581"><ele>158.000</ele></trkpt>
      <trkpt lat="22.4628799274" lon="114.1628291781"><ele>158.000</ele></trkpt>
      <trkpt lat="22.4628808403" lon="114.1628287797"><ele>158.000</ele></trkpt>
      <trkpt lat="22.4628817397" lon="114.1628283744"><ele>158.000</ele></trkpt>
      <trkpt lat="22.4628826554" lon="114.1628279391"><ele>158.000</ele></trkpt>
      <trkpt lat="22.4628835503" lon="114.1628274882"><ele>158.000</ele></trkpt>
      <trkpt lat="22.4628844289" lon="114.1628270334"><ele>158.000</ele></trkpt>
      <trkpt lat="22.4628853138" lon="114.1628265504"><ele>158.000</ele></trkpt>
      <trkpt lat="22.4628861834" lon="114.1628260577"><ele>158.000</ele></trkpt>
      <trkpt lat="22.4628870403" lon="114.1628255475"><ele>158.000</ele></trkpt>
      <trkpt lat="22.4628878982" lon="114.1628250228"><ele>158.000</ele></trkpt>
      <trkpt lat="22.4628887606" lon="114.1628244679"><ele>158.000</ele></trkpt>
      <trkpt lat="22.4628895994" lon="114.1628239033"><ele>158.000</ele></trkpt>
      <trkpt lat="22.4628904130" lon="114.1628233368"><ele>158.000</ele></trkpt>
      <trkpt lat="22.4628912221" lon="114.1628227548"><ele>158.000</ele></trkpt>
      <trkpt lat="22.4628920411" lon="114.1628221474"><ele>158.000</ele></trkpt>
      <trkpt lat="22.4628928502" lon="114.1628215207"><ele>158.000</ele></trkpt>
      <trkpt lat="22.4628936403" lon="114.1628208813"><ele>158.000</ele></trkpt>
      <trkpt lat="22.4628944196" lon="114.1628202322"><ele>158.000</ele></trkpt>
      <trkpt lat="22.4628951889" lon="114.1628195607"><ele>158.000</ele></trkpt>
      <trkpt lat="22.4628959357" lon="114.1628188883"><ele>158.000</ele></trkpt>
      <trkpt lat="22.4628966960" lon="114.1628181897"><ele>158.000</ele></trkpt>
      <trkpt lat="22.4628974355" lon="114.1628174658"><ele>158.000</ele></trkpt>
      <trkpt lat="22.4628981506" lon="114.1628167516"><ele>158.000</ele></trkpt>
      <trkpt lat="22.4628991511" lon="114.1628157148"><ele>158.000</ele></trkpt>
      <trkpt lat="22.4629009200" lon="114.1628138763"><ele>158.000</ele></trkpt>
      <trkpt lat="22.4629019340" lon="114.1628128765"><ele>158.000</ele></trkpt>
      <trkpt lat="22.4629029743" lon="114.1628118766"><ele>158.000</ele></trkpt>
      <trkpt lat="22.4629040307" lon="114.1628109059"><ele>158.000</ele></trkpt>
      <trkpt lat="22.4629051017" lon="114.1628099507"><ele>158.000</ele></trkpt>
      <trkpt lat="22.4629061690" lon="114.1628090285"><ele>158.000</ele></trkpt>
      <trkpt lat="22.4629072769" lon="114.1628081229"><ele>158.000</ele></trkpt>
      <trkpt lat="22.4629084002" lon="114.1628072241"><ele>158.000</ele></trkpt>
      <trkpt lat="22.4629095254" lon="114.1628063515"><ele>158.000</ele></trkpt>
      <trkpt lat="22.4629106722" lon="114.1628055080"><ele>158.000</ele></trkpt>
      <trkpt lat="22.4629118280" lon="114.1628046723"><ele>158.000</ele></trkpt>
      <trkpt lat="22.4629129793" lon="114.1628038784"><ele>158.000</ele></trkpt>
      <trkpt lat="22.4629141721" lon="114.1628030971"><ele>158.000</ele></trkpt>
      <trkpt lat="22.4629153740" lon="114.1628023265"><ele>158.000</ele></trkpt>
      <trkpt lat="22.4629165741" lon="114.1628015929"><ele>158.000</ele></trkpt>
      <trkpt lat="22.4629177968" lon="114.1628008815"><ele>158.000</ele></trkpt>
      <trkpt lat="22.4629190294" lon="114.1628001848"><ele>158.000</ele></trkpt>
      <trkpt lat="22.4629202638" lon="114.1627995201"><ele>158.000</ele></trkpt>
      <trkpt lat="22.4629215072" lon="114.1627988787"><ele>158.000</ele></trkpt>
      <trkpt lat="22.4629223091" lon="114.1627984900"><ele>158.000</ele></trkpt>
      <trkpt lat="22.4629227019" lon="114.1627983141"><ele>158.000</ele></trkpt>
      <trkpt lat="22.4629231064" lon="114.1627981421"><ele>158.000</ele></trkpt>
      <trkpt lat="22.4629239760" lon="114.1627977961"><ele>158.000</ele></trkpt>
      <trkpt lat="22.4629243571" lon="114.1627976591"><ele>158.000</ele></trkpt>
      <trkpt lat="22.4629252430" lon="114.1627973626"><ele>158.000</ele></trkpt>
      <trkpt lat="22.4629260936" lon="114.1627971148"><ele>156.000</ele></trkpt>
      <trkpt lat="22.4629269975" lon="114.1627968883"><ele>156.000</ele></trkpt>
      <trkpt lat="22.4629273994" lon="114.1627967960"><ele>156.000</ele></trkpt>
      <trkpt lat="22.4629282663" lon="114.1627966288"><ele>156.000</ele></trkpt>
      <trkpt lat="22.4629291865" lon="114.1627964897"><ele>156.000</ele></trkpt>
      <trkpt lat="22.4629295955" lon="114.1627964353"><ele>156.000</ele></trkpt>
      <trkpt lat="22.4629300398" lon="114.1627963954"><ele>156.000</ele></trkpt>
      <trkpt lat="22.4629305184" lon="114.1627963478"><ele>156.000</ele></trkpt>
      <trkpt lat="22.4629309275" lon="114.1627963176"><ele>156.000</ele></trkpt>
      <trkpt lat="22.4629313709" lon="114.1627963010"><ele>156.000</ele></trkpt>
      <trkpt lat="22.4629318495" lon="114.1627962835"><ele>156.000</ele></trkpt>
      <trkpt lat="22.4629322658" lon="114.1627962757"><ele>156.000</ele></trkpt>
      <trkpt lat="22.4629327101" lon="114.1627962834"><ele>156.000</ele></trkpt>
      <trkpt lat="22.4629331887" lon="114.1627962931"><ele>156.000</ele></trkpt>
      <trkpt lat="22.4629335978" lon="114.1627963076"><ele>156.000</ele></trkpt>
      <trkpt lat="22.4629340503" lon="114.1627963425"><ele>156.000</ele></trkpt>
      <trkpt lat="22.4629345271" lon="114.1627963775"><ele>156.000</ele></trkpt>
      <trkpt lat="22.4629349705" lon="114.1627964192"><ele>156.000</ele></trkpt>
      <trkpt lat="22.4629353750" lon="114.1627964648"><ele>156.000</ele></trkpt>
      <trkpt lat="22.4629358121" lon="114.1627965309"><ele>156.000</ele></trkpt>
      <trkpt lat="22.4629362952" lon="114.1627966056"><ele>156.000</ele></trkpt>
      <trkpt lat="22.4629367025" lon="114.1627966736"><ele>156.000</ele></trkpt>
      <trkpt lat="22.4629376038" lon="114.1627968649"><ele>156.000</ele></trkpt>
      <trkpt lat="22.4629380409" lon="114.1627969669"><ele>156.000</ele></trkpt>
      <trkpt lat="22.4629384707" lon="114.1627970737"><ele>156.000</ele></trkpt>
      <trkpt lat="22.4629388690" lon="114.1627971825"><ele>156.000</ele></trkpt>
      <trkpt lat="22.4629393079" lon="114.1627973175"><ele>156.000</ele></trkpt>
      <trkpt lat="22.4629397513" lon="114.1627974564"><ele>156.000</ele></trkpt>
      <trkpt lat="22.4629401748" lon="114.1627975982"><ele>156.000</ele></trkpt>
      <trkpt lat="22.4629405956" lon="114.1627977468"><ele>156.000</ele></trkpt>
      <trkpt lat="22.4629410318" lon="114.1627979168"><ele>156.000</ele></trkpt>
      <trkpt lat="22.4629414698" lon="114.1627980800"><ele>156.000</ele></trkpt>
      <trkpt lat="22.4629418509" lon="114.1627982393"><ele>156.000</ele></trkpt>
      <trkpt lat="22.4629422437" lon="114.1627984161"><ele>156.000</ele></trkpt>
      <trkpt lat="22.4629430809" lon="114.1627988143"><ele>156.000</ele></trkpt>
      <trkpt lat="22.4629439036" lon="114.1627992388"><ele>156.000</ele></trkpt>
      <trkpt lat="22.4629442576" lon="114.1627994380"><ele>156.000</ele></trkpt>
      <trkpt lat="22.4629446640" lon="114.1627996770"><ele>156.000</ele></trkpt>
      <trkpt lat="22.4629450578" lon="114.1627999130"><ele>156.000</ele></trkpt>
      <trkpt lat="22.4629458480" lon="114.1628004182"><ele>156.000</ele></trkpt>
      <trkpt lat="22.4629462065" lon="114.1628006620"><ele>156.000</ele></trkpt>
      <trkpt lat="22.4629465668" lon="114.1628009175"><ele>156.000</ele></trkpt>
      <trkpt lat="22.4629469344" lon="114.1628011895"><ele>156.000</ele></trkpt>
      <trkpt lat="22.4629473092" lon="114.1628014771"><ele>156.000</ele></trkpt>
      <trkpt lat="22.4629476695" lon="114.1628017588"><ele>156.000</ele></trkpt>
      <trkpt lat="22.4629483866" lon="114.1628023582"><ele>156.000</ele></trkpt>
      <trkpt lat="22.4629487244" lon="114.1628026564"><ele>156.000</ele></trkpt>
      <trkpt lat="22.4629490621" lon="114.1628029624"><ele>156.000</ele></trkpt>
      <trkpt lat="22.4629493737" lon="114.1628032578"><ele>156.000</ele></trkpt>
      <trkpt lat="22.4629501251" lon="114.1628040068"><ele>156.000</ele></trkpt>
      <trkpt lat="22.4629594453" lon="114.1628129795"><ele>156.000</ele></trkpt>
      <trkpt lat="22.4629661609" lon="114.1628194584"><ele>156.000</ele></trkpt>
      <trkpt lat="22.4629728909" lon="114.1628259499"><ele>154.000</ele></trkpt>
      <trkpt lat="22.4629796192" lon="114.1628324307"><ele>155.000</ele></trkpt>
      <trkpt lat="22.4629863492" lon="114.1628389096"><ele>155.000</ele></trkpt>
      <trkpt lat="22.4629936139" lon="114.1628459053"><ele>155.000</ele></trkpt>
      <trkpt lat="22.4630026645" lon="114.1628498102"><ele>155.000</ele></trkpt>
      <trkpt lat="22.4630110523" lon="114.1628534130"><ele>155.000</ele></trkpt>
      <trkpt lat="22.4630190301" lon="114.1628568546"><ele>153.000</ele></trkpt>
      <trkpt lat="22.4630984247" lon="114.1628355531"><ele>152.000</ele></trkpt>
      <trkpt lat="22.4631028884" lon="114.1628345150"><ele>152.000</ele></trkpt>
      <trkpt lat="22.4631069547" lon="114.1628336441"><ele>152.000</ele></trkpt>
      <trkpt lat="22.4631110373" lon="114.1628328528"><ele>152.000</ele></trkpt>
      <trkpt lat="22.4631151362" lon="114.1628321363"><ele>152.000</ele></trkpt>
      <trkpt lat="22.4631192467" lon="114.1628315034"><ele>152.000</ele></trkpt>
      <trkpt lat="22.4631233682" lon="114.1628309414"><ele>152.000</ele></trkpt>
      <trkpt lat="22.4631274923" lon="114.1628304639"><ele>152.000</ele></trkpt>
      <trkpt lat="22.4631316264" lon="114.1628300603"><ele>152.000</ele></trkpt>
      <trkpt lat="22.4631357642" lon="114.1628297266"><ele>152.000</ele></trkpt>
      <trkpt lat="22.4631399046" lon="114.1628294775"><ele>152.000</ele></trkpt>
      <trkpt lat="22.4631440523" lon="114.1628293148"><ele>152.000</ele></trkpt>
      <trkpt lat="22.4631482108" lon="114.1628292182"><ele>152.000</ele></trkpt>
      <trkpt lat="22.4631523539" lon="114.1628292003"><ele>152.000</ele></trkpt>
      <trkpt lat="22.4631565052" lon="114.1628292669"><ele>152.000</ele></trkpt>
      <trkpt lat="22.4631606529" lon="114.1628294084"><ele>152.000</ele></trkpt>
      <trkpt lat="22.4631648024" lon="114.1628296295"><ele>152.000</ele></trkpt>
      <trkpt lat="22.4631689501" lon="114.1628299244"><ele>152.000</ele></trkpt>
      <trkpt lat="22.4631730879" lon="114.1628302971"><ele>152.000</ele></trkpt>
      <trkpt lat="22.4631772121" lon="114.1628307446"><ele>152.000</ele></trkpt>
      <trkpt lat="22.4631813319" lon="114.1628312785"><ele>152.000</ele></trkpt>
      <trkpt lat="22.4631854453" lon="114.1628318805"><ele>152.000</ele></trkpt>
      <trkpt lat="22.4631895415" lon="114.1628325670"><ele>152.000</ele></trkpt>
      <trkpt lat="22.4631936405" lon="114.1628333322"><ele>152.000</ele></trkpt>
      <trkpt lat="22.4631977133" lon="114.1628341625"><ele>152.000</ele></trkpt>
      <trkpt lat="22.4632017780" lon="114.1628350774"><ele>152.000</ele></trkpt>
      <trkpt lat="22.4632058282" lon="114.1628360719"><ele>152.000</ele></trkpt>
      <trkpt lat="22.4632098577" lon="114.1628371315"><ele>152.000</ele></trkpt>
      <trkpt lat="22.4632138709" lon="114.1628382776"><ele>152.000</ele></trkpt>
      <trkpt lat="22.4632178688" lon="114.1628394907"><ele>152.000</ele></trkpt>
      <trkpt lat="22.4632218360" lon="114.1628407786"><ele>152.000</ele></trkpt>
      <trkpt lat="22.4632257869" lon="114.1628421443"><ele>152.000</ele></trkpt>
      <trkpt lat="22.4632297072" lon="114.1628435838"><ele>152.000</ele></trkpt>
      <trkpt lat="22.4632371187" lon="114.1628465027"><ele>152.000</ele></trkpt>
      <trkpt lat="22.4632417777" lon="114.1628484619"><ele>152.000</ele></trkpt>
      <trkpt lat="22.4632464132" lon="114.1628505115"><ele>154.000</ele></trkpt>
      <trkpt lat="22.4632510071" lon="114.1628526554"><ele>154.000</ele></trkpt>
      <trkpt lat="22.4632555794" lon="114.1628548779"><ele>154.000</ele></trkpt>
      <trkpt lat="22.4632600994" lon="114.1628571860"><ele>154.000</ele></trkpt>
      <trkpt lat="22.4632645868" lon="114.1628595805"><ele>154.000</ele></trkpt>
      <trkpt lat="22.4632690417" lon="114.1628620625"><ele>154.000</ele></trkpt>
      <trkpt lat="22.4632734488" lon="114.1628646193"><ele>154.000</ele></trkpt>
      <trkpt lat="22.4632778107" lon="114.1628672626"><ele>154.000</ele></trkpt>
      <trkpt lat="22.4632821365" lon="114.1628699933"><ele>154.000</ele></trkpt>
      <trkpt lat="22.4632872300" lon="114.1628733361"><ele>154.000</ele></trkpt>
      <trkpt lat="22.4633106696" lon="114.1628759599"><ele>154.000</ele></trkpt>
      <trkpt lat="22.4633201126" lon="114.1628744812"><ele>154.000</ele></trkpt>
      <trkpt lat="22.4633290427" lon="114.1628730802"><ele>154.000</ele></trkpt>
      <trkpt lat="22.4633379827" lon="114.1628716812"><ele>156.000</ele></trkpt>
      <trkpt lat="22.4633469155" lon="114.1628702802"><ele>156.000</ele></trkpt>
      <trkpt lat="22.4633558546" lon="114.1628688812"><ele>156.000</ele></trkpt>
      <trkpt lat="22.4633647847" lon="114.1628674802"><ele>156.000</ele></trkpt>
      <trkpt lat="22.4633737247" lon="114.1628660812"><ele>156.000</ele></trkpt>
      <trkpt lat="22.4633842251" lon="114.1628644333"><ele>156.000</ele></trkpt>
      <trkpt lat="22.4633943870" lon="114.1628640427"><ele>156.000</ele></trkpt>
      <trkpt lat="22.4634600354" lon="114.1628615012"><ele>158.000</ele></trkpt>
      <trkpt lat="22.4634688246" lon="114.1628600828"><ele>160.000</ele></trkpt>
      <trkpt lat="22.4634777736" lon="114.1628586342"><ele>160.000</ele></trkpt>
      <trkpt lat="22.4634911033" lon="114.1628573348"><ele>160.000</ele></trkpt>
      <trkpt lat="22.4634957774" lon="114.1628565774"><ele>160.000</ele></trkpt>
      <trkpt lat="22.4635047255" lon="114.1628551366"><ele>160.000</ele></trkpt>
      <trkpt lat="22.4635136773" lon="114.1628536881"><ele>160.000</ele></trkpt>
      <trkpt lat="22.4635207299" lon="114.1628525506"><ele>160.000</ele></trkpt>
      <trkpt lat="22.4635297249" lon="114.1628500624"><ele>160.000</ele></trkpt>
      <trkpt lat="22.4635384635" lon="114.1628476442"><ele>160.000</ele></trkpt>
      <trkpt lat="22.4635472138" lon="114.1628452328"><ele>160.000</ele></trkpt>
      <trkpt lat="22.4635559568" lon="114.1628428126"><ele>160.000</ele></trkpt>
      <trkpt lat="22.4635647062" lon="114.1628403934"><ele>162.000</ele></trkpt>
      <trkpt lat="22.4635734492" lon="114.1628379723"><ele>162.000</ele></trkpt>
      <trkpt lat="22.4635821995" lon="114.1628355512"><ele>162.000</ele></trkpt>
      <trkpt lat="22.4635909381" lon="114.1628331330"><ele>162.000</ele></trkpt>
      <trkpt lat="22.4635996902" lon="114.1628307225"><ele>162.000</ele></trkpt>
      <trkpt lat="22.4636041773" lon="114.1628294784"><ele>162.000</ele></trkpt>
      <trkpt lat="22.4636127191" lon="114.1628289325"><ele>162.000</ele></trkpt>
      <trkpt lat="22.4636217423" lon="114.1628283593"><ele>162.000</ele></trkpt>
      <trkpt lat="22.4636307555" lon="114.1628277735"><ele>162.000</ele></trkpt>
      <trkpt lat="22.4636397642" lon="114.1628272003"><ele>162.000</ele></trkpt>
      <trkpt lat="22.4636487783" lon="114.1628266252"><ele>164.000</ele></trkpt>
      <trkpt lat="22.4636578015" lon="114.1628260530"><ele>164.000</ele></trkpt>
      <trkpt lat="22.4636668120" lon="114.1628254691"><ele>164.000</ele></trkpt>
      <trkpt lat="22.4636758234" lon="114.1628248940"><ele>164.000</ele></trkpt>
      <trkpt lat="22.4636848349" lon="114.1628243208"><ele>164.000</ele></trkpt>
      <trkpt lat="22.4636938508" lon="114.1628237457"><ele>164.000</ele></trkpt>
      <trkpt lat="22.4637028712" lon="114.1628231628"><ele>164.000</ele></trkpt>
      <trkpt lat="22.4637118808" lon="114.1628225877"><ele>164.000</ele></trkpt>
      <trkpt lat="22.4637208941" lon="114.1628220145"><ele>164.000</ele></trkpt>
      <trkpt lat="22.4637308717" lon="114.1628213742"><ele>164.000</ele></trkpt>
      <trkpt lat="22.4637397008" lon="114.1628215919"><ele>166.000</ele></trkpt>
      <trkpt lat="22.4637487304" lon="114.1628218252"><ele>166.000</ele></trkpt>
      <trkpt lat="22.4637577536" lon="114.1628220477"><ele>166.000</ele></trkpt>
      <trkpt lat="22.4637646637" lon="114.1628222190"><ele>166.000</ele></trkpt>
      <trkpt lat="22.4637736310" lon="114.1628226534"><ele>166.000</ele></trkpt>
      <trkpt lat="22.4637826533" lon="114.1628230897"><ele>166.000</ele></trkpt>
      <trkpt lat="22.4637916747" lon="114.1628235270"><ele>166.000</ele></trkpt>
      <trkpt lat="22.4638006953" lon="114.1628239633"><ele>166.000</ele></trkpt>
      <trkpt lat="22.4638097203" lon="114.1628243977"><ele>166.000</ele></trkpt>
      <trkpt lat="22.4638187409" lon="114.1628248252"><ele>166.000</ele></trkpt>
      <trkpt lat="22.4638277587" lon="114.1628252615"><ele>166.000</ele></trkpt>
      <trkpt lat="22.4638367820" lon="114.1628256988"><ele>168.000</ele></trkpt>
      <trkpt lat="22.4638458025" lon="114.1628261351"><ele>168.000</ele></trkpt>
      <trkpt lat="22.4638567835" lon="114.1628266665"><ele>168.000</ele></trkpt>
      <trkpt lat="22.4638658068" lon="114.1628271038"><ele>168.000</ele></trkpt>
      <trkpt lat="22.4638748273" lon="114.1628275401"><ele>169.000</ele></trkpt>
      <trkpt lat="22.4638841883" lon="114.1628279870"><ele>169.000</ele></trkpt>
      <trkpt lat="22.4638922840" lon="114.1628267756"><ele>169.000</ele></trkpt>
      <trkpt lat="22.4639000049" lon="114.1628256274"><ele>169.000</ele></trkpt>
      <trkpt lat="22.4639083598" lon="114.1628243732"><ele>169.000</ele></trkpt>
      <trkpt lat="22.4639173061" lon="114.1628230421"><ele>169.000</ele></trkpt>
      <trkpt lat="22.4639262479" lon="114.1628217102"><ele>170.000</ele></trkpt>
      <trkpt lat="22.4639351970" lon="114.1628203684"><ele>170.000</ele></trkpt>
      <trkpt lat="22.4639441343" lon="114.1628190364"><ele>170.000</ele></trkpt>
      <trkpt lat="22.4639530851" lon="114.1628177054"><ele>170.000</ele></trkpt>
      <trkpt lat="22.4639620342" lon="114.1628163608"><ele>170.000</ele></trkpt>
      <trkpt lat="22.4639709760" lon="114.1628150298"><ele>172.000</ele></trkpt>
      <trkpt lat="22.4639799160" lon="114.1628136881"><ele>172.000</ele></trkpt>
      <trkpt lat="22.4639888000" lon="114.1628123668"><ele>172.000</ele></trkpt>
      <trkpt lat="22.4639939554" lon="114.1628117415"><ele>172.000</ele></trkpt>
      <trkpt lat="22.4639951538" lon="114.1628227253"><ele>172.000</ele></trkpt>
      <trkpt lat="22.4640085992" lon="114.1628224209"><ele>172.000</ele></trkpt>
      <trkpt lat="22.4640176332" lon="114.1628222159"><ele>174.000</ele></trkpt>
      <trkpt lat="22.4640266537" lon="114.1628220012"><ele>174.000</ele></trkpt>
      <trkpt lat="22.4640356814" lon="114.1628217963"><ele>174.000</ele></trkpt>
      <trkpt lat="22.4640447109" lon="114.1628215914"><ele>174.000</ele></trkpt>
      <trkpt lat="22.4640537459" lon="114.1628213864"><ele>174.000</ele></trkpt>
      <trkpt lat="22.4640627663" lon="114.1628211708"><ele>175.000</ele></trkpt>
      <trkpt lat="22.4640717941" lon="114.1628209668"><ele>175.000</ele></trkpt>
      <trkpt lat="22.4640808236" lon="114.1628207619"><ele>175.000</ele></trkpt>
      <trkpt lat="22.4640898585" lon="114.1628205569"><ele>175.000</ele></trkpt>
      <trkpt lat="22.4640988880" lon="114.1628203423"><ele>175.000</ele></trkpt>
      <trkpt lat="22.4641154498" lon="114.1628199646"><ele>176.000</ele></trkpt>
      <trkpt lat="22.4641141241" lon="114.1628089293"><ele>176.000</ele></trkpt>
      <trkpt lat="22.4641188957" lon="114.1628088365"><ele>176.000</ele></trkpt>
      <trkpt lat="22.4641279253" lon="114.1628086714"><ele>176.000</ele></trkpt>
      <trkpt lat="22.4641369557" lon="114.1628085033"><ele>176.000</ele></trkpt>
      <trkpt lat="22.4641459870" lon="114.1628083382"><ele>179.000</ele></trkpt>
      <trkpt lat="22.4641550192" lon="114.1628081634"><ele>179.000</ele></trkpt>
      <trkpt lat="22.4641640379" lon="114.1628079964"><ele>179.000</ele></trkpt>
      <trkpt lat="22.4641730701" lon="114.1628078312"><ele>179.000</ele></trkpt>
      <trkpt lat="22.4641821023" lon="114.1628076535"><ele>179.000</ele></trkpt>
      <trkpt lat="22.4641956814" lon="114.1628074034"><ele>182.000</ele></trkpt>
      <trkpt lat="22.4642009895" lon="114.1628075350"><ele>182.000</ele></trkpt>
      <trkpt lat="22.4642002852" lon="114.1628190981"><ele>182.000</ele></trkpt>
      <trkpt lat="22.4642140937" lon="114.1628202014"><ele>182.000</ele></trkpt>
      <trkpt lat="22.4642230981" lon="114.1628209195"><ele>182.000</ele></trkpt>
      <trkpt lat="22.4642321078" lon="114.1628216366"><ele>182.000</ele></trkpt>
      <trkpt lat="22.4642411121" lon="114.1628223644"><ele>183.000</ele></trkpt>
      <trkpt lat="22.4642501164" lon="114.1628230825"><ele>183.000</ele></trkpt>
      <trkpt lat="22.4642591207" lon="114.1628238006"><ele>183.000</ele></trkpt>
      <trkpt lat="22.4642681322" lon="114.1628245187"><ele>183.000</ele></trkpt>
      <trkpt lat="22.4642771365" lon="114.1628252368"><ele>183.000</ele></trkpt>
      <trkpt lat="22.4642861390" lon="114.1628259548"><ele>186.000</ele></trkpt>
      <trkpt lat="22.4642951433" lon="114.1628266729"><ele>186.000</ele></trkpt>
      <trkpt lat="22.4643130066" lon="114.1628281013"><ele>186.000</ele></trkpt>
      <trkpt lat="22.4643103079" lon="114.1628131030"><ele>186.000</ele></trkpt>
      <trkpt lat="22.4643149910" lon="114.1628126002"><ele>186.000</ele></trkpt>
      <trkpt lat="22.4643239771" lon="114.1628116383"><ele>186.000</ele></trkpt>
      <trkpt lat="22.4643689826" lon="114.1628068059"><ele>187.000</ele></trkpt>
      <trkpt lat="22.4644138336" lon="114.1628024214"><ele>190.000</ele></trkpt>
      <trkpt lat="22.4644215013" lon="114.1628016725"><ele>192.000</ele></trkpt>
      <trkpt lat="22.4644271950" lon="114.1628018458"><ele>192.000</ele></trkpt>
      <trkpt lat="22.4644268637" lon="114.1628133866"><ele>192.000</ele></trkpt>
      <trkpt lat="22.4644410369" lon="114.1628127390"><ele>192.000</ele></trkpt>
      <trkpt lat="22.4644500574" lon="114.1628123203"><ele>192.000</ele></trkpt>
      <trkpt lat="22.4644590805" lon="114.1628119114"><ele>192.000</ele></trkpt>
      <trkpt lat="22.4644681010" lon="114.1628114927"><ele>194.000</ele></trkpt>
      <trkpt lat="22.4644771215" lon="114.1628110837"><ele>194.000</ele></trkpt>
      <trkpt lat="22.4644861446" lon="114.1628106650"><ele>194.000</ele></trkpt>
      <trkpt lat="22.4644951624" lon="114.1628102560"><ele>194.000</ele></trkpt>
      <trkpt lat="22.4645041883" lon="114.1628098470"><ele>194.000</ele></trkpt>
      <trkpt lat="22.4645132087" lon="114.1628094283"><ele>196.000</ele></trkpt>
      <trkpt lat="22.4645222382" lon="114.1628090193"><ele>196.000</ele></trkpt>
      <trkpt lat="22.4645378960" lon="114.1628082968"><ele>196.000</ele></trkpt>
      <trkpt lat="22.4645365405" lon="114.1627965367"><ele>196.000</ele></trkpt>
      <trkpt lat="22.4645421628" lon="114.1627960066"><ele>196.000</ele></trkpt>
      <trkpt lat="22.4645510514" lon="114.1627957569"><ele>196.000</ele></trkpt>
      <trkpt lat="22.4645600719" lon="114.1627954927"><ele>198.000</ele></trkpt>
      <trkpt lat="22.4645690996" lon="114.1627952402"><ele>198.000</ele></trkpt>
      <trkpt lat="22.4645781291" lon="114.1627949857"><ele>198.000</ele></trkpt>
      <trkpt lat="22.4645871541" lon="114.1627947331"><ele>198.000</ele></trkpt>
      <trkpt lat="22.4645961845" lon="114.1627944689"><ele>198.000</ele></trkpt>
      <trkpt lat="22.4646052122" lon="114.1627942164"><ele>200.000</ele></trkpt>
      <trkpt lat="22.4646142345" lon="114.1627939619"><ele>200.000</ele></trkpt>
      <trkpt lat="22.4646287247" lon="114.1627935475"><ele>200.000</ele></trkpt>
      <trkpt lat="22.4646293001" lon="114.1627850012"><ele>200.000</ele></trkpt>
      <trkpt lat="22.4646354725" lon="114.1627869059"><ele>200.000</ele></trkpt>
      <trkpt lat="22.4646441510" lon="114.1627895788"><ele>202.000</ele></trkpt>
      <trkpt lat="22.4646528394" lon="114.1627922596"><ele>202.000</ele></trkpt>
      <trkpt lat="22.4646615179" lon="114.1627949297"><ele>202.000</ele></trkpt>
      <trkpt lat="22.4646701964" lon="114.1627976104"><ele>202.000</ele></trkpt>
      <trkpt lat="22.4646788848" lon="114.1628002805"><ele>202.000</ele></trkpt>
      <trkpt lat="22.4646875606" lon="114.1628029613"><ele>202.000</ele></trkpt>
      <trkpt lat="22.4646962399" lon="114.1628056342"><ele>202.000</ele></trkpt>
      <trkpt lat="22.4647049184" lon="114.1628083150"><ele>202.000</ele></trkpt>
      <trkpt lat="22.4647136059" lon="114.1628109851"><ele>202.000</ele></trkpt>
      <trkpt lat="22.4647222853" lon="114.1628136658"><ele>202.000</ele></trkpt>
      <trkpt lat="22.4647309638" lon="114.1628163359"><ele>202.000</ele></trkpt>
      <trkpt lat="22.4647396513" lon="114.1628190167"><ele>204.000</ele></trkpt>
      <trkpt lat="22.4647483307" lon="114.1628216896"><ele>204.000</ele></trkpt>
      <trkpt lat="22.4647592262" lon="114.1628250513"><ele>204.000</ele></trkpt>
      <trkpt lat="22.4647649201" lon="114.1628271649"><ele>204.000</ele></trkpt>
      <trkpt lat="22.4647594793" lon="114.1628385653"><ele>204.000</ele></trkpt>
      <trkpt lat="22.4647730173" lon="114.1628437970"><ele>204.000</ele></trkpt>
      <trkpt lat="22.4647815251" lon="114.1628470695"><ele>207.000</ele></trkpt>
      <trkpt lat="22.4647900240" lon="114.1628503517"><ele>207.000</ele></trkpt>
      <trkpt lat="22.4647985219" lon="114.1628536262"><ele>207.000</ele></trkpt>
      <trkpt lat="22.4648070270" lon="114.1628569093"><ele>207.000</ele></trkpt>
      <trkpt lat="22.4648141523" lon="114.1628596563"><ele>207.000</ele></trkpt>
      <trkpt lat="22.4648232828" lon="114.1628686126"><ele>208.000</ele></trkpt>
      <trkpt lat="22.4648299569" lon="114.1628751587"><ele>208.000</ele></trkpt>
      <trkpt lat="22.4648366318" lon="114.1628817095"><ele>210.000</ele></trkpt>
      <trkpt lat="22.4648433068" lon="114.1628882478"><ele>210.000</ele></trkpt>
      <trkpt lat="22.4648499790" lon="114.1628947938"><ele>210.000</ele></trkpt>
      <trkpt lat="22.4648566540" lon="114.1629013427"><ele>210.000</ele></trkpt>
      <trkpt lat="22.4648633290" lon="114.1629078907"><ele>210.000</ele></trkpt>
      <trkpt lat="22.4648700030" lon="114.1629144289"><ele>210.000</ele></trkpt>
      <trkpt lat="22.4648766735" lon="114.1629209750"><ele>210.000</ele></trkpt>
      <trkpt lat="22.4648833385" lon="114.1629275239"><ele>212.000</ele></trkpt>
      <trkpt lat="22.4648900134" lon="114.1629340719"><ele>212.000</ele></trkpt>
      <trkpt lat="22.4648966902" lon="114.1629406198"><ele>212.000</ele></trkpt>
      <trkpt lat="22.4649033624" lon="114.1629471591"><ele>212.000</ele></trkpt>
      <trkpt lat="22.4649111130" lon="114.1629547592"><ele>212.000</ele></trkpt>
      <trkpt lat="22.4649445349" lon="114.1629889836"><ele>212.000</ele></trkpt>
      <trkpt lat="22.4649423669" lon="114.1630230678"><ele>212.000</ele></trkpt>
      <trkpt lat="22.4649384992" lon="114.1630768690"><ele>208.000</ele></trkpt>
      <trkpt lat="22.4649181791" lon="114.1632164570"><ele>206.000</ele></trkpt>
      <trkpt lat="22.4648753944" lon="114.1633746913"><ele>199.000</ele></trkpt>
      <trkpt lat="22.4648560816" lon="114.1634356993"><ele>200.000</ele></trkpt>
      <trkpt lat="22.4648074689" lon="114.1636213868"><ele>200.000</ele></trkpt>
      <trkpt lat="22.4647921152" lon="114.1636966022"><ele>200.000</ele></trkpt>
      <trkpt lat="22.4647972429" lon="114.1638908452"><ele>202.000</ele></trkpt>
      <trkpt lat="22.4648003753" lon="114.1640095054"><ele>206.000</ele></trkpt>
      <trkpt lat="22.4647825873" lon="114.1642028819"><ele>209.000</ele></trkpt>
      <trkpt lat="22.4647820700" lon="114.1642085046"><ele>209.000</ele></trkpt>
      <trkpt lat="22.4647627154" lon="114.1643279547"><ele>212.000</ele></trkpt>
      <trkpt lat="22.4647778950" lon="114.1644852486"><ele>215.000</ele></trkpt>
      <trkpt lat="22.4647753211" lon="114.1645887210"><ele>218.000</ele></trkpt>
      <trkpt lat="22.4647737152" lon="114.1646925441"><ele>218.000</ele></trkpt>
      <trkpt lat="22.4648063187" lon="114.1647890713"><ele>220.000</ele></trkpt>
      <trkpt lat="22.4648666763" lon="114.1648977491"><ele>222.000</ele></trkpt>
      <trkpt lat="22.4649328452" lon="114.1650359381"><ele>224.000</ele></trkpt>
      <trkpt lat="22.4649667383" lon="114.1651362867"><ele>224.000</ele></trkpt>
      <trkpt lat="22.4650022458" lon="114.1652335077"><ele>225.000</ele></trkpt>
      <trkpt lat="22.4650760260" lon="114.1653945573"><ele>227.000</ele></trkpt>
      <trkpt lat="22.4651297428" lon="114.1655248213"><ele>230.000</ele></trkpt>
      <trkpt lat="22.4652048498" lon="114.1657015436"><ele>232.000</ele></trkpt>
      <trkpt lat="22.4652314176" lon="114.1657640563"><ele>234.000</ele></trkpt>
      <trkpt lat="22.4652562747" lon="114.1658279435"><ele>234.000</ele></trkpt>
      <trkpt lat="22.4653383863" lon="114.1660010214"><ele>240.000</ele></trkpt>
      <trkpt lat="22.4653676303" lon="114.1660626632"><ele>243.000</ele></trkpt>
      <trkpt lat="22.4653873189" lon="114.1661102317"><ele>246.000</ele></trkpt>
      <trkpt lat="22.4654521944" lon="114.1662189101"><ele>248.000</ele></trkpt>
      <trkpt lat="22.4655164248" lon="114.1663505071"><ele>256.000</ele></trkpt>
      <trkpt lat="22.4655390227" lon="114.1664515481"><ele>258.000</ele></trkpt>
      <trkpt lat="22.4655464504" lon="114.1665234264"><ele>260.000</ele></trkpt>
      <trkpt lat="22.4655603291" lon="114.1665491197"><ele>260.000</ele></trkpt>
      <trkpt lat="22.4655968006" lon="114.1665959934"><ele>262.000</ele></trkpt>
      <trkpt lat="22.4656545708" lon="114.1666366142"><ele>265.000</ele></trkpt>
      <trkpt lat="22.4657862463" lon="114.1666956340"><ele>270.000</ele></trkpt>
      <trkpt lat="22.4658546658" lon="114.1667168111"><ele>272.000</ele></trkpt>
      <trkpt lat="22.4659418051" lon="114.1667758343"><ele>274.000</ele></trkpt>
      <trkpt lat="22.4661036659" lon="114.1668620470"><ele>282.000</ele></trkpt>
      <trkpt lat="22.4662070963" lon="114.1669171377"><ele>286.000</ele></trkpt>
      <trkpt lat="22.4663461904" lon="114.1669643454"><ele>290.000</ele></trkpt>
      <trkpt lat="22.4663526172" lon="114.1669615341"><ele>290.000</ele></trkpt>
      <trkpt lat="22.4663585681" lon="114.1669602230"><ele>288.000</ele></trkpt>
      <trkpt lat="22.4663640857" lon="114.1669590090"><ele>287.000</ele></trkpt>
      <trkpt lat="22.4663776213" lon="114.1669579480"><ele>287.000</ele></trkpt>
      <trkpt lat="22.4664015161" lon="114.1669622797"><ele>288.000</ele></trkpt>
      <trkpt lat="22.4664233794" lon="114.1669730437"><ele>286.000</ele></trkpt>
      <trkpt lat="22.4664390217" lon="114.1669833320"><ele>286.000</ele></trkpt>
      <trkpt lat="22.4664452430" lon="114.1669877515"><ele>286.000</ele></trkpt>
      <trkpt lat="22.4664567120" lon="114.1669941935"><ele>284.000</ele></trkpt>
      <trkpt lat="22.4664856546" lon="114.1670087074"><ele>283.000</ele></trkpt>
      <trkpt lat="22.4665003303" lon="114.1670154193"><ele>281.000</ele></trkpt>
      <trkpt lat="22.4665548668" lon="114.1670430298"><ele>280.000</ele></trkpt>
      <trkpt lat="22.4665764129" lon="114.1670502571"><ele>280.000</ele></trkpt>
      <trkpt lat="22.4665945194" lon="114.1670577276"><ele>278.000</ele></trkpt>
      <trkpt lat="22.4666043727" lon="114.1670622071"><ele>278.000</ele></trkpt>
      <trkpt lat="22.4666153731" lon="114.1670681711"><ele>278.000</ele></trkpt>
      <trkpt lat="22.4666261919" lon="114.1670735424"><ele>278.000</ele></trkpt>
      <trkpt lat="22.4666449387" lon="114.1670828511"><ele>276.000</ele></trkpt>
      <trkpt lat="22.4666534096" lon="114.1670885539"><ele>276.000</ele></trkpt>
      <trkpt lat="22.4666660075" lon="114.1670957615"><ele>276.000</ele></trkpt>
      <trkpt lat="22.4666909776" lon="114.1671119081"><ele>276.000</ele></trkpt>
      <trkpt lat="22.4667081804" lon="114.1671251316"><ele>276.000</ele></trkpt>
      <trkpt lat="22.4667106748" lon="114.1671270445"><ele>276.000</ele></trkpt>
      <trkpt lat="22.4667344695" lon="114.1671496029"><ele>276.000</ele></trkpt>
      <trkpt lat="22.4667495802" lon="114.1671657123"><ele>278.000</ele></trkpt>
      <trkpt lat="22.4667786506" lon="114.1671902728"><ele>278.000</ele></trkpt>
      <trkpt lat="22.4668056869" lon="114.1672064183"><ele>278.000</ele></trkpt>
      <trkpt lat="22.4668159918" lon="114.1672116372"><ele>278.000</ele></trkpt>
      <trkpt lat="22.4668357066" lon="114.1672188637"><ele>278.000</ele></trkpt>
      <trkpt lat="22.4668737688" lon="114.1672315883"><ele>279.000</ele></trkpt>
      <trkpt lat="22.4668900348" lon="114.1672390493"><ele>279.000</ele></trkpt>
      <trkpt lat="22.4668969154" lon="114.1672427798"><ele>279.000</ele></trkpt>
      <trkpt lat="22.4669118149" lon="114.1672470248"><ele>279.000</ele></trkpt>
      <trkpt lat="22.4669207570" lon="114.1672487828"><ele>279.000</ele></trkpt>
      <trkpt lat="22.4669319990" lon="114.1672493174"><ele>279.000</ele></trkpt>
      <trkpt lat="22.4669404975" lon="114.1672488514"><ele>279.000</ele></trkpt>
      <trkpt lat="22.4669496795" lon="114.1672473933"><ele>279.000</ele></trkpt>
      <trkpt lat="22.4669572488" lon="114.1672471684"><ele>279.000</ele></trkpt>
      <trkpt lat="22.4669767440" lon="114.1672519280"><ele>280.000</ele></trkpt>
      <trkpt lat="22.4669868240" lon="114.1672556680"><ele>280.000</ele></trkpt>
      <trkpt lat="22.4670056168" lon="114.1672646163"><ele>280.000</ele></trkpt>
      <trkpt lat="22.4670358697" lon="114.1672802846"><ele>280.000</ele></trkpt>
      <trkpt lat="22.4670441228" lon="114.1672827820"><ele>280.000</ele></trkpt>
      <trkpt lat="22.4670624629" lon="114.1672872901"><ele>280.000</ele></trkpt>
      <trkpt lat="22.4670718745" lon="114.1672878141"><ele>280.000</ele></trkpt>
      <trkpt lat="22.4671120318" lon="114.1672867018"><ele>282.000</ele></trkpt>
      <trkpt lat="22.4671303810" lon="114.1672902178"><ele>282.000</ele></trkpt>
      <trkpt lat="22.4671402343" lon="114.1672944456"><ele>282.000</ele></trkpt>
      <trkpt lat="22.4671583319" lon="114.1673046347"><ele>282.000</ele></trkpt>
      <trkpt lat="22.4671773603" lon="114.1673106284"><ele>283.000</ele></trkpt>
      <trkpt lat="22.4671874653" lon="114.1673101623"><ele>283.000</ele></trkpt>
      <trkpt lat="22.4671973247" lon="114.1673104434"><ele>283.000</ele></trkpt>
      <trkpt lat="22.4672069603" lon="114.1673112113"><ele>283.000</ele></trkpt>
      <trkpt lat="22.4672159023" lon="114.1673134638"><ele>285.000</ele></trkpt>
      <trkpt lat="22.4672452510" lon="114.1673246744"><ele>285.000</ele></trkpt>
      <trkpt lat="22.4672539574" lon="114.1673274225"><ele>285.000</ele></trkpt>
      <trkpt lat="22.4672812282" lon="114.1673393726"><ele>286.000</ele></trkpt>
      <trkpt lat="22.4672920035" lon="114.1673436081"><ele>286.000</ele></trkpt>
      <trkpt lat="22.4673126278" lon="114.1673538000"><ele>287.000</ele></trkpt>
      <trkpt lat="22.4673206383" lon="114.1673619796"><ele>287.000</ele></trkpt>
      <trkpt lat="22.4673254339" lon="114.1673691605"><ele>287.000</ele></trkpt>
      <trkpt lat="22.4673304554" lon="114.1673795546"><ele>287.000</ele></trkpt>
      <trkpt lat="22.4673363998" lon="114.1673884747"><ele>287.000</ele></trkpt>
      <trkpt lat="22.4673469191" lon="114.1674001247"><ele>287.000</ele></trkpt>
      <trkpt lat="22.4673492147" lon="114.1674016092"><ele>287.000</ele></trkpt>
      <trkpt lat="22.4673579185" lon="114.1674060888"><ele>288.000</ele></trkpt>
      <trkpt lat="22.4673673211" lon="114.1674083413"><ele>288.000</ele></trkpt>
      <trkpt lat="22.4673783276" lon="114.1674123252"><ele>288.000</ele></trkpt>
      <trkpt lat="22.4673909361" lon="114.1674158319"><ele>288.000</ele></trkpt>
      <trkpt lat="22.4674145495" lon="114.1674257895"><ele>288.000</ele></trkpt>
      <trkpt lat="22.4674344891" lon="114.1674332599"><ele>288.000</ele></trkpt>
      <trkpt lat="22.4674434313" lon="114.1674374956"><ele>286.000</ele></trkpt>
      <trkpt lat="22.4674541959" lon="114.1674434616"><ele>286.000</ele></trkpt>
      <trkpt lat="22.4674757333" lon="114.1674561282"><ele>286.000</ele></trkpt>
      <trkpt lat="22.4674819104" lon="114.1674605983"><ele>286.000</ele></trkpt>
      <trkpt lat="22.4674915282" lon="114.1674680393"><ele>286.000</ele></trkpt>
      <trkpt lat="22.4675137361" lon="114.1674873848"><ele>286.000</ele></trkpt>
      <trkpt lat="22.4675219714" lon="114.1674958063"><ele>285.000</ele></trkpt>
      <trkpt lat="22.4675386708" lon="114.1675166194"><ele>284.000</ele></trkpt>
      <trkpt lat="22.4675482789" lon="114.1675275281"><ele>284.000</ele></trkpt>
      <trkpt lat="22.4675608670" lon="114.1675381880"><ele>284.000</ele></trkpt>
      <trkpt lat="22.4675775840" lon="114.1675506042"><ele>284.000</ele></trkpt>
      <trkpt lat="22.4676204347" lon="114.1675734725"><ele>284.000</ele></trkpt>
      <trkpt lat="22.4676254747" lon="114.1675764443"><ele>282.000</ele></trkpt>
      <trkpt lat="22.4676341696" lon="114.1675829061"><ele>282.000</ele></trkpt>
      <trkpt lat="22.4676433269" lon="114.1675915811"><ele>284.000</ele></trkpt>
      <trkpt lat="22.4676613528" lon="114.1676118101"><ele>284.000</ele></trkpt>
      <trkpt lat="22.4676819569" lon="114.1676319865"><ele>284.000</ele></trkpt>
      <trkpt lat="22.4677470702" lon="114.1676523058"><ele>284.000</ele></trkpt>
      <trkpt lat="22.4678141570" lon="114.1676802074"><ele>286.000</ele></trkpt>
      <trkpt lat="22.4678960001" lon="114.1677331412"><ele>286.000</ele></trkpt>
      <trkpt lat="22.4679924350" lon="114.1678270953"><ele>289.000</ele></trkpt>
      <trkpt lat="22.4679984640" lon="114.1678326711"><ele>289.000</ele></trkpt>
      <trkpt lat="22.4680047405" lon="114.1678384635"><ele>290.000</ele></trkpt>
      <trkpt lat="22.4681354696" lon="114.1679536777"><ele>290.000</ele></trkpt>
      <trkpt lat="22.4682405174" lon="114.1680773858"><ele>290.000</ele></trkpt>
      <trkpt lat="22.4682584379" lon="114.1681199062"><ele>291.000</ele></trkpt>
      <trkpt lat="22.4682638322" lon="114.1681282988"><ele>294.000</ele></trkpt>
      <trkpt lat="22.4682689718" lon="114.1681362969"><ele>294.000</ele></trkpt>
      <trkpt lat="22.4682741205" lon="114.1681442960"><ele>294.000</ele></trkpt>
      <trkpt lat="22.4682792665" lon="114.1681522874"><ele>294.000</ele></trkpt>
      <trkpt lat="22.4682844061" lon="114.1681602943"><ele>294.000</ele></trkpt>
      <trkpt lat="22.4682912175" lon="114.1681708827"><ele>294.000</ele></trkpt>
      <trkpt lat="22.4682989460" lon="114.1681773620"><ele>294.000</ele></trkpt>
      <trkpt lat="22.4683060623" lon="114.1681833361"><ele>294.000</ele></trkpt>
      <trkpt lat="22.4683131877" lon="114.1681893131"><ele>294.000</ele></trkpt>
      <trkpt lat="22.4683203031" lon="114.1681952873"><ele>294.000</ele></trkpt>
      <trkpt lat="22.4683274266" lon="114.1682012614"><ele>294.000</ele></trkpt>
      <trkpt lat="22.4683319763" lon="114.1682050864"><ele>294.000</ele></trkpt>
      <trkpt lat="22.4683410991" lon="114.1682088616"><ele>294.000</ele></trkpt>
      <trkpt lat="22.4683495346" lon="114.1682123492"><ele>295.000</ele></trkpt>
      <trkpt lat="22.4683579565" lon="114.1682158359"><ele>295.000</ele></trkpt>
      <trkpt lat="22.4683663830" lon="114.1682193352"><ele>295.000</ele></trkpt>
      <trkpt lat="22.4683748104" lon="114.1682228219"><ele>296.000</ele></trkpt>
      <trkpt lat="22.4683832459" lon="114.1682263105"><ele>296.000</ele></trkpt>
      <trkpt lat="22.4683983885" lon="114.1682325785"><ele>296.000</ele></trkpt>
      <trkpt lat="22.4684051832" lon="114.1682378608"><ele>296.000</ele></trkpt>
      <trkpt lat="22.4684125000" lon="114.1682435541"><ele>296.000</ele></trkpt>
      <trkpt lat="22.4684198240" lon="114.1682492397"><ele>296.000</ele></trkpt>
      <trkpt lat="22.4684271371" lon="114.1682549301"><ele>296.000</ele></trkpt>
      <trkpt lat="22.4684344629" lon="114.1682606263"><ele>296.000</ele></trkpt>
      <trkpt lat="22.4684417363" lon="114.1682662769"><ele>296.000</ele></trkpt>
      <trkpt lat="22.4684505512" lon="114.1682722985"><ele>298.000</ele></trkpt>
      <trkpt lat="22.4684581714" lon="114.1682775060"><ele>298.000</ele></trkpt>
      <trkpt lat="22.4684657934" lon="114.1682827241"><ele>298.000</ele></trkpt>
      <trkpt lat="22.4684734270" lon="114.1682879326"><ele>298.000</ele></trkpt>
      <trkpt lat="22.4684810472" lon="114.1682931381"><ele>298.000</ele></trkpt>
      <trkpt lat="22.4684886701" lon="114.1682983466"><ele>298.000</ele></trkpt>
      <trkpt lat="22.4684957276" lon="114.1683031693"><ele>298.000</ele></trkpt>
      <trkpt lat="22.4685013647" lon="114.1683098169"><ele>298.000</ele></trkpt>
      <trkpt lat="22.4685074543" lon="114.1683169901"><ele>298.000</ele></trkpt>
      <trkpt lat="22.4685135485" lon="114.1683241710"><ele>300.000</ele></trkpt>
      <trkpt lat="22.4685196353" lon="114.1683313394"><ele>300.000</ele></trkpt>
      <trkpt lat="22.4685257204" lon="114.1683385203"><ele>300.000</ele></trkpt>
      <trkpt lat="22.4685338908" lon="114.1683481410"><ele>300.000</ele></trkpt>
      <trkpt lat="22.4685421394" lon="114.1683536720"><ele>300.000</ele></trkpt>
      <trkpt lat="22.4685497966" lon="114.1683588105"><ele>300.000</ele></trkpt>
      <trkpt lat="22.4685574655" lon="114.1683639596"><ele>300.000</ele></trkpt>
      <trkpt lat="22.4685651245" lon="114.1683691001"><ele>300.000</ele></trkpt>
      <trkpt lat="22.4685724295" lon="114.1683739976"><ele>302.000</ele></trkpt>
      <trkpt lat="22.4685800866" lon="114.1683791361"><ele>302.000</ele></trkpt>
      <trkpt lat="22.4685862754" lon="114.1683832866"><ele>302.000</ele></trkpt>
      <trkpt lat="22.4685957981" lon="114.1683858433"><ele>302.000</ele></trkpt>
      <trkpt lat="22.4686045596" lon="114.1683882029"><ele>302.000</ele></trkpt>
      <trkpt lat="22.4686133282" lon="114.1683905557"><ele>302.000</ele></trkpt>
      <trkpt lat="22.4686256965" lon="114.1683938779"><ele>302.000</ele></trkpt>
      <trkpt lat="22.4686336263" lon="114.1683975444"><ele>302.000</ele></trkpt>
      <trkpt lat="22.4686419264" lon="114.1684013721"><ele>302.000</ele></trkpt>
      <trkpt lat="22.4686502210" lon="114.1684052086"><ele>302.000</ele></trkpt>
      <trkpt lat="22.4686585139" lon="114.1684090470"><ele>302.000</ele></trkpt>
      <trkpt lat="22.4686668130" lon="114.1684128747"><ele>302.000</ele></trkpt>
      <trkpt lat="22.4686751149" lon="114.1684167141"><ele>303.000</ele></trkpt>
      <trkpt lat="22.4686814210" lon="114.1684196189"><ele>303.000</ele></trkpt>
      <trkpt lat="22.4687597859" lon="114.1684495804"><ele>302.000</ele></trkpt>
      <trkpt lat="22.4687687948" lon="114.1684519652"><ele>302.000</ele></trkpt>
      <trkpt lat="22.4687775635" lon="114.1684542975"><ele>302.000</ele></trkpt>
      <trkpt lat="22.4687863348" lon="114.1684566202"><ele>302.000</ele></trkpt>
      <trkpt lat="22.4687951008" lon="114.1684589399"><ele>302.000</ele></trkpt>
      <trkpt lat="22.4688019766" lon="114.1684607681"><ele>300.000</ele></trkpt>
      <trkpt lat="22.4688088933" lon="114.1684655161"><ele>301.000</ele></trkpt>
      <trkpt lat="22.4688164972" lon="114.1684707537"><ele>301.000</ele></trkpt>
      <trkpt lat="22.4688241128" lon="114.1684759826"><ele>301.000</ele></trkpt>
      <trkpt lat="22.4688317230" lon="114.1684812173"><ele>301.000</ele></trkpt>
      <trkpt lat="22.4688393296" lon="114.1684864462"><ele>301.000</ele></trkpt>
      <trkpt lat="22.4688469426" lon="114.1684916712"><ele>300.000</ele></trkpt>
      <trkpt lat="22.4688545555" lon="114.1684969088"><ele>300.000</ele></trkpt>
      <trkpt lat="22.4688621666" lon="114.1685021348"><ele>300.000</ele></trkpt>
      <trkpt lat="22.4688697696" lon="114.1685073705"><ele>300.000</ele></trkpt>
      <trkpt lat="22.4688773852" lon="114.1685126003"><ele>300.000</ele></trkpt>
      <trkpt lat="22.4688849963" lon="114.1685178263"><ele>298.000</ele></trkpt>
      <trkpt lat="22.4688925993" lon="114.1685230620"><ele>298.000</ele></trkpt>
      <trkpt lat="22.4689028131" lon="114.1685300785"><ele>298.000</ele></trkpt>
      <trkpt lat="22.4689071686" lon="114.1685319554"><ele>298.000</ele></trkpt>
      <trkpt lat="22.4689116469" lon="114.1685338732"><ele>298.000</ele></trkpt>
      <trkpt lat="22.4689321392" lon="114.1685426876"><ele>296.000</ele></trkpt>
      <trkpt lat="22.4689366337" lon="114.1685447589"><ele>296.000</ele></trkpt>
      <trkpt lat="22.4689449356" lon="114.1685485895"><ele>296.000</ele></trkpt>
      <trkpt lat="22.4689532438" lon="114.1685524066"><ele>296.000</ele></trkpt>
      <trkpt lat="22.4689615411" lon="114.1685562343"><ele>296.000</ele></trkpt>
      <trkpt lat="22.4689728872" lon="114.1685614572"><ele>296.000</ele></trkpt>
      <trkpt lat="22.4689793659" lon="114.1685671010"><ele>294.000</ele></trkpt>
      <trkpt lat="22.4689863919" lon="114.1685732112"><ele>294.000</ele></trkpt>
      <trkpt lat="22.4689934080" lon="114.1685793234"><ele>294.000</ele></trkpt>
      <trkpt lat="22.4690004340" lon="114.1685854345"><ele>294.000</ele></trkpt>
      <trkpt lat="22.4690074509" lon="114.1685915447"><ele>294.000</ele></trkpt>
      <trkpt lat="22.4690144787" lon="114.1685976559"><ele>294.000</ele></trkpt>
      <trkpt lat="22.4690214957" lon="114.1686037671"><ele>294.000</ele></trkpt>
      <trkpt lat="22.4690293832" lon="114.1686106293"><ele>294.000</ele></trkpt>
      <trkpt lat="22.4691360183" lon="114.1686851407"><ele>294.000</ele></trkpt>
      <trkpt lat="22.4691440312" lon="114.1686899858"><ele>294.000</ele></trkpt>
      <trkpt lat="22.4691518960" lon="114.1686947435"><ele>294.000</ele></trkpt>
      <trkpt lat="22.4691597726" lon="114.1686995166"><ele>295.000</ele></trkpt>
      <trkpt lat="22.4691676474" lon="114.1687042762"><ele>295.000</ele></trkpt>
      <trkpt lat="22.4691755122" lon="114.1687090368"><ele>296.000</ele></trkpt>
      <trkpt lat="22.4691833888" lon="114.1687137974"><ele>296.000</ele></trkpt>
      <trkpt lat="22.4691912509" lon="114.1687185579"><ele>296.000</ele></trkpt>
      <trkpt lat="22.4691991275" lon="114.1687233282"><ele>296.000</ele></trkpt>
      <trkpt lat="22.4692070041" lon="114.1687280888"><ele>298.000</ele></trkpt>
      <trkpt lat="22.4692148689" lon="114.1687328493"><ele>298.000</ele></trkpt>
      <trkpt lat="22.4692227437" lon="114.1687376099"><ele>298.000</ele></trkpt>
      <trkpt lat="22.4692306086" lon="114.1687423695"><ele>298.000</ele></trkpt>
      <trkpt lat="22.4692384824" lon="114.1687471398"><ele>298.000</ele></trkpt>
      <trkpt lat="22.4692463590" lon="114.1687519003"><ele>298.000</ele></trkpt>
      <trkpt lat="22.4692542238" lon="114.1687566609"><ele>300.000</ele></trkpt>
      <trkpt lat="22.4692621004" lon="114.1687614215"><ele>300.000</ele></trkpt>
      <trkpt lat="22.4692699634" lon="114.1687661820"><ele>300.000</ele></trkpt>
      <trkpt lat="22.4692778400" lon="114.1687709523"><ele>300.000</ele></trkpt>
      <trkpt lat="22.4692857139" lon="114.1687757148"><ele>300.000</ele></trkpt>
      <trkpt lat="22.4692935814" lon="114.1687804754"><ele>302.000</ele></trkpt>
      <trkpt lat="22.4693014571" lon="114.1687852360"><ele>302.000</ele></trkpt>
      <trkpt lat="22.4693093274" lon="114.1687899936"><ele>302.000</ele></trkpt>
      <trkpt lat="22.4693171940" lon="114.1687947639"><ele>302.000</ele></trkpt>
      <trkpt lat="22.4693250706" lon="114.1687995274"><ele>302.000</ele></trkpt>
      <trkpt lat="22.4693329354" lon="114.1688042880"><ele>302.000</ele></trkpt>
      <trkpt lat="22.4693386735" lon="114.1688077574"><ele>304.000</ele></trkpt>
      <trkpt lat="22.4693486007" lon="114.1688091122"><ele>304.000</ele></trkpt>
      <trkpt lat="22.4693575617" lon="114.1688103350"><ele>304.000</ele></trkpt>
      <trkpt lat="22.4693711038" lon="114.1688121803"><ele>304.000</ele></trkpt>
      <trkpt lat="22.4693807717" lon="114.1688095981"><ele>304.000</ele></trkpt>
      <trkpt lat="22.4693895401" lon="114.1688072540"><ele>307.000</ele></trkpt>
      <trkpt lat="22.4693982995" lon="114.1688049129"><ele>305.000</ele></trkpt>
      <trkpt lat="22.4694070652" lon="114.1688025697"><ele>305.000</ele></trkpt>
      <trkpt lat="22.4694158364" lon="114.1688002286"><ele>305.000</ele></trkpt>
      <trkpt lat="22.4694233866" lon="114.1687982081"><ele>305.000</ele></trkpt>
      <trkpt lat="22.4694308260" lon="114.1688004162"><ele>305.000</ele></trkpt>
      <trkpt lat="22.4694397265" lon="114.1688030576"><ele>305.000</ele></trkpt>
      <trkpt lat="22.4694487774" lon="114.1688146856"><ele>308.000</ele></trkpt>
      <trkpt lat="22.4694545852" lon="114.1688221377"><ele>308.000</ele></trkpt>
      <trkpt lat="22.4694603813" lon="114.1688295899"><ele>308.000</ele></trkpt>
      <trkpt lat="22.4694661891" lon="114.1688370410"><ele>308.000</ele></trkpt>
      <trkpt lat="22.4694754369" lon="114.1688489256"><ele>308.000</ele></trkpt>
      <trkpt lat="22.4694841849" lon="114.1688540738"><ele>310.000</ele></trkpt>
      <trkpt lat="22.4695093706" lon="114.1688689171"><ele>310.000</ele></trkpt>
      <trkpt lat="22.4695820332" lon="114.1688906854"><ele>309.000</ele></trkpt>
      <trkpt lat="22.4697424276" lon="114.1689800167"><ele>310.000</ele></trkpt>
      <trkpt lat="22.4698802459" lon="114.1690567745"><ele>312.000</ele></trkpt>
      <trkpt lat="22.4699960395" lon="114.1690777691"><ele>312.000</ele></trkpt>
      <trkpt lat="22.4701758972" lon="114.1690600672"><ele>313.000</ele></trkpt>
      <trkpt lat="22.4702444076" lon="114.1690533242"><ele>311.000</ele></trkpt>
      <trkpt lat="22.4702534976" lon="114.1690516350"><ele>311.000</ele></trkpt>
      <trkpt lat="22.4702624024" lon="114.1690499827"><ele>311.000</ele></trkpt>
      <trkpt lat="22.4702712964" lon="114.1690483304"><ele>311.000</ele></trkpt>
      <trkpt lat="22.4702802012" lon="114.1690466781"><ele>312.000</ele></trkpt>
      <trkpt lat="22.4702890988" lon="114.1690450239"><ele>311.000</ele></trkpt>
      <trkpt lat="22.4702980018" lon="114.1690433619"><ele>311.000</ele></trkpt>
      <trkpt lat="22.4703068949" lon="114.1690417115"><ele>311.000</ele></trkpt>
      <trkpt lat="22.4703157907" lon="114.1690400602"><ele>311.000</ele></trkpt>
      <trkpt lat="22.4703246928" lon="114.1690384050"><ele>311.000</ele></trkpt>
      <trkpt lat="22.4703335895" lon="114.1690367527"><ele>310.000</ele></trkpt>
      <trkpt lat="22.4703424916" lon="114.1690351014"><ele>310.000</ele></trkpt>
      <trkpt lat="22.4703513874" lon="114.1690334491"><ele>310.000</ele></trkpt>
      <trkpt lat="22.4703602922" lon="114.1690317968"><ele>310.000</ele></trkpt>
      <trkpt lat="22.4703691853" lon="114.1690301445"><ele>310.000</ele></trkpt>
      <trkpt lat="22.4703780811" lon="114.1690284922"><ele>308.000</ele></trkpt>
      <trkpt lat="22.4703869859" lon="114.1690268399"><ele>308.000</ele></trkpt>
      <trkpt lat="22.4703958817" lon="114.1690251779"><ele>308.000</ele></trkpt>
      <trkpt lat="22.4704047847" lon="114.1690235256"><ele>308.000</ele></trkpt>
      <trkpt lat="22.4704136778" lon="114.1690218733"><ele>308.000</ele></trkpt>
      <trkpt lat="22.4704225826" lon="114.1690202220"><ele>306.000</ele></trkpt>
      <trkpt lat="22.4704314784" lon="114.1690185697"><ele>306.000</ele></trkpt>
      <trkpt lat="22.4704403715" lon="114.1690169174"><ele>306.000</ele></trkpt>
      <trkpt lat="22.4704492772" lon="114.1690152651"><ele>306.000</ele></trkpt>
      <trkpt lat="22.4704581703" lon="114.1690136128"><ele>306.000</ele></trkpt>
      <trkpt lat="22.4704670752" lon="114.1690119614"><ele>304.000</ele></trkpt>
      <trkpt lat="22.4704759728" lon="114.1690103062"><ele>304.000</ele></trkpt>
      <trkpt lat="22.4704848758" lon="114.1690086442"><ele>304.000</ele></trkpt>
      <trkpt lat="22.4704937689" lon="114.1690069919"><ele>304.000</ele></trkpt>
      <trkpt lat="22.4705026628" lon="114.1690053396"><ele>304.000</ele></trkpt>
      <trkpt lat="22.4705115677" lon="114.1690036883"><ele>304.000</ele></trkpt>
      <trkpt lat="22.4705204635" lon="114.1690020360"><ele>302.000</ele></trkpt>
      <trkpt lat="22.4705293656" lon="114.1690003837"><ele>302.000</ele></trkpt>
      <trkpt lat="22.4705382614" lon="114.1689987314"><ele>303.000</ele></trkpt>
      <trkpt lat="22.4705471635" lon="114.1689970791"><ele>303.000</ele></trkpt>
      <trkpt lat="22.4705560602" lon="114.1689954268"><ele>303.000</ele></trkpt>
      <trkpt lat="22.4705649551" lon="114.1689937755"><ele>302.000</ele></trkpt>
      <trkpt lat="22.4705779732" lon="114.1689913514"><ele>302.000</ele></trkpt>
      <trkpt lat="22.4706788630" lon="114.1689744741"><ele>301.000</ele></trkpt>
      <trkpt lat="22.4706877660" lon="114.1689731278"><ele>301.000</ele></trkpt>
      <trkpt lat="22.4706967151" lon="114.1689717767"><ele>300.000</ele></trkpt>
      <trkpt lat="22.4707056525" lon="114.1689704247"><ele>300.000</ele></trkpt>
      <trkpt lat="22.4707145943" lon="114.1689690843"><ele>300.000</ele></trkpt>
      <trkpt lat="22.4707264006" lon="114.1689672977"><ele>300.000</ele></trkpt>
      <trkpt lat="22.4707350924" lon="114.1689672496"><ele>300.000</ele></trkpt>
      <trkpt lat="22.4707441228" lon="114.1689671995"><ele>300.000</ele></trkpt>
      <trkpt lat="22.4707531542" lon="114.1689671514"><ele>300.000</ele></trkpt>
      <trkpt lat="22.4707621864" lon="114.1689670916"><ele>300.000</ele></trkpt>
      <trkpt lat="22.4707712141" lon="114.1689670435"><ele>300.000</ele></trkpt>
      <trkpt lat="22.4707802445" lon="114.1689669935"><ele>300.000</ele></trkpt>
      <trkpt lat="22.4707892741" lon="114.1689669453"><ele>299.000</ele></trkpt>
      <trkpt lat="22.4707962320" lon="114.1689669051"><ele>299.000</ele></trkpt>
      <trkpt lat="22.4709124185" lon="114.1689705578"><ele>300.000</ele></trkpt>
      <trkpt lat="22.4709208981" lon="114.1689710023"><ele>301.000</ele></trkpt>
      <trkpt lat="22.4709299186" lon="114.1689714692"><ele>301.000</ele></trkpt>
      <trkpt lat="22.4709389392" lon="114.1689719438"><ele>301.000</ele></trkpt>
      <trkpt lat="22.4709479624" lon="114.1689724116"><ele>301.000</ele></trkpt>
      <trkpt lat="22.4709569829" lon="114.1689728756"><ele>301.000</ele></trkpt>
      <trkpt lat="22.4709659944" lon="114.1689733502"><ele>302.000</ele></trkpt>
      <trkpt lat="22.4709750176" lon="114.1689738180"><ele>302.000</ele></trkpt>
      <trkpt lat="22.4709840381" lon="114.1689742926"><ele>302.000</ele></trkpt>
      <trkpt lat="22.4709930604" lon="114.1689747595"><ele>302.000</ele></trkpt>
      <trkpt lat="22.4710020819" lon="114.1689752234"><ele>302.000</ele></trkpt>
      <trkpt lat="22.4710111024" lon="114.1689757010"><ele>304.000</ele></trkpt>
      <trkpt lat="22.4710201139" lon="114.1689761659"><ele>304.000</ele></trkpt>
      <trkpt lat="22.4710291362" lon="114.1689766425"><ele>304.000</ele></trkpt>
      <trkpt lat="22.4710383716" lon="114.1689771171"><ele>304.000</ele></trkpt>
      <trkpt lat="22.4710465369" lon="114.1689762217"><ele>304.000</ele></trkpt>
      <trkpt lat="22.4710555203" lon="114.1689752389"><ele>306.000</ele></trkpt>
      <trkpt lat="22.4710645064" lon="114.1689742580"><ele>306.000</ele></trkpt>
      <trkpt lat="22.4710734835" lon="114.1689732751"><ele>306.000</ele></trkpt>
      <trkpt lat="22.4710824670" lon="114.1689722942"><ele>306.000</ele></trkpt>
      <trkpt lat="22.4710914531" lon="114.1689713114"><ele>306.000</ele></trkpt>
      <trkpt lat="22.4711004383" lon="114.1689703305"><ele>307.000</ele></trkpt>
      <trkpt lat="22.4711094226" lon="114.1689693476"><ele>307.000</ele></trkpt>
      <trkpt lat="22.4711184079" lon="114.1689683667"><ele>307.000</ele></trkpt>
      <trkpt lat="22.4711273940" lon="114.1689673839"><ele>307.000</ele></trkpt>
      <trkpt lat="22.4711363801" lon="114.1689664039"><ele>307.000</ele></trkpt>
      <trkpt lat="22.4711537988" lon="114.1689644966"><ele>308.000</ele></trkpt>
      <trkpt lat="22.4711619017" lon="114.1689613480"><ele>308.000</ele></trkpt>
      <trkpt lat="22.4711703901" lon="114.1689580439"><ele>308.000</ele></trkpt>
      <trkpt lat="22.4711788885" lon="114.1689547398"><ele>308.000</ele></trkpt>
      <trkpt lat="22.4711873769" lon="114.1689514338"><ele>308.000</ele></trkpt>
      <trkpt lat="22.4711958680" lon="114.1689481297"><ele>310.000</ele></trkpt>
      <trkpt lat="22.4712043637" lon="114.1689448158"><ele>310.000</ele></trkpt>
      <trkpt lat="22.4712128503" lon="114.1689415127"><ele>310.000</ele></trkpt>
      <trkpt lat="22.4712213478" lon="114.1689382086"><ele>310.000</ele></trkpt>
      <trkpt lat="22.4712298372" lon="114.1689349045"><ele>310.000</ele></trkpt>
      <trkpt lat="22.4712383256" lon="114.1689316014"><ele>312.000</ele></trkpt>
      <trkpt lat="22.4712468240" lon="114.1689282973"><ele>312.000</ele></trkpt>
      <trkpt lat="22.4712553097" lon="114.1689249913"><ele>312.000</ele></trkpt>
      <trkpt lat="22.4712638108" lon="114.1689216872"><ele>312.000</ele></trkpt>
      <trkpt lat="22.4712710088" lon="114.1689188806"><ele>312.000</ele></trkpt>
      <trkpt lat="22.4712789915" lon="114.1689158039"><ele>312.000</ele></trkpt>
      <trkpt lat="22.4712874899" lon="114.1689125299"><ele>312.000</ele></trkpt>
      <trkpt lat="22.4712959946" lon="114.1689092560"><ele>312.000</ele></trkpt>
      <trkpt lat="22.4713045020" lon="114.1689059791"><ele>312.000</ele></trkpt>
      <trkpt lat="22.4713129995" lon="114.1689027051"><ele>312.000</ele></trkpt>
      <trkpt lat="22.4713215069" lon="114.1688994292"><ele>314.000</ele></trkpt>
      <trkpt lat="22.4713300052" lon="114.1688961552"><ele>316.000</ele></trkpt>
      <trkpt lat="22.4713384982" lon="114.1688928812"><ele>316.000</ele></trkpt>
      <trkpt lat="22.4713470056" lon="114.1688896169"><ele>316.000</ele></trkpt>
      <trkpt lat="22.4713555148" lon="114.1688863410"><ele>316.000</ele></trkpt>
      <trkpt lat="22.4713640105" lon="114.1688830641"><ele>316.000</ele></trkpt>
      <trkpt lat="22.4713725179" lon="114.1688797901"><ele>317.000</ele></trkpt>
      <trkpt lat="22.4713810162" lon="114.1688765162"><ele>317.000</ele></trkpt>
      <trkpt lat="22.4713895227" lon="114.1688732402"><ele>317.000</ele></trkpt>
      <trkpt lat="22.4713980184" lon="114.1688699653"><ele>317.000</ele></trkpt>
      <trkpt lat="22.4714065258" lon="114.1688666894"><ele>317.000</ele></trkpt>
      <trkpt lat="22.4714150242" lon="114.1688634154"><ele>318.000</ele></trkpt>
      <trkpt lat="22.4714235289" lon="114.1688601394"><ele>318.000</ele></trkpt>
      <trkpt lat="22.4714320272" lon="114.1688568655"><ele>318.000</ele></trkpt>
      <trkpt lat="22.4714405337" lon="114.1688535915"><ele>318.000</ele></trkpt>
      <trkpt lat="22.4714490321" lon="114.1688503146"><ele>320.000</ele></trkpt>
      <trkpt lat="22.4714575368" lon="114.1688470406"><ele>320.000</ele></trkpt>
      <trkpt lat="22.4714660352" lon="114.1688437647"><ele>322.000</ele></trkpt>
      <trkpt lat="22.4714745417" lon="114.1688404907"><ele>322.000</ele></trkpt>
      <trkpt lat="22.4714830400" lon="114.1688372167"><ele>322.000</ele></trkpt>
      <trkpt lat="22.4714915447" lon="114.1688339398"><ele>322.000</ele></trkpt>
      <trkpt lat="22.4715041672" lon="114.1688290788"><ele>322.000</ele></trkpt>
      <trkpt lat="22.4715049249" lon="114.1688287854"><ele>322.000</ele></trkpt>
      <trkpt lat="22.4715127225" lon="114.1688258495"><ele>324.000</ele></trkpt>
      <trkpt lat="22.4715212461" lon="114.1688226426"><ele>324.000</ele></trkpt>
      <trkpt lat="22.4715297716" lon="114.1688194366"><ele>324.000</ele></trkpt>
      <trkpt lat="22.4715382953" lon="114.1688162287"><ele>324.000</ele></trkpt>
      <trkpt lat="22.4715468207" lon="114.1688130227"><ele>324.000</ele></trkpt>
      <trkpt lat="22.4715553471" lon="114.1688098129"><ele>324.000</ele></trkpt>
      <trkpt lat="22.4715638608" lon="114.1688066069"><ele>324.000</ele></trkpt>
      <trkpt lat="22.4715723863" lon="114.1688033999"><ele>327.000</ele></trkpt>
      <trkpt lat="22.4715809099" lon="114.1688001930"><ele>327.000</ele></trkpt>
      <trkpt lat="22.4715894354" lon="114.1687969860"><ele>327.000</ele></trkpt>
      <trkpt lat="22.4715979591" lon="114.1687937791"><ele>329.000</ele></trkpt>
      <trkpt lat="22.4716064845" lon="114.1687905721"><ele>329.000</ele></trkpt>
      <trkpt lat="22.4716150082" lon="114.1687873662"><ele>329.000</ele></trkpt>
      <trkpt lat="22.4716235337" lon="114.1687841592"><ele>329.000</ele></trkpt>
      <trkpt lat="22.4716320600" lon="114.1687809523"><ele>329.000</ele></trkpt>
      <trkpt lat="22.4716405828" lon="114.1687777356"><ele>329.000</ele></trkpt>
      <trkpt lat="22.4716491064" lon="114.1687745286"><ele>332.000</ele></trkpt>
      <trkpt lat="22.4716576319" lon="114.1687713217"><ele>332.000</ele></trkpt>
      <trkpt lat="22.4716661556" lon="114.1687681147"><ele>332.000</ele></trkpt>
      <trkpt lat="22.4716746810" lon="114.1687649078"><ele>332.000</ele></trkpt>
      <trkpt lat="22.4716832047" lon="114.1687617018"><ele>332.000</ele></trkpt>
      <trkpt lat="22.4716977596" lon="114.1687562257"><ele>336.000</ele></trkpt>
      <trkpt lat="22.4717053792" lon="114.1687493401"><ele>336.000</ele></trkpt>
      <trkpt lat="22.4717122889" lon="114.1687430813"><ele>336.000</ele></trkpt>
      <trkpt lat="22.4717191960" lon="114.1687368351"><ele>336.000</ele></trkpt>
      <trkpt lat="22.4717261121" lon="114.1687305782"><ele>336.000</ele></trkpt>
      <trkpt lat="22.4717330291" lon="114.1687243300"><ele>339.000</ele></trkpt>
      <trkpt lat="22.4717399388" lon="114.1687180809"><ele>339.000</ele></trkpt>
      <trkpt lat="22.4717468549" lon="114.1687118221"><ele>339.000</ele></trkpt>
      <trkpt lat="22.4717537629" lon="114.1687055759"><ele>341.000</ele></trkpt>
      <trkpt lat="22.4717606790" lon="114.1686993171"><ele>341.000</ele></trkpt>
      <trkpt lat="22.4717687979" lon="114.1686919738"><ele>341.000</ele></trkpt>
      <trkpt lat="22.4717691302" lon="114.1686917202"><ele>341.000</ele></trkpt>
      <trkpt lat="22.4717693686" lon="114.1686915433"><ele>341.000</ele></trkpt>
      <trkpt lat="22.4717695763" lon="114.1686913966"><ele>341.000</ele></trkpt>
      <trkpt lat="22.4717697867" lon="114.1686912576"><ele>341.000</ele></trkpt>
      <trkpt lat="22.4717703881" lon="114.1686908786"><ele>341.000</ele></trkpt>
      <trkpt lat="22.4717705434" lon="114.1686907824"><ele>341.000</ele></trkpt>
      <trkpt lat="22.4717708739" lon="114.1686905900"><ele>341.000</ele></trkpt>
      <trkpt lat="22.4717710879" lon="114.1686904715"><ele>341.000</ele></trkpt>
      <trkpt lat="22.4717716523" lon="114.1686901848"><ele>341.000</ele></trkpt>
      <trkpt lat="22.4717718744" lon="114.1686900779"><ele>341.000</ele></trkpt>
      <trkpt lat="22.4717721769" lon="114.1686899438"><ele>341.000</ele></trkpt>
      <trkpt lat="22.4717724506" lon="114.1686898214"><ele>341.000</ele></trkpt>
      <trkpt lat="22.4717727368" lon="114.1686897047"><ele>341.000</ele></trkpt>
      <trkpt lat="22.4717729842" lon="114.1686896027"><ele>341.000</ele></trkpt>
      <trkpt lat="22.4717735432" lon="114.1686894064"><ele>341.000</ele></trkpt>
      <trkpt lat="22.4717738259" lon="114.1686893141"><ele>341.000</ele></trkpt>
      <trkpt lat="22.4717741239" lon="114.1686892198"><ele>341.000</ele></trkpt>
      <trkpt lat="22.4717743758" lon="114.1686891450"><ele>341.000</ele></trkpt>
      <trkpt lat="22.4717749881" lon="114.1686889836"><ele>341.000</ele></trkpt>
      <trkpt lat="22.4717752454" lon="114.1686889234"><ele>341.000</ele></trkpt>
      <trkpt lat="22.4717754992" lon="114.1686888690"><ele>341.000</ele></trkpt>
      <trkpt lat="22.4717758026" lon="114.1686888145"><ele>341.000</ele></trkpt>
      <trkpt lat="22.4717761141" lon="114.1686887591"><ele>341.000</ele></trkpt>
      <trkpt lat="22.4717763851" lon="114.1686887173"><ele>344.000</ele></trkpt>
      <trkpt lat="22.4717766388" lon="114.1686886823"><ele>344.000</ele></trkpt>
      <trkpt lat="22.4717772773" lon="114.1686886172"><ele>344.000</ele></trkpt>
      <trkpt lat="22.4717775292" lon="114.1686885977"><ele>344.000</ele></trkpt>
      <trkpt lat="22.4717778462" lon="114.1686885831"><ele>344.000</ele></trkpt>
      <trkpt lat="22.4717781044" lon="114.1686885676"><ele>344.000</ele></trkpt>
      <trkpt lat="22.4717784259" lon="114.1686885676"><ele>344.000</ele></trkpt>
      <trkpt lat="22.4717787447" lon="114.1686885607"><ele>344.000</ele></trkpt>
      <trkpt lat="22.4717789461" lon="114.1686885656"><ele>344.000</ele></trkpt>
      <trkpt lat="22.4717792649" lon="114.1686885831"><ele>344.000</ele></trkpt>
      <trkpt lat="22.4717795836" lon="114.1686885976"><ele>344.000</ele></trkpt>
      <trkpt lat="22.4717802203" lon="114.1686886471"><ele>344.000</ele></trkpt>
      <trkpt lat="22.4717804144" lon="114.1686886675"><ele>344.000</ele></trkpt>
      <trkpt lat="22.4717807404" lon="114.1686887171"><ele>344.000</ele></trkpt>
      <trkpt lat="22.4717810520" lon="114.1686887569"><ele>344.000</ele></trkpt>
      <trkpt lat="22.4717816092" lon="114.1686888589"><ele>344.000</ele></trkpt>
      <trkpt lat="22.4717818774" lon="114.1686889162"><ele>344.000</ele></trkpt>
      <trkpt lat="22.4717821989" lon="114.1686889900"><ele>344.000</ele></trkpt>
      <trkpt lat="22.4717824878" lon="114.1686890580"><ele>344.000</ele></trkpt>
      <trkpt lat="22.4717828409" lon="114.1686891542"><ele>344.000</ele></trkpt>
      <trkpt lat="22.4717829737" lon="114.1686891921"><ele>344.000</ele></trkpt>
      <trkpt lat="22.4717835932" lon="114.1686893932"><ele>344.000</ele></trkpt>
      <trkpt lat="22.4717841341" lon="114.1686895826"><ele>344.000</ele></trkpt>
      <trkpt lat="22.4717849640" lon="114.1686899256"><ele>344.000</ele></trkpt>
      <trkpt lat="22.4717851952" lon="114.1686900324"><ele>344.000</ele></trkpt>
      <trkpt lat="22.4717857614" lon="114.1686903064"><ele>344.000</ele></trkpt>
      <trkpt lat="22.4717863277" lon="114.1686906095"><ele>344.000</ele></trkpt>
      <trkpt lat="22.4717865173" lon="114.1686907164"><ele>344.000</ele></trkpt>
      <trkpt lat="22.4717867972" lon="114.1686908903"><ele>344.000</ele></trkpt>
      <trkpt lat="22.4717870862" lon="114.1686910594"><ele>344.000</ele></trkpt>
      <trkpt lat="22.4717872714" lon="114.1686911818"><ele>344.000</ele></trkpt>
      <trkpt lat="22.4717875441" lon="114.1686913654"><ele>344.000</ele></trkpt>
      <trkpt lat="22.4717877979" lon="114.1686915393"><ele>344.000</ele></trkpt>
      <trkpt lat="22.4717880390" lon="114.1686917161"><ele>344.000</ele></trkpt>
      <trkpt lat="22.4717882747" lon="114.1686918881"><ele>344.000</ele></trkpt>
      <trkpt lat="22.4717884851" lon="114.1686920572"><ele>344.000</ele></trkpt>
      <trkpt lat="22.4717887163" lon="114.1686922457"><ele>344.000</ele></trkpt>
      <trkpt lat="22.4717892112" lon="114.1686926615"><ele>344.000</ele></trkpt>
      <trkpt lat="22.4717893999" lon="114.1686928354"><ele>344.000</ele></trkpt>
      <trkpt lat="22.4717896266" lon="114.1686930472"><ele>344.000</ele></trkpt>
      <trkpt lat="22.4717900619" lon="114.1686934728"><ele>344.000</ele></trkpt>
      <trkpt lat="22.4717902741" lon="114.1686936982"><ele>344.000</ele></trkpt>
      <trkpt lat="22.4717905143" lon="114.1686939498"><ele>344.000</ele></trkpt>
      <trkpt lat="22.4717906579" lon="114.1686941092"><ele>344.000</ele></trkpt>
      <trkpt lat="22.4717908819" lon="114.1686943773"><ele>344.000</ele></trkpt>
      <trkpt lat="22.4717910878" lon="114.1686946115"><ele>344.000</ele></trkpt>
      <trkpt lat="22.4717912612" lon="114.1686948330"><ele>344.000</ele></trkpt>
      <trkpt lat="22.4717913127" lon="114.1686948971"><ele>344.000</ele></trkpt>
      <trkpt lat="22.4717914879" lon="114.1686951235"><ele>344.000</ele></trkpt>
      <trkpt lat="22.4717916820" lon="114.1686953703"><ele>344.000</ele></trkpt>
      <trkpt lat="22.4717918139" lon="114.1686955491"><ele>344.000</ele></trkpt>
      <trkpt lat="22.4717921860" lon="114.1686960961"><ele>344.000</ele></trkpt>
      <trkpt lat="22.4717923268" lon="114.1686963099"><ele>344.000</ele></trkpt>
      <trkpt lat="22.4717924587" lon="114.1686965246"><ele>344.000</ele></trkpt>
      <trkpt lat="22.4717925120" lon="114.1686966188"><ele>344.000</ele></trkpt>
      <trkpt lat="22.4717927224" lon="114.1686969570"><ele>344.000</ele></trkpt>
      <trkpt lat="22.4717974024" lon="114.1687044239"><ele>344.000</ele></trkpt>
      <trkpt lat="22.4718051032" lon="114.1687166789"><ele>342.000</ele></trkpt>
      <trkpt lat="22.4718164124" lon="114.1687070394"><ele>344.000</ele></trkpt>
      <trkpt lat="22.4718234902" lon="114.1687010050"><ele>347.000</ele></trkpt>
      <trkpt lat="22.4718305688" lon="114.1686949726"><ele>347.000</ele></trkpt>
      <trkpt lat="22.4718376493" lon="114.1686889469"><ele>347.000</ele></trkpt>
      <trkpt lat="22.4718447306" lon="114.1686829125"><ele>347.000</ele></trkpt>
      <trkpt lat="22.4718518084" lon="114.1686768772"><ele>347.000</ele></trkpt>
      <trkpt lat="22.4718609468" lon="114.1686690840"><ele>347.000</ele></trkpt>
      <trkpt lat="22.4718719620" lon="114.1686682924"><ele>349.000</ele></trkpt>
      <trkpt lat="22.4718809482" lon="114.1686676496"><ele>349.000</ele></trkpt>
      <trkpt lat="22.4718937903" lon="114.1686667287"><ele>349.000</ele></trkpt>
      <trkpt lat="22.4719029705" lon="114.1686634750"><ele>349.000</ele></trkpt>
      <trkpt lat="22.4719115402" lon="114.1686604323"><ele>349.000</ele></trkpt>
      <trkpt lat="22.4719201180" lon="114.1686573915"><ele>354.000</ele></trkpt>
      <trkpt lat="22.4719286995" lon="114.1686543487"><ele>354.000</ele></trkpt>
      <trkpt lat="22.4719372791" lon="114.1686512962"><ele>354.000</ele></trkpt>
      <trkpt lat="22.4719458462" lon="114.1686482564"><ele>354.000</ele></trkpt>
      <trkpt lat="22.4719544231" lon="114.1686452136"><ele>354.000</ele></trkpt>
      <trkpt lat="22.4719630036" lon="114.1686421709"><ele>354.000</ele></trkpt>
      <trkpt lat="22.4719715734" lon="114.1686391310"><ele>354.000</ele></trkpt>
      <trkpt lat="22.4719801503" lon="114.1686360883"><ele>354.000</ele></trkpt>
      <trkpt lat="22.4719887291" lon="114.1686330484"><ele>354.000</ele></trkpt>
      <trkpt lat="22.4719973123" lon="114.1686300056"><ele>354.000</ele></trkpt>
      <trkpt lat="22.4720058820" lon="114.1686269532"><ele>356.000</ele></trkpt>
      <trkpt lat="22.4720144563" lon="114.1686239123"><ele>356.000</ele></trkpt>
      <trkpt lat="22.4720259184" lon="114.1686198472"><ele>356.000</ele></trkpt>
      <trkpt lat="22.4721869202" lon="114.1685317885"><ele>358.000</ele></trkpt>
      <trkpt lat="22.4721955222" lon="114.1685270837"><ele>358.000</ele></trkpt>
      <trkpt lat="22.4722953700" lon="114.1684625081"><ele>360.000</ele></trkpt>
      <trkpt lat="22.4723582666" lon="114.1684565772"><ele>358.000</ele></trkpt>
      <trkpt lat="22.4723672085" lon="114.1684560063"><ele>358.000</ele></trkpt>
      <trkpt lat="22.4723762218" lon="114.1684554237"><ele>358.000</ele></trkpt>
      <trkpt lat="22.4723852332" lon="114.1684548490"><ele>358.000</ele></trkpt>
      <trkpt lat="22.4723954023" lon="114.1684541934"><ele>358.000</ele></trkpt>
      <trkpt lat="22.4724554584" lon="114.1684566608"><ele>358.000</ele></trkpt>
      <trkpt lat="22.4725649009" lon="114.1684933159"><ele>358.000</ele></trkpt>
      <trkpt lat="22.4726183598" lon="114.1685226403"><ele>360.000</ele></trkpt>
      <trkpt lat="22.4726259799" lon="114.1685275176"><ele>360.000</ele></trkpt>
      <trkpt lat="22.4726337472" lon="114.1685324823"><ele>360.000</ele></trkpt>
      <trkpt lat="22.4726415110" lon="114.1685374471"><ele>361.000</ele></trkpt>
      <trkpt lat="22.4726492674" lon="114.1685424089"><ele>361.000</ele></trkpt>
      <trkpt lat="22.4726570348" lon="114.1685473833"><ele>361.000</ele></trkpt>
      <trkpt lat="22.4726647940" lon="114.1685523500"><ele>361.000</ele></trkpt>
      <trkpt lat="22.4726725595" lon="114.1685573147"><ele>361.000</ele></trkpt>
      <trkpt lat="22.4726803178" lon="114.1685622795"><ele>364.000</ele></trkpt>
      <trkpt lat="22.4726880833" lon="114.1685672432"><ele>364.000</ele></trkpt>
      <trkpt lat="22.4726958398" lon="114.1685722079"><ele>364.000</ele></trkpt>
      <trkpt lat="22.4727036071" lon="114.1685771727"><ele>364.000</ele></trkpt>
      <trkpt lat="22.4727113636" lon="114.1685821374"><ele>364.000</ele></trkpt>
      <trkpt lat="22.4727191318" lon="114.1685871041"><ele>364.000</ele></trkpt>
      <trkpt lat="22.4727268856" lon="114.1685920659"><ele>365.000</ele></trkpt>
      <trkpt lat="22.4727346538" lon="114.1685970403"><ele>365.000</ele></trkpt>
      <trkpt lat="22.4727424121" lon="114.1686020080"><ele>365.000</ele></trkpt>
      <trkpt lat="22.4727501776" lon="114.1686069717"><ele>365.000</ele></trkpt>
      <trkpt lat="22.4727579359" lon="114.1686119365"><ele>365.000</ele></trkpt>
      <trkpt lat="22.4727657014" lon="114.1686169012"><ele>365.000</ele></trkpt>
      <trkpt lat="22.4727734606" lon="114.1686218660"><ele>368.000</ele></trkpt>
      <trkpt lat="22.4727812261" lon="114.1686268297"><ele>368.000</ele></trkpt>
      <trkpt lat="22.4727885889" lon="114.1686315409"><ele>368.000</ele></trkpt>
      <trkpt lat="22.4729338921" lon="114.1687469597"><ele>370.000</ele></trkpt>
      <trkpt lat="22.4729937918" lon="114.1687945399"><ele>370.000</ele></trkpt>
      <trkpt lat="22.4729993540" lon="114.1688014268"><ele>369.000</ele></trkpt>
      <trkpt lat="22.4730052774" lon="114.1688087625"><ele>368.000</ele></trkpt>
      <trkpt lat="22.4730111936" lon="114.1688160972"><ele>368.000</ele></trkpt>
      <trkpt lat="22.4730171188" lon="114.1688234349"><ele>368.000</ele></trkpt>
      <trkpt lat="22.4730230422" lon="114.1688307677"><ele>368.000</ele></trkpt>
      <trkpt lat="22.4730289566" lon="114.1688381054"><ele>368.000</ele></trkpt>
      <trkpt lat="22.4730348836" lon="114.1688454401"><ele>368.000</ele></trkpt>
      <trkpt lat="22.4730408071" lon="114.1688527778"><ele>366.000</ele></trkpt>
      <trkpt lat="22.4730467305" lon="114.1688601106"><ele>366.000</ele></trkpt>
      <trkpt lat="22.4730526467" lon="114.1688674482"><ele>366.000</ele></trkpt>
      <trkpt lat="22.4730585701" lon="114.1688747840"><ele>366.000</ele></trkpt>
      <trkpt lat="22.4730638180" lon="114.1688812860"><ele>366.000</ele></trkpt>
      <trkpt lat="22.4731113327" lon="114.1689400836"><ele>366.000</ele></trkpt>
      <trkpt lat="22.4731743761" lon="114.1690011599"><ele>366.000</ele></trkpt>
      <trkpt lat="22.4732002259" lon="114.1690418955"><ele>366.000</ele></trkpt>
      <trkpt lat="22.4732277036" lon="114.1690788434"><ele>366.000</ele></trkpt>
      <trkpt lat="22.4733133215" lon="114.1691451840"><ele>369.000</ele></trkpt>
      <trkpt lat="22.4733195861" lon="114.1691493356"><ele>369.000</ele></trkpt>
      <trkpt lat="22.4733272713" lon="114.1691544364"><ele>369.000</ele></trkpt>
      <trkpt lat="22.4733349555" lon="114.1691595353"><ele>369.000</ele></trkpt>
      <trkpt lat="22.4733426406" lon="114.1691646371"><ele>369.000</ele></trkpt>
      <trkpt lat="22.4733503267" lon="114.1691697379"><ele>369.000</ele></trkpt>
      <trkpt lat="22.4733580208" lon="114.1691748397"><ele>371.000</ele></trkpt>
      <trkpt lat="22.4733657051" lon="114.1691799405"><ele>371.000</ele></trkpt>
      <trkpt lat="22.4733741975" lon="114.1691855748"><ele>371.000</ele></trkpt>
      <trkpt lat="22.4733811763" lon="114.1691861836"><ele>371.000</ele></trkpt>
      <trkpt lat="22.4733901833" lon="114.1691869614"><ele>371.000</ele></trkpt>
      <trkpt lat="22.4733991857" lon="114.1691877373"><ele>371.000</ele></trkpt>
      <trkpt lat="22.4734081783" lon="114.1691885151"><ele>372.000</ele></trkpt>
      <trkpt lat="22.4734171807" lon="114.1691893007"><ele>372.000</ele></trkpt>
      <trkpt lat="22.4734261868" lon="114.1691900785"><ele>372.000</ele></trkpt>
      <trkpt lat="22.4734331944" lon="114.1691906834"><ele>372.000</ele></trkpt>
      <trkpt lat="22.4734426329" lon="114.1691885832"><ele>372.000</ele></trkpt>
      <trkpt lat="22.4734514827" lon="114.1691866199"><ele>374.000</ele></trkpt>
      <trkpt lat="22.4734603270" lon="114.1691846567"><ele>374.000</ele></trkpt>
      <trkpt lat="22.4734691676" lon="114.1691826837"><ele>374.000</ele></trkpt>
      <trkpt lat="22.4734780147" lon="114.1691807204"><ele>374.000</ele></trkpt>
      <trkpt lat="22.4734868572" lon="114.1691787572"><ele>374.000</ele></trkpt>
      <trkpt lat="22.4734956969" lon="114.1691767842"><ele>374.000</ele></trkpt>
      <trkpt lat="22.4735045449" lon="114.1691748219"><ele>374.000</ele></trkpt>
      <trkpt lat="22.4735133874" lon="114.1691728587"><ele>374.000</ele></trkpt>
      <trkpt lat="22.4735222299" lon="114.1691708954"><ele>374.000</ele></trkpt>
      <trkpt lat="22.4735310787" lon="114.1691689224"><ele>374.000</ele></trkpt>
      <trkpt lat="22.4735399167" lon="114.1691669592"><ele>376.000</ele></trkpt>
      <trkpt lat="22.4735487573" lon="114.1691649959"><ele>376.000</ele></trkpt>
      <trkpt lat="22.4735576089" lon="114.1691630327"><ele>376.000</ele></trkpt>
      <trkpt lat="22.4735664514" lon="114.1691610597"><ele>376.000</ele></trkpt>
      <trkpt lat="22.4735752893" lon="114.1691590964"><ele>376.000</ele></trkpt>
      <trkpt lat="22.4735841409" lon="114.1691571332"><ele>378.000</ele></trkpt>
      <trkpt lat="22.4735929807" lon="114.1691551602"><ele>378.000</ele></trkpt>
      <trkpt lat="22.4736018186" lon="114.1691531979"><ele>378.000</ele></trkpt>
      <trkpt lat="22.4736106684" lon="114.1691512337"><ele>378.000</ele></trkpt>
      <trkpt lat="22.4736195136" lon="114.1691492685"><ele>378.000</ele></trkpt>
      <trkpt lat="22.4736283534" lon="114.1691472955"><ele>379.000</ele></trkpt>
      <trkpt lat="22.4736372004" lon="114.1691453352"><ele>379.000</ele></trkpt>
      <trkpt lat="22.4736460411" lon="114.1691433700"><ele>378.000</ele></trkpt>
      <trkpt lat="22.4736548836" lon="114.1691414067"><ele>378.000</ele></trkpt>
      <trkpt lat="22.4736637351" lon="114.1691394337"><ele>378.000</ele></trkpt>
      <trkpt lat="22.4736725731" lon="114.1691374705"><ele>378.000</ele></trkpt>
      <trkpt lat="22.4736814128" lon="114.1691355072"><ele>380.000</ele></trkpt>
      <trkpt lat="22.4736902644" lon="114.1691335440"><ele>380.000</ele></trkpt>
      <trkpt lat="22.4736991069" lon="114.1691315710"><ele>380.000</ele></trkpt>
      <trkpt lat="22.4737079448" lon="114.1691296077"><ele>380.000</ele></trkpt>
      <trkpt lat="22.4737185419" lon="114.1691272518"><ele>381.000</ele></trkpt>
      <trkpt lat="22.4737275884" lon="114.1691236746"><ele>381.000</ele></trkpt>
      <trkpt lat="22.4737360579" lon="114.1691203209"><ele>381.000</ele></trkpt>
      <trkpt lat="22.4737445373" lon="114.1691169692"><ele>381.000</ele></trkpt>
      <trkpt lat="22.4737530077" lon="114.1691136164"><ele>381.000</ele></trkpt>
      <trkpt lat="22.4737614898" lon="114.1691102627"><ele>381.000</ele></trkpt>
      <trkpt lat="22.4737699602" lon="114.1691069013"><ele>382.000</ele></trkpt>
      <trkpt lat="22.4737784369" lon="114.1691035476"><ele>382.000</ele></trkpt>
      <trkpt lat="22.4737869073" lon="114.1691001968"><ele>382.000</ele></trkpt>
      <trkpt lat="22.4737953867" lon="114.1690968431"><ele>382.000</ele></trkpt>
      <trkpt lat="22.4738038570" lon="114.1690934894"><ele>384.000</ele></trkpt>
      <trkpt lat="22.4738123346" lon="114.1690901386"><ele>385.000</ele></trkpt>
      <trkpt lat="22.4738208159" lon="114.1690867849"><ele>385.000</ele></trkpt>
      <trkpt lat="22.4738292889" lon="114.1690834312"><ele>385.000</ele></trkpt>
      <trkpt lat="22.4738363506" lon="114.1690806324"><ele>385.000</ele></trkpt>
      <trkpt lat="22.4739692331" lon="114.1690027572"><ele>386.000</ele></trkpt>
      <trkpt lat="22.4740366958" lon="114.1689480008"><ele>386.000</ele></trkpt>
      <trkpt lat="22.4741111260" lon="114.1689406041"><ele>386.000</ele></trkpt>
      <trkpt lat="22.4742195399" lon="114.1689607349"><ele>388.000</ele></trkpt>
      <trkpt lat="22.4742713992" lon="114.1689847186"><ele>389.000</ele></trkpt>
      <trkpt lat="22.4742793957" lon="114.1689870609"><ele>389.000</ele></trkpt>
      <trkpt lat="22.4742881003" lon="114.1689896149"><ele>389.000</ele></trkpt>
      <trkpt lat="22.4742968157" lon="114.1689921719"><ele>389.000</ele></trkpt>
      <trkpt lat="22.4743055293" lon="114.1689947259"><ele>391.000</ele></trkpt>
      <trkpt lat="22.4743192981" lon="114.1689987644"><ele>391.000</ele></trkpt>
      <trkpt lat="22.4743270517" lon="114.1689991924"><ele>392.000</ele></trkpt>
      <trkpt lat="22.4743454702" lon="114.1690002136"><ele>392.000</ele></trkpt>
      <trkpt lat="22.4743544952" lon="114.1690007184"><ele>395.000</ele></trkpt>
      <trkpt lat="22.4743635067" lon="114.1690012124"><ele>395.000</ele></trkpt>
      <trkpt lat="22.4743727909" lon="114.1690017298"><ele>395.000</ele></trkpt>
      <trkpt lat="22.4743813834" lon="114.1690033530"><ele>395.000</ele></trkpt>
      <trkpt lat="22.4743902776" lon="114.1690050413"><ele>395.000</ele></trkpt>
      <trkpt lat="22.4743991753" lon="114.1690067227"><ele>398.000</ele></trkpt>
      <trkpt lat="22.4744080686" lon="114.1690084042"><ele>398.000</ele></trkpt>
      <trkpt lat="22.4744169528" lon="114.1690100944"><ele>398.000</ele></trkpt>
      <trkpt lat="22.4744258514" lon="114.1690117759"><ele>398.000</ele></trkpt>
      <trkpt lat="22.4744364397" lon="114.1690137799"><ele>398.000</ele></trkpt>
      <trkpt lat="22.4744430123" lon="114.1690185980"><ele>400.000</ele></trkpt>
      <trkpt lat="22.4744504798" lon="114.1690240671"><ele>400.000</ele></trkpt>
      <trkpt lat="22.4744579374" lon="114.1690295470"><ele>400.000</ele></trkpt>
      <trkpt lat="22.4744653995" lon="114.1690350190"><ele>400.000</ele></trkpt>
      <trkpt lat="22.4744728074" lon="114.1690404444"><ele>400.000</ele></trkpt>
      <trkpt lat="22.4744799507" lon="114.1690461818"><ele>400.000</ele></trkpt>
      <trkpt lat="22.4744871853" lon="114.1690520027"><ele>404.000</ele></trkpt>
      <trkpt lat="22.4744944280" lon="114.1690578129"><ele>404.000</ele></trkpt>
      <trkpt lat="22.4745016616" lon="114.1690636328"><ele>404.000</ele></trkpt>
      <trkpt lat="22.4745088935" lon="114.1690694411"><ele>404.000</ele></trkpt>
      <trkpt lat="22.4745161271" lon="114.1690752610"><ele>404.000</ele></trkpt>
      <trkpt lat="22.4745275366" lon="114.1690844242"><ele>404.000</ele></trkpt>
      <trkpt lat="22.4745346826" lon="114.1690903199"><ele>406.000</ele></trkpt>
      <trkpt lat="22.4745418440" lon="114.1690962292"><ele>406.000</ele></trkpt>
      <trkpt lat="22.4745490136" lon="114.1691021347"><ele>406.000</ele></trkpt>
      <trkpt lat="22.4745561759" lon="114.1691080518"><ele>406.000</ele></trkpt>
      <trkpt lat="22.4745633454" lon="114.1691139592"><ele>406.000</ele></trkpt>
      <trkpt lat="22.4745705077" lon="114.1691198763"><ele>406.000</ele></trkpt>
      <trkpt lat="22.4745776791" lon="114.1691257856"><ele>408.000</ele></trkpt>
      <trkpt lat="22.4745848477" lon="114.1691317008"><ele>408.000</ele></trkpt>
      <trkpt lat="22.4745939959" lon="114.1691392472"><ele>408.000</ele></trkpt>
      <trkpt lat="22.4746539087" lon="114.1691882076"><ele>409.000</ele></trkpt>
      <trkpt lat="22.4747571904" lon="114.1692411913"><ele>412.000</ele></trkpt>
      <trkpt lat="22.4748216387" lon="114.1692604902"><ele>411.000</ele></trkpt>
      <trkpt lat="22.4748938171" lon="114.1692414472"><ele>414.000</ele></trkpt>
      <trkpt lat="22.4749692389" lon="114.1691974144"><ele>414.000</ele></trkpt>
      <trkpt lat="22.4750163523" lon="114.1691769221"><ele>416.000</ele></trkpt>
      <trkpt lat="22.4750959026" lon="114.1691664479"><ele>416.000</ele></trkpt>
      <trkpt lat="22.4751246801" lon="114.1691717147"><ele>417.000</ele></trkpt>
      <trkpt lat="22.4752851733" lon="114.1692608437"><ele>416.000</ele></trkpt>
      <trkpt lat="22.4752862024" lon="114.1692614152"><ele>416.000</ele></trkpt>
      <trkpt lat="22.4753564605" lon="114.1692918230"><ele>418.000</ele></trkpt>
      <trkpt lat="22.4753792881" lon="114.1693017057"><ele>418.000</ele></trkpt>
      <trkpt lat="22.4753954967" lon="114.1693196887"><ele>418.000</ele></trkpt>
      <trkpt lat="22.4754136224" lon="114.1693550578"><ele>420.000</ele></trkpt>
      <trkpt lat="22.4754159239" lon="114.1693651195"><ele>420.000</ele></trkpt>
      <trkpt lat="22.4754196460" lon="114.1693813658"><ele>420.000</ele></trkpt>
      <trkpt lat="22.4754419733" lon="114.1694305714"><ele>422.000</ele></trkpt>
      <trkpt lat="22.4754441491" lon="114.1694393777"><ele>423.000</ele></trkpt>
      <trkpt lat="22.4754492803" lon="114.1694601306"><ele>423.000</ele></trkpt>
      <trkpt lat="22.4754518346" lon="114.1694705080"><ele>423.000</ele></trkpt>
      <trkpt lat="22.4754561266" lon="114.1694878629"><ele>425.000</ele></trkpt>
      <trkpt lat="22.4754838242" lon="114.1695357061"><ele>427.000</ele></trkpt>
      <trkpt lat="22.4754893151" lon="114.1695451806"><ele>427.000</ele></trkpt>
      <trkpt lat="22.4754942280" lon="114.1695536709"><ele>427.000</ele></trkpt>
      <trkpt lat="22.4755176579" lon="114.1696040339"><ele>428.000</ele></trkpt>
      <trkpt lat="22.4755357951" lon="114.1696347410"><ele>428.000</ele></trkpt>
      <trkpt lat="22.4755602228" lon="114.1696646646"><ele>428.000</ele></trkpt>
      <trkpt lat="22.4756053050" lon="114.1697166735"><ele>428.000</ele></trkpt>
      <trkpt lat="22.4756540165" lon="114.1697694761"><ele>428.000</ele></trkpt>
      <trkpt lat="22.4756925599" lon="114.1698044528"><ele>426.000</ele></trkpt>
      <trkpt lat="22.4757072721" lon="114.1698023085"><ele>427.000</ele></trkpt>
      <trkpt lat="22.4757145099" lon="114.1698410462"><ele>426.000</ele></trkpt>
      <trkpt lat="22.4757238152" lon="114.1699543041"><ele>426.000</ele></trkpt>
      <trkpt lat="22.4757207141" lon="114.1700375881"><ele>428.000</ele></trkpt>
      <trkpt lat="22.4757331149" lon="114.1701075390"><ele>428.000</ele></trkpt>
      <trkpt lat="22.4758198568" lon="114.1702008067"><ele>430.000</ele></trkpt>
      <trkpt lat="22.4759814208" lon="114.1702876674"><ele>430.000</ele></trkpt>
      <trkpt lat="22.4759871301" lon="114.1702907368"><ele>430.000</ele></trkpt>
      <trkpt lat="22.4761110506" lon="114.1703939930"><ele>430.000</ele></trkpt>
      <trkpt lat="22.4762037489" lon="114.1704653551"><ele>428.000</ele></trkpt>
      <trkpt lat="22.4762975439" lon="114.1704810999"><ele>426.000</ele></trkpt>
      <trkpt lat="22.4763492193" lon="114.1704743482"><ele>424.000</ele></trkpt>
      <trkpt lat="22.4765289824" lon="114.1704931289"><ele>422.000</ele></trkpt>
      <trkpt lat="22.4765368072" lon="114.1704939464"><ele>422.000</ele></trkpt>
      <trkpt lat="22.4766658501" lon="114.1705157967"><ele>422.000</ele></trkpt>
      <trkpt lat="22.4767608113" lon="114.1705173860"><ele>422.000</ele></trkpt>
      <trkpt lat="22.4768074010" lon="114.1705152996"><ele>422.000</ele></trkpt>
    </trkseg>
  </trk>
</gpx>
